paper_id,journal,journal_family,year,figure_number,image_path,route,image_width_px,image_height_px,figure_aspect,typeset_width_mm,width_evidence,width_assumption,n_panels_detected,n_text_lines,text_size_clusters_pt,smallest_cluster_pt,dominant_cluster_pt,largest_cluster_pt,text_evidence,stroke_pt_inferred,line_widths_pt_observed,coloured_fraction,n_hue_clusters,mean_saturation,dark_fraction,license_url
PMC10028007,Cell Metabolism,Cell,2023,1,PRIVATE_REFERENCE_ONLY/corpus/PMC10028007/figures/Fig1.jpg,web_jpeg,673,812,0.829,85.0,ESTIMATED,"assumed single column 85.0 mm (Cell Press figure guidelines (Wayback 2025-09-11), official_guidelines_audit.csv) because aspect <= 1.25",15,197,"[{""pt"": 2.0, ""n_lines"": 27}, {""pt"": 3.0, ""n_lines"": 158}]",2.0,3.0,3.0,ESTIMATED,,,0.0315,2,0.918,0.2226,http://creativecommons.org/licenses/by-nc-nd/4.0/
PMC10028007,Cell Metabolism,Cell,2023,2,PRIVATE_REFERENCE_ONLY/corpus/PMC10028007/figures/Fig2.jpg,web_jpeg,746,559,1.335,174.0,ESTIMATED,"assumed full width 174.0 mm (Cell Press figure guidelines (Wayback 2025-09-11), official_guidelines_audit.csv) because aspect > 1.25",10,132,"[{""pt"": 6.46, ""n_lines"": 119}]",6.46,6.46,6.46,ESTIMATED,,,0.0056,1,0.501,0.063,http://creativecommons.org/licenses/by-nc-nd/4.0/
PMC10028007,Cell Metabolism,Cell,2023,3,PRIVATE_REFERENCE_ONLY/corpus/PMC10028007/figures/Fig3.gif,web_jpeg,100,127,0.787,85.0,ESTIMATED,"assumed single column 85.0 mm (Cell Press figure guidelines (Wayback 2025-09-11), official_guidelines_audit.csv) because aspect <= 1.25",1,0,[],,,,ESTIMATED,,,0.0534,4,0.617,0.0987,http://creativecommons.org/licenses/by-nc-nd/4.0/
PMC10028007,Cell Metabolism,Cell,2023,4,PRIVATE_REFERENCE_ONLY/corpus/PMC10028007/figures/Fig4.jpg,web_jpeg,747,710,1.052,85.0,ESTIMATED,"assumed single column 85.0 mm (Cell Press figure guidelines (Wayback 2025-09-11), official_guidelines_audit.csv) because aspect <= 1.25",18,168,"[{""pt"": 2.25, ""n_lines"": 42}, {""pt"": 3.15, ""n_lines"": 123}]",2.25,3.15,3.15,ESTIMATED,3.55,,0.0473,3,0.63,0.1705,http://creativecommons.org/licenses/by-nc-nd/4.0/
PMC10028007,Cell Metabolism,Cell,2023,5,PRIVATE_REFERENCE_ONLY/corpus/PMC10028007/figures/Fig5.jpg,web_jpeg,749,854,0.877,85.0,ESTIMATED,"assumed single column 85.0 mm (Cell Press figure guidelines (Wayback 2025-09-11), official_guidelines_audit.csv) because aspect <= 1.25",10,216,"[{""pt"": 2.7, ""n_lines"": 190}]",2.7,2.7,2.7,ESTIMATED,4.18,,0.0565,2,0.663,0.1645,http://creativecommons.org/licenses/by-nc-nd/4.0/
PMC10028007,Cell Metabolism,Cell,2023,6,PRIVATE_REFERENCE_ONLY/corpus/PMC10028007/figures/Fig6.jpg,web_jpeg,790,1189,0.664,85.0,ESTIMATED,"assumed single column 85.0 mm (Cell Press figure guidelines (Wayback 2025-09-11), official_guidelines_audit.csv) because aspect <= 1.25",13,38,"[{""pt"": 2.56, ""n_lines"": 11}, {""pt"": 3.83, ""n_lines"": 23}]",2.56,3.83,3.83,ESTIMATED,,,0.1133,6,0.779,0.5605,http://creativecommons.org/licenses/by-nc-nd/4.0/
PMC10028007,Cell Metabolism,Cell,2023,7,PRIVATE_REFERENCE_ONLY/corpus/PMC10028007/figures/Fig7.gif,web_jpeg,100,136,0.735,85.0,ESTIMATED,"assumed single column 85.0 mm (Cell Press figure guidelines (Wayback 2025-09-11), official_guidelines_audit.csv) because aspect <= 1.25",1,0,[],,,,ESTIMATED,,,0.0515,3,0.6,0.1462,http://creativecommons.org/licenses/by-nc-nd/4.0/
PMC10171335,Cancer Cell,Cell,2023,1,PRIVATE_REFERENCE_ONLY/corpus/PMC10171335/figures/Fig1.jpg,web_jpeg,722,925,0.781,85.0,ESTIMATED,"assumed single column 85.0 mm (Cell Press figure guidelines (Wayback 2025-09-11), official_guidelines_audit.csv) because aspect <= 1.25",7,218,"[{""pt"": 2.33, ""n_lines"": 23}, {""pt"": 3.26, ""n_lines"": 61}, {""pt"": 4.19, ""n_lines"": 67}, {""pt"": 5.13, ""n_lines"": 33}]",2.33,4.19,5.13,ESTIMATED,,,0.1885,4,0.558,0.0581,http://creativecommons.org/licenses/by/4.0/
PMC10171335,Cancer Cell,Cell,2023,2,PRIVATE_REFERENCE_ONLY/corpus/PMC10171335/figures/Fig2.gif,web_jpeg,100,140,0.714,85.0,ESTIMATED,"assumed single column 85.0 mm (Cell Press figure guidelines (Wayback 2025-09-11), official_guidelines_audit.csv) because aspect <= 1.25",1,0,[],,,,ESTIMATED,,,0.1064,6,0.458,0.0112,http://creativecommons.org/licenses/by/4.0/
PMC10171335,Cancer Cell,Cell,2023,3,PRIVATE_REFERENCE_ONLY/corpus/PMC10171335/figures/Fig3.jpg,web_jpeg,729,999,0.73,85.0,ESTIMATED,"assumed single column 85.0 mm (Cell Press figure guidelines (Wayback 2025-09-11), official_guidelines_audit.csv) because aspect <= 1.25",5,198,"[{""pt"": 3.69, ""n_lines"": 145}, {""pt"": 4.62, ""n_lines"": 21}]",3.69,3.69,4.62,ESTIMATED,0.66,,0.0869,4,0.598,0.1214,http://creativecommons.org/licenses/by/4.0/
PMC10171335,Cancer Cell,Cell,2023,4,PRIVATE_REFERENCE_ONLY/corpus/PMC10171335/figures/Fig4.jpg,web_jpeg,794,1190,0.667,85.0,ESTIMATED,"assumed single column 85.0 mm (Cell Press figure guidelines (Wayback 2025-09-11), official_guidelines_audit.csv) because aspect <= 1.25",9,273,"[{""pt"": 2.12, ""n_lines"": 68}, {""pt"": 2.97, ""n_lines"": 100}, {""pt"": 3.81, ""n_lines"": 60}]",2.12,2.97,3.81,ESTIMATED,,,0.0749,3,0.746,0.0803,http://creativecommons.org/licenses/by/4.0/
PMC10171335,Cancer Cell,Cell,2023,5,PRIVATE_REFERENCE_ONLY/corpus/PMC10171335/figures/Fig5.gif,web_jpeg,100,132,0.758,85.0,ESTIMATED,"assumed single column 85.0 mm (Cell Press figure guidelines (Wayback 2025-09-11), official_guidelines_audit.csv) because aspect <= 1.25",1,1,[],,,,ESTIMATED,,,0.09,6,0.615,0.3536,http://creativecommons.org/licenses/by/4.0/
PMC10171335,Cancer Cell,Cell,2023,6,PRIVATE_REFERENCE_ONLY/corpus/PMC10171335/figures/Fig6.gif,web_jpeg,100,134,0.746,85.0,ESTIMATED,"assumed single column 85.0 mm (Cell Press figure guidelines (Wayback 2025-09-11), official_guidelines_audit.csv) because aspect <= 1.25",2,0,[],,,,ESTIMATED,,,0.119,3,0.551,0.0027,http://creativecommons.org/licenses/by/4.0/
PMC10171335,Cancer Cell,Cell,2023,7,PRIVATE_REFERENCE_ONLY/corpus/PMC10171335/figures/Fig7.gif,web_jpeg,100,120,0.833,85.0,ESTIMATED,"assumed single column 85.0 mm (Cell Press figure guidelines (Wayback 2025-09-11), official_guidelines_audit.csv) because aspect <= 1.25",2,0,[],,,,ESTIMATED,,,0.0406,4,0.433,0.1472,http://creativecommons.org/licenses/by/4.0/
PMC10206407,Cell Systems,Cell,2023,1,PRIVATE_REFERENCE_ONLY/corpus/PMC10206407/figures/Fig1.jpg,web_jpeg,748,921,0.812,85.0,ESTIMATED,"assumed single column 85.0 mm (Cell Press figure guidelines (Wayback 2025-09-11), official_guidelines_audit.csv) because aspect <= 1.25",7,184,"[{""pt"": 2.7, ""n_lines"": 111}, {""pt"": 3.6, ""n_lines"": 25}]",2.7,2.7,3.6,ESTIMATED,,,0.0469,3,0.671,0.1443,http://creativecommons.org/licenses/by-nc-nd/4.0/
PMC10206407,Cell Systems,Cell,2023,2,PRIVATE_REFERENCE_ONLY/corpus/PMC10206407/figures/Fig2.gif,web_jpeg,100,109,0.917,85.0,ESTIMATED,"assumed single column 85.0 mm (Cell Press figure guidelines (Wayback 2025-09-11), official_guidelines_audit.csv) because aspect <= 1.25",1,0,[],,,,ESTIMATED,,,0.0646,2,0.418,0.0111,http://creativecommons.org/licenses/by-nc-nd/4.0/
PMC10206407,Cell Systems,Cell,2023,3,PRIVATE_REFERENCE_ONLY/corpus/PMC10206407/figures/Fig3.jpg,web_jpeg,740,907,0.816,85.0,ESTIMATED,"assumed single column 85.0 mm (Cell Press figure guidelines (Wayback 2025-09-11), official_guidelines_audit.csv) because aspect <= 1.25",6,144,"[{""pt"": 2.27, ""n_lines"": 24}, {""pt"": 3.18, ""n_lines"": 100}]",2.27,3.18,3.18,ESTIMATED,0.33,,0.0438,3,0.45,0.087,http://creativecommons.org/licenses/by-nc-nd/4.0/
PMC10206407,Cell Systems,Cell,2023,4,PRIVATE_REFERENCE_ONLY/corpus/PMC10206407/figures/Fig4.jpg,web_jpeg,749,916,0.818,85.0,ESTIMATED,"assumed single column 85.0 mm (Cell Press figure guidelines (Wayback 2025-09-11), official_guidelines_audit.csv) because aspect <= 1.25",13,292,"[{""pt"": 2.25, ""n_lines"": 47}, {""pt"": 3.15, ""n_lines"": 213}]",2.25,3.15,3.15,ESTIMATED,1.61,,0.0605,4,0.568,0.055,http://creativecommons.org/licenses/by-nc-nd/4.0/
PMC10206407,Cell Systems,Cell,2023,5,PRIVATE_REFERENCE_ONLY/corpus/PMC10206407/figures/Fig5.gif,web_jpeg,100,105,0.952,85.0,ESTIMATED,"assumed single column 85.0 mm (Cell Press figure guidelines (Wayback 2025-09-11), official_guidelines_audit.csv) because aspect <= 1.25",3,0,[],,,,ESTIMATED,,,0.075,2,0.577,0.0898,http://creativecommons.org/licenses/by-nc-nd/4.0/
PMC10206407,Cell Systems,Cell,2023,6,PRIVATE_REFERENCE_ONLY/corpus/PMC10206407/figures/Fig6.gif,web_jpeg,100,94,1.064,85.0,ESTIMATED,"assumed single column 85.0 mm (Cell Press figure guidelines (Wayback 2025-09-11), official_guidelines_audit.csv) because aspect <= 1.25",1,0,[],,,,ESTIMATED,,,0.0397,6,0.584,0.0024,http://creativecommons.org/licenses/by-nc-nd/4.0/
PMC10206407,Cell Systems,Cell,2023,7,PRIVATE_REFERENCE_ONLY/corpus/PMC10206407/figures/Fig7.gif,web_jpeg,102,80,1.275,174.0,ESTIMATED,"assumed full width 174.0 mm (Cell Press figure guidelines (Wayback 2025-09-11), official_guidelines_audit.csv) because aspect > 1.25",4,0,[],,,,ESTIMATED,,,0.0061,3,0.574,0.0042,http://creativecommons.org/licenses/by-nc-nd/4.0/
PMC10432853,Cell Metabolism,Cell,2023,1,PRIVATE_REFERENCE_ONLY/corpus/PMC10432853/figures/Fig1.jpg,web_jpeg,762,1042,0.731,85.0,ESTIMATED,"assumed single column 85.0 mm (Cell Press figure guidelines (Wayback 2025-09-11), official_guidelines_audit.csv) because aspect <= 1.25",14,139,"[{""pt"": 1.77, ""n_lines"": 17}, {""pt"": 2.65, ""n_lines"": 74}, {""pt"": 3.53, ""n_lines"": 36}]",1.77,2.65,3.53,ESTIMATED,3.16,,0.039,3,0.663,0.054,http://creativecommons.org/licenses/by-nc-nd/4.0/
PMC10432853,Cell Metabolism,Cell,2023,2,PRIVATE_REFERENCE_ONLY/corpus/PMC10432853/figures/Fig2.gif,web_jpeg,100,142,0.704,85.0,ESTIMATED,"assumed single column 85.0 mm (Cell Press figure guidelines (Wayback 2025-09-11), official_guidelines_audit.csv) because aspect <= 1.25",7,0,[],,,,ESTIMATED,,,0.0668,3,0.547,0.031,http://creativecommons.org/licenses/by-nc-nd/4.0/
PMC10432853,Cell Metabolism,Cell,2023,3,PRIVATE_REFERENCE_ONLY/corpus/PMC10432853/figures/Fig3.gif,web_jpeg,100,134,0.746,85.0,ESTIMATED,"assumed single column 85.0 mm (Cell Press figure guidelines (Wayback 2025-09-11), official_guidelines_audit.csv) because aspect <= 1.25",4,0,[],,,,ESTIMATED,,,0.0801,3,0.458,0.0201,http://creativecommons.org/licenses/by-nc-nd/4.0/
PMC10432853,Cell Metabolism,Cell,2023,4,PRIVATE_REFERENCE_ONLY/corpus/PMC10432853/figures/Fig4.jpg,web_jpeg,761,1190,0.639,85.0,ESTIMATED,"assumed single column 85.0 mm (Cell Press figure guidelines (Wayback 2025-09-11), official_guidelines_audit.csv) because aspect <= 1.25",13,168,"[{""pt"": 2.65, ""n_lines"": 31}, {""pt"": 3.54, ""n_lines"": 108}]",2.65,3.54,3.54,ESTIMATED,,,0.0432,2,0.801,0.0721,http://creativecommons.org/licenses/by-nc-nd/4.0/
PMC10432853,Cell Metabolism,Cell,2023,5,PRIVATE_REFERENCE_ONLY/corpus/PMC10432853/figures/Fig5.jpg,web_jpeg,733,1019,0.719,85.0,ESTIMATED,"assumed single column 85.0 mm (Cell Press figure guidelines (Wayback 2025-09-11), official_guidelines_audit.csv) because aspect <= 1.25",12,158,"[{""pt"": 2.3, ""n_lines"": 23}, {""pt"": 3.21, ""n_lines"": 121}]",2.3,3.21,3.21,ESTIMATED,1.31,,0.0354,2,0.448,0.0427,http://creativecommons.org/licenses/by-nc-nd/4.0/
PMC10432853,Cell Metabolism,Cell,2023,6,PRIVATE_REFERENCE_ONLY/corpus/PMC10432853/figures/Fig6.gif,web_jpeg,100,142,0.704,85.0,ESTIMATED,"assumed single column 85.0 mm (Cell Press figure guidelines (Wayback 2025-09-11), official_guidelines_audit.csv) because aspect <= 1.25",4,1,[],,,,ESTIMATED,,,0.0142,3,0.418,0.0408,http://creativecommons.org/licenses/by-nc-nd/4.0/
PMC10487638,Cell Metabolism,Cell,2023,1,PRIVATE_REFERENCE_ONLY/corpus/PMC10487638/figures/Fig1.jpg,web_jpeg,726,1033,0.703,85.0,ESTIMATED,"assumed single column 85.0 mm (Cell Press figure guidelines (Wayback 2025-09-11), official_guidelines_audit.csv) because aspect <= 1.25",1,233,"[{""pt"": 1.85, ""n_lines"": 36}, {""pt"": 2.78, ""n_lines"": 165}]",1.85,2.78,2.78,ESTIMATED,,,0.02,7,0.711,0.0513,http://creativecommons.org/licenses/by-nc-nd/4.0/
PMC10487638,Cell Metabolism,Cell,2023,2,PRIVATE_REFERENCE_ONLY/corpus/PMC10487638/figures/Fig2.jpg,web_jpeg,738,899,0.821,85.0,ESTIMATED,"assumed single column 85.0 mm (Cell Press figure guidelines (Wayback 2025-09-11), official_guidelines_audit.csv) because aspect <= 1.25",5,246,"[{""pt"": 1.82, ""n_lines"": 40}, {""pt"": 2.74, ""n_lines"": 199}]",1.82,2.74,2.74,ESTIMATED,1.63,,0.0085,6,0.67,0.0343,http://creativecommons.org/licenses/by-nc-nd/4.0/
PMC10487638,Cell Metabolism,Cell,2023,3,PRIVATE_REFERENCE_ONLY/corpus/PMC10487638/figures/Fig3.gif,web_jpeg,100,127,0.787,85.0,ESTIMATED,"assumed single column 85.0 mm (Cell Press figure guidelines (Wayback 2025-09-11), official_guidelines_audit.csv) because aspect <= 1.25",6,0,[],,,,ESTIMATED,,,0.0044,4,0.442,0.0,http://creativecommons.org/licenses/by-nc-nd/4.0/
PMC10487638,Cell Metabolism,Cell,2023,4,PRIVATE_REFERENCE_ONLY/corpus/PMC10487638/figures/Fig4.jpg,web_jpeg,738,706,1.045,85.0,ESTIMATED,"assumed single column 85.0 mm (Cell Press figure guidelines (Wayback 2025-09-11), official_guidelines_audit.csv) because aspect <= 1.25",13,92,"[{""pt"": 3.19, ""n_lines"": 79}]",3.19,3.19,3.19,ESTIMATED,,,0.0143,3,0.549,0.0342,http://creativecommons.org/licenses/by-nc-nd/4.0/
PMC10487638,Cell Metabolism,Cell,2023,5,PRIVATE_REFERENCE_ONLY/corpus/PMC10487638/figures/Fig5.jpg,web_jpeg,710,1039,0.683,85.0,ESTIMATED,"assumed single column 85.0 mm (Cell Press figure guidelines (Wayback 2025-09-11), official_guidelines_audit.csv) because aspect <= 1.25",8,127,"[{""pt"": 2.37, ""n_lines"": 18}, {""pt"": 3.32, ""n_lines"": 90}]",2.37,3.32,3.32,ESTIMATED,,,0.0548,2,0.615,0.0488,http://creativecommons.org/licenses/by-nc-nd/4.0/
PMC10487638,Cell Metabolism,Cell,2023,6,PRIVATE_REFERENCE_ONLY/corpus/PMC10487638/figures/Fig6.jpg,web_jpeg,726,1015,0.715,85.0,ESTIMATED,"assumed single column 85.0 mm (Cell Press figure guidelines (Wayback 2025-09-11), official_guidelines_audit.csv) because aspect <= 1.25",10,263,"[{""pt"": 2.78, ""n_lines"": 217}]",2.78,2.78,2.78,ESTIMATED,,,0.0149,4,0.616,0.0384,http://creativecommons.org/licenses/by-nc-nd/4.0/
PMC10487638,Cell Metabolism,Cell,2023,7,PRIVATE_REFERENCE_ONLY/corpus/PMC10487638/figures/Fig7.gif,web_jpeg,100,145,0.69,85.0,ESTIMATED,"assumed single column 85.0 mm (Cell Press figure guidelines (Wayback 2025-09-11), official_guidelines_audit.csv) because aspect <= 1.25",3,1,[],,,,ESTIMATED,,,0.0063,2,0.445,0.0034,http://creativecommons.org/licenses/by-nc-nd/4.0/
PMC10507381,Cancer Cell,Cell,2023,1,PRIVATE_REFERENCE_ONLY/corpus/PMC10507381/figures/Fig1.jpg,web_jpeg,737,576,1.28,174.0,ESTIMATED,"assumed full width 174.0 mm (Cell Press figure guidelines (Wayback 2025-09-11), official_guidelines_audit.csv) because aspect > 1.25",8,126,"[{""pt"": 6.54, ""n_lines"": 103}]",6.54,6.54,6.54,ESTIMATED,,,0.0912,4,0.449,0.0779,http://creativecommons.org/licenses/by/4.0/
PMC10507381,Cancer Cell,Cell,2023,2,PRIVATE_REFERENCE_ONLY/corpus/PMC10507381/figures/Fig2.jpg,web_jpeg,747,344,2.172,174.0,ESTIMATED,"assumed full width 174.0 mm (Cell Press figure guidelines (Wayback 2025-09-11), official_guidelines_audit.csv) because aspect > 1.25",1,1,[],,,,ESTIMATED,,,0.2482,1,0.726,0.0909,http://creativecommons.org/licenses/by/4.0/
PMC10507381,Cancer Cell,Cell,2023,3,PRIVATE_REFERENCE_ONLY/corpus/PMC10507381/figures/Fig3.jpg,web_jpeg,755,787,0.959,85.0,ESTIMATED,"assumed single column 85.0 mm (Cell Press figure guidelines (Wayback 2025-09-11), official_guidelines_audit.csv) because aspect <= 1.25",1,64,"[{""pt"": 2.23, ""n_lines"": 22}, {""pt"": 3.12, ""n_lines"": 9}, {""pt"": 4.01, ""n_lines"": 16}]",2.23,2.23,4.01,ESTIMATED,3.83,,0.2904,3,0.504,0.1591,http://creativecommons.org/licenses/by/4.0/
PMC10507381,Cancer Cell,Cell,2023,4,PRIVATE_REFERENCE_ONLY/corpus/PMC10507381/figures/Fig4.jpg,web_jpeg,758,386,1.964,174.0,ESTIMATED,"assumed full width 174.0 mm (Cell Press figure guidelines (Wayback 2025-09-11), official_guidelines_audit.csv) because aspect > 1.25",1,24,"[{""pt"": 2.73, ""n_lines"": 3}, {""pt"": 4.54, ""n_lines"": 10}, {""pt"": 8.18, ""n_lines"": 5}]",2.73,4.54,8.18,ESTIMATED,,,0.069,3,0.471,0.0258,http://creativecommons.org/licenses/by/4.0/
PMC10507381,Cancer Cell,Cell,2023,5,PRIVATE_REFERENCE_ONLY/corpus/PMC10507381/figures/Fig5.jpg,web_jpeg,748,231,3.238,174.0,ESTIMATED,"assumed full width 174.0 mm (Cell Press figure guidelines (Wayback 2025-09-11), official_guidelines_audit.csv) because aspect > 1.25",15,22,"[{""pt"": 8.29, ""n_lines"": 13}, {""pt"": 17.5, ""n_lines"": 9}]",8.29,8.29,17.5,ESTIMATED,,,0.1106,1,0.468,0.0712,http://creativecommons.org/licenses/by/4.0/
PMC10659931,Molecular Cell,Cell,2023,1,PRIVATE_REFERENCE_ONLY/corpus/PMC10659931/figures/Fig1.jpg,web_jpeg,746,786,0.949,85.0,ESTIMATED,"assumed single column 85.0 mm (Cell Press figure guidelines (Wayback 2025-09-11), official_guidelines_audit.csv) because aspect <= 1.25",8,223,"[{""pt"": 2.26, ""n_lines"": 34}, {""pt"": 3.16, ""n_lines"": 175}]",2.26,3.16,3.16,ESTIMATED,,,0.0139,4,0.544,0.0497,http://creativecommons.org/licenses/by/4.0/
PMC10659931,Molecular Cell,Cell,2023,2,PRIVATE_REFERENCE_ONLY/corpus/PMC10659931/figures/Fig2.gif,web_jpeg,100,98,1.02,85.0,ESTIMATED,"assumed single column 85.0 mm (Cell Press figure guidelines (Wayback 2025-09-11), official_guidelines_audit.csv) because aspect <= 1.25",1,0,[],,,,ESTIMATED,,,0.0137,3,0.508,0.0377,http://creativecommons.org/licenses/by/4.0/
PMC10659931,Molecular Cell,Cell,2023,3,PRIVATE_REFERENCE_ONLY/corpus/PMC10659931/figures/Fig3.jpg,web_jpeg,746,840,0.888,85.0,ESTIMATED,"assumed single column 85.0 mm (Cell Press figure guidelines (Wayback 2025-09-11), official_guidelines_audit.csv) because aspect <= 1.25",10,181,"[{""pt"": 2.26, ""n_lines"": 41}, {""pt"": 3.16, ""n_lines"": 133}]",2.26,3.16,3.16,ESTIMATED,0.32,,0.0257,5,0.599,0.139,http://creativecommons.org/licenses/by/4.0/
PMC10659931,Molecular Cell,Cell,2023,4,PRIVATE_REFERENCE_ONLY/corpus/PMC10659931/figures/Fig4.jpg,web_jpeg,743,504,1.474,174.0,ESTIMATED,"assumed full width 174.0 mm (Cell Press figure guidelines (Wayback 2025-09-11), official_guidelines_audit.csv) because aspect > 1.25",6,141,"[{""pt"": 3.71, ""n_lines"": 21}, {""pt"": 6.49, ""n_lines"": 116}]",3.71,6.49,6.49,ESTIMATED,1.33,,0.0147,4,0.561,0.0378,http://creativecommons.org/licenses/by/4.0/
PMC10659931,Molecular Cell,Cell,2023,5,PRIVATE_REFERENCE_ONLY/corpus/PMC10659931/figures/Fig5.gif,web_jpeg,100,84,1.19,85.0,ESTIMATED,"assumed single column 85.0 mm (Cell Press figure guidelines (Wayback 2025-09-11), official_guidelines_audit.csv) because aspect <= 1.25",1,0,[],,,,ESTIMATED,,,0.0289,3,0.583,0.2332,http://creativecommons.org/licenses/by/4.0/
PMC10659931,Molecular Cell,Cell,2023,6,PRIVATE_REFERENCE_ONLY/corpus/PMC10659931/figures/Fig6.gif,web_jpeg,100,98,1.02,85.0,ESTIMATED,"assumed single column 85.0 mm (Cell Press figure guidelines (Wayback 2025-09-11), official_guidelines_audit.csv) because aspect <= 1.25",1,0,[],,,,ESTIMATED,,,0.051,4,0.55,0.2899,http://creativecommons.org/licenses/by/4.0/
PMC10722468,Cell Metabolism,Cell,2023,1,PRIVATE_REFERENCE_ONLY/corpus/PMC10722468/figures/Fig1.jpg,web_jpeg,754,879,0.858,85.0,ESTIMATED,"assumed single column 85.0 mm (Cell Press figure guidelines (Wayback 2025-09-11), official_guidelines_audit.csv) because aspect <= 1.25",13,149,"[{""pt"": 2.23, ""n_lines"": 39}, {""pt"": 3.12, ""n_lines"": 100}]",2.23,3.12,3.12,ESTIMATED,,,0.0488,3,0.691,0.1521,http://creativecommons.org/licenses/by/4.0/
PMC10722468,Cell Metabolism,Cell,2023,2,PRIVATE_REFERENCE_ONLY/corpus/PMC10722468/figures/Fig2.jpg,web_jpeg,753,915,0.823,85.0,ESTIMATED,"assumed single column 85.0 mm (Cell Press figure guidelines (Wayback 2025-09-11), official_guidelines_audit.csv) because aspect <= 1.25",12,164,"[{""pt"": 2.23, ""n_lines"": 43}, {""pt"": 3.13, ""n_lines"": 112}]",2.23,3.13,3.13,ESTIMATED,,,0.0348,4,0.791,0.2253,http://creativecommons.org/licenses/by/4.0/
PMC10722468,Cell Metabolism,Cell,2023,3,PRIVATE_REFERENCE_ONLY/corpus/PMC10722468/figures/Fig3.jpg,web_jpeg,748,921,0.812,85.0,ESTIMATED,"assumed single column 85.0 mm (Cell Press figure guidelines (Wayback 2025-09-11), official_guidelines_audit.csv) because aspect <= 1.25",16,204,"[{""pt"": 2.25, ""n_lines"": 33}, {""pt"": 3.15, ""n_lines"": 129}]",2.25,3.15,3.15,ESTIMATED,,,0.0336,3,0.692,0.0861,http://creativecommons.org/licenses/by/4.0/
PMC10722468,Cell Metabolism,Cell,2023,4,PRIVATE_REFERENCE_ONLY/corpus/PMC10722468/figures/Fig4.jpg,web_jpeg,778,1043,0.746,85.0,ESTIMATED,"assumed single column 85.0 mm (Cell Press figure guidelines (Wayback 2025-09-11), official_guidelines_audit.csv) because aspect <= 1.25",7,247,"[{""pt"": 1.73, ""n_lines"": 43}, {""pt"": 2.6, ""n_lines"": 134}, {""pt"": 3.46, ""n_lines"": 57}]",1.73,2.6,3.46,ESTIMATED,,,0.031,4,0.587,0.0657,http://creativecommons.org/licenses/by/4.0/
PMC10722468,Cell Metabolism,Cell,2023,5,PRIVATE_REFERENCE_ONLY/corpus/PMC10722468/figures/Fig5.jpg,web_jpeg,754,690,1.093,85.0,ESTIMATED,"assumed single column 85.0 mm (Cell Press figure guidelines (Wayback 2025-09-11), official_guidelines_audit.csv) because aspect <= 1.25",15,180,"[{""pt"": 2.23, ""n_lines"": 45}, {""pt"": 3.12, ""n_lines"": 108}]",2.23,3.12,3.12,ESTIMATED,0.32,,0.1026,1,0.588,0.0722,http://creativecommons.org/licenses/by/4.0/
PMC10722468,Cell Metabolism,Cell,2023,6,PRIVATE_REFERENCE_ONLY/corpus/PMC10722468/figures/Fig6.jpg,web_jpeg,762,1055,0.722,85.0,ESTIMATED,"assumed single column 85.0 mm (Cell Press figure guidelines (Wayback 2025-09-11), official_guidelines_audit.csv) because aspect <= 1.25",21,234,"[{""pt"": 2.21, ""n_lines"": 38}, {""pt"": 3.09, ""n_lines"": 152}]",2.21,3.09,3.09,ESTIMATED,1.9,,0.0396,4,0.826,0.1628,http://creativecommons.org/licenses/by/4.0/
PMC10722468,Cell Metabolism,Cell,2023,7,PRIVATE_REFERENCE_ONLY/corpus/PMC10722468/figures/Fig7.gif,web_jpeg,155,80,1.938,174.0,ESTIMATED,"assumed full width 174.0 mm (Cell Press figure guidelines (Wayback 2025-09-11), official_guidelines_audit.csv) because aspect > 1.25",7,0,[],,,,ESTIMATED,,,0.0865,3,0.354,0.0048,http://creativecommons.org/licenses/by/4.0/
PMC10752370,Cell Systems,Cell,2023,1,PRIVATE_REFERENCE_ONLY/corpus/PMC10752370/figures/Fig1.jpg,web_jpeg,740,446,1.659,174.0,ESTIMATED,"assumed full width 174.0 mm (Cell Press figure guidelines (Wayback 2025-09-11), official_guidelines_audit.csv) because aspect > 1.25",8,99,"[{""pt"": 6.52, ""n_lines"": 66}, {""pt"": 8.38, ""n_lines"": 10}]",6.52,6.52,8.38,ESTIMATED,8.66,,0.0614,6,0.8,0.1106,http://creativecommons.org/licenses/by/4.0/
PMC10752370,Cell Systems,Cell,2023,2,PRIVATE_REFERENCE_ONLY/corpus/PMC10752370/figures/Fig2.gif,web_jpeg,200,66,3.03,174.0,ESTIMATED,"assumed full width 174.0 mm (Cell Press figure guidelines (Wayback 2025-09-11), official_guidelines_audit.csv) because aspect > 1.25",3,0,[],,,,ESTIMATED,,,0.0395,6,0.468,0.0111,http://creativecommons.org/licenses/by/4.0/
PMC10752370,Cell Systems,Cell,2023,3,PRIVATE_REFERENCE_ONLY/corpus/PMC10752370/figures/Fig3.jpg,web_jpeg,749,927,0.808,85.0,ESTIMATED,"assumed single column 85.0 mm (Cell Press figure guidelines (Wayback 2025-09-11), official_guidelines_audit.csv) because aspect <= 1.25",8,106,"[{""pt"": 2.25, ""n_lines"": 15}, {""pt"": 3.59, ""n_lines"": 72}]",2.25,3.59,3.59,ESTIMATED,2.25,,0.2243,6,0.746,0.1242,http://creativecommons.org/licenses/by/4.0/
PMC10752370,Cell Systems,Cell,2023,4,PRIVATE_REFERENCE_ONLY/corpus/PMC10752370/figures/Fig4.jpg,web_jpeg,727,724,1.004,85.0,ESTIMATED,"assumed single column 85.0 mm (Cell Press figure guidelines (Wayback 2025-09-11), official_guidelines_audit.csv) because aspect <= 1.25",4,91,"[{""pt"": 3.7, ""n_lines"": 12}, {""pt"": 5.09, ""n_lines"": 69}]",3.7,5.09,5.09,ESTIMATED,0.99,,0.051,5,0.633,0.0584,http://creativecommons.org/licenses/by/4.0/
PMC10752370,Cell Systems,Cell,2023,5,PRIVATE_REFERENCE_ONLY/corpus/PMC10752370/figures/Fig5.gif,web_jpeg,109,80,1.363,174.0,ESTIMATED,"assumed full width 174.0 mm (Cell Press figure guidelines (Wayback 2025-09-11), official_guidelines_audit.csv) because aspect > 1.25",1,2,[],,,,ESTIMATED,,,0.1632,6,0.635,0.0266,http://creativecommons.org/licenses/by/4.0/
PMC10754148,Cell,Cell,2023,1,PRIVATE_REFERENCE_ONLY/corpus/PMC10754148/figures/Fig1.gif,web_jpeg,100,125,0.8,85.0,ESTIMATED,"assumed single column 85.0 mm (Cell Press figure guidelines (Wayback 2025-09-11), official_guidelines_audit.csv) because aspect <= 1.25",1,0,[],,,,ESTIMATED,,,0.0342,3,0.723,0.3901,http://creativecommons.org/licenses/by-nc-nd/4.0/
PMC10754148,Cell,Cell,2023,2,PRIVATE_REFERENCE_ONLY/corpus/PMC10754148/figures/Fig2.gif,web_jpeg,100,105,0.952,85.0,ESTIMATED,"assumed single column 85.0 mm (Cell Press figure guidelines (Wayback 2025-09-11), official_guidelines_audit.csv) because aspect <= 1.25",1,0,[],,,,ESTIMATED,,,0.0318,3,0.709,0.2203,http://creativecommons.org/licenses/by-nc-nd/4.0/
PMC10754148,Cell,Cell,2023,3,PRIVATE_REFERENCE_ONLY/corpus/PMC10754148/figures/Fig3.jpg,web_jpeg,748,474,1.578,174.0,ESTIMATED,"assumed full width 174.0 mm (Cell Press figure guidelines (Wayback 2025-09-11), official_guidelines_audit.csv) because aspect > 1.25",1,80,"[{""pt"": 4.6, ""n_lines"": 79}]",4.6,4.6,4.6,ESTIMATED,3.3,,0.0087,6,0.498,0.0222,http://creativecommons.org/licenses/by-nc-nd/4.0/
PMC10754148,Cell,Cell,2023,4,PRIVATE_REFERENCE_ONLY/corpus/PMC10754148/figures/Fig4.gif,web_jpeg,100,81,1.235,85.0,ESTIMATED,"assumed single column 85.0 mm (Cell Press figure guidelines (Wayback 2025-09-11), official_guidelines_audit.csv) because aspect <= 1.25",1,0,[],,,,ESTIMATED,,,0.0157,2,0.357,0.0,http://creativecommons.org/licenses/by-nc-nd/4.0/
PMC10754148,Cell,Cell,2023,5,PRIVATE_REFERENCE_ONLY/corpus/PMC10754148/figures/Fig5.gif,web_jpeg,100,133,0.752,85.0,ESTIMATED,"assumed single column 85.0 mm (Cell Press figure guidelines (Wayback 2025-09-11), official_guidelines_audit.csv) because aspect <= 1.25",1,0,[],,,,ESTIMATED,,,0.0337,3,0.554,0.1886,http://creativecommons.org/licenses/by-nc-nd/4.0/
PMC10754148,Cell,Cell,2023,6,PRIVATE_REFERENCE_ONLY/corpus/PMC10754148/figures/Fig6.gif,web_jpeg,133,79,1.684,174.0,ESTIMATED,"assumed full width 174.0 mm (Cell Press figure guidelines (Wayback 2025-09-11), official_guidelines_audit.csv) because aspect > 1.25",2,4,"[{""pt"": 15.54, ""n_lines"": 4}]",15.54,15.54,15.54,ESTIMATED,,,0.0097,2,0.411,0.016,http://creativecommons.org/licenses/by-nc-nd/4.0/
PMC10754148,Cell,Cell,2023,7,PRIVATE_REFERENCE_ONLY/corpus/PMC10754148/figures/Fig7.gif,web_jpeg,102,79,1.291,174.0,ESTIMATED,"assumed full width 174.0 mm (Cell Press figure guidelines (Wayback 2025-09-11), official_guidelines_audit.csv) because aspect > 1.25",1,0,[],,,,ESTIMATED,,,0.0551,3,0.811,0.2074,http://creativecommons.org/licenses/by-nc-nd/4.0/
PMC10783624,Cell,Cell,2024,1,PRIVATE_REFERENCE_ONLY/corpus/PMC10783624/figures/Fig1.jpg,web_jpeg,756,330,2.291,174.0,ESTIMATED,"assumed full width 174.0 mm (Cell Press figure guidelines (Wayback 2025-09-11), official_guidelines_audit.csv) because aspect > 1.25",1,49,"[{""pt"": 5.01, ""n_lines"": 40}]",5.01,5.01,5.01,ESTIMATED,5.22,,0.19,4,0.509,0.2098,http://creativecommons.org/licenses/by-nc/4.0/
PMC10783624,Cell,Cell,2024,2,PRIVATE_REFERENCE_ONLY/corpus/PMC10783624/figures/Fig2.gif,web_jpeg,147,80,1.837,174.0,ESTIMATED,"assumed full width 174.0 mm (Cell Press figure guidelines (Wayback 2025-09-11), official_guidelines_audit.csv) because aspect > 1.25",1,0,[],,,,ESTIMATED,,,0.0143,3,0.397,0.006,http://creativecommons.org/licenses/by-nc/4.0/
PMC10783624,Cell,Cell,2024,3,PRIVATE_REFERENCE_ONLY/corpus/PMC10783624/figures/Fig3.gif,web_jpeg,100,118,0.847,85.0,ESTIMATED,"assumed single column 85.0 mm (Cell Press figure guidelines (Wayback 2025-09-11), official_guidelines_audit.csv) because aspect <= 1.25",1,0,[],,,,ESTIMATED,,,0.0241,1,0.39,0.0019,http://creativecommons.org/licenses/by-nc/4.0/
PMC10783624,Cell,Cell,2024,4,PRIVATE_REFERENCE_ONLY/corpus/PMC10783624/figures/Fig4.gif,web_jpeg,100,118,0.847,85.0,ESTIMATED,"assumed single column 85.0 mm (Cell Press figure guidelines (Wayback 2025-09-11), official_guidelines_audit.csv) because aspect <= 1.25",1,0,[],,,,ESTIMATED,,,0.0552,3,0.42,0.0053,http://creativecommons.org/licenses/by-nc/4.0/
PMC10783624,Cell,Cell,2024,5,PRIVATE_REFERENCE_ONLY/corpus/PMC10783624/figures/Fig5.gif,web_jpeg,100,112,0.893,85.0,ESTIMATED,"assumed single column 85.0 mm (Cell Press figure guidelines (Wayback 2025-09-11), official_guidelines_audit.csv) because aspect <= 1.25",1,0,[],,,,ESTIMATED,,,0.0811,3,0.534,0.3103,http://creativecommons.org/licenses/by-nc/4.0/
PMC10783624,Cell,Cell,2024,6,PRIVATE_REFERENCE_ONLY/corpus/PMC10783624/figures/Fig6.jpg,web_jpeg,756,601,1.258,174.0,ESTIMATED,"assumed full width 174.0 mm (Cell Press figure guidelines (Wayback 2025-09-11), official_guidelines_audit.csv) because aspect > 1.25",1,177,"[{""pt"": 3.19, ""n_lines"": 42}, {""pt"": 5.47, ""n_lines"": 116}]",3.19,5.47,5.47,ESTIMATED,1.3,,0.052,2,0.472,0.0542,http://creativecommons.org/licenses/by-nc/4.0/
PMC10783624,Cell,Cell,2024,7,PRIVATE_REFERENCE_ONLY/corpus/PMC10783624/figures/Fig7.jpg,web_jpeg,726,802,0.905,85.0,ESTIMATED,"assumed single column 85.0 mm (Cell Press figure guidelines (Wayback 2025-09-11), official_guidelines_audit.csv) because aspect <= 1.25",3,59,"[{""pt"": 4.17, ""n_lines"": 51}]",4.17,4.17,4.17,ESTIMATED,0.33,,0.1855,4,0.726,0.3056,http://creativecommons.org/licenses/by-nc/4.0/
PMC10804999,Molecular Cell,Cell,2024,1,PRIVATE_REFERENCE_ONLY/corpus/PMC10804999/figures/Fig1.jpg,web_jpeg,748,631,1.185,85.0,ESTIMATED,"assumed single column 85.0 mm (Cell Press figure guidelines (Wayback 2025-09-11), official_guidelines_audit.csv) because aspect <= 1.25",7,144,"[{""pt"": 1.8, ""n_lines"": 16}, {""pt"": 2.7, ""n_lines"": 113}]",1.8,2.7,2.7,ESTIMATED,2.25,,0.0541,5,0.629,0.0573,http://creativecommons.org/licenses/by-nc/4.0/
PMC10804999,Molecular Cell,Cell,2024,2,PRIVATE_REFERENCE_ONLY/corpus/PMC10804999/figures/Fig2.jpg,web_jpeg,748,617,1.212,85.0,ESTIMATED,"assumed single column 85.0 mm (Cell Press figure guidelines (Wayback 2025-09-11), official_guidelines_audit.csv) because aspect <= 1.25",6,157,"[{""pt"": 2.25, ""n_lines"": 42}, {""pt"": 3.15, ""n_lines"": 108}]",2.25,3.15,3.15,ESTIMATED,,,0.0,0,0.0,0.0472,http://creativecommons.org/licenses/by-nc/4.0/
PMC10804999,Molecular Cell,Cell,2024,3,PRIVATE_REFERENCE_ONLY/corpus/PMC10804999/figures/Fig3.gif,web_jpeg,200,77,2.597,174.0,ESTIMATED,"assumed full width 174.0 mm (Cell Press figure guidelines (Wayback 2025-09-11), official_guidelines_audit.csv) because aspect > 1.25",3,1,[],,,,ESTIMATED,,,0.0,0,0.0,0.0117,http://creativecommons.org/licenses/by-nc/4.0/
PMC10804999,Molecular Cell,Cell,2024,4,PRIVATE_REFERENCE_ONLY/corpus/PMC10804999/figures/Fig4.jpg,web_jpeg,740,589,1.256,174.0,ESTIMATED,"assumed full width 174.0 mm (Cell Press figure guidelines (Wayback 2025-09-11), official_guidelines_audit.csv) because aspect > 1.25",4,149,"[{""pt"": 6.52, ""n_lines"": 100}, {""pt"": 11.17, ""n_lines"": 25}]",6.52,6.52,11.17,ESTIMATED,2.67,,0.0233,4,0.495,0.0692,http://creativecommons.org/licenses/by-nc/4.0/
PMC10804999,Molecular Cell,Cell,2024,5,PRIVATE_REFERENCE_ONLY/corpus/PMC10804999/figures/Fig5.jpg,web_jpeg,745,925,0.805,85.0,ESTIMATED,"assumed single column 85.0 mm (Cell Press figure guidelines (Wayback 2025-09-11), official_guidelines_audit.csv) because aspect <= 1.25",1,195,"[{""pt"": 1.81, ""n_lines"": 35}, {""pt"": 3.16, ""n_lines"": 143}]",1.81,3.16,3.16,ESTIMATED,0.32,,0.1651,1,0.984,0.2736,http://creativecommons.org/licenses/by-nc/4.0/
PMC10804999,Molecular Cell,Cell,2024,6,PRIVATE_REFERENCE_ONLY/corpus/PMC10804999/figures/Fig6.jpg,web_jpeg,747,1342,0.557,85.0,ESTIMATED,"assumed single column 85.0 mm (Cell Press figure guidelines (Wayback 2025-09-11), official_guidelines_audit.csv) because aspect <= 1.25",2,151,"[{""pt"": 3.15, ""n_lines"": 43}, {""pt"": 4.96, ""n_lines"": 69}, {""pt"": 5.41, ""n_lines"": 19}]",3.15,4.96,5.41,ESTIMATED,,,0.0782,4,0.889,0.4091,http://creativecommons.org/licenses/by-nc/4.0/
PMC10805001,Molecular Cell,Cell,2024,1,PRIVATE_REFERENCE_ONLY/corpus/PMC10805001/figures/Fig1.jpg,web_jpeg,747,531,1.407,174.0,ESTIMATED,"assumed full width 174.0 mm (Cell Press figure guidelines (Wayback 2025-09-11), official_guidelines_audit.csv) because aspect > 1.25",1,139,"[{""pt"": 4.61, ""n_lines"": 21}, {""pt"": 6.46, ""n_lines"": 106}]",4.61,6.46,6.46,ESTIMATED,7.92,,0.0178,3,0.492,0.0388,http://creativecommons.org/licenses/by-nc/4.0/
PMC10805001,Molecular Cell,Cell,2024,2,PRIVATE_REFERENCE_ONLY/corpus/PMC10805001/figures/Fig2.gif,web_jpeg,110,80,1.375,174.0,ESTIMATED,"assumed full width 174.0 mm (Cell Press figure guidelines (Wayback 2025-09-11), official_guidelines_audit.csv) because aspect > 1.25",4,1,[],,,,ESTIMATED,,,0.0,0,0.0,0.0053,http://creativecommons.org/licenses/by-nc/4.0/
PMC10805001,Molecular Cell,Cell,2024,3,PRIVATE_REFERENCE_ONLY/corpus/PMC10805001/figures/Fig3.jpg,web_jpeg,745,1038,0.718,85.0,ESTIMATED,"assumed single column 85.0 mm (Cell Press figure guidelines (Wayback 2025-09-11), official_guidelines_audit.csv) because aspect <= 1.25",1,126,"[{""pt"": 3.16, ""n_lines"": 26}, {""pt"": 4.97, ""n_lines"": 83}]",3.16,4.97,4.97,ESTIMATED,1.29,,0.0039,1,0.29,0.0374,http://creativecommons.org/licenses/by-nc/4.0/
PMC10805001,Molecular Cell,Cell,2024,4,PRIVATE_REFERENCE_ONLY/corpus/PMC10805001/figures/Fig4.jpg,web_jpeg,748,1037,0.721,85.0,ESTIMATED,"assumed single column 85.0 mm (Cell Press figure guidelines (Wayback 2025-09-11), official_guidelines_audit.csv) because aspect <= 1.25",4,153,"[{""pt"": 3.15, ""n_lines"": 30}, {""pt"": 4.95, ""n_lines"": 90}]",3.15,4.95,4.95,ESTIMATED,,,0.0,0,0.0,0.0432,http://creativecommons.org/licenses/by-nc/4.0/
PMC10805001,Molecular Cell,Cell,2024,5,PRIVATE_REFERENCE_ONLY/corpus/PMC10805001/figures/Fig5.jpg,web_jpeg,743,1037,0.716,85.0,ESTIMATED,"assumed single column 85.0 mm (Cell Press figure guidelines (Wayback 2025-09-11), official_guidelines_audit.csv) because aspect <= 1.25",1,135,"[{""pt"": 3.62, ""n_lines"": 29}, {""pt"": 4.98, ""n_lines"": 86}]",3.62,4.98,4.98,ESTIMATED,1.3,,0.0,0,0.0,0.0639,http://creativecommons.org/licenses/by-nc/4.0/
PMC10805001,Molecular Cell,Cell,2024,6,PRIVATE_REFERENCE_ONLY/corpus/PMC10805001/figures/Fig6.gif,web_jpeg,108,80,1.35,174.0,ESTIMATED,"assumed full width 174.0 mm (Cell Press figure guidelines (Wayback 2025-09-11), official_guidelines_audit.csv) because aspect > 1.25",1,0,[],,,,ESTIMATED,,,0.0051,0,0.0,0.0162,http://creativecommons.org/licenses/by-nc/4.0/
PMC10864002,Cancer Cell,Cell,2024,1,PRIVATE_REFERENCE_ONLY/corpus/PMC10864002/figures/Fig1.jpg,web_jpeg,739,443,1.668,174.0,ESTIMATED,"assumed full width 174.0 mm (Cell Press figure guidelines (Wayback 2025-09-11), official_guidelines_audit.csv) because aspect > 1.25",1,95,"[{""pt"": 5.59, ""n_lines"": 84}]",5.59,5.59,5.59,ESTIMATED,,,0.0588,4,0.438,0.0392,http://creativecommons.org/licenses/by/4.0/
PMC10864002,Cancer Cell,Cell,2024,2,PRIVATE_REFERENCE_ONLY/corpus/PMC10864002/figures/Fig2.jpg,web_jpeg,744,609,1.222,85.0,ESTIMATED,"assumed single column 85.0 mm (Cell Press figure guidelines (Wayback 2025-09-11), official_guidelines_audit.csv) because aspect <= 1.25",8,88,"[{""pt"": 2.26, ""n_lines"": 9}, {""pt"": 3.62, ""n_lines"": 64}, {""pt"": 4.52, ""n_lines"": 13}]",2.26,3.62,4.52,ESTIMATED,,,0.1004,2,0.535,0.043,http://creativecommons.org/licenses/by/4.0/
PMC10864002,Cancer Cell,Cell,2024,3,PRIVATE_REFERENCE_ONLY/corpus/PMC10864002/figures/Fig3.gif,web_jpeg,171,80,2.138,174.0,ESTIMATED,"assumed full width 174.0 mm (Cell Press figure guidelines (Wayback 2025-09-11), official_guidelines_audit.csv) because aspect > 1.25",1,0,[],,,,ESTIMATED,,,0.0987,3,0.471,0.0183,http://creativecommons.org/licenses/by/4.0/
PMC10864002,Cancer Cell,Cell,2024,4,PRIVATE_REFERENCE_ONLY/corpus/PMC10864002/figures/Fig4.jpg,web_jpeg,750,172,4.36,174.0,ESTIMATED,"assumed full width 174.0 mm (Cell Press figure guidelines (Wayback 2025-09-11), official_guidelines_audit.csv) because aspect > 1.25",5,32,"[{""pt"": 2.76, ""n_lines"": 7}, {""pt"": 5.51, ""n_lines"": 23}]",2.76,5.51,5.51,ESTIMATED,,,0.1335,2,0.484,0.0267,http://creativecommons.org/licenses/by/4.0/
PMC10864002,Cancer Cell,Cell,2024,5,PRIVATE_REFERENCE_ONLY/corpus/PMC10864002/figures/Fig5.jpg,web_jpeg,750,295,2.542,174.0,ESTIMATED,"assumed full width 174.0 mm (Cell Press figure guidelines (Wayback 2025-09-11), official_guidelines_audit.csv) because aspect > 1.25",6,69,"[{""pt"": 4.59, ""n_lines"": 68}]",4.59,4.59,4.59,ESTIMATED,,,0.0263,5,0.445,0.0209,http://creativecommons.org/licenses/by/4.0/
PMC10864002,Cancer Cell,Cell,2024,6,PRIVATE_REFERENCE_ONLY/corpus/PMC10864002/figures/Fig6.jpg,web_jpeg,736,578,1.273,174.0,ESTIMATED,"assumed full width 174.0 mm (Cell Press figure guidelines (Wayback 2025-09-11), official_guidelines_audit.csv) because aspect > 1.25",7,73,"[{""pt"": 8.42, ""n_lines"": 14}, {""pt"": 10.3, ""n_lines"": 46}]",8.42,10.3,10.3,ESTIMATED,,,0.1318,5,0.595,0.0927,http://creativecommons.org/licenses/by/4.0/
PMC10864002,Cancer Cell,Cell,2024,7,PRIVATE_REFERENCE_ONLY/corpus/PMC10864002/figures/Fig7.gif,web_jpeg,200,59,3.39,174.0,ESTIMATED,"assumed full width 174.0 mm (Cell Press figure guidelines (Wayback 2025-09-11), official_guidelines_audit.csv) because aspect > 1.25",2,0,[],,,,ESTIMATED,,,0.1709,2,0.446,0.0074,http://creativecommons.org/licenses/by/4.0/
PMC10864003,Cancer Cell,Cell,2024,1,PRIVATE_REFERENCE_ONLY/corpus/PMC10864003/figures/Fig1.jpg,web_jpeg,748,513,1.458,174.0,ESTIMATED,"assumed full width 174.0 mm (Cell Press figure guidelines (Wayback 2025-09-11), official_guidelines_audit.csv) because aspect > 1.25",1,175,"[{""pt"": 4.6, ""n_lines"": 37}, {""pt"": 6.45, ""n_lines"": 133}]",4.6,6.45,6.45,ESTIMATED,0.66,,0.1291,4,0.812,0.0706,http://creativecommons.org/licenses/by/4.0/
PMC10864003,Cancer Cell,Cell,2024,2,PRIVATE_REFERENCE_ONLY/corpus/PMC10864003/figures/Fig2.gif,web_jpeg,166,80,2.075,174.0,ESTIMATED,"assumed full width 174.0 mm (Cell Press figure guidelines (Wayback 2025-09-11), official_guidelines_audit.csv) because aspect > 1.25",1,0,[],,,,ESTIMATED,,,0.0549,5,0.433,0.0103,http://creativecommons.org/licenses/by/4.0/
PMC10864003,Cancer Cell,Cell,2024,3,PRIVATE_REFERENCE_ONLY/corpus/PMC10864003/figures/Fig3.gif,web_jpeg,100,95,1.053,85.0,ESTIMATED,"assumed single column 85.0 mm (Cell Press figure guidelines (Wayback 2025-09-11), official_guidelines_audit.csv) because aspect <= 1.25",1,0,[],,,,ESTIMATED,,,0.0414,3,0.434,0.0129,http://creativecommons.org/licenses/by/4.0/
PMC10864003,Cancer Cell,Cell,2024,4,PRIVATE_REFERENCE_ONLY/corpus/PMC10864003/figures/Fig4.gif,web_jpeg,100,96,1.042,85.0,ESTIMATED,"assumed single column 85.0 mm (Cell Press figure guidelines (Wayback 2025-09-11), official_guidelines_audit.csv) because aspect <= 1.25",1,0,[],,,,ESTIMATED,,,0.0258,6,0.435,0.0075,http://creativecommons.org/licenses/by/4.0/
PMC10864003,Cancer Cell,Cell,2024,5,PRIVATE_REFERENCE_ONLY/corpus/PMC10864003/figures/Fig5.gif,web_jpeg,114,80,1.425,174.0,ESTIMATED,"assumed full width 174.0 mm (Cell Press figure guidelines (Wayback 2025-09-11), official_guidelines_audit.csv) because aspect > 1.25",1,1,[],,,,ESTIMATED,,,0.0612,4,0.411,0.0179,http://creativecommons.org/licenses/by/4.0/
PMC10864003,Cancer Cell,Cell,2024,6,PRIVATE_REFERENCE_ONLY/corpus/PMC10864003/figures/Fig6.gif,web_jpeg,134,80,1.675,174.0,ESTIMATED,"assumed full width 174.0 mm (Cell Press figure guidelines (Wayback 2025-09-11), official_guidelines_audit.csv) because aspect > 1.25",1,0,[],,,,ESTIMATED,,,0.0737,5,0.446,0.0056,http://creativecommons.org/licenses/by/4.0/
PMC10864003,Cancer Cell,Cell,2024,7,PRIVATE_REFERENCE_ONLY/corpus/PMC10864003/figures/Fig7.jpg,web_jpeg,748,906,0.826,85.0,ESTIMATED,"assumed single column 85.0 mm (Cell Press figure guidelines (Wayback 2025-09-11), official_guidelines_audit.csv) because aspect <= 1.25",10,341,"[{""pt"": 2.25, ""n_lines"": 43}, {""pt"": 3.15, ""n_lines"": 284}]",2.25,3.15,3.15,ESTIMATED,,,0.0376,5,0.491,0.0498,http://creativecommons.org/licenses/by/4.0/
PMC10864003,Cancer Cell,Cell,2024,8,PRIVATE_REFERENCE_ONLY/corpus/PMC10864003/figures/Fig8.jpg,web_jpeg,748,916,0.817,85.0,ESTIMATED,"assumed single column 85.0 mm (Cell Press figure guidelines (Wayback 2025-09-11), official_guidelines_audit.csv) because aspect <= 1.25",9,297,"[{""pt"": 2.7, ""n_lines"": 52}, {""pt"": 3.6, ""n_lines"": 223}]",2.7,3.6,3.6,ESTIMATED,,,0.037,6,0.629,0.046,http://creativecommons.org/licenses/by/4.0/
PMC10929690,Cancer Cell,Cell,2024,1,PRIVATE_REFERENCE_ONLY/corpus/PMC10929690/figures/Fig1.jpg,web_jpeg,755,856,0.882,85.0,ESTIMATED,"assumed single column 85.0 mm (Cell Press figure guidelines (Wayback 2025-09-11), official_guidelines_audit.csv) because aspect <= 1.25",13,184,"[{""pt"": 2.23, ""n_lines"": 25}, {""pt"": 3.57, ""n_lines"": 148}]",2.23,3.57,3.57,ESTIMATED,,,0.0989,5,0.678,0.0725,http://creativecommons.org/licenses/by-nc-nd/4.0/
PMC10929690,Cancer Cell,Cell,2024,2,PRIVATE_REFERENCE_ONLY/corpus/PMC10929690/figures/Fig2.gif,web_jpeg,100,138,0.725,85.0,ESTIMATED,"assumed single column 85.0 mm (Cell Press figure guidelines (Wayback 2025-09-11), official_guidelines_audit.csv) because aspect <= 1.25",1,0,[],,,,ESTIMATED,,,0.3383,4,0.484,0.1722,http://creativecommons.org/licenses/by-nc-nd/4.0/
PMC10929690,Cancer Cell,Cell,2024,3,PRIVATE_REFERENCE_ONLY/corpus/PMC10929690/figures/Fig3.gif,web_jpeg,100,126,0.794,85.0,ESTIMATED,"assumed single column 85.0 mm (Cell Press figure guidelines (Wayback 2025-09-11), official_guidelines_audit.csv) because aspect <= 1.25",1,0,[],,,,ESTIMATED,,,0.1915,4,0.438,0.0648,http://creativecommons.org/licenses/by-nc-nd/4.0/
PMC10929690,Cancer Cell,Cell,2024,4,PRIVATE_REFERENCE_ONLY/corpus/PMC10929690/figures/Fig4.gif,web_jpeg,100,137,0.73,85.0,ESTIMATED,"assumed single column 85.0 mm (Cell Press figure guidelines (Wayback 2025-09-11), official_guidelines_audit.csv) because aspect <= 1.25",1,0,[],,,,ESTIMATED,,,0.0281,2,0.538,0.0029,http://creativecommons.org/licenses/by-nc-nd/4.0/
PMC10929690,Cancer Cell,Cell,2024,5,PRIVATE_REFERENCE_ONLY/corpus/PMC10929690/figures/Fig5.gif,web_jpeg,100,98,1.02,85.0,ESTIMATED,"assumed single column 85.0 mm (Cell Press figure guidelines (Wayback 2025-09-11), official_guidelines_audit.csv) because aspect <= 1.25",1,0,[],,,,ESTIMATED,,,0.0266,2,0.621,0.0073,http://creativecommons.org/licenses/by-nc-nd/4.0/
PMC10929690,Cancer Cell,Cell,2024,6,PRIVATE_REFERENCE_ONLY/corpus/PMC10929690/figures/Fig6.gif,web_jpeg,100,123,0.813,85.0,ESTIMATED,"assumed single column 85.0 mm (Cell Press figure guidelines (Wayback 2025-09-11), official_guidelines_audit.csv) because aspect <= 1.25",1,0,[],,,,ESTIMATED,,,0.1598,3,0.452,0.2893,http://creativecommons.org/licenses/by-nc-nd/4.0/
PMC10929690,Cancer Cell,Cell,2024,7,PRIVATE_REFERENCE_ONLY/corpus/PMC10929690/figures/Fig7.jpg,web_jpeg,748,657,1.139,85.0,ESTIMATED,"assumed single column 85.0 mm (Cell Press figure guidelines (Wayback 2025-09-11), official_guidelines_audit.csv) because aspect <= 1.25",6,140,"[{""pt"": 2.7, ""n_lines"": 96}, {""pt"": 4.5, ""n_lines"": 27}]",2.7,2.7,4.5,ESTIMATED,2.9,,0.1633,4,0.557,0.2169,http://creativecommons.org/licenses/by-nc-nd/4.0/
PMC11060037,Cell,Cell,2024,1,PRIVATE_REFERENCE_ONLY/corpus/PMC11060037/figures/Fig1.jpg,web_jpeg,755,929,0.813,85.0,ESTIMATED,"assumed single column 85.0 mm (Cell Press figure guidelines (Wayback 2025-09-11), official_guidelines_audit.csv) because aspect <= 1.25",2,159,"[{""pt"": 1.78, ""n_lines"": 111}, {""pt"": 3.57, ""n_lines"": 38}]",1.78,1.78,3.57,ESTIMATED,,,0.1288,3,0.704,0.2346,http://creativecommons.org/licenses/by-nc/4.0/
PMC11060037,Cell,Cell,2024,2,PRIVATE_REFERENCE_ONLY/corpus/PMC11060037/figures/Fig2.jpg,web_jpeg,727,888,0.819,85.0,ESTIMATED,"assumed single column 85.0 mm (Cell Press figure guidelines (Wayback 2025-09-11), official_guidelines_audit.csv) because aspect <= 1.25",4,104,"[{""pt"": 3.7, ""n_lines"": 68}]",3.7,3.7,3.7,ESTIMATED,0.33,,0.03,4,0.841,0.1973,http://creativecommons.org/licenses/by-nc/4.0/
PMC11060037,Cell,Cell,2024,3,PRIVATE_REFERENCE_ONLY/corpus/PMC11060037/figures/Fig3.jpg,web_jpeg,763,1060,0.72,85.0,ESTIMATED,"assumed single column 85.0 mm (Cell Press figure guidelines (Wayback 2025-09-11), official_guidelines_audit.csv) because aspect <= 1.25",6,96,"[{""pt"": 2.21, ""n_lines"": 13}, {""pt"": 3.09, ""n_lines"": 65}]",2.21,3.09,3.09,ESTIMATED,2.53,,0.0558,3,0.717,0.3595,http://creativecommons.org/licenses/by-nc/4.0/
PMC11060037,Cell,Cell,2024,4,PRIVATE_REFERENCE_ONLY/corpus/PMC11060037/figures/Fig4.jpg,web_jpeg,757,941,0.804,85.0,ESTIMATED,"assumed single column 85.0 mm (Cell Press figure guidelines (Wayback 2025-09-11), official_guidelines_audit.csv) because aspect <= 1.25",11,119,"[{""pt"": 2.67, ""n_lines"": 40}, {""pt"": 3.56, ""n_lines"": 57}]",2.67,3.56,3.56,ESTIMATED,,,0.0917,4,0.686,0.2621,http://creativecommons.org/licenses/by-nc/4.0/
PMC11060037,Cell,Cell,2024,5,PRIVATE_REFERENCE_ONLY/corpus/PMC11060037/figures/Fig5.gif,web_jpeg,100,131,0.763,85.0,ESTIMATED,"assumed single column 85.0 mm (Cell Press figure guidelines (Wayback 2025-09-11), official_guidelines_audit.csv) because aspect <= 1.25",1,0,[],,,,ESTIMATED,,,0.0928,3,0.606,0.2805,http://creativecommons.org/licenses/by-nc/4.0/
PMC11060037,Cell,Cell,2024,6,PRIVATE_REFERENCE_ONLY/corpus/PMC11060037/figures/Fig6.gif,web_jpeg,121,80,1.512,174.0,ESTIMATED,"assumed full width 174.0 mm (Cell Press figure guidelines (Wayback 2025-09-11), official_guidelines_audit.csv) because aspect > 1.25",1,0,[],,,,ESTIMATED,,,0.0662,4,0.673,0.1667,http://creativecommons.org/licenses/by-nc/4.0/
PMC11060037,Cell,Cell,2024,7,PRIVATE_REFERENCE_ONLY/corpus/PMC11060037/figures/Fig7.gif,web_jpeg,162,80,2.025,174.0,ESTIMATED,"assumed full width 174.0 mm (Cell Press figure guidelines (Wayback 2025-09-11), official_guidelines_audit.csv) because aspect > 1.25",1,0,[],,,,ESTIMATED,,,0.0211,3,0.451,0.0022,http://creativecommons.org/licenses/by-nc/4.0/
PMC11065421,Molecular Cell,Cell,2024,1,PRIVATE_REFERENCE_ONLY/corpus/PMC11065421/figures/Fig1.jpg,web_jpeg,748,777,0.963,85.0,ESTIMATED,"assumed single column 85.0 mm (Cell Press figure guidelines (Wayback 2025-09-11), official_guidelines_audit.csv) because aspect <= 1.25",8,107,"[{""pt"": 2.7, ""n_lines"": 82}]",2.7,2.7,2.7,ESTIMATED,,,0.0492,3,0.956,0.2181,http://creativecommons.org/licenses/by/4.0/
PMC11065421,Molecular Cell,Cell,2024,2,PRIVATE_REFERENCE_ONLY/corpus/PMC11065421/figures/Fig2.gif,web_jpeg,100,120,0.833,85.0,ESTIMATED,"assumed single column 85.0 mm (Cell Press figure guidelines (Wayback 2025-09-11), official_guidelines_audit.csv) because aspect <= 1.25",2,0,[],,,,ESTIMATED,,,0.0658,2,0.557,0.2219,http://creativecommons.org/licenses/by/4.0/
PMC11065421,Molecular Cell,Cell,2024,3,PRIVATE_REFERENCE_ONLY/corpus/PMC11065421/figures/Fig3.gif,web_jpeg,100,136,0.735,85.0,ESTIMATED,"assumed single column 85.0 mm (Cell Press figure guidelines (Wayback 2025-09-11), official_guidelines_audit.csv) because aspect <= 1.25",1,0,[],,,,ESTIMATED,,,0.1167,4,0.635,0.2237,http://creativecommons.org/licenses/by/4.0/
PMC11065421,Molecular Cell,Cell,2024,4,PRIVATE_REFERENCE_ONLY/corpus/PMC11065421/figures/Fig4.jpg,web_jpeg,737,678,1.087,85.0,ESTIMATED,"assumed single column 85.0 mm (Cell Press figure guidelines (Wayback 2025-09-11), official_guidelines_audit.csv) because aspect <= 1.25",8,145,"[{""pt"": 2.28, ""n_lines"": 21}, {""pt"": 3.2, ""n_lines"": 87}, {""pt"": 4.57, ""n_lines"": 18}]",2.28,3.2,4.57,ESTIMATED,,,0.1071,2,0.753,0.1013,http://creativecommons.org/licenses/by/4.0/
PMC11065421,Molecular Cell,Cell,2024,5,PRIVATE_REFERENCE_ONLY/corpus/PMC11065421/figures/Fig5.jpg,web_jpeg,748,629,1.189,85.0,ESTIMATED,"assumed single column 85.0 mm (Cell Press figure guidelines (Wayback 2025-09-11), official_guidelines_audit.csv) because aspect <= 1.25",11,90,"[{""pt"": 1.8, ""n_lines"": 11}, {""pt"": 2.7, ""n_lines"": 67}]",1.8,2.7,2.7,ESTIMATED,1.61,,0.0852,4,0.925,0.2217,http://creativecommons.org/licenses/by/4.0/
PMC11065421,Molecular Cell,Cell,2024,6,PRIVATE_REFERENCE_ONLY/corpus/PMC11065421/figures/Fig6.gif,web_jpeg,99,84,1.179,85.0,ESTIMATED,"assumed single column 85.0 mm (Cell Press figure guidelines (Wayback 2025-09-11), official_guidelines_audit.csv) because aspect <= 1.25",2,0,[],,,,ESTIMATED,,,0.098,4,0.619,0.1843,http://creativecommons.org/licenses/by/4.0/
PMC11065421,Molecular Cell,Cell,2024,7,PRIVATE_REFERENCE_ONLY/corpus/PMC11065421/figures/Fig7.jpg,web_jpeg,748,924,0.81,85.0,ESTIMATED,"assumed single column 85.0 mm (Cell Press figure guidelines (Wayback 2025-09-11), official_guidelines_audit.csv) because aspect <= 1.25",13,149,"[{""pt"": 1.8, ""n_lines"": 23}, {""pt"": 2.7, ""n_lines"": 105}]",1.8,2.7,2.7,ESTIMATED,2.25,,0.0599,3,0.755,0.1564,http://creativecommons.org/licenses/by/4.0/
PMC11106717,Cell,Cell,2024,1,PRIVATE_REFERENCE_ONLY/corpus/PMC11106717/figures/Fig1.gif,web_jpeg,100,88,1.136,85.0,ESTIMATED,"assumed single column 85.0 mm (Cell Press figure guidelines (Wayback 2025-09-11), official_guidelines_audit.csv) because aspect <= 1.25",1,0,[],,,,ESTIMATED,,,0.047,1,0.884,0.0717,http://creativecommons.org/licenses/by/4.0/
PMC11106717,Cell,Cell,2024,2,PRIVATE_REFERENCE_ONLY/corpus/PMC11106717/figures/Fig2.gif,web_jpeg,99,136,0.728,85.0,ESTIMATED,"assumed single column 85.0 mm (Cell Press figure guidelines (Wayback 2025-09-11), official_guidelines_audit.csv) because aspect <= 1.25",1,0,[],,,,ESTIMATED,,,0.0527,2,0.437,0.0281,http://creativecommons.org/licenses/by/4.0/
PMC11106717,Cell,Cell,2024,3,PRIVATE_REFERENCE_ONLY/corpus/PMC11106717/figures/Fig3.gif,web_jpeg,100,94,1.064,85.0,ESTIMATED,"assumed single column 85.0 mm (Cell Press figure guidelines (Wayback 2025-09-11), official_guidelines_audit.csv) because aspect <= 1.25",1,2,[],,,,ESTIMATED,,,0.0057,5,0.407,0.0765,http://creativecommons.org/licenses/by/4.0/
PMC11106717,Cell,Cell,2024,4,PRIVATE_REFERENCE_ONLY/corpus/PMC11106717/figures/Fig4.jpg,web_jpeg,743,697,1.066,85.0,ESTIMATED,"assumed single column 85.0 mm (Cell Press figure guidelines (Wayback 2025-09-11), official_guidelines_audit.csv) because aspect <= 1.25",5,169,"[{""pt"": 2.26, ""n_lines"": 132}, {""pt"": 3.17, ""n_lines"": 22}]",2.26,2.26,3.17,ESTIMATED,,,0.1127,3,0.602,0.0388,http://creativecommons.org/licenses/by/4.0/
PMC11106717,Cell,Cell,2024,5,PRIVATE_REFERENCE_ONLY/corpus/PMC11106717/figures/Fig5.gif,web_jpeg,100,90,1.111,85.0,ESTIMATED,"assumed single column 85.0 mm (Cell Press figure guidelines (Wayback 2025-09-11), official_guidelines_audit.csv) because aspect <= 1.25",1,0,[],,,,ESTIMATED,,,0.1261,4,0.534,0.0193,http://creativecommons.org/licenses/by/4.0/
PMC11106717,Cell,Cell,2024,6,PRIVATE_REFERENCE_ONLY/corpus/PMC11106717/figures/Fig6.gif,web_jpeg,100,128,0.781,85.0,ESTIMATED,"assumed single column 85.0 mm (Cell Press figure guidelines (Wayback 2025-09-11), official_guidelines_audit.csv) because aspect <= 1.25",1,1,[],,,,ESTIMATED,,,0.1448,3,0.522,0.0091,http://creativecommons.org/licenses/by/4.0/
PMC11106717,Cell,Cell,2024,7,PRIVATE_REFERENCE_ONLY/corpus/PMC11106717/figures/Fig7.jpg,web_jpeg,738,981,0.752,85.0,ESTIMATED,"assumed single column 85.0 mm (Cell Press figure guidelines (Wayback 2025-09-11), official_guidelines_audit.csv) because aspect <= 1.25",1,94,"[{""pt"": 2.28, ""n_lines"": 21}, {""pt"": 3.19, ""n_lines"": 44}, {""pt"": 4.1, ""n_lines"": 13}]",2.28,3.19,4.1,ESTIMATED,0.33,,0.1299,4,0.584,0.039,http://creativecommons.org/licenses/by/4.0/
PMC11250105,Cell Metabolism,Cell,2024,1,PRIVATE_REFERENCE_ONLY/corpus/PMC11250105/figures/Fig1.jpg,web_jpeg,740,1038,0.713,85.0,ESTIMATED,"assumed single column 85.0 mm (Cell Press figure guidelines (Wayback 2025-09-11), official_guidelines_audit.csv) because aspect <= 1.25",6,56,"[{""pt"": 2.27, ""n_lines"": 54}]",2.27,2.27,2.27,ESTIMATED,0.98,,0.0509,4,0.512,0.0134,http://creativecommons.org/licenses/by/4.0/
PMC11250105,Cell Metabolism,Cell,2024,2,PRIVATE_REFERENCE_ONLY/corpus/PMC11250105/figures/Fig2.gif,web_jpeg,100,147,0.68,85.0,ESTIMATED,"assumed single column 85.0 mm (Cell Press figure guidelines (Wayback 2025-09-11), official_guidelines_audit.csv) because aspect <= 1.25",1,0,[],,,,ESTIMATED,,,0.0268,5,0.431,0.0053,http://creativecommons.org/licenses/by/4.0/
PMC11250105,Cell Metabolism,Cell,2024,3,PRIVATE_REFERENCE_ONLY/corpus/PMC11250105/figures/Fig3.gif,web_jpeg,100,150,0.667,85.0,ESTIMATED,"assumed single column 85.0 mm (Cell Press figure guidelines (Wayback 2025-09-11), official_guidelines_audit.csv) because aspect <= 1.25",1,0,[],,,,ESTIMATED,,,0.0947,3,0.388,0.0013,http://creativecommons.org/licenses/by/4.0/
PMC11250105,Cell Metabolism,Cell,2024,4,PRIVATE_REFERENCE_ONLY/corpus/PMC11250105/figures/Fig4.gif,web_jpeg,114,80,1.425,174.0,ESTIMATED,"assumed full width 174.0 mm (Cell Press figure guidelines (Wayback 2025-09-11), official_guidelines_audit.csv) because aspect > 1.25",2,0,[],,,,ESTIMATED,,,0.0391,2,0.402,0.0,http://creativecommons.org/licenses/by/4.0/
PMC11250105,Cell Metabolism,Cell,2024,5,PRIVATE_REFERENCE_ONLY/corpus/PMC11250105/figures/Fig5.gif,web_jpeg,100,105,0.952,85.0,ESTIMATED,"assumed single column 85.0 mm (Cell Press figure guidelines (Wayback 2025-09-11), official_guidelines_audit.csv) because aspect <= 1.25",1,0,[],,,,ESTIMATED,,,0.0638,4,0.551,0.0781,http://creativecommons.org/licenses/by/4.0/
PMC11258540,Molecular Cell,Cell,2024,1,PRIVATE_REFERENCE_ONLY/corpus/PMC11258540/figures/Fig1.jpg,web_jpeg,743,720,1.032,85.0,ESTIMATED,"assumed single column 85.0 mm (Cell Press figure guidelines (Wayback 2025-09-11), official_guidelines_audit.csv) because aspect <= 1.25",1,76,"[{""pt"": 2.26, ""n_lines"": 24}, {""pt"": 3.62, ""n_lines"": 21}]",2.26,2.26,3.62,ESTIMATED,,,0.1562,2,0.559,0.143,http://creativecommons.org/licenses/by-nc/4.0/
PMC11258540,Molecular Cell,Cell,2024,2,PRIVATE_REFERENCE_ONLY/corpus/PMC11258540/figures/Fig2.jpg,web_jpeg,752,673,1.117,85.0,ESTIMATED,"assumed single column 85.0 mm (Cell Press figure guidelines (Wayback 2025-09-11), official_guidelines_audit.csv) because aspect <= 1.25",6,136,"[{""pt"": 2.68, ""n_lines"": 33}, {""pt"": 3.58, ""n_lines"": 72}]",2.68,3.58,3.58,ESTIMATED,,,0.1012,4,0.538,0.0679,http://creativecommons.org/licenses/by-nc/4.0/
PMC11258540,Molecular Cell,Cell,2024,3,PRIVATE_REFERENCE_ONLY/corpus/PMC11258540/figures/Fig3.gif,web_jpeg,100,116,0.862,85.0,ESTIMATED,"assumed single column 85.0 mm (Cell Press figure guidelines (Wayback 2025-09-11), official_guidelines_audit.csv) because aspect <= 1.25",1,1,[],,,,ESTIMATED,,,0.1313,3,0.415,0.0449,http://creativecommons.org/licenses/by-nc/4.0/
PMC11258540,Molecular Cell,Cell,2024,4,PRIVATE_REFERENCE_ONLY/corpus/PMC11258540/figures/Fig4.jpg,web_jpeg,754,1184,0.637,85.0,ESTIMATED,"assumed single column 85.0 mm (Cell Press figure guidelines (Wayback 2025-09-11), official_guidelines_audit.csv) because aspect <= 1.25",8,100,"[{""pt"": 2.68, ""n_lines"": 10}, {""pt"": 3.57, ""n_lines"": 23}, {""pt"": 5.36, ""n_lines"": 19}, {""pt"": 6.25, ""n_lines"": 20}]",2.68,3.57,6.25,ESTIMATED,1.6,,0.1241,3,0.559,0.1238,http://creativecommons.org/licenses/by-nc/4.0/
PMC11258540,Molecular Cell,Cell,2024,5,PRIVATE_REFERENCE_ONLY/corpus/PMC11258540/figures/Fig5.jpg,web_jpeg,755,866,0.872,85.0,ESTIMATED,"assumed single column 85.0 mm (Cell Press figure guidelines (Wayback 2025-09-11), official_guidelines_audit.csv) because aspect <= 1.25",1,187,"[{""pt"": 2.23, ""n_lines"": 47}, {""pt"": 3.12, ""n_lines"": 88}, {""pt"": 4.01, ""n_lines"": 39}]",2.23,3.12,4.01,ESTIMATED,0.96,,0.0621,4,0.388,0.049,http://creativecommons.org/licenses/by-nc/4.0/
PMC11258540,Molecular Cell,Cell,2024,6,PRIVATE_REFERENCE_ONLY/corpus/PMC11258540/figures/Fig6.jpg,web_jpeg,738,525,1.406,174.0,ESTIMATED,"assumed full width 174.0 mm (Cell Press figure guidelines (Wayback 2025-09-11), official_guidelines_audit.csv) because aspect > 1.25",4,140,"[{""pt"": 4.67, ""n_lines"": 28}, {""pt"": 6.53, ""n_lines"": 75}, {""pt"": 8.4, ""n_lines"": 35}]",4.67,6.53,8.4,ESTIMATED,0.67,,0.027,3,0.428,0.0503,http://creativecommons.org/licenses/by-nc/4.0/
PMC11258540,Molecular Cell,Cell,2024,7,PRIVATE_REFERENCE_ONLY/corpus/PMC11258540/figures/Fig7.gif,web_jpeg,100,129,0.775,85.0,ESTIMATED,"assumed single column 85.0 mm (Cell Press figure guidelines (Wayback 2025-09-11), official_guidelines_audit.csv) because aspect <= 1.25",1,0,[],,,,ESTIMATED,,,0.0581,4,0.496,0.0073,http://creativecommons.org/licenses/by-nc/4.0/
PMC11290321,Cell,Cell,2024,1,PRIVATE_REFERENCE_ONLY/corpus/PMC11290321/figures/Fig1.jpg,web_jpeg,757,754,1.004,85.0,ESTIMATED,"assumed single column 85.0 mm (Cell Press figure guidelines (Wayback 2025-09-11), official_guidelines_audit.csv) because aspect <= 1.25",8,88,"[{""pt"": 1.78, ""n_lines"": 17}, {""pt"": 2.67, ""n_lines"": 62}]",1.78,2.67,2.67,ESTIMATED,0.32,,0.0546,3,0.49,0.0418,http://creativecommons.org/licenses/by-nc-nd/4.0/
PMC11290321,Cell,Cell,2024,2,PRIVATE_REFERENCE_ONLY/corpus/PMC11290321/figures/Fig2.gif,web_jpeg,100,129,0.775,85.0,ESTIMATED,"assumed single column 85.0 mm (Cell Press figure guidelines (Wayback 2025-09-11), official_guidelines_audit.csv) because aspect <= 1.25",1,1,[],,,,ESTIMATED,,,0.0712,2,0.303,0.0689,http://creativecommons.org/licenses/by-nc-nd/4.0/
PMC11290321,Cell,Cell,2024,3,PRIVATE_REFERENCE_ONLY/corpus/PMC11290321/figures/Fig3.gif,web_jpeg,100,125,0.8,85.0,ESTIMATED,"assumed single column 85.0 mm (Cell Press figure guidelines (Wayback 2025-09-11), official_guidelines_audit.csv) because aspect <= 1.25",1,0,[],,,,ESTIMATED,,,0.1726,3,0.575,0.13,http://creativecommons.org/licenses/by-nc-nd/4.0/
PMC11290321,Cell,Cell,2024,4,PRIVATE_REFERENCE_ONLY/corpus/PMC11290321/figures/Fig4.gif,web_jpeg,100,121,0.826,85.0,ESTIMATED,"assumed single column 85.0 mm (Cell Press figure guidelines (Wayback 2025-09-11), official_guidelines_audit.csv) because aspect <= 1.25",2,0,[],,,,ESTIMATED,,,0.0552,1,0.648,0.0308,http://creativecommons.org/licenses/by-nc-nd/4.0/
PMC11290321,Cell,Cell,2024,5,PRIVATE_REFERENCE_ONLY/corpus/PMC11290321/figures/Fig5.gif,web_jpeg,100,128,0.781,85.0,ESTIMATED,"assumed single column 85.0 mm (Cell Press figure guidelines (Wayback 2025-09-11), official_guidelines_audit.csv) because aspect <= 1.25",1,0,[],,,,ESTIMATED,,,0.0869,3,0.441,0.1705,http://creativecommons.org/licenses/by-nc-nd/4.0/
PMC11290321,Cell,Cell,2024,6,PRIVATE_REFERENCE_ONLY/corpus/PMC11290321/figures/Fig6.gif,web_jpeg,100,130,0.769,85.0,ESTIMATED,"assumed single column 85.0 mm (Cell Press figure guidelines (Wayback 2025-09-11), official_guidelines_audit.csv) because aspect <= 1.25",1,0,[],,,,ESTIMATED,,,0.0178,2,0.427,0.0047,http://creativecommons.org/licenses/by-nc-nd/4.0/
PMC11290321,Cell,Cell,2024,7,PRIVATE_REFERENCE_ONLY/corpus/PMC11290321/figures/Fig7.gif,web_jpeg,100,124,0.806,85.0,ESTIMATED,"assumed single column 85.0 mm (Cell Press figure guidelines (Wayback 2025-09-11), official_guidelines_audit.csv) because aspect <= 1.25",1,0,[],,,,ESTIMATED,,,0.0374,3,0.563,0.0169,http://creativecommons.org/licenses/by-nc-nd/4.0/
PMC11349380,Cell,Cell,2024,1,PRIVATE_REFERENCE_ONLY/corpus/PMC11349380/figures/Fig1.gif,web_jpeg,100,103,0.971,85.0,ESTIMATED,"assumed single column 85.0 mm (Cell Press figure guidelines (Wayback 2025-09-11), official_guidelines_audit.csv) because aspect <= 1.25",1,3,"[{""pt"": 13.46, ""n_lines"": 3}]",13.46,13.46,13.46,ESTIMATED,,,0.031,4,0.626,0.1362,http://creativecommons.org/licenses/by-nc-nd/4.0/
PMC11349380,Cell,Cell,2024,2,PRIVATE_REFERENCE_ONLY/corpus/PMC11349380/figures/Fig2.gif,web_jpeg,100,132,0.758,85.0,ESTIMATED,"assumed single column 85.0 mm (Cell Press figure guidelines (Wayback 2025-09-11), official_guidelines_audit.csv) because aspect <= 1.25",1,0,[],,,,ESTIMATED,,,0.1619,2,0.447,0.0,http://creativecommons.org/licenses/by-nc-nd/4.0/
PMC11349380,Cell,Cell,2024,3,PRIVATE_REFERENCE_ONLY/corpus/PMC11349380/figures/Fig3.gif,web_jpeg,100,133,0.752,85.0,ESTIMATED,"assumed single column 85.0 mm (Cell Press figure guidelines (Wayback 2025-09-11), official_guidelines_audit.csv) because aspect <= 1.25",1,0,[],,,,ESTIMATED,,,0.0545,2,0.463,0.0256,http://creativecommons.org/licenses/by-nc-nd/4.0/
PMC11349380,Cell,Cell,2024,4,PRIVATE_REFERENCE_ONLY/corpus/PMC11349380/figures/Fig4.gif,web_jpeg,100,102,0.98,85.0,ESTIMATED,"assumed single column 85.0 mm (Cell Press figure guidelines (Wayback 2025-09-11), official_guidelines_audit.csv) because aspect <= 1.25",1,0,[],,,,ESTIMATED,,,0.1465,4,0.497,0.0402,http://creativecommons.org/licenses/by-nc-nd/4.0/
PMC11349380,Cell,Cell,2024,5,PRIVATE_REFERENCE_ONLY/corpus/PMC11349380/figures/Fig5.gif,web_jpeg,100,105,0.952,85.0,ESTIMATED,"assumed single column 85.0 mm (Cell Press figure guidelines (Wayback 2025-09-11), official_guidelines_audit.csv) because aspect <= 1.25",1,0,[],,,,ESTIMATED,,,0.2067,3,0.565,0.0328,http://creativecommons.org/licenses/by-nc-nd/4.0/
PMC11349380,Cell,Cell,2024,6,PRIVATE_REFERENCE_ONLY/corpus/PMC11349380/figures/Fig6.jpg,web_jpeg,740,667,1.109,85.0,ESTIMATED,"assumed single column 85.0 mm (Cell Press figure guidelines (Wayback 2025-09-11), official_guidelines_audit.csv) because aspect <= 1.25",1,146,"[{""pt"": 2.73, ""n_lines"": 84}]",2.73,2.73,2.73,ESTIMATED,,,0.1418,2,0.46,0.0453,http://creativecommons.org/licenses/by-nc-nd/4.0/
PMC11349380,Cell,Cell,2024,7,PRIVATE_REFERENCE_ONLY/corpus/PMC11349380/figures/Fig7.jpg,web_jpeg,739,1039,0.711,85.0,ESTIMATED,"assumed single column 85.0 mm (Cell Press figure guidelines (Wayback 2025-09-11), official_guidelines_audit.csv) because aspect <= 1.25",1,125,"[{""pt"": 3.19, ""n_lines"": 87}]",3.19,3.19,3.19,ESTIMATED,,,0.1727,3,0.616,0.054,http://creativecommons.org/licenses/by-nc-nd/4.0/
PMC11429458,Cell,Cell,2024,1,PRIVATE_REFERENCE_ONLY/corpus/PMC11429458/figures/Fig1.gif,web_jpeg,100,120,0.833,85.0,ESTIMATED,"assumed single column 85.0 mm (Cell Press figure guidelines (Wayback 2025-09-11), official_guidelines_audit.csv) because aspect <= 1.25",1,2,[],,,,ESTIMATED,,,0.1102,4,0.545,0.0173,http://creativecommons.org/licenses/by-nc-nd/4.0/
PMC11429458,Cell,Cell,2024,2,PRIVATE_REFERENCE_ONLY/corpus/PMC11429458/figures/Fig2.jpg,web_jpeg,747,892,0.837,85.0,ESTIMATED,"assumed single column 85.0 mm (Cell Press figure guidelines (Wayback 2025-09-11), official_guidelines_audit.csv) because aspect <= 1.25",4,89,"[{""pt"": 1.8, ""n_lines"": 28}, {""pt"": 2.7, ""n_lines"": 45}]",1.8,2.7,2.7,ESTIMATED,,,0.182,6,0.642,0.2823,http://creativecommons.org/licenses/by-nc-nd/4.0/
PMC11429458,Cell,Cell,2024,3,PRIVATE_REFERENCE_ONLY/corpus/PMC11429458/figures/Fig3.jpg,web_jpeg,714,923,0.774,85.0,ESTIMATED,"assumed single column 85.0 mm (Cell Press figure guidelines (Wayback 2025-09-11), official_guidelines_audit.csv) because aspect <= 1.25",10,178,"[{""pt"": 2.36, ""n_lines"": 153}]",2.36,2.36,2.36,ESTIMATED,0.34,,0.0682,4,0.517,0.0238,http://creativecommons.org/licenses/by-nc-nd/4.0/
PMC11429458,Cell,Cell,2024,4,PRIVATE_REFERENCE_ONLY/corpus/PMC11429458/figures/Fig4.jpg,web_jpeg,775,1037,0.747,85.0,ESTIMATED,"assumed single column 85.0 mm (Cell Press figure guidelines (Wayback 2025-09-11), official_guidelines_audit.csv) because aspect <= 1.25",15,204,"[{""pt"": 1.74, ""n_lines"": 40}, {""pt"": 2.61, ""n_lines"": 151}]",1.74,2.61,2.61,ESTIMATED,,,0.0841,6,0.57,0.1288,http://creativecommons.org/licenses/by-nc-nd/4.0/
PMC11429458,Cell,Cell,2024,5,PRIVATE_REFERENCE_ONLY/corpus/PMC11429458/figures/Fig5.gif,web_jpeg,114,80,1.425,174.0,ESTIMATED,"assumed full width 174.0 mm (Cell Press figure guidelines (Wayback 2025-09-11), official_guidelines_audit.csv) because aspect > 1.25",1,0,[],,,,ESTIMATED,,,0.0384,2,0.344,0.0,http://creativecommons.org/licenses/by-nc-nd/4.0/
PMC11429458,Cell,Cell,2024,6,PRIVATE_REFERENCE_ONLY/corpus/PMC11429458/figures/Fig6.gif,web_jpeg,100,101,0.99,85.0,ESTIMATED,"assumed single column 85.0 mm (Cell Press figure guidelines (Wayback 2025-09-11), official_guidelines_audit.csv) because aspect <= 1.25",1,1,[],,,,ESTIMATED,,,0.0143,3,0.39,0.0118,http://creativecommons.org/licenses/by-nc-nd/4.0/
PMC11429458,Cell,Cell,2024,7,PRIVATE_REFERENCE_ONLY/corpus/PMC11429458/figures/Fig7.gif,web_jpeg,100,117,0.855,85.0,ESTIMATED,"assumed single column 85.0 mm (Cell Press figure guidelines (Wayback 2025-09-11), official_guidelines_audit.csv) because aspect <= 1.25",1,0,[],,,,ESTIMATED,,,0.0512,3,0.463,0.0,http://creativecommons.org/licenses/by-nc-nd/4.0/
PMC11667439,Cell Systems,Cell,2024,1,PRIVATE_REFERENCE_ONLY/corpus/PMC11667439/figures/Fig1.jpg,web_jpeg,738,855,0.863,85.0,ESTIMATED,"assumed single column 85.0 mm (Cell Press figure guidelines (Wayback 2025-09-11), official_guidelines_audit.csv) because aspect <= 1.25",2,222,"[{""pt"": 1.82, ""n_lines"": 24}, {""pt"": 2.74, ""n_lines"": 160}]",1.82,2.74,2.74,ESTIMATED,0.33,,0.0162,2,0.535,0.0379,http://creativecommons.org/licenses/by-nc-nd/4.0/
PMC11667439,Cell Systems,Cell,2024,2,PRIVATE_REFERENCE_ONLY/corpus/PMC11667439/figures/Fig2.jpg,web_jpeg,738,690,1.07,85.0,ESTIMATED,"assumed single column 85.0 mm (Cell Press figure guidelines (Wayback 2025-09-11), official_guidelines_audit.csv) because aspect <= 1.25",3,113,"[{""pt"": 1.82, ""n_lines"": 18}, {""pt"": 2.74, ""n_lines"": 73}, {""pt"": 3.65, ""n_lines"": 13}]",1.82,2.74,3.65,ESTIMATED,2.29,,0.0317,2,0.536,0.0391,http://creativecommons.org/licenses/by-nc-nd/4.0/
PMC11667439,Cell Systems,Cell,2024,3,PRIVATE_REFERENCE_ONLY/corpus/PMC11667439/figures/Fig3.gif,web_jpeg,100,89,1.124,85.0,ESTIMATED,"assumed single column 85.0 mm (Cell Press figure guidelines (Wayback 2025-09-11), official_guidelines_audit.csv) because aspect <= 1.25",1,0,[],,,,ESTIMATED,,,0.0049,0,0.0,0.0,http://creativecommons.org/licenses/by-nc-nd/4.0/
PMC11667439,Cell Systems,Cell,2024,4,PRIVATE_REFERENCE_ONLY/corpus/PMC11667439/figures/Fig4.jpg,web_jpeg,726,870,0.834,85.0,ESTIMATED,"assumed single column 85.0 mm (Cell Press figure guidelines (Wayback 2025-09-11), official_guidelines_audit.csv) because aspect <= 1.25",8,77,"[{""pt"": 3.24, ""n_lines"": 52}, {""pt"": 4.17, ""n_lines"": 9}]",3.24,3.24,4.17,ESTIMATED,,,0.0119,2,0.367,0.0299,http://creativecommons.org/licenses/by-nc-nd/4.0/
PMC11667439,Cell Systems,Cell,2024,5,PRIVATE_REFERENCE_ONLY/corpus/PMC11667439/figures/Fig5.jpg,web_jpeg,726,883,0.822,85.0,ESTIMATED,"assumed single column 85.0 mm (Cell Press figure guidelines (Wayback 2025-09-11), official_guidelines_audit.csv) because aspect <= 1.25",9,80,"[{""pt"": 2.32, ""n_lines"": 11}, {""pt"": 3.24, ""n_lines"": 47}]",2.32,3.24,3.24,ESTIMATED,1.66,,0.0143,3,0.327,0.0265,http://creativecommons.org/licenses/by-nc-nd/4.0/
PMC11667439,Cell Systems,Cell,2024,6,PRIVATE_REFERENCE_ONLY/corpus/PMC11667439/figures/Fig6.jpg,web_jpeg,726,836,0.868,85.0,ESTIMATED,"assumed single column 85.0 mm (Cell Press figure guidelines (Wayback 2025-09-11), official_guidelines_audit.csv) because aspect <= 1.25",6,197,"[{""pt"": 2.32, ""n_lines"": 64}, {""pt"": 3.24, ""n_lines"": 94}, {""pt"": 4.17, ""n_lines"": 27}]",2.32,3.24,4.17,ESTIMATED,3.65,,0.0568,2,0.495,0.0382,http://creativecommons.org/licenses/by-nc-nd/4.0/
PMC11667439,Cell Systems,Cell,2024,7,PRIVATE_REFERENCE_ONLY/corpus/PMC11667439/figures/Fig7.gif,web_jpeg,120,80,1.5,174.0,ESTIMATED,"assumed full width 174.0 mm (Cell Press figure guidelines (Wayback 2025-09-11), official_guidelines_audit.csv) because aspect > 1.25",1,1,[],,,,ESTIMATED,,,0.0224,3,0.379,0.0154,http://creativecommons.org/licenses/by-nc-nd/4.0/
PMC11687419,Molecular Cell,Cell,2025,1,PRIVATE_REFERENCE_ONLY/corpus/PMC11687419/figures/Fig1.jpg,web_jpeg,735,394,1.865,174.0,ESTIMATED,"assumed full width 174.0 mm (Cell Press figure guidelines (Wayback 2025-09-11), official_guidelines_audit.csv) because aspect > 1.25",6,65,"[{""pt"": 3.75, ""n_lines"": 12}, {""pt"": 5.62, ""n_lines"": 46}]",3.75,5.62,5.62,ESTIMATED,0.67,,0.0526,4,0.627,0.0464,http://creativecommons.org/licenses/by/4.0/
PMC11687419,Molecular Cell,Cell,2025,2,PRIVATE_REFERENCE_ONLY/corpus/PMC11687419/figures/Fig2.gif,web_jpeg,100,85,1.176,85.0,ESTIMATED,"assumed single column 85.0 mm (Cell Press figure guidelines (Wayback 2025-09-11), official_guidelines_audit.csv) because aspect <= 1.25",1,0,[],,,,ESTIMATED,,,0.0742,2,0.428,0.0,http://creativecommons.org/licenses/by/4.0/
PMC11687419,Molecular Cell,Cell,2025,3,PRIVATE_REFERENCE_ONLY/corpus/PMC11687419/figures/Fig3.jpg,web_jpeg,746,659,1.132,85.0,ESTIMATED,"assumed single column 85.0 mm (Cell Press figure guidelines (Wayback 2025-09-11), official_guidelines_audit.csv) because aspect <= 1.25",8,88,"[{""pt"": 1.8, ""n_lines"": 11}, {""pt"": 2.71, ""n_lines"": 67}]",1.8,2.71,2.71,ESTIMATED,0.32,,0.0658,6,0.423,0.0359,http://creativecommons.org/licenses/by/4.0/
PMC11687419,Molecular Cell,Cell,2025,4,PRIVATE_REFERENCE_ONLY/corpus/PMC11687419/figures/Fig4.jpg,web_jpeg,750,585,1.282,174.0,ESTIMATED,"assumed full width 174.0 mm (Cell Press figure guidelines (Wayback 2025-09-11), official_guidelines_audit.csv) because aspect > 1.25",9,248,"[{""pt"": 3.67, ""n_lines"": 42}, {""pt"": 5.51, ""n_lines"": 184}]",3.67,5.51,5.51,ESTIMATED,0.66,,0.0691,4,0.46,0.0481,http://creativecommons.org/licenses/by/4.0/
PMC11687419,Molecular Cell,Cell,2025,5,PRIVATE_REFERENCE_ONLY/corpus/PMC11687419/figures/Fig5.jpg,web_jpeg,744,574,1.296,174.0,ESTIMATED,"assumed full width 174.0 mm (Cell Press figure guidelines (Wayback 2025-09-11), official_guidelines_audit.csv) because aspect > 1.25",12,43,"[{""pt"": 4.63, ""n_lines"": 9}, {""pt"": 6.48, ""n_lines"": 34}]",4.63,6.48,6.48,ESTIMATED,0.66,,0.1,2,0.732,0.2308,http://creativecommons.org/licenses/by/4.0/
PMC11687419,Molecular Cell,Cell,2025,6,PRIVATE_REFERENCE_ONLY/corpus/PMC11687419/figures/Fig6.gif,web_jpeg,100,130,0.769,85.0,ESTIMATED,"assumed single column 85.0 mm (Cell Press figure guidelines (Wayback 2025-09-11), official_guidelines_audit.csv) because aspect <= 1.25",1,0,[],,,,ESTIMATED,,,0.1335,2,0.507,0.0399,http://creativecommons.org/licenses/by/4.0/
PMC11738662,Cell Systems,Cell,2025,1,PRIVATE_REFERENCE_ONLY/corpus/PMC11738662/figures/Fig1.jpg,web_jpeg,1800,1177,1.529,174.0,ESTIMATED,"assumed full width 174.0 mm (Cell Press figure guidelines (Wayback 2025-09-11), official_guidelines_audit.csv) because aspect > 1.25",1,214,"[{""pt"": 3.06, ""n_lines"": 36}, {""pt"": 3.83, ""n_lines"": 109}]",3.06,3.83,3.83,ESTIMATED,,,0.1138,4,0.627,0.0877,https://creativecommons.org/licenses/by-nc-nd/4.0/
PMC11738662,Cell Systems,Cell,2025,2,PRIVATE_REFERENCE_ONLY/corpus/PMC11738662/figures/Fig2.jpg,web_jpeg,1404,1800,0.78,85.0,ESTIMATED,"assumed single column 85.0 mm (Cell Press figure guidelines (Wayback 2025-09-11), official_guidelines_audit.csv) because aspect <= 1.25",1,254,"[{""pt"": 1.68, ""n_lines"": 60}, {""pt"": 2.16, ""n_lines"": 132}, {""pt"": 2.64, ""n_lines"": 41}]",1.68,2.16,2.64,ESTIMATED,1.46,,0.2945,4,0.603,0.2033,https://creativecommons.org/licenses/by-nc-nd/4.0/
PMC11913779,Cancer Cell,Cell,2023,1,PRIVATE_REFERENCE_ONLY/corpus/PMC11913779/figures/Fig1.jpg,web_jpeg,748,686,1.09,85.0,ESTIMATED,"assumed single column 85.0 mm (Cell Press figure guidelines (Wayback 2025-09-11), official_guidelines_audit.csv) because aspect <= 1.25",7,96,"[{""pt"": 2.7, ""n_lines"": 81}]",2.7,2.7,2.7,ESTIMATED,0.97,,0.0833,3,0.608,0.0415,http://creativecommons.org/licenses/by/4.0/
PMC11913779,Cancer Cell,Cell,2023,2,PRIVATE_REFERENCE_ONLY/corpus/PMC11913779/figures/Fig2.jpg,web_jpeg,714,925,0.772,85.0,ESTIMATED,"assumed single column 85.0 mm (Cell Press figure guidelines (Wayback 2025-09-11), official_guidelines_audit.csv) because aspect <= 1.25",4,96,"[{""pt"": 2.36, ""n_lines"": 83}]",2.36,2.36,2.36,ESTIMATED,0.34,,0.0649,2,0.495,0.0466,http://creativecommons.org/licenses/by/4.0/
PMC11913779,Cancer Cell,Cell,2023,3,PRIVATE_REFERENCE_ONLY/corpus/PMC11913779/figures/Fig3.jpg,web_jpeg,793,1041,0.762,85.0,ESTIMATED,"assumed single column 85.0 mm (Cell Press figure guidelines (Wayback 2025-09-11), official_guidelines_audit.csv) because aspect <= 1.25",1,252,"[{""pt"": 2.12, ""n_lines"": 189}]",2.12,2.12,2.12,ESTIMATED,0.61,,0.1061,2,0.603,0.1008,http://creativecommons.org/licenses/by/4.0/
PMC11913779,Cancer Cell,Cell,2023,4,PRIVATE_REFERENCE_ONLY/corpus/PMC11913779/figures/Fig4.jpg,web_jpeg,748,915,0.817,85.0,ESTIMATED,"assumed single column 85.0 mm (Cell Press figure guidelines (Wayback 2025-09-11), official_guidelines_audit.csv) because aspect <= 1.25",1,140,"[{""pt"": 1.8, ""n_lines"": 25}, {""pt"": 2.7, ""n_lines"": 100}]",1.8,2.7,2.7,ESTIMATED,0.64,,0.0631,2,0.682,0.0546,http://creativecommons.org/licenses/by/4.0/
PMC11913779,Cancer Cell,Cell,2023,5,PRIVATE_REFERENCE_ONLY/corpus/PMC11913779/figures/Fig5.jpg,web_jpeg,771,1041,0.741,85.0,ESTIMATED,"assumed single column 85.0 mm (Cell Press figure guidelines (Wayback 2025-09-11), official_guidelines_audit.csv) because aspect <= 1.25",1,189,"[{""pt"": 1.75, ""n_lines"": 141}, {""pt"": 3.06, ""n_lines"": 29}]",1.75,1.75,3.06,ESTIMATED,0.94,,0.0303,4,0.598,0.0188,http://creativecommons.org/licenses/by/4.0/
PMC11913779,Cancer Cell,Cell,2023,6,PRIVATE_REFERENCE_ONLY/corpus/PMC11913779/figures/Fig6.jpg,web_jpeg,748,879,0.851,85.0,ESTIMATED,"assumed single column 85.0 mm (Cell Press figure guidelines (Wayback 2025-09-11), official_guidelines_audit.csv) because aspect <= 1.25",1,117,"[{""pt"": 2.25, ""n_lines"": 40}, {""pt"": 3.15, ""n_lines"": 73}]",2.25,3.15,3.15,ESTIMATED,0.97,,0.0271,7,0.504,0.0201,http://creativecommons.org/licenses/by/4.0/
PMC11913779,Cancer Cell,Cell,2023,7,PRIVATE_REFERENCE_ONLY/corpus/PMC11913779/figures/Fig7.gif,web_jpeg,100,135,0.741,85.0,ESTIMATED,"assumed single column 85.0 mm (Cell Press figure guidelines (Wayback 2025-09-11), official_guidelines_audit.csv) because aspect <= 1.25",1,0,[],,,,ESTIMATED,,,0.0401,3,0.454,0.0039,http://creativecommons.org/licenses/by/4.0/
PMC11922821,Cell Systems,Cell,2025,1,PRIVATE_REFERENCE_ONLY/corpus/PMC11922821/figures/Fig1.jpg,web_jpeg,753,760,0.991,85.0,ESTIMATED,"assumed single column 85.0 mm (Cell Press figure guidelines (Wayback 2025-09-11), official_guidelines_audit.csv) because aspect <= 1.25",1,117,"[{""pt"": 2.23, ""n_lines"": 89}, {""pt"": 3.58, ""n_lines"": 22}]",2.23,2.23,3.58,ESTIMATED,0.32,,0.0571,4,0.566,0.2131,http://creativecommons.org/licenses/by/4.0/
PMC11922821,Cell Systems,Cell,2025,2,PRIVATE_REFERENCE_ONLY/corpus/PMC11922821/figures/Fig2.gif,web_jpeg,100,94,1.064,85.0,ESTIMATED,"assumed single column 85.0 mm (Cell Press figure guidelines (Wayback 2025-09-11), official_guidelines_audit.csv) because aspect <= 1.25",1,0,[],,,,ESTIMATED,,,0.0496,2,0.528,0.1735,http://creativecommons.org/licenses/by/4.0/
PMC11922821,Cell Systems,Cell,2025,3,PRIVATE_REFERENCE_ONLY/corpus/PMC11922821/figures/Fig3.jpg,web_jpeg,752,920,0.817,85.0,ESTIMATED,"assumed single column 85.0 mm (Cell Press figure guidelines (Wayback 2025-09-11), official_guidelines_audit.csv) because aspect <= 1.25",5,115,"[{""pt"": 1.79, ""n_lines"": 18}, {""pt"": 2.68, ""n_lines"": 87}]",1.79,2.68,2.68,ESTIMATED,,,0.0966,4,0.475,0.1358,http://creativecommons.org/licenses/by/4.0/
PMC11922821,Cell Systems,Cell,2025,4,PRIVATE_REFERENCE_ONLY/corpus/PMC11922821/figures/Fig4.jpg,web_jpeg,753,859,0.877,85.0,ESTIMATED,"assumed single column 85.0 mm (Cell Press figure guidelines (Wayback 2025-09-11), official_guidelines_audit.csv) because aspect <= 1.25",8,158,"[{""pt"": 1.79, ""n_lines"": 20}, {""pt"": 2.68, ""n_lines"": 122}]",1.79,2.68,2.68,ESTIMATED,,,0.0318,4,0.496,0.0331,http://creativecommons.org/licenses/by/4.0/
PMC11922821,Cell Systems,Cell,2025,5,PRIVATE_REFERENCE_ONLY/corpus/PMC11922821/figures/Fig5.gif,web_jpeg,100,146,0.685,85.0,ESTIMATED,"assumed single column 85.0 mm (Cell Press figure guidelines (Wayback 2025-09-11), official_guidelines_audit.csv) because aspect <= 1.25",1,0,[],,,,ESTIMATED,,,0.036,2,0.402,0.0728,http://creativecommons.org/licenses/by/4.0/
PMC12137002,Cell Metabolism,Cell,2025,1,PRIVATE_REFERENCE_ONLY/corpus/PMC12137002/figures/Fig1.gif,web_jpeg,100,110,0.909,85.0,ESTIMATED,"assumed single column 85.0 mm (Cell Press figure guidelines (Wayback 2025-09-11), official_guidelines_audit.csv) because aspect <= 1.25",1,2,[],,,,ESTIMATED,,,0.0729,3,0.619,0.0225,http://creativecommons.org/licenses/by/4.0/
PMC12137002,Cell Metabolism,Cell,2025,2,PRIVATE_REFERENCE_ONLY/corpus/PMC12137002/figures/Fig2.jpg,web_jpeg,748,678,1.103,85.0,ESTIMATED,"assumed single column 85.0 mm (Cell Press figure guidelines (Wayback 2025-09-11), official_guidelines_audit.csv) because aspect <= 1.25",1,110,"[{""pt"": 2.25, ""n_lines"": 12}, {""pt"": 2.7, ""n_lines"": 80}, {""pt"": 3.6, ""n_lines"": 15}]",2.25,2.7,3.6,ESTIMATED,1.93,,0.038,3,0.591,0.0434,http://creativecommons.org/licenses/by/4.0/
PMC12137002,Cell Metabolism,Cell,2025,3,PRIVATE_REFERENCE_ONLY/corpus/PMC12137002/figures/Fig3.gif,web_jpeg,100,110,0.909,85.0,ESTIMATED,"assumed single column 85.0 mm (Cell Press figure guidelines (Wayback 2025-09-11), official_guidelines_audit.csv) because aspect <= 1.25",1,1,[],,,,ESTIMATED,,,0.0613,3,0.474,0.0159,http://creativecommons.org/licenses/by/4.0/
PMC12137002,Cell Metabolism,Cell,2025,4,PRIVATE_REFERENCE_ONLY/corpus/PMC12137002/figures/Fig4.gif,web_jpeg,102,79,1.291,174.0,ESTIMATED,"assumed full width 174.0 mm (Cell Press figure guidelines (Wayback 2025-09-11), official_guidelines_audit.csv) because aspect > 1.25",1,0,[],,,,ESTIMATED,,,0.0454,2,0.5,0.0194,http://creativecommons.org/licenses/by/4.0/
PMC12137002,Cell Metabolism,Cell,2025,5,PRIVATE_REFERENCE_ONLY/corpus/PMC12137002/figures/Fig5.jpg,web_jpeg,747,509,1.468,174.0,ESTIMATED,"assumed full width 174.0 mm (Cell Press figure guidelines (Wayback 2025-09-11), official_guidelines_audit.csv) because aspect > 1.25",1,119,"[{""pt"": 4.61, ""n_lines"": 103}]",4.61,4.61,4.61,ESTIMATED,7.26,,0.1083,3,0.509,0.0386,http://creativecommons.org/licenses/by/4.0/
PMC12137002,Cell Metabolism,Cell,2025,6,PRIVATE_REFERENCE_ONLY/corpus/PMC12137002/figures/Fig6.gif,web_jpeg,104,80,1.3,174.0,ESTIMATED,"assumed full width 174.0 mm (Cell Press figure guidelines (Wayback 2025-09-11), official_guidelines_audit.csv) because aspect > 1.25",1,1,[],,,,ESTIMATED,,,0.0317,3,0.669,0.0252,http://creativecommons.org/licenses/by/4.0/
PMC12332847,Cell Systems,Cell,2025,1,PRIVATE_REFERENCE_ONLY/corpus/PMC12332847/figures/Fig1.jpg,web_jpeg,1685,2100,0.802,85.0,ESTIMATED,"assumed single column 85.0 mm (Cell Press figure guidelines (Wayback 2025-09-11), official_guidelines_audit.csv) because aspect <= 1.25",2,184,"[{""pt"": 2.2, ""n_lines"": 31}, {""pt"": 3.59, ""n_lines"": 92}, {""pt"": 4.79, ""n_lines"": 22}]",2.2,3.59,4.79,ESTIMATED,1.93,,0.0602,3,0.575,0.2049,https://creativecommons.org/licenses/by-nc-nd/4.0/
PMC12332847,Cell Systems,Cell,2025,2,PRIVATE_REFERENCE_ONLY/corpus/PMC12332847/figures/Fig2.jpg,web_jpeg,1570,2100,0.748,85.0,ESTIMATED,"assumed single column 85.0 mm (Cell Press figure guidelines (Wayback 2025-09-11), official_guidelines_audit.csv) because aspect <= 1.25",1,160,"[{""pt"": 3.22, ""n_lines"": 78}, {""pt"": 3.64, ""n_lines"": 37}]",3.22,3.22,3.64,ESTIMATED,,,0.138,3,0.701,0.2389,https://creativecommons.org/licenses/by-nc-nd/4.0/
PMC12332847,Cell Systems,Cell,2025,3,PRIVATE_REFERENCE_ONLY/corpus/PMC12332847/figures/Fig3.jpg,web_jpeg,1728,2100,0.823,85.0,ESTIMATED,"assumed single column 85.0 mm (Cell Press figure guidelines (Wayback 2025-09-11), official_guidelines_audit.csv) because aspect <= 1.25",1,170,"[{""pt"": 2.73, ""n_lines"": 82}, {""pt"": 3.12, ""n_lines"": 48}]",2.73,2.73,3.12,ESTIMATED,,,0.0667,3,0.589,0.0315,https://creativecommons.org/licenses/by-nc-nd/4.0/
PMC12332847,Cell Systems,Cell,2025,4,PRIVATE_REFERENCE_ONLY/corpus/PMC12332847/figures/Fig4.jpg,web_jpeg,1571,2100,0.748,85.0,ESTIMATED,"assumed single column 85.0 mm (Cell Press figure guidelines (Wayback 2025-09-11), official_guidelines_audit.csv) because aspect <= 1.25",1,197,"[{""pt"": 2.36, ""n_lines"": 27}, {""pt"": 3.0, ""n_lines"": 138}]",2.36,3.0,3.0,ESTIMATED,1.53,,0.1111,4,0.612,0.1315,https://creativecommons.org/licenses/by-nc-nd/4.0/
PMC12332847,Cell Systems,Cell,2025,5,PRIVATE_REFERENCE_ONLY/corpus/PMC12332847/figures/Fig5.jpg,web_jpeg,2019,1798,1.123,85.0,ESTIMATED,"assumed single column 85.0 mm (Cell Press figure guidelines (Wayback 2025-09-11), official_guidelines_audit.csv) because aspect <= 1.25",13,133,"[{""pt"": 2.17, ""n_lines"": 19}, {""pt"": 3.17, ""n_lines"": 81}, {""pt"": 5.83, ""n_lines"": 21}]",2.17,3.17,5.83,ESTIMATED,,,0.0323,4,0.824,0.1424,https://creativecommons.org/licenses/by-nc-nd/4.0/
PMC12332847,Cell Systems,Cell,2025,6,PRIVATE_REFERENCE_ONLY/corpus/PMC12332847/figures/Fig6.jpg,web_jpeg,1815,2100,0.864,85.0,ESTIMATED,"assumed single column 85.0 mm (Cell Press figure guidelines (Wayback 2025-09-11), official_guidelines_audit.csv) because aspect <= 1.25",1,88,"[{""pt"": 1.3, ""n_lines"": 9}, {""pt"": 3.15, ""n_lines"": 68}]",1.3,3.15,3.15,ESTIMATED,0.27,,0.1113,3,0.671,0.3486,https://creativecommons.org/licenses/by-nc-nd/4.0/
PMC12332847,Cell Systems,Cell,2025,7,PRIVATE_REFERENCE_ONLY/corpus/PMC12332847/figures/Fig7.jpg,web_jpeg,1568,2100,0.747,85.0,ESTIMATED,"assumed single column 85.0 mm (Cell Press figure guidelines (Wayback 2025-09-11), official_guidelines_audit.csv) because aspect <= 1.25",4,175,"[{""pt"": 2.36, ""n_lines"": 23}, {""pt"": 3.22, ""n_lines"": 116}, {""pt"": 4.08, ""n_lines"": 23}]",2.36,3.22,4.08,ESTIMATED,,,0.0184,5,0.675,0.0661,https://creativecommons.org/licenses/by-nc-nd/4.0/
PMC12416865,Cancer Cell,Cell,2025,1,PRIVATE_REFERENCE_ONLY/corpus/PMC12416865/figures/Fig1.jpg,web_jpeg,744,734,1.014,85.0,ESTIMATED,"assumed single column 85.0 mm (Cell Press figure guidelines (Wayback 2025-09-11), official_guidelines_audit.csv) because aspect <= 1.25",11,172,"[{""pt"": 2.26, ""n_lines"": 28}, {""pt"": 3.17, ""n_lines"": 98}, {""pt"": 4.07, ""n_lines"": 38}]",2.26,3.17,4.07,ESTIMATED,2.59,,0.0809,2,0.42,0.0571,http://creativecommons.org/licenses/by/4.0/
PMC12416865,Cancer Cell,Cell,2025,2,PRIVATE_REFERENCE_ONLY/corpus/PMC12416865/figures/Fig2.gif,web_jpeg,100,105,0.952,85.0,ESTIMATED,"assumed single column 85.0 mm (Cell Press figure guidelines (Wayback 2025-09-11), official_guidelines_audit.csv) because aspect <= 1.25",1,1,[],,,,ESTIMATED,,,0.0451,3,0.587,0.0708,http://creativecommons.org/licenses/by/4.0/
PMC12416865,Cancer Cell,Cell,2025,3,PRIVATE_REFERENCE_ONLY/corpus/PMC12416865/figures/Fig3.gif,web_jpeg,100,104,0.962,85.0,ESTIMATED,"assumed single column 85.0 mm (Cell Press figure guidelines (Wayback 2025-09-11), official_guidelines_audit.csv) because aspect <= 1.25",1,0,[],,,,ESTIMATED,,,0.0319,3,0.606,0.0933,http://creativecommons.org/licenses/by/4.0/
PMC12416865,Cancer Cell,Cell,2025,4,PRIVATE_REFERENCE_ONLY/corpus/PMC12416865/figures/Fig4.gif,web_jpeg,100,128,0.781,85.0,ESTIMATED,"assumed single column 85.0 mm (Cell Press figure guidelines (Wayback 2025-09-11), official_guidelines_audit.csv) because aspect <= 1.25",1,0,[],,,,ESTIMATED,,,0.0928,4,0.645,0.1709,http://creativecommons.org/licenses/by/4.0/
PMC12416865,Cancer Cell,Cell,2025,5,PRIVATE_REFERENCE_ONLY/corpus/PMC12416865/figures/Fig5.gif,web_jpeg,100,126,0.794,85.0,ESTIMATED,"assumed single column 85.0 mm (Cell Press figure guidelines (Wayback 2025-09-11), official_guidelines_audit.csv) because aspect <= 1.25",2,0,[],,,,ESTIMATED,,,0.0186,2,0.391,0.0,http://creativecommons.org/licenses/by/4.0/
PMC12416865,Cancer Cell,Cell,2025,6,PRIVATE_REFERENCE_ONLY/corpus/PMC12416865/figures/Fig6.gif,web_jpeg,100,101,0.99,85.0,ESTIMATED,"assumed single column 85.0 mm (Cell Press figure guidelines (Wayback 2025-09-11), official_guidelines_audit.csv) because aspect <= 1.25",1,0,[],,,,ESTIMATED,,,0.0365,3,0.487,0.0879,http://creativecommons.org/licenses/by/4.0/
PMC12416865,Cancer Cell,Cell,2025,7,PRIVATE_REFERENCE_ONLY/corpus/PMC12416865/figures/Fig7.jpg,web_jpeg,756,874,0.865,85.0,ESTIMATED,"assumed single column 85.0 mm (Cell Press figure guidelines (Wayback 2025-09-11), official_guidelines_audit.csv) because aspect <= 1.25",7,206,"[{""pt"": 2.23, ""n_lines"": 23}, {""pt"": 3.12, ""n_lines"": 149}, {""pt"": 4.01, ""n_lines"": 29}]",2.23,3.12,4.01,ESTIMATED,0.8,,0.0224,3,0.658,0.051,http://creativecommons.org/licenses/by/4.0/
PMC12456964,Cell,Cell,2025,1,PRIVATE_REFERENCE_ONLY/corpus/PMC12456964/figures/Fig1.gif,web_jpeg,100,99,1.01,85.0,ESTIMATED,"assumed single column 85.0 mm (Cell Press figure guidelines (Wayback 2025-09-11), official_guidelines_audit.csv) because aspect <= 1.25",2,1,[],,,,ESTIMATED,,,0.056,4,0.583,0.0253,http://creativecommons.org/licenses/by-nc-nd/4.0/
PMC12456964,Cell,Cell,2025,2,PRIVATE_REFERENCE_ONLY/corpus/PMC12456964/figures/Fig2.gif,web_jpeg,100,92,1.087,85.0,ESTIMATED,"assumed single column 85.0 mm (Cell Press figure guidelines (Wayback 2025-09-11), official_guidelines_audit.csv) because aspect <= 1.25",1,0,[],,,,ESTIMATED,,,0.0067,1,0.379,0.263,http://creativecommons.org/licenses/by-nc-nd/4.0/
PMC12456964,Cell,Cell,2025,3,PRIVATE_REFERENCE_ONLY/corpus/PMC12456964/figures/Fig3.jpg,web_jpeg,738,839,0.88,85.0,ESTIMATED,"assumed single column 85.0 mm (Cell Press figure guidelines (Wayback 2025-09-11), official_guidelines_audit.csv) because aspect <= 1.25",7,97,"[{""pt"": 2.28, ""n_lines"": 19}, {""pt"": 3.19, ""n_lines"": 77}]",2.28,3.19,3.19,ESTIMATED,2.12,,0.0556,2,0.631,0.0337,http://creativecommons.org/licenses/by-nc-nd/4.0/
PMC12456964,Cell,Cell,2025,4,PRIVATE_REFERENCE_ONLY/corpus/PMC12456964/figures/Fig4.gif,web_jpeg,124,80,1.55,174.0,ESTIMATED,"assumed full width 174.0 mm (Cell Press figure guidelines (Wayback 2025-09-11), official_guidelines_audit.csv) because aspect > 1.25",1,0,[],,,,ESTIMATED,,,0.0393,2,0.499,0.0153,http://creativecommons.org/licenses/by-nc-nd/4.0/
PMC12456964,Cell,Cell,2025,5,PRIVATE_REFERENCE_ONLY/corpus/PMC12456964/figures/Fig5.gif,web_jpeg,100,88,1.136,85.0,ESTIMATED,"assumed single column 85.0 mm (Cell Press figure guidelines (Wayback 2025-09-11), official_guidelines_audit.csv) because aspect <= 1.25",1,0,[],,,,ESTIMATED,,,0.0075,4,0.667,0.5569,http://creativecommons.org/licenses/by-nc-nd/4.0/
PMC12456964,Cell,Cell,2025,6,PRIVATE_REFERENCE_ONLY/corpus/PMC12456964/figures/Fig6.gif,web_jpeg,100,117,0.855,85.0,ESTIMATED,"assumed single column 85.0 mm (Cell Press figure guidelines (Wayback 2025-09-11), official_guidelines_audit.csv) because aspect <= 1.25",1,2,[],,,,ESTIMATED,,,0.0401,4,0.513,0.3332,http://creativecommons.org/licenses/by-nc-nd/4.0/
PMC12456964,Cell,Cell,2025,7,PRIVATE_REFERENCE_ONLY/corpus/PMC12456964/figures/Fig7.gif,web_jpeg,119,80,1.488,174.0,ESTIMATED,"assumed full width 174.0 mm (Cell Press figure guidelines (Wayback 2025-09-11), official_guidelines_audit.csv) because aspect > 1.25",1,0,[],,,,ESTIMATED,,,0.0608,4,0.453,0.0071,http://creativecommons.org/licenses/by-nc-nd/4.0/
PMC12488066,Molecular Cell,Cell,2025,1,PRIVATE_REFERENCE_ONLY/corpus/PMC12488066/figures/Fig1.jpg,web_jpeg,743,373,1.992,174.0,ESTIMATED,"assumed full width 174.0 mm (Cell Press figure guidelines (Wayback 2025-09-11), official_guidelines_audit.csv) because aspect > 1.25",3,38,"[{""pt"": 4.17, ""n_lines"": 6}, {""pt"": 6.49, ""n_lines"": 22}, {""pt"": 8.81, ""n_lines"": 4}]",4.17,6.49,8.81,ESTIMATED,,,0.1011,5,0.616,0.2158,http://creativecommons.org/licenses/by-nc-nd/4.0/
PMC12488066,Molecular Cell,Cell,2025,2,PRIVATE_REFERENCE_ONLY/corpus/PMC12488066/figures/Fig2.jpg,web_jpeg,736,470,1.566,174.0,ESTIMATED,"assumed full width 174.0 mm (Cell Press figure guidelines (Wayback 2025-09-11), official_guidelines_audit.csv) because aspect > 1.25",2,45,"[{""pt"": 3.74, ""n_lines"": 6}, {""pt"": 5.62, ""n_lines"": 30}]",3.74,5.62,5.62,ESTIMATED,,,0.0831,2,0.539,0.0596,http://creativecommons.org/licenses/by-nc-nd/4.0/
PMC12488066,Molecular Cell,Cell,2025,3,PRIVATE_REFERENCE_ONLY/corpus/PMC12488066/figures/Fig3.gif,web_jpeg,100,119,0.84,85.0,ESTIMATED,"assumed single column 85.0 mm (Cell Press figure guidelines (Wayback 2025-09-11), official_guidelines_audit.csv) because aspect <= 1.25",1,0,[],,,,ESTIMATED,,,0.0694,3,0.377,0.0,http://creativecommons.org/licenses/by-nc-nd/4.0/
PMC12488066,Molecular Cell,Cell,2025,4,PRIVATE_REFERENCE_ONLY/corpus/PMC12488066/figures/Fig4.jpg,web_jpeg,753,595,1.266,174.0,ESTIMATED,"assumed full width 174.0 mm (Cell Press figure guidelines (Wayback 2025-09-11), official_guidelines_audit.csv) because aspect > 1.25",3,89,"[{""pt"": 5.49, ""n_lines"": 26}, {""pt"": 7.32, ""n_lines"": 29}, {""pt"": 9.15, ""n_lines"": 30}]",5.49,9.15,9.15,ESTIMATED,0.66,,0.1353,3,0.466,0.0269,http://creativecommons.org/licenses/by-nc-nd/4.0/
PMC12488066,Molecular Cell,Cell,2025,5,PRIVATE_REFERENCE_ONLY/corpus/PMC12488066/figures/Fig5.jpg,web_jpeg,742,637,1.165,85.0,ESTIMATED,"assumed single column 85.0 mm (Cell Press figure guidelines (Wayback 2025-09-11), official_guidelines_audit.csv) because aspect <= 1.25",7,99,"[{""pt"": 2.72, ""n_lines"": 19}, {""pt"": 3.63, ""n_lines"": 34}, {""pt"": 4.99, ""n_lines"": 32}]",2.72,3.63,4.99,ESTIMATED,,,0.069,6,0.63,0.0801,http://creativecommons.org/licenses/by-nc-nd/4.0/
PMC12488066,Molecular Cell,Cell,2025,6,PRIVATE_REFERENCE_ONLY/corpus/PMC12488066/figures/Fig6.jpg,web_jpeg,743,512,1.451,174.0,ESTIMATED,"assumed full width 174.0 mm (Cell Press figure guidelines (Wayback 2025-09-11), official_guidelines_audit.csv) because aspect > 1.25",3,102,"[{""pt"": 5.56, ""n_lines"": 22}, {""pt"": 7.42, ""n_lines"": 49}, {""pt"": 9.27, ""n_lines"": 18}]",5.56,7.42,9.27,ESTIMATED,9.29,,0.1107,3,0.544,0.0396,http://creativecommons.org/licenses/by-nc-nd/4.0/
PMC12488066,Molecular Cell,Cell,2025,7,PRIVATE_REFERENCE_ONLY/corpus/PMC12488066/figures/Fig7.gif,web_jpeg,99,91,1.088,85.0,ESTIMATED,"assumed single column 85.0 mm (Cell Press figure guidelines (Wayback 2025-09-11), official_guidelines_audit.csv) because aspect <= 1.25",1,0,[],,,,ESTIMATED,,,0.0684,3,0.46,0.0102,http://creativecommons.org/licenses/by-nc-nd/4.0/
PMC12490786,Science Translational Medicine,Science,2025,1,PRIVATE_REFERENCE_ONLY/corpus/PMC12490786/figures/Fig1.jpg,web_jpeg,1878,994,1.889,184.0,ESTIMATED,"assumed full width 184.0 mm (Science instructions for preparing initial manuscript (Wayback 2025-08-10), official_guidelines_audit.csv) because aspect > 1.25",7,153,"[{""pt"": 6.21, ""n_lines"": 41}, {""pt"": 8.15, ""n_lines"": 81}, {""pt"": 9.31, ""n_lines"": 21}]",6.21,8.15,9.31,ESTIMATED,5.0,,0.0483,3,0.449,0.0766,https://creativecommons.org/licenses/by/4.0/ (URL inferred from license text)
PMC12490786,Science Translational Medicine,Science,2025,2,PRIVATE_REFERENCE_ONLY/corpus/PMC12490786/figures/Fig2.jpg,web_jpeg,1832,1331,1.376,184.0,ESTIMATED,"assumed full width 184.0 mm (Science instructions for preparing initial manuscript (Wayback 2025-08-10), official_guidelines_audit.csv) because aspect > 1.25",11,83,"[{""pt"": 11.13, ""n_lines"": 63}]",11.13,11.13,11.13,ESTIMATED,,,0.0329,1,0.544,0.1199,https://creativecommons.org/licenses/by/4.0/ (URL inferred from license text)
PMC12490786,Science Translational Medicine,Science,2025,3,PRIVATE_REFERENCE_ONLY/corpus/PMC12490786/figures/Fig3.jpg,web_jpeg,1867,1561,1.196,57.0,ESTIMATED,"assumed single column 57.0 mm (Science instructions for preparing initial manuscript (Wayback 2025-08-10), official_guidelines_audit.csv) because aspect <= 1.25",5,174,"[{""pt"": 1.57, ""n_lines"": 29}, {""pt"": 2.18, ""n_lines"": 39}, {""pt"": 2.66, ""n_lines"": 51}, {""pt"": 3.14, ""n_lines"": 46}]",1.57,2.66,3.14,ESTIMATED,,,0.0936,3,0.658,0.1082,https://creativecommons.org/licenses/by/4.0/ (URL inferred from license text)
PMC12490786,Science Translational Medicine,Science,2025,4,PRIVATE_REFERENCE_ONLY/corpus/PMC12490786/figures/Fig4.jpg,web_jpeg,1942,1473,1.318,184.0,ESTIMATED,"assumed full width 184.0 mm (Science instructions for preparing initial manuscript (Wayback 2025-08-10), official_guidelines_audit.csv) because aspect > 1.25",8,136,"[{""pt"": 7.5, ""n_lines"": 23}, {""pt"": 9.0, ""n_lines"": 53}, {""pt"": 10.5, ""n_lines"": 24}, {""pt"": 11.63, ""n_lines"": 14}]",7.5,9.0,11.63,ESTIMATED,,,0.0773,1,0.541,0.1344,https://creativecommons.org/licenses/by/4.0/ (URL inferred from license text)
PMC12490786,Science Translational Medicine,Science,2025,5,PRIVATE_REFERENCE_ONLY/corpus/PMC12490786/figures/Fig5.jpg,web_jpeg,1910,688,2.776,184.0,ESTIMATED,"assumed full width 184.0 mm (Science instructions for preparing initial manuscript (Wayback 2025-08-10), official_guidelines_audit.csv) because aspect > 1.25",2,89,"[{""pt"": 6.48, ""n_lines"": 52}, {""pt"": 8.01, ""n_lines"": 14}]",6.48,6.48,8.01,ESTIMATED,,,0.1579,1,0.524,0.2147,https://creativecommons.org/licenses/by/4.0/ (URL inferred from license text)
PMC12490786,Science Translational Medicine,Science,2025,6,PRIVATE_REFERENCE_ONLY/corpus/PMC12490786/figures/Fig6.jpg,web_jpeg,1897,1652,1.148,57.0,ESTIMATED,"assumed single column 57.0 mm (Science instructions for preparing initial manuscript (Wayback 2025-08-10), official_guidelines_audit.csv) because aspect <= 1.25",8,146,"[{""pt"": 2.97, ""n_lines"": 117}]",2.97,2.97,2.97,ESTIMATED,,,0.0793,1,0.53,0.1415,https://creativecommons.org/licenses/by/4.0/ (URL inferred from license text)
PMC12490786,Science Translational Medicine,Science,2025,7,PRIVATE_REFERENCE_ONLY/corpus/PMC12490786/figures/Fig7.jpg,web_jpeg,1898,1364,1.391,184.0,ESTIMATED,"assumed full width 184.0 mm (Science instructions for preparing initial manuscript (Wayback 2025-08-10), official_guidelines_audit.csv) because aspect > 1.25",9,246,"[{""pt"": 3.07, ""n_lines"": 37}, {""pt"": 4.61, ""n_lines"": 53}, {""pt"": 6.14, ""n_lines"": 62}, {""pt"": 7.68, ""n_lines"": 71}]",3.07,7.68,7.68,ESTIMATED,0.55,,0.01,2,0.554,0.0591,https://creativecommons.org/licenses/by/4.0/ (URL inferred from license text)
PMC12870020,Science Translational Medicine,Science,2026,1,PRIVATE_REFERENCE_ONLY/corpus/PMC12870020/figures/Fig1.jpg,web_jpeg,1927,2100,0.918,57.0,ESTIMATED,"assumed single column 57.0 mm (Science instructions for preparing initial manuscript (Wayback 2025-08-10), official_guidelines_audit.csv) because aspect <= 1.25",3,30,"[{""pt"": 3.28, ""n_lines"": 12}, {""pt"": 4.1, ""n_lines"": 18}]",3.28,4.1,4.1,ESTIMATED,,,0.2651,3,0.736,0.1117,https://creativecommons.org/licenses/by/4.0/ (URL inferred from license text)
PMC12870020,Science Translational Medicine,Science,2026,2,PRIVATE_REFERENCE_ONLY/corpus/PMC12870020/figures/Fig2.jpg,web_jpeg,2100,2086,1.007,57.0,ESTIMATED,"assumed single column 57.0 mm (Science instructions for preparing initial manuscript (Wayback 2025-08-10), official_guidelines_audit.csv) because aspect <= 1.25",1,187,"[{""pt"": 1.61, ""n_lines"": 76}, {""pt"": 2.69, ""n_lines"": 73}, {""pt"": 3.12, ""n_lines"": 20}]",1.61,1.61,3.12,ESTIMATED,,,0.348,5,0.552,0.0775,https://creativecommons.org/licenses/by/4.0/ (URL inferred from license text)
PMC12870020,Science Translational Medicine,Science,2026,3,PRIVATE_REFERENCE_ONLY/corpus/PMC12870020/figures/Fig3.jpg,web_jpeg,1904,2100,0.907,57.0,ESTIMATED,"assumed single column 57.0 mm (Science instructions for preparing initial manuscript (Wayback 2025-08-10), official_guidelines_audit.csv) because aspect <= 1.25",1,59,"[{""pt"": 3.08, ""n_lines"": 10}, {""pt"": 3.56, ""n_lines"": 46}]",3.08,3.56,3.56,ESTIMATED,,,0.2277,1,0.765,0.1343,https://creativecommons.org/licenses/by/4.0/ (URL inferred from license text)
PMC12870020,Science Translational Medicine,Science,2026,4,PRIVATE_REFERENCE_ONLY/corpus/PMC12870020/figures/Fig4.jpg,web_jpeg,2100,1994,1.053,57.0,ESTIMATED,"assumed single column 57.0 mm (Science instructions for preparing initial manuscript (Wayback 2025-08-10), official_guidelines_audit.csv) because aspect <= 1.25",1,187,"[{""pt"": 1.61, ""n_lines"": 82}, {""pt"": 2.79, ""n_lines"": 84}]",1.61,2.79,2.79,ESTIMATED,,,0.3956,4,0.633,0.0733,https://creativecommons.org/licenses/by/4.0/ (URL inferred from license text)
PMC12870020,Science Translational Medicine,Science,2026,5,PRIVATE_REFERENCE_ONLY/corpus/PMC12870020/figures/Fig5.jpg,web_jpeg,1561,959,1.628,184.0,ESTIMATED,"assumed full width 184.0 mm (Science instructions for preparing initial manuscript (Wayback 2025-08-10), official_guidelines_audit.csv) because aspect > 1.25",2,22,"[{""pt"": 12.6, ""n_lines"": 20}]",12.6,12.6,12.6,ESTIMATED,,,0.0472,6,0.66,0.2483,https://creativecommons.org/licenses/by/4.0/ (URL inferred from license text)
PMC12916471,Cell Systems,Cell,2026,1,PRIVATE_REFERENCE_ONLY/corpus/PMC12916471/figures/Fig1.jpg,web_jpeg,736,481,1.53,174.0,ESTIMATED,"assumed full width 174.0 mm (Cell Press figure guidelines (Wayback 2025-09-11), official_guidelines_audit.csv) because aspect > 1.25",8,69,"[{""pt"": 4.68, ""n_lines"": 66}]",4.68,4.68,4.68,ESTIMATED,3.35,,0.0179,2,0.549,0.2511,http://creativecommons.org/licenses/by-nc-nd/4.0/
PMC12916471,Cell Systems,Cell,2026,2,PRIVATE_REFERENCE_ONLY/corpus/PMC12916471/figures/Fig2.gif,web_jpeg,199,79,2.519,174.0,ESTIMATED,"assumed full width 174.0 mm (Cell Press figure guidelines (Wayback 2025-09-11), official_guidelines_audit.csv) because aspect > 1.25",1,1,[],,,,ESTIMATED,,,0.0673,5,0.543,0.3201,http://creativecommons.org/licenses/by-nc-nd/4.0/
PMC12916471,Cell Systems,Cell,2026,3,PRIVATE_REFERENCE_ONLY/corpus/PMC12916471/figures/Fig3.gif,web_jpeg,107,80,1.337,174.0,ESTIMATED,"assumed full width 174.0 mm (Cell Press figure guidelines (Wayback 2025-09-11), official_guidelines_audit.csv) because aspect > 1.25",1,0,[],,,,ESTIMATED,,,0.0089,2,0.38,0.1436,http://creativecommons.org/licenses/by-nc-nd/4.0/
PMC12916471,Cell Systems,Cell,2026,4,PRIVATE_REFERENCE_ONLY/corpus/PMC12916471/figures/Fig4.gif,web_jpeg,100,88,1.136,85.0,ESTIMATED,"assumed single column 85.0 mm (Cell Press figure guidelines (Wayback 2025-09-11), official_guidelines_audit.csv) because aspect <= 1.25",1,0,[],,,,ESTIMATED,,,0.0167,2,0.364,0.1197,http://creativecommons.org/licenses/by-nc-nd/4.0/
PMC12916471,Cell Systems,Cell,2026,5,PRIVATE_REFERENCE_ONLY/corpus/PMC12916471/figures/Fig5.gif,web_jpeg,100,93,1.075,85.0,ESTIMATED,"assumed single column 85.0 mm (Cell Press figure guidelines (Wayback 2025-09-11), official_guidelines_audit.csv) because aspect <= 1.25",1,0,[],,,,ESTIMATED,,,0.1276,3,0.564,0.1969,http://creativecommons.org/licenses/by-nc-nd/4.0/
PMC12916471,Cell Systems,Cell,2026,6,PRIVATE_REFERENCE_ONLY/corpus/PMC12916471/figures/Fig6.gif,web_jpeg,100,101,0.99,85.0,ESTIMATED,"assumed single column 85.0 mm (Cell Press figure guidelines (Wayback 2025-09-11), official_guidelines_audit.csv) because aspect <= 1.25",1,1,[],,,,ESTIMATED,,,0.1076,3,0.407,0.2257,http://creativecommons.org/licenses/by-nc-nd/4.0/
PMC12951864,Nature Biotechnology,Nature,2026,1,PRIVATE_REFERENCE_ONLY/corpus/PMC12951864/typeset/fig01_typeset_600dpi.png,typeset_pdf,2920,4935,0.592,123.59,OBSERVED,,16,120,"[{""pt"": 5.36, ""n_lines"": 59}, {""pt"": 6.37, ""n_lines"": 46}]",5.36,5.36,6.37,INFERRED,,"{""0.32"": 24, ""0.25"": 14, ""0.31"": 12, ""0.33"": 12, ""0.85"": 6, ""0.50"": 3, ""2.00"": 2, ""0.26"": 1, ""0.10"": 1}",0.0773,2,0.621,0.1025,https://creativecommons.org/licenses/by-nc-nd/4.0/
PMC12951864,Nature Biotechnology,Nature,2026,2,PRIVATE_REFERENCE_ONLY/corpus/PMC12951864/typeset/fig02_typeset_600dpi.png,typeset_pdf,3299,4663,0.707,139.64,OBSERVED,,17,70,"[{""pt"": 5.36, ""n_lines"": 18}, {""pt"": 6.37, ""n_lines"": 30}]",5.36,6.37,6.37,INFERRED,,"{""0.30"": 54, ""0.31"": 36, ""0.29"": 18, ""0.25"": 15, ""0.26"": 10, ""0.27"": 1}",0.1072,2,0.794,0.2817,https://creativecommons.org/licenses/by-nc-nd/4.0/
PMC12951864,Nature Biotechnology,Nature,2026,3,PRIVATE_REFERENCE_ONLY/corpus/PMC12951864/typeset/fig03_typeset_600dpi.png,typeset_pdf,4419,3075,1.437,187.0,OBSERVED,,6,75,"[{""pt"": 5.53, ""n_lines"": 24}, {""pt"": 6.53, ""n_lines"": 43}]",5.53,6.53,6.53,INFERRED,,"{""0.07"": 24, ""0.50"": 14, ""0.06"": 14, ""0.42"": 12, ""0.25"": 8, ""0.69"": 3}",0.0217,2,0.755,0.0379,https://creativecommons.org/licenses/by-nc-nd/4.0/
PMC12951864,Nature Biotechnology,Nature,2026,4,PRIVATE_REFERENCE_ONLY/corpus/PMC12951864/typeset/fig04_typeset_600dpi.png,typeset_pdf,4374,4770,0.917,185.12,OBSERVED,,1,255,"[{""pt"": 3.52, ""n_lines"": 40}, {""pt"": 4.52, ""n_lines"": 114}, {""pt"": 5.53, ""n_lines"": 86}]",3.52,4.52,5.53,INFERRED,,"{""2.93"": 43, ""0.24"": 16, ""0.22"": 2}",0.1465,1,0.577,0.1068,https://creativecommons.org/licenses/by-nc-nd/4.0/
PMC12951864,Nature Biotechnology,Nature,2026,5,PRIVATE_REFERENCE_ONLY/corpus/PMC12951864/figures/Fig5.gif,web_jpeg,100,198,0.505,89.0,ESTIMATED,"assumed single column 89.0 mm (Nature figure guide / final-submission page, official_guidelines_audit.csv 2026-09-16) because aspect <= 1.25",1,0,[],,,,ESTIMATED,,,0.0525,4,0.749,0.3869,https://creativecommons.org/licenses/by-nc-nd/4.0/
PMC12951864,Nature Biotechnology,Nature,2026,6,PRIVATE_REFERENCE_ONLY/corpus/PMC12951864/typeset/fig06_typeset_600dpi.png,typeset_pdf,4355,3445,1.264,184.34,OBSERVED,,1,112,"[{""pt"": 4.52, ""n_lines"": 39}, {""pt"": 5.53, ""n_lines"": 55}]",4.52,5.53,5.53,INFERRED,,"{""0.25"": 35, ""0.32"": 32, ""0.35"": 32, ""0.30"": 12, ""0.33"": 8, ""0.31"": 8, ""0.50"": 3}",0.0522,3,0.884,0.2078,https://creativecommons.org/licenses/by-nc-nd/4.0/
PMC13004167,Science,Science,2026,1,PRIVATE_REFERENCE_ONLY/corpus/PMC13004167/figures/Fig1.jpg,web_jpeg,1222,1630,0.75,57.0,ESTIMATED,"assumed single column 57.0 mm (Science instructions for preparing initial manuscript (Wayback 2025-08-10), official_guidelines_audit.csv) because aspect <= 1.25",9,129,"[{""pt"": 3.32, ""n_lines"": 88}, {""pt"": 4.25, ""n_lines"": 17}]",3.32,3.32,4.25,ESTIMATED,0.13,,0.0324,4,0.618,0.0529,https://creativecommons.org/licenses/by/4.0/ (URL inferred from license text)
PMC13004167,Science,Science,2026,2,PRIVATE_REFERENCE_ONLY/corpus/PMC13004167/figures/Fig2.jpg,web_jpeg,1230,1562,0.787,57.0,ESTIMATED,"assumed single column 57.0 mm (Science instructions for preparing initial manuscript (Wayback 2025-08-10), official_guidelines_audit.csv) because aspect <= 1.25",6,188,"[{""pt"": 1.83, ""n_lines"": 29}, {""pt"": 3.12, ""n_lines"": 126}]",1.83,3.12,3.12,ESTIMATED,1.71,,0.0236,4,0.605,0.0499,https://creativecommons.org/licenses/by/4.0/ (URL inferred from license text)
PMC13004167,Science,Science,2026,3,PRIVATE_REFERENCE_ONLY/corpus/PMC13004167/figures/Fig3.jpg,web_jpeg,1220,1757,0.694,57.0,ESTIMATED,"assumed single column 57.0 mm (Science instructions for preparing initial manuscript (Wayback 2025-08-10), official_guidelines_audit.csv) because aspect <= 1.25",5,159,"[{""pt"": 1.48, ""n_lines"": 19}, {""pt"": 2.03, ""n_lines"": 16}, {""pt"": 3.33, ""n_lines"": 100}]",1.48,3.33,3.33,ESTIMATED,1.72,,0.0808,3,0.552,0.055,https://creativecommons.org/licenses/by/4.0/ (URL inferred from license text)
PMC13004167,Science,Science,2026,4,PRIVATE_REFERENCE_ONLY/corpus/PMC13004167/figures/Fig4.jpg,web_jpeg,1233,1682,0.733,57.0,ESTIMATED,"assumed single column 57.0 mm (Science instructions for preparing initial manuscript (Wayback 2025-08-10), official_guidelines_audit.csv) because aspect <= 1.25",9,176,"[{""pt"": 0.92, ""n_lines"": 29}, {""pt"": 1.46, ""n_lines"": 22}, {""pt"": 3.29, ""n_lines"": 98}]",0.92,3.29,3.29,ESTIMATED,1.7,,0.0435,4,0.574,0.0519,https://creativecommons.org/licenses/by/4.0/ (URL inferred from license text)
PMC13004167,Science,Science,2026,5,PRIVATE_REFERENCE_ONLY/corpus/PMC13004167/figures/Fig5.jpg,web_jpeg,1187,1693,0.701,57.0,ESTIMATED,"assumed single column 57.0 mm (Science instructions for preparing initial manuscript (Wayback 2025-08-10), official_guidelines_audit.csv) because aspect <= 1.25",12,167,"[{""pt"": 3.23, ""n_lines"": 130}]",3.23,3.23,3.23,ESTIMATED,0.82,,0.077,5,0.768,0.0793,https://creativecommons.org/licenses/by/4.0/ (URL inferred from license text)
PMC13004167,Science,Science,2026,6,PRIVATE_REFERENCE_ONLY/corpus/PMC13004167/figures/Fig6.jpg,web_jpeg,1397,1497,0.933,57.0,ESTIMATED,"assumed single column 57.0 mm (Science instructions for preparing initial manuscript (Wayback 2025-08-10), official_guidelines_audit.csv) because aspect <= 1.25",1,52,"[{""pt"": 2.1, ""n_lines"": 6}, {""pt"": 3.39, ""n_lines"": 26}]",2.1,3.39,3.39,ESTIMATED,,,0.1493,3,0.596,0.0527,https://creativecommons.org/licenses/by/4.0/ (URL inferred from license text)
PMC13004167,Science,Science,2026,7,PRIVATE_REFERENCE_ONLY/corpus/PMC13004167/figures/Fig7.jpg,web_jpeg,1229,1743,0.705,57.0,ESTIMATED,"assumed single column 57.0 mm (Science instructions for preparing initial manuscript (Wayback 2025-08-10), official_guidelines_audit.csv) because aspect <= 1.25",7,126,"[{""pt"": 2.39, ""n_lines"": 29}, {""pt"": 2.57, ""n_lines"": 16}, {""pt"": 3.31, ""n_lines"": 36}]",2.39,3.31,3.31,ESTIMATED,,,0.0712,5,0.63,0.0551,https://creativecommons.org/licenses/by/4.0/ (URL inferred from license text)
PMC13035345,Science Translational Medicine,Science,2025,1,PRIVATE_REFERENCE_ONLY/corpus/PMC13035345/figures/Fig1.jpg,web_jpeg,1810,824,2.197,184.0,ESTIMATED,"assumed full width 184.0 mm (Science instructions for preparing initial manuscript (Wayback 2025-08-10), official_guidelines_audit.csv) because aspect > 1.25",4,61,"[{""pt"": 7.24, ""n_lines"": 39}]",7.24,7.24,7.24,ESTIMATED,,,0.0447,2,0.53,0.0893,https://creativecommons.org/licenses/by/4.0/ (URL inferred from license text)
PMC13035345,Science Translational Medicine,Science,2025,2,PRIVATE_REFERENCE_ONLY/corpus/PMC13035345/figures/Fig2.jpg,web_jpeg,1012,1693,0.598,57.0,ESTIMATED,"assumed single column 57.0 mm (Science instructions for preparing initial manuscript (Wayback 2025-08-10), official_guidelines_audit.csv) because aspect <= 1.25",7,99,"[{""pt"": 1.67, ""n_lines"": 22}, {""pt"": 4.01, ""n_lines"": 42}]",1.67,4.01,4.01,ESTIMATED,1.12,,0.0304,3,0.619,0.0825,https://creativecommons.org/licenses/by/4.0/ (URL inferred from license text)
PMC13035345,Science Translational Medicine,Science,2025,3,PRIVATE_REFERENCE_ONLY/corpus/PMC13035345/figures/Fig3.jpg,web_jpeg,1182,1735,0.681,57.0,ESTIMATED,"assumed single column 57.0 mm (Science instructions for preparing initial manuscript (Wayback 2025-08-10), official_guidelines_audit.csv) because aspect <= 1.25",14,93,"[{""pt"": 1.53, ""n_lines"": 31}, {""pt"": 3.44, ""n_lines"": 49}]",1.53,3.44,3.44,ESTIMATED,,,0.0086,2,0.603,0.0541,https://creativecommons.org/licenses/by/4.0/ (URL inferred from license text)
PMC13035345,Science Translational Medicine,Science,2025,4,PRIVATE_REFERENCE_ONLY/corpus/PMC13035345/figures/Fig4.jpg,web_jpeg,1314,777,1.691,184.0,ESTIMATED,"assumed full width 184.0 mm (Science instructions for preparing initial manuscript (Wayback 2025-08-10), official_guidelines_audit.csv) because aspect > 1.25",8,59,"[{""pt"": 2.22, ""n_lines"": 6}, {""pt"": 4.44, ""n_lines"": 7}, {""pt"": 9.98, ""n_lines"": 37}]",2.22,9.98,9.98,ESTIMATED,,,0.0069,2,0.643,0.0494,https://creativecommons.org/licenses/by/4.0/ (URL inferred from license text)
PMC13035345,Science Translational Medicine,Science,2025,5,PRIVATE_REFERENCE_ONLY/corpus/PMC13035345/figures/Fig5.jpg,web_jpeg,1595,807,1.976,184.0,ESTIMATED,"assumed full width 184.0 mm (Science instructions for preparing initial manuscript (Wayback 2025-08-10), official_guidelines_audit.csv) because aspect > 1.25",7,59,"[{""pt"": 3.2, ""n_lines"": 6}, {""pt"": 6.39, ""n_lines"": 6}, {""pt"": 8.22, ""n_lines"": 32}]",3.2,8.22,8.22,ESTIMATED,,,0.0085,2,0.637,0.0507,https://creativecommons.org/licenses/by/4.0/ (URL inferred from license text)
PMC13035345,Science Translational Medicine,Science,2025,6,PRIVATE_REFERENCE_ONLY/corpus/PMC13035345/figures/Fig6.jpg,web_jpeg,1780,1100,1.618,184.0,ESTIMATED,"assumed full width 184.0 mm (Science instructions for preparing initial manuscript (Wayback 2025-08-10), official_guidelines_audit.csv) because aspect > 1.25",11,116,"[{""pt"": 2.86, ""n_lines"": 24}, {""pt"": 4.5, ""n_lines"": 12}, {""pt"": 7.37, ""n_lines"": 52}, {""pt"": 9.41, ""n_lines"": 12}]",2.86,7.37,9.41,ESTIMATED,0.59,,0.0079,3,0.669,0.0989,https://creativecommons.org/licenses/by/4.0/ (URL inferred from license text)
PMC13041778,Science,Science,2026,1,PRIVATE_REFERENCE_ONLY/corpus/PMC13041778/figures/Fig1.jpg,web_jpeg,1755,2100,0.836,57.0,ESTIMATED,"assumed single column 57.0 mm (Science instructions for preparing initial manuscript (Wayback 2025-08-10), official_guidelines_audit.csv) because aspect <= 1.25",2,166,"[{""pt"": 2.57, ""n_lines"": 136}]",2.57,2.57,2.57,ESTIMATED,0.55,,0.0373,2,0.675,0.0831,https://creativecommons.org/licenses/by/4.0/ (URL inferred from license text)
PMC13041778,Science,Science,2026,2,PRIVATE_REFERENCE_ONLY/corpus/PMC13041778/figures/Fig2.jpg,web_jpeg,2100,1217,1.726,184.0,ESTIMATED,"assumed full width 184.0 mm (Science instructions for preparing initial manuscript (Wayback 2025-08-10), official_guidelines_audit.csv) because aspect > 1.25",1,75,"[{""pt"": 8.67, ""n_lines"": 55}]",8.67,8.67,8.67,ESTIMATED,1.37,,0.0159,3,0.426,0.0659,https://creativecommons.org/licenses/by/4.0/ (URL inferred from license text)
PMC13041778,Science,Science,2026,3,PRIVATE_REFERENCE_ONLY/corpus/PMC13041778/figures/Fig3.jpg,web_jpeg,2100,1717,1.223,57.0,ESTIMATED,"assumed single column 57.0 mm (Science instructions for preparing initial manuscript (Wayback 2025-08-10), official_guidelines_audit.csv) because aspect <= 1.25",1,76,"[{""pt"": 2.69, ""n_lines"": 55}]",2.69,2.69,2.69,ESTIMATED,0.19,,0.0414,2,0.518,0.1856,https://creativecommons.org/licenses/by/4.0/ (URL inferred from license text)
PMC13041778,Science,Science,2026,4,PRIVATE_REFERENCE_ONLY/corpus/PMC13041778/figures/Fig4.jpg,web_jpeg,1690,2100,0.805,57.0,ESTIMATED,"assumed single column 57.0 mm (Science instructions for preparing initial manuscript (Wayback 2025-08-10), official_guidelines_audit.csv) because aspect <= 1.25",1,250,"[{""pt"": 2.67, ""n_lines"": 159}]",2.67,2.67,2.67,ESTIMATED,1.29,,0.1035,2,0.502,0.0838,https://creativecommons.org/licenses/by/4.0/ (URL inferred from license text)
PMC13041778,Science,Science,2026,5,PRIVATE_REFERENCE_ONLY/corpus/PMC13041778/figures/Fig5.jpg,web_jpeg,2100,1871,1.122,57.0,ESTIMATED,"assumed single column 57.0 mm (Science instructions for preparing initial manuscript (Wayback 2025-08-10), official_guidelines_audit.csv) because aspect <= 1.25",4,112,"[{""pt"": 2.69, ""n_lines"": 72}]",2.69,2.69,2.69,ESTIMATED,0.23,,0.0024,1,0.38,0.0682,https://creativecommons.org/licenses/by/4.0/ (URL inferred from license text)
PMC13041778,Science,Science,2026,6,PRIVATE_REFERENCE_ONLY/corpus/PMC13041778/figures/Fig6.jpg,web_jpeg,2100,1058,1.985,184.0,ESTIMATED,"assumed full width 184.0 mm (Science instructions for preparing initial manuscript (Wayback 2025-08-10), official_guidelines_audit.csv) because aspect > 1.25",4,58,"[{""pt"": 4.68, ""n_lines"": 6}, {""pt"": 6.07, ""n_lines"": 6}, {""pt"": 7.28, ""n_lines"": 27}, {""pt"": 8.67, ""n_lines"": 7}]",4.68,7.28,8.67,ESTIMATED,3.1,,0.0158,4,0.418,0.0446,https://creativecommons.org/licenses/by/4.0/ (URL inferred from license text)
PMC13050621,Nature Biotechnology,Nature,2026,1,PRIVATE_REFERENCE_ONLY/corpus/PMC13050621/typeset/fig01_typeset_600dpi.png,typeset_pdf,3711,2674,1.388,157.06,OBSERVED,,7,129,"[{""pt"": 5.53, ""n_lines"": 27}, {""pt"": 6.53, ""n_lines"": 36}, {""pt"": 8.38, ""n_lines"": 21}]",5.53,6.53,8.38,INFERRED,,"{""1.00"": 20, ""0.50"": 7, ""0.25"": 2}",0.0103,2,0.402,0.2069,https://creativecommons.org/licenses/by-nc-nd/4.0/
PMC13050621,Nature Biotechnology,Nature,2026,2,PRIVATE_REFERENCE_ONLY/corpus/PMC13050621/typeset/fig02_typeset_600dpi.png,typeset_pdf,2210,3209,0.689,93.51,OBSERVED,,9,110,"[{""pt"": 3.52, ""n_lines"": 18}, {""pt"": 5.36, ""n_lines"": 17}, {""pt"": 7.04, ""n_lines"": 21}]",3.52,7.04,7.04,INFERRED,,"{""0.50"": 12, ""0.25"": 1}",0.0,0,0.0,0.3151,https://creativecommons.org/licenses/by-nc-nd/4.0/
PMC13050621,Nature Biotechnology,Nature,2026,3,PRIVATE_REFERENCE_ONLY/corpus/PMC13050621/figures/Fig3.webp,web_jpeg,1600,1856,0.862,89.0,ESTIMATED,"assumed single column 89.0 mm (Nature figure guide / final-submission page, official_guidelines_audit.csv 2026-09-16) because aspect <= 1.25",14,119,"[{""pt"": 2.64, ""n_lines"": 30}, {""pt"": 3.08, ""n_lines"": 65}, {""pt"": 3.52, ""n_lines"": 17}]",2.64,3.08,3.52,ESTIMATED,1.26,,0.1836,3,0.714,0.1707,https://creativecommons.org/licenses/by-nc-nd/4.0/
PMC13050621,Nature Biotechnology,Nature,2026,4,PRIVATE_REFERENCE_ONLY/corpus/PMC13050621/typeset/fig04_typeset_600dpi.png,typeset_pdf,4438,3713,1.195,187.84,OBSERVED,,10,48,"[{""pt"": 6.54, ""n_lines"": 31}]",6.54,6.54,6.54,INFERRED,,"{""0.50"": 60, ""1.00"": 6}",0.1905,2,0.741,0.4816,https://creativecommons.org/licenses/by-nc-nd/4.0/
PMC13050621,Nature Biotechnology,Nature,2026,5,PRIVATE_REFERENCE_ONLY/corpus/PMC13050621/typeset/fig05_typeset_600dpi.png,typeset_pdf,4423,3305,1.338,187.19,OBSERVED,,9,35,"[{""pt"": 7.04, ""n_lines"": 29}]",7.04,7.04,7.04,INFERRED,10.2,"{""0.50"": 18, ""0.25"": 15, ""1.00"": 6}",0.3357,1,0.786,0.551,https://creativecommons.org/licenses/by-nc-nd/4.0/
PMC13050621,Nature Biotechnology,Nature,2026,6,PRIVATE_REFERENCE_ONLY/corpus/PMC13050621/typeset/fig06_typeset_600dpi.png,typeset_pdf,4350,4392,0.99,184.11,OBSERVED,,11,38,"[{""pt"": 5.53, ""n_lines"": 15}, {""pt"": 6.53, ""n_lines"": 21}]",5.53,6.53,6.53,INFERRED,,"{""0.50"": 55, ""0.25"": 34, ""1.00"": 4}",0.1393,3,0.854,0.5448,https://creativecommons.org/licenses/by-nc-nd/4.0/
PMC13061089,Science Translational Medicine,Science,2026,1,PRIVATE_REFERENCE_ONLY/corpus/PMC13061089/figures/Fig1.jpg,web_jpeg,2100,980,2.143,184.0,ESTIMATED,"assumed full width 184.0 mm (Science instructions for preparing initial manuscript (Wayback 2025-08-10), official_guidelines_audit.csv) because aspect > 1.25",4,66,"[{""pt"": 5.2, ""n_lines"": 11}, {""pt"": 5.55, ""n_lines"": 32}, {""pt"": 7.63, ""n_lines"": 17}]",5.2,5.55,7.63,ESTIMATED,8.94,,0.0201,3,0.438,0.0289,https://creativecommons.org/licenses/by/4.0/ (URL inferred from license text)
PMC13061089,Science Translational Medicine,Science,2026,2,PRIVATE_REFERENCE_ONLY/corpus/PMC13061089/figures/Fig2.gif,web_jpeg,100,83,1.205,57.0,ESTIMATED,"assumed single column 57.0 mm (Science instructions for preparing initial manuscript (Wayback 2025-08-10), official_guidelines_audit.csv) because aspect <= 1.25",1,1,[],,,,ESTIMATED,,,0.041,5,0.333,0.0086,https://creativecommons.org/licenses/by/4.0/ (URL inferred from license text)
PMC13061089,Science Translational Medicine,Science,2026,3,PRIVATE_REFERENCE_ONLY/corpus/PMC13061089/figures/Fig3.jpg,web_jpeg,2100,1237,1.698,184.0,ESTIMATED,"assumed full width 184.0 mm (Science instructions for preparing initial manuscript (Wayback 2025-08-10), official_guidelines_audit.csv) because aspect > 1.25",5,58,"[{""pt"": 5.55, ""n_lines"": 6}, {""pt"": 6.59, ""n_lines"": 22}, {""pt"": 8.33, ""n_lines"": 9}, {""pt"": 10.41, ""n_lines"": 15}]",5.55,6.59,10.41,ESTIMATED,,,0.0734,3,0.73,0.1799,https://creativecommons.org/licenses/by/4.0/ (URL inferred from license text)
PMC13061089,Science Translational Medicine,Science,2026,4,PRIVATE_REFERENCE_ONLY/corpus/PMC13061089/figures/Fig4.gif,web_jpeg,100,108,0.926,57.0,ESTIMATED,"assumed single column 57.0 mm (Science instructions for preparing initial manuscript (Wayback 2025-08-10), official_guidelines_audit.csv) because aspect <= 1.25",1,0,[],,,,ESTIMATED,,,0.0689,6,0.582,0.0338,https://creativecommons.org/licenses/by/4.0/ (URL inferred from license text)
PMC13061089,Science Translational Medicine,Science,2026,5,PRIVATE_REFERENCE_ONLY/corpus/PMC13061089/figures/Fig5.jpg,web_jpeg,2100,2004,1.048,57.0,ESTIMATED,"assumed single column 57.0 mm (Science instructions for preparing initial manuscript (Wayback 2025-08-10), official_guidelines_audit.csv) because aspect <= 1.25",3,101,"[{""pt"": 0.97, ""n_lines"": 18}, {""pt"": 2.04, ""n_lines"": 48}]",0.97,2.04,2.04,ESTIMATED,,,0.0172,2,0.704,0.0456,https://creativecommons.org/licenses/by/4.0/ (URL inferred from license text)
PMC13061089,Science Translational Medicine,Science,2026,6,PRIVATE_REFERENCE_ONLY/corpus/PMC13061089/figures/Fig6.gif,web_jpeg,100,45,2.222,184.0,ESTIMATED,"assumed full width 184.0 mm (Science instructions for preparing initial manuscript (Wayback 2025-08-10), official_guidelines_audit.csv) because aspect > 1.25",1,0,[],,,,ESTIMATED,,,0.0136,5,0.359,0.0231,https://creativecommons.org/licenses/by/4.0/ (URL inferred from license text)
PMC13083267,Cell Systems,Cell,2026,1,PRIVATE_REFERENCE_ONLY/corpus/PMC13083267/figures/Fig1.jpg,web_jpeg,724,565,1.281,174.0,ESTIMATED,"assumed full width 174.0 mm (Cell Press figure guidelines (Wayback 2025-09-11), official_guidelines_audit.csv) because aspect > 1.25",1,98,"[{""pt"": 6.66, ""n_lines"": 31}, {""pt"": 9.51, ""n_lines"": 61}]",6.66,9.51,9.51,ESTIMATED,8.18,,0.0427,2,0.6,0.0578,http://creativecommons.org/licenses/by/4.0/
PMC13083267,Cell Systems,Cell,2026,2,PRIVATE_REFERENCE_ONLY/corpus/PMC13083267/figures/Fig2.gif,web_jpeg,113,79,1.43,174.0,ESTIMATED,"assumed full width 174.0 mm (Cell Press figure guidelines (Wayback 2025-09-11), official_guidelines_audit.csv) because aspect > 1.25",3,0,[],,,,ESTIMATED,,,0.1027,1,0.347,0.0,http://creativecommons.org/licenses/by/4.0/
PMC13083267,Cell Systems,Cell,2026,3,PRIVATE_REFERENCE_ONLY/corpus/PMC13083267/figures/Fig3.gif,web_jpeg,99,85,1.165,85.0,ESTIMATED,"assumed single column 85.0 mm (Cell Press figure guidelines (Wayback 2025-09-11), official_guidelines_audit.csv) because aspect <= 1.25",1,0,[],,,,ESTIMATED,,,0.0062,1,0.276,0.0,http://creativecommons.org/licenses/by/4.0/
PMC13083267,Cell Systems,Cell,2026,4,PRIVATE_REFERENCE_ONLY/corpus/PMC13083267/figures/Fig4.gif,web_jpeg,100,105,0.952,85.0,ESTIMATED,"assumed single column 85.0 mm (Cell Press figure guidelines (Wayback 2025-09-11), official_guidelines_audit.csv) because aspect <= 1.25",1,0,[],,,,ESTIMATED,,,0.0286,2,0.318,0.0022,http://creativecommons.org/licenses/by/4.0/
PMC13092281,Science,Science,2026,1,PRIVATE_REFERENCE_ONLY/corpus/PMC13092281/figures/Fig1.jpg,web_jpeg,1800,1110,1.622,184.0,ESTIMATED,"assumed full width 184.0 mm (Science instructions for preparing initial manuscript (Wayback 2025-08-10), official_guidelines_audit.csv) because aspect > 1.25",1,143,"[{""pt"": 5.67, ""n_lines"": 96}, {""pt"": 6.48, ""n_lines"": 27}]",5.67,5.67,6.48,ESTIMATED,2.9,,0.0595,4,0.64,0.0707,https://creativecommons.org/licenses/by/4.0/ (URL inferred from license text)
PMC13092281,Science,Science,2026,2,PRIVATE_REFERENCE_ONLY/corpus/PMC13092281/figures/Fig2.jpg,web_jpeg,1800,988,1.822,184.0,ESTIMATED,"assumed full width 184.0 mm (Science instructions for preparing initial manuscript (Wayback 2025-08-10), official_guidelines_audit.csv) because aspect > 1.25",7,134,"[{""pt"": 4.05, ""n_lines"": 17}, {""pt"": 5.67, ""n_lines"": 65}, {""pt"": 6.48, ""n_lines"": 47}]",4.05,5.67,6.48,ESTIMATED,,,0.0363,3,0.659,0.0553,https://creativecommons.org/licenses/by/4.0/ (URL inferred from license text)
PMC13092281,Science,Science,2026,3,PRIVATE_REFERENCE_ONLY/corpus/PMC13092281/figures/Fig3.jpg,web_jpeg,1800,1302,1.382,184.0,ESTIMATED,"assumed full width 184.0 mm (Science instructions for preparing initial manuscript (Wayback 2025-08-10), official_guidelines_audit.csv) because aspect > 1.25",1,137,"[{""pt"": 4.86, ""n_lines"": 14}, {""pt"": 5.67, ""n_lines"": 41}, {""pt"": 6.48, ""n_lines"": 69}]",4.86,6.48,6.48,ESTIMATED,6.66,,0.0843,3,0.7,0.0862,https://creativecommons.org/licenses/by/4.0/ (URL inferred from license text)
PMC13092281,Science,Science,2026,4,PRIVATE_REFERENCE_ONLY/corpus/PMC13092281/figures/Fig4.jpg,web_jpeg,1480,1800,0.822,57.0,ESTIMATED,"assumed single column 57.0 mm (Science instructions for preparing initial manuscript (Wayback 2025-08-10), official_guidelines_audit.csv) because aspect <= 1.25",3,199,"[{""pt"": 1.68, ""n_lines"": 25}, {""pt"": 1.98, ""n_lines"": 124}]",1.68,1.98,1.98,ESTIMATED,1.97,,0.1422,4,0.692,0.1058,https://creativecommons.org/licenses/by/4.0/ (URL inferred from license text)
PMC13092281,Science,Science,2026,5,PRIVATE_REFERENCE_ONLY/corpus/PMC13092281/figures/Fig5.jpg,web_jpeg,1549,1800,0.861,57.0,ESTIMATED,"assumed single column 57.0 mm (Science instructions for preparing initial manuscript (Wayback 2025-08-10), official_guidelines_audit.csv) because aspect <= 1.25",3,120,"[{""pt"": 2.19, ""n_lines"": 50}, {""pt"": 2.77, ""n_lines"": 26}]",2.19,2.19,2.77,ESTIMATED,3.02,,0.0653,4,0.653,0.0975,https://creativecommons.org/licenses/by/4.0/ (URL inferred from license text)
PMC13092281,Science,Science,2026,6,PRIVATE_REFERENCE_ONLY/corpus/PMC13092281/figures/Fig6.jpg,web_jpeg,1800,1207,1.491,184.0,ESTIMATED,"assumed full width 184.0 mm (Science instructions for preparing initial manuscript (Wayback 2025-08-10), official_guidelines_audit.csv) because aspect > 1.25",1,118,"[{""pt"": 3.64, ""n_lines"": 14}, {""pt"": 6.07, ""n_lines"": 50}, {""pt"": 6.88, ""n_lines"": 37}]",3.64,6.07,6.88,ESTIMATED,9.27,,0.0804,5,0.741,0.1027,https://creativecommons.org/licenses/by/4.0/ (URL inferred from license text)
PMC13107528,Science,Science,2026,1,PRIVATE_REFERENCE_ONLY/corpus/PMC13107528/figures/Fig1.jpg,web_jpeg,1097,2100,0.522,57.0,ESTIMATED,"assumed single column 57.0 mm (Science instructions for preparing initial manuscript (Wayback 2025-08-10), official_guidelines_audit.csv) because aspect <= 1.25",1,87,"[{""pt"": 2.26, ""n_lines"": 10}, {""pt"": 2.88, ""n_lines"": 23}, {""pt"": 3.29, ""n_lines"": 31}, {""pt"": 3.91, ""n_lines"": 13}]",2.26,3.29,3.91,ESTIMATED,0.74,,0.0453,1,0.973,0.3725,https://www.science.org/about/science-licenses-journal-article-reuse
PMC13107528,Science,Science,2026,2,PRIVATE_REFERENCE_ONLY/corpus/PMC13107528/figures/Fig2.jpg,web_jpeg,2081,2100,0.991,57.0,ESTIMATED,"assumed single column 57.0 mm (Science instructions for preparing initial manuscript (Wayback 2025-08-10), official_guidelines_audit.csv) because aspect <= 1.25",5,70,"[{""pt"": 2.39, ""n_lines"": 9}, {""pt"": 3.04, ""n_lines"": 8}, {""pt"": 3.58, ""n_lines"": 25}, {""pt"": 4.12, ""n_lines"": 24}]",2.39,3.58,4.12,ESTIMATED,,,0.0154,2,0.929,0.0523,https://www.science.org/about/science-licenses-journal-article-reuse
PMC13107528,Science,Science,2026,3,PRIVATE_REFERENCE_ONLY/corpus/PMC13107528/figures/Fig3.jpg,web_jpeg,1555,2100,0.74,57.0,ESTIMATED,"assumed single column 57.0 mm (Science instructions for preparing initial manuscript (Wayback 2025-08-10), official_guidelines_audit.csv) because aspect <= 1.25",11,88,"[{""pt"": 1.45, ""n_lines"": 19}, {""pt"": 2.61, ""n_lines"": 48}]",1.45,2.61,2.61,ESTIMATED,0.31,,0.0239,3,0.662,0.2744,https://www.science.org/about/science-licenses-journal-article-reuse
PMC13107528,Science,Science,2026,4,PRIVATE_REFERENCE_ONLY/corpus/PMC13107528/figures/Fig4.jpg,web_jpeg,2015,2100,0.96,57.0,ESTIMATED,"assumed single column 57.0 mm (Science instructions for preparing initial manuscript (Wayback 2025-08-10), official_guidelines_audit.csv) because aspect <= 1.25",1,106,"[{""pt"": 1.46, ""n_lines"": 21}, {""pt"": 2.24, ""n_lines"": 63}, {""pt"": 2.58, ""n_lines"": 11}]",1.46,2.24,2.58,ESTIMATED,0.32,,0.0352,3,0.859,0.2494,https://www.science.org/about/science-licenses-journal-article-reuse
PMC13107528,Science,Science,2026,5,PRIVATE_REFERENCE_ONLY/corpus/PMC13107528/figures/Fig5.jpg,web_jpeg,1600,2100,0.762,57.0,ESTIMATED,"assumed single column 57.0 mm (Science instructions for preparing initial manuscript (Wayback 2025-08-10), official_guidelines_audit.csv) because aspect <= 1.25",1,279,"[{""pt"": 1.41, ""n_lines"": 61}, {""pt"": 2.26, ""n_lines"": 62}, {""pt"": 2.54, ""n_lines"": 90}]",1.41,2.54,2.54,ESTIMATED,0.45,,0.0339,3,0.581,0.0634,https://www.science.org/about/science-licenses-journal-article-reuse
PMC13107528,Science,Science,2026,6,PRIVATE_REFERENCE_ONLY/corpus/PMC13107528/figures/Fig6.jpg,web_jpeg,2100,1868,1.124,57.0,ESTIMATED,"assumed single column 57.0 mm (Science instructions for preparing initial manuscript (Wayback 2025-08-10), official_guidelines_audit.csv) because aspect <= 1.25",9,95,"[{""pt"": 1.5, ""n_lines"": 24}, {""pt"": 1.93, ""n_lines"": 10}, {""pt"": 2.58, ""n_lines"": 55}]",1.5,2.58,2.58,ESTIMATED,0.31,,0.0221,2,0.95,0.2034,https://www.science.org/about/science-licenses-journal-article-reuse
PMC13124201,Science,Science,2026,1,PRIVATE_REFERENCE_ONLY/corpus/PMC13124201/figures/Fig1.jpg,web_jpeg,1368,1597,0.857,57.0,ESTIMATED,"assumed single column 57.0 mm (Science instructions for preparing initial manuscript (Wayback 2025-08-10), official_guidelines_audit.csv) because aspect <= 1.25",1,50,"[{""pt"": 2.14, ""n_lines"": 5}, {""pt"": 3.13, ""n_lines"": 38}]",2.14,3.13,3.13,ESTIMATED,,,0.1202,2,0.69,0.4601,https://www.science.org/about/science-licenses-journal-article-reuse
PMC13124201,Science,Science,2026,2,PRIVATE_REFERENCE_ONLY/corpus/PMC13124201/figures/Fig2.jpg,web_jpeg,1321,1565,0.844,57.0,ESTIMATED,"assumed single column 57.0 mm (Science instructions for preparing initial manuscript (Wayback 2025-08-10), official_guidelines_audit.csv) because aspect <= 1.25",1,115,"[{""pt"": 3.25, ""n_lines"": 101}]",3.25,3.25,3.25,ESTIMATED,,,0.0955,2,0.585,0.1928,https://www.science.org/about/science-licenses-journal-article-reuse
PMC13124201,Science,Science,2026,3,PRIVATE_REFERENCE_ONLY/corpus/PMC13124201/figures/Fig3.gif,web_jpeg,100,127,0.787,57.0,ESTIMATED,"assumed single column 57.0 mm (Science instructions for preparing initial manuscript (Wayback 2025-08-10), official_guidelines_audit.csv) because aspect <= 1.25",1,1,[],,,,ESTIMATED,,,0.1617,4,0.631,0.1743,https://www.science.org/about/science-licenses-journal-article-reuse
PMC13124201,Science,Science,2026,4,PRIVATE_REFERENCE_ONLY/corpus/PMC13124201/figures/Fig4.gif,web_jpeg,100,130,0.769,57.0,ESTIMATED,"assumed single column 57.0 mm (Science instructions for preparing initial manuscript (Wayback 2025-08-10), official_guidelines_audit.csv) because aspect <= 1.25",1,0,[],,,,ESTIMATED,,,0.1436,5,0.522,0.2794,https://www.science.org/about/science-licenses-journal-article-reuse
PMC13124201,Science,Science,2026,5,PRIVATE_REFERENCE_ONLY/corpus/PMC13124201/figures/Fig5.jpg,web_jpeg,1291,1646,0.784,57.0,ESTIMATED,"assumed single column 57.0 mm (Science instructions for preparing initial manuscript (Wayback 2025-08-10), official_guidelines_audit.csv) because aspect <= 1.25",3,106,"[{""pt"": 3.32, ""n_lines"": 70}]",3.32,3.32,3.32,ESTIMATED,1.63,,0.1273,2,0.483,0.1482,https://www.science.org/about/science-licenses-journal-article-reuse
PMC13124994,Cell Reports,Cell,2026,1,PRIVATE_REFERENCE_ONLY/corpus/PMC13124994/figures/Fig1.jpg,web_jpeg,729,965,0.755,85.0,ESTIMATED,"assumed single column 85.0 mm (Cell Press figure guidelines (Wayback 2025-09-11), official_guidelines_audit.csv) because aspect <= 1.25",9,211,"[{""pt"": 2.31, ""n_lines"": 55}, {""pt"": 3.23, ""n_lines"": 133}]",2.31,3.23,3.23,ESTIMATED,,,0.03,3,0.506,0.0451,http://creativecommons.org/licenses/by/4.0/
PMC13124994,Cell Reports,Cell,2026,2,PRIVATE_REFERENCE_ONLY/corpus/PMC13124994/figures/Fig2.gif,web_jpeg,100,126,0.794,85.0,ESTIMATED,"assumed single column 85.0 mm (Cell Press figure guidelines (Wayback 2025-09-11), official_guidelines_audit.csv) because aspect <= 1.25",1,0,[],,,,ESTIMATED,,,0.0027,0,0.0,0.0,http://creativecommons.org/licenses/by/4.0/
PMC13124994,Cell Reports,Cell,2026,3,PRIVATE_REFERENCE_ONLY/corpus/PMC13124994/figures/Fig3.gif,web_jpeg,100,132,0.758,85.0,ESTIMATED,"assumed single column 85.0 mm (Cell Press figure guidelines (Wayback 2025-09-11), official_guidelines_audit.csv) because aspect <= 1.25",1,0,[],,,,ESTIMATED,,,0.0346,3,0.359,0.0068,http://creativecommons.org/licenses/by/4.0/
PMC13124994,Cell Reports,Cell,2026,4,PRIVATE_REFERENCE_ONLY/corpus/PMC13124994/figures/Fig4.gif,web_jpeg,100,134,0.746,85.0,ESTIMATED,"assumed single column 85.0 mm (Cell Press figure guidelines (Wayback 2025-09-11), official_guidelines_audit.csv) because aspect <= 1.25",1,0,[],,,,ESTIMATED,,,0.0232,3,0.664,0.013,http://creativecommons.org/licenses/by/4.0/
PMC13124994,Cell Reports,Cell,2026,5,PRIVATE_REFERENCE_ONLY/corpus/PMC13124994/figures/Fig5.gif,web_jpeg,100,144,0.694,85.0,ESTIMATED,"assumed single column 85.0 mm (Cell Press figure guidelines (Wayback 2025-09-11), official_guidelines_audit.csv) because aspect <= 1.25",1,0,[],,,,ESTIMATED,,,0.0409,4,0.37,0.0,http://creativecommons.org/licenses/by/4.0/
PMC13125397,Cell Reports,Cell,2026,1,PRIVATE_REFERENCE_ONLY/corpus/PMC13125397/figures/Fig1.jpg,web_jpeg,748,742,1.008,85.0,ESTIMATED,"assumed single column 85.0 mm (Cell Press figure guidelines (Wayback 2025-09-11), official_guidelines_audit.csv) because aspect <= 1.25",4,37,"[{""pt"": 1.8, ""n_lines"": 4}, {""pt"": 3.6, ""n_lines"": 33}]",1.8,3.6,3.6,ESTIMATED,,,0.4046,1,0.864,0.7287,http://creativecommons.org/licenses/by-nc-nd/4.0/
PMC13125397,Cell Reports,Cell,2026,2,PRIVATE_REFERENCE_ONLY/corpus/PMC13125397/figures/Fig2.gif,web_jpeg,100,85,1.176,85.0,ESTIMATED,"assumed single column 85.0 mm (Cell Press figure guidelines (Wayback 2025-09-11), official_guidelines_audit.csv) because aspect <= 1.25",1,0,[],,,,ESTIMATED,,,0.0053,0,0.0,0.0,http://creativecommons.org/licenses/by-nc-nd/4.0/
PMC13125397,Cell Reports,Cell,2026,3,PRIVATE_REFERENCE_ONLY/corpus/PMC13125397/figures/Fig3.gif,web_jpeg,104,80,1.3,174.0,ESTIMATED,"assumed full width 174.0 mm (Cell Press figure guidelines (Wayback 2025-09-11), official_guidelines_audit.csv) because aspect > 1.25",1,0,[],,,,ESTIMATED,,,0.0175,1,0.615,0.0081,http://creativecommons.org/licenses/by-nc-nd/4.0/
PMC13125397,Cell Reports,Cell,2026,4,PRIVATE_REFERENCE_ONLY/corpus/PMC13125397/figures/Fig4.gif,web_jpeg,100,82,1.22,85.0,ESTIMATED,"assumed single column 85.0 mm (Cell Press figure guidelines (Wayback 2025-09-11), official_guidelines_audit.csv) because aspect <= 1.25",1,0,[],,,,ESTIMATED,,,0.0134,3,0.446,0.0029,http://creativecommons.org/licenses/by-nc-nd/4.0/
PMC13125397,Cell Reports,Cell,2026,5,PRIVATE_REFERENCE_ONLY/corpus/PMC13125397/figures/Fig5.gif,web_jpeg,105,80,1.312,174.0,ESTIMATED,"assumed full width 174.0 mm (Cell Press figure guidelines (Wayback 2025-09-11), official_guidelines_audit.csv) because aspect > 1.25",2,0,[],,,,ESTIMATED,,,0.1432,3,0.853,0.2479,http://creativecommons.org/licenses/by-nc-nd/4.0/
PMC13125397,Cell Reports,Cell,2026,6,PRIVATE_REFERENCE_ONLY/corpus/PMC13125397/figures/Fig6.gif,web_jpeg,107,80,1.337,174.0,ESTIMATED,"assumed full width 174.0 mm (Cell Press figure guidelines (Wayback 2025-09-11), official_guidelines_audit.csv) because aspect > 1.25",2,0,[],,,,ESTIMATED,,,0.1361,2,0.843,0.2518,http://creativecommons.org/licenses/by-nc-nd/4.0/
PMC13125401,Cell Reports,Cell,2026,1,PRIVATE_REFERENCE_ONLY/corpus/PMC13125401/figures/Fig1.jpg,web_jpeg,745,946,0.788,85.0,ESTIMATED,"assumed single column 85.0 mm (Cell Press figure guidelines (Wayback 2025-09-11), official_guidelines_audit.csv) because aspect <= 1.25",1,107,"[{""pt"": 1.81, ""n_lines"": 37}, {""pt"": 3.16, ""n_lines"": 54}, {""pt"": 4.07, ""n_lines"": 13}]",1.81,3.16,4.07,ESTIMATED,0.65,,0.0473,3,0.686,0.0421,http://creativecommons.org/licenses/by-nc-nd/4.0/
PMC13125401,Cell Reports,Cell,2026,2,PRIVATE_REFERENCE_ONLY/corpus/PMC13125401/figures/Fig2.jpg,web_jpeg,794,1185,0.67,85.0,ESTIMATED,"assumed single column 85.0 mm (Cell Press figure guidelines (Wayback 2025-09-11), official_guidelines_audit.csv) because aspect <= 1.25",1,126,"[{""pt"": 2.12, ""n_lines"": 25}, {""pt"": 3.81, ""n_lines"": 66}]",2.12,3.81,3.81,ESTIMATED,1.21,,0.1374,2,0.931,0.3186,http://creativecommons.org/licenses/by-nc-nd/4.0/
PMC13125401,Cell Reports,Cell,2026,3,PRIVATE_REFERENCE_ONLY/corpus/PMC13125401/figures/Fig3.gif,web_jpeg,100,157,0.637,85.0,ESTIMATED,"assumed single column 85.0 mm (Cell Press figure guidelines (Wayback 2025-09-11), official_guidelines_audit.csv) because aspect <= 1.25",1,3,[],,,,ESTIMATED,,,0.0656,4,0.663,0.1397,http://creativecommons.org/licenses/by-nc-nd/4.0/
PMC13125401,Cell Reports,Cell,2026,4,PRIVATE_REFERENCE_ONLY/corpus/PMC13125401/figures/Fig4.jpg,web_jpeg,747,989,0.755,85.0,ESTIMATED,"assumed single column 85.0 mm (Cell Press figure guidelines (Wayback 2025-09-11), official_guidelines_audit.csv) because aspect <= 1.25",1,104,"[{""pt"": 2.7, ""n_lines"": 25}, {""pt"": 4.05, ""n_lines"": 54}, {""pt"": 4.5, ""n_lines"": 18}]",2.7,4.05,4.5,ESTIMATED,,,0.0823,3,0.894,0.1723,http://creativecommons.org/licenses/by-nc-nd/4.0/
PMC13125401,Cell Reports,Cell,2026,5,PRIVATE_REFERENCE_ONLY/corpus/PMC13125401/figures/Fig5.jpg,web_jpeg,788,664,1.187,85.0,ESTIMATED,"assumed single column 85.0 mm (Cell Press figure guidelines (Wayback 2025-09-11), official_guidelines_audit.csv) because aspect <= 1.25",4,28,"[{""pt"": 3.84, ""n_lines"": 26}]",3.84,3.84,3.84,ESTIMATED,,,0.084,3,0.833,0.3842,http://creativecommons.org/licenses/by-nc-nd/4.0/
PMC13125401,Cell Reports,Cell,2026,6,PRIVATE_REFERENCE_ONLY/corpus/PMC13125401/figures/Fig6.jpg,web_jpeg,788,1006,0.783,85.0,ESTIMATED,"assumed single column 85.0 mm (Cell Press figure guidelines (Wayback 2025-09-11), official_guidelines_audit.csv) because aspect <= 1.25",9,347,"[{""pt"": 2.14, ""n_lines"": 82}, {""pt"": 2.99, ""n_lines"": 112}, {""pt"": 3.84, ""n_lines"": 143}]",2.14,3.84,3.84,ESTIMATED,0.61,,0.0221,3,0.682,0.0664,http://creativecommons.org/licenses/by-nc-nd/4.0/
PMC13125401,Cell Reports,Cell,2026,7,PRIVATE_REFERENCE_ONLY/corpus/PMC13125401/figures/Fig7.gif,web_jpeg,100,123,0.813,85.0,ESTIMATED,"assumed single column 85.0 mm (Cell Press figure guidelines (Wayback 2025-09-11), official_guidelines_audit.csv) because aspect <= 1.25",1,0,[],,,,ESTIMATED,,,0.0792,4,0.758,0.1155,http://creativecommons.org/licenses/by-nc-nd/4.0/
PMC13237580,Cell Metabolism,Cell,2026,1,PRIVATE_REFERENCE_ONLY/corpus/PMC13237580/figures/Fig1.jpg,web_jpeg,748,714,1.048,85.0,ESTIMATED,"assumed single column 85.0 mm (Cell Press figure guidelines (Wayback 2025-09-11), official_guidelines_audit.csv) because aspect <= 1.25",4,47,"[{""pt"": 4.95, ""n_lines"": 47}]",4.95,4.95,4.95,ESTIMATED,,,0.007,2,0.822,0.0514,http://creativecommons.org/licenses/by-nc-nd/4.0/
PMC13237580,Cell Metabolism,Cell,2026,2,PRIVATE_REFERENCE_ONLY/corpus/PMC13237580/figures/Fig2.jpg,web_jpeg,748,991,0.755,85.0,ESTIMATED,"assumed single column 85.0 mm (Cell Press figure guidelines (Wayback 2025-09-11), official_guidelines_audit.csv) because aspect <= 1.25",6,65,"[{""pt"": 4.95, ""n_lines"": 55}]",4.95,4.95,4.95,ESTIMATED,2.58,,0.0079,2,0.848,0.0543,http://creativecommons.org/licenses/by-nc-nd/4.0/
PMC13237580,Cell Metabolism,Cell,2026,3,PRIVATE_REFERENCE_ONLY/corpus/PMC13237580/figures/Fig3.jpg,web_jpeg,748,979,0.764,85.0,ESTIMATED,"assumed single column 85.0 mm (Cell Press figure guidelines (Wayback 2025-09-11), official_guidelines_audit.csv) because aspect <= 1.25",6,66,"[{""pt"": 4.5, ""n_lines"": 55}, {""pt"": 5.85, ""n_lines"": 9}]",4.5,4.5,5.85,ESTIMATED,,,0.007,2,0.844,0.0409,http://creativecommons.org/licenses/by-nc-nd/4.0/
PMC13237580,Cell Metabolism,Cell,2026,4,PRIVATE_REFERENCE_ONLY/corpus/PMC13237580/figures/Fig4.jpg,web_jpeg,748,1117,0.67,85.0,ESTIMATED,"assumed single column 85.0 mm (Cell Press figure guidelines (Wayback 2025-09-11), official_guidelines_audit.csv) because aspect <= 1.25",6,128,"[{""pt"": 3.15, ""n_lines"": 52}, {""pt"": 4.05, ""n_lines"": 56}, {""pt"": 5.85, ""n_lines"": 16}]",3.15,4.05,5.85,ESTIMATED,3.06,,0.0284,2,0.539,0.0356,http://creativecommons.org/licenses/by-nc-nd/4.0/
PMC13237580,Cell Metabolism,Cell,2026,5,PRIVATE_REFERENCE_ONLY/corpus/PMC13237580/figures/Fig5.jpg,web_jpeg,750,1851,0.405,85.0,ESTIMATED,"assumed single column 85.0 mm (Cell Press figure guidelines (Wayback 2025-09-11), official_guidelines_audit.csv) because aspect <= 1.25",4,29,"[{""pt"": 8.53, ""n_lines"": 26}, {""pt"": 10.32, ""n_lines"": 3}]",8.53,8.53,10.32,ESTIMATED,,,0.0051,2,0.905,0.0455,http://creativecommons.org/licenses/by-nc-nd/4.0/
PMC13246279,Science Translational Medicine,Science,2026,1,PRIVATE_REFERENCE_ONLY/corpus/PMC13246279/figures/Fig1.jpg,web_jpeg,1050,807,1.301,184.0,ESTIMATED,"assumed full width 184.0 mm (Science instructions for preparing initial manuscript (Wayback 2025-08-10), official_guidelines_audit.csv) because aspect > 1.25",8,199,"[{""pt"": 4.16, ""n_lines"": 31}, {""pt"": 5.55, ""n_lines"": 133}]",4.16,5.55,5.55,ESTIMATED,,,0.1081,3,0.558,0.0628,https://creativecommons.org/licenses/by/4.0/ (URL inferred from license text)
PMC13246279,Science Translational Medicine,Science,2026,2,PRIVATE_REFERENCE_ONLY/corpus/PMC13246279/figures/Fig2.gif,web_jpeg,100,53,1.887,184.0,ESTIMATED,"assumed full width 184.0 mm (Science instructions for preparing initial manuscript (Wayback 2025-08-10), official_guidelines_audit.csv) because aspect > 1.25",1,0,[],,,,ESTIMATED,,,0.0158,6,0.447,0.0045,https://creativecommons.org/licenses/by/4.0/ (URL inferred from license text)
PMC13246279,Science Translational Medicine,Science,2026,3,PRIVATE_REFERENCE_ONLY/corpus/PMC13246279/figures/Fig3.jpg,web_jpeg,1050,770,1.364,184.0,ESTIMATED,"assumed full width 184.0 mm (Science instructions for preparing initial manuscript (Wayback 2025-08-10), official_guidelines_audit.csv) because aspect > 1.25",1,168,"[{""pt"": 4.86, ""n_lines"": 39}, {""pt"": 6.24, ""n_lines"": 107}, {""pt"": 8.33, ""n_lines"": 17}]",4.86,6.24,8.33,ESTIMATED,,,0.0407,4,0.445,0.0745,https://creativecommons.org/licenses/by/4.0/ (URL inferred from license text)
PMC13246279,Science Translational Medicine,Science,2026,4,PRIVATE_REFERENCE_ONLY/corpus/PMC13246279/figures/Fig4.gif,web_jpeg,100,153,0.654,57.0,ESTIMATED,"assumed single column 57.0 mm (Science instructions for preparing initial manuscript (Wayback 2025-08-10), official_guidelines_audit.csv) because aspect <= 1.25",1,1,[],,,,ESTIMATED,,,0.0373,5,0.376,0.0049,https://creativecommons.org/licenses/by/4.0/ (URL inferred from license text)
PMC13271882,Nature Biotechnology,Nature,2026,1,PRIVATE_REFERENCE_ONLY/corpus/PMC13271882/figures/Fig1.gif,web_jpeg,100,138,0.725,89.0,ESTIMATED,"assumed single column 89.0 mm (Nature figure guide / final-submission page, official_guidelines_audit.csv 2026-09-16) because aspect <= 1.25",1,0,[],,,,ESTIMATED,,,0.0333,3,0.433,0.0,https://creativecommons.org/licenses/by-nc-nd/4.0/
PMC13271882,Nature Biotechnology,Nature,2026,2,PRIVATE_REFERENCE_ONLY/corpus/PMC13271882/typeset/fig02_typeset_600dpi.png,typeset_pdf,3051,1151,2.651,129.11,OBSERVED,,5,27,"[{""pt"": 4.02, ""n_lines"": 5}, {""pt"": 5.53, ""n_lines"": 8}, {""pt"": 7.04, ""n_lines"": 8}]",4.02,5.53,7.04,INFERRED,,"{""0.25"": 45, ""0.50"": 6}",0.0228,4,0.657,0.0213,https://creativecommons.org/licenses/by-nc-nd/4.0/
PMC13271882,Nature Biotechnology,Nature,2026,3,PRIVATE_REFERENCE_ONLY/corpus/PMC13271882/typeset/fig03_typeset_600dpi.png,typeset_pdf,4165,2630,1.584,176.29,OBSERVED,,5,78,"[{""pt"": 5.53, ""n_lines"": 32}, {""pt"": 7.04, ""n_lines"": 11}]",5.53,5.53,7.04,INFERRED,3.84,"{""0.25"": 25, ""0.19"": 15, ""0.22"": 8, ""2.75"": 2, ""2.58"": 1}",0.0196,2,0.501,0.0571,https://creativecommons.org/licenses/by-nc-nd/4.0/
PMC13271882,Nature Biotechnology,Nature,2026,4,PRIVATE_REFERENCE_ONLY/corpus/PMC13271882/typeset/fig04_typeset_600dpi.png,typeset_pdf,3349,4630,0.723,141.71,OBSERVED,,11,210,"[{""pt"": 5.7, ""n_lines"": 145}, {""pt"": 6.78, ""n_lines"": 42}]",5.7,5.7,6.78,INFERRED,,"{""0.25"": 221}",0.0396,1,0.978,0.137,https://creativecommons.org/licenses/by-nc-nd/4.0/
PMC13286266,Science,Science,2026,1,PRIVATE_REFERENCE_ONLY/corpus/PMC13286266/figures/Fig1.jpg,web_jpeg,1696,2100,0.808,57.0,ESTIMATED,"assumed single column 57.0 mm (Science instructions for preparing initial manuscript (Wayback 2025-08-10), official_guidelines_audit.csv) because aspect <= 1.25",8,155,"[{""pt"": 1.86, ""n_lines"": 94}, {""pt"": 2.13, ""n_lines"": 24}]",1.86,1.86,2.13,ESTIMATED,1.81,,0.0185,3,0.551,0.0477,https://creativecommons.org/licenses/by/4.0/ (URL inferred from license text)
PMC13286266,Science,Science,2026,2,PRIVATE_REFERENCE_ONLY/corpus/PMC13286266/figures/Fig2.jpg,web_jpeg,1800,1997,0.901,57.0,ESTIMATED,"assumed single column 57.0 mm (Science instructions for preparing initial manuscript (Wayback 2025-08-10), official_guidelines_audit.csv) because aspect <= 1.25",10,138,"[{""pt"": 1.5, ""n_lines"": 16}, {""pt"": 1.88, ""n_lines"": 76}, {""pt"": 2.13, ""n_lines"": 20}, {""pt"": 2.76, ""n_lines"": 15}]",1.5,1.88,2.76,ESTIMATED,1.44,,0.0173,4,0.636,0.0405,https://creativecommons.org/licenses/by/4.0/ (URL inferred from license text)
PMC13286266,Science,Science,2026,3,PRIVATE_REFERENCE_ONLY/corpus/PMC13286266/figures/Fig3.jpg,web_jpeg,1572,2100,0.749,57.0,ESTIMATED,"assumed single column 57.0 mm (Science instructions for preparing initial manuscript (Wayback 2025-08-10), official_guidelines_audit.csv) because aspect <= 1.25",1,206,"[{""pt"": 1.44, ""n_lines"": 28}, {""pt"": 2.01, ""n_lines"": 130}]",1.44,2.01,2.01,ESTIMATED,2.78,,0.0322,3,0.569,0.0364,https://creativecommons.org/licenses/by/4.0/ (URL inferred from license text)
PMC13286266,Science,Science,2026,4,PRIVATE_REFERENCE_ONLY/corpus/PMC13286266/figures/Fig4.jpg,web_jpeg,1655,2100,0.788,57.0,ESTIMATED,"assumed single column 57.0 mm (Science instructions for preparing initial manuscript (Wayback 2025-08-10), official_guidelines_audit.csv) because aspect <= 1.25",1,105,"[{""pt"": 1.91, ""n_lines"": 57}, {""pt"": 2.18, ""n_lines"": 11}, {""pt"": 5.73, ""n_lines"": 11}]",1.91,1.91,5.73,ESTIMATED,1.71,,0.0344,5,0.49,0.0361,https://creativecommons.org/licenses/by/4.0/ (URL inferred from license text)
PMC13291444,Cell Reports,Cell,2026,1,PRIVATE_REFERENCE_ONLY/corpus/PMC13291444/figures/Fig1.jpg,web_jpeg,748,1079,0.693,85.0,ESTIMATED,"assumed single column 85.0 mm (Cell Press figure guidelines (Wayback 2025-09-11), official_guidelines_audit.csv) because aspect <= 1.25",11,95,"[{""pt"": 3.15, ""n_lines"": 21}, {""pt"": 4.05, ""n_lines"": 53}, {""pt"": 4.95, ""n_lines"": 14}]",3.15,4.05,4.95,ESTIMATED,0.64,,0.0485,5,0.531,0.047,http://creativecommons.org/licenses/by/4.0/
PMC13291444,Cell Reports,Cell,2026,2,PRIVATE_REFERENCE_ONLY/corpus/PMC13291444/figures/Fig2.jpg,web_jpeg,724,998,0.725,85.0,ESTIMATED,"assumed single column 85.0 mm (Cell Press figure guidelines (Wayback 2025-09-11), official_guidelines_audit.csv) because aspect <= 1.25",5,205,"[{""pt"": 1.86, ""n_lines"": 24}, {""pt"": 2.79, ""n_lines"": 140}, {""pt"": 3.72, ""n_lines"": 33}]",1.86,2.79,3.72,ESTIMATED,4.33,,0.0616,3,0.464,0.0422,http://creativecommons.org/licenses/by/4.0/
PMC13291444,Cell Reports,Cell,2026,3,PRIVATE_REFERENCE_ONLY/corpus/PMC13291444/figures/Fig3.jpg,web_jpeg,724,1003,0.722,85.0,ESTIMATED,"assumed single column 85.0 mm (Cell Press figure guidelines (Wayback 2025-09-11), official_guidelines_audit.csv) because aspect <= 1.25",13,146,"[{""pt"": 3.25, ""n_lines"": 80}, {""pt"": 4.65, ""n_lines"": 42}]",3.25,3.25,4.65,ESTIMATED,,,0.0406,2,0.374,0.0484,http://creativecommons.org/licenses/by/4.0/
PMC13291444,Cell Reports,Cell,2026,4,PRIVATE_REFERENCE_ONLY/corpus/PMC13291444/figures/Fig4.gif,web_jpeg,100,123,0.813,85.0,ESTIMATED,"assumed single column 85.0 mm (Cell Press figure guidelines (Wayback 2025-09-11), official_guidelines_audit.csv) because aspect <= 1.25",4,2,[],,,,ESTIMATED,,,0.051,2,0.436,0.0279,http://creativecommons.org/licenses/by/4.0/
PMC13291444,Cell Reports,Cell,2026,5,PRIVATE_REFERENCE_ONLY/corpus/PMC13291444/figures/Fig5.gif,web_jpeg,100,135,0.741,85.0,ESTIMATED,"assumed single column 85.0 mm (Cell Press figure guidelines (Wayback 2025-09-11), official_guidelines_audit.csv) because aspect <= 1.25",1,3,"[{""pt"": 10.1, ""n_lines"": 3}]",10.1,10.1,10.1,ESTIMATED,,,0.0647,3,0.464,0.0347,http://creativecommons.org/licenses/by/4.0/
PMC13291444,Cell Reports,Cell,2026,6,PRIVATE_REFERENCE_ONLY/corpus/PMC13291444/figures/Fig6.jpg,web_jpeg,724,1023,0.708,85.0,ESTIMATED,"assumed single column 85.0 mm (Cell Press figure guidelines (Wayback 2025-09-11), official_guidelines_audit.csv) because aspect <= 1.25",1,136,"[{""pt"": 3.72, ""n_lines"": 93}, {""pt"": 4.65, ""n_lines"": 23}]",3.72,3.72,4.65,ESTIMATED,0.33,,0.0255,4,0.563,0.0571,http://creativecommons.org/licenses/by/4.0/
PMC13308464,Science,Science,2026,1,PRIVATE_REFERENCE_ONLY/corpus/PMC13308464/figures/Fig1.gif,web_jpeg,100,111,0.901,57.0,ESTIMATED,"assumed single column 57.0 mm (Science instructions for preparing initial manuscript (Wayback 2025-08-10), official_guidelines_audit.csv) because aspect <= 1.25",1,2,[],,,,ESTIMATED,3.23,,0.1409,3,0.782,0.0383,https://creativecommons.org/licenses/by/4.0/ (URL inferred from license text)
PMC13308464,Science,Science,2026,2,PRIVATE_REFERENCE_ONLY/corpus/PMC13308464/figures/Fig2.gif,web_jpeg,100,111,0.901,57.0,ESTIMATED,"assumed single column 57.0 mm (Science instructions for preparing initial manuscript (Wayback 2025-08-10), official_guidelines_audit.csv) because aspect <= 1.25",1,0,[],,,,ESTIMATED,,,0.1407,4,0.532,0.0399,https://creativecommons.org/licenses/by/4.0/ (URL inferred from license text)
PMC13308464,Science,Science,2026,3,PRIVATE_REFERENCE_ONLY/corpus/PMC13308464/figures/Fig3.gif,web_jpeg,100,111,0.901,57.0,ESTIMATED,"assumed single column 57.0 mm (Science instructions for preparing initial manuscript (Wayback 2025-08-10), official_guidelines_audit.csv) because aspect <= 1.25",1,0,[],,,,ESTIMATED,,,0.0327,6,0.42,0.011,https://creativecommons.org/licenses/by/4.0/ (URL inferred from license text)
PMC13308464,Science,Science,2026,4,PRIVATE_REFERENCE_ONLY/corpus/PMC13308464/figures/Fig4.gif,web_jpeg,100,95,1.053,57.0,ESTIMATED,"assumed single column 57.0 mm (Science instructions for preparing initial manuscript (Wayback 2025-08-10), official_guidelines_audit.csv) because aspect <= 1.25",1,0,[],,,,ESTIMATED,,,0.0418,6,0.49,0.0435,https://creativecommons.org/licenses/by/4.0/ (URL inferred from license text)
PMC13308464,Science,Science,2026,5,PRIVATE_REFERENCE_ONLY/corpus/PMC13308464/figures/Fig5.jpg,web_jpeg,1540,1800,0.856,57.0,ESTIMATED,"assumed single column 57.0 mm (Science instructions for preparing initial manuscript (Wayback 2025-08-10), official_guidelines_audit.csv) because aspect <= 1.25",2,317,"[{""pt"": 1.17, ""n_lines"": 35}, {""pt"": 1.9, ""n_lines"": 171}, {""pt"": 2.34, ""n_lines"": 51}]",1.17,1.9,2.34,ESTIMATED,,,0.1221,3,0.758,0.1315,https://creativecommons.org/licenses/by/4.0/ (URL inferred from license text)
PMC13308464,Science,Science,2026,6,PRIVATE_REFERENCE_ONLY/corpus/PMC13308464/figures/Fig6.gif,web_jpeg,100,103,0.971,57.0,ESTIMATED,"assumed single column 57.0 mm (Science instructions for preparing initial manuscript (Wayback 2025-08-10), official_guidelines_audit.csv) because aspect <= 1.25",1,2,[],,,,ESTIMATED,,,0.0987,4,0.468,0.0218,https://creativecommons.org/licenses/by/4.0/ (URL inferred from license text)
PMC13345946,Nature Methods,Nature,2026,1,PRIVATE_REFERENCE_ONLY/corpus/PMC13345946/figures/Fig1.jpg,web_jpeg,797,1086,0.734,89.0,ESTIMATED,"assumed single column 89.0 mm (Nature figure guide / final-submission page, official_guidelines_audit.csv 2026-09-16) because aspect <= 1.25",7,143,"[{""pt"": 2.65, ""n_lines"": 27}, {""pt"": 3.54, ""n_lines"": 72}]",2.65,3.54,3.54,ESTIMATED,0.32,,0.0839,4,0.776,0.0861,https://creativecommons.org/licenses/by/4.0/
PMC13345946,Nature Methods,Nature,2026,2,PRIVATE_REFERENCE_ONLY/corpus/PMC13345946/typeset/fig02_typeset_600dpi.png,typeset_pdf,3463,4267,0.812,146.56,OBSERVED,,22,280,"[{""pt"": 5.53, ""n_lines"": 193}, {""pt"": 6.53, ""n_lines"": 59}]",5.53,5.53,6.53,INFERRED,,"{""0.83"": 90, ""0.50"": 7, ""1.00"": 2}",0.0312,4,0.604,0.0602,https://creativecommons.org/licenses/by/4.0/
PMC13345946,Nature Methods,Nature,2026,3,PRIVATE_REFERENCE_ONLY/corpus/PMC13345946/typeset/fig03_typeset_600dpi.png,typeset_pdf,3384,3564,0.949,143.2,OBSERVED,,9,78,"[{""pt"": 5.53, ""n_lines"": 51}, {""pt"": 7.04, ""n_lines"": 17}]",5.53,5.53,7.04,INFERRED,3.72,"{""0.25"": 3, ""2.00"": 2}",0.1706,2,0.738,0.2451,https://creativecommons.org/licenses/by/4.0/
PMC13345946,Nature Methods,Nature,2026,4,PRIVATE_REFERENCE_ONLY/corpus/PMC13345946/figures/Fig4.jpg,web_jpeg,774,1083,0.715,89.0,ESTIMATED,"assumed single column 89.0 mm (Nature figure guide / final-submission page, official_guidelines_audit.csv 2026-09-16) because aspect <= 1.25",1,205,"[{""pt"": 2.28, ""n_lines"": 28}, {""pt"": 3.19, ""n_lines"": 107}]",2.28,3.19,3.19,ESTIMATED,,,0.1732,4,0.802,0.1321,https://creativecommons.org/licenses/by/4.0/
PMC13345946,Nature Methods,Nature,2026,5,PRIVATE_REFERENCE_ONLY/corpus/PMC13345946/figures/Fig5.gif,web_jpeg,100,138,0.725,89.0,ESTIMATED,"assumed single column 89.0 mm (Nature figure guide / final-submission page, official_guidelines_audit.csv 2026-09-16) because aspect <= 1.25",1,1,[],,,,ESTIMATED,,,0.1605,3,0.668,0.216,https://creativecommons.org/licenses/by/4.0/
PMC13345946,Nature Methods,Nature,2026,6,PRIVATE_REFERENCE_ONLY/corpus/PMC13345946/typeset/fig06_typeset_600dpi.png,typeset_pdf,4204,3153,1.333,177.94,OBSERVED,,10,109,"[{""pt"": 5.53, ""n_lines"": 36}, {""pt"": 6.54, ""n_lines"": 23}]",5.53,5.53,6.54,INFERRED,2.64,"{""0.17"": 2, ""0.25"": 2}",0.3205,3,0.791,0.2049,https://creativecommons.org/licenses/by/4.0/
PMC13346115,Nature Methods,Nature,2026,1,PRIVATE_REFERENCE_ONLY/corpus/PMC13346115/typeset/fig01_typeset_600dpi.png,typeset_pdf,3618,3683,0.982,153.15,OBSERVED,,1,36,"[{""pt"": 6.54, ""n_lines"": 29}]",6.54,6.54,6.54,INFERRED,0.24,"{""0.09"": 6, ""0.82"": 4, ""0.62"": 4, ""0.83"": 4, ""0.41"": 3, ""0.52"": 3, ""0.60"": 2, ""0.64"": 2, ""0.54"": 2, ""0.55"": 2, ""0.56"": 2, ""0.63"": 2}",0.0671,4,0.672,0.1141,https://creativecommons.org/licenses/by/4.0/
PMC13346115,Nature Methods,Nature,2026,2,PRIVATE_REFERENCE_ONLY/corpus/PMC13346115/typeset/fig02_typeset_600dpi.png,typeset_pdf,4631,2537,1.825,196.02,OBSERVED,,1,59,"[{""pt"": 4.86, ""n_lines"": 13}, {""pt"": 6.54, ""n_lines"": 42}]",4.86,6.54,6.54,INFERRED,,"{""0.44"": 9, ""1.00"": 6, ""0.29"": 4, ""0.50"": 4, ""0.41"": 4, ""0.55"": 3, ""0.63"": 2, ""0.57"": 1, ""0.66"": 1, ""0.60"": 1, ""0.62"": 1, ""0.51"": 1}",0.0157,4,0.808,0.0301,https://creativecommons.org/licenses/by/4.0/
PMC13346115,Nature Methods,Nature,2026,3,PRIVATE_REFERENCE_ONLY/corpus/PMC13346115/typeset/fig03_typeset_600dpi.png,typeset_pdf,2026,1587,1.277,85.72,OBSERVED,,1,2,[],,,,INFERRED,,{},0.0895,1,0.706,0.0978,https://creativecommons.org/licenses/by/4.0/
PMC13346115,Nature Methods,Nature,2026,4,PRIVATE_REFERENCE_ONLY/corpus/PMC13346115/typeset/fig04_typeset_600dpi.png,typeset_pdf,3322,1668,1.992,140.58,OBSERVED,,2,6,"[{""pt"": 6.28, ""n_lines"": 6}]",6.28,6.28,6.28,INFERRED,,"{""1.00"": 6, ""0.50"": 4, ""0.25"": 1}",0.0393,3,0.456,0.0247,https://creativecommons.org/licenses/by/4.0/
PMC13346115,Nature Methods,Nature,2026,5,PRIVATE_REFERENCE_ONLY/corpus/PMC13346115/typeset/fig05_typeset_600dpi.png,typeset_pdf,4102,1991,2.06,173.63,OBSERVED,,1,14,"[{""pt"": 5.53, ""n_lines"": 10}]",5.53,5.53,5.53,INFERRED,3.06,"{""1.00"": 6, ""1.69"": 3, ""1.72"": 1, ""1.48"": 1, ""1.57"": 1, ""1.62"": 1}",0.0432,3,0.704,0.0659,https://creativecommons.org/licenses/by/4.0/
PMC13346115,Nature Methods,Nature,2026,6,PRIVATE_REFERENCE_ONLY/corpus/PMC13346115/typeset/fig06_typeset_600dpi.png,typeset_pdf,3350,1839,1.822,141.78,OBSERVED,,1,21,"[{""pt"": 5.53, ""n_lines"": 15}]",5.53,5.53,5.53,INFERRED,0.24,"{""0.79"": 229, ""0.65"": 6, ""1.19"": 4, ""1.00"": 3, ""0.83"": 2, ""0.78"": 1}",0.1279,4,0.495,0.0618,https://creativecommons.org/licenses/by/4.0/
PMC13364638,Nature Cell Biology,Nature,2026,1,PRIVATE_REFERENCE_ONLY/corpus/PMC13364638/figures/Fig1.jpg,web_jpeg,694,1071,0.648,89.0,ESTIMATED,"assumed single column 89.0 mm (Nature figure guide / final-submission page, official_guidelines_audit.csv 2026-09-16) because aspect <= 1.25",5,31,"[{""pt"": 3.55, ""n_lines"": 27}]",3.55,3.55,3.55,ESTIMATED,,,0.1105,2,0.876,0.52,https://creativecommons.org/licenses/by/4.0/
PMC13364638,Nature Cell Biology,Nature,2026,2,PRIVATE_REFERENCE_ONLY/corpus/PMC13364638/figures/Fig2.gif,web_jpeg,100,132,0.758,89.0,ESTIMATED,"assumed single column 89.0 mm (Nature figure guide / final-submission page, official_guidelines_audit.csv 2026-09-16) because aspect <= 1.25",1,0,[],,,,ESTIMATED,,,0.0983,1,0.809,0.2219,https://creativecommons.org/licenses/by/4.0/
PMC13364638,Nature Cell Biology,Nature,2026,3,PRIVATE_REFERENCE_ONLY/corpus/PMC13364638/typeset/fig03_typeset_600dpi.png,typeset_pdf,3538,3566,0.992,149.75,OBSERVED,,8,47,"[{""pt"": 2.35, ""n_lines"": 6}, {""pt"": 4.02, ""n_lines"": 6}, {""pt"": 5.53, ""n_lines"": 18}, {""pt"": 6.54, ""n_lines"": 14}]",2.35,5.53,6.54,INFERRED,,"{""0.25"": 52, ""0.50"": 3}",0.0733,3,0.893,0.4267,https://creativecommons.org/licenses/by/4.0/
PMC13364638,Nature Cell Biology,Nature,2026,4,PRIVATE_REFERENCE_ONLY/corpus/PMC13364638/figures/Fig4.gif,web_jpeg,100,145,0.69,89.0,ESTIMATED,"assumed single column 89.0 mm (Nature figure guide / final-submission page, official_guidelines_audit.csv 2026-09-16) because aspect <= 1.25",1,0,[],,,,ESTIMATED,,,0.083,2,0.789,0.0128,https://creativecommons.org/licenses/by/4.0/
PMC13364638,Nature Cell Biology,Nature,2026,5,PRIVATE_REFERENCE_ONLY/corpus/PMC13364638/figures/Fig5.gif,web_jpeg,100,131,0.763,89.0,ESTIMATED,"assumed single column 89.0 mm (Nature figure guide / final-submission page, official_guidelines_audit.csv 2026-09-16) because aspect <= 1.25",1,0,[],,,,ESTIMATED,,,0.0118,2,0.598,0.1411,https://creativecommons.org/licenses/by/4.0/
PMC13364638,Nature Cell Biology,Nature,2026,6,PRIVATE_REFERENCE_ONLY/corpus/PMC13364638/figures/Fig6.jpg,web_jpeg,688,1082,0.636,89.0,ESTIMATED,"assumed single column 89.0 mm (Nature figure guide / final-submission page, official_guidelines_audit.csv 2026-09-16) because aspect <= 1.25",1,117,"[{""pt"": 2.56, ""n_lines"": 18}, {""pt"": 3.58, ""n_lines"": 95}]",2.56,3.58,3.58,ESTIMATED,,,0.0186,3,0.677,0.2292,https://creativecommons.org/licenses/by/4.0/
PMC13364638,Nature Cell Biology,Nature,2026,7,PRIVATE_REFERENCE_ONLY/corpus/PMC13364638/figures/Fig7.jpg,web_jpeg,713,1080,0.66,89.0,ESTIMATED,"assumed single column 89.0 mm (Nature figure guide / final-submission page, official_guidelines_audit.csv 2026-09-16) because aspect <= 1.25",1,109,"[{""pt"": 1.98, ""n_lines"": 32}, {""pt"": 3.46, ""n_lines"": 74}]",1.98,3.46,3.46,ESTIMATED,,,0.0364,2,0.849,0.5225,https://creativecommons.org/licenses/by/4.0/
PMC13364683,Nature Cell Biology,Nature,2026,1,PRIVATE_REFERENCE_ONLY/corpus/PMC13364683/typeset/fig01_typeset_600dpi.png,typeset_pdf,4256,3735,1.139,180.11,OBSERVED,,5,133,"[{""pt"": 5.53, ""n_lines"": 44}, {""pt"": 6.53, ""n_lines"": 71}]",5.53,6.53,6.53,INFERRED,3.6,"{""0.04"": 377, ""0.06"": 34, ""0.21"": 30, ""0.49"": 24, ""0.40"": 15, ""0.25"": 8, ""0.50"": 7, ""0.20"": 6, ""0.39"": 5, ""0.36"": 4, ""1.55"": 4, ""0.37"": 3}",0.0764,3,0.662,0.1362,https://creativecommons.org/licenses/by/4.0/
PMC13364683,Nature Cell Biology,Nature,2026,2,PRIVATE_REFERENCE_ONLY/corpus/PMC13364683/typeset/fig02_typeset_600dpi.png,typeset_pdf,4220,3396,1.243,178.64,OBSERVED,,1,151,"[{""pt"": 4.52, ""n_lines"": 29}, {""pt"": 5.53, ""n_lines"": 84}, {""pt"": 7.04, ""n_lines"": 30}]",4.52,5.53,7.04,INFERRED,0.48,"{""0.04"": 377, ""0.17"": 96, ""0.14"": 87, ""0.50"": 24, ""0.93"": 12, ""0.26"": 10, ""0.66"": 7, ""0.40"": 5}",0.0705,5,0.896,0.1345,https://creativecommons.org/licenses/by/4.0/
PMC13364683,Nature Cell Biology,Nature,2026,3,PRIVATE_REFERENCE_ONLY/corpus/PMC13364683/figures/Fig3.gif,web_jpeg,100,116,0.862,89.0,ESTIMATED,"assumed single column 89.0 mm (Nature figure guide / final-submission page, official_guidelines_audit.csv 2026-09-16) because aspect <= 1.25",1,0,[],,,,ESTIMATED,,,0.0714,4,0.613,0.0748,https://creativecommons.org/licenses/by/4.0/
PMC13364683,Nature Cell Biology,Nature,2026,4,PRIVATE_REFERENCE_ONLY/corpus/PMC13364683/typeset/fig04_typeset_600dpi.png,typeset_pdf,4028,2830,1.423,170.46,OBSERVED,,6,105,"[{""pt"": 5.53, ""n_lines"": 22}, {""pt"": 6.79, ""n_lines"": 70}]",5.53,6.79,6.79,INFERRED,,"{""0.20"": 54, ""0.16"": 40, ""0.10"": 4, ""0.51"": 4, ""0.28"": 3, ""0.38"": 2, ""0.11"": 2, ""0.57"": 2, ""1.00"": 1}",0.0697,5,0.852,0.1222,https://creativecommons.org/licenses/by/4.0/
PMC13364683,Nature Cell Biology,Nature,2026,5,PRIVATE_REFERENCE_ONLY/corpus/PMC13364683/typeset/fig05_typeset_600dpi.png,typeset_pdf,4297,2555,1.682,181.86,OBSERVED,,7,65,"[{""pt"": 5.53, ""n_lines"": 53}]",5.53,5.53,5.53,INFERRED,,"{""0.25"": 36, ""1.00"": 6, ""0.50"": 6}",0.0943,3,0.846,0.3511,https://creativecommons.org/licenses/by/4.0/
PMC13364714,Nature Cell Biology,Nature,2026,1,PRIVATE_REFERENCE_ONLY/corpus/PMC13364714/figures/Fig1.jpg,web_jpeg,696,904,0.77,89.0,ESTIMATED,"assumed single column 89.0 mm (Nature figure guide / final-submission page, official_guidelines_audit.csv 2026-09-16) because aspect <= 1.25",1,31,"[{""pt"": 2.53, ""n_lines"": 22}]",2.53,2.53,2.53,ESTIMATED,,,0.0317,2,0.692,0.3614,https://creativecommons.org/licenses/by/4.0/
PMC13364714,Nature Cell Biology,Nature,2026,2,PRIVATE_REFERENCE_ONLY/corpus/PMC13364714/figures/Fig2.gif,web_jpeg,100,146,0.685,89.0,ESTIMATED,"assumed single column 89.0 mm (Nature figure guide / final-submission page, official_guidelines_audit.csv 2026-09-16) because aspect <= 1.25",1,0,[],,,,ESTIMATED,,,0.0262,3,0.434,0.0714,https://creativecommons.org/licenses/by/4.0/
PMC13364714,Nature Cell Biology,Nature,2026,3,PRIVATE_REFERENCE_ONLY/corpus/PMC13364714/typeset/fig03_typeset_600dpi.png,typeset_pdf,3708,3517,1.054,156.95,OBSERVED,,11,72,"[{""pt"": 5.53, ""n_lines"": 32}, {""pt"": 6.54, ""n_lines"": 24}]",5.53,5.53,6.54,INFERRED,2.52,"{""0.12"": 166, ""0.72"": 83, ""0.75"": 51, ""0.25"": 15, ""0.50"": 4, ""1.00"": 2, ""2.00"": 2}",0.0821,2,0.617,0.2315,https://creativecommons.org/licenses/by/4.0/
PMC13364714,Nature Cell Biology,Nature,2026,4,PRIVATE_REFERENCE_ONLY/corpus/PMC13364714/figures/Fig4.gif,web_jpeg,100,106,0.943,89.0,ESTIMATED,"assumed single column 89.0 mm (Nature figure guide / final-submission page, official_guidelines_audit.csv 2026-09-16) because aspect <= 1.25",1,0,[],,,,ESTIMATED,,,0.1192,3,0.512,0.1038,https://creativecommons.org/licenses/by/4.0/
PMC13364714,Nature Cell Biology,Nature,2026,5,PRIVATE_REFERENCE_ONLY/corpus/PMC13364714/figures/Fig5.jpg,web_jpeg,720,902,0.798,89.0,ESTIMATED,"assumed single column 89.0 mm (Nature figure guide / final-submission page, official_guidelines_audit.csv 2026-09-16) because aspect <= 1.25",1,79,"[{""pt"": 1.96, ""n_lines"": 26}, {""pt"": 2.94, ""n_lines"": 40}]",1.96,2.94,2.94,ESTIMATED,,,0.1519,4,0.684,0.2903,https://creativecommons.org/licenses/by/4.0/
PMC13364714,Nature Cell Biology,Nature,2026,6,PRIVATE_REFERENCE_ONLY/corpus/PMC13364714/typeset/fig06_typeset_600dpi.png,typeset_pdf,4330,3360,1.289,183.24,OBSERVED,,7,127,"[{""pt"": 4.52, ""n_lines"": 36}, {""pt"": 5.53, ""n_lines"": 66}]",4.52,5.53,5.53,INFERRED,2.4,"{""0.64"": 132, ""0.11"": 27, ""1.28"": 6, ""0.50"": 4, ""0.89"": 4, ""0.67"": 2, ""0.25"": 1}",0.0941,4,0.695,0.1983,https://creativecommons.org/licenses/by/4.0/
PMC13364714,Nature Cell Biology,Nature,2026,7,PRIVATE_REFERENCE_ONLY/corpus/PMC13364714/figures/Fig7.gif,web_jpeg,100,124,0.806,89.0,ESTIMATED,"assumed single column 89.0 mm (Nature figure guide / final-submission page, official_guidelines_audit.csv 2026-09-16) because aspect <= 1.25",1,1,[],,,,ESTIMATED,,,0.0269,3,0.456,0.2169,https://creativecommons.org/licenses/by/4.0/
PMC13364725,Nature Cell Biology,Nature,2026,1,PRIVATE_REFERENCE_ONLY/corpus/PMC13364725/figures/Fig1.jpg,web_jpeg,723,871,0.83,89.0,ESTIMATED,"assumed single column 89.0 mm (Nature figure guide / final-submission page, official_guidelines_audit.csv 2026-09-16) because aspect <= 1.25",11,56,"[{""pt"": 1.95, ""n_lines"": 10}, {""pt"": 2.92, ""n_lines"": 39}]",1.95,2.92,2.92,ESTIMATED,,,0.1061,3,0.726,0.1113,https://creativecommons.org/licenses/by-nc-nd/4.0/
PMC13364725,Nature Cell Biology,Nature,2026,2,PRIVATE_REFERENCE_ONLY/corpus/PMC13364725/figures/Fig2.gif,web_jpeg,100,131,0.763,89.0,ESTIMATED,"assumed single column 89.0 mm (Nature figure guide / final-submission page, official_guidelines_audit.csv 2026-09-16) because aspect <= 1.25",1,0,[],,,,ESTIMATED,,,0.044,2,0.48,0.0021,https://creativecommons.org/licenses/by-nc-nd/4.0/
PMC13364725,Nature Cell Biology,Nature,2026,3,PRIVATE_REFERENCE_ONLY/corpus/PMC13364725/figures/Fig3.gif,web_jpeg,100,116,0.862,89.0,ESTIMATED,"assumed single column 89.0 mm (Nature figure guide / final-submission page, official_guidelines_audit.csv 2026-09-16) because aspect <= 1.25",1,0,[],,,,ESTIMATED,,,0.1747,4,0.627,0.1016,https://creativecommons.org/licenses/by-nc-nd/4.0/
PMC13364725,Nature Cell Biology,Nature,2026,4,PRIVATE_REFERENCE_ONLY/corpus/PMC13364725/figures/Fig4.jpg,web_jpeg,723,805,0.898,89.0,ESTIMATED,"assumed single column 89.0 mm (Nature figure guide / final-submission page, official_guidelines_audit.csv 2026-09-16) because aspect <= 1.25",9,92,"[{""pt"": 1.95, ""n_lines"": 18}, {""pt"": 2.92, ""n_lines"": 58}]",1.95,2.92,2.92,ESTIMATED,0.35,,0.132,5,0.684,0.0943,https://creativecommons.org/licenses/by-nc-nd/4.0/
PMC13364725,Nature Cell Biology,Nature,2026,5,PRIVATE_REFERENCE_ONLY/corpus/PMC13364725/figures/Fig5.gif,web_jpeg,100,126,0.794,89.0,ESTIMATED,"assumed single column 89.0 mm (Nature figure guide / final-submission page, official_guidelines_audit.csv 2026-09-16) because aspect <= 1.25",1,1,[],,,,ESTIMATED,,,0.0313,3,0.636,0.0174,https://creativecommons.org/licenses/by-nc-nd/4.0/
PMC13364725,Nature Cell Biology,Nature,2026,6,PRIVATE_REFERENCE_ONLY/corpus/PMC13364725/figures/Fig6.jpg,web_jpeg,720,900,0.8,89.0,ESTIMATED,"assumed single column 89.0 mm (Nature figure guide / final-submission page, official_guidelines_audit.csv 2026-09-16) because aspect <= 1.25",1,85,"[{""pt"": 2.45, ""n_lines"": 64}, {""pt"": 3.43, ""n_lines"": 11}]",2.45,2.45,3.43,ESTIMATED,1.75,,0.0767,3,0.647,0.061,https://creativecommons.org/licenses/by-nc-nd/4.0/
PMC13364725,Nature Cell Biology,Nature,2026,7,PRIVATE_REFERENCE_ONLY/corpus/PMC13364725/figures/Fig7.jpg,web_jpeg,720,812,0.887,89.0,ESTIMATED,"assumed single column 89.0 mm (Nature figure guide / final-submission page, official_guidelines_audit.csv 2026-09-16) because aspect <= 1.25",10,121,"[{""pt"": 1.96, ""n_lines"": 19}, {""pt"": 2.94, ""n_lines"": 99}]",1.96,2.94,2.94,ESTIMATED,,,0.0393,2,0.572,0.0344,https://creativecommons.org/licenses/by-nc-nd/4.0/
PMC13368582,Nature Biotechnology,Nature,2026,1,PRIVATE_REFERENCE_ONLY/corpus/PMC13368582/typeset/fig01_typeset_600dpi.png,typeset_pdf,3998,2300,1.738,169.2,OBSERVED,,9,149,"[{""pt"": 5.53, ""n_lines"": 108}, {""pt"": 7.04, ""n_lines"": 24}]",5.53,5.53,7.04,INFERRED,,"{""0.71"": 40, ""0.25"": 37, ""1.07"": 14, ""0.50"": 5, ""1.00"": 1}",0.0094,4,0.723,0.0403,https://creativecommons.org/licenses/by-nc-nd/4.0/
PMC13368582,Nature Biotechnology,Nature,2026,2,PRIVATE_REFERENCE_ONLY/corpus/PMC13368582/typeset/fig02_typeset_600dpi.png,typeset_pdf,3799,2472,1.537,160.78,OBSERVED,,8,209,"[{""pt"": 2.51, ""n_lines"": 33}, {""pt"": 4.52, ""n_lines"": 88}, {""pt"": 5.86, ""n_lines"": 28}]",2.51,4.52,5.86,INFERRED,,"{""0.53"": 192, ""1.06"": 85, ""0.37"": 41, ""0.38"": 29, ""0.25"": 5, ""1.57"": 2, ""1.59"": 1}",0.0596,5,0.835,0.0624,https://creativecommons.org/licenses/by-nc-nd/4.0/
PMC13368582,Nature Biotechnology,Nature,2026,3,PRIVATE_REFERENCE_ONLY/corpus/PMC13368582/typeset/fig03_typeset_600dpi.png,typeset_pdf,3939,2389,1.649,166.7,OBSERVED,,4,117,"[{""pt"": 3.52, ""n_lines"": 17}, {""pt"": 4.86, ""n_lines"": 19}, {""pt"": 5.7, ""n_lines"": 56}, {""pt"": 7.04, ""n_lines"": 12}]",3.52,5.7,7.04,INFERRED,,"{""0.17"": 47, ""1.07"": 28, ""0.50"": 13, ""2.20"": 2}",0.0718,3,0.751,0.0426,https://creativecommons.org/licenses/by-nc-nd/4.0/
PMC13368582,Nature Biotechnology,Nature,2026,4,PRIVATE_REFERENCE_ONLY/corpus/PMC13368582/typeset/fig04_typeset_600dpi.png,typeset_pdf,3923,1994,1.967,166.04,OBSERVED,,8,72,"[{""pt"": 5.53, ""n_lines"": 58}, {""pt"": 7.04, ""n_lines"": 11}]",5.53,5.53,7.04,INFERRED,0.6,"{""0.25"": 250, ""0.59"": 3, ""0.44"": 2, ""0.21"": 2, ""1.00"": 1}",0.1331,5,0.847,0.0383,https://creativecommons.org/licenses/by-nc-nd/4.0/
PMC13368582,Nature Biotechnology,Nature,2026,5,PRIVATE_REFERENCE_ONLY/corpus/PMC13368582/typeset/fig05_typeset_600dpi.png,typeset_pdf,3584,2128,1.684,151.66,OBSERVED,,6,292,"[{""pt"": 2.18, ""n_lines"": 136}, {""pt"": 2.85, ""n_lines"": 34}, {""pt"": 4.86, ""n_lines"": 51}, {""pt"": 5.53, ""n_lines"": 30}]",2.18,2.18,5.53,INFERRED,2.76,"{""0.13"": 1735, ""0.16"": 240, ""0.25"": 21, ""0.38"": 3}",0.0386,3,0.658,0.0649,https://creativecommons.org/licenses/by-nc-nd/4.0/
PMC13368584,Nature Biotechnology,Nature,2026,1,PRIVATE_REFERENCE_ONLY/corpus/PMC13368584/typeset/fig01_typeset_600dpi.png,typeset_pdf,4395,3592,1.224,186.0,OBSERVED,,5,101,"[{""pt"": 5.53, ""n_lines"": 55}, {""pt"": 7.04, ""n_lines"": 25}]",5.53,5.53,7.04,INFERRED,,"{""0.62"": 57, ""0.44"": 19, ""0.50"": 2, ""0.25"": 1, ""2.00"": 1}",0.0737,2,0.542,0.0613,https://creativecommons.org/licenses/by/4.0/
PMC13368584,Nature Biotechnology,Nature,2026,2,PRIVATE_REFERENCE_ONLY/corpus/PMC13368584/typeset/fig02_typeset_600dpi.png,typeset_pdf,4069,4062,1.002,172.23,OBSERVED,,9,196,"[{""pt"": 5.53, ""n_lines"": 118}, {""pt"": 6.87, ""n_lines"": 21}]",5.53,5.53,6.87,INFERRED,,"{""0.62"": 6884, ""0.58"": 5000, ""0.25"": 20, ""0.59"": 3, ""0.64"": 3, ""0.87"": 1}",0.0744,1,0.776,0.0483,https://creativecommons.org/licenses/by/4.0/
PMC13368584,Nature Biotechnology,Nature,2026,3,PRIVATE_REFERENCE_ONLY/corpus/PMC13368584/typeset/fig03_typeset_600dpi.png,typeset_pdf,4265,4031,1.058,180.49,OBSERVED,,8,124,"[{""pt"": 5.53, ""n_lines"": 42}, {""pt"": 6.37, ""n_lines"": 62}]",5.53,6.37,6.37,INFERRED,,"{""0.69"": 52, ""0.62"": 41, ""0.50"": 14, ""0.60"": 14, ""0.95"": 6, ""0.25"": 1, ""0.61"": 1}",0.2028,3,0.675,0.1875,https://creativecommons.org/licenses/by/4.0/
PMC13368584,Nature Biotechnology,Nature,2026,4,PRIVATE_REFERENCE_ONLY/corpus/PMC13368584/typeset/fig04_typeset_600dpi.png,typeset_pdf,4165,2083,2.0,176.3,OBSERVED,,4,68,"[{""pt"": 2.51, ""n_lines"": 10}, {""pt"": 5.53, ""n_lines"": 35}, {""pt"": 6.54, ""n_lines"": 14}]",2.51,5.53,6.54,INFERRED,,"{""0.50"": 74, ""0.25"": 61, ""0.75"": 50, ""1.00"": 4}",0.1275,4,0.717,0.0912,https://creativecommons.org/licenses/by/4.0/
PMC13368584,Nature Biotechnology,Nature,2026,5,PRIVATE_REFERENCE_ONLY/corpus/PMC13368584/typeset/fig05_typeset_600dpi.png,typeset_pdf,4153,4940,0.841,175.76,OBSERVED,,5,161,"[{""pt"": 5.53, ""n_lines"": 116}, {""pt"": 7.04, ""n_lines"": 31}]",5.53,5.53,7.04,INFERRED,,"{""0.50"": 55, ""0.52"": 30, ""0.51"": 30, ""1.00"": 19, ""0.25"": 3, ""2.00"": 2, ""1.10"": 1}",0.0878,3,0.63,0.0529,https://creativecommons.org/licenses/by/4.0/
PMC13368584,Nature Biotechnology,Nature,2026,6,PRIVATE_REFERENCE_ONLY/corpus/PMC13368584/typeset/fig06_typeset_600dpi.png,typeset_pdf,4427,3526,1.256,187.37,OBSERVED,,9,118,"[{""pt"": 5.53, ""n_lines"": 69}, {""pt"": 6.53, ""n_lines"": 38}]",5.53,5.53,6.53,INFERRED,,"{""0.50"": 23, ""0.61"": 22, ""0.30"": 12, ""0.76"": 5, ""2.00"": 3, ""0.62"": 3}",0.0756,2,0.769,0.0884,https://creativecommons.org/licenses/by/4.0/
PMC13372101,Science,Science,2026,1,PRIVATE_REFERENCE_ONLY/corpus/PMC13372101/figures/Fig1.jpg,web_jpeg,1788,1920,0.931,57.0,ESTIMATED,"assumed single column 57.0 mm (Science instructions for preparing initial manuscript (Wayback 2025-08-10), official_guidelines_audit.csv) because aspect <= 1.25",6,61,[],,,,ESTIMATED,,,0.1368,4,0.805,0.5204,https://creativecommons.org/licenses/by/4.0/ (URL inferred from license text)
PMC13372101,Science,Science,2026,2,PRIVATE_REFERENCE_ONLY/corpus/PMC13372101/figures/Fig2.gif,web_jpeg,100,100,1.0,57.0,ESTIMATED,"assumed single column 57.0 mm (Science instructions for preparing initial manuscript (Wayback 2025-08-10), official_guidelines_audit.csv) because aspect <= 1.25",1,0,[],,,,ESTIMATED,,,0.1219,4,0.433,0.0188,https://creativecommons.org/licenses/by/4.0/ (URL inferred from license text)
PMC13372101,Science,Science,2026,3,PRIVATE_REFERENCE_ONLY/corpus/PMC13372101/figures/Fig3.gif,web_jpeg,100,115,0.87,57.0,ESTIMATED,"assumed single column 57.0 mm (Science instructions for preparing initial manuscript (Wayback 2025-08-10), official_guidelines_audit.csv) because aspect <= 1.25",1,0,[],,,,ESTIMATED,,,0.033,6,0.359,0.004,https://creativecommons.org/licenses/by/4.0/ (URL inferred from license text)
PMC13372101,Science,Science,2026,4,PRIVATE_REFERENCE_ONLY/corpus/PMC13372101/figures/Fig4.jpg,web_jpeg,1543,1920,0.804,57.0,ESTIMATED,"assumed single column 57.0 mm (Science instructions for preparing initial manuscript (Wayback 2025-08-10), official_guidelines_audit.csv) because aspect <= 1.25",1,75,"[{""pt"": 1.46, ""n_lines"": 25}, {""pt"": 1.9, ""n_lines"": 14}, {""pt"": 2.34, ""n_lines"": 17}, {""pt"": 2.63, ""n_lines"": 9}]",1.46,1.46,2.63,ESTIMATED,,,0.1171,2,0.771,0.3783,https://creativecommons.org/licenses/by/4.0/ (URL inferred from license text)
PMC13372101,Science,Science,2026,5,PRIVATE_REFERENCE_ONLY/corpus/PMC13372101/figures/Fig5.gif,web_jpeg,100,60,1.667,184.0,ESTIMATED,"assumed full width 184.0 mm (Science instructions for preparing initial manuscript (Wayback 2025-08-10), official_guidelines_audit.csv) because aspect > 1.25",1,0,[],,,,ESTIMATED,,,0.0633,4,0.703,0.149,https://creativecommons.org/licenses/by/4.0/ (URL inferred from license text)
PMC13372101,Science,Science,2026,6,PRIVATE_REFERENCE_ONLY/corpus/PMC13372101/figures/Fig6.jpg,web_jpeg,1653,1920,0.861,57.0,ESTIMATED,"assumed single column 57.0 mm (Science instructions for preparing initial manuscript (Wayback 2025-08-10), official_guidelines_audit.csv) because aspect <= 1.25",6,94,"[{""pt"": 1.64, ""n_lines"": 30}, {""pt"": 2.05, ""n_lines"": 29}, {""pt"": 2.59, ""n_lines"": 24}]",1.64,1.64,2.59,ESTIMATED,,,0.1027,2,0.819,0.3265,https://creativecommons.org/licenses/by/4.0/ (URL inferred from license text)
PMC13372101,Science,Science,2026,7,PRIVATE_REFERENCE_ONLY/corpus/PMC13372101/figures/Fig7.gif,web_jpeg,100,110,0.909,57.0,ESTIMATED,"assumed single column 57.0 mm (Science instructions for preparing initial manuscript (Wayback 2025-08-10), official_guidelines_audit.csv) because aspect <= 1.25",1,0,[],,,,ESTIMATED,,,0.0814,5,0.486,0.2525,https://creativecommons.org/licenses/by/4.0/ (URL inferred from license text)
PMC13396705,Cell Metabolism,Cell,2026,1,PRIVATE_REFERENCE_ONLY/corpus/PMC13396705/figures/Fig1.gif,web_jpeg,100,103,0.971,85.0,ESTIMATED,"assumed single column 85.0 mm (Cell Press figure guidelines (Wayback 2025-09-11), official_guidelines_audit.csv) because aspect <= 1.25",1,2,[],,,,ESTIMATED,,,0.0305,3,0.465,0.0176,http://creativecommons.org/licenses/by-nc-nd/4.0/
PMC13396705,Cell Metabolism,Cell,2026,2,PRIVATE_REFERENCE_ONLY/corpus/PMC13396705/figures/Fig2.jpg,web_jpeg,747,750,0.996,85.0,ESTIMATED,"assumed single column 85.0 mm (Cell Press figure guidelines (Wayback 2025-09-11), official_guidelines_audit.csv) because aspect <= 1.25",3,171,"[{""pt"": 1.8, ""n_lines"": 29}, {""pt"": 2.7, ""n_lines"": 139}]",1.8,2.7,2.7,ESTIMATED,0.32,,0.0496,3,0.621,0.0266,http://creativecommons.org/licenses/by-nc-nd/4.0/
PMC13396705,Cell Metabolism,Cell,2026,3,PRIVATE_REFERENCE_ONLY/corpus/PMC13396705/figures/Fig3.jpg,web_jpeg,747,553,1.351,174.0,ESTIMATED,"assumed full width 174.0 mm (Cell Press figure guidelines (Wayback 2025-09-11), official_guidelines_audit.csv) because aspect > 1.25",10,110,"[{""pt"": 3.69, ""n_lines"": 22}, {""pt"": 5.53, ""n_lines"": 81}]",3.69,5.53,5.53,ESTIMATED,,,0.0157,6,0.573,0.0253,http://creativecommons.org/licenses/by-nc-nd/4.0/
PMC13396705,Cell Metabolism,Cell,2026,4,PRIVATE_REFERENCE_ONLY/corpus/PMC13396705/figures/Fig4.gif,web_jpeg,100,126,0.794,85.0,ESTIMATED,"assumed single column 85.0 mm (Cell Press figure guidelines (Wayback 2025-09-11), official_guidelines_audit.csv) because aspect <= 1.25",1,0,[],,,,ESTIMATED,,,0.0141,3,0.402,0.0026,http://creativecommons.org/licenses/by-nc-nd/4.0/
PMC13403147,Science,Science,2026,1,PRIVATE_REFERENCE_ONLY/corpus/PMC13403147/figures/Fig1.jpg,web_jpeg,1644,2100,0.783,57.0,ESTIMATED,"assumed single column 57.0 mm (Science instructions for preparing initial manuscript (Wayback 2025-08-10), official_guidelines_audit.csv) because aspect <= 1.25",2,411,"[{""pt"": 1.24, ""n_lines"": 110}, {""pt"": 1.65, ""n_lines"": 86}, {""pt"": 2.06, ""n_lines"": 63}]",1.24,1.24,2.06,ESTIMATED,2.95,,0.0632,3,0.726,0.1582,https://www.science.org/about/science-licenses-journal-article-reuse
PMC13403147,Science,Science,2026,2,PRIVATE_REFERENCE_ONLY/corpus/PMC13403147/figures/Fig2.jpg,web_jpeg,1590,2100,0.757,57.0,ESTIMATED,"assumed single column 57.0 mm (Science instructions for preparing initial manuscript (Wayback 2025-08-10), official_guidelines_audit.csv) because aspect <= 1.25",1,239,"[{""pt"": 1.42, ""n_lines"": 61}, {""pt"": 1.7, ""n_lines"": 92}, {""pt"": 2.27, ""n_lines"": 46}]",1.42,1.7,2.27,ESTIMATED,0.25,,0.0725,3,0.471,0.0816,https://www.science.org/about/science-licenses-journal-article-reuse
PMC13403147,Science,Science,2026,3,PRIVATE_REFERENCE_ONLY/corpus/PMC13403147/figures/Fig3.jpg,web_jpeg,1800,2049,0.878,57.0,ESTIMATED,"assumed single column 57.0 mm (Science instructions for preparing initial manuscript (Wayback 2025-08-10), official_guidelines_audit.csv) because aspect <= 1.25",1,294,"[{""pt"": 1.13, ""n_lines"": 73}, {""pt"": 1.5, ""n_lines"": 120}, {""pt"": 1.76, ""n_lines"": 52}, {""pt"": 2.38, ""n_lines"": 30}]",1.13,1.5,2.38,ESTIMATED,0.27,,0.0163,2,0.497,0.0488,https://www.science.org/about/science-licenses-journal-article-reuse
PMC13403147,Science,Science,2026,4,PRIVATE_REFERENCE_ONLY/corpus/PMC13403147/figures/Fig4.jpg,web_jpeg,1800,2099,0.858,57.0,ESTIMATED,"assumed single column 57.0 mm (Science instructions for preparing initial manuscript (Wayback 2025-08-10), official_guidelines_audit.csv) because aspect <= 1.25",1,257,"[{""pt"": 1.13, ""n_lines"": 56}, {""pt"": 1.5, ""n_lines"": 124}, {""pt"": 1.88, ""n_lines"": 36}]",1.13,1.5,1.88,ESTIMATED,0.18,,0.0675,4,0.713,0.0489,https://www.science.org/about/science-licenses-journal-article-reuse
PMC13403147,Science,Science,2026,5,PRIVATE_REFERENCE_ONLY/corpus/PMC13403147/figures/Fig5.jpg,web_jpeg,1800,2020,0.891,57.0,ESTIMATED,"assumed single column 57.0 mm (Science instructions for preparing initial manuscript (Wayback 2025-08-10), official_guidelines_audit.csv) because aspect <= 1.25",2,331,"[{""pt"": 1.25, ""n_lines"": 65}, {""pt"": 1.5, ""n_lines"": 192}, {""pt"": 2.26, ""n_lines"": 38}]",1.25,1.5,2.26,ESTIMATED,1.89,,0.0387,3,0.674,0.0569,https://www.science.org/about/science-licenses-journal-article-reuse
PMC13403147,Science,Science,2026,6,PRIVATE_REFERENCE_ONLY/corpus/PMC13403147/figures/Fig6.jpg,web_jpeg,1800,2085,0.863,57.0,ESTIMATED,"assumed single column 57.0 mm (Science instructions for preparing initial manuscript (Wayback 2025-08-10), official_guidelines_audit.csv) because aspect <= 1.25",1,150,"[{""pt"": 1.38, ""n_lines"": 46}, {""pt"": 1.76, ""n_lines"": 50}, {""pt"": 2.01, ""n_lines"": 23}, {""pt"": 2.26, ""n_lines"": 24}]",1.38,1.76,2.26,ESTIMATED,,,0.0434,2,0.622,0.0561,https://www.science.org/about/science-licenses-journal-article-reuse
PMC13441886,Nature Methods,Nature,2026,1,PRIVATE_REFERENCE_ONLY/corpus/PMC13441886/typeset/fig01_typeset_600dpi.png,typeset_pdf,3757,3527,1.065,159.0,OBSERVED,,1,137,[],,,,INFERRED,,"{""0.17"": 17, ""0.68"": 3, ""0.25"": 3, ""1.50"": 2, ""0.62"": 1, ""1.09"": 1, ""1.30"": 1, ""1.18"": 1, ""1.83"": 1, ""1.63"": 1, ""1.77"": 1}",0.3484,2,0.45,0.3873,https://creativecommons.org/licenses/by/4.0/
PMC13441886,Nature Methods,Nature,2026,2,PRIVATE_REFERENCE_ONLY/corpus/PMC13441886/typeset/fig02_typeset_600dpi.png,typeset_pdf,4358,4732,0.921,184.44,OBSERVED,,9,97,"[{""pt"": 5.53, ""n_lines"": 52}, {""pt"": 7.04, ""n_lines"": 23}]",5.53,5.53,7.04,INFERRED,,"{""0.50"": 423, ""1.25"": 131, ""1.00"": 9, ""0.25"": 1}",0.1557,3,0.48,0.0699,https://creativecommons.org/licenses/by/4.0/
PMC13441886,Nature Methods,Nature,2026,3,PRIVATE_REFERENCE_ONLY/corpus/PMC13441886/typeset/fig03_typeset_600dpi.png,typeset_pdf,3984,4927,0.809,168.62,OBSERVED,,7,101,"[{""pt"": 4.44, ""n_lines"": 24}, {""pt"": 5.19, ""n_lines"": 28}, {""pt"": 6.53, ""n_lines"": 27}]",4.44,5.19,6.53,INFERRED,,"{""0.95"": 375, ""0.47"": 171}",0.0607,2,0.488,0.0189,https://creativecommons.org/licenses/by/4.0/
PMC13441886,Nature Methods,Nature,2026,4,PRIVATE_REFERENCE_ONLY/corpus/PMC13441886/typeset/fig04_typeset_600dpi.png,typeset_pdf,3633,4397,0.826,153.73,OBSERVED,,13,62,"[{""pt"": 5.7, ""n_lines"": 20}, {""pt"": 7.04, ""n_lines"": 39}]",5.7,7.04,7.04,INFERRED,5.88,"{""0.50"": 114, ""1.18"": 2}",0.1526,2,0.361,0.4469,https://creativecommons.org/licenses/by/4.0/
PMC13441889,Nature Methods,Nature,2026,1,PRIVATE_REFERENCE_ONLY/corpus/PMC13441889/typeset/fig01_typeset_600dpi.png,typeset_pdf,4385,2113,2.075,185.58,OBSERVED,,1,96,"[{""pt"": 5.86, ""n_lines"": 33}, {""pt"": 7.04, ""n_lines"": 16}]",5.86,5.86,7.04,INFERRED,,"{""0.63"": 10, ""1.00"": 6, ""0.50"": 5, ""0.84"": 3, ""1.67"": 2, ""4.00"": 1, ""0.64"": 1}",0.0497,2,0.614,0.0819,https://creativecommons.org/licenses/by/4.0/
PMC13441889,Nature Methods,Nature,2026,2,PRIVATE_REFERENCE_ONLY/corpus/PMC13441889/typeset/fig02_typeset_600dpi.png,typeset_pdf,3722,2350,1.584,157.52,OBSERVED,,6,92,"[{""pt"": 2.35, ""n_lines"": 13}, {""pt"": 3.69, ""n_lines"": 18}, {""pt"": 5.53, ""n_lines"": 11}]",2.35,3.69,5.53,INFERRED,,"{""0.63"": 4, ""2.00"": 2, ""1.00"": 1}",0.0635,2,0.397,0.2025,https://creativecommons.org/licenses/by/4.0/
PMC13441889,Nature Methods,Nature,2026,3,PRIVATE_REFERENCE_ONLY/corpus/PMC13441889/typeset/fig03_typeset_600dpi.png,typeset_pdf,4412,2811,1.57,186.74,OBSERVED,,1,111,"[{""pt"": 5.53, ""n_lines"": 47}, {""pt"": 6.87, ""n_lines"": 28}]",5.53,5.53,6.87,INFERRED,,"{""0.04"": 60, ""0.25"": 15, ""0.40"": 10, ""1.00"": 8, ""0.31"": 6, ""0.20"": 6, ""3.06"": 3, ""1.53"": 2, ""0.12"": 2, ""0.51"": 1, ""0.76"": 1}",0.0427,1,0.724,0.0759,https://creativecommons.org/licenses/by/4.0/
PMC13441889,Nature Methods,Nature,2026,4,PRIVATE_REFERENCE_ONLY/corpus/PMC13441889/typeset/fig04_typeset_600dpi.png,typeset_pdf,4375,2127,2.057,185.17,OBSERVED,,5,127,"[{""pt"": 5.53, ""n_lines"": 50}, {""pt"": 7.04, ""n_lines"": 24}]",5.53,5.53,7.04,INFERRED,,"{""0.25"": 24, ""0.55"": 20, ""0.41"": 12, ""0.16"": 7}",0.0204,3,0.514,0.0565,https://creativecommons.org/licenses/by/4.0/
PMC13441889,Nature Methods,Nature,2026,5,PRIVATE_REFERENCE_ONLY/corpus/PMC13441889/typeset/fig05_typeset_600dpi.png,typeset_pdf,3611,2137,1.69,152.8,OBSERVED,,1,100,"[{""pt"": 2.35, ""n_lines"": 13}, {""pt"": 3.69, ""n_lines"": 21}, {""pt"": 5.19, ""n_lines"": 27}, {""pt"": 7.04, ""n_lines"": 18}]",2.35,5.19,7.04,INFERRED,,"{""1.00"": 2, ""1.05"": 1, ""2.00"": 1}",0.0212,3,0.652,0.0539,https://creativecommons.org/licenses/by/4.0/
PMC13441889,Nature Methods,Nature,2026,6,PRIVATE_REFERENCE_ONLY/corpus/PMC13441889/typeset/fig06_typeset_600dpi.png,typeset_pdf,4387,3626,1.21,185.68,OBSERVED,,4,69,"[{""pt"": 3.69, ""n_lines"": 7}, {""pt"": 5.53, ""n_lines"": 26}, {""pt"": 6.54, ""n_lines"": 16}, {""pt"": 18.77, ""n_lines"": 7}]",3.69,5.53,18.77,INFERRED,,"{""0.51"": 5, ""1.00"": 1}",0.0238,4,0.778,0.0543,https://creativecommons.org/licenses/by/4.0/
PMC13442000,Nature Methods,Nature,2026,1,PRIVATE_REFERENCE_ONLY/corpus/PMC13442000/typeset/fig01_typeset_300dpi.png,typeset_pdf,2003,2523,0.794,169.51,OBSERVED,,1,181,"[{""pt"": 5.36, ""n_lines"": 27}, {""pt"": 6.7, ""n_lines"": 112}, {""pt"": 8.38, ""n_lines"": 19}]",5.36,6.7,8.38,INFERRED,0.48,"{""0.50"": 72, ""0.16"": 18, ""1.00"": 17, ""0.38"": 8, ""1.18"": 4, ""0.79"": 3, ""1.23"": 2, ""1.50"": 2, ""0.75"": 2, ""0.39"": 1, ""0.56"": 1}",0.076,3,0.842,0.082,https://creativecommons.org/licenses/by-nc-nd/4.0/
PMC13442000,Nature Methods,Nature,2026,2,PRIVATE_REFERENCE_ONLY/corpus/PMC13442000/typeset/fig02_typeset_600dpi.png,typeset_pdf,4344,3199,1.358,183.85,OBSERVED,,7,99,"[{""pt"": 5.53, ""n_lines"": 28}, {""pt"": 6.53, ""n_lines"": 43}, {""pt"": 8.38, ""n_lines"": 14}]",5.53,6.53,8.38,INFERRED,3.0,"{""0.50"": 62, ""0.25"": 9, ""0.75"": 6, ""0.60"": 6, ""0.71"": 3, ""0.57"": 2, ""1.00"": 2, ""0.74"": 1}",0.049,4,0.631,0.3435,https://creativecommons.org/licenses/by-nc-nd/4.0/
PMC13442000,Nature Methods,Nature,2026,3,PRIVATE_REFERENCE_ONLY/corpus/PMC13442000/typeset/fig03_typeset_300dpi.png,typeset_pdf,1637,2664,0.614,138.52,OBSERVED,,1,230,"[{""pt"": 5.36, ""n_lines"": 122}, {""pt"": 7.04, ""n_lines"": 47}]",5.36,5.36,7.04,INFERRED,5.52,"{""0.25"": 616, ""0.15"": 423, ""0.50"": 31, ""0.30"": 28, ""0.45"": 14, ""0.34"": 3, ""0.47"": 1, ""0.28"": 1, ""1.21"": 1}",0.0317,4,0.881,0.0914,https://creativecommons.org/licenses/by-nc-nd/4.0/
PMC13442000,Nature Methods,Nature,2026,4,PRIVATE_REFERENCE_ONLY/corpus/PMC13442000/typeset/fig04_typeset_600dpi.png,typeset_pdf,4377,2526,1.733,185.27,OBSERVED,,8,95,"[{""pt"": 4.52, ""n_lines"": 28}, {""pt"": 5.53, ""n_lines"": 50}]",4.52,5.53,5.53,INFERRED,7.32,"{""0.25"": 192, ""0.50"": 58, ""0.16"": 16, ""0.44"": 9, ""0.60"": 8, ""1.00"": 7, ""1.19"": 4, ""0.23"": 3, ""3.58"": 2, ""0.45"": 2, ""0.62"": 1}",0.055,2,0.848,0.1605,https://creativecommons.org/licenses/by-nc-nd/4.0/
PMC13442000,Nature Methods,Nature,2026,5,PRIVATE_REFERENCE_ONLY/corpus/PMC13442000/typeset/fig05_typeset_300dpi.png,typeset_pdf,1953,2529,0.772,165.22,OBSERVED,,14,147,"[{""pt"": 5.36, ""n_lines"": 44}, {""pt"": 6.7, ""n_lines"": 81}]",5.36,6.7,6.7,INFERRED,2.4,"{""0.25"": 107, ""0.24"": 36, ""0.42"": 24, ""0.40"": 13, ""0.80"": 7, ""1.00"": 6, ""0.62"": 4, ""0.36"": 4, ""0.50"": 4, ""0.70"": 2, ""0.49"": 1, ""0.37"": 1}",0.0097,2,0.808,0.0302,https://creativecommons.org/licenses/by-nc-nd/4.0/
PMC13442000,Nature Methods,Nature,2026,6,PRIVATE_REFERENCE_ONLY/corpus/PMC13442000/typeset/fig06_typeset_600dpi.png,typeset_pdf,4422,3841,1.151,187.15,OBSERVED,,11,117,"[{""pt"": 5.53, ""n_lines"": 18}, {""pt"": 6.53, ""n_lines"": 88}]",5.53,6.53,6.53,INFERRED,8.52,"{""0.50"": 58, ""0.25"": 37, ""1.08"": 14, ""0.72"": 13, ""0.36"": 12, ""1.00"": 9, ""1.62"": 6, ""0.35"": 4, ""0.18"": 4, ""0.54"": 2, ""0.52"": 2, ""1.12"": 2}",0.099,5,0.916,0.1515,https://creativecommons.org/licenses/by-nc-nd/4.0/
PMC13457098,Nature Cell Biology,Nature,2026,1,PRIVATE_REFERENCE_ONLY/corpus/PMC13457098/typeset/fig01_typeset_300dpi.png,typeset_pdf,2214,1820,1.216,187.41,OBSERVED,,1,72,"[{""pt"": 4.36, ""n_lines"": 38}, {""pt"": 6.03, ""n_lines"": 16}]",4.36,4.36,6.03,INFERRED,,"{""0.36"": 14, ""0.25"": 11, ""0.18"": 7, ""0.72"": 3, ""0.75"": 2, ""0.50"": 2, ""2.00"": 2, ""0.76"": 1, ""0.77"": 1, ""0.74"": 1, ""1.44"": 1, ""0.54"": 1}",0.2616,4,0.668,0.6427,https://creativecommons.org/licenses/by-nc-nd/4.0/
PMC13457098,Nature Cell Biology,Nature,2026,2,PRIVATE_REFERENCE_ONLY/corpus/PMC13457098/typeset/fig02_typeset_300dpi.png,typeset_pdf,1635,2364,0.692,138.29,OBSERVED,,8,131,"[{""pt"": 5.36, ""n_lines"": 39}, {""pt"": 6.7, ""n_lines"": 49}, {""pt"": 8.2, ""n_lines"": 34}]",5.36,6.7,8.2,INFERRED,0.48,"{""0.16"": 410, ""0.25"": 410, ""0.36"": 23, ""0.50"": 13, ""0.18"": 6, ""0.15"": 5, ""0.24"": 5, ""0.54"": 1}",0.1567,4,0.5,0.0239,https://creativecommons.org/licenses/by-nc-nd/4.0/
PMC13457098,Nature Cell Biology,Nature,2026,3,PRIVATE_REFERENCE_ONLY/corpus/PMC13457098/typeset/fig03_typeset_300dpi.png,typeset_pdf,1753,1723,1.017,148.36,OBSERVED,,1,13,"[{""pt"": 4.36, ""n_lines"": 4}, {""pt"": 5.03, ""n_lines"": 5}]",4.36,5.03,5.03,INFERRED,,"{""0.09"": 56, ""0.25"": 19}",0.1422,5,0.624,0.7788,https://creativecommons.org/licenses/by-nc-nd/4.0/
PMC13457098,Nature Cell Biology,Nature,2026,4,PRIVATE_REFERENCE_ONLY/corpus/PMC13457098/typeset/fig04_typeset_300dpi.png,typeset_pdf,1579,2393,0.66,133.62,OBSERVED,,5,237,"[{""pt"": 3.35, ""n_lines"": 36}, {""pt"": 5.36, ""n_lines"": 69}]",3.35,5.36,5.36,INFERRED,,"{""0.34"": 48, ""1.48"": 5, ""4.84"": 5, ""0.67"": 5, ""4.03"": 5, ""0.84"": 3, ""1.78"": 2, ""1.71"": 2, ""2.56"": 2, ""3.76"": 2, ""0.98"": 2, ""0.90"": 2}",0.2389,5,0.452,0.1357,https://creativecommons.org/licenses/by-nc-nd/4.0/
PMC13457098,Nature Cell Biology,Nature,2026,5,PRIVATE_REFERENCE_ONLY/corpus/PMC13457098/typeset/fig05_typeset_300dpi.png,typeset_pdf,2185,1432,1.526,184.95,OBSERVED,,1,131,"[{""pt"": 5.36, ""n_lines"": 22}, {""pt"": 6.37, ""n_lines"": 35}]",5.36,6.37,6.37,INFERRED,,"{""0.25"": 32, ""0.34"": 6, ""1.36"": 2, ""0.50"": 2, ""2.00"": 1}",0.2344,4,0.71,0.4344,https://creativecommons.org/licenses/by-nc-nd/4.0/
PMC13457098,Nature Cell Biology,Nature,2026,6,PRIVATE_REFERENCE_ONLY/corpus/PMC13457098/typeset/fig06_typeset_300dpi.png,typeset_pdf,2176,1539,1.414,184.18,OBSERVED,,4,115,"[{""pt"": 5.36, ""n_lines"": 23}, {""pt"": 6.7, ""n_lines"": 39}, {""pt"": 8.04, ""n_lines"": 14}, {""pt"": 11.06, ""n_lines"": 12}]",5.36,6.7,11.06,INFERRED,2.64,"{""0.59"": 134, ""0.74"": 134, ""0.33"": 10, ""0.25"": 10, ""2.00"": 7, ""0.06"": 5, ""0.50"": 2}",0.138,4,0.595,0.3105,https://creativecommons.org/licenses/by-nc-nd/4.0/
PMC13457098,Nature Cell Biology,Nature,2026,7,PRIVATE_REFERENCE_ONLY/corpus/PMC13457098/typeset/fig07_typeset_300dpi.png,typeset_pdf,2142,1544,1.387,181.31,OBSERVED,,1,88,"[{""pt"": 5.36, ""n_lines"": 17}, {""pt"": 7.04, ""n_lines"": 27}]",5.36,7.04,7.04,INFERRED,,"{""0.25"": 14, ""0.67"": 8, ""0.50"": 2, ""0.89"": 2}",0.2706,5,0.731,0.351,https://creativecommons.org/licenses/by-nc-nd/4.0/
PMC13457098,Nature Cell Biology,Nature,2026,8,PRIVATE_REFERENCE_ONLY/corpus/PMC13457098/typeset/fig08_typeset_300dpi.png,typeset_pdf,1534,890,1.724,129.82,OBSERVED,,8,36,"[{""pt"": 6.7, ""n_lines"": 31}]",6.7,6.7,6.7,INFERRED,3.84,"{""0.30"": 635, ""0.27"": 29, ""0.54"": 4}",0.0977,4,0.761,0.0554,https://creativecommons.org/licenses/by-nc-nd/4.0/
PMC13457102,Nature Cell Biology,Nature,2026,1,PRIVATE_REFERENCE_ONLY/corpus/PMC13457102/typeset/fig01_typeset_300dpi.png,typeset_pdf,2108,2349,0.897,178.37,OBSERVED,,6,93,"[{""pt"": 5.02, ""n_lines"": 21}, {""pt"": 6.36, ""n_lines"": 43}]",5.02,6.36,6.36,INFERRED,1.08,"{""0.30"": 69, ""0.25"": 36, ""0.48"": 18, ""0.50"": 12, ""0.96"": 3, ""1.44"": 1, ""0.72"": 1, ""0.83"": 1}",0.1244,1,0.565,0.0399,https://creativecommons.org/licenses/by/4.0/
PMC13457102,Nature Cell Biology,Nature,2026,2,PRIVATE_REFERENCE_ONLY/corpus/PMC13457102/typeset/fig02_typeset_300dpi.png,typeset_pdf,2155,2685,0.803,182.32,OBSERVED,,12,298,"[{""pt"": 5.36, ""n_lines"": 111}, {""pt"": 6.7, ""n_lines"": 121}]",5.36,6.7,6.7,INFERRED,2.88,"{""0.18"": 13231, ""0.25"": 657, ""0.83"": 145, ""0.50"": 24, ""0.52"": 3}",0.0629,6,0.705,0.0705,https://creativecommons.org/licenses/by/4.0/
PMC13457102,Nature Cell Biology,Nature,2026,3,PRIVATE_REFERENCE_ONLY/corpus/PMC13457102/typeset/fig03_typeset_300dpi.png,typeset_pdf,2182,1467,1.487,184.66,OBSERVED,,18,92,"[{""pt"": 5.36, ""n_lines"": 68}, {""pt"": 6.7, ""n_lines"": 11}]",5.36,5.36,6.7,INFERRED,0.24,"{""0.26"": 29040, ""0.50"": 23, ""0.54"": 18, ""0.25"": 13, ""0.07"": 12, ""1.06"": 8, ""1.39"": 8, ""1.07"": 7, ""1.00"": 6, ""0.53"": 1}",0.1024,4,0.67,0.2403,https://creativecommons.org/licenses/by/4.0/
PMC13457102,Nature Cell Biology,Nature,2026,4,PRIVATE_REFERENCE_ONLY/corpus/PMC13457102/typeset/fig04_typeset_300dpi.png,typeset_pdf,2202,2561,0.86,186.33,OBSERVED,,14,139,"[{""pt"": 5.36, ""n_lines"": 69}, {""pt"": 6.7, ""n_lines"": 54}]",5.36,5.36,6.7,INFERRED,4.08,"{""1.11"": 448, ""0.25"": 51, ""0.55"": 42, ""0.10"": 42, ""0.58"": 34, ""0.18"": 20, ""0.28"": 20, ""0.13"": 19, ""1.15"": 18, ""0.56"": 12, ""0.08"": 11, ""0.40"": 10}",0.1399,4,0.772,0.0905,https://creativecommons.org/licenses/by/4.0/
PMC13457102,Nature Cell Biology,Nature,2026,5,PRIVATE_REFERENCE_ONLY/corpus/PMC13457102/typeset/fig05_typeset_300dpi.png,typeset_pdf,1782,2077,0.858,150.78,OBSERVED,,9,108,"[{""pt"": 5.36, ""n_lines"": 20}, {""pt"": 6.7, ""n_lines"": 68}]",5.36,6.7,6.7,INFERRED,,"{""0.44"": 275, ""0.25"": 220, ""0.18"": 178, ""0.17"": 149, ""0.16"": 135, ""0.14"": 135, ""0.22"": 97, ""0.19"": 84, ""0.20"": 81, ""0.24"": 53, ""0.13"": 52, ""0.23"": 50}",0.0675,6,0.602,0.034,https://creativecommons.org/licenses/by/4.0/
PMC13457102,Nature Cell Biology,Nature,2026,6,PRIVATE_REFERENCE_ONLY/corpus/PMC13457102/typeset/fig06_typeset_300dpi.png,typeset_pdf,2176,2578,0.844,184.15,OBSERVED,,12,152,"[{""pt"": 3.35, ""n_lines"": 16}, {""pt"": 5.36, ""n_lines"": 65}, {""pt"": 6.37, ""n_lines"": 45}]",3.35,5.36,6.37,INFERRED,5.4,"{""0.26"": 228, ""0.25"": 218, ""0.14"": 144, ""0.27"": 134, ""0.18"": 101, ""0.21"": 74, ""0.11"": 68, ""0.16"": 68, ""0.32"": 58, ""0.23"": 40, ""0.24"": 33, ""0.28"": 33}",0.0925,4,0.771,0.2441,https://creativecommons.org/licenses/by/4.0/
PMC13457102,Nature Cell Biology,Nature,2026,7,PRIVATE_REFERENCE_ONLY/corpus/PMC13457102/typeset/fig07_typeset_300dpi.png,typeset_pdf,2193,2400,0.914,185.63,OBSERVED,,14,209,"[{""pt"": 4.02, ""n_lines"": 26}, {""pt"": 5.36, ""n_lines"": 54}, {""pt"": 6.7, ""n_lines"": 78}]",4.02,6.7,6.7,INFERRED,6.96,"{""0.50"": 28709, ""1.00"": 585, ""0.25"": 76}",0.0311,4,0.606,0.0364,https://creativecommons.org/licenses/by/4.0/
PMC13457102,Nature Cell Biology,Nature,2026,8,PRIVATE_REFERENCE_ONLY/corpus/PMC13457102/typeset/fig08_typeset_300dpi.png,typeset_pdf,2108,2736,0.77,178.39,OBSERVED,,2,185,"[{""pt"": 4.36, ""n_lines"": 23}, {""pt"": 5.36, ""n_lines"": 55}, {""pt"": 6.7, ""n_lines"": 90}]",4.36,6.7,6.7,INFERRED,,"{""0.25"": 90, ""1.00"": 21, ""0.50"": 9, ""0.58"": 6, ""1.16"": 3}",0.0296,5,0.724,0.0409,https://creativecommons.org/licenses/by/4.0/
PMC13461360,Nature Biotechnology,Nature,2026,1,PRIVATE_REFERENCE_ONLY/corpus/PMC13461360/typeset/fig01_typeset_300dpi.png,typeset_pdf,2215,1884,1.176,187.5,OBSERVED,,1,108,"[{""pt"": 4.02, ""n_lines"": 13}, {""pt"": 5.36, ""n_lines"": 26}, {""pt"": 6.37, ""n_lines"": 28}, {""pt"": 7.04, ""n_lines"": 20}]",4.02,6.37,7.04,INFERRED,2.52,"{""0.18"": 158, ""0.25"": 108, ""0.03"": 100, ""0.24"": 29, ""0.17"": 24, ""0.61"": 12, ""0.13"": 11, ""0.31"": 9, ""0.92"": 6}",0.1208,5,0.639,0.0702,https://creativecommons.org/licenses/by-nc-nd/4.0/
PMC13461360,Nature Biotechnology,Nature,2026,2,PRIVATE_REFERENCE_ONLY/corpus/PMC13461360/typeset/fig02_typeset_300dpi.png,typeset_pdf,2185,1129,1.935,184.89,OBSERVED,,11,162,"[{""pt"": 5.03, ""n_lines"": 125}]",5.03,5.03,5.03,INFERRED,3.6,"{""0.25"": 198, ""0.13"": 20, ""0.23"": 16, ""0.33"": 12, ""0.22"": 12, ""0.10"": 8, ""0.28"": 8, ""0.58"": 4, ""0.50"": 2}",0.0426,4,0.502,0.0495,https://creativecommons.org/licenses/by-nc-nd/4.0/
PMC13461361,Nature Biotechnology,Nature,2026,1,PRIVATE_REFERENCE_ONLY/corpus/PMC13461361/typeset/fig01_typeset_300dpi.png,typeset_pdf,2447,2093,1.169,207.06,OBSERVED,,3,185,"[{""pt"": 4.36, ""n_lines"": 57}, {""pt"": 6.7, ""n_lines"": 82}]",4.36,6.7,6.7,INFERRED,5.64,"{""0.20"": 507, ""0.34"": 257, ""0.25"": 87, ""0.54"": 27, ""0.43"": 18, ""0.44"": 16, ""0.56"": 15, ""0.89"": 13, ""0.36"": 12, ""0.50"": 11, ""0.57"": 4, ""0.70"": 3}",0.0684,5,0.546,0.0484,https://creativecommons.org/licenses/by/4.0/
PMC13461361,Nature Biotechnology,Nature,2026,2,PRIVATE_REFERENCE_ONLY/corpus/PMC13461361/typeset/fig02_typeset_300dpi.png,typeset_pdf,2057,2569,0.801,174.15,OBSERVED,,1,318,"[{""pt"": 4.36, ""n_lines"": 201}, {""pt"": 5.36, ""n_lines"": 36}]",4.36,4.36,5.36,INFERRED,,"{""0.24"": 1754, ""0.25"": 521, ""0.43"": 109, ""0.22"": 80, ""0.38"": 6, ""0.37"": 4, ""0.50"": 3, ""0.80"": 2}",0.1411,4,0.573,0.2321,https://creativecommons.org/licenses/by/4.0/
PMC13461361,Nature Biotechnology,Nature,2026,3,PRIVATE_REFERENCE_ONLY/corpus/PMC13461361/typeset/fig03_typeset_300dpi.png,typeset_pdf,2206,2024,1.09,186.63,OBSERVED,,2,352,"[{""pt"": 4.35, ""n_lines"": 197}, {""pt"": 6.03, ""n_lines"": 83}]",4.35,4.35,6.03,INFERRED,4.32,"{""0.25"": 1046, ""0.16"": 47, ""0.43"": 36, ""0.19"": 22, ""0.06"": 10, ""0.91"": 6, ""0.36"": 5, ""0.55"": 3, ""0.07"": 2, ""0.13"": 1}",0.1032,4,0.485,0.0917,https://creativecommons.org/licenses/by/4.0/
PMC13461361,Nature Biotechnology,Nature,2026,4,PRIVATE_REFERENCE_ONLY/corpus/PMC13461361/typeset/fig04_typeset_300dpi.png,typeset_pdf,2145,1254,1.711,181.55,OBSERVED,,1,255,"[{""pt"": 4.36, ""n_lines"": 44}, {""pt"": 4.69, ""n_lines"": 77}, {""pt"": 6.03, ""n_lines"": 89}]",4.36,6.03,6.03,INFERRED,7.92,"{""0.25"": 637, ""0.46"": 40, ""0.23"": 9, ""0.47"": 6, ""0.06"": 5, ""0.14"": 4, ""0.07"": 4, ""0.08"": 4, ""0.59"": 3, ""0.57"": 2, ""0.86"": 1}",0.0198,3,0.519,0.041,https://creativecommons.org/licenses/by/4.0/
PMC13461362,Nature Biotechnology,Nature,2026,1,PRIVATE_REFERENCE_ONLY/corpus/PMC13461362/typeset/fig01_typeset_300dpi.png,typeset_pdf,1105,1218,0.907,93.49,OBSERVED,,1,22,"[{""pt"": 1.67, ""n_lines"": 8}, {""pt"": 4.02, ""n_lines"": 3}, {""pt"": 7.03, ""n_lines"": 4}]",1.67,1.67,7.03,INFERRED,,{},0.3459,1,0.44,0.2041,https://creativecommons.org/licenses/by/4.0/
PMC13461362,Nature Biotechnology,Nature,2026,2,PRIVATE_REFERENCE_ONLY/corpus/PMC13461362/typeset/fig02_typeset_300dpi.png,typeset_pdf,2137,1835,1.165,180.83,OBSERVED,,8,98,"[{""pt"": 4.36, ""n_lines"": 12}, {""pt"": 5.36, ""n_lines"": 63}, {""pt"": 6.37, ""n_lines"": 11}]",4.36,5.36,6.37,INFERRED,6.24,"{""0.50"": 990, ""0.25"": 659, ""0.54"": 7, ""1.08"": 4, ""1.00"": 2}",0.0441,3,0.622,0.0434,https://creativecommons.org/licenses/by/4.0/
PMC13461362,Nature Biotechnology,Nature,2026,3,PRIVATE_REFERENCE_ONLY/corpus/PMC13461362/typeset/fig03_typeset_300dpi.png,typeset_pdf,1821,2734,0.666,154.03,OBSERVED,,1,38,"[{""pt"": 3.68, ""n_lines"": 4}, {""pt"": 5.36, ""n_lines"": 16}, {""pt"": 7.03, ""n_lines"": 15}]",3.68,5.36,7.03,INFERRED,,"{""0.25"": 34, ""0.98"": 4, ""0.74"": 2}",0.0866,3,0.711,0.5079,https://creativecommons.org/licenses/by/4.0/
PMC13461362,Nature Biotechnology,Nature,2026,4,PRIVATE_REFERENCE_ONLY/corpus/PMC13461362/typeset/fig04_typeset_300dpi.png,typeset_pdf,1587,2507,0.633,134.23,OBSERVED,,4,65,"[{""pt"": 5.36, ""n_lines"": 30}, {""pt"": 7.03, ""n_lines"": 16}, {""pt"": 8.37, ""n_lines"": 8}]",5.36,5.36,8.37,INFERRED,0.72,"{""0.25"": 30, ""0.50"": 4}",0.1624,1,0.746,0.519,https://creativecommons.org/licenses/by/4.0/
PMC13461362,Nature Biotechnology,Nature,2026,5,PRIVATE_REFERENCE_ONLY/corpus/PMC13461362/typeset/fig05_typeset_300dpi.png,typeset_pdf,1694,1731,0.979,143.4,OBSERVED,,7,101,"[{""pt"": 5.36, ""n_lines"": 35}, {""pt"": 6.03, ""n_lines"": 17}]",5.36,5.36,6.03,INFERRED,,"{""0.25"": 42}",0.4147,1,0.475,0.3493,https://creativecommons.org/licenses/by/4.0/
PMC13471043,Cancer Cell,Cell,2026,1,PRIVATE_REFERENCE_ONLY/corpus/PMC13471043/figures/Fig1.gif,web_jpeg,100,111,0.901,85.0,ESTIMATED,"assumed single column 85.0 mm (Cell Press figure guidelines (Wayback 2025-09-11), official_guidelines_audit.csv) because aspect <= 1.25",1,0,[],,,,ESTIMATED,,,0.0114,1,0.381,0.003,http://creativecommons.org/licenses/by-nc/4.0/
PMC13471043,Cancer Cell,Cell,2026,2,PRIVATE_REFERENCE_ONLY/corpus/PMC13471043/figures/Fig2.jpg,web_jpeg,740,732,1.011,85.0,ESTIMATED,"assumed single column 85.0 mm (Cell Press figure guidelines (Wayback 2025-09-11), official_guidelines_audit.csv) because aspect <= 1.25",6,173,"[{""pt"": 2.27, ""n_lines"": 153}]",2.27,2.27,2.27,ESTIMATED,,,0.0479,2,0.523,0.0262,http://creativecommons.org/licenses/by-nc/4.0/
PMC13471043,Cancer Cell,Cell,2026,3,PRIVATE_REFERENCE_ONLY/corpus/PMC13471043/figures/Fig3.gif,web_jpeg,100,103,0.971,85.0,ESTIMATED,"assumed single column 85.0 mm (Cell Press figure guidelines (Wayback 2025-09-11), official_guidelines_audit.csv) because aspect <= 1.25",1,0,[],,,,ESTIMATED,,,0.0293,2,0.473,0.0088,http://creativecommons.org/licenses/by-nc/4.0/
PMC13471043,Cancer Cell,Cell,2026,4,PRIVATE_REFERENCE_ONLY/corpus/PMC13471043/figures/Fig4.jpg,web_jpeg,773,1020,0.758,85.0,ESTIMATED,"assumed single column 85.0 mm (Cell Press figure guidelines (Wayback 2025-09-11), official_guidelines_audit.csv) because aspect <= 1.25",7,205,"[{""pt"": 2.18, ""n_lines"": 155}]",2.18,2.18,2.18,ESTIMATED,,,0.0153,4,0.673,0.0298,http://creativecommons.org/licenses/by-nc/4.0/
PMC13471043,Cancer Cell,Cell,2026,5,PRIVATE_REFERENCE_ONLY/corpus/PMC13471043/figures/Fig5.gif,web_jpeg,100,100,1.0,85.0,ESTIMATED,"assumed single column 85.0 mm (Cell Press figure guidelines (Wayback 2025-09-11), official_guidelines_audit.csv) because aspect <= 1.25",1,2,[],,,,ESTIMATED,,,0.0369,2,0.504,0.0329,http://creativecommons.org/licenses/by-nc/4.0/
PMC13471043,Cancer Cell,Cell,2026,6,PRIVATE_REFERENCE_ONLY/corpus/PMC13471043/figures/Fig6.gif,web_jpeg,100,113,0.885,85.0,ESTIMATED,"assumed single column 85.0 mm (Cell Press figure guidelines (Wayback 2025-09-11), official_guidelines_audit.csv) because aspect <= 1.25",1,0,[],,,,ESTIMATED,,,0.0707,3,0.481,0.0286,http://creativecommons.org/licenses/by-nc/4.0/
PMC13471043,Cancer Cell,Cell,2026,7,PRIVATE_REFERENCE_ONLY/corpus/PMC13471043/figures/Fig7.jpg,web_jpeg,740,700,1.057,85.0,ESTIMATED,"assumed single column 85.0 mm (Cell Press figure guidelines (Wayback 2025-09-11), official_guidelines_audit.csv) because aspect <= 1.25",16,117,"[{""pt"": 2.27, ""n_lines"": 75}, {""pt"": 3.64, ""n_lines"": 28}]",2.27,2.27,3.64,ESTIMATED,,,0.0483,5,0.505,0.038,http://creativecommons.org/licenses/by-nc/4.0/
PMC13471043,Cancer Cell,Cell,2026,8,PRIVATE_REFERENCE_ONLY/corpus/PMC13471043/figures/Fig8.gif,web_jpeg,110,79,1.392,174.0,ESTIMATED,"assumed full width 174.0 mm (Cell Press figure guidelines (Wayback 2025-09-11), official_guidelines_audit.csv) because aspect > 1.25",1,0,[],,,,ESTIMATED,,,0.0146,2,0.55,0.0099,http://creativecommons.org/licenses/by-nc/4.0/
PMC13491402,Science,Science,2026,1,PRIVATE_REFERENCE_ONLY/corpus/PMC13491402/figures/Fig1.webp,web_jpeg,1600,2045,0.782,57.0,ESTIMATED,"assumed single column 57.0 mm (Science instructions for preparing initial manuscript (Wayback 2025-08-10), official_guidelines_audit.csv) because aspect <= 1.25",1,192,"[{""pt"": 1.27, ""n_lines"": 20}, {""pt"": 2.12, ""n_lines"": 137}]",1.27,2.12,2.12,ESTIMATED,1.82,,0.0553,3,0.644,0.2301,https://www.sciencemag.org/about/science-licenses-journal-article-reuse
PMC13491402,Science,Science,2026,2,PRIVATE_REFERENCE_ONLY/corpus/PMC13491402/figures/Fig2.gif,web_jpeg,200,166,1.205,57.0,ESTIMATED,"assumed single column 57.0 mm (Science instructions for preparing initial manuscript (Wayback 2025-08-10), official_guidelines_audit.csv) because aspect <= 1.25",1,2,[],,,,ESTIMATED,,,0.02,3,0.46,0.0066,https://www.sciencemag.org/about/science-licenses-journal-article-reuse
PMC13491402,Science,Science,2026,3,PRIVATE_REFERENCE_ONLY/corpus/PMC13491402/figures/Fig3.gif,web_jpeg,142,200,0.71,57.0,ESTIMATED,"assumed single column 57.0 mm (Science instructions for preparing initial manuscript (Wayback 2025-08-10), official_guidelines_audit.csv) because aspect <= 1.25",1,1,[],,,,ESTIMATED,,,0.0267,3,0.564,0.0112,https://www.sciencemag.org/about/science-licenses-journal-article-reuse
PMC13491402,Science,Science,2026,4,PRIVATE_REFERENCE_ONLY/corpus/PMC13491402/figures/Fig4.gif,web_jpeg,139,200,0.695,57.0,ESTIMATED,"assumed single column 57.0 mm (Science instructions for preparing initial manuscript (Wayback 2025-08-10), official_guidelines_audit.csv) because aspect <= 1.25",1,0,[],,,,ESTIMATED,,,0.0259,5,0.408,0.0091,https://www.sciencemag.org/about/science-licenses-journal-article-reuse
PMC13491402,Science,Science,2026,5,PRIVATE_REFERENCE_ONLY/corpus/PMC13491402/figures/Fig5.gif,web_jpeg,166,200,0.83,57.0,ESTIMATED,"assumed single column 57.0 mm (Science instructions for preparing initial manuscript (Wayback 2025-08-10), official_guidelines_audit.csv) because aspect <= 1.25",1,2,[],,,,ESTIMATED,,,0.0291,3,0.431,0.0045,https://www.sciencemag.org/about/science-licenses-journal-article-reuse
PMC13506674,Cell Reports,Cell,2026,1,PRIVATE_REFERENCE_ONLY/corpus/PMC13506674/figures/Fig1.webp,web_jpeg,1600,756,2.116,174.0,ESTIMATED,"assumed full width 174.0 mm (Cell Press figure guidelines (Wayback 2025-09-11), official_guidelines_audit.csv) because aspect > 1.25",9,55,"[{""pt"": 2.58, ""n_lines"": 12}, {""pt"": 3.87, ""n_lines"": 10}, {""pt"": 5.17, ""n_lines"": 9}, {""pt"": 6.46, ""n_lines"": 14}]",2.58,6.46,6.46,ESTIMATED,,,0.0484,3,0.575,0.0445,http://creativecommons.org/licenses/by/4.0/
PMC13506674,Cell Reports,Cell,2026,2,PRIVATE_REFERENCE_ONLY/corpus/PMC13506674/figures/Fig2.webp,web_jpeg,1600,947,1.69,174.0,ESTIMATED,"assumed full width 174.0 mm (Cell Press figure guidelines (Wayback 2025-09-11), official_guidelines_audit.csv) because aspect > 1.25",6,52,"[{""pt"": 6.89, ""n_lines"": 21}]",6.89,6.89,6.89,ESTIMATED,,,0.0182,3,0.436,0.0335,http://creativecommons.org/licenses/by/4.0/
PMC13506674,Cell Reports,Cell,2026,3,PRIVATE_REFERENCE_ONLY/corpus/PMC13506674/figures/Fig3.webp,web_jpeg,1600,755,2.119,174.0,ESTIMATED,"assumed full width 174.0 mm (Cell Press figure guidelines (Wayback 2025-09-11), official_guidelines_audit.csv) because aspect > 1.25",5,13,"[{""pt"": 6.89, ""n_lines"": 4}, {""pt"": 8.18, ""n_lines"": 3}]",6.89,6.89,8.18,ESTIMATED,,,0.0193,3,0.397,0.0319,http://creativecommons.org/licenses/by/4.0/
PMC13506674,Cell Reports,Cell,2026,4,PRIVATE_REFERENCE_ONLY/corpus/PMC13506674/figures/Fig4.webp,web_jpeg,1600,1082,1.479,174.0,ESTIMATED,"assumed full width 174.0 mm (Cell Press figure guidelines (Wayback 2025-09-11), official_guidelines_audit.csv) because aspect > 1.25",6,66,"[{""pt"": 6.46, ""n_lines"": 36}, {""pt"": 11.62, ""n_lines"": 7}]",6.46,6.46,11.62,ESTIMATED,,,0.0212,2,0.403,0.0414,http://creativecommons.org/licenses/by/4.0/
PMC13506676,Cell Reports,Cell,2026,1,PRIVATE_REFERENCE_ONLY/corpus/PMC13506676/figures/Fig1.webp,web_jpeg,1600,3445,0.464,85.0,ESTIMATED,"assumed single column 85.0 mm (Cell Press figure guidelines (Wayback 2025-09-11), official_guidelines_audit.csv) because aspect <= 1.25",1,49,"[{""pt"": 7.57, ""n_lines"": 27}, {""pt"": 9.46, ""n_lines"": 10}, {""pt"": 11.36, ""n_lines"": 9}]",7.57,7.57,11.36,ESTIMATED,,,0.2003,2,0.946,0.501,http://creativecommons.org/licenses/by-nc-nd/4.0/
PMC13506676,Cell Reports,Cell,2026,2,PRIVATE_REFERENCE_ONLY/corpus/PMC13506676/figures/Fig2.webp,web_jpeg,1600,2966,0.539,85.0,ESTIMATED,"assumed single column 85.0 mm (Cell Press figure guidelines (Wayback 2025-09-11), official_guidelines_audit.csv) because aspect <= 1.25",1,54,"[{""pt"": 5.47, ""n_lines"": 6}, {""pt"": 8.62, ""n_lines"": 21}, {""pt"": 11.57, ""n_lines"": 11}]",5.47,8.62,11.57,ESTIMATED,,,0.0064,6,0.703,0.3967,http://creativecommons.org/licenses/by-nc-nd/4.0/
PMC13506676,Cell Reports,Cell,2026,3,PRIVATE_REFERENCE_ONLY/corpus/PMC13506676/figures/Fig3.webp,web_jpeg,1600,2569,0.623,85.0,ESTIMATED,"assumed single column 85.0 mm (Cell Press figure guidelines (Wayback 2025-09-11), official_guidelines_audit.csv) because aspect <= 1.25",1,57,"[{""pt"": 6.73, ""n_lines"": 9}, {""pt"": 7.78, ""n_lines"": 18}]",6.73,7.78,7.78,ESTIMATED,0.45,,0.0602,3,0.765,0.4643,http://creativecommons.org/licenses/by-nc-nd/4.0/
PMC13506676,Cell Reports,Cell,2026,4,PRIVATE_REFERENCE_ONLY/corpus/PMC13506676/figures/Fig4.webp,web_jpeg,1600,2391,0.669,85.0,ESTIMATED,"assumed single column 85.0 mm (Cell Press figure guidelines (Wayback 2025-09-11), official_guidelines_audit.csv) because aspect <= 1.25",1,36,"[{""pt"": 5.47, ""n_lines"": 5}, {""pt"": 6.73, ""n_lines"": 10}, {""pt"": 8.62, ""n_lines"": 11}]",5.47,8.62,8.62,ESTIMATED,,,0.2248,4,0.95,0.5909,http://creativecommons.org/licenses/by-nc-nd/4.0/
PMC13506676,Cell Reports,Cell,2026,5,PRIVATE_REFERENCE_ONLY/corpus/PMC13506676/figures/Fig5.webp,web_jpeg,1600,2951,0.542,85.0,ESTIMATED,"assumed single column 85.0 mm (Cell Press figure guidelines (Wayback 2025-09-11), official_guidelines_audit.csv) because aspect <= 1.25",1,31,"[{""pt"": 6.73, ""n_lines"": 4}, {""pt"": 8.41, ""n_lines"": 11}, {""pt"": 11.36, ""n_lines"": 11}]",6.73,8.41,11.36,ESTIMATED,1.2,,0.155,2,0.949,0.5825,http://creativecommons.org/licenses/by-nc-nd/4.0/
PMC13506676,Cell Reports,Cell,2026,6,PRIVATE_REFERENCE_ONLY/corpus/PMC13506676/figures/Fig6.webp,web_jpeg,1600,2835,0.564,85.0,ESTIMATED,"assumed single column 85.0 mm (Cell Press figure guidelines (Wayback 2025-09-11), official_guidelines_audit.csv) because aspect <= 1.25",1,65,"[{""pt"": 2.52, ""n_lines"": 14}, {""pt"": 5.47, ""n_lines"": 8}, {""pt"": 6.94, ""n_lines"": 15}, {""pt"": 8.2, ""n_lines"": 9}]",2.52,6.94,8.2,ESTIMATED,,,0.1238,2,0.908,0.4629,http://creativecommons.org/licenses/by-nc-nd/4.0/
PMC13506676,Cell Reports,Cell,2026,7,PRIVATE_REFERENCE_ONLY/corpus/PMC13506676/figures/Fig7.webp,web_jpeg,1600,2617,0.611,85.0,ESTIMATED,"assumed single column 85.0 mm (Cell Press figure guidelines (Wayback 2025-09-11), official_guidelines_audit.csv) because aspect <= 1.25",4,39,"[{""pt"": 6.52, ""n_lines"": 5}, {""pt"": 8.62, ""n_lines"": 27}]",6.52,8.62,8.62,ESTIMATED,,,0.1479,2,0.934,0.5356,http://creativecommons.org/licenses/by-nc-nd/4.0/
PMC13506677,Cell Reports,Cell,2026,1,PRIVATE_REFERENCE_ONLY/corpus/PMC13506677/figures/Fig1.webp,web_jpeg,1600,2428,0.659,85.0,ESTIMATED,"assumed single column 85.0 mm (Cell Press figure guidelines (Wayback 2025-09-11), official_guidelines_audit.csv) because aspect <= 1.25",1,157,"[{""pt"": 1.89, ""n_lines"": 35}, {""pt"": 2.94, ""n_lines"": 57}, {""pt"": 3.15, ""n_lines"": 33}]",1.89,2.94,3.15,ESTIMATED,,,0.0166,3,0.475,0.0248,http://creativecommons.org/licenses/by-nc/4.0/
PMC13506677,Cell Reports,Cell,2026,2,PRIVATE_REFERENCE_ONLY/corpus/PMC13506677/figures/Fig2.webp,web_jpeg,1600,2107,0.759,85.0,ESTIMATED,"assumed single column 85.0 mm (Cell Press figure guidelines (Wayback 2025-09-11), official_guidelines_audit.csv) because aspect <= 1.25",7,162,"[{""pt"": 1.47, ""n_lines"": 24}, {""pt"": 2.1, ""n_lines"": 23}, {""pt"": 3.58, ""n_lines"": 41}, {""pt"": 3.79, ""n_lines"": 18}]",1.47,3.58,3.79,ESTIMATED,,,0.0558,3,0.372,0.0311,http://creativecommons.org/licenses/by-nc/4.0/
PMC13506677,Cell Reports,Cell,2026,3,PRIVATE_REFERENCE_ONLY/corpus/PMC13506677/figures/Fig3.webp,web_jpeg,1600,2482,0.645,85.0,ESTIMATED,"assumed single column 85.0 mm (Cell Press figure guidelines (Wayback 2025-09-11), official_guidelines_audit.csv) because aspect <= 1.25",4,306,"[{""pt"": 2.94, ""n_lines"": 33}, {""pt"": 4.0, ""n_lines"": 85}, {""pt"": 4.63, ""n_lines"": 36}]",2.94,4.0,4.63,ESTIMATED,,,0.0735,3,0.365,0.0431,http://creativecommons.org/licenses/by-nc/4.0/
PMC13506677,Cell Reports,Cell,2026,4,PRIVATE_REFERENCE_ONLY/corpus/PMC13506677/figures/Fig4.webp,web_jpeg,1600,2061,0.776,85.0,ESTIMATED,"assumed single column 85.0 mm (Cell Press figure guidelines (Wayback 2025-09-11), official_guidelines_audit.csv) because aspect <= 1.25",11,193,"[{""pt"": 1.47, ""n_lines"": 30}, {""pt"": 2.73, ""n_lines"": 24}, {""pt"": 3.37, ""n_lines"": 48}, {""pt"": 4.0, ""n_lines"": 47}]",1.47,3.37,4.0,ESTIMATED,,,0.011,3,0.429,0.0389,http://creativecommons.org/licenses/by-nc/4.0/
PMC13506677,Cell Reports,Cell,2026,5,PRIVATE_REFERENCE_ONLY/corpus/PMC13506677/figures/Fig5.webp,web_jpeg,1600,2013,0.795,85.0,ESTIMATED,"assumed single column 85.0 mm (Cell Press figure guidelines (Wayback 2025-09-11), official_guidelines_audit.csv) because aspect <= 1.25",3,100,"[{""pt"": 2.1, ""n_lines"": 29}, {""pt"": 3.15, ""n_lines"": 37}, {""pt"": 3.37, ""n_lines"": 24}]",2.1,3.15,3.37,ESTIMATED,4.67,,0.017,3,0.45,0.0214,http://creativecommons.org/licenses/by-nc/4.0/
PMC13506677,Cell Reports,Cell,2026,6,PRIVATE_REFERENCE_ONLY/corpus/PMC13506677/figures/Fig6.webp,web_jpeg,1600,2381,0.672,85.0,ESTIMATED,"assumed single column 85.0 mm (Cell Press figure guidelines (Wayback 2025-09-11), official_guidelines_audit.csv) because aspect <= 1.25",7,146,"[{""pt"": 1.26, ""n_lines"": 19}, {""pt"": 1.79, ""n_lines"": 18}, {""pt"": 4.0, ""n_lines"": 53}]",1.26,4.0,4.0,ESTIMATED,,,0.0519,3,0.349,0.0285,http://creativecommons.org/licenses/by-nc/4.0/
PMC13506677,Cell Reports,Cell,2026,7,PRIVATE_REFERENCE_ONLY/corpus/PMC13506677/figures/Fig7.webp,web_jpeg,1600,2074,0.771,85.0,ESTIMATED,"assumed single column 85.0 mm (Cell Press figure guidelines (Wayback 2025-09-11), official_guidelines_audit.csv) because aspect <= 1.25",12,195,"[{""pt"": 1.68, ""n_lines"": 35}, {""pt"": 2.73, ""n_lines"": 33}, {""pt"": 3.37, ""n_lines"": 44}, {""pt"": 3.79, ""n_lines"": 33}]",1.68,3.37,3.79,ESTIMATED,,,0.0117,2,0.327,0.045,http://creativecommons.org/licenses/by-nc/4.0/
PMC13518231,Nature,Nature,2026,1,PRIVATE_REFERENCE_ONLY/corpus/PMC13518231/typeset/fig01_typeset_300dpi.png,typeset_pdf,1741,699,2.491,147.32,OBSERVED,,2,21,"[{""pt"": 3.02, ""n_lines"": 3}, {""pt"": 6.03, ""n_lines"": 16}]",3.02,6.03,6.03,INFERRED,1.92,"{""0.25"": 39, ""0.94"": 1, ""0.75"": 1}",0.034,3,0.883,0.0469,https://creativecommons.org/licenses/by/4.0/
PMC13518231,Nature,Nature,2026,2,PRIVATE_REFERENCE_ONLY/corpus/PMC13518231/typeset/fig02_typeset_300dpi.png,typeset_pdf,1773,1013,1.75,150.05,OBSERVED,,4,50,"[{""pt"": 6.03, ""n_lines"": 42}, {""pt"": 7.71, ""n_lines"": 5}]",6.03,6.03,7.71,INFERRED,8.4,"{""0.50"": 41, ""1.09"": 3, ""0.25"": 2}",0.154,4,0.455,0.066,https://creativecommons.org/licenses/by/4.0/
PMC13518231,Nature,Nature,2026,3,PRIVATE_REFERENCE_ONLY/corpus/PMC13518231/typeset/fig03_typeset_300dpi.png,typeset_pdf,1088,737,1.476,92.06,OBSERVED,,1,15,"[{""pt"": 6.03, ""n_lines"": 12}, {""pt"": 7.7, ""n_lines"": 3}]",6.03,6.03,7.7,INFERRED,,"{""0.37"": 5, ""0.66"": 1}",0.0303,1,0.647,0.0181,https://creativecommons.org/licenses/by/4.0/
PMC13518231,Nature,Nature,2026,4,PRIVATE_REFERENCE_ONLY/corpus/PMC13518231/typeset/fig04_typeset_300dpi.png,typeset_pdf,798,799,0.999,67.5,OBSERVED,,1,18,"[{""pt"": 1.34, ""n_lines"": 7}, {""pt"": 3.01, ""n_lines"": 3}, {""pt"": 6.03, ""n_lines"": 5}]",1.34,1.34,6.03,INFERRED,0.24,"{""0.47"": 1}",0.6214,2,0.942,0.4101,https://creativecommons.org/licenses/by/4.0/
PMC13518241,Nature,Nature,2026,1,PRIVATE_REFERENCE_ONLY/corpus/PMC13518241/typeset/fig01_typeset_300dpi.png,typeset_pdf,2200,1726,1.275,186.18,OBSERVED,,5,106,"[{""pt"": 5.03, ""n_lines"": 11}, {""pt"": 6.03, ""n_lines"": 63}]",5.03,6.03,6.03,INFERRED,2.88,"{""0.38"": 1706, ""0.08"": 46, ""0.19"": 12, ""0.64"": 12, ""1.33"": 10, ""0.54"": 3, ""0.50"": 2, ""0.88"": 2, ""0.81"": 1, ""0.46"": 1}",0.0588,5,0.694,0.0551,https://creativecommons.org/licenses/by/4.0/
PMC13518241,Nature,Nature,2026,2,PRIVATE_REFERENCE_ONLY/corpus/PMC13518241/typeset/fig02_typeset_300dpi.png,typeset_pdf,2186,1753,1.247,185.02,OBSERVED,,4,59,"[{""pt"": 6.03, ""n_lines"": 38}]",6.03,6.03,6.03,INFERRED,1.92,"{""0.14"": 317, ""0.12"": 60, ""0.66"": 57, ""0.18"": 54, ""0.35"": 4, ""0.61"": 4, ""1.00"": 2, ""0.67"": 1, ""0.99"": 1, ""0.79"": 1, ""0.50"": 1, ""0.49"": 1}",0.0863,5,0.563,0.0399,https://creativecommons.org/licenses/by/4.0/
PMC13518241,Nature,Nature,2026,3,PRIVATE_REFERENCE_ONLY/corpus/PMC13518241/typeset/fig03_typeset_300dpi.png,typeset_pdf,2273,629,3.614,192.4,OBSERVED,,6,52,"[{""pt"": 5.03, ""n_lines"": 38}]",5.03,5.03,5.03,INFERRED,9.96,"{""0.48"": 966, ""0.29"": 281, ""0.24"": 21, ""0.25"": 3, ""0.38"": 2, ""0.50"": 1}",0.1263,3,0.457,0.0553,https://creativecommons.org/licenses/by/4.0/
PMC13518241,Nature,Nature,2026,4,PRIVATE_REFERENCE_ONLY/corpus/PMC13518241/typeset/fig04_typeset_300dpi.png,typeset_pdf,2158,1342,1.608,182.66,OBSERVED,,2,158,"[{""pt"": 5.03, ""n_lines"": 104}, {""pt"": 6.37, ""n_lines"": 41}]",5.03,5.03,6.37,INFERRED,7.92,"{""0.25"": 382, ""0.26"": 188, ""0.13"": 14, ""0.60"": 3, ""0.43"": 1, ""0.64"": 1}",0.1066,3,0.522,0.0592,https://creativecommons.org/licenses/by/4.0/
PMC13518241,Nature,Nature,2026,5,PRIVATE_REFERENCE_ONLY/corpus/PMC13518241/typeset/fig05_typeset_300dpi.png,typeset_pdf,1751,1116,1.569,148.13,OBSERVED,,1,34,"[{""pt"": 6.03, ""n_lines"": 24}]",6.03,6.03,6.03,INFERRED,,"{""0.31"": 1428, ""0.02"": 18, ""0.75"": 7, ""1.24"": 3, ""2.00"": 2, ""0.50"": 1, ""1.55"": 1, ""0.92"": 1, ""0.96"": 1, ""1.10"": 1}",0.4364,1,0.435,0.057,https://creativecommons.org/licenses/by/4.0/
PMC13518244,Nature,Nature,2026,1,PRIVATE_REFERENCE_ONLY/corpus/PMC13518244/typeset/fig01_typeset_300dpi.png,typeset_pdf,1684,1609,1.047,142.56,OBSERVED,,8,41,"[{""pt"": 6.03, ""n_lines"": 38}]",6.03,6.03,6.03,INFERRED,2.28,"{""0.63"": 26, ""0.50"": 14, ""0.71"": 2, ""0.93"": 2, ""1.86"": 1}",0.092,4,0.594,0.0435,https://creativecommons.org/licenses/by/4.0/
PMC13518244,Nature,Nature,2026,2,PRIVATE_REFERENCE_ONLY/corpus/PMC13518244/typeset/fig02_typeset_300dpi.png,typeset_pdf,2045,1557,1.313,173.12,OBSERVED,,1,92,"[{""pt"": 3.69, ""n_lines"": 11}, {""pt"": 5.7, ""n_lines"": 68}]",3.69,5.7,5.7,INFERRED,,"{""0.86"": 4884, ""0.48"": 10}",0.2222,2,0.748,0.1936,https://creativecommons.org/licenses/by/4.0/
PMC13518244,Nature,Nature,2026,3,PRIVATE_REFERENCE_ONLY/corpus/PMC13518244/typeset/fig03_typeset_300dpi.png,typeset_pdf,1685,1379,1.222,142.54,OBSERVED,,5,45,"[{""pt"": 6.03, ""n_lines"": 32}, {""pt"": 7.7, ""n_lines"": 8}]",6.03,6.03,7.7,INFERRED,,"{""0.97"": 206, ""0.25"": 2, ""0.50"": 2}",0.2212,2,0.711,0.165,https://creativecommons.org/licenses/by/4.0/
PMC13518244,Nature,Nature,2026,4,PRIVATE_REFERENCE_ONLY/corpus/PMC13518244/typeset/fig04_typeset_300dpi.png,typeset_pdf,1467,1652,0.888,124.17,OBSERVED,,7,45,"[{""pt"": 4.36, ""n_lines"": 8}, {""pt"": 6.03, ""n_lines"": 31}, {""pt"": 7.71, ""n_lines"": 5}]",4.36,6.03,7.71,INFERRED,,"{""1.04"": 191, ""1.05"": 6, ""0.51"": 2}",0.0588,5,0.705,0.0213,https://creativecommons.org/licenses/by/4.0/
PMC13538068,Nature,Nature,2026,1,PRIVATE_REFERENCE_ONLY/corpus/PMC13538068/typeset/fig01_typeset_300dpi.png,typeset_pdf,1827,1180,1.548,154.57,OBSERVED,,4,29,"[{""pt"": 6.03, ""n_lines"": 20}, {""pt"": 8.04, ""n_lines"": 3}, {""pt"": 21.77, ""n_lines"": 5}]",6.03,6.03,21.77,INFERRED,6.24,"{""0.83"": 200, ""0.25"": 2}",0.0414,2,0.57,0.0449,https://creativecommons.org/licenses/by-nc-nd/4.0/
PMC13538068,Nature,Nature,2026,2,PRIVATE_REFERENCE_ONLY/corpus/PMC13538068/typeset/fig02_typeset_300dpi.png,typeset_pdf,2098,1870,1.122,177.56,OBSERVED,,3,59,"[{""pt"": 4.36, ""n_lines"": 6}, {""pt"": 6.03, ""n_lines"": 46}, {""pt"": 7.71, ""n_lines"": 7}]",4.36,6.03,7.71,INFERRED,7.2,"{""0.50"": 22, ""1.00"": 12, ""0.80"": 7, ""0.25"": 6}",0.2796,1,0.8,0.4935,https://creativecommons.org/licenses/by-nc-nd/4.0/
PMC13538068,Nature,Nature,2026,3,PRIVATE_REFERENCE_ONLY/corpus/PMC13538068/typeset/fig03_typeset_300dpi.png,typeset_pdf,2200,2059,1.068,186.16,OBSERVED,,1,131,"[{""pt"": 5.03, ""n_lines"": 87}, {""pt"": 6.37, ""n_lines"": 44}]",5.03,5.03,6.37,INFERRED,6.48,"{""0.99"": 22, ""0.50"": 10, ""0.25"": 3, ""0.10"": 2, ""0.40"": 1, ""0.30"": 1, ""0.14"": 1, ""0.20"": 1}",0.2679,1,0.798,0.3834,https://creativecommons.org/licenses/by-nc-nd/4.0/
PMC13538068,Nature,Nature,2026,4,PRIVATE_REFERENCE_ONLY/corpus/PMC13538068/typeset/fig04_typeset_300dpi.png,typeset_pdf,2125,1367,1.554,179.82,OBSERVED,,5,105,"[{""pt"": 5.03, ""n_lines"": 74}, {""pt"": 6.37, ""n_lines"": 29}]",5.03,5.03,6.37,INFERRED,4.44,"{""1.40"": 1592, ""0.93"": 22, ""0.25"": 3, ""0.22"": 2, ""0.50"": 2}",0.1429,2,0.731,0.1655,https://creativecommons.org/licenses/by-nc-nd/4.0/
PMC13538145,Nature,Nature,2026,1,PRIVATE_REFERENCE_ONLY/corpus/PMC13538145/typeset/fig01_typeset_300dpi.png,typeset_pdf,2180,909,2.398,184.44,OBSERVED,,5,52,"[{""pt"": 6.03, ""n_lines"": 47}]",6.03,6.03,6.03,INFERRED,9.11,"{""1.40"": 1660, ""0.50"": 49, ""0.75"": 42, ""1.00"": 33, ""0.25"": 4, ""0.99"": 4}",0.0903,2,0.554,0.0573,https://creativecommons.org/licenses/by-nc-nd/4.0/
PMC13538145,Nature,Nature,2026,2,PRIVATE_REFERENCE_ONLY/corpus/PMC13538145/typeset/fig02_typeset_300dpi.png,typeset_pdf,1543,1085,1.422,130.54,OBSERVED,,4,48,"[{""pt"": 3.68, ""n_lines"": 6}, {""pt"": 6.03, ""n_lines"": 24}, {""pt"": 12.73, ""n_lines"": 7}]",3.68,6.03,12.73,INFERRED,4.08,"{""0.69"": 226, ""1.00"": 16}",0.0587,1,0.48,0.0379,https://creativecommons.org/licenses/by-nc-nd/4.0/
PMC13538145,Nature,Nature,2026,3,PRIVATE_REFERENCE_ONLY/corpus/PMC13538145/typeset/fig03_typeset_300dpi.png,typeset_pdf,1599,799,2.001,135.25,OBSERVED,,6,42,"[{""pt"": 6.03, ""n_lines"": 12}, {""pt"": 9.04, ""n_lines"": 22}]",6.03,9.04,9.04,INFERRED,,"{""0.47"": 100, ""0.95"": 2, ""0.25"": 1}",0.112,2,0.609,0.0941,https://creativecommons.org/licenses/by-nc-nd/4.0/
PMC13538145,Nature,Nature,2026,4,PRIVATE_REFERENCE_ONLY/corpus/PMC13538145/typeset/fig04_typeset_300dpi.png,typeset_pdf,1530,1587,0.964,129.48,OBSERVED,,5,58,"[{""pt"": 6.03, ""n_lines"": 42}, {""pt"": 7.37, ""n_lines"": 7}]",6.03,6.03,7.37,INFERRED,,"{""0.50"": 129, ""1.00"": 41, ""0.25"": 11, ""0.21"": 1}",0.0281,3,0.524,0.0213,https://creativecommons.org/licenses/by-nc-nd/4.0/
PMC13538145,Nature,Nature,2026,5,PRIVATE_REFERENCE_ONLY/corpus/PMC13538145/typeset/fig05_typeset_300dpi.png,typeset_pdf,1548,1499,1.033,131.03,OBSERVED,,6,29,"[{""pt"": 6.03, ""n_lines"": 20}, {""pt"": 7.54, ""n_lines"": 8}]",6.03,6.03,7.54,INFERRED,1.44,"{""0.50"": 77, ""0.72"": 20, ""1.00"": 10, ""0.75"": 1, ""1.45"": 1}",0.0282,1,0.458,0.0167,https://creativecommons.org/licenses/by-nc-nd/4.0/
PMC13538145,Nature,Nature,2026,6,PRIVATE_REFERENCE_ONLY/corpus/PMC13538145/typeset/fig06_typeset_300dpi.png,typeset_pdf,2077,669,3.105,175.76,OBSERVED,,5,28,"[{""pt"": 4.02, ""n_lines"": 8}, {""pt"": 6.03, ""n_lines"": 18}]",4.02,6.03,6.03,INFERRED,2.16,"{""0.51"": 44, ""1.00"": 16}",0.0392,2,0.584,0.033,https://creativecommons.org/licenses/by-nc-nd/4.0/
PMC13541613,Nature Methods,Nature,2026,1,PRIVATE_REFERENCE_ONLY/corpus/PMC13541613/typeset/fig01_typeset_300dpi.png,typeset_pdf,1353,1284,1.054,114.47,OBSERVED,,5,92,[],,,,INFERRED,0.72,"{""0.24"": 5419, ""1.59"": 6, ""1.45"": 4, ""2.00"": 3, ""0.50"": 2, ""1.90"": 2, ""1.53"": 2}",0.079,5,0.749,0.0796,https://creativecommons.org/licenses/by/4.0/
PMC13541613,Nature Methods,Nature,2026,2,PRIVATE_REFERENCE_ONLY/corpus/PMC13541613/typeset/fig02_typeset_300dpi.png,typeset_pdf,2126,1156,1.839,179.89,OBSERVED,,7,54,"[{""pt"": 5.36, ""n_lines"": 30}, {""pt"": 6.7, ""n_lines"": 16}, {""pt"": 8.37, ""n_lines"": 6}]",5.36,5.36,8.37,INFERRED,,"{""1.02"": 8, ""0.25"": 8, ""0.26"": 4}",0.0423,4,0.512,0.0287,https://creativecommons.org/licenses/by/4.0/
PMC13541613,Nature Methods,Nature,2026,3,PRIVATE_REFERENCE_ONLY/corpus/PMC13541613/typeset/fig03_typeset_300dpi.png,typeset_pdf,988,1199,0.824,83.61,OBSERVED,,3,40,"[{""pt"": 3.35, ""n_lines"": 10}, {""pt"": 6.03, ""n_lines"": 22}, {""pt"": 7.04, ""n_lines"": 5}]",3.35,6.03,7.04,INFERRED,0.36,"{""0.76"": 12, ""0.25"": 1}",0.1,5,0.597,0.0505,https://creativecommons.org/licenses/by/4.0/
PMC13541613,Nature Methods,Nature,2026,4,PRIVATE_REFERENCE_ONLY/corpus/PMC13541613/typeset/fig04_typeset_300dpi.png,typeset_pdf,1725,1420,1.215,145.97,OBSERVED,,4,121,"[{""pt"": 5.36, ""n_lines"": 68}]",5.36,5.36,5.36,INFERRED,2.4,"{""0.27"": 274, ""0.50"": 17, ""0.86"": 8, ""0.43"": 4, ""0.65"": 3, ""0.25"": 2, ""0.22"": 2}",0.0338,5,0.629,0.0317,https://creativecommons.org/licenses/by/4.0/
PMC13541613,Nature Methods,Nature,2026,5,PRIVATE_REFERENCE_ONLY/corpus/PMC13541613/typeset/fig05_typeset_300dpi.png,typeset_pdf,1751,1481,1.182,148.21,OBSERVED,,7,120,"[{""pt"": 2.35, ""n_lines"": 13}, {""pt"": 4.36, ""n_lines"": 17}, {""pt"": 6.03, ""n_lines"": 40}, {""pt"": 8.38, ""n_lines"": 22}]",2.35,6.03,8.38,INFERRED,6.24,"{""0.15"": 94, ""0.16"": 12, ""0.24"": 11, ""0.09"": 10, ""0.38"": 3, ""0.19"": 1}",0.3536,3,0.748,0.247,https://creativecommons.org/licenses/by/4.0/
PMC13541613,Nature Methods,Nature,2026,6,PRIVATE_REFERENCE_ONLY/corpus/PMC13541613/typeset/fig06_typeset_300dpi.png,typeset_pdf,1558,1621,0.961,131.81,OBSERVED,,7,91,"[{""pt"": 3.35, ""n_lines"": 43}, {""pt"": 5.36, ""n_lines"": 20}, {""pt"": 7.03, ""n_lines"": 16}]",3.35,3.35,7.03,INFERRED,2.52,"{""0.22"": 1000, ""0.13"": 73, ""0.16"": 46, ""0.25"": 22, ""0.52"": 18, ""0.37"": 13, ""0.15"": 12, ""0.47"": 4, ""0.18"": 1, ""0.55"": 1}",0.0881,3,0.807,0.0751,https://creativecommons.org/licenses/by/4.0/
PMC13541614,Nature Methods,Nature,2026,1,PRIVATE_REFERENCE_ONLY/corpus/PMC13541614/typeset/fig01_typeset_300dpi.png,typeset_pdf,1839,817,2.251,155.68,OBSERVED,,7,110,"[{""pt"": 5.7, ""n_lines"": 84}]",5.7,5.7,5.7,INFERRED,0.24,"{""0.23"": 98, ""0.22"": 34, ""0.50"": 15}",0.0189,4,0.628,0.0435,https://creativecommons.org/licenses/by/4.0/
PMC13541614,Nature Methods,Nature,2026,2,PRIVATE_REFERENCE_ONLY/corpus/PMC13541614/typeset/fig02_typeset_300dpi.png,typeset_pdf,2171,1136,1.911,183.67,OBSERVED,,1,115,"[{""pt"": 5.36, ""n_lines"": 71}, {""pt"": 6.36, ""n_lines"": 22}]",5.36,5.36,6.36,INFERRED,,"{""0.24"": 57, ""0.25"": 11, ""0.26"": 5}",0.1223,2,0.838,0.1345,https://creativecommons.org/licenses/by/4.0/
PMC13541614,Nature Methods,Nature,2026,3,PRIVATE_REFERENCE_ONLY/corpus/PMC13541614/typeset/fig03_typeset_300dpi.png,typeset_pdf,2115,1533,1.38,178.97,OBSERVED,,1,185,"[{""pt"": 4.36, ""n_lines"": 70}, {""pt"": 5.36, ""n_lines"": 40}, {""pt"": 6.03, ""n_lines"": 35}]",4.36,4.36,6.03,INFERRED,,"{""0.25"": 194, ""0.22"": 42, ""0.23"": 22, ""0.29"": 14, ""0.73"": 3, ""0.50"": 3, ""0.49"": 2}",0.0925,3,0.736,0.0851,https://creativecommons.org/licenses/by/4.0/
PMC13541614,Nature Methods,Nature,2026,4,PRIVATE_REFERENCE_ONLY/corpus/PMC13541614/typeset/fig04_typeset_300dpi.png,typeset_pdf,1827,1041,1.755,154.6,OBSERVED,,8,84,"[{""pt"": 2.01, ""n_lines"": 16}, {""pt"": 3.35, ""n_lines"": 16}, {""pt"": 5.36, ""n_lines"": 39}]",2.01,5.36,5.36,INFERRED,,"{""0.25"": 8, ""0.23"": 3, ""0.50"": 2, ""1.00"": 1}",0.0129,1,0.549,0.0212,https://creativecommons.org/licenses/by/4.0/
PMC13541614,Nature Methods,Nature,2026,5,PRIVATE_REFERENCE_ONLY/corpus/PMC13541614/typeset/fig05_typeset_300dpi.png,typeset_pdf,1862,1199,1.553,157.58,OBSERVED,,4,111,"[{""pt"": 3.35, ""n_lines"": 22}, {""pt"": 5.36, ""n_lines"": 60}]",3.35,5.36,5.36,INFERRED,5.4,"{""0.24"": 15, ""0.45"": 13, ""0.25"": 9, ""0.50"": 4, ""0.49"": 4}",0.0579,2,0.782,0.0707,https://creativecommons.org/licenses/by/4.0/
PMC13545012,Nature Methods,Nature,2026,1,PRIVATE_REFERENCE_ONLY/corpus/PMC13545012/typeset/fig01_typeset_300dpi.png,typeset_pdf,1787,1713,1.043,151.15,OBSERVED,,11,170,"[{""pt"": 4.02, ""n_lines"": 19}, {""pt"": 4.69, ""n_lines"": 24}, {""pt"": 5.36, ""n_lines"": 33}, {""pt"": 6.03, ""n_lines"": 25}]",4.02,5.36,6.03,INFERRED,0.24,"{""0.83"": 20, ""1.00"": 2, ""0.25"": 1, ""0.50"": 1}",0.1893,4,0.578,0.0792,https://creativecommons.org/licenses/by/4.0/
PMC13545012,Nature Methods,Nature,2026,2,PRIVATE_REFERENCE_ONLY/corpus/PMC13545012/typeset/fig02_typeset_300dpi.png,typeset_pdf,2190,1700,1.288,185.36,OBSERVED,,6,104,"[{""pt"": 7.04, ""n_lines"": 94}]",7.04,7.04,7.04,INFERRED,8.16,"{""0.50"": 88, ""0.42"": 10, ""1.00"": 5}",0.1053,3,0.425,0.0271,https://creativecommons.org/licenses/by/4.0/
PMC13545012,Nature Methods,Nature,2026,3,PRIVATE_REFERENCE_ONLY/corpus/PMC13545012/typeset/fig03_typeset_300dpi.png,typeset_pdf,1736,2329,0.745,146.88,OBSERVED,,11,202,"[{""pt"": 4.35, ""n_lines"": 86}, {""pt"": 5.36, ""n_lines"": 41}, {""pt"": 6.7, ""n_lines"": 49}]",4.35,4.35,6.7,INFERRED,,"{""0.63"": 2235, ""0.84"": 72, ""0.25"": 12, ""0.50"": 7}",0.0595,3,0.621,0.0655,https://creativecommons.org/licenses/by/4.0/
PMC13545012,Nature Methods,Nature,2026,4,PRIVATE_REFERENCE_ONLY/corpus/PMC13545012/typeset/fig04_typeset_300dpi.png,typeset_pdf,1816,2169,0.837,153.67,OBSERVED,,13,170,"[{""pt"": 5.7, ""n_lines"": 79}, {""pt"": 7.04, ""n_lines"": 17}]",5.7,5.7,7.04,INFERRED,,"{""0.15"": 282, ""0.83"": 37, ""0.19"": 31, ""0.18"": 22, ""0.30"": 16, ""0.50"": 5, ""0.25"": 4}",0.1327,4,0.738,0.0921,https://creativecommons.org/licenses/by/4.0/
PMC13545012,Nature Methods,Nature,2026,5,PRIVATE_REFERENCE_ONLY/corpus/PMC13545012/typeset/fig05_typeset_300dpi.png,typeset_pdf,1591,1763,0.902,134.64,OBSERVED,,14,170,"[{""pt"": 5.7, ""n_lines"": 92}, {""pt"": 7.04, ""n_lines"": 30}]",5.7,5.7,7.04,INFERRED,0.48,"{""1.67"": 24, ""1.25"": 3, ""0.50"": 2, ""0.25"": 1}",0.1406,3,0.639,0.0393,https://creativecommons.org/licenses/by/4.0/
PMC13554239,Nature Communications,Nature,2026,1,PRIVATE_REFERENCE_ONLY/corpus/PMC13554239/typeset/fig01_typeset_300dpi.png,typeset_pdf,2048,1630,1.256,173.35,OBSERVED,,3,39,"[{""pt"": 4.69, ""n_lines"": 7}, {""pt"": 6.7, ""n_lines"": 16}, {""pt"": 9.72, ""n_lines"": 10}]",4.69,6.7,9.72,INFERRED,,"{""0.20"": 33, ""0.81"": 26, ""1.63"": 22, ""0.87"": 3}",0.0318,2,0.378,0.2381,https://creativecommons.org/licenses/by/4.0/
PMC13554239,Nature Communications,Nature,2026,2,PRIVATE_REFERENCE_ONLY/corpus/PMC13554239/typeset/fig02_typeset_300dpi.png,typeset_pdf,1782,2450,0.727,150.72,OBSERVED,,5,108,"[{""pt"": 2.34, ""n_lines"": 43}, {""pt"": 3.01, ""n_lines"": 14}, {""pt"": 6.7, ""n_lines"": 18}, {""pt"": 8.37, ""n_lines"": 17}]",2.34,2.34,8.37,INFERRED,,"{""0.77"": 155, ""0.51"": 12}",0.0647,7,0.599,0.4774,https://creativecommons.org/licenses/by/4.0/
PMC13554239,Nature Communications,Nature,2026,3,PRIVATE_REFERENCE_ONLY/corpus/PMC13554239/typeset/fig03_typeset_300dpi.png,typeset_pdf,2048,2196,0.933,173.36,OBSERVED,,5,58,"[{""pt"": 2.68, ""n_lines"": 13}, {""pt"": 4.02, ""n_lines"": 7}, {""pt"": 5.36, ""n_lines"": 18}]",2.68,5.36,5.36,INFERRED,,"{""0.20"": 16, ""0.88"": 8, ""0.82"": 2}",0.1484,2,0.806,0.37,https://creativecommons.org/licenses/by/4.0/
PMC13554239,Nature Communications,Nature,2026,4,PRIVATE_REFERENCE_ONLY/corpus/PMC13554239/typeset/fig04_typeset_300dpi.png,typeset_pdf,2048,2509,0.816,173.33,OBSERVED,,1,261,"[{""pt"": 4.69, ""n_lines"": 59}, {""pt"": 6.03, ""n_lines"": 132}]",4.69,6.03,6.03,INFERRED,,"{""0.88"": 212, ""0.44"": 55, ""0.58"": 31, ""0.82"": 6, ""0.41"": 4, ""1.78"": 1}",0.099,6,0.713,0.1202,https://creativecommons.org/licenses/by/4.0/
PMC13554239,Nature Communications,Nature,2026,5,PRIVATE_REFERENCE_ONLY/corpus/PMC13554239/typeset/fig05_typeset_300dpi.png,typeset_pdf,2006,2048,0.979,169.71,OBSERVED,,1,240,"[{""pt"": 3.35, ""n_lines"": 49}, {""pt"": 4.69, ""n_lines"": 30}, {""pt"": 5.02, ""n_lines"": 46}, {""pt"": 6.36, ""n_lines"": 106}]",3.35,6.36,6.36,INFERRED,,"{""0.58"": 1645, ""0.87"": 22}",0.1355,4,0.672,0.0524,https://creativecommons.org/licenses/by/4.0/
PMC13554239,Nature Communications,Nature,2026,6,PRIVATE_REFERENCE_ONLY/corpus/PMC13554239/typeset/fig06_typeset_300dpi.png,typeset_pdf,1941,2548,0.762,164.21,OBSERVED,,10,184,"[{""pt"": 6.03, ""n_lines"": 69}]",6.03,6.03,6.03,INFERRED,,"{""0.84"": 17, ""0.56"": 12}",0.1759,3,0.547,0.049,https://creativecommons.org/licenses/by/4.0/
PMC13558045,Nature,Nature,2026,1,PRIVATE_REFERENCE_ONLY/corpus/PMC13558045/typeset/fig01_typeset_300dpi.png,typeset_pdf,2172,1984,1.095,183.78,OBSERVED,,6,61,"[{""pt"": 4.35, ""n_lines"": 9}, {""pt"": 6.03, ""n_lines"": 34}, {""pt"": 7.7, ""n_lines"": 8}]",4.35,6.03,7.7,INFERRED,,"{""0.23"": 15, ""0.50"": 11, ""0.59"": 3, ""0.98"": 1}",0.1132,2,0.701,0.0901,https://creativecommons.org/licenses/by/4.0/
PMC13558045,Nature,Nature,2026,2,PRIVATE_REFERENCE_ONLY/corpus/PMC13558045/typeset/fig02_typeset_300dpi.png,typeset_pdf,1576,990,1.592,133.37,OBSERVED,,1,30,"[{""pt"": 4.02, ""n_lines"": 5}, {""pt"": 6.03, ""n_lines"": 17}, {""pt"": 7.71, ""n_lines"": 6}]",4.02,6.03,7.71,INFERRED,1.68,"{""0.48"": 36, ""0.50"": 15, ""0.47"": 5, ""0.53"": 5, ""0.25"": 5, ""0.96"": 4, ""1.86"": 1}",0.1037,3,0.541,0.0197,https://creativecommons.org/licenses/by/4.0/
PMC13558045,Nature,Nature,2026,3,PRIVATE_REFERENCE_ONLY/corpus/PMC13558045/typeset/fig03_typeset_300dpi.png,typeset_pdf,1556,484,3.215,131.69,OBSERVED,,3,17,"[{""pt"": 4.36, ""n_lines"": 8}, {""pt"": 6.03, ""n_lines"": 8}]",4.36,4.36,6.03,INFERRED,,"{""0.63"": 2, ""0.67"": 2, ""0.50"": 2}",0.075,4,0.687,0.0582,https://creativecommons.org/licenses/by/4.0/
PMC13558045,Nature,Nature,2026,4,PRIVATE_REFERENCE_ONLY/corpus/PMC13558045/typeset/fig04_typeset_300dpi.png,typeset_pdf,1771,1745,1.015,149.89,OBSERVED,,1,69,"[{""pt"": 6.03, ""n_lines"": 51}, {""pt"": 7.71, ""n_lines"": 8}]",6.03,6.03,7.71,INFERRED,,"{""0.25"": 26, ""0.85"": 6, ""0.44"": 3, ""0.91"": 2, ""1.38"": 2, ""0.50"": 1}",0.109,2,0.783,0.224,https://creativecommons.org/licenses/by/4.0/
PMC13558045,Nature,Nature,2026,5,PRIVATE_REFERENCE_ONLY/corpus/PMC13558045/typeset/fig05_typeset_300dpi.png,typeset_pdf,1790,1013,1.767,151.46,OBSERVED,,2,11,"[{""pt"": 6.03, ""n_lines"": 6}]",6.03,6.03,6.03,INFERRED,0.24,"{""0.89"": 6, ""0.50"": 3, ""0.25"": 3, ""2.00"": 1}",0.1404,3,0.8,0.4355,https://creativecommons.org/licenses/by/4.0/
PMC13558073,Nature,Nature,2026,1,PRIVATE_REFERENCE_ONLY/corpus/PMC13558073/typeset/fig01_typeset_300dpi.png,typeset_pdf,2131,1502,1.419,180.37,OBSERVED,,16,152,"[{""pt"": 6.03, ""n_lines"": 124}]",6.03,6.03,6.03,INFERRED,,"{""0.07"": 311, ""0.50"": 51, ""0.25"": 49, ""0.06"": 16, ""0.87"": 2, ""1.31"": 2, ""0.49"": 1}",0.008,1,0.575,0.0597,https://creativecommons.org/licenses/by/4.0/
PMC13558073,Nature,Nature,2026,2,PRIVATE_REFERENCE_ONLY/corpus/PMC13558073/typeset/fig02_typeset_300dpi.png,typeset_pdf,2143,1824,1.175,181.41,OBSERVED,,15,148,"[{""pt"": 5.03, ""n_lines"": 133}]",5.03,5.03,5.03,INFERRED,,"{""0.06"": 109, ""0.15"": 69, ""0.50"": 51, ""0.25"": 41, ""0.45"": 2}",0.0509,1,0.865,0.1473,https://creativecommons.org/licenses/by/4.0/
PMC13558073,Nature,Nature,2026,3,PRIVATE_REFERENCE_ONLY/corpus/PMC13558073/typeset/fig03_typeset_300dpi.png,typeset_pdf,2059,1535,1.341,174.21,OBSERVED,,8,163,"[{""pt"": 4.35, ""n_lines"": 30}, {""pt"": 6.03, ""n_lines"": 118}]",4.35,6.03,6.03,INFERRED,2.4,"{""0.25"": 15784, ""0.33"": 29}",0.0538,1,0.456,0.046,https://creativecommons.org/licenses/by/4.0/
PMC13558073,Nature,Nature,2026,4,PRIVATE_REFERENCE_ONLY/corpus/PMC13558073/typeset/fig04_typeset_300dpi.png,typeset_pdf,2168,1695,1.279,183.41,OBSERVED,,11,62,"[{""pt"": 6.03, ""n_lines"": 56}]",6.03,6.03,6.03,INFERRED,,"{""0.07"": 271, ""0.25"": 54, ""0.50"": 52}",0.0844,1,0.989,0.1622,https://creativecommons.org/licenses/by/4.0/
PMC13558073,Nature,Nature,2026,5,PRIVATE_REFERENCE_ONLY/corpus/PMC13558073/typeset/fig05_typeset_300dpi.png,typeset_pdf,1866,1215,1.536,157.91,OBSERVED,,9,156,"[{""pt"": 5.03, ""n_lines"": 145}]",5.03,5.03,5.03,INFERRED,2.88,"{""0.06"": 76, ""0.33"": 27, ""0.25"": 18, ""1.00"": 18, ""0.67"": 16, ""0.05"": 14, ""0.66"": 2}",0.0,0,0.0,0.0357,https://creativecommons.org/licenses/by/4.0/
PMC13558076,Nature,Nature,2026,1,PRIVATE_REFERENCE_ONLY/corpus/PMC13558076/typeset/fig01_typeset_300dpi.png,typeset_pdf,1845,908,2.032,156.12,OBSERVED,,1,20,"[{""pt"": 7.04, ""n_lines"": 15}, {""pt"": 8.38, ""n_lines"": 4}]",7.04,7.04,8.38,INFERRED,3.12,"{""0.50"": 19, ""1.00"": 5, ""1.25"": 3, ""0.25"": 1}",0.215,2,0.56,0.2103,https://creativecommons.org/licenses/by/4.0/
PMC13558076,Nature,Nature,2026,2,PRIVATE_REFERENCE_ONLY/corpus/PMC13558076/typeset/fig02_typeset_300dpi.png,typeset_pdf,2119,1393,1.521,179.26,OBSERVED,,4,72,"[{""pt"": 2.34, ""n_lines"": 12}, {""pt"": 7.03, ""n_lines"": 34}]",2.34,7.03,7.03,INFERRED,2.4,"{""0.50"": 25, ""0.78"": 6, ""0.58"": 4, ""0.25"": 2, ""1.56"": 1, ""0.49"": 1}",0.0878,3,0.714,0.067,https://creativecommons.org/licenses/by/4.0/
PMC13558076,Nature,Nature,2026,3,PRIVATE_REFERENCE_ONLY/corpus/PMC13558076/typeset/fig03_typeset_300dpi.png,typeset_pdf,2181,2015,1.082,184.64,OBSERVED,,9,82,"[{""pt"": 4.36, ""n_lines"": 9}, {""pt"": 7.04, ""n_lines"": 27}]",4.36,7.04,7.04,INFERRED,3.84,"{""0.50"": 19, ""0.25"": 6, ""0.35"": 1, ""0.60"": 1, ""0.29"": 1}",0.3314,2,0.524,0.2161,https://creativecommons.org/licenses/by/4.0/
PMC13558076,Nature,Nature,2026,4,PRIVATE_REFERENCE_ONLY/corpus/PMC13558076/typeset/fig04_typeset_300dpi.png,typeset_pdf,2105,1790,1.176,178.1,OBSERVED,,1,290,"[{""pt"": 4.69, ""n_lines"": 33}, {""pt"": 5.69, ""n_lines"": 60}, {""pt"": 7.03, ""n_lines"": 108}]",4.69,7.03,7.03,INFERRED,3.12,"{""0.08"": 280, ""0.13"": 40, ""0.50"": 17, ""0.25"": 12, ""0.57"": 2, ""0.24"": 2, ""1.48"": 1}",0.2175,3,0.591,0.1006,https://creativecommons.org/licenses/by/4.0/
PMC13558076,Nature,Nature,2026,5,PRIVATE_REFERENCE_ONLY/corpus/PMC13558076/typeset/fig05_typeset_300dpi.png,typeset_pdf,1608,1314,1.224,136.08,OBSERVED,,8,168,"[{""pt"": 2.35, ""n_lines"": 98}]",2.35,2.35,2.35,INFERRED,2.4,"{""0.16"": 27, ""0.50"": 18, ""0.22"": 8, ""0.10"": 8, ""0.25"": 7, ""0.08"": 7, ""0.27"": 6, ""0.19"": 6, ""0.24"": 5, ""0.26"": 5, ""0.23"": 5, ""0.14"": 5}",0.2253,2,0.584,0.1969,https://creativecommons.org/licenses/by/4.0/
PMC13558077,Nature,Nature,2026,1,PRIVATE_REFERENCE_ONLY/corpus/PMC13558077/typeset/fig01_typeset_300dpi.png,typeset_pdf,1727,1233,1.401,146.13,OBSERVED,,7,154,"[{""pt"": 5.02, ""n_lines"": 129}]",5.02,5.02,5.02,INFERRED,,"{""0.76"": 6258, ""0.25"": 73, ""0.50"": 32, ""0.81"": 14, ""0.32"": 14, ""0.71"": 13, ""0.46"": 10, ""0.05"": 8, ""0.86"": 3, ""0.88"": 2, ""1.07"": 1, ""1.33"": 1}",0.0598,3,0.565,0.0516,https://creativecommons.org/licenses/by/4.0/
PMC13558077,Nature,Nature,2026,2,PRIVATE_REFERENCE_ONLY/corpus/PMC13558077/typeset/fig02_typeset_300dpi.png,typeset_pdf,1985,1951,1.017,167.92,OBSERVED,,11,284,"[{""pt"": 5.02, ""n_lines"": 209}]",5.02,5.02,5.02,INFERRED,0.24,"{""0.32"": 301, ""0.54"": 195, ""0.25"": 158, ""0.76"": 51, ""0.61"": 51, ""0.50"": 18, ""0.38"": 18, ""0.75"": 9, ""1.08"": 7, ""1.15"": 1}",0.0806,3,0.643,0.0541,https://creativecommons.org/licenses/by/4.0/
PMC13558077,Nature,Nature,2026,3,PRIVATE_REFERENCE_ONLY/corpus/PMC13558077/typeset/fig03_typeset_300dpi.png,typeset_pdf,2048,1466,1.397,173.32,OBSERVED,,1,210,"[{""pt"": 5.03, ""n_lines"": 141}, {""pt"": 11.06, ""n_lines"": 23}]",5.03,5.03,11.06,INFERRED,4.8,"{""0.65"": 1264, ""0.32"": 291, ""0.50"": 81, ""0.25"": 47, ""0.62"": 27, ""0.29"": 1, ""0.27"": 1}",0.1486,2,0.58,0.0543,https://creativecommons.org/licenses/by/4.0/
PMC13558077,Nature,Nature,2026,4,PRIVATE_REFERENCE_ONLY/corpus/PMC13558077/typeset/fig04_typeset_300dpi.png,typeset_pdf,2139,1785,1.198,180.96,OBSERVED,,1,291,"[{""pt"": 5.02, ""n_lines"": 232}]",5.02,5.02,5.02,INFERRED,6.47,"{""0.74"": 4166, ""0.31"": 324, ""0.25"": 85, ""0.21"": 74, ""0.33"": 47, ""0.44"": 36, ""0.52"": 12, ""0.78"": 6, ""0.14"": 4, ""0.13"": 2}",0.0549,3,0.598,0.0514,https://creativecommons.org/licenses/by/4.0/
PMC13558581,Nature Communications,Nature,2026,1,PRIVATE_REFERENCE_ONLY/corpus/PMC13558581/typeset/fig01_typeset_300dpi.png,typeset_pdf,1995,958,2.082,168.75,OBSERVED,,5,87,"[{""pt"": 4.69, ""n_lines"": 26}, {""pt"": 5.69, ""n_lines"": 50}]",4.69,5.69,5.69,INFERRED,8.87,"{""0.84"": 26, ""0.95"": 15, ""0.76"": 2, ""0.86"": 1}",0.0294,3,0.503,0.0483,https://creativecommons.org/licenses/by-nc-nd/4.0/
PMC13558581,Nature Communications,Nature,2026,2,PRIVATE_REFERENCE_ONLY/corpus/PMC13558581/typeset/fig02_typeset_300dpi.png,typeset_pdf,2046,1904,1.075,173.2,OBSERVED,,1,74,"[{""pt"": 4.69, ""n_lines"": 12}, {""pt"": 6.37, ""n_lines"": 52}]",4.69,6.37,6.37,INFERRED,4.08,"{""0.67"": 41, ""0.56"": 34, ""0.65"": 7, ""0.76"": 6, ""0.60"": 5, ""0.49"": 2, ""0.57"": 2, ""1.65"": 1}",0.0028,1,0.839,0.04,https://creativecommons.org/licenses/by-nc-nd/4.0/
PMC13558581,Nature Communications,Nature,2026,3,PRIVATE_REFERENCE_ONLY/corpus/PMC13558581/typeset/fig03_typeset_300dpi.png,typeset_pdf,1936,1883,1.028,163.87,OBSERVED,,1,182,"[{""pt"": 5.03, ""n_lines"": 39}, {""pt"": 6.03, ""n_lines"": 92}]",5.03,6.03,6.03,INFERRED,3.36,"{""0.39"": 166, ""0.79"": 43, ""0.49"": 15, ""0.59"": 2, ""0.99"": 2, ""0.63"": 1}",0.0398,4,0.655,0.0746,https://creativecommons.org/licenses/by-nc-nd/4.0/
PMC13558581,Nature Communications,Nature,2026,4,PRIVATE_REFERENCE_ONLY/corpus/PMC13558581/typeset/fig04_typeset_300dpi.png,typeset_pdf,1935,1930,1.003,163.72,OBSERVED,,1,73,"[{""pt"": 6.03, ""n_lines"": 62}]",6.03,6.03,6.03,INFERRED,4.92,"{""0.51"": 103, ""1.01"": 41, ""0.81"": 2, ""1.52"": 2}",0.0655,4,0.804,0.1128,https://creativecommons.org/licenses/by-nc-nd/4.0/
PMC13558581,Nature Communications,Nature,2026,5,PRIVATE_REFERENCE_ONLY/corpus/PMC13558581/typeset/fig05_typeset_300dpi.png,typeset_pdf,1980,1367,1.448,167.57,OBSERVED,,1,100,"[{""pt"": 4.02, ""n_lines"": 12}, {""pt"": 5.7, ""n_lines"": 81}]",4.02,5.7,5.7,INFERRED,,"{""1.42"": 6, ""0.76"": 2, ""0.94"": 2}",0.0213,2,0.727,0.086,https://creativecommons.org/licenses/by-nc-nd/4.0/
PMC13561862,Nature Cell Biology,Nature,2026,1,PRIVATE_REFERENCE_ONLY/corpus/PMC13561862/typeset/fig01_typeset_300dpi.png,typeset_pdf,2169,2181,0.994,183.52,OBSERVED,,9,143,"[{""pt"": 5.36, ""n_lines"": 33}, {""pt"": 7.03, ""n_lines"": 90}]",5.36,7.03,7.03,INFERRED,2.88,"{""0.26"": 313, ""0.51"": 50, ""0.28"": 15, ""0.31"": 10, ""0.77"": 7, ""0.10"": 4, ""0.56"": 4, ""0.19"": 4, ""0.50"": 3, ""1.13"": 2, ""0.14"": 2, ""1.00"": 1}",0.0317,5,0.661,0.0495,https://creativecommons.org/licenses/by-nc-nd/4.0/
PMC13561862,Nature Cell Biology,Nature,2026,2,PRIVATE_REFERENCE_ONLY/corpus/PMC13561862/typeset/fig02_typeset_300dpi.png,typeset_pdf,1659,2140,0.775,140.42,OBSERVED,,1,82,"[{""pt"": 5.36, ""n_lines"": 41}, {""pt"": 7.04, ""n_lines"": 11}, {""pt"": 13.4, ""n_lines"": 20}]",5.36,5.36,13.4,INFERRED,0.48,"{""0.25"": 96, ""0.50"": 29, ""0.22"": 13, ""0.66"": 6, ""1.00"": 1}",0.0776,2,0.608,0.2874,https://creativecommons.org/licenses/by-nc-nd/4.0/
PMC13561862,Nature Cell Biology,Nature,2026,3,PRIVATE_REFERENCE_ONLY/corpus/PMC13561862/typeset/fig03_typeset_300dpi.png,typeset_pdf,2148,2359,0.911,181.79,OBSERVED,,14,171,"[{""pt"": 3.35, ""n_lines"": 28}, {""pt"": 5.36, ""n_lines"": 25}, {""pt"": 6.37, ""n_lines"": 96}]",3.35,6.37,6.37,INFERRED,,"{""0.25"": 427, ""1.00"": 17, ""0.64"": 13, ""0.50"": 4}",0.0705,4,0.736,0.0794,https://creativecommons.org/licenses/by-nc-nd/4.0/
PMC13561862,Nature Cell Biology,Nature,2026,4,PRIVATE_REFERENCE_ONLY/corpus/PMC13561862/typeset/fig04_typeset_300dpi.png,typeset_pdf,1995,2290,0.871,168.81,OBSERVED,,8,131,"[{""pt"": 5.02, ""n_lines"": 30}, {""pt"": 6.03, ""n_lines"": 85}]",5.02,6.03,6.03,INFERRED,,"{""0.23"": 1154, ""0.49"": 86, ""0.47"": 2}",0.075,3,0.791,0.0798,https://creativecommons.org/licenses/by-nc-nd/4.0/
PMC13561862,Nature Cell Biology,Nature,2026,5,PRIVATE_REFERENCE_ONLY/corpus/PMC13561862/typeset/fig05_typeset_300dpi.png,typeset_pdf,1686,1201,1.404,142.62,OBSERVED,,8,92,"[{""pt"": 3.68, ""n_lines"": 10}, {""pt"": 4.35, ""n_lines"": 23}, {""pt"": 5.36, ""n_lines"": 39}, {""pt"": 6.36, ""n_lines"": 20}]",3.68,5.36,6.36,INFERRED,,"{""0.25"": 131}",0.0449,3,0.888,0.039,https://creativecommons.org/licenses/by-nc-nd/4.0/
PMC13561862,Nature Cell Biology,Nature,2026,6,PRIVATE_REFERENCE_ONLY/corpus/PMC13561862/typeset/fig06_typeset_300dpi.png,typeset_pdf,2199,2003,1.098,186.15,OBSERVED,,15,155,"[{""pt"": 3.69, ""n_lines"": 16}, {""pt"": 5.36, ""n_lines"": 34}, {""pt"": 6.7, ""n_lines"": 90}]",3.69,6.7,6.7,INFERRED,,"{""0.25"": 309, ""0.50"": 28, ""0.45"": 16, ""0.53"": 14, ""0.27"": 12, ""1.00"": 6, ""0.54"": 6, ""0.32"": 6, ""0.56"": 4, ""2.15"": 3, ""3.22"": 3, ""0.19"": 2}",0.0686,5,0.779,0.0386,https://creativecommons.org/licenses/by-nc-nd/4.0/
PMC13561862,Nature Cell Biology,Nature,2026,7,PRIVATE_REFERENCE_ONLY/corpus/PMC13561862/typeset/fig07_typeset_300dpi.png,typeset_pdf,2202,2118,1.04,186.35,OBSERVED,,6,208,"[{""pt"": 5.7, ""n_lines"": 138}, {""pt"": 6.7, ""n_lines"": 33}]",5.7,5.7,6.7,INFERRED,2.76,"{""0.50"": 17267, ""0.71"": 1489, ""0.25"": 648, ""0.75"": 54, ""1.00"": 27, ""0.30"": 18}",0.0941,2,0.502,0.0368,https://creativecommons.org/licenses/by-nc-nd/4.0/
PMC13561871,Nature Cell Biology,Nature,2026,1,PRIVATE_REFERENCE_ONLY/corpus/PMC13561871/typeset/fig01_typeset_300dpi.png,typeset_pdf,2213,2694,0.821,187.3,OBSERVED,,8,106,"[{""pt"": 6.7, ""n_lines"": 77}]",6.7,6.7,6.7,INFERRED,2.28,"{""0.18"": 12388, ""0.24"": 1608, ""0.21"": 1111, ""0.30"": 24, ""0.61"": 4, ""0.25"": 4, ""0.44"": 2, ""0.27"": 2, ""0.43"": 2, ""1.00"": 2, ""0.50"": 2, ""0.42"": 1}",0.0832,2,0.462,0.0313,https://creativecommons.org/licenses/by/4.0/
PMC13561871,Nature Cell Biology,Nature,2026,2,PRIVATE_REFERENCE_ONLY/corpus/PMC13561871/typeset/fig02_typeset_300dpi.png,typeset_pdf,2160,1811,1.193,182.83,OBSERVED,,3,286,"[{""pt"": 3.69, ""n_lines"": 86}, {""pt"": 4.69, ""n_lines"": 43}, {""pt"": 5.36, ""n_lines"": 97}, {""pt"": 6.03, ""n_lines"": 45}]",3.69,5.36,6.03,INFERRED,2.88,"{""0.18"": 10209, ""0.11"": 7069, ""0.35"": 547, ""0.17"": 336, ""0.29"": 107, ""0.25"": 22, ""0.87"": 18, ""1.16"": 7, ""0.86"": 5, ""0.24"": 4}",0.0314,6,0.416,0.0596,https://creativecommons.org/licenses/by/4.0/
PMC13561871,Nature Cell Biology,Nature,2026,3,PRIVATE_REFERENCE_ONLY/corpus/PMC13561871/typeset/fig03_typeset_300dpi.png,typeset_pdf,2117,2154,0.983,179.17,OBSERVED,,9,128,"[{""pt"": 5.36, ""n_lines"": 33}, {""pt"": 6.37, ""n_lines"": 70}, {""pt"": 8.38, ""n_lines"": 17}]",5.36,6.37,8.38,INFERRED,2.64,"{""0.14"": 24186, ""0.25"": 53, ""1.92"": 12, ""0.35"": 6, ""0.48"": 3, ""0.96"": 2}",0.0074,3,0.549,0.026,https://creativecommons.org/licenses/by/4.0/
PMC13561871,Nature Cell Biology,Nature,2026,4,PRIVATE_REFERENCE_ONLY/corpus/PMC13561871/typeset/fig04_typeset_300dpi.png,typeset_pdf,2229,2229,1.0,188.7,OBSERVED,,5,280,"[{""pt"": 4.36, ""n_lines"": 162}, {""pt"": 6.03, ""n_lines"": 72}]",4.36,4.36,6.03,INFERRED,0.24,"{""0.14"": 624, ""0.25"": 228, ""0.09"": 51, ""0.65"": 48, ""0.23"": 39, ""0.46"": 10, ""0.91"": 4}",0.0233,3,0.439,0.0346,https://creativecommons.org/licenses/by/4.0/
PMC13561871,Nature Cell Biology,Nature,2026,5,PRIVATE_REFERENCE_ONLY/corpus/PMC13561871/typeset/fig05_typeset_300dpi.png,typeset_pdf,2050,1377,1.489,173.48,OBSERVED,,6,108,"[{""pt"": 4.36, ""n_lines"": 71}, {""pt"": 5.7, ""n_lines"": 21}]",4.36,4.36,5.7,INFERRED,5.4,"{""0.25"": 113, ""0.11"": 30, ""0.24"": 12, ""0.95"": 8}",0.0606,2,0.36,0.0277,https://creativecommons.org/licenses/by/4.0/
PMC13562520,Nature Communications,Nature,2026,1,PRIVATE_REFERENCE_ONLY/corpus/PMC13562520/typeset/fig01_typeset_300dpi.png,typeset_pdf,1990,1491,1.335,168.47,OBSERVED,,13,159,"[{""pt"": 2.68, ""n_lines"": 64}, {""pt"": 5.7, ""n_lines"": 40}, {""pt"": 7.04, ""n_lines"": 35}]",2.68,2.68,7.04,INFERRED,7.8,"{""0.41"": 990, ""0.35"": 216, ""0.81"": 35, ""0.61"": 34, ""0.59"": 4}",0.0899,5,0.711,0.3163,https://creativecommons.org/licenses/by-nc-nd/4.0/
PMC13562520,Nature Communications,Nature,2026,2,PRIVATE_REFERENCE_ONLY/corpus/PMC13562520/typeset/fig02_typeset_300dpi.png,typeset_pdf,1998,2311,0.865,169.07,OBSERVED,,18,128,"[{""pt"": 5.7, ""n_lines"": 88}]",5.7,5.7,5.7,INFERRED,,"{""0.41"": 862, ""0.35"": 108, ""0.82"": 26, ""0.62"": 19, ""1.64"": 2, ""0.59"": 2}",0.0568,5,0.759,0.1865,https://creativecommons.org/licenses/by-nc-nd/4.0/
PMC13562520,Nature Communications,Nature,2026,3,PRIVATE_REFERENCE_ONLY/corpus/PMC13562520/typeset/fig03_typeset_300dpi.png,typeset_pdf,1871,1301,1.438,158.3,OBSERVED,,10,108,"[{""pt"": 3.68, ""n_lines"": 16}, {""pt"": 5.69, ""n_lines"": 58}, {""pt"": 6.7, ""n_lines"": 17}]",3.68,5.69,6.7,INFERRED,3.0,"{""0.26"": 472, ""0.51"": 57, ""0.13"": 1, ""0.38"": 1}",0.0579,3,0.689,0.105,https://creativecommons.org/licenses/by-nc-nd/4.0/
PMC13562520,Nature Communications,Nature,2026,4,PRIVATE_REFERENCE_ONLY/corpus/PMC13562520/typeset/fig04_typeset_300dpi.png,typeset_pdf,1969,1672,1.178,166.66,OBSERVED,,16,50,"[{""pt"": 4.69, ""n_lines"": 13}, {""pt"": 5.7, ""n_lines"": 5}, {""pt"": 8.04, ""n_lines"": 22}]",4.69,8.04,8.04,INFERRED,,"{""0.32"": 216, ""0.73"": 124, ""0.37"": 75, ""0.55"": 33, ""0.53"": 24, ""1.46"": 2}",0.1123,3,0.727,0.2563,https://creativecommons.org/licenses/by-nc-nd/4.0/
PMC13562520,Nature Communications,Nature,2026,5,PRIVATE_REFERENCE_ONLY/corpus/PMC13562520/typeset/fig05_typeset_300dpi.png,typeset_pdf,1988,1652,1.203,168.27,OBSERVED,,10,81,"[{""pt"": 3.69, ""n_lines"": 9}, {""pt"": 6.03, ""n_lines"": 42}]",3.69,6.03,6.03,INFERRED,,"{""0.31"": 147, ""0.27"": 107, ""0.62"": 97, ""0.45"": 21, ""0.47"": 17, ""1.24"": 3, ""0.16"": 1}",0.0921,3,0.766,0.1808,https://creativecommons.org/licenses/by-nc-nd/4.0/
PMC13562520,Nature Communications,Nature,2026,6,PRIVATE_REFERENCE_ONLY/corpus/PMC13562520/typeset/fig06_typeset_300dpi.png,typeset_pdf,1840,1199,1.535,155.65,OBSERVED,,6,62,"[{""pt"": 4.02, ""n_lines"": 12}, {""pt"": 5.02, ""n_lines"": 21}, {""pt"": 6.7, ""n_lines"": 15}]",4.02,5.02,6.7,INFERRED,,"{""0.33"": 149, ""0.66"": 143, ""0.28"": 108, ""0.50"": 17, ""0.48"": 2, ""0.40"": 2}",0.0879,4,0.649,0.1349,https://creativecommons.org/licenses/by-nc-nd/4.0/
PMC13562520,Nature Communications,Nature,2026,7,PRIVATE_REFERENCE_ONLY/corpus/PMC13562520/typeset/fig07_typeset_300dpi.png,typeset_pdf,1973,1010,1.953,166.99,OBSERVED,,9,87,"[{""pt"": 3.35, ""n_lines"": 22}, {""pt"": 4.02, ""n_lines"": 11}, {""pt"": 5.36, ""n_lines"": 20}, {""pt"": 6.03, ""n_lines"": 13}]",3.35,3.35,6.03,INFERRED,,"{""0.24"": 108, ""0.55"": 69, ""0.27"": 42, ""0.59"": 22, ""0.41"": 18, ""0.40"": 2, ""1.10"": 2}",0.0767,5,0.801,0.1348,https://creativecommons.org/licenses/by-nc-nd/4.0/
PMC13562520,Nature Communications,Nature,2026,8,PRIVATE_REFERENCE_ONLY/corpus/PMC13562520/typeset/fig08_typeset_300dpi.png,typeset_pdf,1977,1197,1.652,167.34,OBSERVED,,5,59,"[{""pt"": 3.35, ""n_lines"": 13}, {""pt"": 4.36, ""n_lines"": 9}, {""pt"": 5.36, ""n_lines"": 10}, {""pt"": 7.37, ""n_lines"": 17}]",3.35,7.37,7.37,INFERRED,2.88,"{""0.36"": 193, ""0.31"": 108, ""0.71"": 34, ""0.53"": 21, ""1.42"": 3, ""0.51"": 2}",0.0638,6,0.862,0.19,https://creativecommons.org/licenses/by-nc-nd/4.0/
PMC13562520,Nature Communications,Nature,2026,9,PRIVATE_REFERENCE_ONLY/corpus/PMC13562520/typeset/fig09_typeset_300dpi.png,typeset_pdf,2011,1659,1.212,170.22,OBSERVED,,7,38,"[{""pt"": 6.03, ""n_lines"": 13}, {""pt"": 7.37, ""n_lines"": 14}, {""pt"": 8.38, ""n_lines"": 7}]",6.03,7.37,8.38,INFERRED,,"{""0.31"": 469, ""0.61"": 15, ""0.46"": 5, ""1.22"": 5}",0.1252,3,0.73,0.1533,https://creativecommons.org/licenses/by-nc-nd/4.0/
PMC13562587,Nature Communications,Nature,2026,1,PRIVATE_REFERENCE_ONLY/corpus/PMC13562587/typeset/fig01_typeset_300dpi.png,typeset_pdf,1973,1310,1.506,166.91,OBSERVED,,10,136,"[{""pt"": 3.35, ""n_lines"": 19}, {""pt"": 5.69, ""n_lines"": 51}, {""pt"": 6.7, ""n_lines"": 49}]",3.35,5.69,6.7,INFERRED,2.88,"{""0.27"": 167, ""0.26"": 63, ""0.96"": 18, ""0.62"": 6, ""0.93"": 3, ""0.48"": 2, ""1.92"": 1}",0.0275,3,0.768,0.068,https://creativecommons.org/licenses/by/4.0/
PMC13562587,Nature Communications,Nature,2026,2,PRIVATE_REFERENCE_ONLY/corpus/PMC13562587/typeset/fig02_typeset_300dpi.png,typeset_pdf,1973,2031,0.971,166.99,OBSERVED,,9,162,"[{""pt"": 6.7, ""n_lines"": 103}]",6.7,6.7,6.7,INFERRED,0.48,"{""0.72"": 34, ""0.96"": 19, ""0.66"": 15, ""0.39"": 9, ""0.69"": 4, ""0.99"": 3}",0.0322,3,0.445,0.0908,https://creativecommons.org/licenses/by/4.0/
PMC13562587,Nature Communications,Nature,2026,3,PRIVATE_REFERENCE_ONLY/corpus/PMC13562587/typeset/fig03_typeset_300dpi.png,typeset_pdf,1982,1291,1.535,167.68,OBSERVED,,3,99,"[{""pt"": 4.69, ""n_lines"": 17}, {""pt"": 6.7, ""n_lines"": 28}, {""pt"": 7.7, ""n_lines"": 10}]",4.69,6.7,7.7,INFERRED,0.72,"{""0.39"": 23, ""0.96"": 12, ""0.29"": 9, ""0.70"": 8, ""0.48"": 4, ""0.13"": 3, ""0.20"": 1, ""0.07"": 1}",0.1538,3,0.435,0.0439,https://creativecommons.org/licenses/by/4.0/
PMC13562587,Nature Communications,Nature,2026,4,PRIVATE_REFERENCE_ONLY/corpus/PMC13562587/typeset/fig04_typeset_300dpi.png,typeset_pdf,1978,908,2.178,167.35,OBSERVED,,1,111,"[{""pt"": 3.01, ""n_lines"": 23}, {""pt"": 5.69, ""n_lines"": 44}, {""pt"": 6.7, ""n_lines"": 29}]",3.01,5.69,6.7,INFERRED,6.24,"{""0.25"": 9, ""0.30"": 8, ""0.29"": 7, ""0.97"": 7, ""0.48"": 2, ""2.54"": 2}",0.0432,5,0.817,0.0671,https://creativecommons.org/licenses/by/4.0/
PMC13562587,Nature Communications,Nature,2026,5,PRIVATE_REFERENCE_ONLY/corpus/PMC13562587/typeset/fig05_typeset_300dpi.png,typeset_pdf,2031,2198,0.924,171.89,OBSERVED,,11,160,"[{""pt"": 5.7, ""n_lines"": 56}, {""pt"": 6.7, ""n_lines"": 39}]",5.7,5.7,6.7,INFERRED,0.48,"{""0.24"": 121, ""0.34"": 22, ""0.72"": 21, ""1.44"": 16, ""0.96"": 10, ""0.85"": 6, ""0.93"": 4, ""1.18"": 4, ""0.48"": 2, ""0.69"": 2, ""0.67"": 2, ""0.56"": 2}",0.1911,2,0.602,0.1366,https://creativecommons.org/licenses/by/4.0/
PMC13562587,Nature Communications,Nature,2026,6,PRIVATE_REFERENCE_ONLY/corpus/PMC13562587/typeset/fig06_typeset_300dpi.png,typeset_pdf,1857,2410,0.771,157.17,OBSERVED,,1,118,"[{""pt"": 6.03, ""n_lines"": 78}, {""pt"": 7.37, ""n_lines"": 16}]",6.03,6.03,7.37,INFERRED,,"{""0.11"": 382, ""0.67"": 76, ""2.02"": 19, ""0.03"": 3, ""0.16"": 2, ""3.09"": 2}",0.0255,4,0.535,0.0675,https://creativecommons.org/licenses/by/4.0/
PMC13562589,Nature Communications,Nature,2026,1,PRIVATE_REFERENCE_ONLY/corpus/PMC13562589/typeset/fig01_typeset_300dpi.png,typeset_pdf,1390,1904,0.73,117.59,OBSERVED,,5,61,"[{""pt"": 3.01, ""n_lines"": 14}, {""pt"": 5.02, ""n_lines"": 19}, {""pt"": 6.36, ""n_lines"": 21}]",3.01,6.36,6.36,INFERRED,,"{""0.31"": 8, ""1.39"": 6, ""0.93"": 2}",0.1224,1,0.326,0.0252,https://creativecommons.org/licenses/by/4.0/
PMC13562589,Nature Communications,Nature,2026,2,PRIVATE_REFERENCE_ONLY/corpus/PMC13562589/typeset/fig02_typeset_300dpi.png,typeset_pdf,2036,2111,0.964,172.28,OBSERVED,,1,143,"[{""pt"": 4.69, ""n_lines"": 16}, {""pt"": 5.69, ""n_lines"": 93}]",4.69,5.69,5.69,INFERRED,,{},0.068,4,0.496,0.0504,https://creativecommons.org/licenses/by/4.0/
PMC13562589,Nature Communications,Nature,2026,3,PRIVATE_REFERENCE_ONLY/corpus/PMC13562589/typeset/fig03_typeset_300dpi.png,typeset_pdf,1726,1362,1.267,146.08,OBSERVED,,5,68,"[{""pt"": 5.03, ""n_lines"": 8}, {""pt"": 8.38, ""n_lines"": 15}]",5.03,8.38,8.38,INFERRED,,{},0.1393,1,0.599,0.0855,https://creativecommons.org/licenses/by/4.0/
PMC13562589,Nature Communications,Nature,2026,4,PRIVATE_REFERENCE_ONLY/corpus/PMC13562589/typeset/fig04_typeset_300dpi.png,typeset_pdf,1806,1456,1.24,152.77,OBSERVED,,2,17,"[{""pt"": 8.87, ""n_lines"": 16}]",8.87,8.87,8.87,INFERRED,,{},0.1851,3,0.396,0.0664,https://creativecommons.org/licenses/by/4.0/
PMC13562589,Nature Communications,Nature,2026,5,PRIVATE_REFERENCE_ONLY/corpus/PMC13562589/typeset/fig05_typeset_300dpi.png,typeset_pdf,2048,2434,0.841,173.32,OBSERVED,,8,282,"[{""pt"": 4.02, ""n_lines"": 43}, {""pt"": 4.69, ""n_lines"": 124}, {""pt"": 5.7, ""n_lines"": 61}]",4.02,4.69,5.7,INFERRED,4.44,{},0.1899,2,0.585,0.0874,https://creativecommons.org/licenses/by/4.0/
PMC13562589,Nature Communications,Nature,2026,6,PRIVATE_REFERENCE_ONLY/corpus/PMC13562589/typeset/fig06_typeset_300dpi.png,typeset_pdf,951,367,2.591,80.44,OBSERVED,,4,20,"[{""pt"": 2.68, ""n_lines"": 4}, {""pt"": 3.01, ""n_lines"": 4}, {""pt"": 6.7, ""n_lines"": 3}, {""pt"": 9.04, ""n_lines"": 3}]",2.68,2.68,9.04,INFERRED,,{},0.1712,3,0.483,0.1031,https://creativecommons.org/licenses/by/4.0/
PMC13562594,Nature Communications,Nature,2026,1,PRIVATE_REFERENCE_ONLY/corpus/PMC13562594/typeset/fig01_typeset_300dpi.png,typeset_pdf,2048,1769,1.158,173.32,OBSERVED,,10,77,"[{""pt"": 6.7, ""n_lines"": 54}, {""pt"": 7.71, ""n_lines"": 15}]",6.7,6.7,7.71,INFERRED,5.28,{},0.0124,3,0.712,0.0369,https://creativecommons.org/licenses/by/4.0/
PMC13562594,Nature Communications,Nature,2026,2,PRIVATE_REFERENCE_ONLY/corpus/PMC13562594/typeset/fig02_typeset_300dpi.png,typeset_pdf,1621,2548,0.636,137.16,OBSERVED,,1,512,"[{""pt"": 3.01, ""n_lines"": 72}, {""pt"": 4.02, ""n_lines"": 87}, {""pt"": 5.02, ""n_lines"": 52}, {""pt"": 5.69, ""n_lines"": 65}]",3.01,4.02,5.69,INFERRED,,{},0.1681,1,0.375,0.114,https://creativecommons.org/licenses/by/4.0/
PMC13562594,Nature Communications,Nature,2026,3,PRIVATE_REFERENCE_ONLY/corpus/PMC13562594/typeset/fig03_typeset_300dpi.png,typeset_pdf,1981,2554,0.776,167.66,OBSERVED,,8,214,"[{""pt"": 4.69, ""n_lines"": 32}, {""pt"": 5.7, ""n_lines"": 125}, {""pt"": 6.7, ""n_lines"": 34}]",4.69,5.7,6.7,INFERRED,,{},0.0045,3,0.666,0.0411,https://creativecommons.org/licenses/by/4.0/
PMC13562594,Nature Communications,Nature,2026,4,PRIVATE_REFERENCE_ONLY/corpus/PMC13562594/typeset/fig04_typeset_300dpi.png,typeset_pdf,2048,1296,1.58,173.32,OBSERVED,,6,68,"[{""pt"": 6.03, ""n_lines"": 13}, {""pt"": 7.04, ""n_lines"": 37}, {""pt"": 9.05, ""n_lines"": 18}]",6.03,7.04,9.05,INFERRED,,{},0.0189,4,0.491,0.0248,https://creativecommons.org/licenses/by/4.0/
PMC13562594,Nature Communications,Nature,2026,5,PRIVATE_REFERENCE_ONLY/corpus/PMC13562594/typeset/fig05_typeset_300dpi.png,typeset_pdf,1558,2548,0.611,131.76,OBSERVED,,1,581,[],,,,INFERRED,0.72,{},0.002,1,0.922,0.0979,https://creativecommons.org/licenses/by/4.0/
PMC13562594,Nature Communications,Nature,2026,6,PRIVATE_REFERENCE_ONLY/corpus/PMC13562594/typeset/fig06_typeset_300dpi.png,typeset_pdf,1838,2548,0.721,155.54,OBSERVED,,1,129,"[{""pt"": 5.86, ""n_lines"": 80}, {""pt"": 7.04, ""n_lines"": 18}]",5.86,5.86,7.04,INFERRED,,{},0.0858,3,0.595,0.0387,https://creativecommons.org/licenses/by/4.0/
PMC13562594,Nature Communications,Nature,2026,7,PRIVATE_REFERENCE_ONLY/corpus/PMC13562594/typeset/fig07_typeset_300dpi.png,typeset_pdf,1919,2548,0.753,162.4,OBSERVED,,4,128,"[{""pt"": 5.36, ""n_lines"": 34}, {""pt"": 6.37, ""n_lines"": 77}]",5.36,6.37,6.37,INFERRED,,{},0.0667,3,0.5,0.0299,https://creativecommons.org/licenses/by/4.0/
PMC13562594,Nature Communications,Nature,2026,8,PRIVATE_REFERENCE_ONLY/corpus/PMC13562594/figures/Fig8.webp,web_jpeg,1600,2138,0.748,89.0,ESTIMATED,"assumed single column 89.0 mm (Nature figure guide / final-submission page, official_guidelines_audit.csv 2026-09-16) because aspect <= 1.25",6,125,"[{""pt"": 3.08, ""n_lines"": 42}, {""pt"": 3.52, ""n_lines"": 43}, {""pt"": 3.96, ""n_lines"": 23}]",3.08,3.52,3.96,ESTIMATED,,,0.0577,3,0.479,0.0286,https://creativecommons.org/licenses/by/4.0/
PMC13562594,Nature Communications,Nature,2026,9,PRIVATE_REFERENCE_ONLY/corpus/PMC13562594/typeset/fig09_typeset_300dpi.png,typeset_pdf,2048,2404,0.852,173.32,OBSERVED,,4,31,"[{""pt"": 4.69, ""n_lines"": 12}, {""pt"": 7.04, ""n_lines"": 14}]",4.69,7.04,7.04,INFERRED,0.84,{},0.3276,2,0.975,0.6848,https://creativecommons.org/licenses/by/4.0/
PMC13562594,Nature Communications,Nature,2026,10,PRIVATE_REFERENCE_ONLY/corpus/PMC13562594/typeset/fig10_typeset_300dpi.png,typeset_pdf,2048,2406,0.851,173.32,OBSERVED,,4,33,"[{""pt"": 4.69, ""n_lines"": 12}, {""pt"": 7.04, ""n_lines"": 14}]",4.69,7.04,7.04,INFERRED,0.84,{},0.2544,2,0.923,0.6824,https://creativecommons.org/licenses/by/4.0/
PMC13564803,Science Advances,Science,2026,1,PRIVATE_REFERENCE_ONLY/corpus/PMC13564803/figures/Fig1.webp,web_jpeg,1599,809,1.977,184.0,ESTIMATED,"assumed full width 184.0 mm (Science instructions for preparing initial manuscript (Wayback 2025-08-10), official_guidelines_audit.csv) because aspect > 1.25",2,64,"[{""pt"": 7.29, ""n_lines"": 44}, {""pt"": 9.11, ""n_lines"": 14}]",7.29,7.29,9.11,ESTIMATED,,,0.0105,3,0.361,0.0559,https://creativecommons.org/licenses/by-nc/4.0/
PMC13564803,Science Advances,Science,2026,2,PRIVATE_REFERENCE_ONLY/corpus/PMC13564803/figures/Fig2.webp,web_jpeg,1600,939,1.704,184.0,ESTIMATED,"assumed full width 184.0 mm (Science instructions for preparing initial manuscript (Wayback 2025-08-10), official_guidelines_audit.csv) because aspect > 1.25",2,53,"[{""pt"": 5.92, ""n_lines"": 9}, {""pt"": 7.74, ""n_lines"": 38}]",5.92,7.74,7.74,ESTIMATED,,,0.2262,4,0.552,0.192,https://creativecommons.org/licenses/by-nc/4.0/
PMC13564803,Science Advances,Science,2026,3,PRIVATE_REFERENCE_ONLY/corpus/PMC13564803/figures/Fig3.webp,web_jpeg,1600,745,2.148,184.0,ESTIMATED,"assumed full width 184.0 mm (Science instructions for preparing initial manuscript (Wayback 2025-08-10), official_guidelines_audit.csv) because aspect > 1.25",1,62,"[{""pt"": 7.74, ""n_lines"": 39}, {""pt"": 10.02, ""n_lines"": 14}]",7.74,7.74,10.02,ESTIMATED,2.93,,0.0121,3,0.593,0.0546,https://creativecommons.org/licenses/by-nc/4.0/
PMC13564803,Science Advances,Science,2026,4,PRIVATE_REFERENCE_ONLY/corpus/PMC13564803/figures/Fig4.webp,web_jpeg,1600,1449,1.104,57.0,ESTIMATED,"assumed single column 57.0 mm (Science instructions for preparing initial manuscript (Wayback 2025-08-10), official_guidelines_audit.csv) because aspect <= 1.25",1,90,"[{""pt"": 1.76, ""n_lines"": 12}, {""pt"": 2.4, ""n_lines"": 61}]",1.76,2.4,2.4,ESTIMATED,1.11,,0.1028,3,0.526,0.2404,https://creativecommons.org/licenses/by-nc/4.0/
PMC13564803,Science Advances,Science,2026,5,PRIVATE_REFERENCE_ONLY/corpus/PMC13564803/figures/Fig5.webp,web_jpeg,1600,862,1.856,184.0,ESTIMATED,"assumed full width 184.0 mm (Science instructions for preparing initial manuscript (Wayback 2025-08-10), official_guidelines_audit.csv) because aspect > 1.25",2,94,"[{""pt"": 7.74, ""n_lines"": 79}]",7.74,7.74,7.74,ESTIMATED,,,0.0606,5,0.52,0.0891,https://creativecommons.org/licenses/by-nc/4.0/
PMC13564807,Science Advances,Science,2026,1,PRIVATE_REFERENCE_ONLY/corpus/PMC13564807/figures/Fig1.gif,web_jpeg,168,200,0.84,57.0,ESTIMATED,"assumed single column 57.0 mm (Science instructions for preparing initial manuscript (Wayback 2025-08-10), official_guidelines_audit.csv) because aspect <= 1.25",1,0,[],,,,ESTIMATED,,,0.1548,3,0.673,0.4228,https://creativecommons.org/licenses/by/4.0/
PMC13564807,Science Advances,Science,2026,2,PRIVATE_REFERENCE_ONLY/corpus/PMC13564807/figures/Fig2.gif,web_jpeg,163,200,0.815,57.0,ESTIMATED,"assumed single column 57.0 mm (Science instructions for preparing initial manuscript (Wayback 2025-08-10), official_guidelines_audit.csv) because aspect <= 1.25",1,0,[],,,,ESTIMATED,,,0.066,3,0.528,0.4155,https://creativecommons.org/licenses/by/4.0/
PMC13564807,Science Advances,Science,2026,3,PRIVATE_REFERENCE_ONLY/corpus/PMC13564807/figures/Fig3.gif,web_jpeg,179,200,0.895,57.0,ESTIMATED,"assumed single column 57.0 mm (Science instructions for preparing initial manuscript (Wayback 2025-08-10), official_guidelines_audit.csv) because aspect <= 1.25",3,1,[],,,,ESTIMATED,,,0.0263,2,0.43,0.0041,https://creativecommons.org/licenses/by/4.0/
PMC13564807,Science Advances,Science,2026,4,PRIVATE_REFERENCE_ONLY/corpus/PMC13564807/figures/Fig4.gif,web_jpeg,200,151,1.325,184.0,ESTIMATED,"assumed full width 184.0 mm (Science instructions for preparing initial manuscript (Wayback 2025-08-10), official_guidelines_audit.csv) because aspect > 1.25",4,0,[],,,,ESTIMATED,,,0.0488,2,0.399,0.0025,https://creativecommons.org/licenses/by/4.0/
PMC13564807,Science Advances,Science,2026,5,PRIVATE_REFERENCE_ONLY/corpus/PMC13564807/figures/Fig5.webp,web_jpeg,1600,1637,0.977,57.0,ESTIMATED,"assumed single column 57.0 mm (Science instructions for preparing initial manuscript (Wayback 2025-08-10), official_guidelines_audit.csv) because aspect <= 1.25",11,185,"[{""pt"": 1.13, ""n_lines"": 24}, {""pt"": 1.41, ""n_lines"": 96}, {""pt"": 1.97, ""n_lines"": 36}]",1.13,1.41,1.97,ESTIMATED,,,0.0753,4,0.777,0.2596,https://creativecommons.org/licenses/by/4.0/
PMC13564807,Science Advances,Science,2026,6,PRIVATE_REFERENCE_ONLY/corpus/PMC13564807/figures/Fig6.webp,web_jpeg,1600,1902,0.841,57.0,ESTIMATED,"assumed single column 57.0 mm (Science instructions for preparing initial manuscript (Wayback 2025-08-10), official_guidelines_audit.csv) because aspect <= 1.25",8,246,"[{""pt"": 0.85, ""n_lines"": 39}, {""pt"": 1.13, ""n_lines"": 42}, {""pt"": 1.97, ""n_lines"": 58}, {""pt"": 2.26, ""n_lines"": 42}]",0.85,1.97,2.26,ESTIMATED,,,0.0046,2,0.725,0.1182,https://creativecommons.org/licenses/by/4.0/
PMC13564810,Science Advances,Science,2026,1,PRIVATE_REFERENCE_ONLY/corpus/PMC13564810/figures/Fig1.webp,web_jpeg,1600,1111,1.44,184.0,ESTIMATED,"assumed full width 184.0 mm (Science instructions for preparing initial manuscript (Wayback 2025-08-10), official_guidelines_audit.csv) because aspect > 1.25",1,328,"[{""pt"": 3.19, ""n_lines"": 58}, {""pt"": 4.1, ""n_lines"": 242}]",3.19,4.1,4.1,ESTIMATED,2.28,,0.0341,3,0.461,0.0274,https://creativecommons.org/licenses/by/4.0/
PMC13564810,Science Advances,Science,2026,2,PRIVATE_REFERENCE_ONLY/corpus/PMC13564810/figures/Fig2.webp,web_jpeg,1600,1080,1.481,184.0,ESTIMATED,"assumed full width 184.0 mm (Science instructions for preparing initial manuscript (Wayback 2025-08-10), official_guidelines_audit.csv) because aspect > 1.25",4,137,"[{""pt"": 4.1, ""n_lines"": 29}, {""pt"": 5.01, ""n_lines"": 48}, {""pt"": 5.92, ""n_lines"": 33}]",4.1,5.01,5.92,ESTIMATED,,,0.0224,3,0.471,0.0471,https://creativecommons.org/licenses/by/4.0/
PMC13564810,Science Advances,Science,2026,3,PRIVATE_REFERENCE_ONLY/corpus/PMC13564810/figures/Fig3.webp,web_jpeg,1600,1846,0.867,57.0,ESTIMATED,"assumed single column 57.0 mm (Science instructions for preparing initial manuscript (Wayback 2025-08-10), official_guidelines_audit.csv) because aspect <= 1.25",1,180,"[{""pt"": 1.13, ""n_lines"": 26}, {""pt"": 1.41, ""n_lines"": 71}, {""pt"": 1.83, ""n_lines"": 58}]",1.13,1.41,1.83,ESTIMATED,0.61,,0.1287,1,0.425,0.0728,https://creativecommons.org/licenses/by/4.0/
PMC13564810,Science Advances,Science,2026,4,PRIVATE_REFERENCE_ONLY/corpus/PMC13564810/figures/Fig4.webp,web_jpeg,1600,866,1.848,184.0,ESTIMATED,"assumed full width 184.0 mm (Science instructions for preparing initial manuscript (Wayback 2025-08-10), official_guidelines_audit.csv) because aspect > 1.25",1,157,"[{""pt"": 2.73, ""n_lines"": 42}, {""pt"": 4.1, ""n_lines"": 92}]",2.73,4.1,4.1,ESTIMATED,,,0.0409,4,0.41,0.0257,https://creativecommons.org/licenses/by/4.0/
PMC13564810,Science Advances,Science,2026,5,PRIVATE_REFERENCE_ONLY/corpus/PMC13564810/figures/Fig5.webp,web_jpeg,1600,1948,0.821,57.0,ESTIMATED,"assumed single column 57.0 mm (Science instructions for preparing initial manuscript (Wayback 2025-08-10), official_guidelines_audit.csv) because aspect <= 1.25",1,206,"[{""pt"": 1.13, ""n_lines"": 44}, {""pt"": 1.27, ""n_lines"": 51}, {""pt"": 1.83, ""n_lines"": 36}, {""pt"": 2.26, ""n_lines"": 48}]",1.13,1.27,2.26,ESTIMATED,0.1,,0.1253,1,0.401,0.0218,https://creativecommons.org/licenses/by/4.0/
PMC13564810,Science Advances,Science,2026,6,PRIVATE_REFERENCE_ONLY/corpus/PMC13564810/figures/Fig6.webp,web_jpeg,1600,1104,1.449,184.0,ESTIMATED,"assumed full width 184.0 mm (Science instructions for preparing initial manuscript (Wayback 2025-08-10), official_guidelines_audit.csv) because aspect > 1.25",7,186,"[{""pt"": 2.73, ""n_lines"": 22}, {""pt"": 3.64, ""n_lines"": 97}, {""pt"": 5.46, ""n_lines"": 39}]",2.73,3.64,5.46,ESTIMATED,,,0.03,4,0.419,0.0295,https://creativecommons.org/licenses/by/4.0/
PMC13564810,Science Advances,Science,2026,7,PRIVATE_REFERENCE_ONLY/corpus/PMC13564810/figures/Fig7.webp,web_jpeg,1600,1508,1.061,57.0,ESTIMATED,"assumed single column 57.0 mm (Science instructions for preparing initial manuscript (Wayback 2025-08-10), official_guidelines_audit.csv) because aspect <= 1.25",2,162,"[{""pt"": 1.13, ""n_lines"": 55}, {""pt"": 1.69, ""n_lines"": 46}, {""pt"": 2.26, ""n_lines"": 29}]",1.13,1.13,2.26,ESTIMATED,,,0.0926,2,0.585,0.045,https://creativecommons.org/licenses/by/4.0/
PMC13564810,Science Advances,Science,2026,8,PRIVATE_REFERENCE_ONLY/corpus/PMC13564810/figures/Fig8.webp,web_jpeg,1600,662,2.417,184.0,ESTIMATED,"assumed full width 184.0 mm (Science instructions for preparing initial manuscript (Wayback 2025-08-10), official_guidelines_audit.csv) because aspect > 1.25",1,54,"[{""pt"": 5.92, ""n_lines"": 6}, {""pt"": 6.83, ""n_lines"": 9}, {""pt"": 8.2, ""n_lines"": 31}]",5.92,8.2,8.2,ESTIMATED,,,0.1128,1,0.568,0.0445,https://creativecommons.org/licenses/by/4.0/
PMC13564813,Science Advances,Science,2026,1,PRIVATE_REFERENCE_ONLY/corpus/PMC13564813/figures/Fig1.webp,web_jpeg,1600,1321,1.211,57.0,ESTIMATED,"assumed single column 57.0 mm (Science instructions for preparing initial manuscript (Wayback 2025-08-10), official_guidelines_audit.csv) because aspect <= 1.25",3,88,"[{""pt"": 1.97, ""n_lines"": 33}, {""pt"": 2.26, ""n_lines"": 20}, {""pt"": 2.54, ""n_lines"": 20}]",1.97,1.97,2.54,ESTIMATED,,,0.0654,3,0.42,0.0253,https://creativecommons.org/licenses/by-nc/4.0/
PMC13564813,Science Advances,Science,2026,2,PRIVATE_REFERENCE_ONLY/corpus/PMC13564813/figures/Fig2.webp,web_jpeg,1600,1149,1.393,184.0,ESTIMATED,"assumed full width 184.0 mm (Science instructions for preparing initial manuscript (Wayback 2025-08-10), official_guidelines_audit.csv) because aspect > 1.25",10,159,"[{""pt"": 4.55, ""n_lines"": 22}, {""pt"": 5.46, ""n_lines"": 86}, {""pt"": 6.37, ""n_lines"": 21}]",4.55,5.46,6.37,ESTIMATED,,,0.033,4,0.51,0.0437,https://creativecommons.org/licenses/by-nc/4.0/
PMC13564813,Science Advances,Science,2026,3,PRIVATE_REFERENCE_ONLY/corpus/PMC13564813/figures/Fig3.webp,web_jpeg,1600,1511,1.059,57.0,ESTIMATED,"assumed single column 57.0 mm (Science instructions for preparing initial manuscript (Wayback 2025-08-10), official_guidelines_audit.csv) because aspect <= 1.25",1,114,"[{""pt"": 1.55, ""n_lines"": 19}, {""pt"": 1.83, ""n_lines"": 78}]",1.55,1.83,1.83,ESTIMATED,2.02,,0.121,3,0.693,0.374,https://creativecommons.org/licenses/by-nc/4.0/
PMC13564813,Science Advances,Science,2026,4,PRIVATE_REFERENCE_ONLY/corpus/PMC13564813/figures/Fig4.webp,web_jpeg,1600,1513,1.058,57.0,ESTIMATED,"assumed single column 57.0 mm (Science instructions for preparing initial manuscript (Wayback 2025-08-10), official_guidelines_audit.csv) because aspect <= 1.25",1,87,"[{""pt"": 1.41, ""n_lines"": 15}, {""pt"": 1.69, ""n_lines"": 50}, {""pt"": 1.97, ""n_lines"": 12}]",1.41,1.69,1.97,ESTIMATED,,,0.0325,5,0.696,0.4028,https://creativecommons.org/licenses/by-nc/4.0/
PMC13564813,Science Advances,Science,2026,5,PRIVATE_REFERENCE_ONLY/corpus/PMC13564813/figures/Fig5.webp,web_jpeg,1600,1502,1.065,57.0,ESTIMATED,"assumed single column 57.0 mm (Science instructions for preparing initial manuscript (Wayback 2025-08-10), official_guidelines_audit.csv) because aspect <= 1.25",13,190,"[{""pt"": 1.83, ""n_lines"": 122}, {""pt"": 2.12, ""n_lines"": 22}]",1.83,1.83,2.12,ESTIMATED,1.92,,0.0465,4,0.495,0.0416,https://creativecommons.org/licenses/by-nc/4.0/
PMC13564813,Science Advances,Science,2026,6,PRIVATE_REFERENCE_ONLY/corpus/PMC13564813/figures/Fig6.webp,web_jpeg,1600,1367,1.17,57.0,ESTIMATED,"assumed single column 57.0 mm (Science instructions for preparing initial manuscript (Wayback 2025-08-10), official_guidelines_audit.csv) because aspect <= 1.25",8,184,"[{""pt"": 1.55, ""n_lines"": 55}, {""pt"": 1.97, ""n_lines"": 69}, {""pt"": 2.12, ""n_lines"": 30}]",1.55,1.97,2.12,ESTIMATED,1.82,,0.0275,2,0.533,0.0385,https://creativecommons.org/licenses/by-nc/4.0/
PMC13564813,Science Advances,Science,2026,7,PRIVATE_REFERENCE_ONLY/corpus/PMC13564813/figures/Fig7.webp,web_jpeg,1599,693,2.307,184.0,ESTIMATED,"assumed full width 184.0 mm (Science instructions for preparing initial manuscript (Wayback 2025-08-10), official_guidelines_audit.csv) because aspect > 1.25",8,121,"[{""pt"": 5.92, ""n_lines"": 87}, {""pt"": 7.06, ""n_lines"": 18}]",5.92,5.92,7.06,ESTIMATED,,,0.0324,2,0.433,0.0398,https://creativecommons.org/licenses/by-nc/4.0/
PMC13564824,Science Advances,Science,2026,1,PRIVATE_REFERENCE_ONLY/corpus/PMC13564824/figures/Fig1.webp,web_jpeg,1600,1381,1.159,57.0,ESTIMATED,"assumed single column 57.0 mm (Science instructions for preparing initial manuscript (Wayback 2025-08-10), official_guidelines_audit.csv) because aspect <= 1.25",5,96,"[{""pt"": 1.69, ""n_lines"": 14}, {""pt"": 2.54, ""n_lines"": 47}, {""pt"": 2.96, ""n_lines"": 16}]",1.69,2.54,2.96,ESTIMATED,3.23,,0.0782,1,0.736,0.1143,https://creativecommons.org/licenses/by/4.0/
PMC13564824,Science Advances,Science,2026,2,PRIVATE_REFERENCE_ONLY/corpus/PMC13564824/figures/Fig2.webp,web_jpeg,1600,1193,1.341,184.0,ESTIMATED,"assumed full width 184.0 mm (Science instructions for preparing initial manuscript (Wayback 2025-08-10), official_guidelines_audit.csv) because aspect > 1.25",4,60,"[{""pt"": 8.2, ""n_lines"": 39}, {""pt"": 10.02, ""n_lines"": 9}]",8.2,8.2,10.02,ESTIMATED,,,0.1197,1,0.741,0.1389,https://creativecommons.org/licenses/by/4.0/
PMC13564824,Science Advances,Science,2026,3,PRIVATE_REFERENCE_ONLY/corpus/PMC13564824/figures/Fig3.webp,web_jpeg,1600,1417,1.129,57.0,ESTIMATED,"assumed single column 57.0 mm (Science instructions for preparing initial manuscript (Wayback 2025-08-10), official_guidelines_audit.csv) because aspect <= 1.25",10,57,"[{""pt"": 2.12, ""n_lines"": 6}, {""pt"": 2.68, ""n_lines"": 40}, {""pt"": 3.46, ""n_lines"": 6}]",2.12,2.68,3.46,ESTIMATED,2.42,,0.0044,4,0.552,0.0375,https://creativecommons.org/licenses/by/4.0/
PMC13564824,Science Advances,Science,2026,4,PRIVATE_REFERENCE_ONLY/corpus/PMC13564824/figures/Fig4.webp,web_jpeg,1600,1266,1.264,184.0,ESTIMATED,"assumed full width 184.0 mm (Science instructions for preparing initial manuscript (Wayback 2025-08-10), official_guidelines_audit.csv) because aspect > 1.25",7,102,"[{""pt"": 7.74, ""n_lines"": 63}]",7.74,7.74,7.74,ESTIMATED,,,0.0475,2,0.741,0.078,https://creativecommons.org/licenses/by/4.0/
PMC13564824,Science Advances,Science,2026,5,PRIVATE_REFERENCE_ONLY/corpus/PMC13564824/figures/Fig5.gif,web_jpeg,200,135,1.481,184.0,ESTIMATED,"assumed full width 184.0 mm (Science instructions for preparing initial manuscript (Wayback 2025-08-10), official_guidelines_audit.csv) because aspect > 1.25",5,0,[],,,,ESTIMATED,,,0.0159,2,0.36,0.0022,https://creativecommons.org/licenses/by/4.0/
PMC13564824,Science Advances,Science,2026,6,PRIVATE_REFERENCE_ONLY/corpus/PMC13564824/figures/Fig6.gif,web_jpeg,200,117,1.709,184.0,ESTIMATED,"assumed full width 184.0 mm (Science instructions for preparing initial manuscript (Wayback 2025-08-10), official_guidelines_audit.csv) because aspect > 1.25",2,0,[],,,,ESTIMATED,,,0.0434,3,0.81,0.223,https://creativecommons.org/licenses/by/4.0/
PMC13564824,Science Advances,Science,2026,7,PRIVATE_REFERENCE_ONLY/corpus/PMC13564824/figures/Fig7.webp,web_jpeg,1600,688,2.326,184.0,ESTIMATED,"assumed full width 184.0 mm (Science instructions for preparing initial manuscript (Wayback 2025-08-10), official_guidelines_audit.csv) because aspect > 1.25",1,29,[],,,,ESTIMATED,,,0.1023,2,0.395,0.0434,https://creativecommons.org/licenses/by/4.0/
PMC13564827,Science Advances,Science,2026,1,PRIVATE_REFERENCE_ONLY/corpus/PMC13564827/figures/Fig1.webp,web_jpeg,1600,1193,1.341,184.0,ESTIMATED,"assumed full width 184.0 mm (Science instructions for preparing initial manuscript (Wayback 2025-08-10), official_guidelines_audit.csv) because aspect > 1.25",7,90,"[{""pt"": 5.92, ""n_lines"": 16}, {""pt"": 7.28, ""n_lines"": 29}, {""pt"": 8.42, ""n_lines"": 16}]",5.92,7.28,8.42,ESTIMATED,,,0.1821,2,0.46,0.0325,https://creativecommons.org/licenses/by-nc/4.0/
PMC13564827,Science Advances,Science,2026,2,PRIVATE_REFERENCE_ONLY/corpus/PMC13564827/figures/Fig2.webp,web_jpeg,1600,1134,1.411,184.0,ESTIMATED,"assumed full width 184.0 mm (Science instructions for preparing initial manuscript (Wayback 2025-08-10), official_guidelines_audit.csv) because aspect > 1.25",1,169,"[{""pt"": 5.01, ""n_lines"": 27}, {""pt"": 6.37, ""n_lines"": 28}, {""pt"": 7.28, ""n_lines"": 65}, {""pt"": 8.2, ""n_lines"": 27}]",5.01,7.28,8.2,ESTIMATED,,,0.1435,4,0.614,0.0989,https://creativecommons.org/licenses/by-nc/4.0/
PMC13564827,Science Advances,Science,2026,3,PRIVATE_REFERENCE_ONLY/corpus/PMC13564827/figures/Fig3.webp,web_jpeg,1600,1435,1.115,57.0,ESTIMATED,"assumed single column 57.0 mm (Science instructions for preparing initial manuscript (Wayback 2025-08-10), official_guidelines_audit.csv) because aspect <= 1.25",1,189,"[{""pt"": 1.27, ""n_lines"": 26}, {""pt"": 1.97, ""n_lines"": 43}, {""pt"": 2.68, ""n_lines"": 87}]",1.27,2.68,2.68,ESTIMATED,0.61,,0.1364,4,0.844,0.123,https://creativecommons.org/licenses/by-nc/4.0/
PMC13564827,Science Advances,Science,2026,4,PRIVATE_REFERENCE_ONLY/corpus/PMC13564827/figures/Fig4.webp,web_jpeg,1600,1130,1.416,184.0,ESTIMATED,"assumed full width 184.0 mm (Science instructions for preparing initial manuscript (Wayback 2025-08-10), official_guidelines_audit.csv) because aspect > 1.25",11,92,"[{""pt"": 5.46, ""n_lines"": 10}, {""pt"": 7.74, ""n_lines"": 49}]",5.46,7.74,7.74,ESTIMATED,,,0.1928,3,0.7,0.1429,https://creativecommons.org/licenses/by-nc/4.0/
PMC13564827,Science Advances,Science,2026,5,PRIVATE_REFERENCE_ONLY/corpus/PMC13564827/figures/Fig5.webp,web_jpeg,1600,1122,1.426,184.0,ESTIMATED,"assumed full width 184.0 mm (Science instructions for preparing initial manuscript (Wayback 2025-08-10), official_guidelines_audit.csv) because aspect > 1.25",10,126,"[{""pt"": 5.46, ""n_lines"": 13}, {""pt"": 7.28, ""n_lines"": 71}]",5.46,7.28,7.28,ESTIMATED,3.26,,0.0931,4,0.471,0.0951,https://creativecommons.org/licenses/by-nc/4.0/
PMC13564827,Science Advances,Science,2026,6,PRIVATE_REFERENCE_ONLY/corpus/PMC13564827/figures/Fig6.webp,web_jpeg,1600,1201,1.332,184.0,ESTIMATED,"assumed full width 184.0 mm (Science instructions for preparing initial manuscript (Wayback 2025-08-10), official_guidelines_audit.csv) because aspect > 1.25",1,70,"[{""pt"": 7.28, ""n_lines"": 43}]",7.28,7.28,7.28,ESTIMATED,0.33,,0.1568,3,0.397,0.053,https://creativecommons.org/licenses/by-nc/4.0/
PMC13564832,Science Advances,Science,2026,1,PRIVATE_REFERENCE_ONLY/corpus/PMC13564832/figures/Fig1.gif,web_jpeg,200,153,1.307,184.0,ESTIMATED,"assumed full width 184.0 mm (Science instructions for preparing initial manuscript (Wayback 2025-08-10), official_guidelines_audit.csv) because aspect > 1.25",1,0,[],,,,ESTIMATED,,,0.0085,3,0.347,0.0,https://creativecommons.org/licenses/by-nc/4.0/
PMC13564832,Science Advances,Science,2026,2,PRIVATE_REFERENCE_ONLY/corpus/PMC13564832/figures/Fig2.gif,web_jpeg,200,169,1.183,57.0,ESTIMATED,"assumed single column 57.0 mm (Science instructions for preparing initial manuscript (Wayback 2025-08-10), official_guidelines_audit.csv) because aspect <= 1.25",1,2,[],,,,ESTIMATED,,,0.0385,7,0.43,0.0054,https://creativecommons.org/licenses/by-nc/4.0/
PMC13564832,Science Advances,Science,2026,3,PRIVATE_REFERENCE_ONLY/corpus/PMC13564832/figures/Fig3.webp,web_jpeg,1600,1477,1.083,57.0,ESTIMATED,"assumed single column 57.0 mm (Science instructions for preparing initial manuscript (Wayback 2025-08-10), official_guidelines_audit.csv) because aspect <= 1.25",3,128,"[{""pt"": 1.97, ""n_lines"": 30}, {""pt"": 2.61, ""n_lines"": 84}]",1.97,2.61,2.61,ESTIMATED,,,0.048,3,0.341,0.0464,https://creativecommons.org/licenses/by-nc/4.0/
PMC13564832,Science Advances,Science,2026,4,PRIVATE_REFERENCE_ONLY/corpus/PMC13564832/figures/Fig4.webp,web_jpeg,1600,1280,1.25,57.0,ESTIMATED,"assumed single column 57.0 mm (Science instructions for preparing initial manuscript (Wayback 2025-08-10), official_guidelines_audit.csv) because aspect <= 1.25",2,104,"[{""pt"": 1.97, ""n_lines"": 35}, {""pt"": 2.4, ""n_lines"": 34}, {""pt"": 2.54, ""n_lines"": 14}]",1.97,1.97,2.54,ESTIMATED,,,0.0367,6,0.472,0.0381,https://creativecommons.org/licenses/by-nc/4.0/
PMC13564832,Science Advances,Science,2026,5,PRIVATE_REFERENCE_ONLY/corpus/PMC13564832/figures/Fig5.gif,web_jpeg,200,162,1.235,57.0,ESTIMATED,"assumed single column 57.0 mm (Science instructions for preparing initial manuscript (Wayback 2025-08-10), official_guidelines_audit.csv) because aspect <= 1.25",2,1,[],,,,ESTIMATED,,,0.0338,5,0.394,0.0027,https://creativecommons.org/licenses/by-nc/4.0/
PMC13564832,Science Advances,Science,2026,6,PRIVATE_REFERENCE_ONLY/corpus/PMC13564832/figures/Fig6.webp,web_jpeg,1600,1792,0.893,57.0,ESTIMATED,"assumed single column 57.0 mm (Science instructions for preparing initial manuscript (Wayback 2025-08-10), official_guidelines_audit.csv) because aspect <= 1.25",1,222,"[{""pt"": 2.4, ""n_lines"": 163}]",2.4,2.4,2.4,ESTIMATED,,,0.0379,5,0.516,0.0614,https://creativecommons.org/licenses/by-nc/4.0/
PMC13564844,Science Advances,Science,2026,1,PRIVATE_REFERENCE_ONLY/corpus/PMC13564844/figures/Fig1.webp,web_jpeg,1600,1985,0.806,57.0,ESTIMATED,"assumed single column 57.0 mm (Science instructions for preparing initial manuscript (Wayback 2025-08-10), official_guidelines_audit.csv) because aspect <= 1.25",3,147,"[{""pt"": 1.83, ""n_lines"": 59}, {""pt"": 2.26, ""n_lines"": 56}, {""pt"": 2.82, ""n_lines"": 19}]",1.83,1.83,2.82,ESTIMATED,0.25,,0.0393,2,0.545,0.0407,https://creativecommons.org/licenses/by/4.0/
PMC13564844,Science Advances,Science,2026,2,PRIVATE_REFERENCE_ONLY/corpus/PMC13564844/figures/Fig2.webp,web_jpeg,1600,1431,1.118,57.0,ESTIMATED,"assumed single column 57.0 mm (Science instructions for preparing initial manuscript (Wayback 2025-08-10), official_guidelines_audit.csv) because aspect <= 1.25",1,127,"[{""pt"": 1.69, ""n_lines"": 17}, {""pt"": 2.4, ""n_lines"": 70}, {""pt"": 2.96, ""n_lines"": 15}]",1.69,2.4,2.96,ESTIMATED,0.2,,0.068,2,0.624,0.0712,https://creativecommons.org/licenses/by/4.0/
PMC13564844,Science Advances,Science,2026,3,PRIVATE_REFERENCE_ONLY/corpus/PMC13564844/figures/Fig3.webp,web_jpeg,1600,1984,0.806,57.0,ESTIMATED,"assumed single column 57.0 mm (Science instructions for preparing initial manuscript (Wayback 2025-08-10), official_guidelines_audit.csv) because aspect <= 1.25",4,186,"[{""pt"": 1.69, ""n_lines"": 123}, {""pt"": 1.97, ""n_lines"": 49}]",1.69,1.69,1.97,ESTIMATED,0.2,,0.0342,2,0.613,0.0313,https://creativecommons.org/licenses/by/4.0/
PMC13564844,Science Advances,Science,2026,4,PRIVATE_REFERENCE_ONLY/corpus/PMC13564844/figures/Fig4.webp,web_jpeg,1600,1942,0.824,57.0,ESTIMATED,"assumed single column 57.0 mm (Science instructions for preparing initial manuscript (Wayback 2025-08-10), official_guidelines_audit.csv) because aspect <= 1.25",4,69,"[{""pt"": 1.55, ""n_lines"": 7}, {""pt"": 3.81, ""n_lines"": 58}]",1.55,3.81,3.81,ESTIMATED,0.5,,0.0233,3,0.464,0.0359,https://creativecommons.org/licenses/by/4.0/
PMC13564844,Science Advances,Science,2026,5,PRIVATE_REFERENCE_ONLY/corpus/PMC13564844/figures/Fig5.webp,web_jpeg,1600,2158,0.741,57.0,ESTIMATED,"assumed single column 57.0 mm (Science instructions for preparing initial manuscript (Wayback 2025-08-10), official_guidelines_audit.csv) because aspect <= 1.25",1,185,"[{""pt"": 0.71, ""n_lines"": 27}, {""pt"": 1.69, ""n_lines"": 42}, {""pt"": 2.12, ""n_lines"": 58}, {""pt"": 2.4, ""n_lines"": 35}]",0.71,2.12,2.4,ESTIMATED,0.71,,0.0536,2,0.609,0.0491,https://creativecommons.org/licenses/by/4.0/
PMC13564844,Science Advances,Science,2026,6,PRIVATE_REFERENCE_ONLY/corpus/PMC13564844/figures/Fig6.webp,web_jpeg,1600,930,1.72,184.0,ESTIMATED,"assumed full width 184.0 mm (Science instructions for preparing initial manuscript (Wayback 2025-08-10), official_guidelines_audit.csv) because aspect > 1.25",7,75,"[{""pt"": 5.46, ""n_lines"": 16}, {""pt"": 6.83, ""n_lines"": 25}]",5.46,6.83,6.83,ESTIMATED,2.12,,0.109,1,0.522,0.0351,https://creativecommons.org/licenses/by/4.0/
PMC13564844,Science Advances,Science,2026,7,PRIVATE_REFERENCE_ONLY/corpus/PMC13564844/figures/Fig7.webp,web_jpeg,1600,2066,0.774,57.0,ESTIMATED,"assumed single column 57.0 mm (Science instructions for preparing initial manuscript (Wayback 2025-08-10), official_guidelines_audit.csv) because aspect <= 1.25",4,57,"[{""pt"": 0.85, ""n_lines"": 14}, {""pt"": 2.26, ""n_lines"": 24}, {""pt"": 3.53, ""n_lines"": 14}]",0.85,2.26,3.53,ESTIMATED,0.3,,0.0714,2,0.558,0.0254,https://creativecommons.org/licenses/by/4.0/
PMC13564881,Science Advances,Science,2026,1,PRIVATE_REFERENCE_ONLY/corpus/PMC13564881/figures/Fig1.webp,web_jpeg,1600,1619,0.988,57.0,ESTIMATED,"assumed single column 57.0 mm (Science instructions for preparing initial manuscript (Wayback 2025-08-10), official_guidelines_audit.csv) because aspect <= 1.25",3,128,"[{""pt"": 1.55, ""n_lines"": 23}, {""pt"": 2.12, ""n_lines"": 48}, {""pt"": 2.54, ""n_lines"": 15}, {""pt"": 3.03, ""n_lines"": 14}]",1.55,2.12,3.03,ESTIMATED,,,0.0211,2,0.453,0.059,https://creativecommons.org/licenses/by-nc/4.0/
PMC13564881,Science Advances,Science,2026,2,PRIVATE_REFERENCE_ONLY/corpus/PMC13564881/figures/Fig2.webp,web_jpeg,1600,1591,1.006,57.0,ESTIMATED,"assumed single column 57.0 mm (Science instructions for preparing initial manuscript (Wayback 2025-08-10), official_guidelines_audit.csv) because aspect <= 1.25",1,122,"[{""pt"": 1.13, ""n_lines"": 20}, {""pt"": 1.55, ""n_lines"": 66}, {""pt"": 2.12, ""n_lines"": 22}]",1.13,1.55,2.12,ESTIMATED,0.2,,0.1627,4,0.856,0.3102,https://creativecommons.org/licenses/by-nc/4.0/
PMC13564881,Science Advances,Science,2026,3,PRIVATE_REFERENCE_ONLY/corpus/PMC13564881/figures/Fig3.webp,web_jpeg,1600,2287,0.7,57.0,ESTIMATED,"assumed single column 57.0 mm (Science instructions for preparing initial manuscript (Wayback 2025-08-10), official_guidelines_audit.csv) because aspect <= 1.25",1,81,"[{""pt"": 1.55, ""n_lines"": 23}, {""pt"": 2.12, ""n_lines"": 23}, {""pt"": 2.54, ""n_lines"": 14}]",1.55,1.55,2.54,ESTIMATED,,,0.0487,4,0.703,0.4746,https://creativecommons.org/licenses/by-nc/4.0/
PMC13564881,Science Advances,Science,2026,4,PRIVATE_REFERENCE_ONLY/corpus/PMC13564881/figures/Fig4.webp,web_jpeg,1600,1670,0.958,57.0,ESTIMATED,"assumed single column 57.0 mm (Science instructions for preparing initial manuscript (Wayback 2025-08-10), official_guidelines_audit.csv) because aspect <= 1.25",2,152,"[{""pt"": 0.71, ""n_lines"": 17}, {""pt"": 0.99, ""n_lines"": 43}, {""pt"": 1.55, ""n_lines"": 23}, {""pt"": 2.54, ""n_lines"": 37}]",0.71,0.99,2.54,ESTIMATED,,,0.2204,3,0.679,0.2221,https://creativecommons.org/licenses/by-nc/4.0/
PMC13564881,Science Advances,Science,2026,5,PRIVATE_REFERENCE_ONLY/corpus/PMC13564881/figures/Fig5.webp,web_jpeg,1600,1126,1.421,184.0,ESTIMATED,"assumed full width 184.0 mm (Science instructions for preparing initial manuscript (Wayback 2025-08-10), official_guidelines_audit.csv) because aspect > 1.25",1,65,"[{""pt"": 3.64, ""n_lines"": 8}, {""pt"": 4.55, ""n_lines"": 13}, {""pt"": 5.46, ""n_lines"": 14}, {""pt"": 7.28, ""n_lines"": 14}]",3.64,5.46,7.28,ESTIMATED,,,0.2316,4,0.693,0.4901,https://creativecommons.org/licenses/by-nc/4.0/
PMC13564881,Science Advances,Science,2026,6,PRIVATE_REFERENCE_ONLY/corpus/PMC13564881/figures/Fig6.webp,web_jpeg,1600,2260,0.708,57.0,ESTIMATED,"assumed single column 57.0 mm (Science instructions for preparing initial manuscript (Wayback 2025-08-10), official_guidelines_audit.csv) because aspect <= 1.25",1,228,"[{""pt"": 1.41, ""n_lines"": 81}, {""pt"": 1.83, ""n_lines"": 79}, {""pt"": 2.12, ""n_lines"": 41}, {""pt"": 2.68, ""n_lines"": 24}]",1.41,1.41,2.68,ESTIMATED,,,0.0915,4,0.512,0.0417,https://creativecommons.org/licenses/by-nc/4.0/
PMC13564881,Science Advances,Science,2026,7,PRIVATE_REFERENCE_ONLY/corpus/PMC13564881/figures/Fig7.webp,web_jpeg,1600,1669,0.959,57.0,ESTIMATED,"assumed single column 57.0 mm (Science instructions for preparing initial manuscript (Wayback 2025-08-10), official_guidelines_audit.csv) because aspect <= 1.25",1,83,"[{""pt"": 1.69, ""n_lines"": 56}]",1.69,1.69,1.69,ESTIMATED,0.1,,0.1049,1,0.441,0.2438,https://creativecommons.org/licenses/by-nc/4.0/
PMC13564900,Science Advances,Science,2026,1,PRIVATE_REFERENCE_ONLY/corpus/PMC13564900/figures/Fig1.webp,web_jpeg,1600,1641,0.975,57.0,ESTIMATED,"assumed single column 57.0 mm (Science instructions for preparing initial manuscript (Wayback 2025-08-10), official_guidelines_audit.csv) because aspect <= 1.25",6,127,"[{""pt"": 2.4, ""n_lines"": 14}, {""pt"": 2.82, ""n_lines"": 36}]",2.4,2.82,2.82,ESTIMATED,0.5,,0.0743,2,0.585,0.3232,https://creativecommons.org/licenses/by/4.0/
PMC13564900,Science Advances,Science,2026,2,PRIVATE_REFERENCE_ONLY/corpus/PMC13564900/figures/Fig2.webp,web_jpeg,1600,1874,0.854,57.0,ESTIMATED,"assumed single column 57.0 mm (Science instructions for preparing initial manuscript (Wayback 2025-08-10), official_guidelines_audit.csv) because aspect <= 1.25",6,76,"[{""pt"": 2.4, ""n_lines"": 8}, {""pt"": 2.82, ""n_lines"": 54}, {""pt"": 4.09, ""n_lines"": 8}]",2.4,2.82,4.09,ESTIMATED,,,0.0448,3,0.879,0.0675,https://creativecommons.org/licenses/by/4.0/
PMC13564900,Science Advances,Science,2026,3,PRIVATE_REFERENCE_ONLY/corpus/PMC13564900/figures/Fig3.webp,web_jpeg,1600,1363,1.174,57.0,ESTIMATED,"assumed single column 57.0 mm (Science instructions for preparing initial manuscript (Wayback 2025-08-10), official_guidelines_audit.csv) because aspect <= 1.25",12,119,"[{""pt"": 1.97, ""n_lines"": 38}, {""pt"": 2.26, ""n_lines"": 46}]",1.97,2.26,2.26,ESTIMATED,1.41,,0.0325,4,0.589,0.0371,https://creativecommons.org/licenses/by/4.0/
PMC13564900,Science Advances,Science,2026,4,PRIVATE_REFERENCE_ONLY/corpus/PMC13564900/figures/Fig4.webp,web_jpeg,1600,1487,1.076,57.0,ESTIMATED,"assumed single column 57.0 mm (Science instructions for preparing initial manuscript (Wayback 2025-08-10), official_guidelines_audit.csv) because aspect <= 1.25",1,22,"[{""pt"": 3.53, ""n_lines"": 3}, {""pt"": 4.23, ""n_lines"": 15}]",3.53,4.23,4.23,ESTIMATED,2.02,,0.0173,1,0.764,0.3523,https://creativecommons.org/licenses/by/4.0/
PMC13564900,Science Advances,Science,2026,5,PRIVATE_REFERENCE_ONLY/corpus/PMC13564900/figures/Fig5.webp,web_jpeg,1599,730,2.19,184.0,ESTIMATED,"assumed full width 184.0 mm (Science instructions for preparing initial manuscript (Wayback 2025-08-10), official_guidelines_audit.csv) because aspect > 1.25",6,99,"[{""pt"": 5.92, ""n_lines"": 11}, {""pt"": 6.83, ""n_lines"": 53}, {""pt"": 8.2, ""n_lines"": 12}]",5.92,6.83,8.2,ESTIMATED,3.26,,0.0165,1,0.685,0.0817,https://creativecommons.org/licenses/by/4.0/
PMC13564907,Science Advances,Science,2026,1,PRIVATE_REFERENCE_ONLY/corpus/PMC13564907/figures/Fig1.gif,web_jpeg,200,186,1.075,57.0,ESTIMATED,"assumed single column 57.0 mm (Science instructions for preparing initial manuscript (Wayback 2025-08-10), official_guidelines_audit.csv) because aspect <= 1.25",3,1,[],,,,ESTIMATED,2.42,,0.2,4,0.606,0.3509,https://creativecommons.org/licenses/by/4.0/
PMC13564907,Science Advances,Science,2026,2,PRIVATE_REFERENCE_ONLY/corpus/PMC13564907/figures/Fig2.gif,web_jpeg,200,141,1.418,184.0,ESTIMATED,"assumed full width 184.0 mm (Science instructions for preparing initial manuscript (Wayback 2025-08-10), official_guidelines_audit.csv) because aspect > 1.25",4,1,[],,,,ESTIMATED,,,0.1233,2,0.513,0.2641,https://creativecommons.org/licenses/by/4.0/
PMC13564907,Science Advances,Science,2026,3,PRIVATE_REFERENCE_ONLY/corpus/PMC13564907/figures/Fig3.webp,web_jpeg,1600,1212,1.32,184.0,ESTIMATED,"assumed full width 184.0 mm (Science instructions for preparing initial manuscript (Wayback 2025-08-10), official_guidelines_audit.csv) because aspect > 1.25",4,90,"[{""pt"": 3.64, ""n_lines"": 9}, {""pt"": 5.92, ""n_lines"": 30}, {""pt"": 8.2, ""n_lines"": 17}, {""pt"": 10.47, ""n_lines"": 10}]",3.64,5.92,10.47,ESTIMATED,3.59,,0.1214,2,0.591,0.3579,https://creativecommons.org/licenses/by/4.0/
PMC13564907,Science Advances,Science,2026,4,PRIVATE_REFERENCE_ONLY/corpus/PMC13564907/figures/Fig4.webp,web_jpeg,1599,709,2.255,184.0,ESTIMATED,"assumed full width 184.0 mm (Science instructions for preparing initial manuscript (Wayback 2025-08-10), official_guidelines_audit.csv) because aspect > 1.25",4,62,"[{""pt"": 5.01, ""n_lines"": 8}, {""pt"": 6.38, ""n_lines"": 35}, {""pt"": 8.66, ""n_lines"": 9}]",5.01,6.38,8.66,ESTIMATED,3.59,,0.1456,3,0.52,0.1687,https://creativecommons.org/licenses/by/4.0/
PMC13564907,Science Advances,Science,2026,5,PRIVATE_REFERENCE_ONLY/corpus/PMC13564907/figures/Fig5.gif,web_jpeg,200,72,2.778,184.0,ESTIMATED,"assumed full width 184.0 mm (Science instructions for preparing initial manuscript (Wayback 2025-08-10), official_guidelines_audit.csv) because aspect > 1.25",3,2,[],,,,ESTIMATED,,,0.0944,4,0.611,0.1237,https://creativecommons.org/licenses/by/4.0/
PMC13564907,Science Advances,Science,2026,6,PRIVATE_REFERENCE_ONLY/corpus/PMC13564907/figures/Fig6.webp,web_jpeg,1599,736,2.173,184.0,ESTIMATED,"assumed full width 184.0 mm (Science instructions for preparing initial manuscript (Wayback 2025-08-10), official_guidelines_audit.csv) because aspect > 1.25",6,108,"[{""pt"": 5.92, ""n_lines"": 18}, {""pt"": 7.74, ""n_lines"": 65}]",5.92,7.74,7.74,ESTIMATED,3.59,,0.1214,4,0.594,0.1085,https://creativecommons.org/licenses/by/4.0/
PMC13564907,Science Advances,Science,2026,7,PRIVATE_REFERENCE_ONLY/corpus/PMC13564907/figures/Fig7.gif,web_jpeg,200,96,2.083,184.0,ESTIMATED,"assumed full width 184.0 mm (Science instructions for preparing initial manuscript (Wayback 2025-08-10), official_guidelines_audit.csv) because aspect > 1.25",1,13,"[{""pt"": 10.93, ""n_lines"": 7}, {""pt"": 29.14, ""n_lines"": 4}]",10.93,10.93,29.14,ESTIMATED,,,0.1598,3,0.591,0.0733,https://creativecommons.org/licenses/by/4.0/
PMC13564907,Science Advances,Science,2026,8,PRIVATE_REFERENCE_ONLY/corpus/PMC13564907/figures/Fig8.webp,web_jpeg,1599,363,4.405,184.0,ESTIMATED,"assumed full width 184.0 mm (Science instructions for preparing initial manuscript (Wayback 2025-08-10), official_guidelines_audit.csv) because aspect > 1.25",1,34,"[{""pt"": 3.19, ""n_lines"": 6}, {""pt"": 8.2, ""n_lines"": 21}]",3.19,8.2,8.2,ESTIMATED,,,0.12,2,0.729,0.1207,https://creativecommons.org/licenses/by/4.0/
PMC13564907,Science Advances,Science,2026,9,PRIVATE_REFERENCE_ONLY/corpus/PMC13564907/figures/Fig9.gif,web_jpeg,200,167,1.198,57.0,ESTIMATED,"assumed single column 57.0 mm (Science instructions for preparing initial manuscript (Wayback 2025-08-10), official_guidelines_audit.csv) because aspect <= 1.25",4,4,[],,,,ESTIMATED,,,0.1068,2,0.68,0.2766,https://creativecommons.org/licenses/by/4.0/
PMC13564909,Science Advances,Science,2026,1,PRIVATE_REFERENCE_ONLY/corpus/PMC13564909/figures/Fig1.webp,web_jpeg,1600,366,4.372,184.0,ESTIMATED,"assumed full width 184.0 mm (Science instructions for preparing initial manuscript (Wayback 2025-08-10), official_guidelines_audit.csv) because aspect > 1.25",1,24,"[{""pt"": 4.55, ""n_lines"": 5}, {""pt"": 5.92, ""n_lines"": 9}, {""pt"": 6.83, ""n_lines"": 6}]",4.55,5.92,6.83,ESTIMATED,,,0.3031,1,0.585,0.3133,https://creativecommons.org/licenses/by-nc/4.0/
PMC13564909,Science Advances,Science,2026,2,PRIVATE_REFERENCE_ONLY/corpus/PMC13564909/figures/Fig2.webp,web_jpeg,1500,1777,0.844,57.0,ESTIMATED,"assumed single column 57.0 mm (Science instructions for preparing initial manuscript (Wayback 2025-08-10), official_guidelines_audit.csv) because aspect <= 1.25",1,45,"[{""pt"": 6.92, ""n_lines"": 23}]",6.92,6.92,6.92,ESTIMATED,,,0.0512,3,0.566,0.0849,https://creativecommons.org/licenses/by-nc/4.0/
PMC13564909,Science Advances,Science,2026,3,PRIVATE_REFERENCE_ONLY/corpus/PMC13564909/figures/Fig3.webp,web_jpeg,1500,3765,0.398,57.0,ESTIMATED,"assumed single column 57.0 mm (Science instructions for preparing initial manuscript (Wayback 2025-08-10), official_guidelines_audit.csv) because aspect <= 1.25",1,72,"[{""pt"": 5.42, ""n_lines"": 10}, {""pt"": 6.77, ""n_lines"": 36}, {""pt"": 7.97, ""n_lines"": 9}]",5.42,6.77,7.97,ESTIMATED,,,0.0307,3,0.54,0.0785,https://creativecommons.org/licenses/by-nc/4.0/
PMC13564909,Science Advances,Science,2026,4,PRIVATE_REFERENCE_ONLY/corpus/PMC13564909/figures/Fig4.webp,web_jpeg,1600,1645,0.973,57.0,ESTIMATED,"assumed single column 57.0 mm (Science instructions for preparing initial manuscript (Wayback 2025-08-10), official_guidelines_audit.csv) because aspect <= 1.25",1,17,"[{""pt"": 1.41, ""n_lines"": 3}, {""pt"": 6.21, ""n_lines"": 6}]",1.41,6.21,6.21,ESTIMATED,,,0.0534,2,0.521,0.0862,https://creativecommons.org/licenses/by-nc/4.0/
PMC13564915,Science Advances,Science,2026,1,PRIVATE_REFERENCE_ONLY/corpus/PMC13564915/figures/Fig1.gif,web_jpeg,190,200,0.95,57.0,ESTIMATED,"assumed single column 57.0 mm (Science instructions for preparing initial manuscript (Wayback 2025-08-10), official_guidelines_audit.csv) because aspect <= 1.25",5,2,[],,,,ESTIMATED,,,0.0458,3,0.632,0.0165,https://creativecommons.org/licenses/by/4.0/
PMC13564915,Science Advances,Science,2026,2,PRIVATE_REFERENCE_ONLY/corpus/PMC13564915/figures/Fig2.webp,web_jpeg,1600,1858,0.861,57.0,ESTIMATED,"assumed single column 57.0 mm (Science instructions for preparing initial manuscript (Wayback 2025-08-10), official_guidelines_audit.csv) because aspect <= 1.25",1,336,"[{""pt"": 1.55, ""n_lines"": 48}, {""pt"": 1.97, ""n_lines"": 219}]",1.55,1.97,1.97,ESTIMATED,0.45,,0.0085,2,0.418,0.0545,https://creativecommons.org/licenses/by/4.0/
PMC13564915,Science Advances,Science,2026,3,PRIVATE_REFERENCE_ONLY/corpus/PMC13564915/figures/Fig3.webp,web_jpeg,1600,1689,0.947,57.0,ESTIMATED,"assumed single column 57.0 mm (Science instructions for preparing initial manuscript (Wayback 2025-08-10), official_guidelines_audit.csv) because aspect <= 1.25",7,99,"[{""pt"": 2.4, ""n_lines"": 42}, {""pt"": 2.82, ""n_lines"": 24}]",2.4,2.4,2.82,ESTIMATED,0.2,,0.072,5,0.474,0.1034,https://creativecommons.org/licenses/by/4.0/
PMC13564915,Science Advances,Science,2026,4,PRIVATE_REFERENCE_ONLY/corpus/PMC13564915/figures/Fig4.webp,web_jpeg,1600,2020,0.792,57.0,ESTIMATED,"assumed single column 57.0 mm (Science instructions for preparing initial manuscript (Wayback 2025-08-10), official_guidelines_audit.csv) because aspect <= 1.25",9,163,"[{""pt"": 1.27, ""n_lines"": 22}, {""pt"": 2.4, ""n_lines"": 104}]",1.27,2.4,2.4,ESTIMATED,0.71,,0.0248,3,0.513,0.0416,https://creativecommons.org/licenses/by/4.0/
PMC13564927,Science Advances,Science,2026,1,PRIVATE_REFERENCE_ONLY/corpus/PMC13564927/figures/Fig1.gif,web_jpeg,200,125,1.6,184.0,ESTIMATED,"assumed full width 184.0 mm (Science instructions for preparing initial manuscript (Wayback 2025-08-10), official_guidelines_audit.csv) because aspect > 1.25",1,0,[],,,,ESTIMATED,,,0.0225,4,0.323,0.0028,https://creativecommons.org/licenses/by-nc/4.0/
PMC13564927,Science Advances,Science,2026,2,PRIVATE_REFERENCE_ONLY/corpus/PMC13564927/figures/Fig2.gif,web_jpeg,200,195,1.026,57.0,ESTIMATED,"assumed single column 57.0 mm (Science instructions for preparing initial manuscript (Wayback 2025-08-10), official_guidelines_audit.csv) because aspect <= 1.25",1,1,[],,,,ESTIMATED,2.02,,0.1151,3,0.693,0.0845,https://creativecommons.org/licenses/by-nc/4.0/
PMC13564927,Science Advances,Science,2026,3,PRIVATE_REFERENCE_ONLY/corpus/PMC13564927/figures/Fig3.gif,web_jpeg,200,171,1.17,57.0,ESTIMATED,"assumed single column 57.0 mm (Science instructions for preparing initial manuscript (Wayback 2025-08-10), official_guidelines_audit.csv) because aspect <= 1.25",1,7,"[{""pt"": 2.26, ""n_lines"": 5}]",2.26,2.26,2.26,ESTIMATED,2.42,,0.1042,4,0.588,0.0637,https://creativecommons.org/licenses/by-nc/4.0/
PMC13564927,Science Advances,Science,2026,4,PRIVATE_REFERENCE_ONLY/corpus/PMC13564927/figures/Fig4.gif,web_jpeg,200,126,1.587,184.0,ESTIMATED,"assumed full width 184.0 mm (Science instructions for preparing initial manuscript (Wayback 2025-08-10), official_guidelines_audit.csv) because aspect > 1.25",1,0,[],,,,ESTIMATED,7.82,,0.0948,4,0.736,0.0661,https://creativecommons.org/licenses/by-nc/4.0/
PMC13564927,Science Advances,Science,2026,5,PRIVATE_REFERENCE_ONLY/corpus/PMC13564927/figures/Fig5.gif,web_jpeg,200,119,1.681,184.0,ESTIMATED,"assumed full width 184.0 mm (Science instructions for preparing initial manuscript (Wayback 2025-08-10), official_guidelines_audit.csv) because aspect > 1.25",1,0,[],,,,ESTIMATED,,,0.1134,3,0.864,0.069,https://creativecommons.org/licenses/by-nc/4.0/
PMC13564951,Science Advances,Science,2026,1,PRIVATE_REFERENCE_ONLY/corpus/PMC13564951/figures/Fig1.gif,web_jpeg,171,200,0.855,57.0,ESTIMATED,"assumed single column 57.0 mm (Science instructions for preparing initial manuscript (Wayback 2025-08-10), official_guidelines_audit.csv) because aspect <= 1.25",2,3,"[{""pt"": 3.96, ""n_lines"": 3}]",3.96,3.96,3.96,ESTIMATED,,,0.0651,2,0.393,0.0167,https://creativecommons.org/licenses/by/4.0/
PMC13564951,Science Advances,Science,2026,2,PRIVATE_REFERENCE_ONLY/corpus/PMC13564951/figures/Fig2.gif,web_jpeg,187,200,0.935,57.0,ESTIMATED,"assumed single column 57.0 mm (Science instructions for preparing initial manuscript (Wayback 2025-08-10), official_guidelines_audit.csv) because aspect <= 1.25",8,0,[],,,,ESTIMATED,,,0.0373,3,0.558,0.0347,https://creativecommons.org/licenses/by/4.0/
PMC13564951,Science Advances,Science,2026,3,PRIVATE_REFERENCE_ONLY/corpus/PMC13564951/figures/Fig3.gif,web_jpeg,196,200,0.98,57.0,ESTIMATED,"assumed single column 57.0 mm (Science instructions for preparing initial manuscript (Wayback 2025-08-10), official_guidelines_audit.csv) because aspect <= 1.25",3,1,[],,,,ESTIMATED,,,0.0834,3,0.713,0.051,https://creativecommons.org/licenses/by/4.0/
PMC13564951,Science Advances,Science,2026,4,PRIVATE_REFERENCE_ONLY/corpus/PMC13564951/figures/Fig4.webp,web_jpeg,1600,1617,0.989,57.0,ESTIMATED,"assumed single column 57.0 mm (Science instructions for preparing initial manuscript (Wayback 2025-08-10), official_guidelines_audit.csv) because aspect <= 1.25",9,93,"[{""pt"": 2.12, ""n_lines"": 59}]",2.12,2.12,2.12,ESTIMATED,,,0.0731,4,0.512,0.0333,https://creativecommons.org/licenses/by/4.0/
PMC13564951,Science Advances,Science,2026,5,PRIVATE_REFERENCE_ONLY/corpus/PMC13564951/figures/Fig5.gif,web_jpeg,141,200,0.705,57.0,ESTIMATED,"assumed single column 57.0 mm (Science instructions for preparing initial manuscript (Wayback 2025-08-10), official_guidelines_audit.csv) because aspect <= 1.25",1,0,[],,,,ESTIMATED,,,0.0603,4,0.482,0.0152,https://creativecommons.org/licenses/by/4.0/
PMC13564977,Science Advances,Science,2026,1,PRIVATE_REFERENCE_ONLY/corpus/PMC13564977/figures/Fig1.webp,web_jpeg,1600,1470,1.088,57.0,ESTIMATED,"assumed single column 57.0 mm (Science instructions for preparing initial manuscript (Wayback 2025-08-10), official_guidelines_audit.csv) because aspect <= 1.25",6,79,"[{""pt"": 1.27, ""n_lines"": 13}, {""pt"": 1.97, ""n_lines"": 49}]",1.27,1.97,1.97,ESTIMATED,3.13,,0.1411,1,0.775,0.3477,https://creativecommons.org/licenses/by-nc/4.0/
PMC13564977,Science Advances,Science,2026,2,PRIVATE_REFERENCE_ONLY/corpus/PMC13564977/figures/Fig2.webp,web_jpeg,1600,1585,1.009,57.0,ESTIMATED,"assumed single column 57.0 mm (Science instructions for preparing initial manuscript (Wayback 2025-08-10), official_guidelines_audit.csv) because aspect <= 1.25",3,136,"[{""pt"": 1.97, ""n_lines"": 68}, {""pt"": 2.4, ""n_lines"": 48}]",1.97,1.97,2.4,ESTIMATED,,,0.0211,4,0.448,0.0863,https://creativecommons.org/licenses/by-nc/4.0/
PMC13564977,Science Advances,Science,2026,3,PRIVATE_REFERENCE_ONLY/corpus/PMC13564977/figures/Fig3.webp,web_jpeg,1600,1807,0.885,57.0,ESTIMATED,"assumed single column 57.0 mm (Science instructions for preparing initial manuscript (Wayback 2025-08-10), official_guidelines_audit.csv) because aspect <= 1.25",2,165,"[{""pt"": 1.55, ""n_lines"": 126}, {""pt"": 2.12, ""n_lines"": 23}]",1.55,1.55,2.12,ESTIMATED,,,0.0962,2,0.383,0.0439,https://creativecommons.org/licenses/by-nc/4.0/
PMC13564977,Science Advances,Science,2026,4,PRIVATE_REFERENCE_ONLY/corpus/PMC13564977/figures/Fig4.webp,web_jpeg,1600,1911,0.837,57.0,ESTIMATED,"assumed single column 57.0 mm (Science instructions for preparing initial manuscript (Wayback 2025-08-10), official_guidelines_audit.csv) because aspect <= 1.25",7,126,"[{""pt"": 2.12, ""n_lines"": 96}]",2.12,2.12,2.12,ESTIMATED,2.63,,0.0335,4,0.518,0.0896,https://creativecommons.org/licenses/by-nc/4.0/
PMC13564977,Science Advances,Science,2026,5,PRIVATE_REFERENCE_ONLY/corpus/PMC13564977/figures/Fig5.webp,web_jpeg,1600,2005,0.798,57.0,ESTIMATED,"assumed single column 57.0 mm (Science instructions for preparing initial manuscript (Wayback 2025-08-10), official_guidelines_audit.csv) because aspect <= 1.25",1,203,"[{""pt"": 0.99, ""n_lines"": 23}, {""pt"": 2.12, ""n_lines"": 142}]",0.99,2.12,2.12,ESTIMATED,0.2,,0.0666,5,0.472,0.0951,https://creativecommons.org/licenses/by-nc/4.0/
PMC13564977,Science Advances,Science,2026,6,PRIVATE_REFERENCE_ONLY/corpus/PMC13564977/figures/Fig6.webp,web_jpeg,1599,1089,1.468,184.0,ESTIMATED,"assumed full width 184.0 mm (Science instructions for preparing initial manuscript (Wayback 2025-08-10), official_guidelines_audit.csv) because aspect > 1.25",1,17,"[{""pt"": 10.02, ""n_lines"": 16}]",10.02,10.02,10.02,ESTIMATED,,,0.0635,4,0.381,0.0156,https://creativecommons.org/licenses/by-nc/4.0/
PMC13569489,Nature Communications,Nature,2026,1,PRIVATE_REFERENCE_ONLY/corpus/PMC13569489/typeset/fig01_typeset_300dpi.png,typeset_pdf,1967,1591,1.236,166.44,OBSERVED,,1,92,"[{""pt"": 3.68, ""n_lines"": 10}, {""pt"": 6.36, ""n_lines"": 64}]",3.68,6.36,6.36,INFERRED,,"{""0.05"": 7002, ""0.58"": 278, ""0.97"": 6, ""0.14"": 6, ""0.85"": 4, ""0.42"": 3, ""1.41"": 3, ""1.01"": 2, ""0.60"": 2, ""0.28"": 2, ""0.76"": 2, ""0.39"": 1}",0.084,3,0.511,0.1941,https://creativecommons.org/licenses/by-nc-nd/4.0/
PMC13569489,Nature Communications,Nature,2026,2,PRIVATE_REFERENCE_ONLY/corpus/PMC13569489/typeset/fig02_typeset_300dpi.png,typeset_pdf,1833,1063,1.724,155.07,OBSERVED,,5,98,"[{""pt"": 6.03, ""n_lines"": 88}]",6.03,6.03,6.03,INFERRED,2.88,"{""0.19"": 32978, ""0.39"": 593, ""0.51"": 77, ""0.24"": 36, ""0.47"": 15, ""0.53"": 14, ""0.25"": 9, ""0.32"": 4}",0.023,2,0.786,0.051,https://creativecommons.org/licenses/by-nc-nd/4.0/
PMC13569489,Nature Communications,Nature,2026,3,PRIVATE_REFERENCE_ONLY/corpus/PMC13569489/typeset/fig03_typeset_300dpi.png,typeset_pdf,2040,1872,1.09,172.63,OBSERVED,,1,163,"[{""pt"": 6.03, ""n_lines"": 117}]",6.03,6.03,6.03,INFERRED,4.32,{},0.1127,1,0.625,0.0653,https://creativecommons.org/licenses/by-nc-nd/4.0/
PMC13569489,Nature Communications,Nature,2026,4,PRIVATE_REFERENCE_ONLY/corpus/PMC13569489/typeset/fig04_typeset_300dpi.png,typeset_pdf,1832,2141,0.856,155.04,OBSERVED,,7,122,"[{""pt"": 5.36, ""n_lines"": 36}, {""pt"": 7.71, ""n_lines"": 56}, {""pt"": 10.05, ""n_lines"": 19}]",5.36,7.71,10.05,INFERRED,3.6,"{""0.35"": 50, ""0.15"": 24, ""0.17"": 12, ""0.52"": 2, ""0.43"": 1}",0.0561,4,0.652,0.0462,https://creativecommons.org/licenses/by-nc-nd/4.0/
PMC13569489,Nature Communications,Nature,2026,5,PRIVATE_REFERENCE_ONLY/corpus/PMC13569489/typeset/fig05_typeset_300dpi.png,typeset_pdf,2319,1200,1.933,196.21,OBSERVED,,6,85,"[{""pt"": 5.02, ""n_lines"": 68}, {""pt"": 6.36, ""n_lines"": 12}]",5.02,5.02,6.36,INFERRED,,"{""0.40"": 22988, ""0.07"": 3600, ""0.43"": 17, ""0.41"": 6}",0.0315,3,0.663,0.0396,https://creativecommons.org/licenses/by-nc-nd/4.0/
PMC13569845,Nature Communications,Nature,2026,1,PRIVATE_REFERENCE_ONLY/corpus/PMC13569845/typeset/fig01_typeset_300dpi.png,typeset_pdf,1048,370,2.832,88.67,OBSERVED,,1,1,[],,,,INFERRED,,"{""0.94"": 2}",0.0,0,0.0,0.0287,https://creativecommons.org/licenses/by-nc-nd/4.0/
PMC13569845,Nature Communications,Nature,2026,2,PRIVATE_REFERENCE_ONLY/corpus/PMC13569845/typeset/fig02_typeset_300dpi.png,typeset_pdf,2048,1607,1.274,173.32,OBSERVED,,3,82,"[{""pt"": 6.7, ""n_lines"": 49}, {""pt"": 7.71, ""n_lines"": 11}]",6.7,6.7,7.71,INFERRED,,{},0.0296,3,0.588,0.0449,https://creativecommons.org/licenses/by-nc-nd/4.0/
PMC13569845,Nature Communications,Nature,2026,3,PRIVATE_REFERENCE_ONLY/corpus/PMC13569845/typeset/fig03_typeset_300dpi.png,typeset_pdf,2049,639,3.207,173.4,OBSERVED,,4,21,"[{""pt"": 6.03, ""n_lines"": 17}, {""pt"": 7.37, ""n_lines"": 3}]",6.03,6.03,7.37,INFERRED,,{},0.01,3,0.511,0.1266,https://creativecommons.org/licenses/by-nc-nd/4.0/
PMC13569845,Nature Communications,Nature,2026,4,PRIVATE_REFERENCE_ONLY/corpus/PMC13569845/typeset/fig04_typeset_300dpi.png,typeset_pdf,2048,1680,1.219,173.32,OBSERVED,,7,85,"[{""pt"": 5.7, ""n_lines"": 9}, {""pt"": 6.7, ""n_lines"": 48}]",5.7,6.7,6.7,INFERRED,,{},0.169,1,0.726,0.2256,https://creativecommons.org/licenses/by-nc-nd/4.0/
PMC13569845,Nature Communications,Nature,2026,5,PRIVATE_REFERENCE_ONLY/corpus/PMC13569845/typeset/fig05_typeset_300dpi.png,typeset_pdf,2049,1268,1.616,173.4,OBSERVED,,9,19,"[{""pt"": 6.03, ""n_lines"": 10}, {""pt"": 7.04, ""n_lines"": 5}]",6.03,6.03,7.04,INFERRED,,{},0.1108,1,0.76,0.1649,https://creativecommons.org/licenses/by-nc-nd/4.0/
PMC13569845,Nature Communications,Nature,2026,6,PRIVATE_REFERENCE_ONLY/corpus/PMC13569845/typeset/fig06_typeset_300dpi.png,typeset_pdf,2048,2256,0.908,173.32,OBSERVED,,4,3,[],,,,INFERRED,,{},0.1156,2,0.948,0.516,https://creativecommons.org/licenses/by-nc-nd/4.0/
PMC7615567,Science Translational Medicine,Science,2024,1,PRIVATE_REFERENCE_ONLY/corpus/PMC7615567/figures/Fig1.jpg,web_jpeg,800,710,1.127,57.0,ESTIMATED,"assumed single column 57.0 mm (Science instructions for preparing initial manuscript (Wayback 2025-08-10), official_guidelines_audit.csv) because aspect <= 1.25",6,122,"[{""pt"": 1.13, ""n_lines"": 44}, {""pt"": 1.97, ""n_lines"": 21}, {""pt"": 2.82, ""n_lines"": 53}]",1.13,2.82,2.82,ESTIMATED,1.82,,0.0136,4,0.651,0.0416,https://creativecommons.org/licenses/by/4.0/
PMC7615567,Science Translational Medicine,Science,2024,2,PRIVATE_REFERENCE_ONLY/corpus/PMC7615567/figures/Fig2.gif,web_jpeg,181,80,2.263,184.0,ESTIMATED,"assumed full width 184.0 mm (Science instructions for preparing initial manuscript (Wayback 2025-08-10), official_guidelines_audit.csv) because aspect > 1.25",1,0,[],,,,ESTIMATED,,,0.0115,3,0.506,0.0072,https://creativecommons.org/licenses/by/4.0/
PMC7615567,Science Translational Medicine,Science,2024,3,PRIVATE_REFERENCE_ONLY/corpus/PMC7615567/figures/Fig3.jpg,web_jpeg,800,373,2.145,184.0,ESTIMATED,"assumed full width 184.0 mm (Science instructions for preparing initial manuscript (Wayback 2025-08-10), official_guidelines_audit.csv) because aspect > 1.25",6,86,"[{""pt"": 3.64, ""n_lines"": 34}, {""pt"": 9.11, ""n_lines"": 26}, {""pt"": 10.02, ""n_lines"": 18}]",3.64,3.64,10.02,ESTIMATED,5.87,,0.0092,4,0.61,0.0441,https://creativecommons.org/licenses/by/4.0/
PMC7615567,Science Translational Medicine,Science,2024,4,PRIVATE_REFERENCE_ONLY/corpus/PMC7615567/figures/Fig4.gif,web_jpeg,100,104,0.962,57.0,ESTIMATED,"assumed single column 57.0 mm (Science instructions for preparing initial manuscript (Wayback 2025-08-10), official_guidelines_audit.csv) because aspect <= 1.25",2,0,[],,,,ESTIMATED,,,0.01,1,0.46,0.0,https://creativecommons.org/licenses/by/4.0/
PMC7615651,Science Translational Medicine,Science,2024,1,PRIVATE_REFERENCE_ONLY/corpus/PMC7615651/figures/Fig1.jpg,web_jpeg,800,1059,0.755,57.0,ESTIMATED,"assumed single column 57.0 mm (Science instructions for preparing initial manuscript (Wayback 2025-08-10), official_guidelines_audit.csv) because aspect <= 1.25",8,158,"[{""pt"": 1.41, ""n_lines"": 28}, {""pt"": 1.97, ""n_lines"": 122}]",1.41,1.97,1.97,ESTIMATED,1.11,,0.035,2,0.505,0.0358,https://creativecommons.org/licenses/by/4.0/
PMC7615651,Science Translational Medicine,Science,2024,2,PRIVATE_REFERENCE_ONLY/corpus/PMC7615651/figures/Fig2.jpg,web_jpeg,800,515,1.553,184.0,ESTIMATED,"assumed full width 184.0 mm (Science instructions for preparing initial manuscript (Wayback 2025-08-10), official_guidelines_audit.csv) because aspect > 1.25",7,137,"[{""pt"": 4.55, ""n_lines"": 22}, {""pt"": 6.37, ""n_lines"": 95}]",4.55,6.37,6.37,ESTIMATED,0.98,,0.0794,6,0.588,0.0475,https://creativecommons.org/licenses/by/4.0/
PMC7615651,Science Translational Medicine,Science,2024,3,PRIVATE_REFERENCE_ONLY/corpus/PMC7615651/figures/Fig3.jpg,web_jpeg,800,467,1.713,184.0,ESTIMATED,"assumed full width 184.0 mm (Science instructions for preparing initial manuscript (Wayback 2025-08-10), official_guidelines_audit.csv) because aspect > 1.25",6,80,"[{""pt"": 3.64, ""n_lines"": 10}, {""pt"": 5.46, ""n_lines"": 57}, {""pt"": 8.2, ""n_lines"": 9}]",3.64,5.46,8.2,ESTIMATED,,,0.0184,2,0.743,0.0413,https://creativecommons.org/licenses/by/4.0/
PMC7615651,Science Translational Medicine,Science,2024,4,PRIVATE_REFERENCE_ONLY/corpus/PMC7615651/figures/Fig4.gif,web_jpeg,100,132,0.758,57.0,ESTIMATED,"assumed single column 57.0 mm (Science instructions for preparing initial manuscript (Wayback 2025-08-10), official_guidelines_audit.csv) because aspect <= 1.25",1,0,[],,,,ESTIMATED,,,0.0661,3,0.555,0.1667,https://creativecommons.org/licenses/by/4.0/
PMC7615651,Science Translational Medicine,Science,2024,5,PRIVATE_REFERENCE_ONLY/corpus/PMC7615651/figures/Fig5.gif,web_jpeg,104,79,1.316,184.0,ESTIMATED,"assumed full width 184.0 mm (Science instructions for preparing initial manuscript (Wayback 2025-08-10), official_guidelines_audit.csv) because aspect > 1.25",1,0,[],,,,ESTIMATED,,,0.0296,2,0.414,0.0891,https://creativecommons.org/licenses/by/4.0/
PMC7615651,Science Translational Medicine,Science,2024,6,PRIVATE_REFERENCE_ONLY/corpus/PMC7615651/figures/Fig6.jpg,web_jpeg,800,619,1.292,184.0,ESTIMATED,"assumed full width 184.0 mm (Science instructions for preparing initial manuscript (Wayback 2025-08-10), official_guidelines_audit.csv) because aspect > 1.25",6,163,"[{""pt"": 6.37, ""n_lines"": 129}]",6.37,6.37,6.37,ESTIMATED,,,0.0244,4,0.549,0.0418,https://creativecommons.org/licenses/by/4.0/
PMC7615651,Science Translational Medicine,Science,2024,7,PRIVATE_REFERENCE_ONLY/corpus/PMC7615651/figures/Fig7.gif,web_jpeg,100,113,0.885,57.0,ESTIMATED,"assumed single column 57.0 mm (Science instructions for preparing initial manuscript (Wayback 2025-08-10), official_guidelines_audit.csv) because aspect <= 1.25",1,1,[],,,,ESTIMATED,,,0.0213,5,0.463,0.0697,https://creativecommons.org/licenses/by/4.0/
PMC7615651,Science Translational Medicine,Science,2024,8,PRIVATE_REFERENCE_ONLY/corpus/PMC7615651/figures/Fig8.jpg,web_jpeg,800,807,0.991,57.0,ESTIMATED,"assumed single column 57.0 mm (Science instructions for preparing initial manuscript (Wayback 2025-08-10), official_guidelines_audit.csv) because aspect <= 1.25",10,174,"[{""pt"": 1.13, ""n_lines"": 31}, {""pt"": 1.97, ""n_lines"": 126}]",1.13,1.97,1.97,ESTIMATED,,,0.0143,2,0.56,0.0542,https://creativecommons.org/licenses/by/4.0/
PMC7615785,Science Translational Medicine,Science,2024,1,PRIVATE_REFERENCE_ONLY/corpus/PMC7615785/figures/Fig1.gif,web_jpeg,200,55,3.636,184.0,ESTIMATED,"assumed full width 184.0 mm (Science instructions for preparing initial manuscript (Wayback 2025-08-10), official_guidelines_audit.csv) because aspect > 1.25",1,0,[],,,,ESTIMATED,,,0.0075,1,0.317,0.0143,https://creativecommons.org/licenses/by/4.0/
PMC7615785,Science Translational Medicine,Science,2024,2,PRIVATE_REFERENCE_ONLY/corpus/PMC7615785/figures/Fig2.jpg,web_jpeg,800,330,2.424,184.0,ESTIMATED,"assumed full width 184.0 mm (Science instructions for preparing initial manuscript (Wayback 2025-08-10), official_guidelines_audit.csv) because aspect > 1.25",9,101,"[{""pt"": 3.64, ""n_lines"": 11}, {""pt"": 5.46, ""n_lines"": 72}]",3.64,5.46,5.46,ESTIMATED,,,0.1335,7,0.589,0.0823,https://creativecommons.org/licenses/by/4.0/
PMC7615785,Science Translational Medicine,Science,2024,3,PRIVATE_REFERENCE_ONLY/corpus/PMC7615785/figures/Fig3.jpg,web_jpeg,800,677,1.182,57.0,ESTIMATED,"assumed single column 57.0 mm (Science instructions for preparing initial manuscript (Wayback 2025-08-10), official_guidelines_audit.csv) because aspect <= 1.25",1,152,"[{""pt"": 1.41, ""n_lines"": 124}, {""pt"": 1.97, ""n_lines"": 27}]",1.41,1.41,1.97,ESTIMATED,,,0.013,2,0.38,0.019,https://creativecommons.org/licenses/by/4.0/
PMC7615785,Science Translational Medicine,Science,2024,4,PRIVATE_REFERENCE_ONLY/corpus/PMC7615785/figures/Fig4.gif,web_jpeg,132,79,1.671,184.0,ESTIMATED,"assumed full width 184.0 mm (Science instructions for preparing initial manuscript (Wayback 2025-08-10), official_guidelines_audit.csv) because aspect > 1.25",2,0,[],,,,ESTIMATED,,,0.0131,2,0.376,0.0022,https://creativecommons.org/licenses/by/4.0/
PMC7615785,Science Translational Medicine,Science,2024,5,PRIVATE_REFERENCE_ONLY/corpus/PMC7615785/figures/Fig5.gif,web_jpeg,189,80,2.362,184.0,ESTIMATED,"assumed full width 184.0 mm (Science instructions for preparing initial manuscript (Wayback 2025-08-10), official_guidelines_audit.csv) because aspect > 1.25",1,0,[],,,,ESTIMATED,,,0.1351,3,0.309,0.0061,https://creativecommons.org/licenses/by/4.0/
PMC7615785,Science Translational Medicine,Science,2024,6,PRIVATE_REFERENCE_ONLY/corpus/PMC7615785/figures/Fig6.gif,web_jpeg,100,83,1.205,57.0,ESTIMATED,"assumed single column 57.0 mm (Science instructions for preparing initial manuscript (Wayback 2025-08-10), official_guidelines_audit.csv) because aspect <= 1.25",1,0,[],,,,ESTIMATED,,,0.0143,1,0.663,0.0484,https://creativecommons.org/licenses/by/4.0/
PMC7616771,Science Translational Medicine,Science,2024,1,PRIVATE_REFERENCE_ONLY/corpus/PMC7616771/figures/Fig1.jpg,web_jpeg,800,1020,0.784,57.0,ESTIMATED,"assumed single column 57.0 mm (Science instructions for preparing initial manuscript (Wayback 2025-08-10), official_guidelines_audit.csv) because aspect <= 1.25",4,344,"[{""pt"": 1.41, ""n_lines"": 70}, {""pt"": 1.97, ""n_lines"": 172}, {""pt"": 2.54, ""n_lines"": 42}]",1.41,1.97,2.54,ESTIMATED,0.4,,0.0691,3,0.497,0.0478,https://creativecommons.org/licenses/by/4.0/
PMC7616771,Science Translational Medicine,Science,2024,2,PRIVATE_REFERENCE_ONLY/corpus/PMC7616771/figures/Fig2.gif,web_jpeg,100,135,0.741,57.0,ESTIMATED,"assumed single column 57.0 mm (Science instructions for preparing initial manuscript (Wayback 2025-08-10), official_guidelines_audit.csv) because aspect <= 1.25",2,0,[],,,,ESTIMATED,,,0.0427,4,0.564,0.1577,https://creativecommons.org/licenses/by/4.0/
PMC7616771,Science Translational Medicine,Science,2024,3,PRIVATE_REFERENCE_ONLY/corpus/PMC7616771/figures/Fig3.jpg,web_jpeg,800,1134,0.705,57.0,ESTIMATED,"assumed single column 57.0 mm (Science instructions for preparing initial manuscript (Wayback 2025-08-10), official_guidelines_audit.csv) because aspect <= 1.25",9,254,"[{""pt"": 1.41, ""n_lines"": 26}, {""pt"": 1.97, ""n_lines"": 174}]",1.41,1.97,1.97,ESTIMATED,,,0.0939,4,0.522,0.0646,https://creativecommons.org/licenses/by/4.0/
PMC7616771,Science Translational Medicine,Science,2024,4,PRIVATE_REFERENCE_ONLY/corpus/PMC7616771/figures/Fig4.gif,web_jpeg,112,79,1.418,184.0,ESTIMATED,"assumed full width 184.0 mm (Science instructions for preparing initial manuscript (Wayback 2025-08-10), official_guidelines_audit.csv) because aspect > 1.25",5,0,[],,,,ESTIMATED,,,0.0439,3,0.417,0.0132,https://creativecommons.org/licenses/by/4.0/
PMC7616771,Science Translational Medicine,Science,2024,5,PRIVATE_REFERENCE_ONLY/corpus/PMC7616771/figures/Fig5.gif,web_jpeg,100,155,0.645,57.0,ESTIMATED,"assumed single column 57.0 mm (Science instructions for preparing initial manuscript (Wayback 2025-08-10), official_guidelines_audit.csv) because aspect <= 1.25",3,0,[],,,,ESTIMATED,,,0.0524,5,0.43,0.0141,https://creativecommons.org/licenses/by/4.0/
PMC7616771,Science Translational Medicine,Science,2024,6,PRIVATE_REFERENCE_ONLY/corpus/PMC7616771/figures/Fig6.jpg,web_jpeg,800,683,1.171,57.0,ESTIMATED,"assumed single column 57.0 mm (Science instructions for preparing initial manuscript (Wayback 2025-08-10), official_guidelines_audit.csv) because aspect <= 1.25",10,242,"[{""pt"": 1.13, ""n_lines"": 64}, {""pt"": 2.26, ""n_lines"": 80}]",1.13,2.26,2.26,ESTIMATED,2.22,,0.0904,3,0.444,0.0696,https://creativecommons.org/licenses/by/4.0/
PMC7616771,Science Translational Medicine,Science,2024,7,PRIVATE_REFERENCE_ONLY/corpus/PMC7616771/figures/Fig7.gif,web_jpeg,100,146,0.685,57.0,ESTIMATED,"assumed single column 57.0 mm (Science instructions for preparing initial manuscript (Wayback 2025-08-10), official_guidelines_audit.csv) because aspect <= 1.25",1,0,[],,,,ESTIMATED,,,0.0766,2,0.535,0.0814,https://creativecommons.org/licenses/by/4.0/
PMC7617732,Science Translational Medicine,Science,2024,1,PRIVATE_REFERENCE_ONLY/corpus/PMC7617732/figures/Fig1.jpg,web_jpeg,800,1156,0.692,57.0,ESTIMATED,"assumed single column 57.0 mm (Science instructions for preparing initial manuscript (Wayback 2025-08-10), official_guidelines_audit.csv) because aspect <= 1.25",8,162,"[{""pt"": 1.41, ""n_lines"": 35}, {""pt"": 1.97, ""n_lines"": 76}, {""pt"": 2.54, ""n_lines"": 18}]",1.41,1.97,2.54,ESTIMATED,,,0.1062,4,0.617,0.0654,
PMC7617732,Science Translational Medicine,Science,2024,2,PRIVATE_REFERENCE_ONLY/corpus/PMC7617732/figures/Fig2.jpg,web_jpeg,800,945,0.847,57.0,ESTIMATED,"assumed single column 57.0 mm (Science instructions for preparing initial manuscript (Wayback 2025-08-10), official_guidelines_audit.csv) because aspect <= 1.25",7,265,"[{""pt"": 1.69, ""n_lines"": 214}, {""pt"": 2.54, ""n_lines"": 42}]",1.69,1.69,2.54,ESTIMATED,1.11,,0.033,4,0.706,0.0648,
PMC7617732,Science Translational Medicine,Science,2024,3,PRIVATE_REFERENCE_ONLY/corpus/PMC7617732/figures/Fig3.gif,web_jpeg,100,142,0.704,57.0,ESTIMATED,"assumed single column 57.0 mm (Science instructions for preparing initial manuscript (Wayback 2025-08-10), official_guidelines_audit.csv) because aspect <= 1.25",1,0,[],,,,ESTIMATED,,,0.0682,5,0.557,0.0145,
PMC7617732,Science Translational Medicine,Science,2024,4,PRIVATE_REFERENCE_ONLY/corpus/PMC7617732/figures/Fig4.jpg,web_jpeg,800,691,1.158,57.0,ESTIMATED,"assumed single column 57.0 mm (Science instructions for preparing initial manuscript (Wayback 2025-08-10), official_guidelines_audit.csv) because aspect <= 1.25",10,133,"[{""pt"": 0.85, ""n_lines"": 17}, {""pt"": 1.97, ""n_lines"": 96}]",0.85,1.97,1.97,ESTIMATED,0.2,,0.014,4,0.685,0.0246,
PMC7617732,Science Translational Medicine,Science,2024,5,PRIVATE_REFERENCE_ONLY/corpus/PMC7617732/figures/Fig5.jpg,web_jpeg,800,1025,0.78,57.0,ESTIMATED,"assumed single column 57.0 mm (Science instructions for preparing initial manuscript (Wayback 2025-08-10), official_guidelines_audit.csv) because aspect <= 1.25",5,99,"[{""pt"": 1.69, ""n_lines"": 11}, {""pt"": 2.26, ""n_lines"": 59}]",1.69,2.26,2.26,ESTIMATED,,,0.059,3,0.69,0.0502,
PMC7617978,Science Translational Medicine,Science,2025,1,PRIVATE_REFERENCE_ONLY/corpus/PMC7617978/figures/Fig1.jpg,web_jpeg,800,456,1.754,184.0,ESTIMATED,"assumed full width 184.0 mm (Science instructions for preparing initial manuscript (Wayback 2025-08-10), official_guidelines_audit.csv) because aspect > 1.25",10,12,"[{""pt"": 12.75, ""n_lines"": 11}]",12.75,12.75,12.75,ESTIMATED,,,0.0069,2,0.695,0.0166,https://creativecommons.org/licenses/by/4.0/
PMC7617978,Science Translational Medicine,Science,2025,2,PRIVATE_REFERENCE_ONLY/corpus/PMC7617978/figures/Fig2.gif,web_jpeg,100,83,1.205,57.0,ESTIMATED,"assumed single column 57.0 mm (Science instructions for preparing initial manuscript (Wayback 2025-08-10), official_guidelines_audit.csv) because aspect <= 1.25",1,1,[],,,,ESTIMATED,,,0.003,0,0.0,0.0128,https://creativecommons.org/licenses/by/4.0/
PMC7617978,Science Translational Medicine,Science,2025,3,PRIVATE_REFERENCE_ONLY/corpus/PMC7617978/figures/Fig3.jpg,web_jpeg,800,434,1.843,184.0,ESTIMATED,"assumed full width 184.0 mm (Science instructions for preparing initial manuscript (Wayback 2025-08-10), official_guidelines_audit.csv) because aspect > 1.25",7,27,"[{""pt"": 5.46, ""n_lines"": 8}, {""pt"": 9.11, ""n_lines"": 11}, {""pt"": 10.93, ""n_lines"": 5}]",5.46,9.11,10.93,ESTIMATED,,,0.0017,3,0.785,0.0439,https://creativecommons.org/licenses/by/4.0/
PMC7617978,Science Translational Medicine,Science,2025,4,PRIVATE_REFERENCE_ONLY/corpus/PMC7617978/figures/Fig4.jpg,web_jpeg,800,201,3.98,184.0,ESTIMATED,"assumed full width 184.0 mm (Science instructions for preparing initial manuscript (Wayback 2025-08-10), official_guidelines_audit.csv) because aspect > 1.25",1,31,"[{""pt"": 8.2, ""n_lines"": 18}]",8.2,8.2,8.2,ESTIMATED,,,0.1306,4,0.643,0.0939,https://creativecommons.org/licenses/by/4.0/
PMC7617978,Science Translational Medicine,Science,2025,5,PRIVATE_REFERENCE_ONLY/corpus/PMC7617978/figures/Fig5.gif,web_jpeg,164,80,2.05,184.0,ESTIMATED,"assumed full width 184.0 mm (Science instructions for preparing initial manuscript (Wayback 2025-08-10), official_guidelines_audit.csv) because aspect > 1.25",3,1,[],,,,ESTIMATED,,,0.1704,1,0.824,0.1245,https://creativecommons.org/licenses/by/4.0/
PMC7617989,Science Translational Medicine,Science,2025,1,PRIVATE_REFERENCE_ONLY/corpus/PMC7617989/figures/Fig1.gif,web_jpeg,100,167,0.599,57.0,ESTIMATED,"assumed single column 57.0 mm (Science instructions for preparing initial manuscript (Wayback 2025-08-10), official_guidelines_audit.csv) because aspect <= 1.25",3,0,[],,,,ESTIMATED,,,0.0638,2,0.522,0.02,https://creativecommons.org/licenses/by/4.0/
PMC7617989,Science Translational Medicine,Science,2025,2,PRIVATE_REFERENCE_ONLY/corpus/PMC7617989/figures/Fig2.gif,web_jpeg,100,125,0.8,57.0,ESTIMATED,"assumed single column 57.0 mm (Science instructions for preparing initial manuscript (Wayback 2025-08-10), official_guidelines_audit.csv) because aspect <= 1.25",3,1,[],,,,ESTIMATED,,,0.0981,2,0.408,0.0917,https://creativecommons.org/licenses/by/4.0/
PMC7617989,Science Translational Medicine,Science,2025,3,PRIVATE_REFERENCE_ONLY/corpus/PMC7617989/figures/Fig3.gif,web_jpeg,100,127,0.787,57.0,ESTIMATED,"assumed single column 57.0 mm (Science instructions for preparing initial manuscript (Wayback 2025-08-10), official_guidelines_audit.csv) because aspect <= 1.25",1,1,[],,,,ESTIMATED,,,0.034,2,0.693,0.0165,https://creativecommons.org/licenses/by/4.0/
PMC7617989,Science Translational Medicine,Science,2025,4,PRIVATE_REFERENCE_ONLY/corpus/PMC7617989/figures/Fig4.gif,web_jpeg,100,109,0.917,57.0,ESTIMATED,"assumed single column 57.0 mm (Science instructions for preparing initial manuscript (Wayback 2025-08-10), official_guidelines_audit.csv) because aspect <= 1.25",1,0,[],,,,ESTIMATED,,,0.0067,1,0.581,0.0121,https://creativecommons.org/licenses/by/4.0/
PMC7617989,Science Translational Medicine,Science,2025,5,PRIVATE_REFERENCE_ONLY/corpus/PMC7617989/figures/Fig5.gif,web_jpeg,100,124,0.806,57.0,ESTIMATED,"assumed single column 57.0 mm (Science instructions for preparing initial manuscript (Wayback 2025-08-10), official_guidelines_audit.csv) because aspect <= 1.25",1,1,[],,,,ESTIMATED,,,0.025,2,0.442,0.0792,https://creativecommons.org/licenses/by/4.0/
PMC7617989,Science Translational Medicine,Science,2025,6,PRIVATE_REFERENCE_ONLY/corpus/PMC7617989/figures/Fig6.jpg,web_jpeg,800,1151,0.695,57.0,ESTIMATED,"assumed single column 57.0 mm (Science instructions for preparing initial manuscript (Wayback 2025-08-10), official_guidelines_audit.csv) because aspect <= 1.25",5,119,"[{""pt"": 1.69, ""n_lines"": 20}, {""pt"": 2.26, ""n_lines"": 72}]",1.69,2.26,2.26,ESTIMATED,3.23,,0.046,2,0.548,0.113,https://creativecommons.org/licenses/by/4.0/
PMC7617989,Science Translational Medicine,Science,2025,7,PRIVATE_REFERENCE_ONLY/corpus/PMC7617989/figures/Fig7.jpg,web_jpeg,800,1311,0.61,57.0,ESTIMATED,"assumed single column 57.0 mm (Science instructions for preparing initial manuscript (Wayback 2025-08-10), official_guidelines_audit.csv) because aspect <= 1.25",6,111,"[{""pt"": 1.69, ""n_lines"": 15}, {""pt"": 2.54, ""n_lines"": 80}]",1.69,2.54,2.54,ESTIMATED,2.63,,0.0479,4,0.699,0.1427,https://creativecommons.org/licenses/by/4.0/
PMC7618036,Science Translational Medicine,Science,2025,1,PRIVATE_REFERENCE_ONLY/corpus/PMC7618036/figures/Fig1.jpg,web_jpeg,800,770,1.039,57.0,ESTIMATED,"assumed single column 57.0 mm (Science instructions for preparing initial manuscript (Wayback 2025-08-10), official_guidelines_audit.csv) because aspect <= 1.25",1,123,"[{""pt"": 1.41, ""n_lines"": 28}, {""pt"": 1.97, ""n_lines"": 77}]",1.41,1.97,1.97,ESTIMATED,1.82,,0.1769,1,0.852,0.2018,https://creativecommons.org/licenses/by/4.0/
PMC7618036,Science Translational Medicine,Science,2025,2,PRIVATE_REFERENCE_ONLY/corpus/PMC7618036/figures/Fig2.jpg,web_jpeg,800,420,1.905,184.0,ESTIMATED,"assumed full width 184.0 mm (Science instructions for preparing initial manuscript (Wayback 2025-08-10), official_guidelines_audit.csv) because aspect > 1.25",2,89,"[{""pt"": 4.55, ""n_lines"": 13}, {""pt"": 6.37, ""n_lines"": 60}]",4.55,6.37,6.37,ESTIMATED,5.22,,0.0457,3,0.595,0.0438,https://creativecommons.org/licenses/by/4.0/
PMC7618036,Science Translational Medicine,Science,2025,3,PRIVATE_REFERENCE_ONLY/corpus/PMC7618036/figures/Fig3.jpg,web_jpeg,800,571,1.401,184.0,ESTIMATED,"assumed full width 184.0 mm (Science instructions for preparing initial manuscript (Wayback 2025-08-10), official_guidelines_audit.csv) because aspect > 1.25",1,151,"[{""pt"": 4.55, ""n_lines"": 32}, {""pt"": 6.37, ""n_lines"": 109}]",4.55,6.37,6.37,ESTIMATED,5.54,,0.025,5,0.582,0.0269,https://creativecommons.org/licenses/by/4.0/
PMC7618036,Science Translational Medicine,Science,2025,4,PRIVATE_REFERENCE_ONLY/corpus/PMC7618036/figures/Fig4.jpg,web_jpeg,800,730,1.096,57.0,ESTIMATED,"assumed single column 57.0 mm (Science instructions for preparing initial manuscript (Wayback 2025-08-10), official_guidelines_audit.csv) because aspect <= 1.25",1,90,"[{""pt"": 1.41, ""n_lines"": 20}, {""pt"": 1.97, ""n_lines"": 62}]",1.41,1.97,1.97,ESTIMATED,0.4,,0.13,3,0.662,0.0914,https://creativecommons.org/licenses/by/4.0/
PMC7618036,Science Translational Medicine,Science,2025,5,PRIVATE_REFERENCE_ONLY/corpus/PMC7618036/figures/Fig5.gif,web_jpeg,100,81,1.235,57.0,ESTIMATED,"assumed single column 57.0 mm (Science instructions for preparing initial manuscript (Wayback 2025-08-10), official_guidelines_audit.csv) because aspect <= 1.25",1,1,[],,,,ESTIMATED,,,0.1565,4,0.412,0.0042,https://creativecommons.org/licenses/by/4.0/
PMC7618036,Science Translational Medicine,Science,2025,6,PRIVATE_REFERENCE_ONLY/corpus/PMC7618036/figures/Fig6.gif,web_jpeg,149,80,1.863,184.0,ESTIMATED,"assumed full width 184.0 mm (Science instructions for preparing initial manuscript (Wayback 2025-08-10), official_guidelines_audit.csv) because aspect > 1.25",1,0,[],,,,ESTIMATED,,,0.0215,4,0.45,0.0076,https://creativecommons.org/licenses/by/4.0/
PMC7618491,Science,Science,2026,1,PRIVATE_REFERENCE_ONLY/corpus/PMC7618491/figures/Fig1.jpg,web_jpeg,800,541,1.479,184.0,ESTIMATED,"assumed full width 184.0 mm (Science instructions for preparing initial manuscript (Wayback 2025-08-10), official_guidelines_audit.csv) because aspect > 1.25",1,77,"[{""pt"": 5.46, ""n_lines"": 10}, {""pt"": 8.2, ""n_lines"": 56}]",5.46,8.2,8.2,ESTIMATED,2.28,,0.0251,4,0.611,0.0338,https://creativecommons.org/licenses/by/4.0/
PMC7618491,Science,Science,2026,2,PRIVATE_REFERENCE_ONLY/corpus/PMC7618491/figures/Fig2.jpg,web_jpeg,800,620,1.29,184.0,ESTIMATED,"assumed full width 184.0 mm (Science instructions for preparing initial manuscript (Wayback 2025-08-10), official_guidelines_audit.csv) because aspect > 1.25",1,99,"[{""pt"": 5.46, ""n_lines"": 11}, {""pt"": 8.2, ""n_lines"": 45}]",5.46,8.2,8.2,ESTIMATED,,,0.1619,5,0.718,0.1289,https://creativecommons.org/licenses/by/4.0/
PMC7618491,Science,Science,2026,3,PRIVATE_REFERENCE_ONLY/corpus/PMC7618491/figures/Fig3.gif,web_jpeg,100,132,0.758,57.0,ESTIMATED,"assumed single column 57.0 mm (Science instructions for preparing initial manuscript (Wayback 2025-08-10), official_guidelines_audit.csv) because aspect <= 1.25",1,2,[],,,,ESTIMATED,,,0.1253,5,0.549,0.0498,https://creativecommons.org/licenses/by/4.0/
PMC7618491,Science,Science,2026,4,PRIVATE_REFERENCE_ONLY/corpus/PMC7618491/figures/Fig4.jpg,web_jpeg,800,1107,0.723,57.0,ESTIMATED,"assumed single column 57.0 mm (Science instructions for preparing initial manuscript (Wayback 2025-08-10), official_guidelines_audit.csv) because aspect <= 1.25",1,216,"[{""pt"": 2.26, ""n_lines"": 176}]",2.26,2.26,2.26,ESTIMATED,1.01,,0.04,3,0.664,0.0556,https://creativecommons.org/licenses/by/4.0/
PMC7618491,Science,Science,2026,5,PRIVATE_REFERENCE_ONLY/corpus/PMC7618491/figures/Fig5.gif,web_jpeg,100,115,0.87,57.0,ESTIMATED,"assumed single column 57.0 mm (Science instructions for preparing initial manuscript (Wayback 2025-08-10), official_guidelines_audit.csv) because aspect <= 1.25",1,0,[],,,,ESTIMATED,,,0.0403,4,0.526,0.0144,https://creativecommons.org/licenses/by/4.0/
PMC7618742,Science Translational Medicine,Science,2026,1,PRIVATE_REFERENCE_ONLY/corpus/PMC7618742/figures/Fig1.jpg,web_jpeg,800,578,1.384,184.0,ESTIMATED,"assumed full width 184.0 mm (Science instructions for preparing initial manuscript (Wayback 2025-08-10), official_guidelines_audit.csv) because aspect > 1.25",2,101,"[{""pt"": 4.55, ""n_lines"": 16}, {""pt"": 6.37, ""n_lines"": 50}, {""pt"": 8.2, ""n_lines"": 33}]",4.55,6.37,8.2,ESTIMATED,1.3,,0.0,0,0.0,0.0321,https://creativecommons.org/licenses/by/4.0/
PMC7618742,Science Translational Medicine,Science,2026,2,PRIVATE_REFERENCE_ONLY/corpus/PMC7618742/figures/Fig2.jpg,web_jpeg,800,997,0.802,57.0,ESTIMATED,"assumed single column 57.0 mm (Science instructions for preparing initial manuscript (Wayback 2025-08-10), official_guidelines_audit.csv) because aspect <= 1.25",4,229,"[{""pt"": 1.41, ""n_lines"": 46}, {""pt"": 1.97, ""n_lines"": 179}]",1.41,1.97,1.97,ESTIMATED,0.2,,0.0032,3,0.613,0.0212,https://creativecommons.org/licenses/by/4.0/
PMC7618742,Science Translational Medicine,Science,2026,3,PRIVATE_REFERENCE_ONLY/corpus/PMC7618742/figures/Fig3.jpg,web_jpeg,800,1044,0.766,57.0,ESTIMATED,"assumed single column 57.0 mm (Science instructions for preparing initial manuscript (Wayback 2025-08-10), official_guidelines_audit.csv) because aspect <= 1.25",1,17,"[{""pt"": 3.1, ""n_lines"": 14}]",3.1,3.1,3.1,ESTIMATED,,,0.1502,1,0.429,0.3626,https://creativecommons.org/licenses/by/4.0/
PMC7618742,Science Translational Medicine,Science,2026,4,PRIVATE_REFERENCE_ONLY/corpus/PMC7618742/figures/Fig4.jpg,web_jpeg,800,1046,0.765,57.0,ESTIMATED,"assumed single column 57.0 mm (Science instructions for preparing initial manuscript (Wayback 2025-08-10), official_guidelines_audit.csv) because aspect <= 1.25",2,70,"[{""pt"": 2.82, ""n_lines"": 52}, {""pt"": 3.38, ""n_lines"": 16}]",2.82,2.82,3.38,ESTIMATED,0.4,,0.1831,3,0.595,0.5045,https://creativecommons.org/licenses/by/4.0/
PMC7618833,Science,Science,2026,1,PRIVATE_REFERENCE_ONLY/corpus/PMC7618833/figures/Fig1.gif,web_jpeg,100,93,1.075,57.0,ESTIMATED,"assumed single column 57.0 mm (Science instructions for preparing initial manuscript (Wayback 2025-08-10), official_guidelines_audit.csv) because aspect <= 1.25",1,0,[],,,,ESTIMATED,,,0.0171,1,0.377,0.0,https://creativecommons.org/licenses/by/4.0/
PMC7618833,Science,Science,2026,2,PRIVATE_REFERENCE_ONLY/corpus/PMC7618833/figures/Fig2.jpg,web_jpeg,800,920,0.87,57.0,ESTIMATED,"assumed single column 57.0 mm (Science instructions for preparing initial manuscript (Wayback 2025-08-10), official_guidelines_audit.csv) because aspect <= 1.25",9,197,"[{""pt"": 1.69, ""n_lines"": 31}, {""pt"": 2.26, ""n_lines"": 147}]",1.69,2.26,2.26,ESTIMATED,,,0.0185,2,0.749,0.0522,https://creativecommons.org/licenses/by/4.0/
PMC7618833,Science,Science,2026,3,PRIVATE_REFERENCE_ONLY/corpus/PMC7618833/figures/Fig3.jpg,web_jpeg,800,931,0.859,57.0,ESTIMATED,"assumed single column 57.0 mm (Science instructions for preparing initial manuscript (Wayback 2025-08-10), official_guidelines_audit.csv) because aspect <= 1.25",6,200,"[{""pt"": 1.41, ""n_lines"": 41}, {""pt"": 2.26, ""n_lines"": 128}]",1.41,2.26,2.26,ESTIMATED,,,0.0204,3,0.676,0.039,https://creativecommons.org/licenses/by/4.0/
PMC7618833,Science,Science,2026,4,PRIVATE_REFERENCE_ONLY/corpus/PMC7618833/figures/Fig4.gif,web_jpeg,118,80,1.475,184.0,ESTIMATED,"assumed full width 184.0 mm (Science instructions for preparing initial manuscript (Wayback 2025-08-10), official_guidelines_audit.csv) because aspect > 1.25",4,0,[],,,,ESTIMATED,,,0.0058,3,0.33,0.0021,https://creativecommons.org/licenses/by/4.0/
PMC7618833,Science,Science,2026,5,PRIVATE_REFERENCE_ONLY/corpus/PMC7618833/figures/Fig5.jpg,web_jpeg,800,999,0.801,57.0,ESTIMATED,"assumed single column 57.0 mm (Science instructions for preparing initial manuscript (Wayback 2025-08-10), official_guidelines_audit.csv) because aspect <= 1.25",12,221,"[{""pt"": 1.69, ""n_lines"": 29}, {""pt"": 2.26, ""n_lines"": 147}]",1.69,2.26,2.26,ESTIMATED,,,0.0168,3,0.693,0.0543,https://creativecommons.org/licenses/by/4.0/
PMC7618901,Science,Science,2026,1,PRIVATE_REFERENCE_ONLY/corpus/PMC7618901/figures/Fig1.gif,web_jpeg,100,124,0.806,57.0,ESTIMATED,"assumed single column 57.0 mm (Science instructions for preparing initial manuscript (Wayback 2025-08-10), official_guidelines_audit.csv) because aspect <= 1.25",1,0,[],,,,ESTIMATED,,,0.0944,4,0.4,0.0187,https://creativecommons.org/licenses/by/4.0/
PMC7618901,Science,Science,2026,2,PRIVATE_REFERENCE_ONLY/corpus/PMC7618901/figures/Fig2.gif,web_jpeg,190,80,2.375,184.0,ESTIMATED,"assumed full width 184.0 mm (Science instructions for preparing initial manuscript (Wayback 2025-08-10), official_guidelines_audit.csv) because aspect > 1.25",1,0,[],,,,ESTIMATED,,,0.0578,3,0.479,0.0209,https://creativecommons.org/licenses/by/4.0/
PMC7618901,Science,Science,2026,3,PRIVATE_REFERENCE_ONLY/corpus/PMC7618901/figures/Fig3.jpg,web_jpeg,800,1021,0.784,57.0,ESTIMATED,"assumed single column 57.0 mm (Science instructions for preparing initial manuscript (Wayback 2025-08-10), official_guidelines_audit.csv) because aspect <= 1.25",8,341,"[{""pt"": 1.69, ""n_lines"": 301}]",1.69,1.69,1.69,ESTIMATED,1.62,,0.0266,4,0.611,0.0312,https://creativecommons.org/licenses/by/4.0/
PMC7618901,Science,Science,2026,4,PRIVATE_REFERENCE_ONLY/corpus/PMC7618901/figures/Fig4.jpg,web_jpeg,800,551,1.452,184.0,ESTIMATED,"assumed full width 184.0 mm (Science instructions for preparing initial manuscript (Wayback 2025-08-10), official_guidelines_audit.csv) because aspect > 1.25",4,91,"[{""pt"": 5.46, ""n_lines"": 72}]",5.46,5.46,5.46,ESTIMATED,,,0.0858,4,0.799,0.0836,https://creativecommons.org/licenses/by/4.0/
PMC7619046,Science,Science,2026,1,PRIVATE_REFERENCE_ONLY/corpus/PMC7619046/figures/Fig1.gif,web_jpeg,100,136,0.735,57.0,ESTIMATED,"assumed single column 57.0 mm (Science instructions for preparing initial manuscript (Wayback 2025-08-10), official_guidelines_audit.csv) because aspect <= 1.25",1,0,[],,,,ESTIMATED,,,0.0643,4,0.362,0.0104,https://creativecommons.org/licenses/by/4.0/
PMC7619046,Science,Science,2026,2,PRIVATE_REFERENCE_ONLY/corpus/PMC7619046/figures/Fig2.jpg,web_jpeg,800,1115,0.717,57.0,ESTIMATED,"assumed single column 57.0 mm (Science instructions for preparing initial manuscript (Wayback 2025-08-10), official_guidelines_audit.csv) because aspect <= 1.25",8,109,"[{""pt"": 1.41, ""n_lines"": 36}, {""pt"": 1.97, ""n_lines"": 43}, {""pt"": 5.08, ""n_lines"": 19}]",1.41,1.97,5.08,ESTIMATED,,,0.0638,2,0.397,0.0239,https://creativecommons.org/licenses/by/4.0/
PMC7619046,Science,Science,2026,3,PRIVATE_REFERENCE_ONLY/corpus/PMC7619046/figures/Fig3.jpg,web_jpeg,800,1100,0.727,57.0,ESTIMATED,"assumed single column 57.0 mm (Science instructions for preparing initial manuscript (Wayback 2025-08-10), official_guidelines_audit.csv) because aspect <= 1.25",1,152,"[{""pt"": 1.13, ""n_lines"": 20}, {""pt"": 1.69, ""n_lines"": 82}, {""pt"": 2.26, ""n_lines"": 28}]",1.13,1.69,2.26,ESTIMATED,,,0.0553,3,0.494,0.1317,https://creativecommons.org/licenses/by/4.0/
PMC7619046,Science,Science,2026,4,PRIVATE_REFERENCE_ONLY/corpus/PMC7619046/figures/Fig4.jpg,web_jpeg,800,1133,0.706,57.0,ESTIMATED,"assumed single column 57.0 mm (Science instructions for preparing initial manuscript (Wayback 2025-08-10), official_guidelines_audit.csv) because aspect <= 1.25",11,56,"[{""pt"": 1.13, ""n_lines"": 9}, {""pt"": 1.69, ""n_lines"": 29}, {""pt"": 2.54, ""n_lines"": 7}, {""pt"": 5.08, ""n_lines"": 7}]",1.13,1.69,5.08,ESTIMATED,0.3,,0.0775,3,0.543,0.2924,https://creativecommons.org/licenses/by/4.0/
PMC7619062,Science,Science,2026,1,PRIVATE_REFERENCE_ONLY/corpus/PMC7619062/figures/Fig1.jpg,web_jpeg,800,609,1.314,184.0,ESTIMATED,"assumed full width 184.0 mm (Science instructions for preparing initial manuscript (Wayback 2025-08-10), official_guidelines_audit.csv) because aspect > 1.25",1,45,"[{""pt"": 4.55, ""n_lines"": 5}, {""pt"": 8.2, ""n_lines"": 31}]",4.55,8.2,8.2,ESTIMATED,9.78,,0.1633,6,0.589,0.1509,https://creativecommons.org/licenses/by/4.0/
PMC7619062,Science,Science,2026,2,PRIVATE_REFERENCE_ONLY/corpus/PMC7619062/figures/Fig2.gif,web_jpeg,100,89,1.124,57.0,ESTIMATED,"assumed single column 57.0 mm (Science instructions for preparing initial manuscript (Wayback 2025-08-10), official_guidelines_audit.csv) because aspect <= 1.25",1,1,[],,,,ESTIMATED,3.23,,0.1034,3,0.539,0.0542,https://creativecommons.org/licenses/by/4.0/
PMC7619062,Science,Science,2026,3,PRIVATE_REFERENCE_ONLY/corpus/PMC7619062/figures/Fig3.jpg,web_jpeg,800,932,0.858,57.0,ESTIMATED,"assumed single column 57.0 mm (Science instructions for preparing initial manuscript (Wayback 2025-08-10), official_guidelines_audit.csv) because aspect <= 1.25",1,50,"[{""pt"": 1.41, ""n_lines"": 14}, {""pt"": 1.97, ""n_lines"": 5}, {""pt"": 2.54, ""n_lines"": 17}]",1.41,2.54,2.54,ESTIMATED,,,0.2161,6,0.591,0.1165,https://creativecommons.org/licenses/by/4.0/
PMC7619062,Science,Science,2026,4,PRIVATE_REFERENCE_ONLY/corpus/PMC7619062/figures/Fig4.jpg,web_jpeg,800,750,1.067,57.0,ESTIMATED,"assumed single column 57.0 mm (Science instructions for preparing initial manuscript (Wayback 2025-08-10), official_guidelines_audit.csv) because aspect <= 1.25",1,95,"[{""pt"": 1.13, ""n_lines"": 14}, {""pt"": 1.97, ""n_lines"": 46}, {""pt"": 2.82, ""n_lines"": 24}]",1.13,1.97,2.82,ESTIMATED,0.2,,0.0003,1,0.571,0.0758,https://creativecommons.org/licenses/by/4.0/
PMC7619062,Science,Science,2026,5,PRIVATE_REFERENCE_ONLY/corpus/PMC7619062/figures/Fig5.gif,web_jpeg,100,158,0.633,57.0,ESTIMATED,"assumed single column 57.0 mm (Science instructions for preparing initial manuscript (Wayback 2025-08-10), official_guidelines_audit.csv) because aspect <= 1.25",1,2,[],,,,ESTIMATED,,,0.0322,3,0.471,0.0477,https://creativecommons.org/licenses/by/4.0/
PMC7619443,Science,Science,2026,1,PRIVATE_REFERENCE_ONLY/corpus/PMC7619443/figures/Fig1.webp,web_jpeg,1600,2177,0.735,57.0,ESTIMATED,"assumed single column 57.0 mm (Science instructions for preparing initial manuscript (Wayback 2025-08-10), official_guidelines_audit.csv) because aspect <= 1.25",1,109,"[{""pt"": 2.96, ""n_lines"": 73}, {""pt"": 3.67, ""n_lines"": 11}]",2.96,2.96,3.67,ESTIMATED,0.3,,0.1065,4,0.721,0.3998,https://creativecommons.org/licenses/by/4.0/
PMC7619443,Science,Science,2026,2,PRIVATE_REFERENCE_ONLY/corpus/PMC7619443/figures/Fig2.webp,web_jpeg,1600,2180,0.734,57.0,ESTIMATED,"assumed single column 57.0 mm (Science instructions for preparing initial manuscript (Wayback 2025-08-10), official_guidelines_audit.csv) because aspect <= 1.25",1,63,"[{""pt"": 2.68, ""n_lines"": 12}, {""pt"": 3.53, ""n_lines"": 35}, {""pt"": 4.65, ""n_lines"": 9}]",2.68,3.53,4.65,ESTIMATED,2.32,,0.0516,3,0.577,0.4964,https://creativecommons.org/licenses/by/4.0/
PMC7619443,Science,Science,2026,3,PRIVATE_REFERENCE_ONLY/corpus/PMC7619443/figures/Fig3.webp,web_jpeg,1600,2123,0.754,57.0,ESTIMATED,"assumed single column 57.0 mm (Science instructions for preparing initial manuscript (Wayback 2025-08-10), official_guidelines_audit.csv) because aspect <= 1.25",1,209,"[{""pt"": 2.82, ""n_lines"": 104}, {""pt"": 3.67, ""n_lines"": 46}]",2.82,2.82,3.67,ESTIMATED,,,0.042,5,0.486,0.0527,https://creativecommons.org/licenses/by/4.0/
PMC7619443,Science,Science,2026,4,PRIVATE_REFERENCE_ONLY/corpus/PMC7619443/figures/Fig4.webp,web_jpeg,1600,2133,0.75,57.0,ESTIMATED,"assumed single column 57.0 mm (Science instructions for preparing initial manuscript (Wayback 2025-08-10), official_guidelines_audit.csv) because aspect <= 1.25",1,149,"[{""pt"": 2.26, ""n_lines"": 22}, {""pt"": 2.96, ""n_lines"": 88}, {""pt"": 3.81, ""n_lines"": 19}]",2.26,2.96,3.81,ESTIMATED,,,0.0368,5,0.433,0.0495,https://creativecommons.org/licenses/by/4.0/
PMC7619443,Science,Science,2026,5,PRIVATE_REFERENCE_ONLY/corpus/PMC7619443/figures/Fig5.webp,web_jpeg,1600,1584,1.01,57.0,ESTIMATED,"assumed single column 57.0 mm (Science instructions for preparing initial manuscript (Wayback 2025-08-10), official_guidelines_audit.csv) because aspect <= 1.25",7,117,"[{""pt"": 2.12, ""n_lines"": 14}, {""pt"": 2.96, ""n_lines"": 74}, {""pt"": 3.67, ""n_lines"": 22}]",2.12,2.96,3.67,ESTIMATED,,,0.0159,3,0.463,0.0746,https://creativecommons.org/licenses/by/4.0/
PMC7619443,Science,Science,2026,6,PRIVATE_REFERENCE_ONLY/corpus/PMC7619443/figures/Fig6.webp,web_jpeg,1600,2198,0.728,57.0,ESTIMATED,"assumed single column 57.0 mm (Science instructions for preparing initial manuscript (Wayback 2025-08-10), official_guidelines_audit.csv) because aspect <= 1.25",1,126,"[{""pt"": 2.26, ""n_lines"": 20}, {""pt"": 3.1, ""n_lines"": 70}]",2.26,3.1,3.1,ESTIMATED,1.62,,0.1389,3,0.695,0.2549,https://creativecommons.org/licenses/by/4.0/
PMC9765455,Science Translational Medicine,Science,2023,1,PRIVATE_REFERENCE_ONLY/corpus/PMC9765455/figures/Fig1.jpg,web_jpeg,763,553,1.38,184.0,ESTIMATED,"assumed full width 184.0 mm (Science instructions for preparing initial manuscript (Wayback 2025-08-10), official_guidelines_audit.csv) because aspect > 1.25",1,115,"[{""pt"": 4.77, ""n_lines"": 17}, {""pt"": 6.68, ""n_lines"": 92}]",4.77,6.68,6.68,ESTIMATED,0.68,,0.0641,4,0.601,0.1904,https://creativecommons.org/licenses/by/4.0/
PMC9765455,Science Translational Medicine,Science,2023,2,PRIVATE_REFERENCE_ONLY/corpus/PMC9765455/figures/Fig2.gif,web_jpeg,100,105,0.952,57.0,ESTIMATED,"assumed single column 57.0 mm (Science instructions for preparing initial manuscript (Wayback 2025-08-10), official_guidelines_audit.csv) because aspect <= 1.25",1,0,[],,,,ESTIMATED,,,0.043,2,0.49,0.0137,https://creativecommons.org/licenses/by/4.0/
PMC9765455,Science Translational Medicine,Science,2023,3,PRIVATE_REFERENCE_ONLY/corpus/PMC9765455/figures/Fig3.gif,web_jpeg,126,80,1.575,184.0,ESTIMATED,"assumed full width 184.0 mm (Science instructions for preparing initial manuscript (Wayback 2025-08-10), official_guidelines_audit.csv) because aspect > 1.25",1,0,[],,,,ESTIMATED,,,0.0036,0,0.0,0.0153,https://creativecommons.org/licenses/by/4.0/
PMC9765455,Science Translational Medicine,Science,2023,4,PRIVATE_REFERENCE_ONLY/corpus/PMC9765455/figures/Fig4.gif,web_jpeg,100,82,1.22,57.0,ESTIMATED,"assumed single column 57.0 mm (Science instructions for preparing initial manuscript (Wayback 2025-08-10), official_guidelines_audit.csv) because aspect <= 1.25",1,0,[],,,,ESTIMATED,,,0.0457,3,0.55,0.0296,https://creativecommons.org/licenses/by/4.0/
PMC9765455,Science Translational Medicine,Science,2023,5,PRIVATE_REFERENCE_ONLY/corpus/PMC9765455/figures/Fig5.gif,web_jpeg,100,105,0.952,57.0,ESTIMATED,"assumed single column 57.0 mm (Science instructions for preparing initial manuscript (Wayback 2025-08-10), official_guidelines_audit.csv) because aspect <= 1.25",1,0,[],,,,ESTIMATED,,,0.1607,1,0.335,0.2038,https://creativecommons.org/licenses/by/4.0/
PMC9765459,Science Translational Medicine,Science,2023,1,PRIVATE_REFERENCE_ONLY/corpus/PMC9765459/figures/Fig1.gif,web_jpeg,108,80,1.35,184.0,ESTIMATED,"assumed full width 184.0 mm (Science instructions for preparing initial manuscript (Wayback 2025-08-10), official_guidelines_audit.csv) because aspect > 1.25",1,1,[],,,,ESTIMATED,,,0.019,2,0.406,0.0216,https://creativecommons.org/licenses/by/4.0/
PMC9765459,Science Translational Medicine,Science,2023,2,PRIVATE_REFERENCE_ONLY/corpus/PMC9765459/figures/Fig2.jpg,web_jpeg,788,1018,0.774,57.0,ESTIMATED,"assumed single column 57.0 mm (Science instructions for preparing initial manuscript (Wayback 2025-08-10), official_guidelines_audit.csv) because aspect <= 1.25",8,97,"[{""pt"": 2.58, ""n_lines"": 93}]",2.58,2.58,2.58,ESTIMATED,,,0.0088,2,0.695,0.0215,https://creativecommons.org/licenses/by/4.0/
PMC9765459,Science Translational Medicine,Science,2023,3,PRIVATE_REFERENCE_ONLY/corpus/PMC9765459/figures/Fig3.jpg,web_jpeg,780,639,1.221,57.0,ESTIMATED,"assumed single column 57.0 mm (Science instructions for preparing initial manuscript (Wayback 2025-08-10), official_guidelines_audit.csv) because aspect <= 1.25",4,86,"[{""pt"": 2.03, ""n_lines"": 75}]",2.03,2.03,2.03,ESTIMATED,1.45,,0.1501,4,0.565,0.0416,https://creativecommons.org/licenses/by/4.0/
PMC9765459,Science Translational Medicine,Science,2023,4,PRIVATE_REFERENCE_ONLY/corpus/PMC9765459/figures/Fig4.gif,web_jpeg,101,80,1.262,184.0,ESTIMATED,"assumed full width 184.0 mm (Science instructions for preparing initial manuscript (Wayback 2025-08-10), official_guidelines_audit.csv) because aspect > 1.25",1,0,[],,,,ESTIMATED,,,0.0287,2,0.396,0.0,https://creativecommons.org/licenses/by/4.0/
PMC9765459,Science Translational Medicine,Science,2023,5,PRIVATE_REFERENCE_ONLY/corpus/PMC9765459/figures/Fig5.jpg,web_jpeg,800,583,1.372,184.0,ESTIMATED,"assumed full width 184.0 mm (Science instructions for preparing initial manuscript (Wayback 2025-08-10), official_guidelines_audit.csv) because aspect > 1.25",4,16,"[{""pt"": 8.2, ""n_lines"": 9}, {""pt"": 11.84, ""n_lines"": 5}]",8.2,8.2,11.84,ESTIMATED,3.91,,0.0136,2,0.687,0.0188,https://creativecommons.org/licenses/by/4.0/
PMC9765459,Science Translational Medicine,Science,2023,6,PRIVATE_REFERENCE_ONLY/corpus/PMC9765459/figures/Fig6.gif,web_jpeg,133,80,1.663,184.0,ESTIMATED,"assumed full width 184.0 mm (Science instructions for preparing initial manuscript (Wayback 2025-08-10), official_guidelines_audit.csv) because aspect > 1.25",5,0,[],,,,ESTIMATED,,,0.0124,2,0.394,0.0,https://creativecommons.org/licenses/by/4.0/
PMC9765459,Science Translational Medicine,Science,2023,7,PRIVATE_REFERENCE_ONLY/corpus/PMC9765459/figures/Fig7.gif,web_jpeg,100,178,0.562,57.0,ESTIMATED,"assumed single column 57.0 mm (Science instructions for preparing initial manuscript (Wayback 2025-08-10), official_guidelines_audit.csv) because aspect <= 1.25",1,0,[],,,,ESTIMATED,,,0.1263,2,0.451,0.1492,https://creativecommons.org/licenses/by/4.0/
PMC9765459,Science Translational Medicine,Science,2023,8,PRIVATE_REFERENCE_ONLY/corpus/PMC9765459/figures/Fig8.jpg,web_jpeg,700,430,1.628,184.0,ESTIMATED,"assumed full width 184.0 mm (Science instructions for preparing initial manuscript (Wayback 2025-08-10), official_guidelines_audit.csv) because aspect > 1.25",1,30,"[{""pt"": 6.24, ""n_lines"": 6}, {""pt"": 9.37, ""n_lines"": 6}, {""pt"": 11.45, ""n_lines"": 7}, {""pt"": 12.49, ""n_lines"": 6}]",6.24,11.45,12.49,ESTIMATED,,,0.0339,1,0.737,0.0594,https://creativecommons.org/licenses/by/4.0/
