journal,paper_id,year,DOI,figure_number,panel,representation,number_of_groups,approximate_n_per_group,raw_points_visible,summary,summary_source,error,error_source,marker_size_relative,marker_edge,marker_fill,jitter_style,bar_width,box_width,palette_type,control_color_behavior,statistical_annotation,p_display,axis_style,legend_style,n_label,zero_baseline,physical_panel_size,confidence_of_measurement,notes,image_path,reviewer
Nature Biotechnology,PMC13050621,2026,10.1038/s41587-025-02833-3,3,d,bar+points,3x7,2/3/3,yes,mean,caption,SD,caption,small,dark,open,centered,wide,na,multi_categorical,coloured,none,none,LB,inside,in_caption,yes,medium,high,Grouped FPKM bars for 7 pluripotency genes x 3 sample types; open circle/triangle replicate markers sit on top of each bar; bars within a group touch,PRIVATE_REFERENCE_ONLY/corpus/PMC13050621/figures/Fig3.webp,gc_nature
Nature Biotechnology,PMC13050621,2026,10.1038/s41587-025-02833-3,3,f,violin,3,unknown,no,none,none,none,none,na,na,na,na,na,na,multi_categorical,coloured,bracket+p_value,exact,LB,none,none,no,medium,high,"Violin only, no interior box or median line; three brackets with exact Wilcoxon P values (P = 8 x 10-15, P = 0.1); y axis extends below zero",PRIVATE_REFERENCE_ONLY/corpus/PMC13050621/figures/Fig3.webp,gc_nature
Nature Biotechnology,PMC13050621,2026,10.1038/s41587-025-02833-3,3,g,bar+points,2x5,3/3,yes,mean,caption,SD,caption,small,dark,open,centered,wide,na,multi_categorical,coloured,none,none,LB,outside,in_caption,yes,medium,high,Two-colour grouped bars for hypoblast and area opaca markers; small open replicate markers over bars; legend to the right of the panel,PRIVATE_REFERENCE_ONLY/corpus/PMC13050621/figures/Fig3.webp,gc_nature
Nature Communications,PMC13562594,2026,10.1038/s41467-026-77485-1,3,b/1,dot_strip+summary,5,1/4/4/4/4,yes,mean,caption,none,none,medium,same_colour,open,jitter,na,na,monochrome_black,black,bracket+p_value,exact,LB,none,in_caption,yes,medium,medium,"open diamonds black, thick horizontal bar = mean; -Chx reference group has single point at 100%; 4 independent experiments",PRIVATE_REFERENCE_ONLY/corpus/PMC13562594/figures/Fig3.webp,gc_nature
Nature Communications,PMC13562594,2026,10.1038/s41467-026-77485-1,3,b/2,dot_strip+summary,5,1/4/4/4/4,yes,mean,caption,none,none,medium,same_colour,open,jitter,na,na,single_accent,coloured,bracket+p_value,exact,LB,none,in_caption,yes,medium,medium,"open diamonds orange, thick horizontal bar = mean; -Chx reference group has single point at 100%; 4 independent experiments",PRIVATE_REFERENCE_ONLY/corpus/PMC13562594/figures/Fig3.webp,gc_nature
Nature Communications,PMC13562594,2026,10.1038/s41467-026-77485-1,3,b/3,dot_strip+summary,5,1/4/4/4/4,yes,mean,caption,none,none,medium,same_colour,open,jitter,na,na,single_accent,coloured,bracket+p_value,exact,LB,none,in_caption,yes,medium,medium,"open diamonds green, thick horizontal bar = mean; -Chx reference group has single point at 100%; 4 independent experiments",PRIVATE_REFERENCE_ONLY/corpus/PMC13562594/figures/Fig3.webp,gc_nature
Nature Communications,PMC13562594,2026,10.1038/s41467-026-77485-1,4,c/1,dot_strip+summary,2,32/30,yes,mean,caption,SD,caption,small,none,filled,jitter,na,na,multi_categorical,grey,bracket+p_value,exact,box,none,below_category,yes,small,high,"each dot = one mouse; grey vs olive points; horizontal line mean, vertical line SD",PRIVATE_REFERENCE_ONLY/corpus/PMC13562594/figures/Fig4.webp,gc_nature
Nature Communications,PMC13562594,2026,10.1038/s41467-026-77485-1,4,c/2,dot_strip+summary,2,13/13,yes,mean,caption,SD,caption,small,none,filled,jitter,na,na,single_accent,coloured,bracket+p_value,exact,box,none,below_category,yes,small,high,"each dot = one mouse; orange points; horizontal line mean, vertical line SD",PRIVATE_REFERENCE_ONLY/corpus/PMC13562594/figures/Fig4.webp,gc_nature
Nature Communications,PMC13562594,2026,10.1038/s41467-026-77485-1,4,c/3,dot_strip+summary,2,17/18,yes,mean,caption,SD,caption,small,none,filled,jitter,na,na,single_accent,coloured,bracket+p_value,exact,box,none,below_category,yes,small,high,"each dot = one mouse; orange points; horizontal line mean, vertical line SD",PRIVATE_REFERENCE_ONLY/corpus/PMC13562594/figures/Fig4.webp,gc_nature
Nature Communications,PMC13562594,2026,10.1038/s41467-026-77485-1,4,c/4,dot_strip+summary,2,12/13,yes,mean,caption,SD,caption,small,none,filled,jitter,na,na,single_accent,coloured,bracket+p_value,exact,box,none,below_category,yes,small,high,"each dot = one mouse; green points; horizontal line mean, vertical line SD",PRIVATE_REFERENCE_ONLY/corpus/PMC13562594/figures/Fig4.webp,gc_nature
Nature Communications,PMC13562594,2026,10.1038/s41467-026-77485-1,4,c/5,dot_strip+summary,2,16/18,yes,mean,caption,SD,caption,small,none,filled,jitter,na,na,single_accent,coloured,bracket+p_value,exact,box,none,below_category,yes,small,high,"each dot = one mouse; green points; horizontal line mean, vertical line SD",PRIVATE_REFERENCE_ONLY/corpus/PMC13562594/figures/Fig4.webp,gc_nature
Nature Communications,PMC13562594,2026,10.1038/s41467-026-77485-1,6,b,dot_strip,2x3,5/5/5/5/5/5,yes,none,none,none,none,medium,none,filled,jitter,na,na,greys,grey,bracket+p_value,exact,L,none,in_caption,yes,large,medium,"grey triangle markers, DMSO vs Btz within three genotypes, no summary line drawn",PRIVATE_REFERENCE_ONLY/corpus/PMC13562594/figures/Fig6.webp,gc_nature
Nature Communications,PMC13562594,2026,10.1038/s41467-026-77485-1,8,a/1,box,2x3,unknown,no,median,caption,IQR_whiskers,caption,small,none,filled,centered,na,narrow,multi_categorical,grey,none,none,box,above,none,no,small,medium,"cluster 1 z-score box plots, grey DMSO vs purple Btz across 3 genotypes; dots are outliers only",PRIVATE_REFERENCE_ONLY/corpus/PMC13562594/figures/Fig8.webp,gc_nature
Nature Communications,PMC13562594,2026,10.1038/s41467-026-77485-1,8,a/2,box,2x3,unknown,no,median,caption,IQR_whiskers,caption,small,none,filled,centered,na,narrow,multi_categorical,grey,none,none,box,above,none,no,small,medium,"cluster 2 z-score box plots, grey DMSO vs purple Btz across 3 genotypes; dots are outliers only",PRIVATE_REFERENCE_ONLY/corpus/PMC13562594/figures/Fig8.webp,gc_nature
Nature Communications,PMC13562594,2026,10.1038/s41467-026-77485-1,8,a/3,box,2x3,unknown,no,median,caption,IQR_whiskers,caption,small,none,filled,centered,na,narrow,multi_categorical,grey,none,none,box,above,none,no,small,medium,"cluster 3 z-score box plots, grey DMSO vs purple Btz across 3 genotypes; dots are outliers only",PRIVATE_REFERENCE_ONLY/corpus/PMC13562594/figures/Fig8.webp,gc_nature
Nature Communications,PMC13562594,2026,10.1038/s41467-026-77485-1,8,a/4,box,2x3,unknown,no,median,caption,IQR_whiskers,caption,small,none,filled,centered,na,narrow,multi_categorical,grey,none,none,box,above,none,no,small,medium,"cluster 4 z-score box plots, grey DMSO vs purple Btz across 3 genotypes; dots are outliers only",PRIVATE_REFERENCE_ONLY/corpus/PMC13562594/figures/Fig8.webp,gc_nature
Nature Communications,PMC13562594,2026,10.1038/s41467-026-77485-1,8,c/1,dot_strip+summary,2x2,3/3/3/3,yes,mean,inferred,none,none,medium,same_colour,open,jitter,na,na,multi_categorical,coloured,p_value_only,exact,LB,none,in_caption,yes,medium,medium,"Pak1 RT-qPCR, open diamonds (orange H77L / green C118F) with black mean bar, p values printed as text",PRIVATE_REFERENCE_ONLY/corpus/PMC13562594/figures/Fig8.webp,gc_nature
Nature Communications,PMC13562594,2026,10.1038/s41467-026-77485-1,8,c/2,dot_strip+summary,2x2,3/3/3/3,yes,mean,inferred,none,none,medium,same_colour,open,jitter,na,na,multi_categorical,coloured,p_value_only,exact,LB,none,in_caption,yes,medium,medium,"Flna RT-qPCR, open diamonds (orange H77L / green C118F) with black mean bar, p values printed as text",PRIVATE_REFERENCE_ONLY/corpus/PMC13562594/figures/Fig8.webp,gc_nature
Nature Communications,PMC13562594,2026,10.1038/s41467-026-77485-1,8,c/3,dot_strip+summary,2x2,3/3/3/3,yes,mean,inferred,none,none,medium,same_colour,open,jitter,na,na,multi_categorical,coloured,p_value_only,exact,LB,none,in_caption,yes,medium,medium,"Serping1 RT-qPCR, open diamonds (orange H77L / green C118F) with black mean bar, p values printed as text",PRIVATE_REFERENCE_ONLY/corpus/PMC13562594/figures/Fig8.webp,gc_nature
Nature Communications,PMC13562594,2026,10.1038/s41467-026-77485-1,8,c/4,dot_strip+summary,2x2,3/3/3/3,yes,mean,inferred,none,none,medium,same_colour,open,jitter,na,na,multi_categorical,coloured,p_value_only,exact,LB,none,in_caption,yes,medium,medium,"Mustn1 RT-qPCR, open diamonds (orange H77L / green C118F) with black mean bar, p values printed as text",PRIVATE_REFERENCE_ONLY/corpus/PMC13562594/figures/Fig8.webp,gc_nature
Nature Biotechnology,PMC13368582,2026,10.1038/s41587-025-02797-4,4,a,bar,5x5,unknown,no,mean,caption,none,none,na,na,na,na,wide,na,multi_categorical,na,none,none,LB,outside,none,yes,medium,medium,"Mean flux per reaction; five growth-condition bars (colour) per reaction, in vitro vs in vivo coded by diagonal hatching; no error bars; significance only stated in caption",PRIVATE_REFERENCE_ONLY/corpus/PMC13368582/figures/Fig4.jpg,gc_nature
Nature Biotechnology,PMC13368582,2026,10.1038/s41587-025-02797-4,4,b,bar,5x6,unknown,no,mean,caption,none,none,na,na,na,na,wide,na,multi_categorical,na,none,none,LB,inside,none,yes,medium,medium,Same style as a for glycolysis reactions; some bars negative so bars run both sides of the zero line; hatched fills for in vitro,PRIVATE_REFERENCE_ONLY/corpus/PMC13368582/figures/Fig4.jpg,gc_nature
Nature Biotechnology,PMC13368582,2026,10.1038/s41587-025-02797-4,4,c,bar,2x6,unknown,no,mean,caption,none,none,na,na,na,na,wide,na,multi_categorical,coloured,none,none,LB,outside,none,yes,medium,medium,Cheek (blue) vs scalp (yellow) paired bars for six reactions; y axis starts at 0 but bars all near axis maximum,PRIVATE_REFERENCE_ONLY/corpus/PMC13368582/figures/Fig4.jpg,gc_nature
Nature Biotechnology,PMC13368582,2026,10.1038/s41587-025-02797-4,4,d/1,bar,2x7,unknown,no,mean,caption,none,none,na,na,na,na,wide,na,multi_categorical,coloured,none,none,LB,outside,none,yes,small,medium,"Histidine metabolism subpanel; cheek vs scalp bars, most categories have only one visible bar; values both positive and negative",PRIVATE_REFERENCE_ONLY/corpus/PMC13368582/figures/Fig4.jpg,gc_nature
Nature Biotechnology,PMC13368582,2026,10.1038/s41587-025-02797-4,4,d/2,bar,2x4,unknown,no,mean,caption,none,none,na,na,na,na,wide,na,multi_categorical,coloured,none,none,LB,outside,none,yes,small,medium,Proline/glutamate subpanel of panel d; same cheek vs scalp two-colour bars,PRIVATE_REFERENCE_ONLY/corpus/PMC13368582/figures/Fig4.jpg,gc_nature
Nature Biotechnology,PMC13368582,2026,10.1038/s41587-025-02797-4,5,d/1,box,6,caption:4/4/8/4,no,median,caption,IQR_whiskers,caption,small,dark,filled,none,na,medium,outline_only,white_or_open,bracket+p_value,mixed,LB,none,in_caption,no,small,medium,"Pro-IL-1B HiBiT box plots; white boxes with black outline, only outlier points drawn; three brackets with exact Dunn P values plus NS labels; two media controls (0.2% Triton X, BHI) then four species",PRIVATE_REFERENCE_ONLY/corpus/PMC13368582/figures/Fig5.jpg,gc_nature
Nature Biotechnology,PMC13368582,2026,10.1038/s41587-025-02797-4,5,d/2,box,6,caption:4/4/8/4,no,median,caption,IQR_whiskers,caption,small,dark,filled,none,na,medium,outline_only,white_or_open,bracket+p_value,mixed,LB,none,in_caption,no,small,medium,"Cleaved IL-1B ELISA box plots, same styling as d/1; outliers shown as small filled dots beyond whiskers",PRIVATE_REFERENCE_ONLY/corpus/PMC13368582/figures/Fig5.jpg,gc_nature
Nature Communications,PMC13562520,2026,10.1038/s41467-026-77555-4,1,E,bar+points,4x2,~10/~25/~10/~18/~9/~22/~10/~9,yes,mean,caption,SEM,caption,small,dark,open,jitter,medium,na,single_accent,coloured,none,none,LB,inside,none,yes,small,high,"open blue bars = beta-arr1 WT, filled = deltaCTD; error bars with caps; points are open circles",PRIVATE_REFERENCE_ONLY/corpus/PMC13562520/figures/Fig1.webp,gc_nature
Nature Communications,PMC13562520,2026,10.1038/s41467-026-77555-4,1,H,bar+points,4x2,~8/~10/~10/~8/~7/~14/~15/~8,yes,mean,caption,SEM,caption,small,dark,open,jitter,medium,na,single_accent,coloured,none,none,LB,inside,none,yes,small,high,purple version of panel E; open vs filled bars for two constructs,PRIVATE_REFERENCE_ONLY/corpus/PMC13562520/figures/Fig1.webp,gc_nature
Nature Communications,PMC13562520,2026,10.1038/s41467-026-77555-4,2,B,bar+points,7x2,~8-25 per bar,yes,mean,caption,SEM,caption,small,dark,open,jitter,medium,na,multi_categorical,coloured,none,none,LB,above,none,yes,medium,high,"each receptor own colour; open bar = WT beta-arr1, filled = deltaCTD; legend in black/white above plot",PRIVATE_REFERENCE_ONLY/corpus/PMC13562520/figures/Fig2.webp,gc_nature
Nature Communications,PMC13562520,2026,10.1038/s41467-026-77555-4,2,E/1,bar+points,2,~15/~15,yes,mean,caption,SEM,caption,small,dark,open,jitter,medium,na,single_accent,na,none,none,LB,none,none,yes,small,high,"red bars, receptor channel; 1 step vs 2 steps",PRIVATE_REFERENCE_ONLY/corpus/PMC13562520/figures/Fig2.webp,gc_nature
Nature Communications,PMC13562520,2026,10.1038/s41467-026-77555-4,2,E/2,bar+points,2,~15/~15,yes,mean,caption,SEM,caption,small,dark,open,jitter,medium,na,single_accent,na,none,none,LB,none,none,yes,small,high,"green bars, beta-arr1 channel",PRIVATE_REFERENCE_ONLY/corpus/PMC13562520/figures/Fig2.webp,gc_nature
Nature Communications,PMC13562520,2026,10.1038/s41467-026-77555-4,2,F/1,bar+points,2,~10/~10,yes,mean,caption,SEM,caption,small,dark,open,jitter,medium,na,single_accent,na,none,none,LB,none,none,yes,small,high,red bars V2R receptor channel,PRIVATE_REFERENCE_ONLY/corpus/PMC13562520/figures/Fig2.webp,gc_nature
Nature Communications,PMC13562520,2026,10.1038/s41467-026-77555-4,2,F/2,bar+points,2,~10/~10,yes,mean,caption,SEM,caption,small,dark,open,jitter,medium,na,single_accent,na,none,none,LB,none,none,yes,small,high,green bars V2R beta-arr1 channel,PRIVATE_REFERENCE_ONLY/corpus/PMC13562520/figures/Fig2.webp,gc_nature
Nature Communications,PMC13562520,2026,10.1038/s41467-026-77555-4,2,G,bar+points,5,~10/~13/~6/~8/~9,yes,mean,caption,SEM,caption,small,dark,open,jitter,medium,na,multi_categorical,coloured,none,none,LB,none,none,yes,medium,high,"4 receptors, mGluR8 shown as open and filled bar (WT vs deltaCTD) so 5 bars",PRIVATE_REFERENCE_ONLY/corpus/PMC13562520/figures/Fig2.webp,gc_nature
Nature Communications,PMC13562520,2026,10.1038/s41467-026-77555-4,2,H,bar+points,5,~9/~13/~7/~7/~10,yes,mean,caption,SEM,caption,small,dark,open,jitter,medium,na,multi_categorical,coloured,none,none,LB,above,none,yes,medium,high,same layout as G; legend box above right of panel,PRIVATE_REFERENCE_ONLY/corpus/PMC13562520/figures/Fig2.webp,gc_nature
Nature Communications,PMC13562520,2026,10.1038/s41467-026-77555-4,2,K,bar+points,3x2,~10/~10/~10/~10/~12/~20,yes,mean,caption,SEM,caption,small,dark,open,jitter,medium,na,multi_categorical,coloured,none,none,LB,inside,none,yes,small,high,grey/blue/purple per receptor; open = Galphai1 WT filled = Ins4A,PRIVATE_REFERENCE_ONLY/corpus/PMC13562520/figures/Fig2.webp,gc_nature
Nature Communications,PMC13562520,2026,10.1038/s41467-026-77555-4,2,L,bar+points,3,~12/~12/~16,yes,mean,caption,SEM,caption,small,dark,open,jitter,medium,na,multi_categorical,coloured,none,none,LB,none,none,yes,small,high,grey/blue/purple bars,PRIVATE_REFERENCE_ONLY/corpus/PMC13562520/figures/Fig2.webp,gc_nature
Nature Communications,PMC13562520,2026,10.1038/s41467-026-77555-4,3,A,bar+points,13x2,~3-5 per bar,yes,mean,caption,SEM,caption,small,dark,open,jitter,medium,na,single_accent,coloured,none,none,LB,inside,none,yes,medium,high,WT + 12 mutants x (open WT beta-arr1 / filled deltaCTD) purple; horizontal reference lines at WT means; sequence schematic above,PRIVATE_REFERENCE_ONLY/corpus/PMC13562520/figures/Fig3.webp,gc_nature
Nature Communications,PMC13562520,2026,10.1038/s41467-026-77555-4,3,D/1,bar+points,2,7/10,yes,mean,caption,SEM,caption,small,dark,filled,jitter,medium,na,single_accent,coloured,bracket+p_value,threshold,LB,none,none,yes,small,high,black filled points on purple bars; p<0.001,PRIVATE_REFERENCE_ONLY/corpus/PMC13562520/figures/Fig3.webp,gc_nature
Nature Communications,PMC13562520,2026,10.1038/s41467-026-77555-4,3,D/2,bar+points,2,3/3,yes,mean,caption,SEM,caption,medium,dark,filled,jitter,medium,na,single_accent,coloured,bracket+p_value,threshold,LB,none,none,yes,small,high,"internalization %, p<0.001",PRIVATE_REFERENCE_ONLY/corpus/PMC13562520/figures/Fig3.webp,gc_nature
Nature Communications,PMC13562520,2026,10.1038/s41467-026-77555-4,3,G,dot_strip,2x2,3/3/3/3,yes,none,none,none,none,medium,dark,mixed,centered,na,na,monochrome_black,white_or_open,line+p_value,exact,L,none,none,yes,small,medium,"paired before/after plot with connecting lines (Control open, +Glu filled); p=0.014 and p=0.029 lines above each pair; receptor schematics above",PRIVATE_REFERENCE_ONLY/corpus/PMC13562520/figures/Fig3.webp,gc_nature
Nature Communications,PMC13562520,2026,10.1038/s41467-026-77555-4,4,A,bar+points,6,3/3/3/3/3/3,yes,mean,caption,SEM,caption,medium,dark,open,jitter,medium,na,single_accent,coloured,line+p_value,exact,LB,none,none,yes,medium,high,purple bars; horizontal line at 0 with axis extending to -10; p=0.0019 etc over pairs; cartoons above bars,PRIVATE_REFERENCE_ONLY/corpus/PMC13562520/figures/Fig4.webp,gc_nature
Nature Communications,PMC13562520,2026,10.1038/s41467-026-77555-4,4,E,bar+points,2,10/10,yes,mean,caption,SEM,caption,small,dark,open,jitter,medium,na,outline_only,na,bracket+p_value,exact,LB,none,none,yes,small,high,open purple outlined bars trans vs cis; p=0.001,PRIVATE_REFERENCE_ONLY/corpus/PMC13562520/figures/Fig4.webp,gc_nature
Nature Communications,PMC13562520,2026,10.1038/s41467-026-77555-4,5,A,bar+points,5,4/4/4/3/3,yes,mean,caption,SEM,caption,medium,dark,open,jitter,medium,na,single_accent,coloured,line+p_value,mixed,LB,none,none,yes,medium,high,light purple bars with grey outline; first bar grey; p<0.001 and p=0.023 mixed; multiple comparison lines stacked,PRIVATE_REFERENCE_ONLY/corpus/PMC13562520/figures/Fig5.webp,gc_nature
Nature Communications,PMC13562520,2026,10.1038/s41467-026-77555-4,5,D,bar+points,3,~12/~12/~10,yes,mean,caption,SEM,caption,small,dark,open,jitter,medium,na,single_accent,grey,bracket+p_value,threshold,LB,none,none,yes,small,high,control bar grey with open points; p<0.001 brackets,PRIVATE_REFERENCE_ONLY/corpus/PMC13562520/figures/Fig5.webp,gc_nature
Nature Communications,PMC13562520,2026,10.1038/s41467-026-77555-4,5,E/1,bar+points,2,~8/~8,yes,mean,caption,SEM,caption,small,dark,open,jitter,medium,na,single_accent,na,none,none,LB,none,none,yes,small,high,red bars receptor channel 1 step vs 2 steps,PRIVATE_REFERENCE_ONLY/corpus/PMC13562520/figures/Fig5.webp,gc_nature
Nature Communications,PMC13562520,2026,10.1038/s41467-026-77555-4,5,E/2,bar+points,2,~8/~8,yes,mean,caption,SEM,caption,small,dark,open,jitter,medium,na,single_accent,na,none,none,LB,none,none,yes,small,high,green bars beta-arr1 channel,PRIVATE_REFERENCE_ONLY/corpus/PMC13562520/figures/Fig5.webp,gc_nature
Nature Communications,PMC13562520,2026,10.1038/s41467-026-77555-4,5,F,bar+points,2,5/10,yes,mean,caption,SEM,caption,small,dark,open,jitter,medium,na,single_accent,coloured,none,none,LB,none,none,yes,small,high,light purple bars,PRIVATE_REFERENCE_ONLY/corpus/PMC13562520/figures/Fig5.webp,gc_nature
Nature Communications,PMC13562520,2026,10.1038/s41467-026-77555-4,6,D,bar+points,3x3,~14/~11/~10/~10/~10/~9/~5/~5/~5,yes,mean,caption,SEM,caption,small,dark,open,jitter,medium,na,multi_categorical,white_or_open,none,none,LB,none,none,yes,medium,high,three receptor sub-blocks separated by dotted vertical lines; first bar of each block open outline; colours purple/brown/grey,PRIVATE_REFERENCE_ONLY/corpus/PMC13562520/figures/Fig6.webp,gc_nature
Nature Communications,PMC13562520,2026,10.1038/s41467-026-77555-4,6,E,bar+points,2x3,~10/~12/~9/~8/~10/~6,yes,mean,caption,SEM,caption,small,dark,open,jitter,medium,na,multi_categorical,white_or_open,none,none,LB,none,none,yes,medium,high,mGluR8 vs V2R blocks separated by vertical line,PRIVATE_REFERENCE_ONLY/corpus/PMC13562520/figures/Fig6.webp,gc_nature
Nature Communications,PMC13562520,2026,10.1038/s41467-026-77555-4,7,A,violin,10x2,unknown,no,unknown,none,none,none,na,na,na,na,na,medium,multi_categorical,na,none,none,LB,inside,none,yes,medium,medium,"scRNA-seq expression violins (Arrb1 green, Arrb2 red) across neuronal classes; no points or summary marks; dashed vertical divider glutamatergic vs GABAergic",PRIVATE_REFERENCE_ONLY/corpus/PMC13562520/figures/Fig7.webp,gc_nature
Nature Communications,PMC13562520,2026,10.1038/s41467-026-77555-4,7,G,bar+points,2,~8/~10,yes,mean,caption,SEM,caption,small,dark,open,jitter,medium,na,outline_only,white_or_open,bracket+p_value,threshold,LB,none,none,yes,small,high,open bars with brown/purple outline; p<0.001,PRIVATE_REFERENCE_ONLY/corpus/PMC13562520/figures/Fig7.webp,gc_nature
Nature Communications,PMC13562520,2026,10.1038/s41467-026-77555-4,8,D,bar+points,3,~10/~16/~16,yes,mean,caption,SEM,caption,small,dark,open,jitter,medium,na,greys,grey,none,none,LB,none,none,yes,small,high,three grey shades; two-row category label table under x axis,PRIVATE_REFERENCE_ONLY/corpus/PMC13562520/figures/Fig8.webp,gc_nature
Nature Communications,PMC13562520,2026,10.1038/s41467-026-77555-4,8,E,bar+points,2x4,~20/~20/~18/~17/~17/~16/~18/~17,yes,mean,caption,SEM,caption,small,dark,open,jitter,medium,na,multi_categorical,na,none,none,LB,none,none,yes,medium,high,"red = beta-arr1, green = Galphai1; 1 vs 2 bleaching steps per protein; dotted red reference lines; two blocks divided by vertical line",PRIVATE_REFERENCE_ONLY/corpus/PMC13562520/figures/Fig8.webp,gc_nature
Nature Methods,PMC13442000,2026,10.1038/s41592-026-03176-w,1,d,bar,14x2,unknown,no,unknown,none,none,none,na,na,na,na,medium,na,single_accent,grey,none,none,LB,inside,none,yes,large,medium,"grouped dark/light bars over 14 insertion sites, single measurement",PRIVATE_REFERENCE_ONLY/corpus/PMC13442000/figures/Fig1.jpg,gc_nature
Nature Methods,PMC13442000,2026,10.1038/s41592-026-03176-w,1,e/1,bar,5x2,unknown,no,unknown,none,none,none,na,na,na,na,medium,na,single_accent,grey,none,none,LB,inside,none,yes,medium,medium,linker variants dark vs light,PRIVATE_REFERENCE_ONLY/corpus/PMC13442000/figures/Fig1.jpg,gc_nature
Nature Methods,PMC13442000,2026,10.1038/s41592-026-03176-w,1,e/2,bar,5x2,unknown,no,unknown,none,none,none,na,na,na,na,medium,na,single_accent,grey,none,none,LB,inside,none,yes,medium,medium,C-terminal truncation variants dark vs light,PRIVATE_REFERENCE_ONLY/corpus/PMC13442000/figures/Fig1.jpg,gc_nature
Nature Methods,PMC13442000,2026,10.1038/s41592-026-03176-w,1,h,bar+points,3x2,caption:n=3,yes,mean,caption,SD,caption,small,none,filled,centered,medium,na,single_accent,grey,none,none,LB,inside,in_caption,yes,small,medium,"fold-change text labels above bars, not statistics",PRIVATE_REFERENCE_ONLY/corpus/PMC13442000/figures/Fig1.jpg,gc_nature
Nature Methods,PMC13442000,2026,10.1038/s41592-026-03176-w,3,c,bar+points,4,19/21/26/15,yes,mean,caption,SEM,caption,small,dark,open,jitter,medium,na,multi_categorical,black,bracket+stars,stars,LB,outside,in_caption,yes,small,high,mEPSC frequency; n.s. text also used,PRIVATE_REFERENCE_ONLY/corpus/PMC13442000/figures/Fig3.jpg,gc_nature
Nature Methods,PMC13442000,2026,10.1038/s41592-026-03176-w,3,d,bar+points,4,19/21/26/15,yes,mean,caption,SEM,caption,small,dark,open,jitter,medium,na,multi_categorical,black,bracket+stars,stars,LB,outside,in_caption,yes,small,high,mEPSC amplitude; shares legend with c,PRIVATE_REFERENCE_ONLY/corpus/PMC13442000/figures/Fig3.jpg,gc_nature
Nature Methods,PMC13442000,2026,10.1038/s41592-026-03176-w,3,h,bar+points,2,14/14,yes,mean,caption,SEM,caption,small,dark,open,jitter,medium,na,single_accent,grey,line+stars,stars,LB,none,in_caption,yes,small,high,I-O slope dark vs light,PRIVATE_REFERENCE_ONLY/corpus/PMC13442000/figures/Fig3.jpg,gc_nature
Nature Methods,PMC13442000,2026,10.1038/s41592-026-03176-w,3,o,bar+points,2,~12/~12,yes,mean,inferred,SEM,inferred,small,dark,open,jitter,medium,na,single_accent,grey,line+stars,stars,LB,outside,none,yes,small,medium,ChrimsonR vs ChrimsonR+LATeNT amplitude,PRIVATE_REFERENCE_ONLY/corpus/PMC13442000/figures/Fig3.jpg,gc_nature
Nature Methods,PMC13442000,2026,10.1038/s41592-026-03176-w,3,s,bar+points,2,4/4,yes,mean,inferred,SEM,inferred,small,dark,filled,jitter,medium,na,single_accent,grey,line+stars,stars,LB,outside,none,yes,small,medium,ipsilateral vs contralateral cVAMP2 puncta,PRIVATE_REFERENCE_ONLY/corpus/PMC13442000/figures/Fig3.jpg,gc_nature
Nature Methods,PMC13442000,2026,10.1038/s41592-026-03176-w,4,d,bar+points,3,3/3/3,yes,mean,caption,SEM,caption,small,dark,open,centered,medium,na,single_accent,grey,bracket+stars,stars,LB,outside,in_caption,yes,small,high,c-Fos cells per mm2; SE/EE/EE+light,PRIVATE_REFERENCE_ONLY/corpus/PMC13442000/figures/Fig4.jpg,gc_nature
Nature Methods,PMC13442000,2026,10.1038/s41592-026-03176-w,4,i,bar+points,3x2,8/8,yes,mean,caption,SEM,caption,small,dark,open,jitter,narrow,na,single_accent,grey,bracket+stars,stars,LB,above,in_caption,yes,small,medium,three EPM trials x control/LATeNT; dashed dividers between trials,PRIVATE_REFERENCE_ONLY/corpus/PMC13442000/figures/Fig4.jpg,gc_nature
Nature Methods,PMC13442000,2026,10.1038/s41592-026-03176-w,5,j,bar+points,4,3/3/3/3,yes,mean,caption,SD,caption,small,dark,filled,centered,medium,na,greys,grey,bracket+stars,mixed,LB,none,below_category,yes,small,medium,GSIS; +/- Dox and +/- light indicated in table below axis; n.s. text and ** used,PRIVATE_REFERENCE_ONLY/corpus/PMC13442000/figures/Fig5.jpg,gc_nature
Nature Methods,PMC13442000,2026,10.1038/s41592-026-03176-w,6,d,bar+points,3x2,caption:n=4,yes,mean,caption,SD,caption,small,dark,filled,centered,medium,na,single_accent,grey,none,none,LB,inside,in_caption,yes,small,medium,SEAP activity; fold-change text labels above bars,PRIVATE_REFERENCE_ONLY/corpus/PMC13442000/figures/Fig6.jpg,gc_nature
Nature Cell Biology,PMC13364638,2026,10.1038/s41556-026-01986-w,6,b,dot_strip+summary,3,~25/~30/~30,yes,mean,caption,SEM,caption,small,none,filled,jitter,na,na,multi_categorical,coloured,p_value_only,exact,LB,none,none,no,small,medium,"Mean branch length; WT teal, MID49 KO #1 mauve, KO #2 tan; short horizontal mean line with small s.e.m. whiskers behind the cloud; two exact P values printed above the two KO columns, no brackets",PRIVATE_REFERENCE_ONLY/corpus/PMC13364638/figures/Fig6.jpg,gc_nature
Nature Cell Biology,PMC13364638,2026,10.1038/s41556-026-01986-w,6,c,dot_strip+summary,3,~25/~30/~30,yes,mean,caption,SEM,caption,small,none,filled,jitter,na,na,multi_categorical,coloured,p_value_only,exact,LB,none,none,no,small,medium,Circularity; same dot-strip style as b,PRIVATE_REFERENCE_ONLY/corpus/PMC13364638/figures/Fig6.jpg,gc_nature
Nature Cell Biology,PMC13364638,2026,10.1038/s41556-026-01986-w,6,d,dot_strip+summary,3,~25/~30/~30,yes,mean,caption,SEM,caption,small,none,filled,jitter,na,na,multi_categorical,coloured,p_value_only,exact,LB,none,none,no,small,medium,Perimeter; same dot-strip style as b,PRIVATE_REFERENCE_ONLY/corpus/PMC13364638/figures/Fig6.jpg,gc_nature
Nature Cell Biology,PMC13364638,2026,10.1038/s41556-026-01986-w,6,e,dot_strip+summary,3,~25/~30/~30,yes,mean,caption,SEM,caption,small,none,filled,jitter,na,na,multi_categorical,coloured,p_value_only,exact,LB,none,none,no,small,medium,Contour area; same dot-strip style as b; P = 0.0709 printed as an exact value rather than ns,PRIVATE_REFERENCE_ONLY/corpus/PMC13364638/figures/Fig6.jpg,gc_nature
Nature Cell Biology,PMC13364638,2026,10.1038/s41556-026-01986-w,6,m,box+points,2,3/3,yes,median,inferred,IQR_whiskers,inferred,medium,none,filled,centered,na,medium,multi_categorical,coloured,p_value_only,exact,LB,none,none,no,small,medium,"Diffusion coefficients, one dot per independent experiment; open white box with thin black outline behind coloured dots; P = 0.9953 printed above",PRIVATE_REFERENCE_ONLY/corpus/PMC13364638/figures/Fig6.jpg,gc_nature
Nature Cell Biology,PMC13364638,2026,10.1038/s41556-026-01986-w,7,b,dot_strip+summary,2,~40/~30,yes,mean,caption,SEM,caption,small,same_colour,filled,jitter,na,na,multi_categorical,coloured,p_value_only,exact,LB,none,none,no,small,medium,"Mean branch length WT (pale green) vs DRP1 R376E (dark purple); horizontal mean line across each cloud; exact P value printed above, no bracket",PRIVATE_REFERENCE_ONLY/corpus/PMC13364638/figures/Fig7.jpg,gc_nature
Nature Cell Biology,PMC13364638,2026,10.1038/s41556-026-01986-w,7,c,dot_strip+summary,2,~40/~30,yes,mean,caption,SEM,caption,small,same_colour,filled,jitter,na,na,multi_categorical,coloured,p_value_only,exact,LB,none,none,no,small,medium,Perimeter; same two-colour dot-strip style as b,PRIVATE_REFERENCE_ONLY/corpus/PMC13364638/figures/Fig7.jpg,gc_nature
Nature Cell Biology,PMC13364638,2026,10.1038/s41556-026-01986-w,7,d,dot_strip+summary,2,~40/~30,yes,mean,caption,SEM,caption,small,same_colour,filled,jitter,na,na,multi_categorical,coloured,p_value_only,exact,LB,none,none,no,small,medium,Circularity; same style; non-significant result still shown as exact P = 0.7,PRIVATE_REFERENCE_ONLY/corpus/PMC13364638/figures/Fig7.jpg,gc_nature
Nature Cell Biology,PMC13364638,2026,10.1038/s41556-026-01986-w,7,e,dot_strip+summary,2,~40/~30,yes,mean,caption,SEM,caption,small,same_colour,filled,jitter,na,na,multi_categorical,coloured,p_value_only,exact,LB,none,none,no,small,medium,Contour area; same style as b,PRIVATE_REFERENCE_ONLY/corpus/PMC13364638/figures/Fig7.jpg,gc_nature
Nature Cell Biology,PMC13364683,2026,10.1038/s41556-026-01982-0,1,h/1,violin+points,2,caption:n=351/319,yes,none,inferred,none,none,small,none,filled,jitter,na,medium,multi_categorical,coloured,p_value_only,exact,LB,none,below_category,yes,small,medium,"raincloud style: jittered points left, half violin right; teal DMSO vs orange A485; P<2.2e-16 text at top; image only 722 px wide so axis style uncertain",PRIVATE_REFERENCE_ONLY/corpus/PMC13364683/figures/Fig1.jpg,gc_nature
Nature Cell Biology,PMC13364683,2026,10.1038/s41556-026-01982-0,1,h/2,violin+points,2,caption:n=352/313,yes,none,inferred,none,none,small,none,filled,jitter,na,medium,multi_categorical,coloured,p_value_only,exact,LB,none,below_category,yes,small,medium,FGFR2 ecDNA version of h/1,PRIVATE_REFERENCE_ONLY/corpus/PMC13364683/figures/Fig1.jpg,gc_nature
Nature Cell Biology,PMC13364683,2026,10.1038/s41556-026-01982-0,2,c,violin+points,2x2,caption:n=187/127/171/152,yes,none,inferred,none,none,small,none,filled,jitter,na,medium,multi_categorical,coloured,bracket+p_value,exact,LB,none,below_category,yes,medium,medium,"half violin + jittered points; pre-mitosis vs post-mitosis blocks; P=0.80, 3.0e-10, 2.7e-13 with brackets",PRIVATE_REFERENCE_ONLY/corpus/PMC13364683/figures/Fig2.jpg,gc_nature
Nature Cell Biology,PMC13364683,2026,10.1038/s41556-026-01982-0,2,g,violin+points,3,caption:n=209/165/185,yes,none,inferred,none,none,small,none,filled,jitter,na,medium,multi_categorical,coloured,p_value_only,exact,LB,none,below_category,yes,small,medium,teal/blue/pink; P=0.69 and P=5.5e-3 as text above groups,PRIVATE_REFERENCE_ONLY/corpus/PMC13364683/figures/Fig2.jpg,gc_nature
Nature Cell Biology,PMC13364683,2026,10.1038/s41556-026-01982-0,4,c,violin+points,2,caption:n=142/166,yes,none,inferred,none,none,small,none,filled,jitter,na,medium,multi_categorical,coloured,p_value_only,exact,LB,none,below_category,yes,small,medium,"teal sgNon-Peak vs orange sgPeaks; P=6.9e-5 text; Fig5c stacked composition bar skipped per spec, Fig5f week axis skipped",PRIVATE_REFERENCE_ONLY/corpus/PMC13364683/figures/Fig4.jpg,gc_nature
Nature,PMC13558077,2026,10.1038/s41586-026-10886-w,2,f,bar+points,4x2,3/3/3/3/3/3/3/3,yes,mean,caption,SD,caption,medium,dark,open,jitter,medium,na,multi_categorical,white_or_open,bracket+p_value,exact,L,none,in_caption,yes,small,high,"bars outlined black, filled white/orange/blue/magenta per gRNA; Abema -/+ row under axis; coloured underlines for groups; P=0.0515, 0.0079, 0.0010",PRIVATE_REFERENCE_ONLY/corpus/PMC13558077/figures/Fig2.webp,gc_nature
Nature,PMC13558077,2026,10.1038/s41586-026-10886-w,2,g,bar+points,3x2,3/3/3/3/3/3,yes,mean,caption,SD,caption,medium,dark,open,jitter,medium,na,multi_categorical,white_or_open,bracket+p_value,mixed,L,none,in_caption,yes,small,high,"P<0.0001, P=0.0002, P=0.8405; mean z-score mini bar strips in e/i skipped (heatmap annotation, not group comparison)",PRIVATE_REFERENCE_ONLY/corpus/PMC13558077/figures/Fig2.webp,gc_nature
Nature,PMC13558077,2026,10.1038/s41586-026-10886-w,3,f/1,bar+points,4,3/3/3/3,yes,mean,caption,SD,caption,medium,dark,open,jitter,medium,na,outline_only,white_or_open,bracket+p_value,threshold,L,none,in_caption,yes,small,high,MCF7 parent relative CCND1 log2; open black-outlined bars; dashed line at 0; bars extend negative; three P<0.0001 brackets stacked,PRIVATE_REFERENCE_ONLY/corpus/PMC13558077/figures/Fig3.webp,gc_nature
Nature,PMC13558077,2026,10.1038/s41586-026-10886-w,3,f/2,bar+points,4,3/3/3/3,yes,mean,caption,SD,caption,medium,dark,open,jitter,medium,na,outline_only,white_or_open,bracket+p_value,mixed,L,none,in_caption,yes,small,high,"MCF7 ESR1 Y537S control siRNA; P<0.0001, P=0.276, P=0.0146",PRIVATE_REFERENCE_ONLY/corpus/PMC13558077/figures/Fig3.webp,gc_nature
Nature,PMC13558077,2026,10.1038/s41586-026-10886-w,3,f/3,bar+points,4,3/3/3/3,yes,mean,caption,SD,caption,medium,dark,filled,jitter,medium,na,outline_only,na,none,none,L,none,in_caption,yes,small,medium,"siCCND1-1/-2 groups, all bars negative from dashed zero line; points yellow-filled with dark edge; no stats shown; shares y axis with f/2",PRIVATE_REFERENCE_ONLY/corpus/PMC13558077/figures/Fig3.webp,gc_nature
Nature,PMC13558077,2026,10.1038/s41586-026-10886-w,4,g/1,box+points,2,3/3,yes,median,caption,IQR_whiskers,caption,medium,dark,filled,centered,na,medium,multi_categorical,coloured,none,none,LB,none,in_caption,no,small,medium,"ssGSEA score siControl oestrogen response early; light-blue DMSO box with dark-blue points, light-orange Abema box with orange points; 3 points so box degenerate; P values (ANOVA) only in caption",PRIVATE_REFERENCE_ONLY/corpus/PMC13558077/figures/Fig4.webp,gc_nature
Nature,PMC13558077,2026,10.1038/s41586-026-10886-w,4,g/2,box+points,2,3/3,yes,median,caption,IQR_whiskers,caption,medium,dark,filled,centered,na,medium,multi_categorical,coloured,none,none,LB,none,in_caption,no,small,medium,"ssGSEA score siKDM5A-1 oestrogen response early; light-blue DMSO box with dark-blue points, light-orange Abema box with orange points; 3 points so box degenerate; P values (ANOVA) only in caption",PRIVATE_REFERENCE_ONLY/corpus/PMC13558077/figures/Fig4.webp,gc_nature
Nature,PMC13558077,2026,10.1038/s41586-026-10886-w,4,g/3,box+points,2,3/3,yes,median,caption,IQR_whiskers,caption,medium,dark,filled,centered,na,medium,multi_categorical,coloured,none,none,LB,none,in_caption,no,small,medium,"ssGSEA score siKDM5A-2 oestrogen response early; light-blue DMSO box with dark-blue points, light-orange Abema box with orange points; 3 points so box degenerate; P values (ANOVA) only in caption",PRIVATE_REFERENCE_ONLY/corpus/PMC13558077/figures/Fig4.webp,gc_nature
Nature,PMC13558077,2026,10.1038/s41586-026-10886-w,4,g/4,box+points,2,3/3,yes,median,caption,IQR_whiskers,caption,medium,dark,filled,centered,na,medium,multi_categorical,coloured,none,none,LB,none,in_caption,no,small,medium,"ssGSEA score siControl Frasor response to oestradiol up; light-blue DMSO box with dark-blue points, light-orange Abema box with orange points; 3 points so box degenerate; P values (ANOVA) only in caption",PRIVATE_REFERENCE_ONLY/corpus/PMC13558077/figures/Fig4.webp,gc_nature
Nature,PMC13558077,2026,10.1038/s41586-026-10886-w,4,g/5,box+points,2,3/3,yes,median,caption,IQR_whiskers,caption,medium,dark,filled,centered,na,medium,multi_categorical,coloured,none,none,LB,none,in_caption,no,small,medium,"ssGSEA score siKDM5A-1 Frasor; light-blue DMSO box with dark-blue points, light-orange Abema box with orange points; 3 points so box degenerate; P values (ANOVA) only in caption",PRIVATE_REFERENCE_ONLY/corpus/PMC13558077/figures/Fig4.webp,gc_nature
Nature,PMC13558077,2026,10.1038/s41586-026-10886-w,4,g/6,box+points,2,3/3,yes,median,caption,IQR_whiskers,caption,medium,dark,filled,centered,na,medium,multi_categorical,coloured,none,none,LB,none,in_caption,no,small,medium,"ssGSEA score siKDM5A-2 Frasor; light-blue DMSO box with dark-blue points, light-orange Abema box with orange points; 3 points so box degenerate; P values (ANOVA) only in caption",PRIVATE_REFERENCE_ONLY/corpus/PMC13558077/figures/Fig4.webp,gc_nature
Nature Communications,PMC13554239,2026,10.1038/s41467-026-77191-y,4,Cii,box,6x6,unknown,no,median,caption,IQR_whiskers,caption,na,na,na,na,na,narrow,multi_categorical,grey,none,none,box,none,none,no,medium,medium,"faceted box plots, 6 facets x 6 boxes, distance distributions; no outlier points drawn",PRIVATE_REFERENCE_ONLY/corpus/PMC13554239/figures/Fig4.webp,gc_nature
Nature Communications,PMC13554239,2026,10.1038/s41467-026-77191-y,4,Dii,box,6x6,unknown,no,median,caption,IQR_whiskers,caption,na,na,na,na,na,narrow,multi_categorical,grey,none,none,box,none,none,no,medium,medium,"faceted box plots, endoderm/neural comparison; category colours in strip labels",PRIVATE_REFERENCE_ONLY/corpus/PMC13554239/figures/Fig4.webp,gc_nature
Nature Cell Biology,PMC13364725,2026,10.1038/s41556-026-01991-z,1,b,bar+points,2,caption:6/7,yes,mean,caption,SD,caption,small,none,filled,jitter,medium,na,multi_categorical,coloured,p_value_only,exact,LB,none,in_caption,yes,small,high,"tumour volume, red eIF2a S/S vs blue A/A bars, black dots = individual mice",PRIVATE_REFERENCE_ONLY/corpus/PMC13364725/figures/Fig1.jpg,gc_nature
Nature Cell Biology,PMC13364725,2026,10.1038/s41556-026-01991-z,1,f,violin+points,9,unknown,yes,none,none,none,none,small,none,filled,jitter,na,na,multi_categorical,na,none,none,box,none,in_caption,no,large,medium,"ISR score violins per annotated cell type, dense black dots = single cells (17,919 cells total), no median marker",PRIVATE_REFERENCE_ONLY/corpus/PMC13364725/figures/Fig1.jpg,gc_nature
Nature Cell Biology,PMC13364725,2026,10.1038/s41556-026-01991-z,4,c/1,violin+points,3,unknown,yes,none,none,none,none,small,none,filled,jitter,na,na,multi_categorical,na,none,none,LB,none,in_caption,no,small,medium,"ISR module score violins across 3 clusters, black single-cell dots overlaid",PRIVATE_REFERENCE_ONLY/corpus/PMC13364725/figures/Fig4.jpg,gc_nature
Nature Cell Biology,PMC13364725,2026,10.1038/s41556-026-01991-z,4,c/2,violin+points,3,unknown,yes,none,none,none,none,small,none,filled,jitter,na,na,multi_categorical,na,none,none,LB,none,in_caption,no,small,medium,"MYC module score violins across 3 clusters, black single-cell dots overlaid",PRIVATE_REFERENCE_ONLY/corpus/PMC13364725/figures/Fig4.jpg,gc_nature
Nature Cell Biology,PMC13364725,2026,10.1038/s41556-026-01991-z,4,f,bar+points,2,caption:3/3,yes,mean,caption,SD,caption,small,none,filled,centered,medium,na,multi_categorical,coloured,p_value_only,exact,LB,none,in_caption,yes,small,high,"4E-BP1 %FoV, MycON red vs MycOFF blue; panel e box plots over timepoints skipped as time course",PRIVATE_REFERENCE_ONLY/corpus/PMC13364725/figures/Fig4.jpg,gc_nature
Nature Cell Biology,PMC13364725,2026,10.1038/s41556-026-01991-z,6,a,bar+points,2,caption:5/5,yes,mean,caption,SD,caption,small,none,filled,jitter,medium,na,multi_categorical,coloured,p_value_only,exact,LB,none,in_caption,yes,small,high,"tumour volume control vs ISRIB; panels b (stacked composition), c (per-gene dot plot), d (ranked pathway bars), e (weekly time course) skipped",PRIVATE_REFERENCE_ONLY/corpus/PMC13364725/figures/Fig6.jpg,gc_nature
Nature Cell Biology,PMC13364725,2026,10.1038/s41556-026-01991-z,6,f,bar+points,2,caption:4/4,yes,mean,caption,SD,caption,small,none,filled,centered,medium,na,multi_categorical,coloured,p_value_only,exact,LB,none,in_caption,yes,small,high,"ATF4 H-score, PDX control vs ISRIB",PRIVATE_REFERENCE_ONLY/corpus/PMC13364725/figures/Fig6.jpg,gc_nature
Nature Cell Biology,PMC13364725,2026,10.1038/s41556-026-01991-z,6,g,bar+points,2,caption:4/4,yes,mean,caption,SD,caption,small,none,filled,centered,medium,na,multi_categorical,coloured,p_value_only,exact,LB,none,in_caption,yes,small,high,"4E-BP1 H-score, PDX control vs ISRIB",PRIVATE_REFERENCE_ONLY/corpus/PMC13364725/figures/Fig6.jpg,gc_nature
Nature Cell Biology,PMC13364725,2026,10.1038/s41556-026-01991-z,7,d/1,box,3,caption:41/388/277,no,median,caption,IQR_whiskers,caption,small,none,filled,centered,na,narrow,outline_only,na,bracket+stars,stars,box,none,in_caption,no,small,medium,"facet AT1 like of panel d, signature score by tumour grade G1-G3; white boxes black outline, dots are outliers only; panel d holds 10 facets (figure cap reached)",PRIVATE_REFERENCE_ONLY/corpus/PMC13364725/figures/Fig7.jpg,gc_nature
Nature Cell Biology,PMC13364725,2026,10.1038/s41556-026-01991-z,7,d/2,box,3,caption:41/388/277,no,median,caption,IQR_whiskers,caption,small,none,filled,centered,na,narrow,outline_only,na,bracket+stars,stars,box,none,in_caption,no,small,medium,"facet AT2 like of panel d, signature score by tumour grade G1-G3; white boxes black outline, dots are outliers only; panel d holds 10 facets (figure cap reached)",PRIVATE_REFERENCE_ONLY/corpus/PMC13364725/figures/Fig7.jpg,gc_nature
Nature Cell Biology,PMC13364725,2026,10.1038/s41556-026-01991-z,7,d/3,box,3,caption:41/388/277,no,median,caption,IQR_whiskers,caption,small,none,filled,centered,na,narrow,outline_only,na,bracket+stars,stars,box,none,in_caption,no,small,medium,"facet Club like of panel d, signature score by tumour grade G1-G3; white boxes black outline, dots are outliers only; panel d holds 10 facets (figure cap reached)",PRIVATE_REFERENCE_ONLY/corpus/PMC13364725/figures/Fig7.jpg,gc_nature
Nature Cell Biology,PMC13364725,2026,10.1038/s41556-026-01991-z,7,d/4,box,3,caption:41/388/277,no,median,caption,IQR_whiskers,caption,small,none,filled,centered,na,narrow,outline_only,na,bracket+stars,stars,box,none,in_caption,no,small,medium,"facet High-plasticity of panel d, signature score by tumour grade G1-G3; white boxes black outline, dots are outliers only; panel d holds 10 facets (figure cap reached)",PRIVATE_REFERENCE_ONLY/corpus/PMC13364725/figures/Fig7.jpg,gc_nature
Nature Cell Biology,PMC13364725,2026,10.1038/s41556-026-01991-z,7,d/5,box,3,caption:41/388/277,no,median,caption,IQR_whiskers,caption,small,none,filled,centered,na,narrow,outline_only,na,bracket+stars,stars,box,none,in_caption,no,small,medium,"facet Highly undifferentiated of panel d, signature score by tumour grade G1-G3; white boxes black outline, dots are outliers only; panel d holds 10 facets (figure cap reached)",PRIVATE_REFERENCE_ONLY/corpus/PMC13364725/figures/Fig7.jpg,gc_nature
Nature Cell Biology,PMC13364725,2026,10.1038/s41556-026-01991-z,7,d/6,box,3,caption:41/388/277,no,median,caption,IQR_whiskers,caption,small,none,filled,centered,na,narrow,outline_only,na,none,none,box,none,in_caption,no,small,medium,"facet Hybrid lung/gastric like of panel d, signature score by tumour grade G1-G3; white boxes black outline, dots are outliers only; panel d holds 10 facets (figure cap reached)",PRIVATE_REFERENCE_ONLY/corpus/PMC13364725/figures/Fig7.jpg,gc_nature
Nature Cell Biology,PMC13364725,2026,10.1038/s41556-026-01991-z,7,d/7,box,3,caption:41/388/277,no,median,caption,IQR_whiskers,caption,small,none,filled,centered,na,narrow,outline_only,na,bracket+stars,stars,box,none,in_caption,no,small,medium,"facet ISR of panel d, signature score by tumour grade G1-G3; white boxes black outline, dots are outliers only; panel d holds 10 facets (figure cap reached)",PRIVATE_REFERENCE_ONLY/corpus/PMC13364725/figures/Fig7.jpg,gc_nature
Nature Cell Biology,PMC13364725,2026,10.1038/s41556-026-01991-z,7,d/8,box,3,caption:41/388/277,no,median,caption,IQR_whiskers,caption,small,none,filled,centered,na,narrow,outline_only,na,bracket+stars,stars,box,none,in_caption,no,small,medium,"facet Lung transition of panel d, signature score by tumour grade G1-G3; white boxes black outline, dots are outliers only; panel d holds 10 facets (figure cap reached)",PRIVATE_REFERENCE_ONLY/corpus/PMC13364725/figures/Fig7.jpg,gc_nature
Nature Cell Biology,PMC13364725,2026,10.1038/s41556-026-01991-z,7,d/9,box,3,caption:41/388/277,no,median,caption,IQR_whiskers,caption,small,none,filled,centered,na,narrow,outline_only,na,none,none,box,none,in_caption,no,small,medium,"facet Mito-Dysf of panel d, signature score by tumour grade G1-G3; white boxes black outline, dots are outliers only; panel d holds 10 facets (figure cap reached)",PRIVATE_REFERENCE_ONLY/corpus/PMC13364725/figures/Fig7.jpg,gc_nature
Nature Cell Biology,PMC13364725,2026,10.1038/s41556-026-01991-z,7,d/10,box,3,caption:41/388/277,no,median,caption,IQR_whiskers,caption,small,none,filled,centered,na,narrow,outline_only,na,bracket+stars,stars,box,none,in_caption,no,small,medium,"facet Pre-EMT of panel d, signature score by tumour grade G1-G3; white boxes black outline, dots are outliers only; panel d holds 10 facets (figure cap reached)",PRIVATE_REFERENCE_ONLY/corpus/PMC13364725/figures/Fig7.jpg,gc_nature
Nature Methods,PMC13545012,2026,10.1038/s41592-026-03211-w,2,d,bar,6,unknown,no,none,none,none,none,na,na,na,na,medium,na,multi_categorical,na,none,none,LB,outside,none,yes,medium,high,"read counts per processing step, simulated data, one bar per category",PRIVATE_REFERENCE_ONLY/corpus/PMC13545012/figures/Fig2.webp,gc_nature
Nature Methods,PMC13545012,2026,10.1038/s41592-026-03211-w,2,e,bar,7,unknown,no,none,none,none,none,na,na,na,na,medium,na,multi_categorical,na,none,none,LB,outside,none,yes,medium,high,"same design as panel d, concatenated-read simulation",PRIVATE_REFERENCE_ONLY/corpus/PMC13545012/figures/Fig2.webp,gc_nature
Nature Methods,PMC13545012,2026,10.1038/s41592-026-03211-w,2,f,bar,2x2,unknown,no,none,none,none,none,na,na,na,na,narrow,na,multi_categorical,na,none,none,LB,inside,none,yes,medium,high,"precision and recall bars for two simulation types, pastel fills",PRIVATE_REFERENCE_ONLY/corpus/PMC13545012/figures/Fig2.webp,gc_nature
Nature Methods,PMC13545012,2026,10.1038/s41592-026-03211-w,3,a/2,bar,5,unknown,no,none,none,none,none,na,na,na,na,medium,na,greys,grey,none,none,LB,none,none,yes,small,medium,ancillary horizontal read-count bar plot beside heatmap in same panel,PRIVATE_REFERENCE_ONLY/corpus/PMC13545012/figures/Fig3.webp,gc_nature
Nature Methods,PMC13545012,2026,10.1038/s41592-026-03211-w,3,d,box,2,caption:n=3,no,median,caption,IQR_whiskers,caption,na,na,na,na,na,narrow,greys,grey,bracket+p_value,exact,LB,none,in_caption,no,small,high,"grey-filled boxes, whiskers 1.5x IQR, Welch two-sided t-test",PRIVATE_REFERENCE_ONLY/corpus/PMC13545012/figures/Fig3.webp,gc_nature
Nature Methods,PMC13545012,2026,10.1038/s41592-026-03211-w,3,g,box,2,caption:n=3,no,median,caption,IQR_whiskers,caption,na,na,na,na,na,narrow,greys,grey,bracket+p_value,exact,LB,none,in_caption,no,small,high,same styling as panel d,PRIVATE_REFERENCE_ONLY/corpus/PMC13545012/figures/Fig3.webp,gc_nature
Nature Methods,PMC13545012,2026,10.1038/s41592-026-03211-w,3,h/2,bar,5,unknown,no,none,none,none,none,na,na,na,na,medium,na,greys,grey,none,none,LB,none,none,yes,small,medium,ancillary horizontal read-count bars beside heatmap,PRIVATE_REFERENCE_ONLY/corpus/PMC13545012/figures/Fig3.webp,gc_nature
Nature Methods,PMC13545012,2026,10.1038/s41592-026-03211-w,3,i/2,bar,5,unknown,no,none,none,none,none,na,na,na,na,medium,na,greys,grey,none,none,LB,none,none,yes,small,medium,ancillary horizontal read-count bars beside heatmap,PRIVATE_REFERENCE_ONLY/corpus/PMC13545012/figures/Fig3.webp,gc_nature
Nature Methods,PMC13545012,2026,10.1038/s41592-026-03211-w,3,j/2,bar,4,unknown,no,none,none,none,none,na,na,na,na,medium,na,greys,grey,none,none,LB,none,none,yes,small,medium,ancillary horizontal read-count bars beside heatmap,PRIVATE_REFERENCE_ONLY/corpus/PMC13545012/figures/Fig3.webp,gc_nature
Nature Methods,PMC13545012,2026,10.1038/s41592-026-03211-w,4,b,bar,5x4,unknown,no,none,none,none,none,na,na,na,na,narrow,na,multi_categorical,na,none,none,LB,outside,none,yes,medium,medium,"grouped bars per cell type, each bar shaded light/dark for novel vs known isoforms",PRIVATE_REFERENCE_ONLY/corpus/PMC13545012/figures/Fig4.webp,gc_nature
Nature Methods,PMC13545012,2026,10.1038/s41592-026-03211-w,4,c,bar,3x4,unknown,no,none,caption,CI,caption,na,na,na,na,narrow,na,multi_categorical,na,none,none,LB,none,none,yes,medium,high,"each bar a single proportion with 95% Wilson CI, legend shared with panel b",PRIVATE_REFERENCE_ONLY/corpus/PMC13545012/figures/Fig4.webp,gc_nature
Nature Methods,PMC13545012,2026,10.1038/s41592-026-03211-w,4,g,dot_strip,4x4,4/4/4/4,yes,none,none,none,none,medium,none,filled,centered,na,na,multi_categorical,na,none,none,LB,none,none,no,small,medium,"one dot per dataset per cortical layer, no summary bar or line",PRIVATE_REFERENCE_ONLY/corpus/PMC13545012/figures/Fig4.webp,gc_nature
Nature Methods,PMC13545012,2026,10.1038/s41592-026-03211-w,5,b,bar+points,3x2,1-3 per bar,yes,mean,caption,none,none,small,none,same_colour,centered,narrow,na,multi_categorical,na,none,none,LB,inside,none,yes,medium,medium,"horizontal bars, pastel fill with darker same-hue replicate dots at bar tip",PRIVATE_REFERENCE_ONLY/corpus/PMC13545012/figures/Fig5.webp,gc_nature
Nature Methods,PMC13545012,2026,10.1038/s41592-026-03211-w,5,c,bar+points,3x2,1-3 per bar,yes,mean,inferred,none,none,small,none,same_colour,centered,narrow,na,multi_categorical,na,none,none,LB,none,none,yes,medium,medium,"horizontal bars with overlaid replicate dots, legend shared with panel b",PRIVATE_REFERENCE_ONLY/corpus/PMC13545012/figures/Fig5.webp,gc_nature
Nature Methods,PMC13545012,2026,10.1038/s41592-026-03211-w,5,e,bar,5x4,unknown,no,none,none,none,none,na,na,na,na,narrow,na,multi_categorical,na,none,none,LB,outside,none,yes,medium,medium,grouped bars shaded light/dark for novel vs known isoforms,PRIVATE_REFERENCE_ONLY/corpus/PMC13545012/figures/Fig5.webp,gc_nature
Nature Methods,PMC13545012,2026,10.1038/s41592-026-03211-w,5,f,bar,5x4,unknown,no,none,caption,CI,caption,na,na,na,na,narrow,na,multi_categorical,na,none,none,LB,none,none,yes,medium,high,each bar a single proportion with 95% Wilson CI,PRIVATE_REFERENCE_ONLY/corpus/PMC13545012/figures/Fig5.webp,gc_nature
Nature Methods,PMC13545012,2026,10.1038/s41592-026-03211-w,5,i,bar,2,unknown,no,none,none,none,none,na,na,na,na,medium,na,single_accent,na,bracket+stars,stars,LB,none,none,yes,medium,high,"horizontal bars, observed vs expected overlap, Fisher exact test stars",PRIVATE_REFERENCE_ONLY/corpus/PMC13545012/figures/Fig5.webp,gc_nature
Nature Communications,PMC13562589,2026,10.1038/s41467-026-77731-6,2,a/1,bar+points,4,2/3,yes,mean,caption,SD,caption,small,none,filled,centered,medium,na,single_accent,coloured,none,none,LB,none,in_caption,yes,small,medium,"Melting temperature bars for four MHCI cysteine mutants, light purple fill, 2-3 navy replicate dots per bar, broken y axis with white gap, category labels rotated 45 deg",PRIVATE_REFERENCE_ONLY/corpus/PMC13562589/figures/Fig2.webp,gc_nature
Nature Communications,PMC13562589,2026,10.1038/s41467-026-77731-6,2,a/2,bar+points,4,2/3,yes,mean,caption,SD,caption,small,none,filled,centered,medium,na,single_accent,coloured,none,none,LB,none,in_caption,yes,small,medium,"Melting temperature bars for four ERp57/Tsn variants, dark purple fill, otherwise identical to a/1; broken y axis",PRIVATE_REFERENCE_ONLY/corpus/PMC13562589/figures/Fig2.webp,gc_nature
Nature Communications,PMC13562589,2026,10.1038/s41467-026-77731-6,2,c,bar+points,3,2/3,yes,mean,caption,SD,caption,small,none,filled,centered,medium,na,single_accent,coloured,none,none,LB,none,in_caption,yes,small,medium,"Apparent k_on bars (right-hand plot of panel c), light purple fill, replicate dots centred on each bar, SD whiskers with caps",PRIVATE_REFERENCE_ONLY/corpus/PMC13562589/figures/Fig2.webp,gc_nature
Nature Communications,PMC13562589,2026,10.1038/s41467-026-77731-6,2,d,bar+points,6,2/3,yes,mean,caption,SD,caption,small,none,filled,centered,medium,na,single_accent,coloured,none,none,LB,none,in_caption,yes,small,medium,"Fold-change bars, blue fill, 6 conditions including the w/o Tsn reference bar at 1.0 drawn in the same colour",PRIVATE_REFERENCE_ONLY/corpus/PMC13562589/figures/Fig2.webp,gc_nature
Nature Communications,PMC13562589,2026,10.1038/s41467-026-77731-6,2,e,bar+points,6,2/3,yes,mean,caption,SD,caption,small,none,filled,centered,medium,na,single_accent,coloured,none,none,LB,none,in_caption,yes,small,medium,"Fold-change bars, teal fill, same layout as d",PRIVATE_REFERENCE_ONLY/corpus/PMC13562589/figures/Fig2.webp,gc_nature
Nature Communications,PMC13562589,2026,10.1038/s41467-026-77731-6,2,f,bar+points,6,2/3,yes,mean,caption,SD,caption,small,none,filled,centered,medium,na,single_accent,coloured,none,none,LB,none,in_caption,yes,small,medium,"Fold-change bars, green fill, same layout as d",PRIVATE_REFERENCE_ONLY/corpus/PMC13562589/figures/Fig2.webp,gc_nature
Nature Biotechnology,PMC13461361,2026,10.1038/s41587-025-02830-6,3,d/1,box,3x12,unknown,no,median,caption,IQR_whiskers,caption,na,na,na,na,na,narrow,multi_categorical,coloured,stars_only,stars,LB,in_caption,in_caption,no,small,medium,"Cross-mucosa (CM) grouped box plots: proximal/middle/distal (blue/orange/green) for each of ~12 cell types; boxes very narrow and touching within a cell-type group; FDR stars printed above, no brackets",PRIVATE_REFERENCE_ONLY/corpus/PMC13461361/figures/Fig3.jpg,gc_nature
Nature Biotechnology,PMC13461361,2026,10.1038/s41587-025-02830-6,3,d/2,box,3x7,unknown,no,median,caption,IQR_whiskers,caption,na,na,na,na,na,narrow,multi_categorical,coloured,stars_only,stars,LB,in_caption,in_caption,no,small,medium,"MEI grouped box plots, same styling as d/1 with ~7 cell types",PRIVATE_REFERENCE_ONLY/corpus/PMC13461361/figures/Fig3.jpg,gc_nature
Nature Biotechnology,PMC13461361,2026,10.1038/s41587-025-02830-6,3,e/1,box,3,caption:6/2/6,no,median,caption,IQR_whiskers,caption,na,na,na,na,na,medium,multi_categorical,coloured,none,none,LB,in_caption,in_caption,no,small,low,Horizontal box plots of goblet-cell fraction from cSplotch for proximal/middle/distal; boxes stacked vertically with x axis at bottom; small marks left of the boxes could not be resolved at web resolution,PRIVATE_REFERENCE_ONLY/corpus/PMC13461361/figures/Fig3.jpg,gc_nature
Nature Biotechnology,PMC13461361,2026,10.1038/s41587-025-02830-6,3,e/2,box,3,caption:6/2/6,no,median,caption,IQR_whiskers,caption,na,na,na,na,na,medium,multi_categorical,coloured,none,none,LB,in_caption,in_caption,no,small,low,"Horizontal box plots of scaled IF intensity per unit area, same three regional colours as e/1",PRIVATE_REFERENCE_ONLY/corpus/PMC13461361/figures/Fig3.jpg,gc_nature
Nature communications,PMC12775072,2025,10.1038/s41467-025-67906-y,3,a,box,13,unknown,no,median,inferred,IQR_whiskers,inferred,na,na,na,na,na,medium,multi_categorical,na,none,none,box,outside,none,no,large,medium,ggplot2-style boxplots of PC2 by site x sex; only outlier points shown as black dots; caption says mean values and bracketed n but image shows box medians and no n labels; green shaded background marks Unterwoelbling groups; per-category fill colours duplicated in legend,../make_my_plot/figure_library/nature/2025_Furtwngler_tracing_social_mechanisms_and_interregio/figures/fig03_Fig3.jpg,gc_nature
Nature communications,PMC12775072,2025,10.1038/s41467-025-67906-y,3,b,box,7x3,unknown,no,median,inferred,IQR_whiskers,inferred,na,na,na,na,na,medium,multi_categorical,na,none,none,box,outside,none,no,large,medium,"grouped ggplot2 boxplots of ancestry component amounts per site (3 components: AnatoliaNeolithic red, WHG green, YamnayaSamara blue); outliers as black dots; caption says means indicated by lines but boxes show medians; green shaded region",../make_my_plot/figure_library/nature/2025_Furtwngler_tracing_social_mechanisms_and_interregio/figures/fig03_Fig3.jpg,gc_nature
Nature,PMC13558045,2026,10.1038/s41586-026-10941-6,2,p1,bar,3,caption:n=20,no,mean,caption,SD,caption,na,na,na,na,narrow,na,multi_categorical,coloured,none,none,LB,none,in_caption,yes,medium,medium,unlettered figure; bar chart is an inset on a schematic; physical-science measurement not biological,PRIVATE_REFERENCE_ONLY/corpus/PMC13558045/figures/Fig2.webp,gc_nature
Nature Biotechnology,PMC13461361,2026,10.1038/s41587-025-02830-6,2,b,dot_strip,13,caption:88,yes,none,none,none,none,small,none,filled,jitter,na,na,single_accent,na,none,none,LB,none,in_caption,no,medium,medium,"Prediction error per cell type, n = 88 annotated spots per cell type drawn as a jittered blue strip; no median or mean line drawn; y axis centred on zero",PRIVATE_REFERENCE_ONLY/corpus/PMC13461361/figures/Fig2.jpg,gc_nature
Nature Biotechnology,PMC13461361,2026,10.1038/s41587-025-02830-6,2,i/1,bar+points,5,caption:4,yes,mean,caption,CI,caption,small,none,filled,centered,medium,na,single_accent,white_or_open,none,none,LB,none,in_caption,yes,small,medium,"Scaled IF intensity for Epcam across five MROIs; bars shaded white to red along the MROI axis, small dark replicate dots on each bar, 95% CI whiskers",PRIVATE_REFERENCE_ONLY/corpus/PMC13461361/figures/Fig2.jpg,gc_nature
Nature Biotechnology,PMC13461361,2026,10.1038/s41587-025-02830-6,2,i/2,bar+points,5,caption:4,yes,mean,caption,CI,caption,small,none,filled,centered,medium,na,single_accent,white_or_open,none,none,LB,none,in_caption,yes,small,medium,"Scaled IF intensity for Tff3, same white-to-red bar ramp and replicate dots",PRIVATE_REFERENCE_ONLY/corpus/PMC13461361/figures/Fig2.jpg,gc_nature
Nature Biotechnology,PMC13461361,2026,10.1038/s41587-025-02830-6,2,i/3,bar+points,5,caption:3,yes,mean,caption,CI,caption,small,none,filled,centered,medium,na,single_accent,white_or_open,none,none,LB,none,in_caption,yes,small,medium,"Scaled IF intensity for Sma, same styling",PRIVATE_REFERENCE_ONLY/corpus/PMC13461361/figures/Fig2.jpg,gc_nature
Nature Biotechnology,PMC13461361,2026,10.1038/s41587-025-02830-6,2,i/4,bar+points,5,caption:4,yes,mean,caption,CI,caption,small,none,filled,centered,medium,na,single_accent,white_or_open,none,none,LB,none,in_caption,yes,small,medium,"Scaled IF intensity for Cd48, same styling",PRIVATE_REFERENCE_ONLY/corpus/PMC13461361/figures/Fig2.jpg,gc_nature
Nature Biotechnology,PMC13461361,2026,10.1038/s41587-025-02830-6,2,m/1,bar+points,2,3/3,yes,mean,inferred,unknown,none,small,dark,filled,centered,medium,na,single_accent,white_or_open,none,none,LB,none,none,yes,small,medium,"Pdgfra IF intensity, fibroblast (red bar) vs nonfibroblast (white bar with black outline), three dark replicate dots per bar, short error whiskers of unstated type",PRIVATE_REFERENCE_ONLY/corpus/PMC13461361/figures/Fig2.jpg,gc_nature
Nature Biotechnology,PMC13461361,2026,10.1038/s41587-025-02830-6,2,m/2,bar+points,2,3/3,yes,mean,inferred,unknown,none,small,dark,filled,centered,medium,na,single_accent,white_or_open,none,none,LB,none,none,yes,small,medium,"Prdx6 IF intensity, goblet (red bar) vs nongoblet (white bar), same styling as m/1",PRIVATE_REFERENCE_ONLY/corpus/PMC13461361/figures/Fig2.jpg,gc_nature
Nature Communications,PMC13558581,2026,10.1038/s41467-026-72182-5,1,d,box+points,2,caption:12317/4548,yes,median,caption,IQR_whiskers,caption,small,none,filled,jitter,na,medium,outline_only,na,stars_only,stars,LB,none,above_category,yes,small,high,"closed vs open chromatin, white boxes with dense small grey points, **** printed without bracket",PRIVATE_REFERENCE_ONLY/corpus/PMC13558581/figures/Fig1.webp,gc_nature
Nature Communications,PMC13558581,2026,10.1038/s41467-026-72182-5,3,b,box+points,3x7,2/4/8/16/19/39/52/90/101/102/103/119/122/125/171/179 (varies by gene),yes,median,caption,IQR_whiskers,caption,small,none,filled,jitter,na,narrow,multi_categorical,white_or_open,line+stars,mixed,box,inside,below_category,no,medium,medium,"expression of 7 TSGs, wt (white) vs hemizygous loss (grey) vs Epi2Hit (red); per-group n printed beside each box; - denotes ns",PRIVATE_REFERENCE_ONLY/corpus/PMC13558581/figures/Fig3.webp,gc_nature
Nature Communications,PMC13558581,2026,10.1038/s41467-026-72182-5,3,f,box+points,2,24/121,yes,median,caption,IQR_whiskers,caption,small,none,filled,jitter,na,medium,single_accent,white_or_open,p_value_only,exact,box,none,below_category,no,small,medium,"APC expression, low (white box) vs high (red box) eCpG methylation",PRIVATE_REFERENCE_ONLY/corpus/PMC13558581/figures/Fig3.webp,gc_nature
Nature Communications,PMC13558581,2026,10.1038/s41467-026-72182-5,3,g,box+points,2x9,caption:168/168,yes,median,caption,IQR_whiskers,caption,small,none,filled,jitter,na,narrow,multi_categorical,na,line+stars,mixed,LB,inside,in_caption,yes,large,medium,"methylation beta-values at 9 CpG sites, high (blue) vs low (red) expression; - denotes ns, * at eCpG",PRIVATE_REFERENCE_ONLY/corpus/PMC13558581/figures/Fig3.webp,gc_nature
Nature Communications,PMC13558581,2026,10.1038/s41467-026-72182-5,4,b,box+points,2,caption:48/55,yes,median,caption,IQR_whiskers,caption,small,dark,mixed,jitter,na,medium,single_accent,white_or_open,p_value_only,exact,LB,none,above_category,no,small,high,"MYC expression ZFHX3 WT (white box, open points) vs Epi2Hit (red box, filled points); panels d (ranked gene bars), e (stacked composition) and f (KM) skipped",PRIVATE_REFERENCE_ONLY/corpus/PMC13558581/figures/Fig4.webp,gc_nature
Nature Communications,PMC13558581,2026,10.1038/s41467-026-72182-5,5,c,box+points,2,caption:113/103,yes,median,caption,IQR_whiskers,caption,medium,none,filled,jitter,na,medium,multi_categorical,na,bracket+stars,stars,LB,none,in_caption,yes,medium,medium,"distance to closest essential gene, homozygous loss (blue box) vs Epi2Hit (red box), grey points overlaid",PRIVATE_REFERENCE_ONLY/corpus/PMC13558581/figures/Fig5.webp,gc_nature
Nature Communications,PMC13558581,2026,10.1038/s41467-026-72182-5,5,e,box+points,2,caption:104/143,yes,median,caption,IQR_whiskers,caption,medium,none,filled,jitter,na,medium,multi_categorical,na,bracket+stars,stars,LB,none,in_caption,no,medium,medium,"average expression of TSGs (pink box) vs essential genes (blue box), grey points overlaid",PRIVATE_REFERENCE_ONLY/corpus/PMC13558581/figures/Fig5.webp,gc_nature
Nature Biotechnology,PMC13461362,2026,10.1038/s41587-025-02809-3,2,h,box,2,caption:n=3,no,median,caption,IQR_whiskers,caption,na,na,na,na,na,medium,multi_categorical,na,none,none,LB,inside,in_caption,no,small,medium,"blue/orange filled boxes, mean drawn as circle inside box, x axis labelled by excitation wavelength",PRIVATE_REFERENCE_ONLY/corpus/PMC13461362/figures/Fig2.jpg,gc_nature
Nature Biotechnology,PMC13461362,2026,10.1038/s41587-025-02809-3,3,c,bar+points,2x2,3/3/3/3,yes,mean,caption,SD,caption,small,dark,mixed,jitter,medium,na,greys,white_or_open,none,none,LB,inside,in_caption,yes,small,medium,"white vs grey bars before/after FACS, replicate dots overlaid",PRIVATE_REFERENCE_ONLY/corpus/PMC13461362/figures/Fig3.jpg,gc_nature
Nature Biotechnology,PMC13461362,2026,10.1038/s41587-025-02809-3,3,g,bar+points,3,3/3/3,yes,mean,caption,SD,caption,small,dark,open,jitter,medium,na,outline_only,white_or_open,bracket+stars,stars,box,none,in_caption,yes,medium,medium,"open outlined bars, replicate dots, two significance brackets, one-way ANOVA",PRIVATE_REFERENCE_ONLY/corpus/PMC13461362/figures/Fig3.jpg,gc_nature
Nature Biotechnology,PMC13461362,2026,10.1038/s41587-025-02809-3,3,h,bar+points,2,12/12,yes,mean,caption,SD,caption,small,dark,open,jitter,medium,na,outline_only,white_or_open,bracket+stars,stars,box,none,in_caption,no,medium,medium,"logistic-regression coefficient, actual vs shuffled control, open circles",PRIVATE_REFERENCE_ONLY/corpus/PMC13461362/figures/Fig3.jpg,gc_nature
Nature Biotechnology,PMC13461362,2026,10.1038/s41587-025-02809-3,3,i,bar+points,2,12/12,yes,mean,caption,SD,caption,small,dark,open,jitter,medium,na,outline_only,white_or_open,bracket+stars,stars,box,none,in_caption,yes,medium,medium,"model accuracy, actual vs shuffled control",PRIVATE_REFERENCE_ONLY/corpus/PMC13461362/figures/Fig3.jpg,gc_nature
Nature Biotechnology,PMC13461362,2026,10.1038/s41587-025-02809-3,4,f,dot_strip+summary,4,4/5/5/4,yes,median,caption,SD,caption,medium,dark,filled,centered,na,na,monochrome_black,black,bracket+stars,mixed,box,none,in_caption,yes,medium,high,"black markers with different shapes per group, long line = median, short lines = s.d., NS and star brackets",PRIVATE_REFERENCE_ONLY/corpus/PMC13461362/figures/Fig4.jpg,gc_nature
Nature Biotechnology,PMC13461362,2026,10.1038/s41587-025-02809-3,5,a,bar+points,2x2,8/8/8/8,yes,mean,caption,SEM,caption,small,dark,mixed,jitter,medium,na,greys,white_or_open,bracket+stars,ns_text,LB,inside,in_caption,yes,medium,medium,"open-white vs grey bars, hybrids vs no hybrids at two test days, NS over brackets",PRIVATE_REFERENCE_ONLY/corpus/PMC13461362/figures/Fig5.jpg,gc_nature
Nature Biotechnology,PMC13461362,2026,10.1038/s41587-025-02809-3,5,b,bar+points,2x2,8/8/8/8,yes,mean,caption,SEM,caption,small,dark,mixed,jitter,medium,na,greys,white_or_open,bracket+stars,ns_text,LB,inside,in_caption,yes,medium,medium,"same styling as panel a, novel object recognition discrimination score",PRIVATE_REFERENCE_ONLY/corpus/PMC13461362/figures/Fig5.jpg,gc_nature
Nature Biotechnology,PMC13461362,2026,10.1038/s41587-025-02809-3,5,c,bar+points,3x2,3/3/3/3/3/3,yes,mean,caption,SD,caption,small,dark,mixed,jitter,medium,na,greys,white_or_open,bracket+stars,ns_text,LB,inside,in_caption,yes,medium,medium,"SWED vs PBS compared at three post-injection time points, x axis is time points",PRIVATE_REFERENCE_ONLY/corpus/PMC13461362/figures/Fig5.jpg,gc_nature
Nature Biotechnology,PMC13461362,2026,10.1038/s41587-025-02809-3,5,d,bar+points,3x2,3/3/3/3/3/3,yes,mean,caption,SD,caption,small,dark,mixed,jitter,medium,na,greys,white_or_open,bracket+stars,ns_text,LB,inside,in_caption,yes,medium,medium,"same styling as panel c, GFAP levels; panels e and f skipped as single-series time-course bars",PRIVATE_REFERENCE_ONLY/corpus/PMC13461362/figures/Fig5.jpg,gc_nature
Nature Methods,PMC13441886,2026,10.1038/s41592-026-03155-1,3,a,dot_strip+summary,22x3,29/61/41,yes,mean,caption,none,none,small,none,filled,jitter,na,na,multi_categorical,coloured,stars_only,stars,LB,none,in_caption,no,large,medium,"22 cell types x 3 entity classes, log y axis, short horizontal mean bars, colours defined in panel b",PRIVATE_REFERENCE_ONLY/corpus/PMC13441886/figures/Fig3.jpg,gc_nature
Nature Methods,PMC13441886,2026,10.1038/s41592-026-03155-1,4,c/1,dot_strip,5x2,unknown,yes,none,none,none,none,small,none,filled,centered,na,na,multi_categorical,coloured,none,none,LB,inside,none,yes,small,medium,"facet B; per-patient TMA cores (circles) vs whole-slide image value (square), 1-5 points per patient",PRIVATE_REFERENCE_ONLY/corpus/PMC13441886/figures/Fig4.jpg,gc_nature
Nature Methods,PMC13441886,2026,10.1038/s41592-026-03155-1,4,c/2,dot_strip,5x2,unknown,yes,none,none,none,none,small,none,filled,centered,na,na,multi_categorical,coloured,none,none,LB,inside,none,yes,small,medium,"facet T; per-patient TMA cores (circles) vs whole-slide image value (square), 1-5 points per patient",PRIVATE_REFERENCE_ONLY/corpus/PMC13441886/figures/Fig4.jpg,gc_nature
Nature Methods,PMC13441886,2026,10.1038/s41592-026-03155-1,4,c/3,dot_strip,5x2,unknown,yes,none,none,none,none,small,none,filled,centered,na,na,multi_categorical,coloured,none,none,LB,inside,none,yes,small,medium,"facet Myeloid; per-patient TMA cores (circles) vs whole-slide image value (square), 1-5 points per patient",PRIVATE_REFERENCE_ONLY/corpus/PMC13441886/figures/Fig4.jpg,gc_nature
Nature Methods,PMC13441886,2026,10.1038/s41592-026-03155-1,4,c/4,dot_strip,5x2,unknown,yes,none,none,none,none,small,none,filled,centered,na,na,multi_categorical,coloured,none,none,LB,inside,none,yes,small,medium,"facet Dendritic; per-patient TMA cores (circles) vs whole-slide image value (square), 1-5 points per patient",PRIVATE_REFERENCE_ONLY/corpus/PMC13441886/figures/Fig4.jpg,gc_nature
Nature Methods,PMC13441886,2026,10.1038/s41592-026-03155-1,4,c/5,dot_strip,5x2,unknown,yes,none,none,none,none,small,none,filled,centered,na,na,multi_categorical,coloured,none,none,LB,inside,none,yes,small,medium,"facet Macrophage; per-patient TMA cores (circles) vs whole-slide image value (square), 1-5 points per patient",PRIVATE_REFERENCE_ONLY/corpus/PMC13441886/figures/Fig4.jpg,gc_nature
Nature Methods,PMC13441886,2026,10.1038/s41592-026-03155-1,4,c/6,dot_strip,5x2,unknown,yes,none,none,none,none,small,none,filled,centered,na,na,multi_categorical,coloured,none,none,LB,inside,none,yes,small,medium,"facet Stromal; per-patient TMA cores (circles) vs whole-slide image value (square), 1-5 points per patient",PRIVATE_REFERENCE_ONLY/corpus/PMC13441886/figures/Fig4.jpg,gc_nature
Nature Methods,PMC13441886,2026,10.1038/s41592-026-03155-1,4,c/7,dot_strip,5x2,unknown,yes,none,none,none,none,small,none,filled,centered,na,na,multi_categorical,coloured,none,none,LB,inside,none,yes,small,medium,"facet Endothelial; per-patient TMA cores (circles) vs whole-slide image value (square), 1-5 points per patient",PRIVATE_REFERENCE_ONLY/corpus/PMC13441886/figures/Fig4.jpg,gc_nature
Nature,PMC13518231,2026,10.1038/s41586-026-10893-x,1,a,bar,12x3,unknown,no,median,caption,SD,caption,na,na,na,na,medium,na,multi_categorical,na,stars_only,stars,LB,inside,none,yes,large,medium,"planetary-science bar chart, 12 gravity coefficients x 3 series, error bars are 15x formal 1 sigma, dashed zero line",PRIVATE_REFERENCE_ONLY/corpus/PMC13518231/figures/Fig1.webp,gc_nature
Nature Biotechnology,PMC12951864,2026,10.1038/s41587-025-02866-8,1,d/1,box+points,2,6/6,yes,median,caption,IQR_whiskers,caption,medium,same_colour,filled,jitter,na,medium,multi_categorical,coloured,bracket+stars,stars,LB,none,in_caption,yes,small,high,SAH teal circles vs SAH+UDC red squares; box fill light tint of group colour; whiskers min-max,PRIVATE_REFERENCE_ONLY/corpus/PMC12951864/figures/Fig1.jpg,gc_nature
Nature Biotechnology,PMC12951864,2026,10.1038/s41587-025-02866-8,1,d/2,box+points,2,6/6,yes,median,caption,IQR_whiskers,caption,medium,same_colour,filled,jitter,na,medium,multi_categorical,coloured,bracket+stars,stars,LB,none,in_caption,yes,small,high,RBC count in lymph nodes; same style as d/1,PRIVATE_REFERENCE_ONLY/corpus/PMC12951864/figures/Fig1.jpg,gc_nature
Nature Biotechnology,PMC12951864,2026,10.1038/s41587-025-02866-8,1,e/1,box+points,2,6/6,yes,median,caption,IQR_whiskers,caption,medium,same_colour,filled,jitter,na,medium,multi_categorical,coloured,bracket+stars,stars,LB,none,in_caption,yes,small,high,hematoma area; same style as d/1,PRIVATE_REFERENCE_ONLY/corpus/PMC12951864/figures/Fig1.jpg,gc_nature
Nature Biotechnology,PMC12951864,2026,10.1038/s41587-025-02866-8,1,e/2,box+points,2,6/6,yes,median,caption,IQR_whiskers,caption,medium,same_colour,filled,jitter,na,medium,multi_categorical,coloured,bracket+stars,stars,LB,none,in_caption,yes,small,high,RBC count in lymph nodes; same style as d/1,PRIVATE_REFERENCE_ONLY/corpus/PMC12951864/figures/Fig1.jpg,gc_nature
Nature Biotechnology,PMC12951864,2026,10.1038/s41587-025-02866-8,2,b,box+points,3,6/6/6,yes,median,caption,IQR_whiskers,caption,medium,same_colour,filled,jitter,na,medium,multi_categorical,black,bracket+stars,stars,LB,none,in_caption,yes,small,high,"Control group in black points separated by dashed vertical line; SAH teal, SAH+UDC red; bracket only over the two injury groups",PRIVATE_REFERENCE_ONLY/corpus/PMC12951864/figures/Fig2.jpg,gc_nature
Nature Biotechnology,PMC12951864,2026,10.1038/s41587-025-02866-8,2,c,box+points,3,6/6/6,yes,median,caption,IQR_whiskers,caption,medium,same_colour,filled,jitter,na,medium,multi_categorical,black,bracket+stars,stars,LB,none,in_caption,yes,small,high,same style as b (GFAP MFI),PRIVATE_REFERENCE_ONLY/corpus/PMC12951864/figures/Fig2.jpg,gc_nature
Nature Biotechnology,PMC12951864,2026,10.1038/s41587-025-02866-8,2,d,box+points,3,6/6/6,yes,median,caption,IQR_whiskers,caption,medium,same_colour,filled,jitter,na,medium,multi_categorical,black,bracket+stars,stars,LB,none,in_caption,yes,small,high,same style as b (FJ-C counts),PRIVATE_REFERENCE_ONLY/corpus/PMC12951864/figures/Fig2.jpg,gc_nature
Nature Biotechnology,PMC12951864,2026,10.1038/s41587-025-02866-8,2,f,box+points,3,6/6/6,yes,median,caption,IQR_whiskers,caption,medium,same_colour,filled,jitter,na,medium,multi_categorical,black,bracket+stars,stars,LB,none,in_caption,yes,small,high,same style as b (ICH model),PRIVATE_REFERENCE_ONLY/corpus/PMC12951864/figures/Fig2.jpg,gc_nature
Nature Biotechnology,PMC12951864,2026,10.1038/s41587-025-02866-8,2,g,box+points,3,6/6/6,yes,median,caption,IQR_whiskers,caption,medium,same_colour,filled,jitter,na,medium,multi_categorical,black,bracket+stars,stars,LB,none,in_caption,yes,small,high,same style as b (ICH GFAP),PRIVATE_REFERENCE_ONLY/corpus/PMC12951864/figures/Fig2.jpg,gc_nature
Nature Biotechnology,PMC12951864,2026,10.1038/s41587-025-02866-8,2,h,box+points,3,6/6/6,yes,median,caption,IQR_whiskers,caption,medium,same_colour,filled,jitter,na,medium,multi_categorical,black,bracket+stars,stars,LB,none,in_caption,yes,small,high,same style as b (ICH FJ-C),PRIVATE_REFERENCE_ONLY/corpus/PMC12951864/figures/Fig2.jpg,gc_nature
Nature Biotechnology,PMC12951864,2026,10.1038/s41587-025-02866-8,3,c/2,box+points,2,6/6,yes,median,caption,IQR_whiskers,caption,medium,same_colour,filled,jitter,na,medium,multi_categorical,coloured,bracket+stars,stars,LB,none,in_caption,no,small,high,brain water content box plot; dashed grey healthy-control reference line; y axis starts at 65 not 0; panels b and c/1 are time courses (skipped),PRIVATE_REFERENCE_ONLY/corpus/PMC12951864/figures/Fig3.jpg,gc_nature
Nature Communications,PMC13562587,2026,10.1038/s41467-026-77465-5,1,g,box+points,4,~3/~100/~200/~50,yes,median,caption,IQR_whiskers,caption,small,same_colour,open,jitter,na,medium,multi_categorical,coloured,none,none,LB,none,in_caption,no,small,medium,MPZL1 mRNA by CNA status; grey filled boxes behind jittered open circles coloured per group (cyan/grey/pink/red); caption gives total n = 360 only,PRIVATE_REFERENCE_ONLY/corpus/PMC13562587/figures/Fig1.webp,gc_nature
Nature Communications,PMC13562587,2026,10.1038/s41467-026-77465-5,1,i,bar+points,3,3/5/5,yes,mean,caption,SD,caption,small,none,filled,jitter,medium,na,multi_categorical,coloured,bracket+p_value,exact,LB,none,in_caption,yes,small,high,"Normal liver (green), diploid HCC (grey), MPZL1-gain HCC (pink) bars with individual dots; three square brackets carrying exact adjusted P values including the non-significant 0.54",PRIVATE_REFERENCE_ONLY/corpus/PMC13562587/figures/Fig1.webp,gc_nature
Nature,PMC13558073,2026,10.1038/s41586-026-10940-7,1,c,bar+points,2,10/10,yes,mean,caption,SEM,caption,small,none,filled,jitter,medium,na,greys,grey,bracket+p_value,exact,LB,none,above_category,yes,small,high,"Ctrl grey-filled bar vs Sema open white bar, black dots (Ctrl) and black squares (Sema) jittered over each bar; dotted-line bracket with exact P above; group n printed as a number inside the base of each bar. Figure has 16 group-comparison panels, first 10 recorded",PRIVATE_REFERENCE_ONLY/corpus/PMC13558073/figures/Fig1.webp,gc_nature
Nature,PMC13558073,2026,10.1038/s41586-026-10940-7,1,d,bar+points,2,10/10,yes,mean,caption,SEM,caption,small,none,filled,jitter,medium,na,greys,grey,bracket+p_value,exact,LB,none,above_category,yes,small,high,Same paired grey/white bar style as c (centre cumulative duration),PRIVATE_REFERENCE_ONLY/corpus/PMC13558073/figures/Fig1.webp,gc_nature
Nature,PMC13558073,2026,10.1038/s41586-026-10940-7,1,e,bar+points,2,10/10,yes,mean,caption,SEM,caption,small,none,filled,jitter,medium,na,greys,grey,bracket+p_value,exact,LB,none,above_category,yes,small,high,Same style as c (elevated plus maze total movement),PRIVATE_REFERENCE_ONLY/corpus/PMC13558073/figures/Fig1.webp,gc_nature
Nature,PMC13558073,2026,10.1038/s41586-026-10940-7,1,f,bar+points,2x3,10/10,yes,mean,caption,SEM,caption,small,none,filled,jitter,medium,na,greys,grey,bracket+p_value,exact,LB,inside,above_category,yes,small,high,"Grouped version of the same style: Ctrl/Sema pairs for Total, Open and Closed arm entries, with an inside legend and one dotted bracket and P value per pair",PRIVATE_REFERENCE_ONLY/corpus/PMC13558073/figures/Fig1.webp,gc_nature
Nature,PMC13558073,2026,10.1038/s41586-026-10940-7,1,g,bar+points,2,10/10,yes,mean,caption,SEM,caption,small,none,filled,jitter,medium,na,greys,grey,bracket+p_value,exact,LB,none,above_category,yes,small,high,Same style as c (open arm entries %),PRIVATE_REFERENCE_ONLY/corpus/PMC13558073/figures/Fig1.webp,gc_nature
Nature,PMC13558073,2026,10.1038/s41586-026-10940-7,1,h,bar+points,2,10/10,yes,mean,caption,SEM,caption,small,none,filled,jitter,medium,na,greys,grey,bracket+p_value,exact,LB,none,above_category,yes,small,high,Same style as c (time in open arms),PRIVATE_REFERENCE_ONLY/corpus/PMC13558073/figures/Fig1.webp,gc_nature
Nature,PMC13558073,2026,10.1038/s41586-026-10940-7,1,i,bar+points,2,10/10,yes,mean,caption,SEM,caption,small,none,filled,jitter,medium,na,greys,grey,bracket+p_value,exact,LB,none,above_category,yes,small,high,Same style as c (time in target quadrant),PRIVATE_REFERENCE_ONLY/corpus/PMC13558073/figures/Fig1.webp,gc_nature
Nature,PMC13558073,2026,10.1038/s41586-026-10940-7,1,j,bar+points,2,10/10,yes,mean,caption,SEM,caption,small,none,filled,jitter,medium,na,greys,grey,bracket+p_value,exact,LB,none,above_category,yes,small,high,Same style as c (holes searched in target quadrant),PRIVATE_REFERENCE_ONLY/corpus/PMC13558073/figures/Fig1.webp,gc_nature
Nature,PMC13558073,2026,10.1038/s41586-026-10940-7,1,k,bar+points,2,10/10,yes,mean,caption,SEM,caption,small,none,filled,jitter,medium,na,greys,grey,bracket+p_value,exact,LB,none,above_category,yes,small,high,Same style as c (latency to escape hole),PRIVATE_REFERENCE_ONLY/corpus/PMC13558073/figures/Fig1.webp,gc_nature
Nature,PMC13558073,2026,10.1038/s41586-026-10940-7,1,l,bar+points,2,10/10,yes,mean,caption,SEM,caption,small,none,filled,jitter,medium,na,greys,grey,bracket+p_value,exact,LB,none,above_category,yes,small,high,"Same style as c (rotarod latency to fall); panels m, n, o and q are further identical panels not coded because of the 10-panel cap",PRIVATE_REFERENCE_ONLY/corpus/PMC13558073/figures/Fig1.webp,gc_nature
Nature communications,PMC12858907,2025,10.1038/s41467-025-67953-5,2,g,bar+points,3x3,~10/~10/~10/~20/~20/~20/~20/~20/~20,yes,mean,inferred,unknown,none,small,none,filled,jitter,narrow,na,multi_categorical,coloured,none,none,LB,outside,none,yes,medium,medium,"biomass of single strains, TC/OTC/TC&OTC bars within Top1-10, Top11-30, Top31-50; panels a-c scatter and d-f continuous-x bars skipped",../make_my_plot/figure_library/nature/2025_Ruan_potentiators_empower_synthetic_microbiom/figures/fig02_Fig2.jpg,gc_nature
Nature communications,PMC12858907,2025,10.1038/s41467-025-67953-5,2,h,bar+points,3x3,~10/~10/~10/~20/~20/~20/~20/~20/~20,yes,mean,inferred,unknown,none,small,none,filled,jitter,narrow,na,multi_categorical,coloured,none,none,LB,outside,none,yes,medium,medium,"exchange reactions, TC/OTC/TC&OTC bars within Top1-10, Top11-30, Top31-50; panels a-c scatter and d-f continuous-x bars skipped",../make_my_plot/figure_library/nature/2025_Ruan_potentiators_empower_synthetic_microbiom/figures/fig02_Fig2.jpg,gc_nature
Nature communications,PMC12858907,2025,10.1038/s41467-025-67953-5,3,e/1,bar,3,caption:n=3,no,mean,caption,SD,caption,na,na,na,na,medium,na,multi_categorical,coloured,none,none,LB,none,in_caption,yes,small,low,abundance of strain A1 under TC/OTC/TCs; faint central markers may be individual replicates but are not resolvable at available resolution,../make_my_plot/figure_library/nature/2025_Ruan_potentiators_empower_synthetic_microbiom/figures/fig03_Fig3.jpg,gc_nature
Nature communications,PMC12858907,2025,10.1038/s41467-025-67953-5,3,e/2,bar,3,caption:n=3,no,mean,caption,SD,caption,na,na,na,na,medium,na,multi_categorical,coloured,none,none,LB,none,in_caption,yes,small,low,abundance of strain P1 under TC/OTC/TCs; faint central markers may be individual replicates but are not resolvable at available resolution,../make_my_plot/figure_library/nature/2025_Ruan_potentiators_empower_synthetic_microbiom/figures/fig03_Fig3.jpg,gc_nature
Nature communications,PMC12858907,2025,10.1038/s41467-025-67953-5,3,e/3,bar,3,caption:n=3,no,mean,caption,SD,caption,na,na,na,na,medium,na,multi_categorical,coloured,none,none,LB,none,in_caption,yes,small,low,abundance of strain C2 under TC/OTC/TCs; faint central markers may be individual replicates but are not resolvable at available resolution,../make_my_plot/figure_library/nature/2025_Ruan_potentiators_empower_synthetic_microbiom/figures/fig03_Fig3.jpg,gc_nature
Nature communications,PMC12858907,2025,10.1038/s41467-025-67953-5,3,e/4,bar,3,caption:n=3,no,mean,caption,SD,caption,na,na,na,na,medium,na,multi_categorical,coloured,none,none,LB,none,in_caption,yes,small,low,abundance of strain L3 under TC/OTC/TCs; faint central markers may be individual replicates but are not resolvable at available resolution,../make_my_plot/figure_library/nature/2025_Ruan_potentiators_empower_synthetic_microbiom/figures/fig03_Fig3.jpg,gc_nature
Nature communications,PMC12858907,2025,10.1038/s41467-025-67953-5,3,e/5,bar,3,caption:n=3,no,mean,caption,SD,caption,na,na,na,na,medium,na,multi_categorical,coloured,none,none,LB,none,in_caption,yes,small,low,abundance of strain B4 under TC/OTC/TCs; faint central markers may be individual replicates but are not resolvable at available resolution,../make_my_plot/figure_library/nature/2025_Ruan_potentiators_empower_synthetic_microbiom/figures/fig03_Fig3.jpg,gc_nature
Nature communications,PMC12858907,2025,10.1038/s41467-025-67953-5,3,e/6,bar,3,caption:n=3,no,mean,caption,SD,caption,na,na,na,na,medium,na,multi_categorical,coloured,none,none,LB,none,in_caption,yes,small,low,abundance of strain S4 under TC/OTC/TCs; faint central markers may be individual replicates but are not resolvable at available resolution,../make_my_plot/figure_library/nature/2025_Ruan_potentiators_empower_synthetic_microbiom/figures/fig03_Fig3.jpg,gc_nature
Nature communications,PMC12858907,2025,10.1038/s41467-025-67953-5,3,f/1,dot_strip,5,6/6/6/6/6,yes,none,none,none,none,medium,none,filled,centered,na,na,multi_categorical,na,none,none,LB,outside,none,no,medium,medium,"model parameters per category, one symbol per strain (6 strains), broken y axis",../make_my_plot/figure_library/nature/2025_Ruan_potentiators_empower_synthetic_microbiom/figures/fig03_Fig3.jpg,gc_nature
Nature communications,PMC12858907,2025,10.1038/s41467-025-67953-5,3,f/2,dot_strip,4,6/6/6/6,yes,none,none,none,none,medium,none,filled,centered,na,na,multi_categorical,na,none,none,LB,outside,none,no,medium,medium,"biomass per medium (CM, MM+G, MM+A, MM+C), one symbol per strain, broken y axis",../make_my_plot/figure_library/nature/2025_Ruan_potentiators_empower_synthetic_microbiom/figures/fig03_Fig3.jpg,gc_nature
Nature communications,PMC12858907,2025,10.1038/s41467-025-67953-5,6,b/1,bar+points,2x3,3/3/3/3/3/3,yes,mean,inferred,unknown,none,small,none,filled,jitter,medium,na,multi_categorical,coloured,bracket+p_value,mixed,LB,inside,none,yes,medium,medium,"degradation % for TC vs OTC across BS, BS+ACLP, ACPL with overlaid OD600 line on secondary right axis; compact letter display (a/b) above bars plus bracketed p values for OD600; panel a growth curves skipped (inset AUC bar charts not coded)",../make_my_plot/figure_library/nature/2025_Ruan_potentiators_empower_synthetic_microbiom/figures/fig06_Fig6.jpg,gc_nature
Nature communications,PMC12858907,2025,10.1038/s41467-025-67953-5,6,b/2,bar+points,2x3,3/3/3/3/3/3,yes,mean,inferred,unknown,none,small,none,filled,jitter,medium,na,multi_categorical,coloured,bracket+p_value,mixed,LB,inside,none,yes,medium,medium,"degradation % for SM2 vs SMX across BS, BS+ACLP, ACPL with overlaid OD600 line on secondary right axis; compact letter display (a/b) above bars plus bracketed p values for OD600; panel a growth curves skipped (inset AUC bar charts not coded)",../make_my_plot/figure_library/nature/2025_Ruan_potentiators_empower_synthetic_microbiom/figures/fig06_Fig6.jpg,gc_nature
Nature communications,PMC12858907,2025,10.1038/s41467-025-67953-5,6,b/3,bar+points,2x3,3/3/3/3/3/3,yes,mean,inferred,unknown,none,small,none,filled,jitter,medium,na,multi_categorical,coloured,bracket+p_value,mixed,LB,inside,none,yes,medium,medium,"degradation % for BO vs QC across BS, BS+ACLP, ACPL with overlaid OD600 line on secondary right axis; compact letter display (a/b) above bars plus bracketed p values for OD600; panel a growth curves skipped (inset AUC bar charts not coded)",../make_my_plot/figure_library/nature/2025_Ruan_potentiators_empower_synthetic_microbiom/figures/fig06_Fig6.jpg,gc_nature
Nature communications,PMC12858907,2025,10.1038/s41467-025-67953-5,6,b/4,bar+points,2x3,3/3/3/3/3/3,yes,mean,inferred,unknown,none,small,none,filled,jitter,medium,na,multi_categorical,coloured,bracket+p_value,mixed,LB,inside,none,yes,medium,medium,"degradation % for DTAC vs DBAC across BS, BS+ACLP, ACPL with overlaid OD600 line on secondary right axis; compact letter display (a/b) above bars plus bracketed p values for OD600; panel a growth curves skipped (inset AUC bar charts not coded)",../make_my_plot/figure_library/nature/2025_Ruan_potentiators_empower_synthetic_microbiom/figures/fig06_Fig6.jpg,gc_nature
Nature Cell Biology,PMC13364714,2026,10.1038/s41556-026-01981-1,1,b,bar+points,4,3/3/3/3,yes,mean,caption,SD,caption,small,dark,filled,centered,medium,na,single_accent,na,none,none,LB,none,in_caption,yes,small,medium,"four purple-shaded bars grouped under transient vs elongated x labels, replicate dots on top",PRIVATE_REFERENCE_ONLY/corpus/PMC13364714/figures/Fig1.jpg,gc_nature
Nature Cell Biology,PMC13364714,2026,10.1038/s41556-026-01981-1,1,d,box,4,caption:14/17/25/29,no,median,caption,IQR_whiskers,caption,na,na,na,na,na,medium,single_accent,na,none,none,LB,none,in_caption,yes,small,medium,"purple-shaded boxes, whiskers to min and max",PRIVATE_REFERENCE_ONLY/corpus/PMC13364714/figures/Fig1.jpg,gc_nature
Nature Cell Biology,PMC13364714,2026,10.1038/s41556-026-01981-1,1,i,box+points,5,37/19/23/0/0,yes,median,caption,IQR_whiskers,caption,small,none,filled,jitter,na,medium,greys,grey,bracket+p_value,exact,LB,none,in_caption,yes,small,medium,two rightmost drug groups empty and labelled no leader bleb,PRIVATE_REFERENCE_ONLY/corpus/PMC13364714/figures/Fig1.jpg,gc_nature
Nature Cell Biology,PMC13364714,2026,10.1038/s41556-026-01981-1,1,k,violin+points,5,64/39/30/0/0,yes,median,inferred,IQR_whiskers,inferred,small,none,filled,jitter,na,na,multi_categorical,coloured,bracket+stars,ns_text,LB,none,in_caption,yes,small,medium,"coloured violins with jittered points, gefitinib and lapatinib groups empty",PRIVATE_REFERENCE_ONLY/corpus/PMC13364714/figures/Fig1.jpg,gc_nature
Nature Cell Biology,PMC13364714,2026,10.1038/s41556-026-01981-1,1,o,box+points,4,caption:17/7/21/1,yes,median,caption,IQR_whiskers,caption,small,dark,filled,jitter,na,medium,greys,grey,bracket+stars,ns_text,LB,none,in_caption,yes,small,medium,"siRNA knockdown comparison, whiskers to min and max",PRIVATE_REFERENCE_ONLY/corpus/PMC13364714/figures/Fig1.jpg,gc_nature
Nature Cell Biology,PMC13364714,2026,10.1038/s41556-026-01981-1,1,q,violin+points,4,47/22/28/22,yes,median,inferred,IQR_whiskers,inferred,small,none,filled,jitter,na,na,single_accent,grey,bracket+p_value,mixed,LB,none,in_caption,yes,small,medium,"grey control violins vs red EGFR-siRNA violins, NS and exact P mixed; stacked composition panels g and m skipped",PRIVATE_REFERENCE_ONLY/corpus/PMC13364714/figures/Fig1.jpg,gc_nature
Nature Cell Biology,PMC13364714,2026,10.1038/s41556-026-01981-1,5,f,dot_strip,2,16/16,yes,none,none,none,none,small,none,filled,centered,na,na,single_accent,na,line+p_value,exact,LB,none,in_caption,yes,small,medium,"paired FRAP half-times, grey lines connect base and tip of the same bleb; single-group violin in panel i not coded",PRIVATE_REFERENCE_ONLY/corpus/PMC13364714/figures/Fig5.jpg,gc_nature
Nature Cell Biology,PMC13364714,2026,10.1038/s41556-026-01981-1,6,b,violin,2,caption:21/20,no,median,inferred,IQR_whiskers,inferred,na,na,na,na,na,na,single_accent,grey,p_value_only,exact,L,none,in_caption,no,small,low,"horizontal violins of polarity index, grey control vs pink CD44-siRNA, internal quartile marks, individual points not resolvable",PRIVATE_REFERENCE_ONLY/corpus/PMC13364714/figures/Fig6.jpg,gc_nature
Nature Cell Biology,PMC13364714,2026,10.1038/s41556-026-01981-1,6,e,violin+points,2,21/20,yes,median,inferred,IQR_whiskers,inferred,small,none,filled,jitter,na,na,single_accent,grey,p_value_only,exact,LB,none,in_caption,yes,small,low,"vertical violins with overlaid points, grey control vs red CD44-siRNA",PRIVATE_REFERENCE_ONLY/corpus/PMC13364714/figures/Fig6.jpg,gc_nature
Nature Cell Biology,PMC13364714,2026,10.1038/s41556-026-01981-1,6,i,violin,2,caption:16/13,no,median,inferred,IQR_whiskers,inferred,na,na,na,na,na,na,single_accent,grey,p_value_only,exact,L,none,in_caption,no,medium,low,"horizontal violins, grey control vs blue EM-siRNA, points not resolvable at this resolution",PRIVATE_REFERENCE_ONLY/corpus/PMC13364714/figures/Fig6.jpg,gc_nature
Nature,PMC13558073,2026,10.1038/s41586-026-10940-7,2,b,bar+points,2x2,6/6,yes,mean,caption,SEM,caption,small,none,filled,jitter,medium,na,greys,grey,bracket+p_value,exact,LB,inside,above_category,yes,small,high,"Ctrl grey vs Sema white bars for LSK and HSC frequencies, black circle/square dots, dotted bracket + exact P per pair, n printed inside the bar base",PRIVATE_REFERENCE_ONLY/corpus/PMC13558073/figures/Fig2.webp,gc_nature
Nature,PMC13558073,2026,10.1038/s41586-026-10940-7,2,c,bar+points,2x2,6/6,yes,mean,caption,SEM,caption,small,none,filled,jitter,medium,na,greys,grey,bracket+p_value,exact,LB,inside,above_category,yes,small,high,Same grouped grey/white style as b for absolute cell numbers,PRIVATE_REFERENCE_ONLY/corpus/PMC13558073/figures/Fig2.webp,gc_nature
Nature,PMC13558073,2026,10.1038/s41586-026-10940-7,2,d,bar+points,2,6/6,yes,mean,caption,SEM,caption,small,none,filled,jitter,medium,na,greys,grey,bracket+p_value,exact,LB,none,above_category,yes,small,high,"Single Ctrl/Sema pair, BM cellularity; non-significant P = 0.2666 still printed as an exact value",PRIVATE_REFERENCE_ONLY/corpus/PMC13558073/figures/Fig2.webp,gc_nature
Nature,PMC13558073,2026,10.1038/s41586-026-10940-7,2,f,bar+points,2,6/6,yes,mean,caption,SEM,caption,small,none,filled,jitter,medium,na,greys,grey,bracket+p_value,exact,LB,none,above_category,yes,small,high,"Colony number, same two-bar style",PRIVATE_REFERENCE_ONLY/corpus/PMC13558073/figures/Fig2.webp,gc_nature
Nature,PMC13558073,2026,10.1038/s41586-026-10940-7,2,h,bar+points,2,6/6,yes,mean,caption,SEM,caption,small,none,filled,jitter,medium,na,greys,grey,bracket+p_value,exact,LB,none,above_category,yes,small,high,"Colony size, same two-bar style",PRIVATE_REFERENCE_ONLY/corpus/PMC13558073/figures/Fig2.webp,gc_nature
Nature,PMC13558073,2026,10.1038/s41586-026-10940-7,2,n,bar+points,2,5/5,yes,mean,caption,SEM,caption,small,none,filled,jitter,medium,na,greys,grey,bracket+p_value,exact,LB,none,above_category,yes,small,high,"BrdU+ cells per dentate gyrus, same two-bar style",PRIVATE_REFERENCE_ONLY/corpus/PMC13558073/figures/Fig2.webp,gc_nature
Nature,PMC13558073,2026,10.1038/s41586-026-10940-7,2,p,bar+points,2,5/5,yes,mean,caption,SEM,caption,small,none,filled,jitter,medium,na,greys,grey,bracket+p_value,exact,LB,none,above_category,yes,small,high,"DCX+ cells per dentate gyrus, same two-bar style; panels j and l are stacked composition bars and were not coded",PRIVATE_REFERENCE_ONLY/corpus/PMC13558073/figures/Fig2.webp,gc_nature
Scientific reports,PMC12764989,2025,10.1038/s41598-025-16474-8,6,p1,bar,10,unknown,no,mean,inferred,unknown,none,na,na,na,na,medium,na,multi_categorical,coloured,none,none,LB,outside,none,yes,large,medium,unlettered single-panel bar chart; IC50 values with +/- text printed above each bar on leader lines; bars drawn with 3D-like shaded fill,../make_my_plot/figure_library/nature/2025_Hassan_analysis_of_proteins_and_peptides_to_inv/figures/fig06_Fig6.jpg,gc_nature
Scientific reports,PMC12764989,2025,10.1038/s41598-025-16474-8,7,p1,bar,7,unknown,no,mean,inferred,unknown,none,na,na,na,na,medium,na,multi_categorical,coloured,bracket+p_value,exact,LB,none,none,yes,medium,medium,sub-plot titled Roots pH 6; no printed panel letters so numbered p1-p6 left-to-right top-to-bottom; IC50 text boxes above bars; 'Inactive' labels on some bars,../make_my_plot/figure_library/nature/2025_Hassan_analysis_of_proteins_and_peptides_to_inv/figures/fig07_Fig7.jpg,gc_nature
Scientific reports,PMC12764989,2025,10.1038/s41598-025-16474-8,7,p2,bar,7,unknown,no,mean,inferred,unknown,none,na,na,na,na,medium,na,multi_categorical,coloured,bracket+p_value,exact,LB,none,none,yes,medium,medium,sub-plot titled whole plant pH 6; no printed panel letters so numbered p1-p6 left-to-right top-to-bottom; IC50 text boxes above bars; 'Inactive' labels on some bars,../make_my_plot/figure_library/nature/2025_Hassan_analysis_of_proteins_and_peptides_to_inv/figures/fig07_Fig7.jpg,gc_nature
Scientific reports,PMC12764989,2025,10.1038/s41598-025-16474-8,7,p3,bar,7,unknown,no,mean,inferred,unknown,none,na,na,na,na,medium,na,multi_categorical,coloured,none,none,LB,none,none,yes,medium,medium,sub-plot titled Roots pH 7; no printed panel letters so numbered p1-p6 left-to-right top-to-bottom; IC50 text boxes above bars; 'Inactive' labels on some bars,../make_my_plot/figure_library/nature/2025_Hassan_analysis_of_proteins_and_peptides_to_inv/figures/fig07_Fig7.jpg,gc_nature
Scientific reports,PMC12764989,2025,10.1038/s41598-025-16474-8,7,p4,bar,7,unknown,no,mean,inferred,unknown,none,na,na,na,na,medium,na,multi_categorical,coloured,none,none,LB,none,none,yes,medium,medium,sub-plot titled whole plant pH 7; no printed panel letters so numbered p1-p6 left-to-right top-to-bottom; IC50 text boxes above bars; 'Inactive' labels on some bars,../make_my_plot/figure_library/nature/2025_Hassan_analysis_of_proteins_and_peptides_to_inv/figures/fig07_Fig7.jpg,gc_nature
Scientific reports,PMC12764989,2025,10.1038/s41598-025-16474-8,7,p5,bar,7,unknown,no,mean,inferred,unknown,none,na,na,na,na,medium,na,multi_categorical,coloured,bracket+p_value,exact,LB,none,none,yes,medium,medium,sub-plot titled Roots pH 8; no printed panel letters so numbered p1-p6 left-to-right top-to-bottom; IC50 text boxes above bars; 'Inactive' labels on some bars,../make_my_plot/figure_library/nature/2025_Hassan_analysis_of_proteins_and_peptides_to_inv/figures/fig07_Fig7.jpg,gc_nature
Scientific reports,PMC12764989,2025,10.1038/s41598-025-16474-8,7,p6,bar,7,unknown,no,mean,inferred,unknown,none,na,na,na,na,medium,na,multi_categorical,coloured,none,none,LB,none,none,yes,medium,medium,sub-plot titled whole plant pH 8; no printed panel letters so numbered p1-p6 left-to-right top-to-bottom; IC50 text boxes above bars; 'Inactive' labels on some bars,../make_my_plot/figure_library/nature/2025_Hassan_analysis_of_proteins_and_peptides_to_inv/figures/fig07_Fig7.jpg,gc_nature
Nature Biotechnology,PMC12951864,2026,10.1038/s41587-025-02866-8,5,b,box+points,3,4/4/4,yes,median,caption,IQR_whiskers,caption,medium,same_colour,filled,jitter,na,medium,multi_categorical,black,none,none,LB,none,in_caption,yes,small,high,Control black triangles separated by dashed line; ICH teal circles; UDC red squares; NS comparison with no annotation,PRIVATE_REFERENCE_ONLY/corpus/PMC12951864/figures/Fig5.jpg,gc_nature
Nature Biotechnology,PMC12951864,2026,10.1038/s41587-025-02866-8,5,c,box+points,2,4/4,yes,median,caption,IQR_whiskers,caption,medium,same_colour,filled,jitter,na,medium,multi_categorical,coloured,bracket+stars,stars,LB,none,in_caption,no,small,high,y axis 3-6; ICH teal vs ICH+UDC red,PRIVATE_REFERENCE_ONLY/corpus/PMC12951864/figures/Fig5.jpg,gc_nature
Nature Biotechnology,PMC12951864,2026,10.1038/s41587-025-02866-8,5,d/1,box+points,3,4/4/4,yes,median,caption,IQR_whiskers,caption,medium,same_colour,filled,jitter,na,medium,multi_categorical,black,bracket+stars,stars,LB,none,in_caption,yes,small,high,CD68 counts; control points all at zero,PRIVATE_REFERENCE_ONLY/corpus/PMC12951864/figures/Fig5.jpg,gc_nature
Nature Biotechnology,PMC12951864,2026,10.1038/s41587-025-02866-8,5,d/2,box+points,3,4/4/4,yes,median,caption,IQR_whiskers,caption,medium,same_colour,filled,jitter,na,medium,multi_categorical,black,bracket+stars,stars,LB,none,in_caption,yes,small,high,GAL-3 counts; same style,PRIVATE_REFERENCE_ONLY/corpus/PMC12951864/figures/Fig5.jpg,gc_nature
Nature Biotechnology,PMC12951864,2026,10.1038/s41587-025-02866-8,5,e,box+points,3,4/4/4,yes,median,caption,IQR_whiskers,caption,medium,same_colour,filled,jitter,na,medium,multi_categorical,black,bracket+stars,stars,LB,none,in_caption,yes,small,high,P2RY12 MFI; bracket only between ICH and ICH+UDC,PRIVATE_REFERENCE_ONLY/corpus/PMC12951864/figures/Fig5.jpg,gc_nature
Nature Biotechnology,PMC12951864,2026,10.1038/s41587-025-02866-8,5,f,box+points,2,4/4,yes,median,caption,IQR_whiskers,caption,medium,same_colour,filled,jitter,na,medium,multi_categorical,coloured,bracket+stars,stars,LB,none,in_caption,yes,small,high,RBC phagocytosis; 2 groups only,PRIVATE_REFERENCE_ONLY/corpus/PMC12951864/figures/Fig5.jpg,gc_nature
Nature Biotechnology,PMC12951864,2026,10.1038/s41587-025-02866-8,5,g,box+points,3,4/4/4,yes,median,caption,IQR_whiskers,caption,medium,same_colour,filled,jitter,na,medium,multi_categorical,black,bracket+stars,stars,LB,none,in_caption,yes,small,high,AQP4 polarization; control grey box with black triangles,PRIVATE_REFERENCE_ONLY/corpus/PMC12951864/figures/Fig5.jpg,gc_nature
Nature Biotechnology,PMC12951864,2026,10.1038/s41587-025-02866-8,6,b,box+points,4,8/8/8/8,yes,median,caption,IQR_whiskers,caption,medium,same_colour,filled,jitter,na,medium,multi_categorical,coloured,bracket+stars,stars,LB,none,in_caption,yes,small,high,4 groups teal/grey/red/green; three brackets with stars; x labels rotated 45 deg,PRIVATE_REFERENCE_ONLY/corpus/PMC12951864/figures/Fig6.jpg,gc_nature
Nature Biotechnology,PMC12951864,2026,10.1038/s41587-025-02866-8,6,c/1,box+points,3,4/4/4,yes,median,caption,IQR_whiskers,caption,medium,same_colour,filled,jitter,na,medium,multi_categorical,black,bracket+stars,ns_text,LB,none,in_caption,no,small,high,LYVE-1 coverage SSS; NS over bracket; y from 6,PRIVATE_REFERENCE_ONLY/corpus/PMC12951864/figures/Fig6.jpg,gc_nature
Nature Biotechnology,PMC12951864,2026,10.1038/s41587-025-02866-8,6,c/2,box+points,3,4/4/4,yes,median,caption,IQR_whiskers,caption,medium,same_colour,filled,jitter,na,medium,multi_categorical,black,bracket+stars,ns_text,LB,none,in_caption,yes,small,high,SSS vessel diameter; NS over bracket,PRIVATE_REFERENCE_ONLY/corpus/PMC12951864/figures/Fig6.jpg,gc_nature
Nature Biotechnology,PMC12951864,2026,10.1038/s41587-025-02866-8,6,c/3,box+points,3,4/4/4,yes,median,caption,IQR_whiskers,caption,medium,same_colour,filled,jitter,na,medium,multi_categorical,black,bracket+stars,ns_text,LB,none,in_caption,no,small,high,LYVE-1 coverage TS; NS over bracket; y from 6,PRIVATE_REFERENCE_ONLY/corpus/PMC12951864/figures/Fig6.jpg,gc_nature
Nature Biotechnology,PMC12951864,2026,10.1038/s41587-025-02866-8,6,c/4,box+points,3,4/4/4,yes,median,caption,IQR_whiskers,caption,medium,same_colour,filled,jitter,na,medium,multi_categorical,black,bracket+stars,ns_text,LB,none,in_caption,yes,small,high,TS vessel diameter; NS over bracket,PRIVATE_REFERENCE_ONLY/corpus/PMC12951864/figures/Fig6.jpg,gc_nature
Nature Biotechnology,PMC12951864,2026,10.1038/s41587-025-02866-8,6,d,box+points,2,4/4,yes,median,caption,IQR_whiskers,caption,medium,same_colour,filled,jitter,na,medium,multi_categorical,black,bracket+stars,stars,LB,none,in_caption,no,small,high,Control grey box black triangles vs UDC red squares; y 25-29,PRIVATE_REFERENCE_ONLY/corpus/PMC12951864/figures/Fig6.jpg,gc_nature
Nature Biotechnology,PMC12951864,2026,10.1038/s41587-025-02866-8,6,e,box+points,2,4/4,yes,median,caption,IQR_whiskers,caption,medium,same_colour,filled,jitter,na,medium,multi_categorical,black,bracket+stars,ns_text,LB,none,in_caption,no,small,high,NS over bracket; y 80-100,PRIVATE_REFERENCE_ONLY/corpus/PMC12951864/figures/Fig6.jpg,gc_nature
Nature Cell Biology,PMC13457102,2026,10.1038/s41556-026-02009-4,3,c/1,box+points,2,caption:108/430,yes,median,caption,IQR_whiskers,caption,small,same_colour,open,jitter,na,medium,multi_categorical,na,line+p_value,exact,LB,none,in_caption,yes,small,high,AIS length VEN red vs PC blue open circles; many points jittered; P<0.0001 above line,PRIVATE_REFERENCE_ONLY/corpus/PMC13457102/figures/Fig3.jpg,gc_nature
Nature Cell Biology,PMC13457102,2026,10.1038/s41556-026-02009-4,3,c/2,box+points,2,caption:108/430,yes,median,caption,IQR_whiskers,caption,small,same_colour,open,jitter,na,medium,multi_categorical,na,line+p_value,exact,LB,none,in_caption,yes,small,high,AIS distance to soma; same style as c/1,PRIVATE_REFERENCE_ONLY/corpus/PMC13457102/figures/Fig3.jpg,gc_nature
Nature Cell Biology,PMC13457102,2026,10.1038/s41556-026-02009-4,3,e,box+points,6,caption:30/17/119/22/16/13,yes,median,caption,IQR_whiskers,caption,small,same_colour,open,jitter,na,medium,multi_categorical,na,bracket+p_value,exact,LB,none,in_caption,no,medium,medium,Peak index across 6 transcriptomic types; stacked pairwise lines from VEN with exact P values; x labels rotated 45 deg; y -0.5 to 1,PRIVATE_REFERENCE_ONLY/corpus/PMC13457102/figures/Fig3.jpg,gc_nature
Nature Cell Biology,PMC13457102,2026,10.1038/s41556-026-02009-4,3,f,box+points,6,caption:25/16/54/18/11/13,yes,median,caption,IQR_whiskers,caption,small,same_colour,filled,jitter,na,medium,multi_categorical,na,bracket+p_value,exact,LB,none,in_caption,yes,medium,medium,Axon distance; VEN points spread while other groups collapse near zero; stacked pairwise lines with exact P,PRIVATE_REFERENCE_ONLY/corpus/PMC13457102/figures/Fig3.jpg,gc_nature
Nature Cell Biology,PMC13457102,2026,10.1038/s41556-026-02009-4,4,d,box+points,2,14/21,yes,median,caption,IQR_whiskers,caption,medium,same_colour,open,jitter,na,medium,multi_categorical,na,line+p_value,exact,LB,none,in_caption,yes,small,high,Peak Na+ currents VEN red vs PC blue open circles; P=0.0010 above line; only bottom part of panel d is a box plot,PRIVATE_REFERENCE_ONLY/corpus/PMC13457102/figures/Fig4.jpg,gc_nature
Nature Communications,PMC13569845,2026,10.1038/s41467-026-77392-5,5,e,bar,2,caption:n=5,no,mean,inferred,CI,caption,na,na,na,na,medium,na,single_accent,grey,none,none,LB,none,in_caption,yes,small,high,"Young's modulus, sheet-0 (grey) vs sheet-4 (blue), error bars are 95% CI; materials-science paper, no biological groups",PRIVATE_REFERENCE_ONLY/corpus/PMC13569845/figures/Fig5.webp,gc_nature
Nature Communications,PMC13569845,2026,10.1038/s41467-026-77392-5,5,f,bar,2,caption:n=5,no,mean,inferred,CI,caption,na,na,na,na,medium,na,single_accent,grey,none,none,LB,none,in_caption,yes,small,high,"ultimate strength, sheet-0 (grey) vs sheet-4 (blue), error bars are 95% CI; materials-science paper, no biological groups",PRIVATE_REFERENCE_ONLY/corpus/PMC13569845/figures/Fig5.webp,gc_nature
Nature Communications,PMC13569845,2026,10.1038/s41467-026-77392-5,5,g,bar,2,caption:n=5,no,mean,inferred,CI,caption,na,na,na,na,medium,na,single_accent,grey,none,none,LB,none,in_caption,yes,small,high,"elongation at break, sheet-0 (grey) vs sheet-4 (blue), error bars are 95% CI; materials-science paper, no biological groups",PRIVATE_REFERENCE_ONLY/corpus/PMC13569845/figures/Fig5.webp,gc_nature
Nature Communications,PMC13569845,2026,10.1038/s41467-026-77392-5,5,h,bar,2,caption:n=5,no,mean,inferred,CI,caption,na,na,na,na,medium,na,single_accent,grey,none,none,LB,none,in_caption,yes,small,high,"toughness, sheet-0 (grey) vs sheet-4 (blue), error bars are 95% CI; materials-science paper, no biological groups",PRIVATE_REFERENCE_ONLY/corpus/PMC13569845/figures/Fig5.webp,gc_nature
Nature Methods,PMC13441889,2026,10.1038/s41592-026-03159-x,3,f/1,other,12,unknown,no,mean,inferred,SD,inferred,medium,none,filled,na,na,na,greys,na,none,none,LB,none,none,yes,small,medium,"mean point with SD error bar per receptor, no raw points; miniature of Fig4 panel embedded in schematic",PRIVATE_REFERENCE_ONLY/corpus/PMC13441889/figures/Fig3.jpg,gc_nature
Nature Methods,PMC13441889,2026,10.1038/s41592-026-03159-x,3,f/2,box+points,6,caption:n=10,yes,median,caption,IQR_whiskers,caption,small,dark,filled,jitter,na,narrow,multi_categorical,na,none,none,LB,none,above_category,no,small,medium,"cortical layers I-VI, pastel boxes with black points; n in axis label; miniature of Fig4b",PRIVATE_REFERENCE_ONLY/corpus/PMC13441889/figures/Fig3.jpg,gc_nature
Nature Methods,PMC13441889,2026,10.1038/s41592-026-03159-x,3,f/3,violin,10,caption:n=200,no,median,caption,IQR_whiskers,caption,na,na,na,na,na,narrow,single_accent,na,none,none,LB,none,above_category,yes,small,medium,"streamline counts per connected area, blue violins with inner 25-75 bar and min-max line; areas ranked by strength",PRIVATE_REFERENCE_ONLY/corpus/PMC13441889/figures/Fig3.jpg,gc_nature
Nature Methods,PMC13441889,2026,10.1038/s41592-026-03159-x,3,d,violin,7,caption:n=24-900,no,median,caption,IQR_whiskers,caption,na,na,na,na,na,medium,multi_categorical,na,none,none,LB,none,below_category,yes,small,medium,"gene expression violins, n = per gene printed under category label; miniature of Fig4b bottom",PRIVATE_REFERENCE_ONLY/corpus/PMC13441889/figures/Fig3.jpg,gc_nature
Nature Methods,PMC13441889,2026,10.1038/s41592-026-03159-x,4,b/1,box+points,6,caption:n=10,yes,median,caption,IQR_whiskers,caption,small,dark,filled,jitter,na,medium,single_accent,na,none,none,LB,none,above_category,no,small,high,"Area 44 cell density by cortical layer; light-blue boxes, black jittered points, faint horizontal gridlines; n stated in panel title",PRIVATE_REFERENCE_ONLY/corpus/PMC13441889/figures/Fig4.jpg,gc_nature
Nature Methods,PMC13441889,2026,10.1038/s41592-026-03159-x,4,b/2,box+points,6,caption:n=10,yes,median,caption,IQR_whiskers,caption,small,dark,filled,jitter,na,medium,single_accent,na,none,none,LB,none,above_category,no,small,high,Area hOc1 cell density by cortical layer; same styling as b/1,PRIVATE_REFERENCE_ONLY/corpus/PMC13441889/figures/Fig4.jpg,gc_nature
Nature Methods,PMC13441889,2026,10.1038/s41592-026-03159-x,4,b/3,other,7,caption:n=4,no,mean,caption,SD,caption,medium,none,filled,na,na,na,multi_categorical,na,none,none,LB,none,above_category,yes,small,high,"receptor density: coloured mean point with SD error bar per receptor, no raw points (caption says not published)",PRIVATE_REFERENCE_ONLY/corpus/PMC13441889/figures/Fig4.jpg,gc_nature
Nature Methods,PMC13441889,2026,10.1038/s41592-026-03159-x,4,b/4,other,7,caption:n=4,no,mean,caption,SD,caption,medium,none,filled,na,na,na,multi_categorical,na,none,none,LB,none,above_category,yes,small,high,"receptor density hOc1; coloured mean point with SD error bar, no raw points",PRIVATE_REFERENCE_ONLY/corpus/PMC13441889/figures/Fig4.jpg,gc_nature
Nature Methods,PMC13441889,2026,10.1038/s41592-026-03159-x,4,b/5,violin,7,caption:n=24-200,no,median,caption,IQR_whiskers,caption,na,na,na,na,na,medium,multi_categorical,na,none,none,LB,none,below_category,yes,small,high,"gene expression violins per gene, white median dot, thick 25-75 bar, thin min-max line; n printed under each category",PRIVATE_REFERENCE_ONLY/corpus/PMC13441889/figures/Fig4.jpg,gc_nature
Nature Methods,PMC13441889,2026,10.1038/s41592-026-03159-x,4,b/6,violin,7,caption:n=108-900,no,median,caption,IQR_whiskers,caption,na,na,na,na,na,medium,multi_categorical,na,none,none,LB,none,below_category,yes,small,high,gene expression violins hOc1; same styling as b/5,PRIVATE_REFERENCE_ONLY/corpus/PMC13441889/figures/Fig4.jpg,gc_nature
Nature Methods,PMC13441889,2026,10.1038/s41592-026-03159-x,4,c/1,violin,10,caption:n=200,no,median,caption,IQR_whiskers,caption,na,na,na,na,na,narrow,single_accent,na,none,none,LB,none,above_category,no,small,medium,"functional connectivity violins, all blue; ten strongest connections ranked by strength; inner bar 25-75 pct, line min-max; faint gridlines",PRIVATE_REFERENCE_ONLY/corpus/PMC13441889/figures/Fig4.jpg,gc_nature
Nature Methods,PMC13441889,2026,10.1038/s41592-026-03159-x,4,c/2,violin,10,caption:n=200,no,median,caption,IQR_whiskers,caption,na,na,na,na,na,narrow,single_accent,na,none,none,LB,none,above_category,no,small,medium,functional connectivity violins hOc1; same styling as c/1,PRIVATE_REFERENCE_ONLY/corpus/PMC13441889/figures/Fig4.jpg,gc_nature
Nature Methods,PMC13441889,2026,10.1038/s41592-026-03159-x,6,a/1,bar,6,unknown,no,none,none,none,none,na,na,na,na,medium,na,single_accent,na,none,none,LB,none,none,yes,small,medium,"single-value correlation coefficient per area, blue bars sorted descending",PRIVATE_REFERENCE_ONLY/corpus/PMC13441889/figures/Fig6.jpg,gc_nature
Nature Methods,PMC13441889,2026,10.1038/s41592-026-03159-x,6,a/2,bar,20x2,unknown,no,none,none,none,none,na,na,na,na,medium,na,multi_categorical,na,none,none,LB,inside,none,yes,medium,medium,"grouped bars (blue correlation vs orange Dice) across ~20 clusters, negative values present, black triangles mark selected clusters",PRIVATE_REFERENCE_ONLY/corpus/PMC13441889/figures/Fig6.jpg,gc_nature
Nature Methods,PMC13441889,2026,10.1038/s41592-026-03159-x,6,a/3,bar,5,unknown,no,none,none,none,none,na,na,na,na,medium,na,single_accent,na,none,none,LB,none,none,yes,small,medium,"single-value correlation coefficient per area, blue bars sorted descending",PRIVATE_REFERENCE_ONLY/corpus/PMC13441889/figures/Fig6.jpg,gc_nature
Nature,PMC13558073,2026,10.1038/s41586-026-10940-7,4,a,bar+points,2,6/6,yes,mean,caption,SEM,caption,small,none,filled,jitter,medium,na,greys,grey,bracket+p_value,exact,LB,none,above_category,yes,small,high,"Liver NAD+ , Ctrl grey bar vs Sema open bar, black circles/squares, dotted bracket with exact P, n inside bar base",PRIVATE_REFERENCE_ONLY/corpus/PMC13558073/figures/Fig4.webp,gc_nature
Nature,PMC13558073,2026,10.1038/s41586-026-10940-7,4,b,bar+points,2,6/6,yes,mean,caption,SEM,caption,small,none,filled,jitter,medium,na,greys,grey,bracket+p_value,exact,LB,none,above_category,yes,small,high,"Liver NAD+/NADH ratio, same style",PRIVATE_REFERENCE_ONLY/corpus/PMC13558073/figures/Fig4.webp,gc_nature
Nature,PMC13558073,2026,10.1038/s41586-026-10940-7,4,c,bar+points,2,6/6,yes,mean,caption,SEM,caption,small,none,filled,jitter,medium,na,greys,grey,bracket+p_value,exact,LB,none,above_category,yes,small,high,"Muscle NAD+ , same style",PRIVATE_REFERENCE_ONLY/corpus/PMC13558073/figures/Fig4.webp,gc_nature
Nature,PMC13558073,2026,10.1038/s41586-026-10940-7,4,d,bar+points,2,6/6,yes,mean,caption,SEM,caption,small,none,filled,jitter,medium,na,greys,grey,bracket+p_value,exact,LB,none,above_category,yes,small,high,"Muscle NAD+/NADH ratio, same style",PRIVATE_REFERENCE_ONLY/corpus/PMC13558073/figures/Fig4.webp,gc_nature
Nature,PMC13558073,2026,10.1038/s41586-026-10940-7,4,e,bar+points,2x7,6/6,yes,mean,caption,SEM,caption,small,none,filled,jitter,medium,na,greys,grey,bracket+p_value,exact,LB,outside,above_category,yes,small,high,"Liver Sirt1-7 RT-qPCR; seven Ctrl/Sema pairs sharing one broken y axis, legend at right of panel, one dotted bracket and exact P per gene",PRIVATE_REFERENCE_ONLY/corpus/PMC13558073/figures/Fig4.webp,gc_nature
Nature,PMC13558073,2026,10.1038/s41586-026-10940-7,4,f,bar+points,2x7,6/6,yes,mean,caption,SEM,caption,small,none,filled,jitter,medium,na,greys,grey,bracket+p_value,exact,LB,outside,above_category,yes,small,high,"Muscle Sirt1-7 RT-qPCR, same grouped style with broken y axis",PRIVATE_REFERENCE_ONLY/corpus/PMC13558073/figures/Fig4.webp,gc_nature
Nature,PMC13558073,2026,10.1038/s41586-026-10940-7,4,h,bar+points,2,5/5,yes,mean,caption,SEM,caption,small,none,filled,jitter,medium,na,greys,grey,bracket+p_value,exact,LB,none,above_category,yes,small,high,"SIRT7+MCM2+ cell percentage, same two-bar style",PRIVATE_REFERENCE_ONLY/corpus/PMC13558073/figures/Fig4.webp,gc_nature
Nature,PMC13558073,2026,10.1038/s41586-026-10940-7,4,i,bar+points,2,6/6,yes,mean,caption,SEM,caption,small,none,filled,jitter,medium,na,greys,grey,bracket+p_value,exact,LB,none,above_category,yes,small,high,"Plasma IGF1 ELISA, same two-bar style",PRIVATE_REFERENCE_ONLY/corpus/PMC13558073/figures/Fig4.webp,gc_nature
Nature,PMC13558073,2026,10.1038/s41586-026-10940-7,4,j,bar+points,2,6/6,yes,mean,caption,SEM,caption,small,none,filled,jitter,medium,na,greys,grey,bracket+p_value,exact,LB,none,above_category,yes,small,high,"Liver Oser1 mRNA, same two-bar style",PRIVATE_REFERENCE_ONLY/corpus/PMC13558073/figures/Fig4.webp,gc_nature
Nature,PMC13558073,2026,10.1038/s41586-026-10940-7,4,k,bar+points,2,6/6,yes,mean,caption,SEM,caption,small,none,filled,jitter,medium,na,greys,grey,bracket+p_value,exact,LB,none,above_category,yes,small,high,"Muscle Oser1 mRNA, same two-bar style",PRIVATE_REFERENCE_ONLY/corpus/PMC13558073/figures/Fig4.webp,gc_nature
Nature Communications,PMC13562587,2026,10.1038/s41467-026-77465-5,6,b,bar+points,4,caption:29/11/9/7,yes,mean,caption,SEM,caption,small,none,filled,jitter,medium,na,multi_categorical,grey,bracket+p_value,exact,LB,none,in_caption,yes,small,medium,"CLT infiltration; uniform grey bars with colour-coded diamond markers per explant, broken y axis, three plain square brackets carrying bare p values (0.0001, 0.004, 0.008)",PRIVATE_REFERENCE_ONLY/corpus/PMC13562587/figures/Fig6.webp,gc_nature
Nature Communications,PMC13562587,2026,10.1038/s41467-026-77465-5,6,d,violin,3,caption:7/5/7,no,median,caption,none,none,na,na,na,na,na,na,outline_only,white_or_open,bracket+p_value,exact,LB,none,in_caption,no,small,medium,"GranB+ CLT violins, white with black outline, dashed median and dotted quartile lines inside each violin; two square brackets with bare p values; dotted reference line at zero",PRIVATE_REFERENCE_ONLY/corpus/PMC13562587/figures/Fig6.webp,gc_nature
Nature Communications,PMC13562587,2026,10.1038/s41467-026-77465-5,6,g,violin,2,caption:6/5,no,median,caption,none,none,na,na,na,na,na,na,outline_only,white_or_open,bracket+p_value,exact,LB,none,in_caption,no,small,medium,"Normal vs tumour violins, same outline-only styling as d with dashed median and dotted quartile lines",PRIVATE_REFERENCE_ONLY/corpus/PMC13562587/figures/Fig6.webp,gc_nature
Nature Communications,PMC13562587,2026,10.1038/s41467-026-77465-5,6,h/1,bar+points,2,caption:6/5,yes,mean,caption,SEM,caption,small,none,filled,jitter,medium,na,greys,grey,bracket+p_value,exact,LB,none,in_caption,yes,small,medium,"MIG cytokine, normal (N) vs tumour (T) grey bars with black dots and SEM caps, square bracket with bare p value",PRIVATE_REFERENCE_ONLY/corpus/PMC13562587/figures/Fig6.webp,gc_nature
Nature Communications,PMC13562587,2026,10.1038/s41467-026-77465-5,6,h/2,bar+points,2,caption:6/5,yes,mean,caption,SEM,caption,small,none,filled,jitter,medium,na,greys,grey,bracket+p_value,exact,LB,none,in_caption,yes,small,medium,"IP10 cytokine, same styling; non-significant 0.12 still printed",PRIVATE_REFERENCE_ONLY/corpus/PMC13562587/figures/Fig6.webp,gc_nature
Nature Communications,PMC13562587,2026,10.1038/s41467-026-77465-5,6,h/3,bar+points,2,caption:6/5,yes,mean,caption,SEM,caption,small,none,filled,jitter,medium,na,greys,grey,bracket+p_value,exact,LB,none,in_caption,yes,small,medium,"IL2 cytokine, same styling",PRIVATE_REFERENCE_ONLY/corpus/PMC13562587/figures/Fig6.webp,gc_nature
Nature Communications,PMC13562587,2026,10.1038/s41467-026-77465-5,6,h/4,bar+points,2,caption:6/5,yes,mean,caption,SEM,caption,small,none,filled,jitter,medium,na,greys,grey,bracket+p_value,exact,LB,none,in_caption,yes,small,medium,"IFNg cytokine, same styling",PRIVATE_REFERENCE_ONLY/corpus/PMC13562587/figures/Fig6.webp,gc_nature
Nature Communications,PMC13562587,2026,10.1038/s41467-026-77465-5,6,h/5,bar+points,2,caption:6/5,yes,mean,caption,SEM,caption,small,none,filled,jitter,medium,na,greys,grey,bracket+p_value,exact,LB,none,in_caption,yes,small,medium,"TNFa cytokine, same styling; panels c, e and f are paired slope plots with connecting lines and were not coded",PRIVATE_REFERENCE_ONLY/corpus/PMC13562587/figures/Fig6.webp,gc_nature
Nature Biotechnology,PMC13461360,2026,10.1038/s41587-025-02816-4,1,c,bar+points,21x2,caption:n=2-3,yes,mean,caption,CI,caption,small,same_colour,filled,jitter,narrow,na,multi_categorical,coloured,none,none,LB,inside,in_caption,yes,medium,medium,"ortholog panel ordered by activity, paired TPS/no-TPS bars per ortholog with replicate dots",PRIVATE_REFERENCE_ONLY/corpus/PMC13461360/figures/Fig1.jpg,gc_nature
Nature Biotechnology,PMC13461360,2026,10.1038/s41587-025-02816-4,1,e,bar+points,2x2,caption:n=3,yes,mean,caption,CI,caption,small,dark,filled,jitter,narrow,na,greys,black,none,none,LB,inside,in_caption,yes,small,medium,WT black vs StA grey bars for two orthologs,PRIVATE_REFERENCE_ONLY/corpus/PMC13461360/figures/Fig1.jpg,gc_nature
Nature Biotechnology,PMC13461360,2026,10.1038/s41587-025-02816-4,1,f,bar+points,4,"caption:n=1, ~8-12 dots per bar",yes,mean,caption,CI,caption,small,same_colour,filled,jitter,medium,na,single_accent,coloured,none,none,LB,none,in_caption,yes,small,medium,"green bars with many overlaid assay dots, no-TPS control drawn in same green",PRIVATE_REFERENCE_ONLY/corpus/PMC13461360/figures/Fig1.jpg,gc_nature
Nature Biotechnology,PMC13461360,2026,10.1038/s41587-025-02816-4,2,b/1,violin,2,unknown,no,median,caption,IQR_whiskers,caption,na,na,na,na,na,narrow,multi_categorical,coloured,none,none,box,none,none,no,small,medium,"sequence identity, violin with internal box plot, fine-tuned vs natural cluster",PRIVATE_REFERENCE_ONLY/corpus/PMC13461360/figures/Fig2.jpg,gc_nature
Nature Biotechnology,PMC13461360,2026,10.1038/s41587-025-02816-4,2,b/2,violin,2,unknown,no,median,caption,IQR_whiskers,caption,na,na,na,na,na,narrow,multi_categorical,coloured,none,none,box,none,none,no,small,medium,"pLDDT, violin with internal box plot",PRIVATE_REFERENCE_ONLY/corpus/PMC13461360/figures/Fig2.jpg,gc_nature
Nature Biotechnology,PMC13461360,2026,10.1038/s41587-025-02816-4,2,b/3,violin,2,unknown,no,median,caption,IQR_whiskers,caption,na,na,na,na,na,narrow,multi_categorical,coloured,none,none,box,none,none,no,small,medium,"ESM1v score, violin with internal box plot",PRIVATE_REFERENCE_ONLY/corpus/PMC13461360/figures/Fig2.jpg,gc_nature
Nature Biotechnology,PMC13461360,2026,10.1038/s41587-025-02816-4,2,b/4,violin,2,unknown,no,median,caption,IQR_whiskers,caption,na,na,na,na,na,narrow,multi_categorical,coloured,none,none,box,none,none,no,small,medium,"ProteinMPNN score, violin with internal box plot",PRIVATE_REFERENCE_ONLY/corpus/PMC13461360/figures/Fig2.jpg,gc_nature
Nature Biotechnology,PMC13461360,2026,10.1038/s41587-025-02816-4,2,c,bar+points,22,4 trial means per bar (caption:n=5),yes,mean,caption,none,none,small,dark,open,jitter,medium,na,greys,coloured,none,none,LB,none,in_caption,yes,medium,medium,"grey ranked bars for generated variants with HyPB reference highlighted green, trial-mean dots overlaid",PRIVATE_REFERENCE_ONLY/corpus/PMC13461360/figures/Fig2.jpg,gc_nature
Nature Biotechnology,PMC13461360,2026,10.1038/s41587-025-02816-4,2,e,bar+points,6,caption:n=3,yes,mean,caption,CI,caption,small,dark,filled,jitter,medium,na,single_accent,coloured,none,none,LB,none,in_caption,yes,small,medium,"green bars, targeted integration of top variants, no-TPS control at right; ranked correlation bar panel d skipped",PRIVATE_REFERENCE_ONLY/corpus/PMC13461360/figures/Fig2.jpg,gc_nature
Nature Biotechnology,PMC13461360,2026,10.1038/s41587-025-02816-4,2,f,bar+points,5x2,caption:n=2,yes,mean,caption,CI,caption,small,dark,filled,jitter,narrow,na,multi_categorical,coloured,none,none,LB,inside,in_caption,yes,small,medium,"two target loci per transposase, dark navy and teal bars",PRIVATE_REFERENCE_ONLY/corpus/PMC13461360/figures/Fig2.jpg,gc_nature
Nature Biotechnology,PMC13461360,2026,10.1038/s41587-025-02816-4,2,g,bar+points,2x2,caption:n=2,yes,mean,caption,CI,caption,small,dark,filled,jitter,narrow,na,multi_categorical,coloured,none,none,LB,inside,in_caption,yes,small,medium,no-TPS vs TPS bars for HyPB and Poetur in primary T cells,PRIVATE_REFERENCE_ONLY/corpus/PMC13461360/figures/Fig2.jpg,gc_nature
Nature Biotechnology,PMC13461360,2026,10.1038/s41587-025-02816-4,2,h,bar+points,4,caption:n=3,yes,mean,caption,CI,caption,small,dark,filled,jitter,medium,na,single_accent,coloured,none,none,LB,none,in_caption,yes,small,medium,"cream bars, nontargeted integration in primary T cells",PRIVATE_REFERENCE_ONLY/corpus/PMC13461360/figures/Fig2.jpg,gc_nature
Nature Communications,PMC13569489,2026,10.1038/s41467-026-77291-9,2,b,other,6x3,caption:n=3,no,mean,caption,SD,caption,medium,same_colour,open,centered,na,na,multi_categorical,coloured,none,none,box,inside,in_caption,no,medium,medium,"mean +- s.d. open-circle markers for six catalysts at three current densities, markers joined by dotted guide lines; only group-comparison panel in this paper",PRIVATE_REFERENCE_ONLY/corpus/PMC13569489/figures/Fig2.webp,gc_nature
Nature Communications,PMC13562587,2026,10.1038/s41467-026-77465-5,5,e/1,box,4,caption:11,no,median,caption,IQR_whiskers,caption,na,na,na,na,na,narrow,single_accent,coloured,bracket+p_value,exact,LB,none,in_caption,no,small,medium,"MPZL1 KO tumour growth fold change at day 0/4/8/endpoint; magenta outline boxes, whiskers to min and max, one square bracket with bare p value 0.0014; categories are time points within one treatment group",PRIVATE_REFERENCE_ONLY/corpus/PMC13562587/figures/Fig5.webp,gc_nature
Nature Communications,PMC13562587,2026,10.1038/s41467-026-77465-5,5,e/2,box,4,caption:11,no,median,caption,IQR_whiskers,caption,na,na,na,na,na,narrow,single_accent,coloured,bracket+p_value,exact,LB,none,in_caption,no,small,medium,"MPZL1-high tumour growth, same blue outline box style; dotted horizontal reference lines at 1.0 and 0",PRIVATE_REFERENCE_ONLY/corpus/PMC13562587/figures/Fig5.webp,gc_nature
Nature Communications,PMC13562587,2026,10.1038/s41467-026-77465-5,3,c,bar+points,8,1/1/1/1/1/1/1/1,yes,none,none,none,none,medium,same_colour,filled,centered,medium,na,single_accent,grey,none,none,LB,none,in_caption,yes,small,medium,"MPZL1-ChAb binding of DTCs; three grey control bars then five green patient bars separated by a dotted vertical line, one dot per bar because n = 1 per sample; one control bar is negative so bars sit either side of zero",PRIVATE_REFERENCE_ONLY/corpus/PMC13562587/figures/Fig3.webp,gc_nature
Communications biology,PMC12868620,2025,10.1038/s42003-025-09432-7,1,d/1,violin+points,4,~40/~40/~40/~40,yes,unknown,none,unknown,none,small,same_colour,filled,jitter,na,na,multi_categorical,coloured,bracket+stars,stars,LB,outside,none,yes,small,medium,YO-PRO-1 uptake per cell line at 0 mM Ca2+; violins coloured per cell line (cyan/green/red/purple) with same-colour points; colour key shared with panel c,../make_my_plot/figure_library/nature/2025_Kielbik_nanosecond_pulsed_electric_fields_induce/figures/fig01_Fig1.jpg,gc_nature
Communications biology,PMC12868620,2025,10.1038/s42003-025-09432-7,1,d/2,violin+points,4,~40/~40/~40/~40,yes,unknown,none,unknown,none,small,same_colour,filled,jitter,na,na,multi_categorical,coloured,bracket+stars,stars,LB,outside,none,yes,small,medium,YO-PRO-1 uptake per cell line at 2 mM Ca2+; violins coloured per cell line (cyan/green/red/purple) with same-colour points; colour key shared with panel c,../make_my_plot/figure_library/nature/2025_Kielbik_nanosecond_pulsed_electric_fields_induce/figures/fig01_Fig1.jpg,gc_nature
Communications biology,PMC12868620,2025,10.1038/s42003-025-09432-7,1,d/3,violin+points,4,~40/~40/~40/~40,yes,unknown,none,unknown,none,small,same_colour,filled,jitter,na,na,multi_categorical,coloured,bracket+stars,stars,LB,outside,none,yes,small,medium,YO-PRO-1 uptake per cell line at 5 mM Ca2+; violins coloured per cell line (cyan/green/red/purple) with same-colour points; colour key shared with panel c,../make_my_plot/figure_library/nature/2025_Kielbik_nanosecond_pulsed_electric_fields_induce/figures/fig01_Fig1.jpg,gc_nature
Communications biology,PMC12868620,2025,10.1038/s42003-025-09432-7,2,c/1,bar+points,4x3,~15-20 per bar,yes,mean,inferred,unknown,inferred,small,dark,filled,jitter,medium,na,multi_categorical,coloured,bracket+stars,stars,LB,above,none,yes,small,medium,time constant tau at 11.5 kV/cm; grouped bars (green/red/blue = 0/2/5 mM Ca2+) x 4 cell lines with black points and error bars; dashed vertical separators between cell lines,../make_my_plot/figure_library/nature/2025_Kielbik_nanosecond_pulsed_electric_fields_induce/figures/fig02_Fig2.jpg,gc_nature
Communications biology,PMC12868620,2025,10.1038/s42003-025-09432-7,2,c/2,bar+points,4x3,~15-20 per bar,yes,mean,inferred,unknown,inferred,small,dark,filled,jitter,medium,na,multi_categorical,coloured,bracket+stars,stars,LB,above,none,yes,small,medium,time constant tau at 10 kV/cm; grouped bars (green/red/blue = 0/2/5 mM Ca2+) x 4 cell lines with black points and error bars; dashed vertical separators between cell lines,../make_my_plot/figure_library/nature/2025_Kielbik_nanosecond_pulsed_electric_fields_induce/figures/fig02_Fig2.jpg,gc_nature
Communications biology,PMC12868620,2025,10.1038/s42003-025-09432-7,2,c/3,bar+points,4x3,~15-20 per bar,yes,mean,inferred,unknown,inferred,small,dark,filled,jitter,medium,na,multi_categorical,coloured,bracket+stars,stars,LB,above,none,yes,small,medium,time constant tau at 7.5 kV/cm; grouped bars (green/red/blue = 0/2/5 mM Ca2+) x 4 cell lines with black points and error bars; dashed vertical separators between cell lines,../make_my_plot/figure_library/nature/2025_Kielbik_nanosecond_pulsed_electric_fields_induce/figures/fig02_Fig2.jpg,gc_nature
Communications biology,PMC12868620,2025,10.1038/s42003-025-09432-7,3,b/1,violin+points,4,caption:n=18,yes,unknown,none,unknown,none,small,same_colour,filled,jitter,na,na,multi_categorical,coloured,bracket+stars,stars,LB,above,none,yes,small,medium,"Cell Area per cell line (HBLAK cyan, SV-HUC-1 green, T24 purple, UM-UC-3 red); thin violins with same-colour points; colour key above panel",../make_my_plot/figure_library/nature/2025_Kielbik_nanosecond_pulsed_electric_fields_induce/figures/fig03_Fig3.jpg,gc_nature
Communications biology,PMC12868620,2025,10.1038/s42003-025-09432-7,3,b/2,violin+points,4,caption:n=18,yes,unknown,none,unknown,none,small,same_colour,filled,jitter,na,na,multi_categorical,coloured,none,none,LB,above,none,yes,small,medium,"Form Factor per cell line (HBLAK cyan, SV-HUC-1 green, T24 purple, UM-UC-3 red); thin violins with same-colour points; colour key above panel",../make_my_plot/figure_library/nature/2025_Kielbik_nanosecond_pulsed_electric_fields_induce/figures/fig03_Fig3.jpg,gc_nature
Communications biology,PMC12868620,2025,10.1038/s42003-025-09432-7,3,b/3,violin+points,4,caption:n=18,yes,unknown,none,unknown,none,small,same_colour,filled,jitter,na,na,multi_categorical,coloured,bracket+stars,stars,LB,above,none,yes,small,medium,"Major Axis per cell line (HBLAK cyan, SV-HUC-1 green, T24 purple, UM-UC-3 red); thin violins with same-colour points; colour key above panel",../make_my_plot/figure_library/nature/2025_Kielbik_nanosecond_pulsed_electric_fields_induce/figures/fig03_Fig3.jpg,gc_nature
Communications biology,PMC12868620,2025,10.1038/s42003-025-09432-7,3,b/4,violin+points,4,caption:n=18,yes,unknown,none,unknown,none,small,same_colour,filled,jitter,na,na,multi_categorical,coloured,bracket+stars,stars,LB,above,none,yes,small,medium,"Minor axis per cell line (HBLAK cyan, SV-HUC-1 green, T24 purple, UM-UC-3 red); thin violins with same-colour points; colour key above panel",../make_my_plot/figure_library/nature/2025_Kielbik_nanosecond_pulsed_electric_fields_induce/figures/fig03_Fig3.jpg,gc_nature
Communications biology,PMC12868620,2025,10.1038/s42003-025-09432-7,3,d/1,violin+points,3,unknown,yes,unknown,none,unknown,none,small,same_colour,filled,jitter,na,na,multi_categorical,coloured,bracket+stars,stars,LB,outside,none,yes,small,medium,"Cell Area in tissue: normal urothelium green, bladder cancer red, LN metastasis blue; narrow violins with points; y axis truncated for Form Factor (0.5-1.0)",../make_my_plot/figure_library/nature/2025_Kielbik_nanosecond_pulsed_electric_fields_induce/figures/fig03_Fig3.jpg,gc_nature
Communications biology,PMC12868620,2025,10.1038/s42003-025-09432-7,3,d/2,violin+points,3,unknown,yes,unknown,none,unknown,none,small,same_colour,filled,jitter,na,na,multi_categorical,coloured,bracket+stars,stars,LB,outside,none,no,small,medium,"Form Factor in tissue: normal urothelium green, bladder cancer red, LN metastasis blue; narrow violins with points; y axis truncated for Form Factor (0.5-1.0)",../make_my_plot/figure_library/nature/2025_Kielbik_nanosecond_pulsed_electric_fields_induce/figures/fig03_Fig3.jpg,gc_nature
Communications biology,PMC12868620,2025,10.1038/s42003-025-09432-7,4,a/1,bar+points,5,caption:n=30,yes,mean,caption,SEM,caption,small,dark,filled,jitter,wide,na,multi_categorical,coloured,bracket+stars,stars,LB,outside,none,yes,small,medium,"2D projected spheroid area across RT4, SV-HUC-1, PDO 270/319/154; coloured bars with black points and error bars; colour key at right",../make_my_plot/figure_library/nature/2025_Kielbik_nanosecond_pulsed_electric_fields_induce/figures/fig04_Fig4.jpg,gc_nature
Communications biology,PMC12868620,2025,10.1038/s42003-025-09432-7,4,a/2,bar+points,5,caption:n=30,yes,mean,caption,SEM,caption,small,dark,filled,jitter,wide,na,multi_categorical,coloured,none,none,LB,outside,none,yes,small,medium,"Mean Radius across RT4, SV-HUC-1, PDO 270/319/154; coloured bars with black points and error bars; colour key at right",../make_my_plot/figure_library/nature/2025_Kielbik_nanosecond_pulsed_electric_fields_induce/figures/fig04_Fig4.jpg,gc_nature
Communications biology,PMC12868620,2025,10.1038/s42003-025-09432-7,4,a/3,bar+points,5,caption:n=30,yes,mean,caption,SEM,caption,small,dark,filled,jitter,wide,na,multi_categorical,coloured,bracket+stars,stars,LB,outside,none,yes,small,medium,"Form Factor across RT4, SV-HUC-1, PDO 270/319/154; coloured bars with black points and error bars; colour key at right",../make_my_plot/figure_library/nature/2025_Kielbik_nanosecond_pulsed_electric_fields_induce/figures/fig04_Fig4.jpg,gc_nature
Communications biology,PMC12868620,2025,10.1038/s42003-025-09432-7,4,b/1,bar,3,unknown,no,none,none,none,none,na,na,na,na,medium,na,multi_categorical,na,none,none,LB,none,none,yes,small,medium,"horizontal bars of GATA3 IHC score for BCO 154/270/319, one colour per organoid line, no error bars",../make_my_plot/figure_library/nature/2025_Kielbik_nanosecond_pulsed_electric_fields_induce/figures/fig04_Fig4.jpg,gc_nature
Communications biology,PMC12868620,2025,10.1038/s42003-025-09432-7,4,b/2,bar,3,unknown,no,none,none,none,none,na,na,na,na,medium,na,multi_categorical,na,none,none,LB,none,none,yes,small,medium,"horizontal bars of CK5/6 IHC score for BCO 154/270/319, one colour per organoid line, no error bars",../make_my_plot/figure_library/nature/2025_Kielbik_nanosecond_pulsed_electric_fields_induce/figures/fig04_Fig4.jpg,gc_nature
Communications biology,PMC12868620,2025,10.1038/s42003-025-09432-7,4,b/3,bar,3,unknown,no,none,none,none,none,na,na,na,na,medium,na,multi_categorical,na,none,none,LB,none,none,yes,small,medium,"horizontal bars of CK5/14 IHC score for BCO 154/270/319, one colour per organoid line, no error bars",../make_my_plot/figure_library/nature/2025_Kielbik_nanosecond_pulsed_electric_fields_induce/figures/fig04_Fig4.jpg,gc_nature
Communications biology,PMC12868620,2025,10.1038/s42003-025-09432-7,4,b/4,bar,3,unknown,no,none,none,none,none,na,na,na,na,medium,na,multi_categorical,na,none,none,LB,none,none,yes,small,medium,"horizontal bars of CK20 IHC score for BCO 154/270/319, one colour per organoid line, no error bars",../make_my_plot/figure_library/nature/2025_Kielbik_nanosecond_pulsed_electric_fields_induce/figures/fig04_Fig4.jpg,gc_nature
Communications biology,PMC12868620,2025,10.1038/s42003-025-09432-7,5,d/1,violin+points,5,~100+ per group,yes,median,inferred,IQR_whiskers,inferred,small,same_colour,filled,jitter,na,na,multi_categorical,coloured,bracket+stars,mixed,LB,above,none,yes,small,medium,cell area per organoid/cell line; dense same-colour points with solid median and dashed quartile lines; ns text plus stars; colour key above between c and d,../make_my_plot/figure_library/nature/2025_Kielbik_nanosecond_pulsed_electric_fields_induce/figures/fig05_Fig5.jpg,gc_nature
Communications biology,PMC12868620,2025,10.1038/s42003-025-09432-7,6,c/1,bar+points,2x2,~8-10 per bar,yes,mean,inferred,unknown,inferred,small,dark,filled,jitter,medium,na,single_accent,grey,bracket+stars,mixed,LB,outside,none,yes,small,medium,"spheroid stiffness Before PEFs exposure; grouped bars grey (SV-HUC-1 normal) vs green (RT4 cancer) at 0 and 2 mM Ca2+, black points, ns text and stars, dashed horizontal gridlines, legend below panel",../make_my_plot/figure_library/nature/2025_Kielbik_nanosecond_pulsed_electric_fields_induce/figures/fig06_Fig6.jpg,gc_nature
Communications biology,PMC12868620,2025,10.1038/s42003-025-09432-7,6,c/2,bar+points,2x2,~8-10 per bar,yes,mean,inferred,unknown,inferred,small,dark,filled,jitter,medium,na,single_accent,grey,bracket+stars,mixed,LB,outside,none,yes,small,medium,"spheroid stiffness 10 min after PEFs exposure; grouped bars grey (SV-HUC-1 normal) vs green (RT4 cancer) at 0 and 2 mM Ca2+, black points, ns text and stars, dashed horizontal gridlines, legend below panel",../make_my_plot/figure_library/nature/2025_Kielbik_nanosecond_pulsed_electric_fields_induce/figures/fig06_Fig6.jpg,gc_nature
Nature Cell Biology,PMC13457102,2026,10.1038/s41556-026-02009-4,8,d/1,violin,2,unknown,no,unknown,none,none,none,na,na,na,na,na,na,multi_categorical,na,none,none,LB,outside,none,yes,small,medium,"Fig 8 d+e hold 26 small plots (15 metabolite box plots, 11 gene violins); first 10 of panel d recorded in pathway order; HK1 scRNA expression AIC red vs V1 blue violins, no inner box",PRIVATE_REFERENCE_ONLY/corpus/PMC13457102/figures/Fig8.jpg,gc_nature
Nature Cell Biology,PMC13457102,2026,10.1038/s41556-026-02009-4,8,d/2,box+points,3,6/6/7,yes,median,caption,IQR_whiskers,caption,small,same_colour,open,jitter,na,medium,multi_categorical,na,none,none,LB,outside,in_caption,no,small,medium,"Fig 8 d+e hold 26 small plots (15 metabolite box plots, 11 gene violins); first 10 of panel d recorded in pathway order; Glucose peak area AIC/PrC/V1; y axis x10^5 not from zero",PRIVATE_REFERENCE_ONLY/corpus/PMC13457102/figures/Fig8.jpg,gc_nature
Nature Cell Biology,PMC13457102,2026,10.1038/s41556-026-02009-4,8,d/3,box+points,3,6/6/7,yes,median,caption,IQR_whiskers,caption,small,same_colour,open,jitter,na,medium,multi_categorical,na,none,none,LB,outside,in_caption,no,small,medium,"Fig 8 d+e hold 26 small plots (15 metabolite box plots, 11 gene violins); first 10 of panel d recorded in pathway order; G-6-P peak area",PRIVATE_REFERENCE_ONLY/corpus/PMC13457102/figures/Fig8.jpg,gc_nature
Nature Cell Biology,PMC13457102,2026,10.1038/s41556-026-02009-4,8,d/4,violin,2,unknown,no,unknown,none,none,none,na,na,na,na,na,na,multi_categorical,na,none,none,LB,outside,none,yes,small,medium,"Fig 8 d+e hold 26 small plots (15 metabolite box plots, 11 gene violins); first 10 of panel d recorded in pathway order; PFKM violin",PRIVATE_REFERENCE_ONLY/corpus/PMC13457102/figures/Fig8.jpg,gc_nature
Nature Cell Biology,PMC13457102,2026,10.1038/s41556-026-02009-4,8,d/5,box+points,3,6/6/7,yes,median,caption,IQR_whiskers,caption,small,same_colour,open,jitter,na,medium,multi_categorical,na,line+p_value,exact,LB,outside,in_caption,no,small,medium,"Fig 8 d+e hold 26 small plots (15 metabolite box plots, 11 gene violins); first 10 of panel d recorded in pathway order; F-6-P peak area; two stacked lines with exact P",PRIVATE_REFERENCE_ONLY/corpus/PMC13457102/figures/Fig8.jpg,gc_nature
Nature Cell Biology,PMC13457102,2026,10.1038/s41556-026-02009-4,8,d/6,violin,2,unknown,no,unknown,none,none,none,na,na,na,na,na,na,multi_categorical,na,none,none,LB,outside,none,yes,small,medium,"Fig 8 d+e hold 26 small plots (15 metabolite box plots, 11 gene violins); first 10 of panel d recorded in pathway order; ALDOC violin",PRIVATE_REFERENCE_ONLY/corpus/PMC13457102/figures/Fig8.jpg,gc_nature
Nature Cell Biology,PMC13457102,2026,10.1038/s41556-026-02009-4,8,d/7,box+points,3,6/6/7,yes,median,caption,IQR_whiskers,caption,small,same_colour,open,jitter,na,medium,multi_categorical,na,none,none,LB,outside,in_caption,no,small,medium,"Fig 8 d+e hold 26 small plots (15 metabolite box plots, 11 gene violins); first 10 of panel d recorded in pathway order; F-1,6-P peak area",PRIVATE_REFERENCE_ONLY/corpus/PMC13457102/figures/Fig8.jpg,gc_nature
Nature Cell Biology,PMC13457102,2026,10.1038/s41556-026-02009-4,8,d/8,violin,2,unknown,no,unknown,none,none,none,na,na,na,na,na,na,multi_categorical,na,none,none,LB,outside,none,yes,small,medium,"Fig 8 d+e hold 26 small plots (15 metabolite box plots, 11 gene violins); first 10 of panel d recorded in pathway order; GAPDH violin",PRIVATE_REFERENCE_ONLY/corpus/PMC13457102/figures/Fig8.jpg,gc_nature
Nature Cell Biology,PMC13457102,2026,10.1038/s41556-026-02009-4,8,d/9,violin,2,unknown,no,unknown,none,none,none,na,na,na,na,na,na,multi_categorical,na,none,none,LB,outside,none,yes,small,medium,"Fig 8 d+e hold 26 small plots (15 metabolite box plots, 11 gene violins); first 10 of panel d recorded in pathway order; PGK1 violin",PRIVATE_REFERENCE_ONLY/corpus/PMC13457102/figures/Fig8.jpg,gc_nature
Nature Cell Biology,PMC13457102,2026,10.1038/s41556-026-02009-4,8,d/10,box+points,3,6/6/7,yes,median,caption,IQR_whiskers,caption,small,same_colour,open,jitter,na,medium,multi_categorical,na,line+p_value,exact,LB,outside,in_caption,no,small,medium,"Fig 8 d+e hold 26 small plots (15 metabolite box plots, 11 gene violins); first 10 of panel d recorded in pathway order; 3-PGA peak area; two lines with exact P",PRIVATE_REFERENCE_ONLY/corpus/PMC13457102/figures/Fig8.jpg,gc_nature
Nature Biotechnology,PMC13368584,2026,10.1038/s41587-025-02791-w,2,g,bar,3,unknown,no,none,none,none,none,na,na,na,na,wide,na,single_accent,na,none,none,LB,none,none,yes,small,high,"Precursor counts per replicate, teal bars with value labels above; panel a (ranked feature-importance box plots of 21 features) skipped as ranked list; h,i stacked bars skipped; j single violin skipped",PRIVATE_REFERENCE_ONLY/corpus/PMC13368584/figures/Fig2.jpg,gc_nature
Nature Biotechnology,PMC13368584,2026,10.1038/s41587-025-02791-w,4,b,bar,2x5,unknown,no,none,none,none,none,na,na,na,na,medium,na,multi_categorical,na,none,none,LB,outside,none,yes,medium,high,Grouped bars Yeast/Mouse x 5 software with rotated value labels inside bars; shared legend printed at top of panel d,PRIVATE_REFERENCE_ONLY/corpus/PMC13368584/figures/Fig4.jpg,gc_nature
Nature Biotechnology,PMC13368584,2026,10.1038/s41587-025-02791-w,4,c,bar,2x5,unknown,no,none,none,none,none,na,na,na,na,medium,na,multi_categorical,na,none,none,LB,outside,none,yes,medium,high,same style as b on timsTOF,PRIVATE_REFERENCE_ONLY/corpus/PMC13368584/figures/Fig4.jpg,gc_nature
Nature Biotechnology,PMC13368584,2026,10.1038/s41587-025-02791-w,4,d/1,bar,6x5,unknown,no,none,none,none,none,na,na,na,na,medium,na,multi_categorical,na,none,none,LB,above,none,yes,large,high,Quantifiable protein groups across 6 spike-in ratios x 5 software; legend row above the panel,PRIVATE_REFERENCE_ONLY/corpus/PMC13368584/figures/Fig4.jpg,gc_nature
Nature Biotechnology,PMC13368584,2026,10.1038/s41587-025-02791-w,4,d/2,box,6x5,unknown,no,median,inferred,IQR_whiskers,inferred,na,na,na,na,na,narrow,multi_categorical,na,none,none,LB,above,none,yes,large,medium,CV box plots grouped 6 ratios x 5 software; whiskers to ~100%; dashed reference lines at 10/20/30%; caption says box plot defined per Methods,PRIVATE_REFERENCE_ONLY/corpus/PMC13368584/figures/Fig4.jpg,gc_nature
Nature Biotechnology,PMC13368584,2026,10.1038/s41587-025-02791-w,5,b,bar,5,caption:n=6,no,mean,caption,unknown,inferred,na,na,na,na,wide,na,multi_categorical,na,none,none,LB,outside,in_caption,yes,small,medium,Mean precursors per search engine with small black error bars (type unstated) and rotated value labels; legend below panels b/c,PRIVATE_REFERENCE_ONLY/corpus/PMC13368584/figures/Fig5.jpg,gc_nature
Nature Biotechnology,PMC13368584,2026,10.1038/s41587-025-02791-w,5,c,bar,5,caption:n=6,no,mean,caption,unknown,inferred,na,na,na,na,wide,na,multi_categorical,na,none,none,LB,outside,in_caption,yes,small,medium,same style as b for modified peptides,PRIVATE_REFERENCE_ONLY/corpus/PMC13368584/figures/Fig5.jpg,gc_nature
Nature Biotechnology,PMC13368584,2026,10.1038/s41587-025-02791-w,5,d,bar,5x4,unknown,no,none,none,none,none,na,na,na,na,medium,na,multi_categorical,na,none,none,LB,above,none,yes,medium,high,Protein groups at CV cutoffs; each software its own hue with 4 lightness steps; value table under x axis; panel e (processing-time breakdown) skipped,PRIVATE_REFERENCE_ONLY/corpus/PMC13368584/figures/Fig5.jpg,gc_nature
Nature Biotechnology,PMC13368584,2026,10.1038/s41587-025-02791-w,5,f,bar,3x2,unknown,no,none,none,none,none,na,na,na,na,medium,na,single_accent,na,none,none,LB,above,none,yes,medium,high,Entrapment FDR teal vs light-teal bars with value labels; dashed 1% reference line,PRIVATE_REFERENCE_ONLY/corpus/PMC13368584/figures/Fig5.jpg,gc_nature
Nature Biotechnology,PMC13368584,2026,10.1038/s41587-025-02791-w,5,i,box,3,unknown,no,median,inferred,IQR_whiskers,inferred,na,na,na,na,na,narrow,multi_categorical,na,none,none,LB,none,none,no,small,medium,Right sub-panel of i: very narrow box plots of log2 ratio for Human/Yeast/E. coli with stacked outlier dots; dashed expected-ratio lines; left part is XY scatter (skipped),PRIVATE_REFERENCE_ONLY/corpus/PMC13368584/figures/Fig5.jpg,gc_nature
Nature Biotechnology,PMC13368584,2026,10.1038/s41587-025-02791-w,6,f,bar,4,unknown,no,none,none,none,none,na,na,na,na,wide,na,single_accent,na,none,none,LB,none,none,yes,small,high,Unique precursors Default/RT/MS2/RT+MS2 teal bars with value labels above,PRIVATE_REFERENCE_ONLY/corpus/PMC13368584/figures/Fig6.jpg,gc_nature
Nature Biotechnology,PMC13368584,2026,10.1038/s41587-025-02791-w,6,g,violin,3,unknown,no,unknown,none,none,none,na,na,na,na,na,na,single_accent,na,none,none,LB,none,none,yes,small,medium,"Retention-time-deviation violins with value text (317.4 s etc.) and small dot inside, statistic type unstated",PRIVATE_REFERENCE_ONLY/corpus/PMC13368584/figures/Fig6.jpg,gc_nature
Nature Biotechnology,PMC13368584,2026,10.1038/s41587-025-02791-w,6,h,violin,2,unknown,no,unknown,none,none,none,na,na,na,na,na,na,single_accent,na,none,none,LB,none,none,no,small,medium,Spectral correlation violins Default vs Transfer learning with value text 0.53/0.85; y -1 to 1,PRIVATE_REFERENCE_ONLY/corpus/PMC13368584/figures/Fig6.jpg,gc_nature
Nature Biotechnology,PMC13368584,2026,10.1038/s41587-025-02791-w,6,i,bar,4,unknown,no,none,none,none,none,na,na,na,na,wide,na,single_accent,na,none,none,LB,none,none,yes,small,high,Unique precursors by modification type; rotated value labels above bars; x labels rotated 45 deg,PRIVATE_REFERENCE_ONLY/corpus/PMC13368584/figures/Fig6.jpg,gc_nature
Nature Methods,PMC13541614,2026,10.1038/s41592-026-03137-3,2,b/1,bar,5,unknown,no,none,none,none,none,na,na,na,na,medium,na,multi_categorical,coloured,none,none,box,outside,none,no,small,medium,"Model benchmark bars (Spearman rho), one bar per model coloured by model family, no replicates or error bars, y axis truncated at 0.40, shared legend below panel b, category labels rotated 45 deg",PRIVATE_REFERENCE_ONLY/corpus/PMC13541614/figures/Fig2.webp,gc_nature
Nature Methods,PMC13541614,2026,10.1038/s41592-026-03137-3,2,b/2,bar,5,unknown,no,none,none,none,none,na,na,na,na,medium,na,multi_categorical,coloured,none,none,box,outside,none,no,small,medium,"Pearson R version of b/1, same truncated y axis",PRIVATE_REFERENCE_ONLY/corpus/PMC13541614/figures/Fig2.webp,gc_nature
Nature Methods,PMC13541614,2026,10.1038/s41592-026-03137-3,2,b/3,bar,5,unknown,no,none,none,none,none,na,na,na,na,medium,na,multi_categorical,coloured,none,none,box,outside,none,no,small,medium,"AUROC version of b/1, y axis starts at 0.60",PRIVATE_REFERENCE_ONLY/corpus/PMC13541614/figures/Fig2.webp,gc_nature
Nature Methods,PMC13541614,2026,10.1038/s41592-026-03137-3,2,c/1,bar,6,unknown,no,none,none,none,none,na,na,na,na,medium,na,multi_categorical,coloured,none,none,box,outside,none,yes,small,medium,Double-mutation Spearman rho bars including ThermoMPNN reference in cream; axis starts at zero,PRIVATE_REFERENCE_ONLY/corpus/PMC13541614/figures/Fig2.webp,gc_nature
Nature Methods,PMC13541614,2026,10.1038/s41592-026-03137-3,2,c/2,bar,6,unknown,no,none,none,none,none,na,na,na,na,medium,na,multi_categorical,coloured,none,none,box,outside,none,yes,small,medium,Pearson R version of c/1,PRIVATE_REFERENCE_ONLY/corpus/PMC13541614/figures/Fig2.webp,gc_nature
Nature Methods,PMC13541614,2026,10.1038/s41592-026-03137-3,2,e/1,bar,6,unknown,no,none,none,none,none,na,na,na,na,medium,na,multi_categorical,coloured,none,none,box,outside,none,yes,small,medium,"FireProt Spearman rho bars, same palette and zero baseline; panel d is a ranked dot plot of 25 literature methods and was not coded",PRIVATE_REFERENCE_ONLY/corpus/PMC13541614/figures/Fig2.webp,gc_nature
Nature Methods,PMC13541614,2026,10.1038/s41592-026-03137-3,2,e/2,bar,6,unknown,no,none,none,none,none,na,na,na,na,medium,na,multi_categorical,coloured,none,none,box,outside,none,yes,small,medium,FireProt Pearson R bars,PRIVATE_REFERENCE_ONLY/corpus/PMC13541614/figures/Fig2.webp,gc_nature
Nature Methods,PMC13541614,2026,10.1038/s41592-026-03137-3,3,b/1,bar,6,unknown,no,none,none,none,none,na,na,na,na,medium,na,multi_categorical,coloured,none,none,box,outside,none,no,small,medium,"SKEMPIv2 Spearman rho bars, one bar per model, truncated y axis starting at 0.20, legend below the panel block",PRIVATE_REFERENCE_ONLY/corpus/PMC13541614/figures/Fig3.webp,gc_nature
Nature Methods,PMC13541614,2026,10.1038/s41592-026-03137-3,3,b/2,bar,6,unknown,no,none,none,none,none,na,na,na,na,medium,na,multi_categorical,coloured,none,none,box,outside,none,no,small,medium,"SKEMPIv2 Pearson R bars, truncated axis",PRIVATE_REFERENCE_ONLY/corpus/PMC13541614/figures/Fig3.webp,gc_nature
Nature Methods,PMC13541614,2026,10.1038/s41592-026-03137-3,3,b/3,bar,6,unknown,no,none,none,none,none,na,na,na,na,medium,na,multi_categorical,coloured,none,none,box,outside,none,no,small,medium,"SKEMPIv2 AUROC bars, truncated axis starting at 0.500",PRIVATE_REFERENCE_ONLY/corpus/PMC13541614/figures/Fig3.webp,gc_nature
Nature Methods,PMC13541614,2026,10.1038/s41592-026-03137-3,3,b/4,bar,6,unknown,no,none,none,none,none,na,na,na,na,medium,na,multi_categorical,coloured,none,none,box,outside,none,no,small,medium,AB-Bind average Spearman rho bars,PRIVATE_REFERENCE_ONLY/corpus/PMC13541614/figures/Fig3.webp,gc_nature
Nature Methods,PMC13541614,2026,10.1038/s41592-026-03137-3,3,b/5,bar,6,unknown,no,none,none,none,none,na,na,na,na,medium,na,multi_categorical,coloured,none,none,box,outside,none,no,small,medium,AB-Bind average Pearson R bars,PRIVATE_REFERENCE_ONLY/corpus/PMC13541614/figures/Fig3.webp,gc_nature
Nature Methods,PMC13541614,2026,10.1038/s41592-026-03137-3,3,b/6,bar,6,unknown,no,none,none,none,none,na,na,na,na,medium,na,multi_categorical,coloured,none,none,box,outside,none,no,small,medium,"AB-Bind average AUROC bars, axis starts at 0.50",PRIVATE_REFERENCE_ONLY/corpus/PMC13541614/figures/Fig3.webp,gc_nature
Nature Methods,PMC13541614,2026,10.1038/s41592-026-03137-3,3,c/1,bar,7,unknown,no,none,none,none,none,na,na,na,na,medium,na,multi_categorical,coloured,none,none,box,outside,none,yes,small,medium,Clinical antibody thermal melt Spearman rho bars; ThermoMPNN category present on the axis with no bar drawn,PRIVATE_REFERENCE_ONLY/corpus/PMC13541614/figures/Fig3.webp,gc_nature
Nature Methods,PMC13541614,2026,10.1038/s41592-026-03137-3,3,c/2,bar,7,unknown,no,none,none,none,none,na,na,na,na,medium,na,multi_categorical,coloured,none,none,box,outside,none,yes,small,medium,Pearson R version of c/1; panel d shows density distributions and was not coded,PRIVATE_REFERENCE_ONLY/corpus/PMC13541614/figures/Fig3.webp,gc_nature
Communications biology,PMC12877018,2025,10.1038/s42003-025-09449-y,1,a,dot_strip+summary,4,caption:n=7/3/4/27,yes,median,inferred,none,none,medium,none,filled,jitter,na,na,multi_categorical,coloured,bracket+p_value,exact,LB,none,in_caption,no,small,high,"Ba per creatinuria; HD blue, I/R red, Rh wo AKI magenta, RIAKI orange; log10 y axis with dashed reference line; horizontal median bar only; GraphPad style",../make_my_plot/figure_library/nature/2025_Grunenwald_the_temporal_gene_expression_landscape_o/figures/fig01_Fig1.jpg,gc_nature
Communications biology,PMC12877018,2025,10.1038/s42003-025-09449-y,1,b,dot_strip+summary,4,caption:n=7/3/4/27,yes,median,inferred,none,none,medium,none,filled,jitter,na,na,multi_categorical,coloured,bracket+p_value,exact,LB,none,in_caption,no,small,high,"Bb per creatinuria; HD blue, I/R red, Rh wo AKI magenta, RIAKI orange; log10 y axis with dashed reference line; horizontal median bar only; GraphPad style",../make_my_plot/figure_library/nature/2025_Grunenwald_the_temporal_gene_expression_landscape_o/figures/fig01_Fig1.jpg,gc_nature
Communications biology,PMC12877018,2025,10.1038/s42003-025-09449-y,1,c,dot_strip+summary,4,caption:n=7/3/4/27,yes,median,inferred,none,none,medium,none,filled,jitter,na,na,multi_categorical,coloured,none,none,LB,none,in_caption,no,small,high,"C3a per creatinuria; HD blue, I/R red, Rh wo AKI magenta, RIAKI orange; log10 y axis with dashed reference line; horizontal median bar only; GraphPad style",../make_my_plot/figure_library/nature/2025_Grunenwald_the_temporal_gene_expression_landscape_o/figures/fig01_Fig1.jpg,gc_nature
Communications biology,PMC12877018,2025,10.1038/s42003-025-09449-y,1,d,dot_strip+summary,4,caption:n=7/3/4/27,yes,median,inferred,none,none,medium,none,filled,jitter,na,na,multi_categorical,coloured,bracket+p_value,exact,LB,none,in_caption,no,small,high,"C4a per creatinuria; HD blue, I/R red, Rh wo AKI magenta, RIAKI orange; log10 y axis with dashed reference line; horizontal median bar only; GraphPad style",../make_my_plot/figure_library/nature/2025_Grunenwald_the_temporal_gene_expression_landscape_o/figures/fig01_Fig1.jpg,gc_nature
Communications biology,PMC12877018,2025,10.1038/s42003-025-09449-y,1,e,dot_strip+summary,4,caption:n=7/3/4/27,yes,median,inferred,none,none,medium,none,filled,jitter,na,na,multi_categorical,coloured,bracket+p_value,exact,LB,none,in_caption,no,small,high,"C5a per creatinuria; HD blue, I/R red, Rh wo AKI magenta, RIAKI orange; log10 y axis with dashed reference line; horizontal median bar only; GraphPad style",../make_my_plot/figure_library/nature/2025_Grunenwald_the_temporal_gene_expression_landscape_o/figures/fig01_Fig1.jpg,gc_nature
Communications biology,PMC12877018,2025,10.1038/s42003-025-09449-y,1,f,dot_strip+summary,4,caption:n=7/3/4/27,yes,median,inferred,none,none,medium,none,filled,jitter,na,na,multi_categorical,coloured,bracket+p_value,exact,LB,none,in_caption,no,small,high,"sC5b-9 per creatinuria; HD blue, I/R red, Rh wo AKI magenta, RIAKI orange; log10 y axis with dashed reference line; horizontal median bar only; GraphPad style",../make_my_plot/figure_library/nature/2025_Grunenwald_the_temporal_gene_expression_landscape_o/figures/fig01_Fig1.jpg,gc_nature
Communications biology,PMC12877018,2025,10.1038/s42003-025-09449-y,1,g,dot_strip+summary,4,caption:n=7/3/4/27,yes,median,inferred,none,none,medium,none,filled,jitter,na,na,multi_categorical,coloured,none,none,LB,none,in_caption,no,small,high,"C3a/C3 per creatinuria; HD blue, I/R red, Rh wo AKI magenta, RIAKI orange; log10 y axis with dashed reference line; horizontal median bar only; GraphPad style",../make_my_plot/figure_library/nature/2025_Grunenwald_the_temporal_gene_expression_landscape_o/figures/fig01_Fig1.jpg,gc_nature
Communications biology,PMC12877018,2025,10.1038/s42003-025-09449-y,1,h,dot_strip+summary,4,caption:n=7/3/4/27,yes,median,inferred,none,none,medium,none,filled,jitter,na,na,multi_categorical,coloured,none,none,LB,none,in_caption,no,small,high,"C4a/C4 per creatinuria; HD blue, I/R red, Rh wo AKI magenta, RIAKI orange; log10 y axis with dashed reference line; horizontal median bar only; GraphPad style",../make_my_plot/figure_library/nature/2025_Grunenwald_the_temporal_gene_expression_landscape_o/figures/fig01_Fig1.jpg,gc_nature
Communications biology,PMC12877018,2025,10.1038/s42003-025-09449-y,1,i,dot_strip+summary,4,caption:n=7/3/4/27,yes,median,inferred,none,none,medium,none,filled,jitter,na,na,multi_categorical,coloured,bracket+p_value,exact,LB,none,in_caption,no,small,high,"C5a/C5 per creatinuria; HD blue, I/R red, Rh wo AKI magenta, RIAKI orange; log10 y axis with dashed reference line; horizontal median bar only; GraphPad style",../make_my_plot/figure_library/nature/2025_Grunenwald_the_temporal_gene_expression_landscape_o/figures/fig01_Fig1.jpg,gc_nature
Communications biology,PMC12877018,2025,10.1038/s42003-025-09449-y,1,j,dot_strip+summary,4,caption:n=7/3/4/27,yes,median,inferred,none,none,medium,none,filled,jitter,na,na,multi_categorical,coloured,bracket+p_value,exact,LB,none,in_caption,no,small,high,"Ba/C3 per creatinuria; HD blue, I/R red, Rh wo AKI magenta, RIAKI orange; log10 y axis with dashed reference line; horizontal median bar only; GraphPad style",../make_my_plot/figure_library/nature/2025_Grunenwald_the_temporal_gene_expression_landscape_o/figures/fig01_Fig1.jpg,gc_nature
Communications biology,PMC12877018,2025,10.1038/s42003-025-09449-y,3,d/1,bar+points,2,~9/~10,yes,unknown,none,unknown,none,medium,dark,filled,jitter,medium,na,greys,grey,bracket+p_value,exact,LB,none,none,yes,small,medium,"plasma C3 PBS vs GLY; grey bars with black points and whisker error bars, exact p above bracket; figure has 13 group-comparison panels, first 10 recorded",../make_my_plot/figure_library/nature/2025_Grunenwald_the_temporal_gene_expression_landscape_o/figures/fig03_Fig3.jpg,gc_nature
Communications biology,PMC12877018,2025,10.1038/s42003-025-09449-y,3,d/2,bar+points,2,~9/~10,yes,unknown,none,unknown,none,medium,dark,filled,jitter,medium,na,greys,grey,bracket+p_value,exact,LB,none,none,yes,small,medium,"plasma C3a PBS vs GLY; grey bars with black points and whisker error bars, exact p above bracket; figure has 13 group-comparison panels, first 10 recorded",../make_my_plot/figure_library/nature/2025_Grunenwald_the_temporal_gene_expression_landscape_o/figures/fig03_Fig3.jpg,gc_nature
Communications biology,PMC12877018,2025,10.1038/s42003-025-09449-y,3,d/3,bar+points,2,~9/~10,yes,unknown,none,unknown,none,medium,dark,filled,jitter,medium,na,greys,grey,bracket+p_value,exact,LB,none,none,yes,small,medium,"plasma C3a/C3 PBS vs GLY; grey bars with black points and whisker error bars, exact p above bracket; figure has 13 group-comparison panels, first 10 recorded",../make_my_plot/figure_library/nature/2025_Grunenwald_the_temporal_gene_expression_landscape_o/figures/fig03_Fig3.jpg,gc_nature
Communications biology,PMC12877018,2025,10.1038/s42003-025-09449-y,3,e/1,dot_strip+summary,2,~12/~19,yes,median,inferred,IQR_whiskers,inferred,medium,none,filled,jitter,na,na,multi_categorical,coloured,bracket+p_value,exact,LB,none,none,yes,small,medium,kidney CD45+ PBS (green) vs GLY (orange); median with IQR bars; exact p above bracket,../make_my_plot/figure_library/nature/2025_Grunenwald_the_temporal_gene_expression_landscape_o/figures/fig03_Fig3.jpg,gc_nature
Communications biology,PMC12877018,2025,10.1038/s42003-025-09449-y,3,e/2,dot_strip+summary,2,~12/~19,yes,median,inferred,IQR_whiskers,inferred,medium,none,filled,jitter,na,na,multi_categorical,coloured,bracket+p_value,exact,LB,none,none,yes,small,medium,kidney Neutrophils PBS (green) vs GLY (orange); median with IQR bars; exact p above bracket,../make_my_plot/figure_library/nature/2025_Grunenwald_the_temporal_gene_expression_landscape_o/figures/fig03_Fig3.jpg,gc_nature
Communications biology,PMC12877018,2025,10.1038/s42003-025-09449-y,3,e/3,dot_strip+summary,2,~12/~19,yes,median,inferred,IQR_whiskers,inferred,medium,none,filled,jitter,na,na,multi_categorical,coloured,bracket+p_value,mixed,LB,none,none,yes,small,medium,kidney Macrophages PBS (green) vs GLY (orange); median with IQR bars; ns text,../make_my_plot/figure_library/nature/2025_Grunenwald_the_temporal_gene_expression_landscape_o/figures/fig03_Fig3.jpg,gc_nature
Communications biology,PMC12877018,2025,10.1038/s42003-025-09449-y,3,e/4,dot_strip+summary,2,~12/~19,yes,median,inferred,IQR_whiskers,inferred,medium,none,filled,jitter,na,na,multi_categorical,coloured,bracket+p_value,exact,LB,none,none,yes,small,medium,kidney Inflammatory monocytes PBS (green) vs GLY (orange); median with IQR bars; exact p above bracket,../make_my_plot/figure_library/nature/2025_Grunenwald_the_temporal_gene_expression_landscape_o/figures/fig03_Fig3.jpg,gc_nature
Communications biology,PMC12877018,2025,10.1038/s42003-025-09449-y,3,e/5,dot_strip+summary,2,~12/~19,yes,median,inferred,IQR_whiskers,inferred,medium,none,filled,jitter,na,na,multi_categorical,coloured,bracket+p_value,exact,LB,none,none,yes,small,medium,kidney Eosinophils PBS (green) vs GLY (orange); median with IQR bars; exact p above bracket,../make_my_plot/figure_library/nature/2025_Grunenwald_the_temporal_gene_expression_landscape_o/figures/fig03_Fig3.jpg,gc_nature
Communications biology,PMC12877018,2025,10.1038/s42003-025-09449-y,3,f/1,dot_strip+summary,2,~14/~19,yes,median,inferred,IQR_whiskers,inferred,medium,none,filled,jitter,na,na,multi_categorical,coloured,bracket+p_value,exact,LB,none,none,yes,small,medium,"C5aR1 neutrophils MFI PBS (green) vs GLY (orange); median with IQR bars; panels f/3, f/4 and g not recorded (10-panel cap)",../make_my_plot/figure_library/nature/2025_Grunenwald_the_temporal_gene_expression_landscape_o/figures/fig03_Fig3.jpg,gc_nature
Communications biology,PMC12877018,2025,10.1038/s42003-025-09449-y,3,f/2,dot_strip+summary,2,~14/~19,yes,median,inferred,IQR_whiskers,inferred,medium,none,filled,jitter,na,na,multi_categorical,coloured,bracket+p_value,exact,LB,none,none,yes,small,medium,"C5aR1 macrophages MFI PBS (green) vs GLY (orange); median with IQR bars; panels f/3, f/4 and g not recorded (10-panel cap)",../make_my_plot/figure_library/nature/2025_Grunenwald_the_temporal_gene_expression_landscape_o/figures/fig03_Fig3.jpg,gc_nature
Communications biology,PMC12877018,2025,10.1038/s42003-025-09449-y,4,a,dot_strip+summary,4,caption:n=5/3/10/10,yes,median,inferred,IQR_whiskers,inferred,medium,none,filled,jitter,na,na,multi_categorical,coloured,bracket+p_value,exact,LB,none,in_caption,yes,medium,medium,"urea after C5 inhibitor BB5.1; PBS/PBS green, BB5.1/PBS light blue, PBS/GLY orange, BB5.1/GLY blue; exact p incl >0.9999",../make_my_plot/figure_library/nature/2025_Grunenwald_the_temporal_gene_expression_landscape_o/figures/fig04_Fig4.jpg,gc_nature
Communications biology,PMC12877018,2025,10.1038/s42003-025-09449-y,4,b,dot_strip+summary,3,4/~18/5,yes,median,inferred,IQR_whiskers,inferred,medium,none,filled,jitter,na,na,multi_categorical,coloured,bracket+p_value,exact,LB,none,none,yes,medium,medium,"urea after C5aR1 inhibitor PMX53; PBS/PBS green, PBS/GLY orange, PMX53/GLY cyan; median with IQR bars",../make_my_plot/figure_library/nature/2025_Grunenwald_the_temporal_gene_expression_landscape_o/figures/fig04_Fig4.jpg,gc_nature
Nature Cell Biology,PMC13561871,2026,10.1038/s41556-026-02041-4,4,e/1,bar+points,4x5,caption:7/7/8/8/8,yes,mean,caption,SEM,caption,small,none,filled,jitter,medium,na,multi_categorical,grey,p_value_only,exact,LB,inside,in_caption,yes,medium,high,"Liver ChIP-qPCR grouped bars 4 genes x 5 antibodies; IgG light grey, BMAL1 dark grey, PROX1 blue, HNF1B green, HOXA5 orange; dark grey points; exact Padj printed above bars without brackets",PRIVATE_REFERENCE_ONLY/corpus/PMC13561871/figures/Fig4.webp,gc_nature
Nature Cell Biology,PMC13561871,2026,10.1038/s41556-026-02041-4,4,e/2,bar+points,4x5,caption:7/7/8/8/8,yes,mean,caption,SEM,caption,small,none,filled,jitter,medium,na,multi_categorical,grey,p_value_only,exact,LB,inside,in_caption,yes,medium,high,Kidney ChIP-qPCR; same style as e/1,PRIVATE_REFERENCE_ONLY/corpus/PMC13561871/figures/Fig4.webp,gc_nature
Nature Cell Biology,PMC13561871,2026,10.1038/s41556-026-02041-4,4,f,box+points,16,caption:n=4,yes,median,caption,IQR_whiskers,caption,small,dark,filled,jitter,na,medium,multi_categorical,grey,bracket+p_value,exact,LB,none,in_caption,yes,medium,medium,Luciferase dose-response as box plots over 16 transfection conditions encoded by a dot matrix under the axis (upset-style) instead of tick labels; box fill by factor colour; small black points; long stepped brackets with exact P,PRIVATE_REFERENCE_ONLY/corpus/PMC13561871/figures/Fig4.webp,gc_nature
Nature Cell Biology,PMC13561871,2026,10.1038/s41556-026-02041-4,4,i,box+points,11,3/3/3/3/3/3/3/3/3/3/3,yes,median,inferred,IQR_whiskers,inferred,small,dark,filled,jitter,na,medium,multi_categorical,grey,bracket+p_value,exact,LB,none,none,yes,medium,medium,Mutant BMAL1 luciferase; dot-matrix condition labels below axis; exact P over brackets; caption for i truncated in metadata,PRIVATE_REFERENCE_ONLY/corpus/PMC13561871/figures/Fig4.webp,gc_nature
Nature Cell Biology,PMC13561871,2026,10.1038/s41556-026-02041-4,5,a/1,bar+points,5,caption:n=4,yes,mean,caption,SD,caption,small,none,filled,jitter,medium,na,multi_categorical,grey,bracket+p_value,exact,LB,none,in_caption,yes,small,high,"Cry1 mRNA in hepatocyte KOs; control light grey, Bmal1 KO dark grey, Prox1 blue, Hnf1b green, Hoxa5 orange; black points; exact Padj over brackets; x labels rotated 45 deg",PRIVATE_REFERENCE_ONLY/corpus/PMC13561871/figures/Fig5.webp,gc_nature
Nature Cell Biology,PMC13561871,2026,10.1038/s41556-026-02041-4,5,a/2,bar+points,5,caption:n=4,yes,mean,caption,SD,caption,small,none,filled,jitter,medium,na,multi_categorical,grey,bracket+p_value,exact,LB,none,in_caption,yes,small,high,"Dbp mRNA in hepatocyte KOs; control light grey, Bmal1 KO dark grey, Prox1 blue, Hnf1b green, Hoxa5 orange; black points; exact Padj over brackets; x labels rotated 45 deg",PRIVATE_REFERENCE_ONLY/corpus/PMC13561871/figures/Fig5.webp,gc_nature
Nature Cell Biology,PMC13561871,2026,10.1038/s41556-026-02041-4,5,a/3,bar+points,5,caption:n=4,yes,mean,caption,SD,caption,small,none,filled,jitter,medium,na,multi_categorical,grey,bracket+p_value,exact,LB,none,in_caption,yes,small,high,"Nr1d1 mRNA in hepatocyte KOs; control light grey, Bmal1 KO dark grey, Prox1 blue, Hnf1b green, Hoxa5 orange; black points; exact Padj over brackets; x labels rotated 45 deg",PRIVATE_REFERENCE_ONLY/corpus/PMC13561871/figures/Fig5.webp,gc_nature
Nature Cell Biology,PMC13561871,2026,10.1038/s41556-026-02041-4,5,b/1,bar+points,4,caption:n=4,yes,mean,caption,SD,caption,small,none,filled,jitter,medium,na,multi_categorical,grey,bracket+p_value,exact,LB,none,in_caption,yes,small,high,Cry1 mRNA in HK-2 KOs; same style as a,PRIVATE_REFERENCE_ONLY/corpus/PMC13561871/figures/Fig5.webp,gc_nature
Nature Cell Biology,PMC13561871,2026,10.1038/s41556-026-02041-4,5,b/2,bar+points,4,caption:n=4,yes,mean,caption,SD,caption,small,none,filled,jitter,medium,na,multi_categorical,grey,bracket+p_value,exact,LB,none,in_caption,yes,small,high,Dbp mRNA in HK-2 KOs; same style as a,PRIVATE_REFERENCE_ONLY/corpus/PMC13561871/figures/Fig5.webp,gc_nature
Nature Cell Biology,PMC13561871,2026,10.1038/s41556-026-02041-4,5,b/3,bar+points,4,caption:n=4,yes,mean,caption,SD,caption,small,none,filled,jitter,medium,na,multi_categorical,grey,bracket+p_value,exact,LB,none,in_caption,yes,small,high,Nr1d1 mRNA in HK-2 KOs; same style as a,PRIVATE_REFERENCE_ONLY/corpus/PMC13561871/figures/Fig5.webp,gc_nature
Nature Cell Biology,PMC13561871,2026,10.1038/s41556-026-02041-4,5,g,bar,8x2,unknown,no,none,none,none,none,na,na,na,na,narrow,na,single_accent,grey,none,none,LB,inside,none,yes,small,high,"DryR amplitude per clock gene, control light grey vs Prox1 KO teal-blue paired bars; no error bars; x labels rotated 45 deg",PRIVATE_REFERENCE_ONLY/corpus/PMC13561871/figures/Fig5.webp,gc_nature
Nature Cell Biology,PMC13561862,2026,10.1038/s41556-026-02038-z,4,d,box+points,14x2,9/9,yes,median,caption,IQR_whiskers,caption,small,dark,filled,jitter,na,medium,multi_categorical,coloured,bracket+stars,mixed,box,above,in_caption,yes,large,high,"Faceted ggplot-style box plots, 14 brain-region facets with grey strip labels, Tet1 fl/fl purple vs Tet1 delta orange; NS or stars over brackets in every facet; shared y axis",PRIVATE_REFERENCE_ONLY/corpus/PMC13561862/figures/Fig4.webp,gc_nature
Nature Cell Biology,PMC13561862,2026,10.1038/s41556-026-02038-z,4,e,bar+points,3x2,9/9,yes,mean,caption,SD,caption,small,none,filled,jitter,medium,na,multi_categorical,coloured,bracket+stars,mixed,LB,inside,in_caption,yes,small,high,Purple vs orange grouped bars with black points; **** and NS over brackets,PRIVATE_REFERENCE_ONLY/corpus/PMC13561862/figures/Fig4.webp,gc_nature
Nature Cell Biology,PMC13561862,2026,10.1038/s41556-026-02038-z,4,f,bar+points,9x2,9/9,yes,mean,caption,SD,caption,small,none,filled,jitter,medium,na,multi_categorical,coloured,bracket+stars,mixed,LB,inside,in_caption,yes,medium,high,m1A/A across 9 brain regions; same style as e; x labels rotated 45 deg,PRIVATE_REFERENCE_ONLY/corpus/PMC13561862/figures/Fig4.webp,gc_nature
Nature Cell Biology,PMC13561862,2026,10.1038/s41556-026-02038-z,4,g,bar+points,2,9/9,yes,mean,caption,SD,caption,small,none,filled,jitter,medium,na,multi_categorical,coloured,bracket+stars,stars,LB,inside,in_caption,yes,small,high,Free m1A in CPu; same style as e,PRIVATE_REFERENCE_ONLY/corpus/PMC13561862/figures/Fig4.webp,gc_nature
Nature communications,PMC12872613,2025,10.1038/s41467-025-68099-0,1,A/1,dot_strip,2,caption:n=10,yes,none,none,none,none,medium,none,filled,centered,na,na,multi_categorical,coloured,p_value_only,exact,LB,none,in_caption,yes,small,medium,"KPC xenograft Cys Normal (red) vs Tumor (blue), paired samples joined by pink lines, no summary bar; figure has 17 qualifying panels, first 10 recorded",../make_my_plot/figure_library/nature/2025_Li_adaptation_to_cystine_limitation_stress_/figures/fig01_Fig1.jpg,gc_nature
Nature communications,PMC12872613,2025,10.1038/s41467-025-68099-0,1,A/2,dot_strip,2,caption:n=10,yes,none,none,none,none,medium,none,filled,centered,na,na,multi_categorical,coloured,p_value_only,exact,LB,none,in_caption,yes,small,medium,"KPC xenograft Cys2 Normal (red) vs Tumor (blue), paired samples joined by pink lines, no summary bar; figure has 17 qualifying panels, first 10 recorded",../make_my_plot/figure_library/nature/2025_Li_adaptation_to_cystine_limitation_stress_/figures/fig01_Fig1.jpg,gc_nature
Nature communications,PMC12872613,2025,10.1038/s41467-025-68099-0,1,A/3,dot_strip,2,caption:n=10,yes,none,none,none,none,medium,none,filled,centered,na,na,multi_categorical,coloured,p_value_only,exact,LB,none,in_caption,yes,small,medium,"KPC xenograft Cys/Cys2 ratio Normal (red) vs Tumor (blue), paired samples joined by pink lines, no summary bar; figure has 17 qualifying panels, first 10 recorded",../make_my_plot/figure_library/nature/2025_Li_adaptation_to_cystine_limitation_stress_/figures/fig01_Fig1.jpg,gc_nature
Nature communications,PMC12872613,2025,10.1038/s41467-025-68099-0,1,B/1,dot_strip,2,caption:n=11,yes,none,none,none,none,medium,none,filled,centered,na,na,multi_categorical,coloured,p_value_only,exact,LB,none,in_caption,yes,small,medium,"PDAC patient Cys Normal (red) vs Tumor (blue), paired samples joined by lines, no summary bar",../make_my_plot/figure_library/nature/2025_Li_adaptation_to_cystine_limitation_stress_/figures/fig01_Fig1.jpg,gc_nature
Nature communications,PMC12872613,2025,10.1038/s41467-025-68099-0,1,B/2,dot_strip,2,caption:n=11,yes,none,none,none,none,medium,none,filled,centered,na,na,multi_categorical,coloured,p_value_only,exact,LB,none,in_caption,yes,small,medium,"PDAC patient Cys2 Normal (red) vs Tumor (blue), paired samples joined by lines, no summary bar",../make_my_plot/figure_library/nature/2025_Li_adaptation_to_cystine_limitation_stress_/figures/fig01_Fig1.jpg,gc_nature
Nature communications,PMC12872613,2025,10.1038/s41467-025-68099-0,1,B/3,dot_strip,2,caption:n=11,yes,none,none,none,none,medium,none,filled,centered,na,na,multi_categorical,coloured,p_value_only,exact,LB,none,in_caption,yes,small,medium,"PDAC patient Cys/Cys2 ratio Normal (red) vs Tumor (blue), paired samples joined by lines, no summary bar",../make_my_plot/figure_library/nature/2025_Li_adaptation_to_cystine_limitation_stress_/figures/fig01_Fig1.jpg,gc_nature
Nature communications,PMC12872613,2025,10.1038/s41467-025-68099-0,1,C/1,dot_strip+summary,4,~10/~10/~10/~10,yes,mean,inferred,unknown,inferred,small,none,filled,jitter,na,na,multi_categorical,coloured,bracket+p_value,exact,LB,none,none,yes,small,medium,"Cys across Normal, PanIN, Tumor, Lymph; coloured points with mean and error bars; exact p on brackets incl non-significant values",../make_my_plot/figure_library/nature/2025_Li_adaptation_to_cystine_limitation_stress_/figures/fig01_Fig1.jpg,gc_nature
Nature communications,PMC12872613,2025,10.1038/s41467-025-68099-0,1,C/2,dot_strip+summary,4,~10/~10/~10/~10,yes,mean,inferred,unknown,inferred,small,none,filled,jitter,na,na,multi_categorical,coloured,bracket+p_value,exact,LB,none,none,yes,small,medium,"Cys2 across Normal, PanIN, Tumor, Lymph; coloured points with mean and error bars; exact p on brackets incl non-significant values",../make_my_plot/figure_library/nature/2025_Li_adaptation_to_cystine_limitation_stress_/figures/fig01_Fig1.jpg,gc_nature
Nature communications,PMC12872613,2025,10.1038/s41467-025-68099-0,1,C/3,dot_strip+summary,4,~10/~10/~10/~10,yes,mean,inferred,unknown,inferred,small,none,filled,jitter,na,na,multi_categorical,coloured,bracket+p_value,exact,LB,none,none,yes,small,medium,"Cys/Cys2 ratio across Normal, PanIN, Tumor, Lymph; coloured points with mean and error bars; exact p on brackets incl non-significant values",../make_my_plot/figure_library/nature/2025_Li_adaptation_to_cystine_limitation_stress_/figures/fig01_Fig1.jpg,gc_nature
Nature communications,PMC12872613,2025,10.1038/s41467-025-68099-0,1,F/1,dot_strip+summary,4,3/3/3/3,yes,mean,inferred,SD,inferred,small,none,filled,centered,na,na,multi_categorical,coloured,p_value_only,exact,LB,none,none,yes,small,medium,"MiaPaCa-2 Cys levels Ctrl / CLS 24h / CLS 48h / CLSA25; mean with SD bar; exact p printed rotated beside groups; panels F/2-F/4, L, N, P, R not recorded (10-panel cap)",../make_my_plot/figure_library/nature/2025_Li_adaptation_to_cystine_limitation_stress_/figures/fig01_Fig1.jpg,gc_nature
Nature communications,PMC12872613,2025,10.1038/s41467-025-68099-0,2,D/1,bar+points,2x2,caption:n=3,yes,mean,inferred,SD,inferred,small,none,filled,jitter,medium,na,multi_categorical,coloured,p_value_only,exact,LB,above,in_caption,yes,small,medium,aconitase activity MiaPaCa-2; grouped bars Ctrl (blue) vs CLSA-25 (red) for ACO1 and ACO2 with points; exact p printed rotated; colour key above panel,../make_my_plot/figure_library/nature/2025_Li_adaptation_to_cystine_limitation_stress_/figures/fig02_Fig2.jpg,gc_nature
Nature communications,PMC12872613,2025,10.1038/s41467-025-68099-0,2,D/2,bar+points,2x2,caption:n=3,yes,mean,inferred,SD,inferred,small,none,filled,jitter,medium,na,multi_categorical,coloured,p_value_only,exact,LB,above,in_caption,yes,small,medium,aconitase activity KPC; grouped bars Ctrl (blue) vs CLSA-25 (red) for ACO1 and ACO2 with points; exact p printed rotated; colour key above panel,../make_my_plot/figure_library/nature/2025_Li_adaptation_to_cystine_limitation_stress_/figures/fig02_Fig2.jpg,gc_nature
Nature communications,PMC12872613,2025,10.1038/s41467-025-68099-0,2,D/3,bar+points,2x2,caption:n=3,yes,mean,inferred,SD,inferred,small,none,filled,jitter,medium,na,multi_categorical,coloured,p_value_only,exact,LB,above,in_caption,yes,small,medium,aconitase activity Pan02; grouped bars Ctrl (blue) vs CLSA-25 (red) for ACO1 and ACO2 with points; exact p printed rotated; colour key above panel,../make_my_plot/figure_library/nature/2025_Li_adaptation_to_cystine_limitation_stress_/figures/fig02_Fig2.jpg,gc_nature
Nature communications,PMC12872613,2025,10.1038/s41467-025-68099-0,4,D,dot_strip+summary,2,caption:n=18,yes,median,inferred,none,none,medium,none,filled,jitter,na,na,multi_categorical,coloured,p_value_only,exact,LB,none,above_category,yes,small,medium,"G6PD IHC intensity Tumor (red) vs Normal (blue), median line, n=18 printed above panel; figure has 11 qualifying panels, first 10 recorded",../make_my_plot/figure_library/nature/2025_Li_adaptation_to_cystine_limitation_stress_/figures/fig04_Fig4.jpg,gc_nature
Nature communications,PMC12872613,2025,10.1038/s41467-025-68099-0,4,H/1,bar+points,3,3/3/3,yes,mean,inferred,SD,inferred,small,none,filled,jitter,medium,na,multi_categorical,coloured,bracket+p_value,exact,LB,none,none,yes,small,medium,"dATP in Ctrl (blue), CLSA (red), CLSA+G6PD KD (purple); coloured bars with same-colour points and SD bars; exact p above brackets",../make_my_plot/figure_library/nature/2025_Li_adaptation_to_cystine_limitation_stress_/figures/fig04_Fig4.jpg,gc_nature
Nature communications,PMC12872613,2025,10.1038/s41467-025-68099-0,4,H/2,bar+points,3,3/3/3,yes,mean,inferred,SD,inferred,small,none,filled,jitter,medium,na,multi_categorical,coloured,bracket+p_value,exact,LB,none,none,yes,small,medium,"dGTP in Ctrl (blue), CLSA (red), CLSA+G6PD KD (purple); coloured bars with same-colour points and SD bars; exact p above brackets",../make_my_plot/figure_library/nature/2025_Li_adaptation_to_cystine_limitation_stress_/figures/fig04_Fig4.jpg,gc_nature
Nature communications,PMC12872613,2025,10.1038/s41467-025-68099-0,4,H/3,bar+points,3,3/3/3,yes,mean,inferred,SD,inferred,small,none,filled,jitter,medium,na,multi_categorical,coloured,bracket+p_value,exact,LB,none,none,yes,small,medium,"dCTP in Ctrl (blue), CLSA (red), CLSA+G6PD KD (purple); coloured bars with same-colour points and SD bars; exact p above brackets",../make_my_plot/figure_library/nature/2025_Li_adaptation_to_cystine_limitation_stress_/figures/fig04_Fig4.jpg,gc_nature
Nature communications,PMC12872613,2025,10.1038/s41467-025-68099-0,4,H/4,bar+points,3,3/3/3,yes,mean,inferred,SD,inferred,small,none,filled,jitter,medium,na,multi_categorical,coloured,bracket+p_value,exact,LB,none,none,yes,small,medium,"dTTP in Ctrl (blue), CLSA (red), CLSA+G6PD KD (purple); coloured bars with same-colour points and SD bars; exact p above brackets",../make_my_plot/figure_library/nature/2025_Li_adaptation_to_cystine_limitation_stress_/figures/fig04_Fig4.jpg,gc_nature
Nature communications,PMC12872613,2025,10.1038/s41467-025-68099-0,4,I/1,bar+points,3,3/3/3,yes,mean,inferred,SD,inferred,small,none,filled,jitter,medium,na,multi_categorical,coloured,bracket+p_value,exact,LB,none,none,yes,small,medium,dATP second cell line; same styling as H,../make_my_plot/figure_library/nature/2025_Li_adaptation_to_cystine_limitation_stress_/figures/fig04_Fig4.jpg,gc_nature
Nature communications,PMC12872613,2025,10.1038/s41467-025-68099-0,4,I/2,bar+points,3,3/3/3,yes,mean,inferred,SD,inferred,small,none,filled,jitter,medium,na,multi_categorical,coloured,bracket+p_value,exact,LB,none,none,yes,small,medium,dGTP second cell line; same styling as H,../make_my_plot/figure_library/nature/2025_Li_adaptation_to_cystine_limitation_stress_/figures/fig04_Fig4.jpg,gc_nature
Nature communications,PMC12872613,2025,10.1038/s41467-025-68099-0,4,I/3,bar+points,3,3/3/3,yes,mean,inferred,SD,inferred,small,none,filled,jitter,medium,na,multi_categorical,coloured,bracket+p_value,exact,LB,none,none,yes,small,medium,dCTP second cell line; same styling as H,../make_my_plot/figure_library/nature/2025_Li_adaptation_to_cystine_limitation_stress_/figures/fig04_Fig4.jpg,gc_nature
Nature communications,PMC12872613,2025,10.1038/s41467-025-68099-0,4,I/4,bar+points,3,3/3/3,yes,mean,inferred,SD,inferred,small,none,filled,jitter,medium,na,multi_categorical,coloured,bracket+p_value,exact,LB,none,none,yes,small,medium,dTTP second cell line; same styling as H,../make_my_plot/figure_library/nature/2025_Li_adaptation_to_cystine_limitation_stress_/figures/fig04_Fig4.jpg,gc_nature
Nature communications,PMC12872613,2025,10.1038/s41467-025-68099-0,4,J/1,bar+points,3,3/3/3,yes,mean,inferred,SD,inferred,small,none,filled,jitter,medium,na,multi_categorical,coloured,bracket+p_value,exact,LB,none,none,yes,small,medium,"NADPH/NADP+ ratio MiaPaCa-2; Ctrl blue, CLSA red, CLSA+G6PD KD purple; panel J/2 not recorded (10-panel cap)",../make_my_plot/figure_library/nature/2025_Li_adaptation_to_cystine_limitation_stress_/figures/fig04_Fig4.jpg,gc_nature
Nature communications,PMC12872613,2025,10.1038/s41467-025-68099-0,5,F,bar+points,2x2,~6-8 per bar,yes,mean,inferred,SD,inferred,small,none,filled,jitter,medium,na,multi_categorical,coloured,bracket+p_value,exact,LB,none,none,yes,small,medium,tumor weight Ctrl vs CLSA under Veh. and Lom.; blue/red bars with points and SD; exact p incl 0.082 and 0.98 above brackets,../make_my_plot/figure_library/nature/2025_Li_adaptation_to_cystine_limitation_stress_/figures/fig05_Fig5.jpg,gc_nature
Nature communications,PMC12872613,2025,10.1038/s41467-025-68099-0,5,I/1,bar+points,2,3/3,yes,mean,inferred,SD,inferred,small,none,filled,jitter,medium,na,multi_categorical,coloured,p_value_only,exact,LB,none,none,yes,small,medium,TG levels PANC-1 Veh. (blue) vs Lom. (red); exact p above,../make_my_plot/figure_library/nature/2025_Li_adaptation_to_cystine_limitation_stress_/figures/fig05_Fig5.jpg,gc_nature
Nature communications,PMC12872613,2025,10.1038/s41467-025-68099-0,5,I/2,bar+points,2,3/3,yes,mean,inferred,SD,inferred,small,none,filled,jitter,medium,na,multi_categorical,coloured,p_value_only,exact,LB,none,none,yes,small,medium,TG levels MiaPaCa2 Veh. (blue) vs Lom. (red); exact p above,../make_my_plot/figure_library/nature/2025_Li_adaptation_to_cystine_limitation_stress_/figures/fig05_Fig5.jpg,gc_nature
Nature communications,PMC12872613,2025,10.1038/s41467-025-68099-0,5,K/1,dot_strip+summary,2,~25/~28,yes,mean,inferred,SD,inferred,small,none,filled,jitter,na,na,multi_categorical,coloured,p_value_only,exact,LB,none,none,yes,small,medium,LDs per cell PANC-1 Veh. (blue) vs Lom. (red); mean with SD bars; exact p above,../make_my_plot/figure_library/nature/2025_Li_adaptation_to_cystine_limitation_stress_/figures/fig05_Fig5.jpg,gc_nature
Nature communications,PMC12872613,2025,10.1038/s41467-025-68099-0,5,K/2,dot_strip+summary,2,~25/~28,yes,mean,inferred,SD,inferred,small,none,filled,jitter,na,na,multi_categorical,coloured,p_value_only,exact,LB,none,none,yes,small,medium,LDs per cell MiaPaCa2 Veh. (blue) vs Lom. (red); mean with SD bars; exact p above,../make_my_plot/figure_library/nature/2025_Li_adaptation_to_cystine_limitation_stress_/figures/fig05_Fig5.jpg,gc_nature
Nature communications,PMC12872613,2025,10.1038/s41467-025-68099-0,5,P/1,bar+points,2x3,3 per bar,yes,mean,inferred,SD,inferred,small,none,filled,jitter,medium,na,multi_categorical,coloured,bracket+stars,mixed,LB,above,none,yes,small,medium,"cell death MiaPaCa-2; Ctrl (blue) vs CLSA-25 (red) bars across siRNA combinations (Ctrl si, DGAT1 si, DGAT2 si matrix under axis); brackets with stars plus exact p",../make_my_plot/figure_library/nature/2025_Li_adaptation_to_cystine_limitation_stress_/figures/fig05_Fig5.jpg,gc_nature
Nature communications,PMC12872613,2025,10.1038/s41467-025-68099-0,5,P/2,bar+points,2x3,3 per bar,yes,mean,inferred,SD,inferred,small,none,filled,jitter,medium,na,multi_categorical,coloured,bracket+stars,mixed,LB,above,none,yes,small,medium,"cell death PANC-1; Ctrl (blue) vs CLSA-25 (red) bars across siRNA combinations (Ctrl si, DGAT1 si, DGAT2 si matrix under axis); brackets with stars plus exact p",../make_my_plot/figure_library/nature/2025_Li_adaptation_to_cystine_limitation_stress_/figures/fig05_Fig5.jpg,gc_nature
Nature communications,PMC12872613,2025,10.1038/s41467-025-68099-0,6,D/1,bar+points,2,3/3,yes,mean,inferred,SD,inferred,small,none,filled,jitter,medium,na,multi_categorical,coloured,p_value_only,exact,LB,none,none,yes,small,medium,TG levels MiaPaCa-2 Ctrl (blue) vs CLSA (red); exact p above incl p=0.068,../make_my_plot/figure_library/nature/2025_Li_adaptation_to_cystine_limitation_stress_/figures/fig06_Fig6.jpg,gc_nature
Nature communications,PMC12872613,2025,10.1038/s41467-025-68099-0,6,D/2,bar+points,2,3/3,yes,mean,inferred,SD,inferred,small,none,filled,jitter,medium,na,multi_categorical,coloured,p_value_only,exact,LB,none,none,yes,small,medium,TG levels PANC-1 Ctrl (blue) vs CLSA (red); exact p above incl p=0.068,../make_my_plot/figure_library/nature/2025_Li_adaptation_to_cystine_limitation_stress_/figures/fig06_Fig6.jpg,gc_nature
Nature communications,PMC12872613,2025,10.1038/s41467-025-68099-0,6,F,dot_strip+summary,2,~22/~24,yes,mean,inferred,SD,inferred,small,none,filled,jitter,na,na,multi_categorical,coloured,p_value_only,exact,LB,none,none,yes,small,medium,LDs per cell MiaPaCa-2 Ctrl (blue) vs CLSA25 (red); mean with SD bars; exact p above,../make_my_plot/figure_library/nature/2025_Li_adaptation_to_cystine_limitation_stress_/figures/fig06_Fig6.jpg,gc_nature
Nature communications,PMC12872613,2025,10.1038/s41467-025-68099-0,6,G,dot_strip+summary,2,~24/~24,yes,mean,inferred,SD,inferred,small,none,filled,jitter,na,na,multi_categorical,coloured,p_value_only,exact,LB,none,none,yes,small,medium,LDs per cell PANC-1 Ctrl vs CLSA25; same styling as F,../make_my_plot/figure_library/nature/2025_Li_adaptation_to_cystine_limitation_stress_/figures/fig06_Fig6.jpg,gc_nature
Nature communications,PMC12872613,2025,10.1038/s41467-025-68099-0,6,I/1,bar+points,2,3/3,yes,mean,inferred,SD,inferred,small,none,filled,jitter,medium,na,multi_categorical,coloured,p_value_only,exact,LB,none,none,yes,small,medium,TG levels MiaPaCa-2 Ctrl (blue) vs KD (red); exact p above,../make_my_plot/figure_library/nature/2025_Li_adaptation_to_cystine_limitation_stress_/figures/fig06_Fig6.jpg,gc_nature
Nature communications,PMC12872613,2025,10.1038/s41467-025-68099-0,6,I/2,bar+points,2,3/3,yes,mean,inferred,SD,inferred,small,none,filled,jitter,medium,na,multi_categorical,coloured,p_value_only,exact,LB,none,none,yes,small,medium,TG levels PANC-1 Ctrl (blue) vs KD (red); exact p above,../make_my_plot/figure_library/nature/2025_Li_adaptation_to_cystine_limitation_stress_/figures/fig06_Fig6.jpg,gc_nature
Nature communications,PMC12872613,2025,10.1038/s41467-025-68099-0,6,J,bar+points,8x4,3 per bar,yes,mean,inferred,SD,inferred,small,none,filled,jitter,medium,na,multi_categorical,coloured,bracket+stars,mixed,LB,inside,none,yes,large,medium,"PA (C16:0) fractional labeling; grouped bars across isotopologues M+2 to M+16 for Ctrl (blue), CLSA-25 (red), Ctrl+G6PDi (teal), CLSA-25+G6PDi (purple); mixed stars and exact p above brackets; broken y axis; legend at right inside",../make_my_plot/figure_library/nature/2025_Li_adaptation_to_cystine_limitation_stress_/figures/fig06_Fig6.jpg,gc_nature
Nature communications,PMC12872613,2025,10.1038/s41467-025-68099-0,6,K,bar+points,9x4,3 per bar,yes,mean,inferred,SD,inferred,small,none,filled,jitter,medium,na,multi_categorical,coloured,bracket+stars,mixed,LB,none,none,yes,large,medium,"SA (C18:0) fractional labeling; same styling as J, isotopologues M+2 to M+18",../make_my_plot/figure_library/nature/2025_Li_adaptation_to_cystine_limitation_stress_/figures/fig06_Fig6.jpg,gc_nature
Nature communications,PMC12872613,2025,10.1038/s41467-025-68099-0,6,M,dot_strip+summary,2,~28/~28,yes,mean,inferred,SD,inferred,medium,none,filled,jitter,na,na,multi_categorical,coloured,p_value_only,exact,LB,none,none,yes,small,medium,lipid droplets per cell Normal (blue) vs PDAC (red); mean with SD bars; exact p above,../make_my_plot/figure_library/nature/2025_Li_adaptation_to_cystine_limitation_stress_/figures/fig06_Fig6.jpg,gc_nature
Nature communications,PMC12872613,2025,10.1038/s41467-025-68099-0,7,G/1,bar+points,4,~5 per bar,yes,mean,inferred,SD,inferred,small,none,filled,jitter,medium,na,multi_categorical,black,bracket+stars,mixed,LB,none,none,yes,small,medium,"tumor weight PDX-1: Ctrl (black), Lom. (red), mFOL. (blue), Lom.+mFOL. (orange) bars with points and SD; stars plus exact p above brackets",../make_my_plot/figure_library/nature/2025_Li_adaptation_to_cystine_limitation_stress_/figures/fig07_Fig7.jpg,gc_nature
Nature communications,PMC12872613,2025,10.1038/s41467-025-68099-0,7,G/2,bar+points,4,~5 per bar,yes,mean,inferred,SD,inferred,small,none,filled,jitter,medium,na,multi_categorical,black,bracket+stars,mixed,LB,none,none,yes,small,medium,"tumor weight PDX-2: Ctrl (black), Lom. (red), mFOL. (blue), Lom.+mFOL. (orange) bars with points and SD; stars plus exact p above brackets",../make_my_plot/figure_library/nature/2025_Li_adaptation_to_cystine_limitation_stress_/figures/fig07_Fig7.jpg,gc_nature
Nature communications,PMC12872613,2025,10.1038/s41467-025-68099-0,7,I/1,bar+points,4,~5 per bar,yes,mean,inferred,SD,inferred,small,none,filled,jitter,medium,na,multi_categorical,black,bracket+stars,mixed,LB,none,none,yes,small,medium,SUV PDX-1: same four-group colour scheme as G; stars plus exact p above brackets,../make_my_plot/figure_library/nature/2025_Li_adaptation_to_cystine_limitation_stress_/figures/fig07_Fig7.jpg,gc_nature
Nature communications,PMC12872613,2025,10.1038/s41467-025-68099-0,7,I/2,bar+points,4,~5 per bar,yes,mean,inferred,SD,inferred,small,none,filled,jitter,medium,na,multi_categorical,black,bracket+stars,mixed,LB,none,none,yes,small,medium,SUV PDX-2: same four-group colour scheme as G; stars plus exact p above brackets,../make_my_plot/figure_library/nature/2025_Li_adaptation_to_cystine_limitation_stress_/figures/fig07_Fig7.jpg,gc_nature
Nature communications,PMC12872613,2025,10.1038/s41467-025-68099-0,7,N,dot_strip+summary,4,~20 per group,yes,mean,inferred,SD,inferred,small,none,filled,jitter,na,na,multi_categorical,black,bracket+stars,stars,LB,none,none,yes,medium,medium,"PLIN2 staining Veh. (black), Lom. (red), mFOL. (blue), Lom.+mFOL. (orange); mean with SD bars; stars on brackets",../make_my_plot/figure_library/nature/2025_Li_adaptation_to_cystine_limitation_stress_/figures/fig07_Fig7.jpg,gc_nature
