journal,paper_id,year,DOI,figure_number,panel,representation,number_of_groups,approximate_n_per_group,raw_points_visible,summary,summary_source,error,error_source,marker_size_relative,marker_edge,marker_fill,jitter_style,bar_width,box_width,palette_type,control_color_behavior,statistical_annotation,p_display,axis_style,legend_style,n_label,zero_baseline,physical_panel_size,confidence_of_measurement,notes,image_path,reviewer
Science Translational Medicine,PMC12490786,2025,10.1126/scitranslmed.adn2601,3,C,other,3x2,unknown,no,none,none,none,none,na,na,na,na,medium,na,greys,na,none,none,LB,outside,none,yes,medium,medium,Stacked composition bars of HSPC subsets (CD34+CD90+ black / CD34+CD90- grey / CD34+CD45RA+ white) compared at 3 vs 6 months within each of 3 animals; dashed vertical separators between animals,PRIVATE_REFERENCE_ONLY/corpus/PMC12490786/figures/Fig3.jpg,gc_science
Science Translational Medicine,PMC12490786,2025,10.1126/scitranslmed.adn2601,3,D,other,18,unknown,no,none,none,none,none,na,na,na,na,medium,na,multi_categorical,na,none,none,LB,outside,none,yes,large,medium,Stacked CFU-composition bars; 3 animals x 2 timepoints x 3 FACS-purified HSPC subsets on the categorical axis; patterned/checkered fills,PRIVATE_REFERENCE_ONLY/corpus/PMC12490786/figures/Fig3.jpg,gc_science
Science Translational Medicine,PMC12490786,2025,10.1126/scitranslmed.adn2601,5,A1,bar+points,6x4,~3 each,yes,mean,inferred,unknown,inferred,medium,none,filled,jitter,medium,na,multi_categorical,na,none,none,LB,none,none,yes,medium,medium,Top row (3 months) of panel A; 6 BM lineages x 4 protospacer adenines; 3 animal points overlaid per bar; dashed vertical separators between lineages; error bars undefined in caption,PRIVATE_REFERENCE_ONLY/corpus/PMC12490786/figures/Fig5.jpg,gc_science
Science Translational Medicine,PMC12490786,2025,10.1126/scitranslmed.adn2601,5,A2,bar+points,6x4,~3 each,yes,mean,inferred,unknown,inferred,medium,none,filled,jitter,medium,na,multi_categorical,na,none,none,LB,none,none,yes,medium,medium,Bottom row (6 months) of panel A; same layout as A1,PRIVATE_REFERENCE_ONLY/corpus/PMC12490786/figures/Fig5.jpg,gc_science
Science Translational Medicine,PMC12490786,2025,10.1126/scitranslmed.adn2601,5,B1,other,3x6,unknown,no,none,none,none,none,na,na,na,na,wide,na,multi_categorical,na,none,none,LB,outside,none,yes,medium,medium,Top row (3 months); stacked composition bars of editing-event combinations across 6 BM lineages in each of 3 animals; bars sum to 100%,PRIVATE_REFERENCE_ONLY/corpus/PMC12490786/figures/Fig5.jpg,gc_science
Science Translational Medicine,PMC12490786,2025,10.1126/scitranslmed.adn2601,5,B2,other,3x6,unknown,no,none,none,none,none,na,na,na,na,wide,na,multi_categorical,na,none,none,LB,outside,none,yes,medium,medium,Bottom row (6 months); same stacked composition layout as B1,PRIVATE_REFERENCE_ONLY/corpus/PMC12490786/figures/Fig5.jpg,gc_science
Science Translational Medicine,PMC12490786,2025,10.1126/scitranslmed.adn2601,7,A1,dot_strip,4,~15/~35/~34/~36,yes,none,none,none,none,small,dark,open,jitter,na,na,monochrome_black,na,none,none,LB,none,none,no,small,medium,Left subplot of panel A (Cumulative indels); x-shaped markers; log10 y axis; control group vs three animals; no summary line drawn,PRIVATE_REFERENCE_ONLY/corpus/PMC12490786/figures/Fig7.jpg,gc_science
Science Translational Medicine,PMC12490786,2025,10.1126/scitranslmed.adn2601,7,B1,dot_strip,4,0/4/5/8,yes,none,none,none,none,small,dark,open,jitter,na,na,monochrome_black,na,none,none,LB,none,above_category,no,small,medium,A9 subplot of panel B; log10 y axis; only samples with detectable indels plotted; fraction above each column gives samples-with-indels/total analysed (0/15 4/35 5/34 8/36),PRIVATE_REFERENCE_ONLY/corpus/PMC12490786/figures/Fig7.jpg,gc_science
Science Translational Medicine,PMC12490786,2025,10.1126/scitranslmed.adn2601,7,B2,dot_strip,4,0/10/10/14,yes,none,none,none,none,small,dark,open,jitter,na,na,monochrome_black,na,none,none,LB,none,above_category,no,small,medium,A12 subplot of panel B; log10 y axis; counts above columns 0/15 10/35 10/34 14/36,PRIVATE_REFERENCE_ONLY/corpus/PMC12490786/figures/Fig7.jpg,gc_science
Science Translational Medicine,PMC12490786,2025,10.1126/scitranslmed.adn2601,7,B3,dot_strip,4,3/9/7/9,yes,none,none,none,none,small,dark,open,jitter,na,na,monochrome_black,na,none,none,LB,none,above_category,no,small,medium,A16 subplot of panel B; log10 y axis; counts above columns 3/15 9/35 7/34 9/36,PRIVATE_REFERENCE_ONLY/corpus/PMC12490786/figures/Fig7.jpg,gc_science
Science Translational Medicine,PMC12490786,2025,10.1126/scitranslmed.adn2601,7,B4,dot_strip,4,0/2/3/4,yes,none,none,none,none,small,dark,open,jitter,na,na,monochrome_black,na,none,none,LB,none,above_category,no,small,medium,A18 subplot of panel B; log10 y axis; counts above columns 0/15 2/35 3/34 4/36,PRIVATE_REFERENCE_ONLY/corpus/PMC12490786/figures/Fig7.jpg,gc_science
Science advances,PMC12716425,2025,10.1126/sciadv.aeb1017,3,A,bar+points,3,~12/3/0,yes,mean,caption,SEM,caption,small,same_colour,filled,jitter,medium,na,multi_categorical,coloured,bracket+stars,stars,LB,none,none,no,medium,medium,Log10 y axis (Kd) so no zero baseline; third group (basic helix mt) has no bar and is labelled Not Detectable; ** over a bracket between WT and K93A/R95A,../make_my_plot/figure_library/science/2025_Yudin_mechanism_of_cotranslational_modificatio/figures/fig03_F3.jpg,gc_science
Science advances,PMC12716425,2025,10.1126/sciadv.aeb1017,3,B,bar+points,3,3/~10/3,yes,mean,caption,SEM,caption,small,same_colour,filled,jitter,medium,na,multi_categorical,grey,none,none,LB,none,none,no,medium,medium,Log10 y axis (Kd); first category (no NAC) drawn grey; WT red; dUBA green,../make_my_plot/figure_library/science/2025_Yudin_mechanism_of_cotranslational_modificatio/figures/fig03_F3.jpg,gc_science
Science advances,PMC12716425,2025,10.1126/sciadv.aeb1017,3,C,bar+points,3,3/2/2,yes,mean,caption,SEM,caption,small,same_colour,filled,jitter,medium,na,multi_categorical,coloured,none,none,LB,none,none,no,medium,medium,Log10 y axis (Ki); only 2-3 replicate dots per bar,../make_my_plot/figure_library/science/2025_Yudin_mechanism_of_cotranslational_modificatio/figures/fig03_F3.jpg,gc_science
Science advances,PMC12716425,2025,10.1126/sciadv.aeb1017,3,D,bar+points,3,~11/4/4,yes,mean,caption,SEM,caption,small,same_colour,filled,jitter,medium,na,multi_categorical,coloured,none,none,LB,none,none,no,medium,medium,Log10 y axis (Kd) spanning ~4 decades; H4 nascent-chain N-terminal sequence variants,../make_my_plot/figure_library/science/2025_Yudin_mechanism_of_cotranslational_modificatio/figures/fig03_F3.jpg,gc_science
Science advances,PMC12716425,2025,10.1126/sciadv.aeb1017,3,E,bar+points,2,~11/3,yes,mean,caption,SEM,caption,small,same_colour,filled,jitter,medium,na,multi_categorical,coloured,bracket+stars,ns_text,LB,none,none,no,medium,medium,Log10 y axis (Kd); ns printed over bracket comparing 70 aa vs 45 aa nascent chain,../make_my_plot/figure_library/science/2025_Yudin_mechanism_of_cotranslational_modificatio/figures/fig03_F3.jpg,gc_science
Science Translational Medicine,PMC12870020,2026,10.1126/scitranslmed.ado9383,5,all,other,9,caption:126/68/117/81/174/194/76/186/171,no,none,none,none,none,na,na,na,na,wide,na,greys,na,none,none,box,outside,above_category,yes,medium,medium,Single unlettered panel; stacked composition bars of 5 granuloma types (%) compared across 9 lesion clusters nested in 4 cluster groups; total lesion count printed above each bar; coloured cluster/group swatches below axis,PRIVATE_REFERENCE_ONLY/corpus/PMC12870020/figures/Fig5.jpg,gc_science
Science,PMC13004167,2026,10.1126/science.adx3162,1,I,bar,7,unknown,no,mean,caption,SEM,caption,na,na,na,na,medium,na,multi_categorical,coloured,bracket+stars,stars,LB,none,none,no,medium,medium,LogEC50 axis runs -7 (bottom) to -10 (top) so the baseline is -7 not zero; three brackets with ** and **** vs 156wt; no individual replicate points drawn,PRIVATE_REFERENCE_ONLY/corpus/PMC13004167/figures/Fig1.jpg,gc_science
Science,PMC13004167,2026,10.1126/science.adx3162,2,C,bar,7,unknown,no,mean,caption,SEM,caption,na,na,na,na,medium,na,multi_categorical,grey,bracket+stars,mixed,LB,none,none,yes,medium,medium,Peak bond lifetime; long brackets with **** vs 156wt plus an ns bracket between S32Ma and S30E32Qa; 156wt bar is grey matching panel B legend,PRIVATE_REFERENCE_ONLY/corpus/PMC13004167/figures/Fig2.jpg,gc_science
Science,PMC13004167,2026,10.1126/science.adx3162,2,D,bar,7,unknown,no,none,none,none,none,na,na,na,na,medium,na,multi_categorical,coloured,none,none,LB,none,none,yes,small,medium,Bottom-right subplot of panel D only: steady-state Kd bar chart for the 7 TCR variants (single fitted value per bar so no error bars); rest of panel D is SPR sensorgrams and is not coded,PRIVATE_REFERENCE_ONLY/corpus/PMC13004167/figures/Fig2.jpg,gc_science
Science,PMC13004167,2026,10.1126/science.adx3162,3,A,bar+points,8,~6 each,yes,mean,caption,SEM,caption,small,none,filled,jitter,medium,na,multi_categorical,coloured,bracket+stars,stars,LB,outside,none,yes,medium,medium,CD107a%; 7 TCR variants plus non-transduced control; shared colour legend below the A-D row; brackets vs 156wt,PRIVATE_REFERENCE_ONLY/corpus/PMC13004167/figures/Fig3.jpg,gc_science
Science,PMC13004167,2026,10.1126/science.adx3162,3,B,bar+points,8,~6 each,yes,mean,caption,SEM,caption,small,none,filled,jitter,medium,na,multi_categorical,coloured,bracket+stars,stars,LB,outside,none,yes,medium,medium,Granzyme B+%; shared colour legend below the A-D row,PRIVATE_REFERENCE_ONLY/corpus/PMC13004167/figures/Fig3.jpg,gc_science
Science,PMC13004167,2026,10.1126/science.adx3162,3,C,bar+points,8,~8 each,yes,mean,caption,SEM,caption,small,none,filled,jitter,medium,na,multi_categorical,coloured,bracket+stars,stars,LB,outside,none,yes,medium,medium,IFNg%; 3-4 donors in duplicate; four brackets with * to **** vs 156wt,PRIVATE_REFERENCE_ONLY/corpus/PMC13004167/figures/Fig3.jpg,gc_science
Science,PMC13004167,2026,10.1126/science.adx3162,3,D,bar+points,8,~8 each,yes,mean,caption,SEM,caption,small,none,filled,jitter,medium,na,multi_categorical,coloured,bracket+stars,stars,LB,outside,none,yes,medium,medium,TNFa%; shared colour legend below the A-D row,PRIVATE_REFERENCE_ONLY/corpus/PMC13004167/figures/Fig3.jpg,gc_science
Science,PMC13004167,2026,10.1126/science.adx3162,3,F,bar+points,8,~6 each,yes,mean,caption,SEM,caption,small,none,filled,jitter,medium,na,multi_categorical,coloured,bracket+stars,stars,LB,none,none,yes,medium,medium,Proliferated cells% of transduced CD8 T cells; rotated category labels below axis,PRIVATE_REFERENCE_ONLY/corpus/PMC13004167/figures/Fig3.jpg,gc_science
Science,PMC13004167,2026,10.1126/science.adx3162,3,I,bar+points,8,~6 each,yes,mean,caption,SEM,caption,small,none,filled,jitter,medium,na,multi_categorical,coloured,bracket+stars,stars,LB,none,none,yes,medium,medium,TOX+% at day 8; two brackets with ** vs 156wt; rotated category labels,PRIVATE_REFERENCE_ONLY/corpus/PMC13004167/figures/Fig3.jpg,gc_science
Science,PMC13004167,2026,10.1126/science.adx3162,5,G,violin,4,unknown,no,none,none,none,none,na,na,na,na,na,na,multi_categorical,na,none,none,LB,none,none,no,small,medium,Effector score per single-cell cluster; smooth violins with no interior box/median marker; y axis starts below zero,PRIVATE_REFERENCE_ONLY/corpus/PMC13004167/figures/Fig5.jpg,gc_science
Science,PMC13004167,2026,10.1126/science.adx3162,5,I1,violin,5,unknown,no,none,none,none,none,na,na,na,na,na,na,multi_categorical,na,none,none,LB,none,none,yes,small,medium,GZMB scaled expression violins across 5 TCR groups (upper subplot of panel I),PRIVATE_REFERENCE_ONLY/corpus/PMC13004167/figures/Fig5.jpg,gc_science
Science,PMC13004167,2026,10.1126/science.adx3162,5,I2,violin,5,unknown,no,none,none,none,none,na,na,na,na,na,na,multi_categorical,na,none,none,LB,none,none,yes,small,medium,PRF1 scaled expression violins across 5 TCR groups (lower subplot of panel I),PRIVATE_REFERENCE_ONLY/corpus/PMC13004167/figures/Fig5.jpg,gc_science
Science,PMC13004167,2026,10.1126/science.adx3162,5,J,bar,2x3,unknown,no,none,none,none,none,na,na,na,na,medium,na,multi_categorical,na,p_value_only,exact,LB,inside,none,yes,small,medium,Horizontal GSEA bars; 2 gene sets x 3 variant-vs-156wt comparisons; adjusted P printed inside each bar in scientific notation; legend box inside panel,PRIVATE_REFERENCE_ONLY/corpus/PMC13004167/figures/Fig5.jpg,gc_science
Science,PMC13004167,2026,10.1126/science.adx3162,5,K,violin,4,unknown,no,none,none,none,none,na,na,na,na,na,na,multi_categorical,na,none,none,LB,none,none,no,small,medium,Cell cycle score per cluster; same violin style as panel G,PRIVATE_REFERENCE_ONLY/corpus/PMC13004167/figures/Fig5.jpg,gc_science
Science,PMC13004167,2026,10.1126/science.adx3162,5,M1,violin,5,unknown,no,none,none,none,none,na,na,na,na,na,na,multi_categorical,na,none,none,LB,none,none,yes,small,medium,MYB scaled expression violins across 5 TCR groups (upper subplot of panel M),PRIVATE_REFERENCE_ONLY/corpus/PMC13004167/figures/Fig5.jpg,gc_science
Science,PMC13004167,2026,10.1126/science.adx3162,5,M2,violin,5,unknown,no,none,none,none,none,na,na,na,na,na,na,multi_categorical,na,none,none,LB,none,none,yes,small,medium,MKI67 scaled expression violins across 5 TCR groups (lower subplot of panel M),PRIVATE_REFERENCE_ONLY/corpus/PMC13004167/figures/Fig5.jpg,gc_science
Science,PMC13004167,2026,10.1126/science.adx3162,7,C,box+points,2,10/10,yes,median,inferred,IQR_whiskers,inferred,medium,dark,open,centered,na,medium,multi_categorical,coloured,line+p_value,exact,LB,none,in_caption,yes,small,medium,Box-and-whisker of Ser4 hydrogen-bond count from 10 independent MD simulations per condition; open circles coloured to match each box overlaid down the centre; p = 0.004 printed over a thin connector,PRIVATE_REFERENCE_ONLY/corpus/PMC13004167/figures/Fig7.jpg,gc_science
Science,PMC13004167,2026,10.1126/science.adx3162,7,E,box+points,2,10/10,yes,median,inferred,IQR_whiskers,inferred,medium,dark,open,centered,na,medium,multi_categorical,coloured,line+p_value,exact,LB,none,in_caption,yes,small,medium,Box-and-whisker of water count within the 4.5 A sphere across 10 simulations; shares the x-axis labels with panel C; p = 1.0 x 10-6 printed over a thin connector,PRIVATE_REFERENCE_ONLY/corpus/PMC13004167/figures/Fig7.jpg,gc_science
Science,PMC13004167,2026,10.1126/science.adx3162,7,H,bar,2,unknown,no,mean,inferred,unknown,inferred,na,na,na,na,medium,na,multi_categorical,coloured,none,none,LB,none,none,yes,small,low,Log fold change in EC50 for PAP22-Ala4; one positive and one negative bar about a zero baseline; error bar type not stated in caption,PRIVATE_REFERENCE_ONLY/corpus/PMC13004167/figures/Fig7.jpg,gc_science
Science,PMC13004167,2026,10.1126/science.adx3162,7,J,bar,2x2,unknown,no,mean,caption,SEM,caption,na,na,na,na,medium,na,multi_categorical,coloured,bracket+stars,stars,LB,none,none,yes,small,medium,Peak bond lifetime; two TCRs x two peptides (wild-type solid fill vs PAP_S4A checkered fill); **** over brackets within each TCR,PRIVATE_REFERENCE_ONLY/corpus/PMC13004167/figures/Fig7.jpg,gc_science
Science Translational Medicine,PMC13035345,2025,10.1126/scitranslmed.adu2085,2,B1,dot_strip+summary,14,caption:10,yes,mean,caption,none,none,medium,dark,mixed,beeswarm,na,na,multi_categorical,coloured,bracket+stars,stars,LB,above,in_caption,no,medium,medium,Week 2 subpanel of B; log10 y axis; horizontal bar = geometric mean titer; dotted horizontal line = limit of detection; dotted vertical line separates protein vs mRNA arms; Empty LNP group n=5; 14 categories incl 3 mRNA dose levels per immunogen,PRIVATE_REFERENCE_ONLY/corpus/PMC13035345/figures/Fig2.jpg,gc_science
Science Translational Medicine,PMC13035345,2025,10.1126/scitranslmed.adu2085,2,B2,dot_strip+summary,14,caption:10,yes,mean,caption,none,none,medium,dark,mixed,beeswarm,na,na,multi_categorical,coloured,bracket+stars,stars,LB,above,in_caption,no,medium,medium,Week 5 subpanel of B; log10 y axis; GMT horizontal bar; many omitted comparisons per caption; Empty LNP n=5,PRIVATE_REFERENCE_ONLY/corpus/PMC13035345/figures/Fig2.jpg,gc_science
Science Translational Medicine,PMC13035345,2025,10.1126/scitranslmed.adu2085,2,C1,dot_strip+summary,14,caption:10,yes,mean,caption,none,none,medium,dark,mixed,beeswarm,na,na,multi_categorical,coloured,bracket+stars,stars,LB,above,in_caption,no,medium,medium,Week 2 subpanel of C; log10 y axis; many points piled on limit of detection; GMT horizontal bar,PRIVATE_REFERENCE_ONLY/corpus/PMC13035345/figures/Fig2.jpg,gc_science
Science Translational Medicine,PMC13035345,2025,10.1126/scitranslmed.adu2085,2,C2,dot_strip+summary,14,caption:10,yes,mean,caption,none,none,medium,dark,mixed,beeswarm,na,na,multi_categorical,coloured,bracket+stars,stars,LB,above,in_caption,no,medium,medium,Week 5 subpanel of C; log10 y axis; GMT horizontal bar,PRIVATE_REFERENCE_ONLY/corpus/PMC13035345/figures/Fig2.jpg,gc_science
Science Translational Medicine,PMC13035345,2025,10.1126/scitranslmed.adu2085,2,D1,dot_strip+summary,14,caption:10,yes,mean,caption,none,none,medium,dark,mixed,beeswarm,na,na,multi_categorical,coloured,none,none,LB,above,in_caption,no,medium,medium,Week 2 subpanel of D; log10 y axis; nearly all points at limit of detection; no significance marks shown,PRIVATE_REFERENCE_ONLY/corpus/PMC13035345/figures/Fig2.jpg,gc_science
Science Translational Medicine,PMC13035345,2025,10.1126/scitranslmed.adu2085,2,D2,dot_strip+summary,14,caption:10,yes,mean,caption,none,none,medium,dark,mixed,beeswarm,na,na,multi_categorical,coloured,bracket+stars,stars,LB,above,in_caption,no,medium,medium,Week 5 subpanel of D; log10 y axis; GMT horizontal bar,PRIVATE_REFERENCE_ONLY/corpus/PMC13035345/figures/Fig2.jpg,gc_science
Science Translational Medicine,PMC13035345,2025,10.1126/scitranslmed.adu2085,3,B1,dot_strip+summary,7,caption:5,yes,mean,caption,SEM,caption,medium,dark,mixed,beeswarm,na,na,multi_categorical,white_or_open,bracket+stars,stars,LB,above,in_caption,yes,small,medium,Lung IFN-g subpanel of B; control group Naive plotted as open black squares; dotted vertical line separates protein vs mRNA arms,PRIVATE_REFERENCE_ONLY/corpus/PMC13035345/figures/Fig3.jpg,gc_science
Science Translational Medicine,PMC13035345,2025,10.1126/scitranslmed.adu2085,3,B2,dot_strip+summary,7,caption:5,yes,mean,caption,SEM,caption,medium,dark,mixed,beeswarm,na,na,multi_categorical,white_or_open,bracket+stars,stars,LB,above,in_caption,yes,small,medium,Lung IL-2 subpanel of B,PRIVATE_REFERENCE_ONLY/corpus/PMC13035345/figures/Fig3.jpg,gc_science
Science Translational Medicine,PMC13035345,2025,10.1126/scitranslmed.adu2085,3,B3,dot_strip+summary,7,caption:5,yes,mean,caption,SEM,caption,medium,dark,mixed,beeswarm,na,na,multi_categorical,white_or_open,none,none,LB,above,in_caption,yes,small,medium,Lung TNF-a subpanel of B; no significance annotation drawn,PRIVATE_REFERENCE_ONLY/corpus/PMC13035345/figures/Fig3.jpg,gc_science
Science Translational Medicine,PMC13035345,2025,10.1126/scitranslmed.adu2085,3,B4,dot_strip+summary,7,caption:5,yes,mean,caption,SEM,caption,medium,dark,mixed,beeswarm,na,na,multi_categorical,white_or_open,bracket+stars,stars,LB,above,in_caption,yes,small,medium,Spleen IFN-g subpanel of B,PRIVATE_REFERENCE_ONLY/corpus/PMC13035345/figures/Fig3.jpg,gc_science
Science Translational Medicine,PMC13035345,2025,10.1126/scitranslmed.adu2085,3,B5,dot_strip+summary,7,caption:5,yes,mean,caption,SEM,caption,medium,dark,mixed,beeswarm,na,na,multi_categorical,white_or_open,bracket+stars,stars,LB,above,in_caption,yes,small,medium,Spleen IL-2 subpanel of B,PRIVATE_REFERENCE_ONLY/corpus/PMC13035345/figures/Fig3.jpg,gc_science
Science Translational Medicine,PMC13035345,2025,10.1126/scitranslmed.adu2085,3,B6,dot_strip+summary,7,caption:5,yes,mean,caption,SEM,caption,medium,dark,mixed,beeswarm,na,na,multi_categorical,white_or_open,bracket+stars,stars,LB,above,in_caption,yes,small,medium,Spleen TNF-a subpanel of B,PRIVATE_REFERENCE_ONLY/corpus/PMC13035345/figures/Fig3.jpg,gc_science
Science Translational Medicine,PMC13035345,2025,10.1126/scitranslmed.adu2085,3,C1,dot_strip+summary,7,caption:5,yes,mean,caption,SEM,caption,medium,dark,mixed,beeswarm,na,na,multi_categorical,white_or_open,bracket+stars,stars,LB,above,in_caption,yes,small,medium,Lung IFN-g subpanel of C (CD8 T cells),PRIVATE_REFERENCE_ONLY/corpus/PMC13035345/figures/Fig3.jpg,gc_science
Science Translational Medicine,PMC13035345,2025,10.1126/scitranslmed.adu2085,3,C2,dot_strip+summary,7,caption:5,yes,mean,caption,SEM,caption,medium,dark,mixed,beeswarm,na,na,multi_categorical,white_or_open,bracket+stars,stars,LB,above,in_caption,yes,small,medium,Lung IL-2 subpanel of C,PRIVATE_REFERENCE_ONLY/corpus/PMC13035345/figures/Fig3.jpg,gc_science
Science Translational Medicine,PMC13035345,2025,10.1126/scitranslmed.adu2085,3,C3,dot_strip+summary,7,caption:5,yes,mean,caption,SEM,caption,medium,dark,mixed,beeswarm,na,na,multi_categorical,white_or_open,bracket+stars,stars,LB,above,in_caption,yes,small,medium,Lung TNF-a subpanel of C,PRIVATE_REFERENCE_ONLY/corpus/PMC13035345/figures/Fig3.jpg,gc_science
Science Translational Medicine,PMC13035345,2025,10.1126/scitranslmed.adu2085,3,C4,dot_strip+summary,7,caption:5,yes,mean,caption,SEM,caption,medium,dark,mixed,beeswarm,na,na,multi_categorical,white_or_open,bracket+stars,stars,LB,above,in_caption,yes,small,medium,Spleen IFN-g subpanel of C; 10-panel cap reached - spleen IL-2 and TNF-a subpanels of C not coded,PRIVATE_REFERENCE_ONLY/corpus/PMC13035345/figures/Fig3.jpg,gc_science
Science Translational Medicine,PMC13035345,2025,10.1126/scitranslmed.adu2085,4,B,dot_strip+summary,5,~5/~5/~10/~8/~10,yes,mean,caption,none,none,medium,dark,mixed,beeswarm,na,na,multi_categorical,white_or_open,bracket+stars,stars,LB,above,in_caption,no,medium,medium,log10 y axis; horizontal bar = geometric mean titer; dotted horizontal line = limit of detection; PBS control open black squares; no error bars in this panel,PRIVATE_REFERENCE_ONLY/corpus/PMC13035345/figures/Fig4.jpg,gc_science
Science Translational Medicine,PMC13035345,2025,10.1126/scitranslmed.adu2085,4,D,dot_strip+summary,5,~4/~4/~5/~5/~6,yes,mean,caption,SEM,caption,medium,dark,mixed,beeswarm,na,na,multi_categorical,white_or_open,bracket+stars,stars,LB,above,in_caption,yes,medium,medium,congestion score at 4 dpi; ordinal 0-4 score; heavy overplotting of identical scores,PRIVATE_REFERENCE_ONLY/corpus/PMC13035345/figures/Fig4.jpg,gc_science
Science Translational Medicine,PMC13035345,2025,10.1126/scitranslmed.adu2085,4,E,dot_strip+summary,5,~5/~5/~4/~5/~5,yes,mean,caption,SEM,caption,medium,dark,mixed,beeswarm,na,na,multi_categorical,white_or_open,bracket+stars,stars,LB,above,in_caption,no,medium,medium,log10 y axis; dotted horizontal line = limit of detection,PRIVATE_REFERENCE_ONLY/corpus/PMC13035345/figures/Fig4.jpg,gc_science
Science Translational Medicine,PMC13035345,2025,10.1126/scitranslmed.adu2085,4,F,dot_strip+summary,5x2,~5/~5/~4/~5/~5 per time point,yes,mean,caption,SEM,caption,medium,dark,mixed,beeswarm,na,na,multi_categorical,white_or_open,bracket+stars,stars,LB,above,in_caption,no,medium,medium,grouped by time point (2 and 4 dpi) separated by dotted vertical line; log10 y axis; below-LOD values plotted at half LOD,PRIVATE_REFERENCE_ONLY/corpus/PMC13035345/figures/Fig4.jpg,gc_science
Science Translational Medicine,PMC13035345,2025,10.1126/scitranslmed.adu2085,5,B,dot_strip+summary,9,~5/~4/~4/~8/~8/~9/~9/~9/~10,yes,mean,caption,none,none,medium,dark,mixed,beeswarm,na,na,multi_categorical,white_or_open,none,none,LB,above,in_caption,no,medium,medium,log10 y axis; PBS control plus 4 mRNA immunogens at 1 and 5 ug doses (dose ramp icons); GMT horizontal bar; no significance marks drawn,PRIVATE_REFERENCE_ONLY/corpus/PMC13035345/figures/Fig5.jpg,gc_science
Science Translational Medicine,PMC13035345,2025,10.1126/scitranslmed.adu2085,5,D,dot_strip+summary,9x2,~4/~5 per group,yes,mean,caption,SEM,caption,medium,dark,mixed,beeswarm,na,na,multi_categorical,white_or_open,bracket+stars,stars,LB,above,in_caption,yes,medium,medium,congestion score at 2 and 4 dpi separated by dotted vertical line; ordinal 0-4 score; dose ramps under x axis,PRIVATE_REFERENCE_ONLY/corpus/PMC13035345/figures/Fig5.jpg,gc_science
Science Translational Medicine,PMC13035345,2025,10.1126/scitranslmed.adu2085,5,E,dot_strip+summary,9,~4/~5 per group,yes,mean,caption,SEM,caption,medium,dark,mixed,beeswarm,na,na,multi_categorical,white_or_open,bracket+stars,stars,LB,above,in_caption,no,medium,medium,log10 y axis; dotted horizontal line = limit of detection; dose ramps under x axis,PRIVATE_REFERENCE_ONLY/corpus/PMC13035345/figures/Fig5.jpg,gc_science
Science Translational Medicine,PMC13035345,2025,10.1126/scitranslmed.adu2085,5,F,dot_strip+summary,9x2,~4/~5 per group,yes,mean,caption,SEM,caption,medium,dark,mixed,beeswarm,na,na,multi_categorical,white_or_open,bracket+stars,stars,LB,above,in_caption,no,medium,medium,grouped by time point (2 and 4 dpi) separated by dotted vertical line; log10 y axis; most 4 dpi values at LOD,PRIVATE_REFERENCE_ONLY/corpus/PMC13035345/figures/Fig5.jpg,gc_science
Science,PMC13041778,2026,10.1126/science.adw4937,1,D,bar,10,unknown,no,none,none,none,none,na,na,na,na,wide,na,unknown,na,none,none,box,above,in_caption,yes,small,medium,horizontal ranked GSEA bar chart of MSigDB Hallmark normalized enrichment scores; bar fill encodes p.adjust on a continuous red-blue colour scale with colour bar above; no replicates or error bars shown,PRIVATE_REFERENCE_ONLY/corpus/PMC13041778/figures/Fig1.jpg,gc_science
Science,PMC13041778,2026,10.1126/science.adw4937,1,E,bar+points,3x2,caption:4,yes,mean,caption,SEM,caption,small,same_colour,open,centered,medium,na,single_accent,white_or_open,line+stars,stars,LB,above,in_caption,yes,small,medium,IL-6 ELISA; three dox-inducible constructs each -dox (white bars) and +dox (light blue bars); more open circles visible (~7) than the four independent experiments stated in the caption,PRIVATE_REFERENCE_ONLY/corpus/PMC13041778/figures/Fig1.jpg,gc_science
Science,PMC13041778,2026,10.1126/science.adw4937,2,B,bar+points,2x2,caption:3/4,yes,mean,caption,SEM,caption,small,same_colour,open,centered,medium,na,single_accent,white_or_open,line+stars,stars,LB,above,in_caption,yes,small,medium,"NF-kB luciferase fold change; unstimulated vs TNFa, each with mCherry (white) and M3.1-FLAG (light blue) bars; ~8 open points per blue bar",PRIVATE_REFERENCE_ONLY/corpus/PMC13041778/figures/Fig2.jpg,gc_science
Science,PMC13041778,2026,10.1126/science.adw4937,3,B,bar+points,8x2,caption:3,yes,mean,caption,SEM,caption,small,same_colour,open,centered,medium,na,single_accent,white_or_open,line+stars,mixed,LB,above,in_caption,no,medium,medium,grouped bars: 4 gRNA conditions x 2 time points (1 and 24 hpi) x 2 viruses (vMyx-GFP white vs vMyx-dM003.1-GFP crimson); log10 y axis truncated at 2 so bars do not start at zero; ns text used alongside asterisks,PRIVATE_REFERENCE_ONLY/corpus/PMC13041778/figures/Fig3.jpg,gc_science
Science,PMC13041778,2026,10.1126/science.adw4937,3,C,bar+points,6x2,caption:3,yes,mean,caption,SEM,caption,small,same_colour,open,centered,medium,na,single_accent,white_or_open,line+stars,mixed,LB,above,in_caption,no,small,medium,grouped bars: 3 gRNA conditions x 2 time points x 2 viruses; log10 y axis truncated at 2; both bracket-style lines between condition groups and short lines within groups; ns text present,PRIVATE_REFERENCE_ONLY/corpus/PMC13041778/figures/Fig3.jpg,gc_science
Science,PMC13041778,2026,10.1126/science.adw4937,3,D,bar+points,3x2,caption:2/3,yes,mean,caption,SEM,caption,small,same_colour,open,centered,medium,na,single_accent,white_or_open,line+stars,stars,LB,above,in_caption,yes,small,medium,IFNB1 luciferase fold change; ctrl / TBK1 / TBK1-D135N each with mCherry (white) and M3.1-FLAG (light blue),PRIVATE_REFERENCE_ONLY/corpus/PMC13041778/figures/Fig3.jpg,gc_science
Science,PMC13041778,2026,10.1126/science.adw4937,3,F,bar+points,4x2,caption:3,yes,mean,caption,SEM,caption,small,same_colour,open,centered,medium,na,single_accent,white_or_open,line+stars,stars,LB,above,in_caption,yes,small,medium,"IFNB1 luciferase fold change; NTC and TBK1 gRNA each -/+ poly(dA:dT), with mCherry (white) and M3.1-FLAG (light blue) bars",PRIVATE_REFERENCE_ONLY/corpus/PMC13041778/figures/Fig3.jpg,gc_science
Science,PMC13041778,2026,10.1126/science.adw4937,4,A1,bar+points,8x2,caption:3,yes,mean,caption,SEM,caption,small,same_colour,open,centered,medium,na,single_accent,white_or_open,line+stars,mixed,LB,above,in_caption,no,small,medium,left subpanel of A; 8 gRNA conditions each -dox (white) and +dox (light blue); log10 IL-6 y axis starting at 10^1 so bars are not zero-baselined; ns text mixed with asterisks,PRIVATE_REFERENCE_ONLY/corpus/PMC13041778/figures/Fig4.jpg,gc_science
Science,PMC13041778,2026,10.1126/science.adw4937,4,A2,bar+points,5x2,caption:3,yes,mean,caption,SEM,caption,small,same_colour,open,centered,medium,na,single_accent,white_or_open,line+stars,mixed,LB,above,in_caption,no,small,medium,right subpanel of A; 5 gRNA conditions x -dox/+dox; log10 IL-6 y axis truncated at 10^1,PRIVATE_REFERENCE_ONLY/corpus/PMC13041778/figures/Fig4.jpg,gc_science
Science,PMC13041778,2026,10.1126/science.adw4937,4,D,bar+points,4x2,caption:3,yes,mean,caption,SEM,caption,small,same_colour,open,centered,medium,na,single_accent,white_or_open,line+stars,mixed,LB,above,in_caption,no,small,medium,4 gRNA conditions x -dox/+dox; log10 IL-6 y axis truncated at 10^1,PRIVATE_REFERENCE_ONLY/corpus/PMC13041778/figures/Fig4.jpg,gc_science
Science,PMC13041778,2026,10.1126/science.adw4937,4,E,bar+points,3x2,caption:3,yes,mean,caption,SEM,caption,small,same_colour,open,centered,medium,na,single_accent,white_or_open,line+stars,mixed,LB,above,in_caption,yes,small,medium,pmirGLO IL6 3'UTR luciferase; ZC3H12A none/WT/D141N x mCherry (white) vs M3.1-FLAG (light blue),PRIVATE_REFERENCE_ONLY/corpus/PMC13041778/figures/Fig4.jpg,gc_science
Science,PMC13041778,2026,10.1126/science.adw4937,4,F,bar+points,8x2,caption:3/5,yes,mean,caption,SEM,caption,small,same_colour,open,centered,medium,na,single_accent,white_or_open,line+stars,mixed,LB,above,in_caption,yes,small,medium,8 gRNA conditions x mCherry (white) vs M3.1-FLAG (light blue); NF-kB luciferase fold change,PRIVATE_REFERENCE_ONLY/corpus/PMC13041778/figures/Fig4.jpg,gc_science
Science,PMC13041778,2026,10.1126/science.adw4937,4,H,bar+points,3,caption:3,yes,mean,caption,SEM,caption,small,same_colour,open,centered,medium,na,outline_only,white_or_open,line+stars,stars,LB,above,in_caption,yes,small,medium,M3.1-FLAG none/WT/triple mutant; single series of white outlined bars; mutant x-label printed in red,PRIVATE_REFERENCE_ONLY/corpus/PMC13041778/figures/Fig4.jpg,gc_science
Science,PMC13041778,2026,10.1126/science.adw4937,5,D,bar+points,6x2,caption:2,yes,mean,caption,SEM,caption,small,same_colour,open,centered,medium,na,single_accent,white_or_open,line+stars,stars,LB,above,in_caption,yes,medium,medium,"IL-6 ELISA; 3 infection conditions x 2 gRNA backgrounds on the x axis, each with mCherry (white) and M3.1 (light blue) bars; only 2 independent experiments",PRIVATE_REFERENCE_ONLY/corpus/PMC13041778/figures/Fig5.jpg,gc_science
Science,PMC13041778,2026,10.1126/science.adw4937,6,A,bar+points,7,caption:3,yes,mean,caption,SEM,caption,small,same_colour,open,centered,narrow,na,outline_only,white_or_open,none,none,LB,none,in_caption,yes,medium,medium,horizontal bar chart paired with a poxvirus phylogeny on the left; 7 M3.1 homologs; white outlined bars with open circle points; no significance annotation in this panel,PRIVATE_REFERENCE_ONLY/corpus/PMC13041778/figures/Fig6.jpg,gc_science
Science,PMC13041778,2026,10.1126/science.adw4937,6,C,bar+points,2x5,caption:3,yes,mean,caption,SEM,caption,small,same_colour,open,centered,medium,na,multi_categorical,white_or_open,bracket+stars,mixed,LB,outside,in_caption,yes,small,medium,"NF-kB luciferase; unstimulated vs TNFa, each with mCherry plus 4 poxvirus homologs; legend at right of panel; ns text alongside asterisks",PRIVATE_REFERENCE_ONLY/corpus/PMC13041778/figures/Fig6.jpg,gc_science
Science,PMC13041778,2026,10.1126/science.adw4937,6,D,bar+points,2x4,caption:3,yes,mean,caption,SEM,caption,small,same_colour,open,centered,medium,na,multi_categorical,white_or_open,bracket+stars,mixed,LB,outside,in_caption,yes,small,medium,"NF-kB luciferase; NTC vs N4BP1/TBK1 gRNA, each with mCherry plus 3 homologs; legend at right of panel; ns text alongside asterisks",PRIVATE_REFERENCE_ONLY/corpus/PMC13041778/figures/Fig6.jpg,gc_science
Science Translational Medicine,PMC13061089,2026,10.1126/scitranslmed.adq4529,1,B1,bar+points,2,5/5,yes,mean,caption,SEM,caption,small,same_colour,filled,jitter,medium,na,outline_only,coloured,bracket+stars,stars,LB,above,in_caption,yes,small,medium,absolute e1 vs e2 mRNA concentration; white-filled bars with purple/orange outlines; 3 male (triangles) and 2 female (circles) post-mortem donors; paired t-test,PRIVATE_REFERENCE_ONLY/corpus/PMC13061089/figures/Fig1.jpg,gc_science
Science Translational Medicine,PMC13061089,2026,10.1126/scitranslmed.adq4529,1,B2,bar+points,2,5/5,yes,mean,caption,SEM,caption,small,same_colour,filled,jitter,medium,na,outline_only,coloured,bracket+p_value,exact,LB,above,in_caption,yes,small,medium,E1 vs E2 relative protein level; exact P value 0.0570 printed over the bracket; same donors as B1,PRIVATE_REFERENCE_ONLY/corpus/PMC13061089/figures/Fig1.jpg,gc_science
Science Translational Medicine,PMC13061089,2026,10.1126/scitranslmed.adq4529,1,B3,bar+points,2,5/5,yes,mean,caption,SEM,caption,small,same_colour,filled,jitter,medium,na,outline_only,coloured,bracket+stars,stars,LB,above,in_caption,yes,small,medium,protein/mRNA ratio for E1/e1 vs E2/e2,PRIVATE_REFERENCE_ONLY/corpus/PMC13061089/figures/Fig1.jpg,gc_science
Science Translational Medicine,PMC13061089,2026,10.1126/scitranslmed.adq4529,3,C,bar+points,3x2,caption:4,yes,mean,caption,SEM,caption,small,same_colour,filled,jitter,medium,na,outline_only,coloured,none,none,LB,above,in_caption,yes,small,medium,e1 (purple) and e2 (orange) mRNA proportions across 3 genotypes; white-filled outlined bars; no significance annotation drawn,PRIVATE_REFERENCE_ONLY/corpus/PMC13061089/figures/Fig3.jpg,gc_science
Science Translational Medicine,PMC13061089,2026,10.1126/scitranslmed.adq4529,3,D,bar+points,3,caption:4,yes,mean,caption,SEM,caption,small,same_colour,filled,jitter,medium,na,multi_categorical,black,bracket+stars,mixed,LB,none,in_caption,yes,small,medium,right-hand quantification of panel D; MeCP2/GAPDH across Control (black) G118E (red) G118E-E2KO (blue); white-filled bars with coloured outlines; ns text alongside asterisks,PRIVATE_REFERENCE_ONLY/corpus/PMC13061089/figures/Fig3.jpg,gc_science
Science Translational Medicine,PMC13061089,2026,10.1126/scitranslmed.adq4529,5,A,bar+points,3,~15/~22/~15,yes,mean,caption,SEM,caption,small,same_colour,filled,jitter,medium,na,multi_categorical,black,bracket+stars,mixed,LB,none,in_caption,yes,medium,medium,"caption calls these box plots but they are bar graphs (white fill, coloured outline) with mean+/-SEM and individual neurons overlaid; electrophysiology n=16-29 neurons per genotype",PRIVATE_REFERENCE_ONLY/corpus/PMC13061089/figures/Fig5.jpg,gc_science
Science Translational Medicine,PMC13061089,2026,10.1126/scitranslmed.adq4529,5,D,bar+points,3,~19/~21/~25,yes,mean,caption,SEM,caption,small,same_colour,filled,jitter,medium,na,multi_categorical,black,bracket+stars,mixed,LB,none,in_caption,yes,medium,medium,membrane capacitance; bar with mean+/-SEM plus individual neurons; caption labels it a box plot,PRIVATE_REFERENCE_ONLY/corpus/PMC13061089/figures/Fig5.jpg,gc_science
Science Translational Medicine,PMC13061089,2026,10.1126/scitranslmed.adq4529,5,E,bar+points,3,~15/~18/~25,yes,mean,caption,SEM,caption,small,same_colour,filled,jitter,medium,na,multi_categorical,black,bracket+stars,mixed,LB,none,in_caption,yes,medium,medium,membrane resistance; several high outliers in the G118E group,PRIVATE_REFERENCE_ONLY/corpus/PMC13061089/figures/Fig5.jpg,gc_science
Science Translational Medicine,PMC13061089,2026,10.1126/scitranslmed.adq4529,5,F,bar+points,3,~18/~17/~27,yes,mean,caption,SEM,caption,small,same_colour,filled,jitter,medium,na,multi_categorical,black,bracket+stars,mixed,LB,none,in_caption,yes,medium,medium,resting membrane potential; negative y axis so bars hang downward from a zero baseline at the top,PRIVATE_REFERENCE_ONLY/corpus/PMC13061089/figures/Fig5.jpg,gc_science
Science Translational Medicine,PMC13061089,2026,10.1126/scitranslmed.adq4529,5,G,bar+points,3,~12/~13/~11,yes,mean,caption,SEM,caption,small,same_colour,filled,jitter,medium,na,multi_categorical,black,bracket+stars,mixed,LB,none,in_caption,yes,medium,medium,soma area; morphology n=10-13 neurons per genotype; all comparisons ns,PRIVATE_REFERENCE_ONLY/corpus/PMC13061089/figures/Fig5.jpg,gc_science
Science Translational Medicine,PMC13061089,2026,10.1126/scitranslmed.adq4529,5,H,bar+points,3,~10/~15/~11,yes,mean,caption,SEM,caption,small,same_colour,filled,jitter,medium,na,multi_categorical,black,bracket+stars,mixed,LB,none,in_caption,yes,medium,medium,total neurite length; all comparisons ns,PRIVATE_REFERENCE_ONLY/corpus/PMC13061089/figures/Fig5.jpg,gc_science
Science,PMC13092281,2026,10.1126/science.adv7924,1,C,other,5,caption:10307,no,mean,caption,none,none,na,na,na,na,wide,na,multi_categorical,na,none,none,LB,outside,in_caption,yes,small,medium,stacked bar of average SHAP value by feature category across 5 relative gene positions (-2 to +2); stacked composition rather than a simple group comparison; feature-category legend below the panel,PRIVATE_REFERENCE_ONLY/corpus/PMC13092281/figures/Fig1.jpg,gc_science
Science,PMC13092281,2026,10.1126/science.adv7924,2,D,bar,8,unknown,no,none,none,none,none,na,na,na,na,wide,na,single_accent,na,none,none,LB,none,below_category,yes,small,medium,frequency of domain families among uncharacterized predicted defense clusters; single series of yellow bars; n per domain printed vertically inside each bar; x labels rotated,PRIVATE_REFERENCE_ONLY/corpus/PMC13092281/figures/Fig2.jpg,gc_science
Science,PMC13092281,2026,10.1126/science.adv7924,2,F,bar,5x3,unknown,no,none,none,CI,caption,na,na,na,na,medium,na,multi_categorical,grey,none,none,LB,inside,none,yes,small,medium,grouped bars (All grey / Expected homolog orange / Uncharacterized yellow) across 5 genomic-element combinations shown as an UpSet-style filled/open circle matrix below the axis; error bars are 95% CI from resampling 69 genomes 200 times,PRIVATE_REFERENCE_ONLY/corpus/PMC13092281/figures/Fig2.jpg,gc_science
Science,PMC13092281,2026,10.1126/science.adv7924,3,B,dot_strip,2,~40/~54,yes,none,none,none,none,small,none,filled,centered,na,na,multi_categorical,coloured,none,none,LB,none,none,na,medium,low,only the bottom strip of panel B qualifies: TUs plotted along a continuous log-odds x axis in two rows (Validated orange vs Not validated blue); the top of panel B is a precision-vs-log-odds scatter with 95% CI error bars and is not a group comparison; no summary marker on the strips,PRIVATE_REFERENCE_ONLY/corpus/PMC13092281/figures/Fig3.jpg,gc_science
Science,PMC13092281,2026,10.1126/science.adv7924,5,A,bar+points,4,~3 per group,yes,mean,caption,none,none,medium,none,filled,centered,medium,na,greys,grey,none,none,LB,none,none,yes,small,medium,horizontal bar chart of -log(EOP) vs Bas1 for DS-8 WT and 3 catalytic mutants; grey bars are group averages with individual replicate points overlaid; domain schematic above the plot,PRIVATE_REFERENCE_ONLY/corpus/PMC13092281/figures/Fig5.jpg,gc_science
Science,PMC13092281,2026,10.1126/science.adv7924,5,C,bar+points,3,~3 per group,yes,mean,caption,none,none,medium,none,filled,centered,medium,na,greys,grey,none,none,LB,none,none,yes,small,medium,horizontal bars for DS-9 WT and 2 catalytic mutants vs Bas1; some replicate points fall below zero,PRIVATE_REFERENCE_ONLY/corpus/PMC13092281/figures/Fig5.jpg,gc_science
Science,PMC13092281,2026,10.1126/science.adv7924,5,D,bar+points,4,~3 per group,yes,mean,caption,none,none,medium,none,filled,centered,medium,na,greys,grey,none,none,LB,none,none,yes,small,medium,horizontal bars for DS-11 WT and 3 mutants vs T3; x axis extends below zero so several bars point left of the zero baseline,PRIVATE_REFERENCE_ONLY/corpus/PMC13092281/figures/Fig5.jpg,gc_science
Science,PMC13092281,2026,10.1126/science.adv7924,5,F,bar+points,2,~3 per group,yes,mean,caption,none,none,medium,none,filled,centered,medium,na,greys,grey,none,none,LB,none,none,yes,small,medium,horizontal bars for DS-6 WT vs D139A mutant vs Bas1; only two categories,PRIVATE_REFERENCE_ONLY/corpus/PMC13092281/figures/Fig5.jpg,gc_science
Science,PMC13092281,2026,10.1126/science.adv7924,5,H,bar+points,3,~3 per group,yes,mean,caption,none,none,medium,none,filled,centered,medium,na,greys,grey,none,none,LB,none,none,yes,small,medium,horizontal bars for DS-2 WT and 2 DAC mutants vs Bas1; x axis extends below zero,PRIVATE_REFERENCE_ONLY/corpus/PMC13092281/figures/Fig5.jpg,gc_science
Science,PMC13092281,2026,10.1126/science.adv7924,5,I,bar+points,3,~3 per group,yes,mean,caption,none,none,medium,none,filled,centered,medium,na,greys,grey,none,none,LB,none,none,yes,small,medium,horizontal bars for DS-3 WT and 2 PIN mutants vs RB69,PRIVATE_REFERENCE_ONLY/corpus/PMC13092281/figures/Fig5.jpg,gc_science
Science,PMC13092281,2026,10.1126/science.adv7924,5,J,bar+points,4,~3 per group,yes,mean,caption,none,none,medium,none,filled,centered,medium,na,greys,grey,none,none,LB,none,none,yes,small,medium,horizontal bars for DS-5 WT plus deletion and 2 point mutants vs Bas60,PRIVATE_REFERENCE_ONLY/corpus/PMC13092281/figures/Fig5.jpg,gc_science
Science,PMC13107528,2026,10.1126/science.adv2600,1,A,bar+points,3,caption:3 mice; ~8/~17/~12 FOV dots,yes,mean,caption,SEM,caption,medium,none,filled,jitter,medium,na,multi_categorical,white_or_open,line+stars,mixed,LB,above,in_caption,yes,small,medium,quantification at right of panel A; nested design - small open circles are fields of view and large solid circles are per-mouse averages (statistics on the solid dots); white bars with black outline and genotype-coloured points,PRIVATE_REFERENCE_ONLY/corpus/PMC13107528/figures/Fig1.jpg,gc_science
Science,PMC13107528,2026,10.1126/science.adv2600,1,B,bar+points,3,~4/~4/~4,yes,mean,caption,SEM,caption,medium,none,filled,jitter,medium,na,multi_categorical,white_or_open,line+stars,stars,LB,none,in_caption,yes,small,medium,poly-GA percent area; white outlined bars with genotype-coloured points; 2R and CCG-66R values near zero,PRIVATE_REFERENCE_ONLY/corpus/PMC13107528/figures/Fig1.jpg,gc_science
Science,PMC13107528,2026,10.1126/science.adv2600,1,C,bar+points,3,~6/~7/~5,yes,mean,caption,SEM,caption,medium,none,filled,jitter,medium,na,multi_categorical,white_or_open,line+stars,stars,LB,none,in_caption,yes,small,medium,poly-GP (sense+antisense) percent area,PRIVATE_REFERENCE_ONLY/corpus/PMC13107528/figures/Fig1.jpg,gc_science
Science,PMC13107528,2026,10.1126/science.adv2600,1,D,bar+points,3,~3/~4/~4,yes,mean,caption,SEM,caption,medium,none,filled,jitter,medium,na,multi_categorical,white_or_open,line+stars,stars,LB,none,in_caption,yes,small,medium,C-terminal GP percent area; 2R and CCG-66R points sit on the zero line,PRIVATE_REFERENCE_ONLY/corpus/PMC13107528/figures/Fig1.jpg,gc_science
Science,PMC13107528,2026,10.1126/science.adv2600,1,E,bar+points,3,~3/~4/~3,yes,mean,caption,SEM,caption,medium,none,filled,jitter,medium,na,multi_categorical,white_or_open,line+stars,stars,LB,none,in_caption,yes,small,medium,poly-GR percent area; small n per group,PRIVATE_REFERENCE_ONLY/corpus/PMC13107528/figures/Fig1.jpg,gc_science
Science,PMC13107528,2026,10.1126/science.adv2600,1,F,bar+points,3,~5/~7/~5,yes,mean,caption,SEM,caption,medium,none,filled,jitter,medium,na,multi_categorical,white_or_open,line+stars,stars,LB,none,in_caption,yes,small,medium,N-terminal GA percent area; CCG-66R points all at zero,PRIVATE_REFERENCE_ONLY/corpus/PMC13107528/figures/Fig1.jpg,gc_science
Science,PMC13107528,2026,10.1126/science.adv2600,2,C,bar+points,3,~21/~22/~19,yes,mean,caption,SEM,caption,medium,none,filled,jitter,medium,na,multi_categorical,white_or_open,line+stars,mixed,LB,none,in_caption,yes,small,medium,open field total movement; white outlined bars with genotype-coloured points; ns text alongside asterisks,PRIVATE_REFERENCE_ONLY/corpus/PMC13107528/figures/Fig2.jpg,gc_science
Science,PMC13107528,2026,10.1126/science.adv2600,2,D,bar+points,3,~24/~22/~23,yes,mean,caption,SEM,caption,medium,none,filled,jitter,medium,na,multi_categorical,white_or_open,line+stars,mixed,LB,none,in_caption,yes,small,medium,"open field mobility time; one comparison annotated with the exact value 0.066 and another with ns, so p display mixes exact, stars and ns",PRIVATE_REFERENCE_ONLY/corpus/PMC13107528/figures/Fig2.jpg,gc_science
Science,PMC13107528,2026,10.1126/science.adv2600,2,E,bar+points,3,~25/~24/~19,yes,mean,caption,SEM,caption,medium,none,filled,jitter,medium,na,multi_categorical,white_or_open,line+stars,mixed,LB,none,in_caption,yes,small,medium,marble burying; heavy overplotting of integer marble counts,PRIVATE_REFERENCE_ONLY/corpus/PMC13107528/figures/Fig2.jpg,gc_science
Science,PMC13107528,2026,10.1126/science.adv2600,3,B,bar+points,3,~8/~10/~8,yes,mean,caption,SEM,caption,medium,none,filled,jitter,medium,na,multi_categorical,white_or_open,line+stars,stars,LB,none,in_caption,yes,small,medium,p-TDP-43 inclusions per mm2; 2R and CCG-66R points all at zero,PRIVATE_REFERENCE_ONLY/corpus/PMC13107528/figures/Fig3.jpg,gc_science
Science,PMC13107528,2026,10.1126/science.adv2600,3,C,bar+points,3,~7/~8/~8,yes,mean,caption,SEM,caption,medium,none,filled,jitter,medium,na,multi_categorical,white_or_open,line+stars,mixed,LB,none,in_caption,yes,small,medium,plasma NfL at 15 months; ns text alongside asterisks,PRIVATE_REFERENCE_ONLY/corpus/PMC13107528/figures/Fig3.jpg,gc_science
Science,PMC13107528,2026,10.1126/science.adv2600,3,E,bar+points,3,~6/~10/~6,yes,mean,caption,SEM,caption,medium,none,filled,jitter,medium,na,multi_categorical,white_or_open,line+stars,stars,LB,none,in_caption,yes,small,medium,CTIP2+ neurons in layer V of motor cortex,PRIVATE_REFERENCE_ONLY/corpus/PMC13107528/figures/Fig3.jpg,gc_science
Science,PMC13107528,2026,10.1126/science.adv2600,3,F,bar+points,3,~7/~11/~7,yes,mean,caption,SEM,caption,medium,none,filled,jitter,medium,na,multi_categorical,white_or_open,line+stars,stars,LB,none,in_caption,yes,small,medium,percent STING+ of CTIP2+ neurons,PRIVATE_REFERENCE_ONLY/corpus/PMC13107528/figures/Fig3.jpg,gc_science
Science,PMC13107528,2026,10.1126/science.adv2600,3,G,bar+points,3,~6/~10/~6,yes,mean,caption,SEM,caption,medium,none,filled,jitter,medium,na,multi_categorical,white_or_open,line+stars,stars,LB,none,in_caption,yes,small,medium,percent p-TBK1+ of CTIP2+ neurons,PRIVATE_REFERENCE_ONLY/corpus/PMC13107528/figures/Fig3.jpg,gc_science
Science,PMC13107528,2026,10.1126/science.adv2600,3,H,bar+points,3,~6/~10/~6,yes,mean,caption,SEM,caption,medium,none,filled,jitter,medium,na,multi_categorical,white_or_open,line+stars,stars,LB,none,in_caption,yes,small,medium,percent p-TBK1+ STING+ of CTIP2+ neurons,PRIVATE_REFERENCE_ONLY/corpus/PMC13107528/figures/Fig3.jpg,gc_science
Science,PMC13107528,2026,10.1126/science.adv2600,3,J,bar+points,3,~8/~9/~7,yes,mean,caption,SEM,caption,medium,none,filled,jitter,medium,na,multi_categorical,white_or_open,line+stars,mixed,LB,above,in_caption,yes,small,medium,GFAP+ cells per mm2; genotype legend printed above the panel; ns text alongside asterisks,PRIVATE_REFERENCE_ONLY/corpus/PMC13107528/figures/Fig3.jpg,gc_science
Science,PMC13107528,2026,10.1126/science.adv2600,3,K,bar+points,3,~10/~9/~7,yes,mean,caption,SEM,caption,medium,none,filled,jitter,medium,na,multi_categorical,white_or_open,line+stars,mixed,LB,above,in_caption,yes,small,medium,CD68 percent area; shares the genotype legend above panel J,PRIVATE_REFERENCE_ONLY/corpus/PMC13107528/figures/Fig3.jpg,gc_science
Science,PMC13107528,2026,10.1126/science.adv2600,4,A,bar+points,3,caption:3-4 mice; ~30/~45/~30 FOV dots,yes,mean,caption,SEM,caption,medium,none,filled,jitter,medium,na,multi_categorical,white_or_open,line+stars,mixed,LB,above,in_caption,yes,small,medium,"quantification at right of panel A; nested - small open circles are fields of view, large solid circles per-mouse averages; genotype legend above; ns text alongside asterisks",PRIVATE_REFERENCE_ONLY/corpus/PMC13107528/figures/Fig4.jpg,gc_science
Science,PMC13107528,2026,10.1126/science.adv2600,4,B,bar+points,3,~6/~10/~6,yes,mean,caption,SEM,caption,medium,none,filled,jitter,medium,na,multi_categorical,white_or_open,line+stars,stars,LB,none,in_caption,yes,small,medium,poly-GA percent area; 2R and CCG-158R points on the zero line,PRIVATE_REFERENCE_ONLY/corpus/PMC13107528/figures/Fig4.jpg,gc_science
Science,PMC13107528,2026,10.1126/science.adv2600,4,C,bar+points,3,~6/~10/~6,yes,mean,caption,SEM,caption,medium,none,filled,jitter,medium,na,multi_categorical,white_or_open,line+stars,stars,LB,none,in_caption,yes,small,medium,C-terminal GP percent area,PRIVATE_REFERENCE_ONLY/corpus/PMC13107528/figures/Fig4.jpg,gc_science
Science,PMC13107528,2026,10.1126/science.adv2600,4,D,bar+points,3,~6/~10/~6,yes,mean,caption,SEM,caption,medium,none,filled,jitter,medium,na,multi_categorical,white_or_open,line+stars,stars,LB,none,in_caption,yes,small,medium,poly-GR percent area,PRIVATE_REFERENCE_ONLY/corpus/PMC13107528/figures/Fig4.jpg,gc_science
Science,PMC13107528,2026,10.1126/science.adv2600,4,E,bar+points,3,~7/~12/~7,yes,mean,caption,SEM,caption,medium,none,filled,jitter,medium,na,multi_categorical,white_or_open,line+stars,stars,LB,none,in_caption,yes,small,medium,GFAP+ cells per mm2,PRIVATE_REFERENCE_ONLY/corpus/PMC13107528/figures/Fig4.jpg,gc_science
Science,PMC13107528,2026,10.1126/science.adv2600,4,F,bar+points,3,~6/~11/~7,yes,mean,caption,SEM,caption,medium,none,filled,jitter,medium,na,multi_categorical,white_or_open,line+stars,stars,LB,none,in_caption,yes,small,medium,CD68 normalized to area,PRIVATE_REFERENCE_ONLY/corpus/PMC13107528/figures/Fig4.jpg,gc_science
Science,PMC13107528,2026,10.1126/science.adv2600,4,G,bar+points,3,~11/~12/~9,yes,mean,caption,SEM,caption,medium,none,filled,jitter,medium,na,multi_categorical,white_or_open,line+stars,stars,LB,none,in_caption,yes,small,medium,plasma NfL at 12 months,PRIVATE_REFERENCE_ONLY/corpus/PMC13107528/figures/Fig4.jpg,gc_science
Science,PMC13107528,2026,10.1126/science.adv2600,4,H,bar+points,3,~12/~15/~9,yes,mean,caption,SEM,caption,medium,none,filled,jitter,medium,na,multi_categorical,white_or_open,line+stars,stars,LB,none,in_caption,yes,small,medium,plasma NfL at 15 months,PRIVATE_REFERENCE_ONLY/corpus/PMC13107528/figures/Fig4.jpg,gc_science
Science,PMC13107528,2026,10.1126/science.adv2600,4,K,bar+points,3,~22/~22/~21,yes,mean,caption,SEM,caption,medium,none,filled,jitter,medium,na,multi_categorical,white_or_open,line+stars,mixed,LB,none,in_caption,yes,small,medium,open field velocity when moving; ns text alongside asterisks; dense overlapping points,PRIVATE_REFERENCE_ONLY/corpus/PMC13107528/figures/Fig4.jpg,gc_science
Science,PMC13107528,2026,10.1126/science.adv2600,4,L,bar+points,3,~17/~20/~19,yes,mean,caption,SEM,caption,medium,none,filled,jitter,medium,na,multi_categorical,white_or_open,line+stars,mixed,LB,none,in_caption,yes,small,medium,marble burying; integer counts so points overlap heavily; ns text alongside asterisks,PRIVATE_REFERENCE_ONLY/corpus/PMC13107528/figures/Fig4.jpg,gc_science
Science,PMC13107528,2026,10.1126/science.adv2600,5,D,bar+points,3,~4/~5/~6,yes,mean,caption,SEM,caption,medium,none,filled,jitter,medium,na,multi_categorical,white_or_open,line+stars,mixed,LB,above,in_caption,yes,small,medium,RT-qPCR C9ORF72 v2; exact P = 0.08 printed on one bracket plus an asterisk and an ns so p display is mixed; genotype legend at right of the panel,PRIVATE_REFERENCE_ONLY/corpus/PMC13107528/figures/Fig5.jpg,gc_science
Science,PMC13107528,2026,10.1126/science.adv2600,5,E1,bar+points,3,~5/~6/~6,yes,mean,caption,SEM,caption,medium,none,filled,jitter,medium,na,multi_categorical,white_or_open,line+stars,stars,LB,none,in_caption,yes,small,medium,poly-GA subpanel of E (hNIL day 9 MSD),PRIVATE_REFERENCE_ONLY/corpus/PMC13107528/figures/Fig5.jpg,gc_science
Science,PMC13107528,2026,10.1126/science.adv2600,5,E2,bar+points,3,~10/~10/~11,yes,mean,caption,SEM,caption,medium,none,filled,jitter,medium,na,multi_categorical,white_or_open,line+stars,stars,LB,none,in_caption,yes,small,medium,poly-GP subpanel of E,PRIVATE_REFERENCE_ONLY/corpus/PMC13107528/figures/Fig5.jpg,gc_science
Science,PMC13107528,2026,10.1126/science.adv2600,5,F1,bar+points,3,~4/~4/~4,yes,mean,caption,SEM,caption,medium,none,filled,jitter,medium,na,multi_categorical,white_or_open,line+stars,stars,LB,none,in_caption,yes,small,medium,poly-GA subpanel of F (small molecule day 32),PRIVATE_REFERENCE_ONLY/corpus/PMC13107528/figures/Fig5.jpg,gc_science
Science,PMC13107528,2026,10.1126/science.adv2600,5,F2,bar+points,3,~5/~5/~4,yes,mean,caption,SEM,caption,medium,none,filled,jitter,medium,na,multi_categorical,white_or_open,line+stars,stars,LB,none,in_caption,yes,small,medium,poly-GP subpanel of F,PRIVATE_REFERENCE_ONLY/corpus/PMC13107528/figures/Fig5.jpg,gc_science
Science,PMC13107528,2026,10.1126/science.adv2600,5,G1,bar+points,3,~6/~6/~6,yes,mean,caption,SEM,caption,medium,none,filled,jitter,medium,na,multi_categorical,white_or_open,line+stars,stars,LB,none,in_caption,yes,small,medium,poly-GA subpanel of G (NGN2 + small molecule day 35),PRIVATE_REFERENCE_ONLY/corpus/PMC13107528/figures/Fig5.jpg,gc_science
Science,PMC13107528,2026,10.1126/science.adv2600,5,G2,bar+points,3,~6/~6/~6,yes,mean,caption,SEM,caption,medium,none,filled,jitter,medium,na,multi_categorical,white_or_open,line+stars,stars,LB,none,in_caption,yes,small,medium,poly-GP subpanel of G,PRIVATE_REFERENCE_ONLY/corpus/PMC13107528/figures/Fig5.jpg,gc_science
Science,PMC13107528,2026,10.1126/science.adv2600,5,K,bar+points,5x3,caption:5,yes,mean,caption,SEM,caption,medium,none,filled,jitter,medium,na,multi_categorical,white_or_open,line+stars,stars,LB,none,in_caption,yes,medium,medium,grouped bars: 5 top up-regulated rescued genes x 3 genotypes; pale filled bars with genotype-coloured points; P values from DESeq2,PRIVATE_REFERENCE_ONLY/corpus/PMC13107528/figures/Fig5.jpg,gc_science
Science,PMC13107528,2026,10.1126/science.adv2600,5,L,bar+points,5x3,caption:5,yes,mean,caption,SEM,caption,medium,none,filled,jitter,medium,na,multi_categorical,white_or_open,line+stars,stars,LB,none,in_caption,yes,medium,medium,grouped bars: 5 top down-regulated rescued genes x 3 genotypes; pale filled bars with genotype-coloured points,PRIVATE_REFERENCE_ONLY/corpus/PMC13107528/figures/Fig5.jpg,gc_science
Science,PMC13107528,2026,10.1126/science.adv2600,6,A,dot_strip+summary,3x2,~25 per group,yes,mean,inferred,none,none,small,none,filled,jitter,na,na,multi_categorical,coloured,line+stars,stars,LB,inside,in_caption,yes,small,medium,survival rate at day 7 and day 11 after hNIL induction; short horizontal line marks the group mean; no error bars; caption notes solid dots are per-differentiation averages,PRIVATE_REFERENCE_ONLY/corpus/PMC13107528/figures/Fig6.jpg,gc_science
Science,PMC13107528,2026,10.1126/science.adv2600,6,C,bar,5x3,unknown,no,mean,caption,SEM,caption,na,na,na,na,medium,na,multi_categorical,white_or_open,line+stars,stars,LB,none,in_caption,yes,small,medium,AUC of PI uptake across 5 tunicamycin doses x 3 genotypes; grouped bars with SEM error bars and no individual points; control bars white with black outline,PRIVATE_REFERENCE_ONLY/corpus/PMC13107528/figures/Fig6.jpg,gc_science
Science,PMC13107528,2026,10.1126/science.adv2600,6,E,dot_strip+summary,3,~180 per group,yes,mean,inferred,none,none,small,none,filled,jitter,na,na,multi_categorical,coloured,line+stars,mixed,LB,none,in_caption,yes,small,low,neurite density; each dot is one field of view (N=20 wells x 9 FOV per genotype); points extremely dense so counts are approximate; horizontal line marks the mean; ns text alongside asterisks,PRIVATE_REFERENCE_ONLY/corpus/PMC13107528/figures/Fig6.jpg,gc_science
Science,PMC13107528,2026,10.1126/science.adv2600,6,F,dot_strip+summary,3,~180 per group,yes,mean,inferred,none,none,small,none,filled,jitter,na,na,multi_categorical,coloured,line+stars,mixed,LB,none,in_caption,yes,small,low,microtubule depolymerization index; same FOV-level dots as panel E; heavy overplotting; ns text alongside asterisks,PRIVATE_REFERENCE_ONLY/corpus/PMC13107528/figures/Fig6.jpg,gc_science
Science,PMC13107528,2026,10.1126/science.adv2600,6,H,dot_strip+summary,3,caption:100,yes,mean,inferred,none,none,small,none,filled,jitter,na,na,multi_categorical,coloured,line+stars,stars,LB,none,in_caption,yes,small,low,percentage of mislocalized NPC; 100 nuclei per genotype; horizontal line marks the mean; Kruskal-Wallis test,PRIVATE_REFERENCE_ONLY/corpus/PMC13107528/figures/Fig6.jpg,gc_science
Science,PMC13107528,2026,10.1126/science.adv2600,6,J,bar+points,3,caption:5,yes,mean,caption,SEM,caption,medium,none,filled,jitter,medium,na,multi_categorical,white_or_open,line+stars,mixed,LB,none,in_caption,yes,small,medium,normalized STING intensity; each dot is the average of 15-25 FOVs per well; ns text alongside asterisks,PRIVATE_REFERENCE_ONLY/corpus/PMC13107528/figures/Fig6.jpg,gc_science
Science,PMC13124201,2026,10.1126/science.adu9394,1,C,bar+points,2x2,3/3/3/3,yes,mean,caption,SD,caption,medium,same_colour,open,jitter,medium,na,multi_categorical,grey,bracket+stars,stars,LB,above,in_caption,yes,small,high,Grouped bars Adult vs Neonatal each Sham/MI; asterisks over bars plus one bracket with # between groups,PRIVATE_REFERENCE_ONLY/corpus/PMC13124201/figures/Fig1.jpg,gc_science
Science,PMC13124201,2026,10.1126/science.adu9394,2,B,bar+points,3x3,5/5/5/5/5/5/5/5/5,yes,mean,caption,SD,caption,medium,same_colour,open,jitter,medium,na,multi_categorical,coloured,bracket+stars,mixed,LB,above,in_caption,no,medium,high,Log10 y axis truncated at 5 so no zero baseline; grouped Day1/2/3 x IM/SC/IV; ns text on some brackets,PRIVATE_REFERENCE_ONLY/corpus/PMC13124201/figures/Fig2.jpg,gc_science
Science,PMC13124201,2026,10.1126/science.adu9394,2,E,bar+points,2x2,3/4/3/4,yes,mean,caption,SD,caption,medium,same_colour,open,jitter,medium,na,multi_categorical,grey,stars_only,stars,LB,above,in_caption,yes,small,medium,Broken y axis between 15 and 40; Cell vs Medium x saNppa/PBS; caption n = 3 or 4,PRIVATE_REFERENCE_ONLY/corpus/PMC13124201/figures/Fig2.jpg,gc_science
Science,PMC13124201,2026,10.1126/science.adu9394,2,G,bar+points,2,3/3,yes,mean,caption,SD,caption,medium,same_colour,open,jitter,medium,na,multi_categorical,grey,stars_only,stars,LB,none,in_caption,yes,small,high,Ctrl grey bar vs saNppa purple bar; single asterisk over treated bar,PRIVATE_REFERENCE_ONLY/corpus/PMC13124201/figures/Fig2.jpg,gc_science
Science,PMC13124201,2026,10.1126/science.adu9394,2,H,bar+points,3,3/3/3,yes,mean,caption,SD,caption,medium,same_colour,open,jitter,medium,na,multi_categorical,grey,stars_only,stars,LB,none,in_caption,yes,small,high,Sham/PBS/saNppa; asterisk and hash symbols above bars; rotated category labels,PRIVATE_REFERENCE_ONLY/corpus/PMC13124201/figures/Fig2.jpg,gc_science
Science,PMC13124201,2026,10.1126/science.adu9394,2,I,bar+points,3,3/3/3,yes,mean,caption,SD,caption,medium,same_colour,open,jitter,medium,na,multi_categorical,grey,stars_only,stars,LB,none,in_caption,yes,small,high,Sham/PBS/saNppa pro-ANP in LV; rotated category labels,PRIVATE_REFERENCE_ONLY/corpus/PMC13124201/figures/Fig2.jpg,gc_science
Science,PMC13124201,2026,10.1126/science.adu9394,5,C,bar+points,2x3,3/3/3/3/3/3,yes,mean,caption,SD,caption,medium,same_colour,open,jitter,medium,na,multi_categorical,coloured,bracket+stars,mixed,LB,inside,in_caption,yes,small,high,Pig serum ANP Day2/Day28 x PBS/saFluc/saNppa; dotted horizontal reference line; ns text on one bracket,PRIVATE_REFERENCE_ONLY/corpus/PMC13124201/figures/Fig5.jpg,gc_science
Science,PMC13124201,2026,10.1126/science.adu9394,5,E1,bar+points,3x3,3/3/3/3/3/3/3/3/3,yes,mean,caption,SD,caption,medium,same_colour,open,jitter,medium,na,multi_categorical,coloured,bracket+stars,mixed,LB,above,in_caption,yes,medium,high,Upper subplot of panel E (LVEF); Pre-op/Day2/Day28 x PBS/saFluc/saNppa,PRIVATE_REFERENCE_ONLY/corpus/PMC13124201/figures/Fig5.jpg,gc_science
Science,PMC13124201,2026,10.1126/science.adu9394,5,E2,bar+points,3x3,3/3/3/3/3/3/3/3/3,yes,mean,caption,SD,caption,medium,same_colour,open,jitter,medium,na,multi_categorical,coloured,bracket+stars,stars,LB,above,in_caption,yes,medium,high,Lower subplot of panel E (LVAW thickness); same grouping as E1,PRIVATE_REFERENCE_ONLY/corpus/PMC13124201/figures/Fig5.jpg,gc_science
Science Translational Medicine,PMC13246279,2026,10.1126/scitranslmed.adv4942,1,B2,other,4,unknown,no,none,none,none,none,na,na,na,na,medium,na,multi_categorical,na,none,none,box,inside,none,yes,medium,medium,Right subplot of panel B: stacked composition bar of neonatal condition counts across four gestational-age ranges; coded other because it is a stacked count composition compared across GA groups; left subplot of B is a Venn diagram (skipped),PRIVATE_REFERENCE_ONLY/corpus/PMC13246279/figures/Fig1.jpg,gc_science
Science,PMC13286266,2026,10.1126/science.aea1272,1,C,bar+points,3,3/3/3,yes,mean,caption,SD,caption,medium,none,filled,centered,medium,na,outline_only,white_or_open,p_value_only,exact,LB,none,in_caption,yes,small,high,White outline-only bars; first group points black and the two KO clones red; rotated category labels,PRIVATE_REFERENCE_ONLY/corpus/PMC13286266/figures/Fig1.jpg,gc_science
Science,PMC13286266,2026,10.1126/science.aea1272,1,D,bar+points,2,3/3,yes,mean,caption,SD,caption,medium,none,filled,centered,medium,na,outline_only,white_or_open,p_value_only,exact,LB,none,in_caption,yes,small,high,WT black points vs WT;dIlf3 red points on white outline bars,PRIVATE_REFERENCE_ONLY/corpus/PMC13286266/figures/Fig1.jpg,gc_science
Science,PMC13286266,2026,10.1126/science.aea1272,1,E,bar+points,4x4,2/2/2/2/2/2/2/2/2/2/2/2/2/2/2/2,yes,mean,inferred,SD,inferred,medium,none,filled,centered,medium,na,greys,white_or_open,bracket+p_value,exact,LB,outside,none,yes,small,medium,ChIP-qPCR; four cell lines x K4me3/WDR5 at Actg2 (white bars) and Rel (grey bars); point colour encodes cell line with key below plot; n not stated in caption for this panel (2 visible points per bar),PRIVATE_REFERENCE_ONLY/corpus/PMC13286266/figures/Fig1.jpg,gc_science
Science,PMC13286266,2026,10.1126/science.aea1272,1,G,bar+points,6,3/3/3/3/3/3,yes,mean,caption,SD,caption,medium,none,filled,jitter,medium,na,outline_only,white_or_open,p_value_only,exact,LB,none,in_caption,yes,small,high,Dashed horizontal reference line at 1 (control level); rotated category labels; white bars with red points,PRIVATE_REFERENCE_ONLY/corpus/PMC13286266/figures/Fig1.jpg,gc_science
Science,PMC13286266,2026,10.1126/science.aea1272,1,H,violin+points,2,caption:84,yes,median,inferred,none,none,small,none,filled,jitter,na,medium,multi_categorical,coloured,p_value_only,exact,LB,none,in_caption,no,small,medium,Violins with internal horizontal median line and overlaid dots; n=84 perturbed genes per group; y axis log2 fold change crossing zero,PRIVATE_REFERENCE_ONLY/corpus/PMC13286266/figures/Fig1.jpg,gc_science
Science,PMC13286266,2026,10.1126/science.aea1272,1,K,bar+points,6x3,3/3/3 per gene (18 bars),yes,mean,caption,SD,caption,medium,none,filled,centered,medium,na,greys,white_or_open,bracket+p_value,exact,LB,outside,in_caption,yes,medium,medium,Six genes x three gRNA conditions; TA-candidate pair genes on white bars and control pair genes on grey bars; condition key printed below axis,PRIVATE_REFERENCE_ONLY/corpus/PMC13286266/figures/Fig1.jpg,gc_science
Science,PMC13286266,2026,10.1126/science.aea1272,1,L,bar+points,3x3,3/3/3 per gene (9 bars),yes,mean,caption,SD,caption,medium,none,filled,centered,medium,na,greys,white_or_open,bracket+p_value,exact,LB,outside,in_caption,yes,small,medium,Three genes x three gRNA conditions; E2F8 control pair on grey bars,PRIVATE_REFERENCE_ONLY/corpus/PMC13286266/figures/Fig1.jpg,gc_science
Science,PMC13286266,2026,10.1126/science.aea1272,1,M,bar+points,3x2,3/3 per gene (6 bars),yes,mean,caption,SD,caption,medium,none,filled,centered,medium,na,outline_only,white_or_open,p_value_only,exact,LB,outside,in_caption,yes,small,medium,ILF3 KO cells; control vs DDX21 gRNA for three genes; P values printed above each treated bar,PRIVATE_REFERENCE_ONLY/corpus/PMC13286266/figures/Fig1.jpg,gc_science
Science,PMC13286266,2026,10.1126/science.aea1272,1,N,bar+points,2x2,3/3 per gene (4 bars),yes,mean,caption,SD,caption,medium,none,filled,centered,medium,na,outline_only,white_or_open,p_value_only,exact,LB,outside,in_caption,yes,small,medium,ILF3 KO cells; control vs CSNK1E gRNA for two genes,PRIVATE_REFERENCE_ONLY/corpus/PMC13286266/figures/Fig1.jpg,gc_science
Science,PMC13286266,2026,10.1126/science.aea1272,2,E,bar+points,2x4,4/4/4/4/4/4/4/4,yes,mean,inferred,SD,inferred,medium,none,filled,jitter,medium,na,greys,white_or_open,bracket+p_value,exact,LB,outside,none,yes,medium,medium,Ser2p Pol II ChIP-qPCR at Actg2 (white bars) and Rel (grey bars) for four cell lines; point colour encodes cell line with key below; n not stated in caption (4 visible points per bar); gene diagrams above plot,PRIVATE_REFERENCE_ONLY/corpus/PMC13286266/figures/Fig2.jpg,gc_science
Science,PMC13286266,2026,10.1126/science.aea1272,2,K,bar+points,7x3,3/3/3 per gRNA (21 bars),yes,mean,caption,SD,caption,medium,none,filled,centered,medium,na,greys,grey,p_value_only,exact,LB,inside,in_caption,yes,large,medium,"dCas13-Ctrl grey bars, dCas13-lacZ striped bars, dCas13-NF110 white bars across control gRNA plus six Actg2 antisense gRNAs; rotated exact P values above bars; Actg2 locus map below plot",PRIVATE_REFERENCE_ONLY/corpus/PMC13286266/figures/Fig2.jpg,gc_science
Science,PMC13286266,2026,10.1126/science.aea1272,3,A,bar+points,4x2,3/3 per pair (8 bars),yes,mean,caption,SD,caption,medium,none,filled,centered,medium,na,greys,white_or_open,p_value_only,exact,LB,none,in_caption,yes,small,medium,Ctrl NMD vs Actg1 NMD for Actg2 and endogenous Actg1 in WT MEFs (white bars) and Ilf3 KD (grey bars); control points black treated points red,PRIVATE_REFERENCE_ONLY/corpus/PMC13286266/figures/Fig3.jpg,gc_science
Science,PMC13286266,2026,10.1126/science.aea1272,3,E,bar+points,3,3/3/4,yes,mean,caption,SD,caption,medium,none,filled,centered,medium,na,outline_only,white_or_open,p_value_only,exact,LB,none,in_caption,yes,small,medium,RIP-qPCR WT vs Actg1-NSD vs Actg1-NSD delta75; point colour encodes genotype; rotated category labels,PRIVATE_REFERENCE_ONLY/corpus/PMC13286266/figures/Fig3.jpg,gc_science
Science,PMC13286266,2026,10.1126/science.aea1272,3,F,bar+points,4x2,3/3 per pair (8 bars),yes,mean,caption,SD,caption,medium,none,filled,centered,medium,na,greys,white_or_open,p_value_only,exact,LB,none,in_caption,yes,medium,medium,Trigger RNA transfections in WT MEFs (white bars) and Ilf3 KD (grey bars); each trigger has its own paired Ctrl bar,PRIVATE_REFERENCE_ONLY/corpus/PMC13286266/figures/Fig3.jpg,gc_science
Science,PMC13286266,2026,10.1126/science.aea1272,3,G,bar+points,12,3 per bar (12 bars),yes,mean,caption,SD,caption,medium,none,filled,centered,medium,na,outline_only,white_or_open,p_value_only,exact,LB,none,in_caption,yes,medium,medium,ASO panel: Ctrl plus six AP ASOs and Ctrl plus four 2primeMOE ASOs; control bars have black points treated bars red points,PRIVATE_REFERENCE_ONLY/corpus/PMC13286266/figures/Fig3.jpg,gc_science
Science,PMC13286266,2026,10.1126/science.aea1272,4,C,bar+points,6x2,3/3 per pair (12 bars),yes,mean,caption,SD,caption,medium,none,filled,centered,medium,na,greys,white_or_open,p_value_only,exact,LB,none,in_caption,yes,medium,medium,Three trigger RNAs each with paired Ctrl in WT (white bars) and Ilf3 KD (grey bars),PRIVATE_REFERENCE_ONLY/corpus/PMC13286266/figures/Fig4.jpg,gc_science
Science,PMC13286266,2026,10.1126/science.aea1272,4,D,bar+points,7,3 per bar (7 bars),yes,mean,caption,SD,caption,medium,none,filled,centered,medium,na,outline_only,white_or_open,p_value_only,exact,LB,none,in_caption,yes,small,medium,AP ASO control plus two ASOs for each of three trigger regions; control points black treated points red,PRIVATE_REFERENCE_ONLY/corpus/PMC13286266/figures/Fig4.jpg,gc_science
Science,PMC13286266,2026,10.1126/science.aea1272,4,E,bar+points,2x2,3/3/3/3,yes,mean,caption,SD,caption,medium,none,filled,centered,medium,na,greys,white_or_open,p_value_only,exact,LB,none,in_caption,yes,small,medium,Ctrl NMD vs PKD1 5/5 NMD in WT HEKs (white bars) and ILF3 KD (grey bars),PRIVATE_REFERENCE_ONLY/corpus/PMC13286266/figures/Fig4.jpg,gc_science
Science,PMC13286266,2026,10.1126/science.aea1272,4,H,bar+points,4x2,3/3 per pair (8 bars),yes,mean,caption,SD,caption,medium,none,filled,centered,medium,na,greys,white_or_open,p_value_only,exact,LB,none,in_caption,yes,small,medium,44-nt and 157-nt trigger RNAs each with paired Ctrl in WT (white bars) and ILF3 KD (grey bars),PRIVATE_REFERENCE_ONLY/corpus/PMC13286266/figures/Fig4.jpg,gc_science
Science,PMC13286266,2026,10.1126/science.aea1272,4,I,bar+points,2x4,3 per bar (8 bars),yes,mean,caption,SD,caption,medium,none,filled,centered,medium,na,outline_only,white_or_open,p_value_only,exact,LB,none,in_caption,yes,small,medium,PKD1 sense and PKD1 antisense readouts each with AP ASO ctrl plus three ASOs,PRIVATE_REFERENCE_ONLY/corpus/PMC13286266/figures/Fig4.jpg,gc_science
Science,PMC13308464,2026,10.1126/science.aec6396,5,B1,dot_strip,2,~24/~24,yes,none,none,none,none,medium,dark,mixed,centered,na,na,single_accent,white_or_open,bracket+stars,stars,LB,none,in_caption,no,small,medium,First of three paired dot plots in panel B (5MUT vs del4); 24 macaques per group with lines connecting paired samples; open white circles for 5MUT and filled dark red for variant; dotted LoD line; log(1/ID50) y axis starting at 1,PRIVATE_REFERENCE_ONLY/corpus/PMC13308464/figures/Fig5.jpg,gc_science
Science,PMC13308464,2026,10.1126/science.aec6396,5,B2,dot_strip,2,~24/~24,yes,none,none,none,none,medium,dark,mixed,centered,na,na,single_accent,white_or_open,bracket+stars,stars,LB,none,in_caption,no,small,medium,Second paired dot plot in panel B (5MUT vs del8); same styling and 24 paired macaques; dotted LoD line,PRIVATE_REFERENCE_ONLY/corpus/PMC13308464/figures/Fig5.jpg,gc_science
Science,PMC13308464,2026,10.1126/science.aec6396,5,B3,dot_strip,2,~24/~24,yes,none,none,none,none,medium,dark,mixed,centered,na,na,single_accent,white_or_open,bracket+stars,stars,LB,none,in_caption,no,small,medium,Third paired dot plot in panel B (5MUT vs P136T); same styling and 24 paired macaques; dotted LoD line; bottom of panel B is an IC50 table (not coded),PRIVATE_REFERENCE_ONLY/corpus/PMC13308464/figures/Fig5.jpg,gc_science
Science,PMC13372101,2026,10.1126/science.aea2100,4,P,dot_strip+summary,12,8/8/6/8/14/6/10/6/6/10/10/6,yes,mean,inferred,none,none,medium,same_colour,open,jitter,na,na,single_accent,grey,p_value_only,mixed,LB,none,below_category,yes,medium,medium,Leaking spot count per brain section; grey open circles for control-gRNA and red open circles for Slc7a1 knockout; short red horizontal bar marks the group mean; section counts printed in parentheses below each category; dashed vertical line separates Neonate and Adult blocks; two adult groups labelled n.a. instead of a p value; exact p values plus one p<0.0001,PRIVATE_REFERENCE_ONLY/corpus/PMC13372101/figures/Fig4.jpg,gc_science
Science,PMC13372101,2026,10.1126/science.aea2100,6,N,dot_strip+summary,14,8/8/8/8/8/10/10/10/10/10/12/10/6/6,yes,mean,inferred,none,none,medium,same_colour,open,jitter,na,na,single_accent,grey,p_value_only,mixed,LB,none,below_category,yes,medium,medium,Leaking spot count per brain section; grey open circles for control-gRNA and red open circles for Hyal2 knockout; red horizontal bar marks the group mean; section counts in parentheses below each category; dashed vertical lines separate Neonate Adult and Aged blocks; exact p values plus two p<0.0001,PRIVATE_REFERENCE_ONLY/corpus/PMC13372101/figures/Fig6.jpg,gc_science
Science,PMC13403147,2026,10.1126/science.adx1893,2,D,bar+points,4,4/4/4/4,yes,mean,caption,SEM,caption,medium,same_colour,filled,jitter,medium,na,multi_categorical,white_or_open,line+p_value,exact,LB,none,in_caption,yes,small,medium,RT-PCR fold change; one row covers 6 stylistically identical sub-plots (Tumor and Spleen x Ifnb1/Tnfa/Cxcl10); bars white-filled with coloured outlines,PRIVATE_REFERENCE_ONLY/corpus/PMC13403147/figures/Fig2.jpg,gc_science
Science,PMC13403147,2026,10.1126/science.adx1893,2,G,bar+points,3,5/4/5,yes,mean,caption,SEM,caption,medium,same_colour,filled,jitter,medium,na,multi_categorical,white_or_open,line+p_value,exact,LB,none,in_caption,yes,small,medium,two stylistically identical sub-plots (tumor volume and tumor weight); rabbit VX2 model; bars outline-only with white fill,PRIVATE_REFERENCE_ONLY/corpus/PMC13403147/figures/Fig2.jpg,gc_science
Science,PMC13403147,2026,10.1126/science.adx1893,2,H,bar+points,3,5/4/5,yes,mean,caption,SEM,caption,medium,same_colour,filled,jitter,medium,na,multi_categorical,white_or_open,line+p_value,exact,LB,none,in_caption,yes,small,medium,quantification of lung tumor area next to H&E micrographs; bars outline-only with white fill,PRIVATE_REFERENCE_ONLY/corpus/PMC13403147/figures/Fig2.jpg,gc_science
Science,PMC13403147,2026,10.1126/science.adx1893,2,I,bar+points,3,5/4/5,yes,mean,caption,SEM,caption,medium,same_colour,filled,jitter,medium,na,multi_categorical,white_or_open,none,none,LB,none,in_caption,yes,small,medium,AST and ALT sub-plots (identical style); dotted grey horizontal lines mark normal enzyme range; no stats annotated,PRIVATE_REFERENCE_ONLY/corpus/PMC13403147/figures/Fig2.jpg,gc_science
Science,PMC13403147,2026,10.1126/science.adx1893,2,J,bar+points,4,3/3/3/3,yes,mean,caption,SEM,caption,medium,same_colour,filled,jitter,medium,na,single_accent,white_or_open,line+p_value,exact,LB,none,in_caption,yes,small,medium,three sub-plots (tumor/spleen/liver) same style; mixed marker shapes (circles and triangles) across timepoints; tumor sub-plot has no p-values,PRIVATE_REFERENCE_ONLY/corpus/PMC13403147/figures/Fig2.jpg,gc_science
Science,PMC13403147,2026,10.1126/science.adx1893,3,G,bar+points,2x2,5/5/5/5,yes,mean,caption,SEM,caption,medium,same_colour,filled,jitter,medium,na,multi_categorical,white_or_open,bracket+p_value,exact,LB,none,in_caption,yes,small,medium,serum cytokines in STING WT NOOC1 tumors; one row covers 4 identical sub-plots (TNFa CXCL10 IFNg IL6); nested WT vs Sting-/- host x Untreated vs CRYSTAL with grouping brackets below axis; circles for WT and triangles for Sting-/-; bars white fill with coloured outline,PRIVATE_REFERENCE_ONLY/corpus/PMC13403147/figures/Fig3.jpg,gc_science
Science,PMC13403147,2026,10.1126/science.adx1893,3,H,bar+points,2x2,5/5/4/4,yes,mean,caption,SEM,caption,medium,same_colour,filled,jitter,medium,na,multi_categorical,white_or_open,bracket+p_value,exact,LB,none,in_caption,yes,small,medium,same design as G but STING KO NOOC1 tumors; 4 identical sub-plots; nested host x treatment; circles and triangles distinguish host genotype,PRIVATE_REFERENCE_ONLY/corpus/PMC13403147/figures/Fig3.jpg,gc_science
Science,PMC13403147,2026,10.1126/science.adx1893,4,B,bar+points,3,5/5/5,yes,mean,caption,SEM,caption,medium,same_colour,filled,jitter,medium,na,multi_categorical,grey,bracket+p_value,exact,LB,none,in_caption,yes,small,medium,two identical sub-plots (CD3+CD8+ frequency and CD44+CD62L- effector memory) in tumor; Untreated grey CDA blue CRYSTAL red; bars white fill with coloured outline,PRIVATE_REFERENCE_ONLY/corpus/PMC13403147/figures/Fig4.jpg,gc_science
Science,PMC13403147,2026,10.1126/science.adx1893,4,C,bar+points,3,5/5/5,yes,mean,caption,SEM,caption,medium,same_colour,filled,jitter,medium,na,multi_categorical,grey,bracket+p_value,exact,LB,none,in_caption,yes,small,medium,MDSC frequency in tumor; single bar plot with individual mouse dots,PRIVATE_REFERENCE_ONLY/corpus/PMC13403147/figures/Fig4.jpg,gc_science
Science,PMC13403147,2026,10.1126/science.adx1893,4,D,bar+points,3,5/5/5,yes,mean,caption,SEM,caption,medium,same_colour,filled,jitter,medium,na,multi_categorical,grey,bracket+p_value,exact,LB,none,in_caption,yes,small,medium,three identical sub-plots of splenic CD8 T cell subsets,PRIVATE_REFERENCE_ONLY/corpus/PMC13403147/figures/Fig4.jpg,gc_science
Science,PMC13403147,2026,10.1126/science.adx1893,4,E,bar+points,3,5/5/5,yes,mean,caption,SEM,caption,medium,same_colour,filled,jitter,medium,na,multi_categorical,grey,bracket+p_value,exact,LB,none,in_caption,yes,small,medium,three identical sub-plots of splenic macrophage subsets,PRIVATE_REFERENCE_ONLY/corpus/PMC13403147/figures/Fig4.jpg,gc_science
Science,PMC13403147,2026,10.1126/science.adx1893,4,F,bar,3x3,unknown,no,none,none,none,none,na,na,na,na,narrow,na,multi_categorical,grey,none,none,LB,outside,none,yes,small,medium,only the cluster-proportion bar sub-plot of F is coded; grouped outline-only bars (3 clusters x 3 treatments) with no error bars or points; the other sub-panels are UMAPs and marker-expression UMAPs and were skipped,PRIVATE_REFERENCE_ONLY/corpus/PMC13403147/figures/Fig4.jpg,gc_science
Science,PMC13403147,2026,10.1126/science.adx1893,4,G,bar+points,3,5/5/5,yes,mean,caption,SEM,caption,medium,same_colour,filled,jitter,medium,na,multi_categorical,grey,bracket+p_value,exact,LB,none,in_caption,yes,small,medium,effector CXCR3+ CD8 T cells in tumor; y axis truncated (starts at 80 not 0) so bars do not start at zero,PRIVATE_REFERENCE_ONLY/corpus/PMC13403147/figures/Fig4.jpg,gc_science
Science,PMC13403147,2026,10.1126/science.adx1893,4,H,bar,3x3,unknown,no,none,none,none,none,na,na,na,na,narrow,na,multi_categorical,grey,none,none,LB,outside,none,yes,small,medium,spleen counterpart of F; only the cluster-proportion grouped bar sub-plot coded; outline-only bars no error bars,PRIVATE_REFERENCE_ONLY/corpus/PMC13403147/figures/Fig4.jpg,gc_science
Science,PMC13403147,2026,10.1126/science.adx1893,4,I,bar+points,3,5/5/5,yes,mean,caption,SEM,caption,medium,same_colour,filled,jitter,medium,na,multi_categorical,grey,bracket+p_value,exact,LB,none,in_caption,yes,small,medium,four identical sub-plots (effector stem-cell-like memory proliferative terminally differentiated) of splenic CD8 T cells,PRIVATE_REFERENCE_ONLY/corpus/PMC13403147/figures/Fig4.jpg,gc_science
Science,PMC13403147,2026,10.1126/science.adx1893,4,J,bar+points,3,5/5/5,yes,mean,caption,SEM,caption,medium,same_colour,filled,jitter,medium,na,multi_categorical,grey,bracket+p_value,exact,LB,none,in_caption,yes,small,medium,three identical sub-plots of intracellular cytokine staining in tumor; left Granz B sub-plot shows no p-values,PRIVATE_REFERENCE_ONLY/corpus/PMC13403147/figures/Fig4.jpg,gc_science
Science,PMC13403147,2026,10.1126/science.adx1893,4,K,bar+points,3,5/5/5,yes,mean,caption,SEM,caption,medium,same_colour,filled,jitter,medium,na,multi_categorical,grey,bracket+p_value,exact,LB,none,in_caption,yes,small,medium,three identical sub-plots of intracellular cytokine staining in spleen,PRIVATE_REFERENCE_ONLY/corpus/PMC13403147/figures/Fig4.jpg,gc_science
Science,PMC13403147,2026,10.1126/science.adx1893,6,A,bar+points,3,2/3/3,yes,mean,caption,SEM,caption,medium,dark,filled,jitter,medium,na,single_accent,grey,bracket+p_value,exact,LB,none,in_caption,yes,small,medium,four identical sub-plots (monocytes mDCs B cells T cells) of CRYSTAL-Cy7 uptake in human PBMCs; red outline-only bars with white fill; mixed circle and triangle markers for the two doses; technical replicates,PRIVATE_REFERENCE_ONLY/corpus/PMC13403147/figures/Fig6.jpg,gc_science
Science,PMC13403147,2026,10.1126/science.adx1893,6,B,bar+points,3,3/3/3,yes,mean,caption,SEM,caption,medium,dark,filled,jitter,medium,na,multi_categorical,grey,bracket+p_value,exact,LB,none,in_caption,yes,small,medium,four identical ELISA sub-plots (IFNb IFNg IL6 CXCL10) from human PBMCs; control and CDA bars are essentially zero height,PRIVATE_REFERENCE_ONLY/corpus/PMC13403147/figures/Fig6.jpg,gc_science
Science,PMC13403147,2026,10.1126/science.adx1893,6,C,dot_strip,4,6/6/6/6,yes,none,none,none,none,medium,dark,filled,centered,na,na,multi_categorical,grey,bracket+p_value,exact,LB,none,in_caption,yes,small,medium,paired design - black lines connect the same HNSCC patient across the four ex vivo treatments; no bars or summary line; the adjacent heatmap sub-panel was skipped,PRIVATE_REFERENCE_ONLY/corpus/PMC13403147/figures/Fig6.jpg,gc_science
Science,PMC13403147,2026,10.1126/science.adx1893,6,E,dot_strip,3,23/23/23,yes,none,none,none,none,medium,dark,filled,centered,na,na,multi_categorical,grey,bracket+p_value,exact,LB,none,in_caption,yes,small,low,paired connected dots for 23 HNSCC patients; broken y axis (0-60 lower segment and 200-1200 upper segment); heavy overlap of points near zero so counts rely on the caption,PRIVATE_REFERENCE_ONLY/corpus/PMC13403147/figures/Fig6.jpg,gc_science
Science,PMC13403147,2026,10.1126/science.adx1893,6,F,dot_strip,3,18/2/2 and 1 per STING haplotype sub-plot,yes,none,none,none,none,medium,dark,filled,centered,na,na,multi_categorical,grey,none,none,LB,none,in_caption,yes,small,low,four sub-plots split by STING haplotype (R232 HAQ R232H AQ) each with paired connecting lines; R232 sub-plot has a broken y axis; very few patients in HAQ R232H and AQ; no statistics annotated,PRIVATE_REFERENCE_ONLY/corpus/PMC13403147/figures/Fig6.jpg,gc_science
Science,PMC13491402,2026,10.1126/science.adv7378,1,I,dot_strip+summary,2,~55/~55,yes,median,caption,none,none,small,none,filled,jitter,na,na,monochrome_black,black,bracket+stars,stars,LB,none,none,no,small,low,CD70 MFI of individual K5 tumor cells; long horizontal line marks the median; broken y axis (0-200 then 200-2000); dotted reference line at the CD70 KO median with percentage label; points overlap heavily so n is approximate,PRIVATE_REFERENCE_ONLY/corpus/PMC13491402/figures/Fig1.webp,gc_science
Science,PMC13491402,2026,10.1126/science.adv7378,1,J,dot_strip+summary,2,~90/~90,yes,median,caption,none,none,small,none,filled,jitter,na,na,monochrome_black,black,bracket+stars,stars,LB,none,none,no,small,low,K7 counterpart of I; broken y axis (-100 to 200 then 200-1000) and axis extends below zero; dotted reference line at CD70 KO median with 82.5% label; dense overlapping points,PRIVATE_REFERENCE_ONLY/corpus/PMC13491402/figures/Fig1.webp,gc_science
Science Advances,PMC13564803,2026,10.1126/sciadv.aef4204,4,A,bar,2x2,unknown,no,unknown,none,unknown,none,na,na,na,na,medium,na,multi_categorical,black,none,none,box,inside,none,yes,medium,medium,virgin vs 20 wt% recovered-fragment pDCPD; two bars per category (solid = Young's modulus on left axis hatched = UTS on right axis) so it is a dual-axis grouped bar; error bars shown but not defined in the caption; arrows in the inside legend point to the matching axis,PRIVATE_REFERENCE_ONLY/corpus/PMC13564803/figures/Fig4.webp,gc_science
Science Advances,PMC13564803,2026,10.1126/sciadv.aef4204,4,D,bar,2,unknown,no,unknown,none,unknown,none,na,na,na,na,medium,na,multi_categorical,black,none,none,box,none,none,yes,medium,medium,single fiber tensile strength of as-received (black) vs reclaimed (teal) carbon fiber; symmetric error bars of undefined type; no individual fiber measurements plotted,PRIVATE_REFERENCE_ONLY/corpus/PMC13564803/figures/Fig4.webp,gc_science
Science Advances,PMC13564803,2026,10.1126/sciadv.aef4204,4,F,bar,3,unknown,no,unknown,none,unknown,none,na,na,na,na,medium,na,multi_categorical,coloured,none,none,box,none,none,yes,medium,medium,mass recovery percentage for three commercial samples i ii iii; pale green pale yellow and near-black bars with thin black outline; error bars undefined; bar sub-plot sits to the right of photographic sub-panels of F,PRIVATE_REFERENCE_ONLY/corpus/PMC13564803/figures/Fig4.webp,gc_science
Science Advances,PMC13564807,2026,10.1126/sciadv.adz3976,5,A,dot_strip+summary,3,~300/~300/~300,yes,unknown,none,none,none,small,none,filled,jitter,na,na,monochrome_black,black,bracket+p_value,exact,LB,none,none,yes,small,low,two dot-strip sub-plots (total distance traveled and mean speed) at the right of panel A; red horizontal line marks the group summary but its definition is not stated; the track plot at left of A was skipped; points very dense,PRIVATE_REFERENCE_ONLY/corpus/PMC13564807/figures/Fig5.webp,gc_science
Science Advances,PMC13564807,2026,10.1126/sciadv.adz3976,5,C,dot_strip+summary,2,~600/~600,yes,unknown,none,none,none,small,none,filled,jitter,na,na,monochrome_black,black,bracket+p_value,exact,LB,none,none,yes,small,low,time spent in high vs low displacement periods; red horizontal summary line of undefined type; points saturate at the 600 min ceiling in the low displacement group,PRIVATE_REFERENCE_ONLY/corpus/PMC13564807/figures/Fig5.webp,gc_science
Science Advances,PMC13564807,2026,10.1126/sciadv.adz3976,5,E1,other,4x3,unknown,no,none,none,none,none,na,na,na,na,medium,na,greys,black,none,none,LB,inside,none,yes,small,medium,stacked composition bar of the percentage of cells in low mid and high displacement categories across four device niche types; coded as other because it is a stacked composition comparison across groups,PRIVATE_REFERENCE_ONLY/corpus/PMC13564807/figures/Fig5.webp,gc_science
Science Advances,PMC13564807,2026,10.1126/sciadv.adz3976,5,E2,bar+points,4,13/25/13/12,yes,mean,inferred,SEM,inferred,medium,none,filled,jitter,medium,na,monochrome_black,white_or_open,bracket+p_value,mixed,LB,none,none,yes,small,medium,percent high displacement per ROI; white bars with black outline and error bars; brackets carry both exact p values and n.s. text,PRIVATE_REFERENCE_ONLY/corpus/PMC13564807/figures/Fig5.webp,gc_science
Science Advances,PMC13564807,2026,10.1126/sciadv.adz3976,5,F,dot_strip+summary,4,~450/~450/~450/~450,yes,unknown,none,none,none,small,none,filled,jitter,na,na,monochrome_black,black,bracket+p_value,mixed,LB,none,in_caption,no,small,low,four dot-strip sub-plots (track displacement mean speed confinement ratio mean directional change); the first three use log y axes; red horizontal summary line; N=1800 cells total given in caption; brackets mix exact p values and n.s.,PRIVATE_REFERENCE_ONLY/corpus/PMC13564807/figures/Fig5.webp,gc_science
Science Advances,PMC13564807,2026,10.1126/sciadv.adz3976,5,G,bar+points,4,4/5/3/3,yes,mean,inferred,SEM,inferred,medium,none,filled,jitter,medium,na,monochrome_black,white_or_open,bracket+p_value,exact,LB,none,in_caption,yes,small,medium,two identical sub-plots (ASC count and CD138+ PC count); white bars with black outline and individual device dots,PRIVATE_REFERENCE_ONLY/corpus/PMC13564807/figures/Fig5.webp,gc_science
Science Advances,PMC13564807,2026,10.1126/sciadv.adz3976,5,H,bar+points,4,3/3/3/3,yes,mean,inferred,SEM,inferred,medium,none,filled,jitter,medium,na,monochrome_black,white_or_open,bracket+p_value,mixed,LB,none,in_caption,yes,small,medium,ELISPOT spots per well; bar sub-plot at left with representative well images at right; brackets mix exact p values and n.s.,PRIVATE_REFERENCE_ONLY/corpus/PMC13564807/figures/Fig5.webp,gc_science
Science Advances,PMC13564807,2026,10.1126/sciadv.adz3976,5,I,bar+points,4,~25/~25/~10/~12,yes,mean,inferred,SEM,inferred,small,none,filled,jitter,medium,na,multi_categorical,coloured,bracket+p_value,mixed,LB,none,none,yes,small,medium,secreted IL-6 concentration; white bars with black outline but dots coloured per group (red blue green orange); many overlapping dots,PRIVATE_REFERENCE_ONLY/corpus/PMC13564807/figures/Fig5.webp,gc_science
Science Advances,PMC13564807,2026,10.1126/sciadv.adz3976,5,J,box+points,4,8/8/8/8,yes,median,inferred,IQR_whiskers,inferred,medium,dark,filled,jitter,na,medium,multi_categorical,coloured,bracket+p_value,exact,LB,none,in_caption,yes,small,medium,CXCL12 MFI quantification; coloured box plots with whiskers and overlaid individual ROI dots; caption gives N=7 to 9 ROIs,PRIVATE_REFERENCE_ONLY/corpus/PMC13564807/figures/Fig5.webp,gc_science
Science Advances,PMC13564807,2026,10.1126/sciadv.adz3976,6,A,dot_strip+summary,2,~350/~350,yes,unknown,none,none,none,small,none,filled,jitter,na,na,monochrome_black,black,bracket+p_value,exact,LB,none,none,no,small,low,two dot-strip sub-plots (track displacement and mean speed) with log y axes; red horizontal summary line of undefined type; ASC motility with or without AMD3100,PRIVATE_REFERENCE_ONLY/corpus/PMC13564807/figures/Fig6.webp,gc_science
Science Advances,PMC13564807,2026,10.1126/sciadv.adz3976,6,B,bar+points,2,12/22,yes,mean,inferred,SEM,inferred,medium,none,filled,jitter,medium,na,monochrome_black,white_or_open,bracket+p_value,exact,LB,none,none,yes,small,medium,two sub-plots (clusters per ROI and percent ASCs in cluster); white bars with black outline plus individual ROI dots; AMD3100 is plotted first and the Full control second,PRIVATE_REFERENCE_ONLY/corpus/PMC13564807/figures/Fig6.webp,gc_science
Science Advances,PMC13564807,2026,10.1126/sciadv.adz3976,6,C,dot_strip+summary,3,~130/~400/~400,yes,unknown,none,none,none,small,none,filled,jitter,na,na,monochrome_black,black,bracket+p_value,mixed,LB,none,none,no,small,low,two dot-strip sub-plots with log y axes comparing Full a-CXCL12 and isotype; red summary line; annotations mix an exact p value and n.s.,PRIVATE_REFERENCE_ONLY/corpus/PMC13564807/figures/Fig6.webp,gc_science
Science Advances,PMC13564807,2026,10.1126/sciadv.adz3976,6,F,dot_strip+summary,3,~400/~400/~350,yes,unknown,none,none,none,small,none,filled,jitter,na,na,monochrome_black,black,bracket+p_value,mixed,LB,none,in_caption,yes,small,low,three dot-strip sub-plots (confinement ratio mean straight line speed linearity); groups labelled by a +/- matrix of CXCL12 gradient and AMD3100 below the axis; middle sub-plot has a log y axis; N=1800 cells in caption,PRIVATE_REFERENCE_ONLY/corpus/PMC13564807/figures/Fig6.webp,gc_science
Science Advances,PMC13564807,2026,10.1126/sciadv.adz3976,6,G,dot_strip+summary,2,~90/~87,yes,unknown,none,none,none,small,none,filled,jitter,na,na,monochrome_black,black,bracket+p_value,mixed,LB,none,in_caption,yes,small,medium,four dot-strip sub-plots comparing left (high CXCL12) and right (low CXCL12) sides; red horizontal summary line; three sub-plots annotated n.s. and one with an exact p value,PRIVATE_REFERENCE_ONLY/corpus/PMC13564807/figures/Fig6.webp,gc_science
Science Advances,PMC13564810,2026,10.1126/sciadv.aef1694,1,A,bar+points,3,6/6/6,yes,mean,inferred,unknown,none,medium,dark,mixed,jitter,medium,na,multi_categorical,white_or_open,bracket+p_value,exact,LB,none,in_caption,yes,small,medium,tumor tissue stiffness (elastic modulus); pale pink dotted-pattern control bar dark red wt bar and blue Loxl4ko bar; open and filled circle markers mixed; error bar type not defined in caption,PRIVATE_REFERENCE_ONLY/corpus/PMC13564810/figures/Fig1.webp,gc_science
Science Advances,PMC13564810,2026,10.1126/sciadv.aef1694,1,C,bar+points,3,6/6/6,yes,mean,inferred,unknown,none,medium,dark,mixed,jitter,medium,na,multi_categorical,white_or_open,bracket+p_value,exact,LB,none,in_caption,yes,small,medium,gel stiffness across 0 2.5 and 5 ug/ml mLX4; same bar-with-dots house style,PRIVATE_REFERENCE_ONLY/corpus/PMC13564810/figures/Fig1.webp,gc_science
Science Advances,PMC13564810,2026,10.1126/sciadv.aef1694,1,D,bar+points,3,6/6/6,yes,mean,inferred,unknown,none,medium,dark,mixed,jitter,medium,na,multi_categorical,white_or_open,bracket+p_value,exact,LB,none,in_caption,yes,small,medium,only the bar quantification sub-plot at the right of D is coded; the flow cytometry contour plots were skipped,PRIVATE_REFERENCE_ONLY/corpus/PMC13564810/figures/Fig1.webp,gc_science
Science Advances,PMC13564810,2026,10.1126/sciadv.aef1694,1,E,bar+points,3,6/6/6,yes,mean,inferred,unknown,none,medium,dark,mixed,jitter,medium,na,multi_categorical,white_or_open,bracket+p_value,exact,LB,none,in_caption,yes,small,medium,only the bar quantification sub-plot at the right of E is coded; flow contour plots skipped,PRIVATE_REFERENCE_ONLY/corpus/PMC13564810/figures/Fig1.webp,gc_science
Science Advances,PMC13564810,2026,10.1126/sciadv.aef1694,1,G,bar+points,3,6/6/6,yes,mean,inferred,unknown,none,medium,dark,mixed,jitter,medium,na,multi_categorical,white_or_open,bracket+p_value,exact,LB,none,in_caption,yes,small,medium,average Ca2+ transient amplitude across gel stiffness,PRIVATE_REFERENCE_ONLY/corpus/PMC13564810/figures/Fig1.webp,gc_science
Science Advances,PMC13564810,2026,10.1126/sciadv.aef1694,1,H,bar+points,3x2,6/6/6/6/6/6,yes,mean,inferred,unknown,none,medium,dark,mixed,jitter,medium,na,multi_categorical,white_or_open,bracket+p_value,exact,LB,outside,in_caption,yes,small,medium,two bar sub-plots (IFN-g+TNFa+ and PD1+TIM3+) with grouped dmso vs GsMTx4 within Soft Modest Stiff; legend with open and filled circles below the axis; hatched bar fills distinguish treatment,PRIVATE_REFERENCE_ONLY/corpus/PMC13564810/figures/Fig1.webp,gc_science
Science Advances,PMC13564810,2026,10.1126/sciadv.aef1694,1,I,bar+points,3x2,6/6/6/6/6/6,yes,mean,inferred,unknown,none,medium,dark,mixed,jitter,medium,na,multi_categorical,white_or_open,bracket+p_value,exact,LB,outside,in_caption,yes,small,medium,two bar sub-plots with grouped dmso vs GSK205 within Soft Modest Stiff; p values given even where not significant,PRIVATE_REFERENCE_ONLY/corpus/PMC13564810/figures/Fig1.webp,gc_science
Science Advances,PMC13564810,2026,10.1126/sciadv.aef1694,1,J,bar+points,3x2,6/6/6/6/6/6,yes,mean,inferred,unknown,none,medium,dark,mixed,jitter,medium,na,multi_categorical,white_or_open,bracket+p_value,exact,LB,outside,in_caption,yes,small,medium,average Ca2+ transient amplitude for Piezo1fl vs Piezo1dko across three gel stiffnesses,PRIVATE_REFERENCE_ONLY/corpus/PMC13564810/figures/Fig1.webp,gc_science
Science Advances,PMC13564810,2026,10.1126/sciadv.aef1694,1,K,bar+points,3x2,6/6/6/6/6/6,yes,mean,inferred,unknown,none,medium,dark,mixed,jitter,medium,na,multi_categorical,white_or_open,bracket+p_value,exact,LB,outside,in_caption,yes,small,medium,IFN-g+TNFa+ bar sub-plot for Piezo1fl vs Piezo1dko; flow contour plots skipped,PRIVATE_REFERENCE_ONLY/corpus/PMC13564810/figures/Fig1.webp,gc_science
Science Advances,PMC13564810,2026,10.1126/sciadv.aef1694,1,L,bar+points,3x2,6/6/6/6/6/6,yes,mean,inferred,unknown,none,medium,dark,mixed,jitter,medium,na,multi_categorical,white_or_open,bracket+p_value,exact,LB,outside,in_caption,yes,small,medium,PD1+TIM3+ bar sub-plot for Piezo1fl vs Piezo1dko; flow contour plots skipped,PRIVATE_REFERENCE_ONLY/corpus/PMC13564810/figures/Fig1.webp,gc_science
Science Advances,PMC13564810,2026,10.1126/sciadv.aef1694,2,C,bar+points,4,6/6/6/6,yes,mean,inferred,unknown,none,medium,dark,mixed,jitter,medium,na,multi_categorical,white_or_open,bracket+p_value,exact,LB,none,in_caption,yes,small,medium,tumor mass bar sub-plot to the right of the tumor photographs; four genotype x treatment categories; dotted-pattern pale bars and one solid dark red bar,PRIVATE_REFERENCE_ONLY/corpus/PMC13564810/figures/Fig2.webp,gc_science
Science Advances,PMC13564810,2026,10.1126/sciadv.aef1694,2,D,bar+points,4,6/6/6/6,yes,mean,inferred,unknown,none,medium,dark,mixed,jitter,medium,na,multi_categorical,white_or_open,bracket+p_value,exact,LB,none,in_caption,yes,small,medium,IFN-g+TNFa+ populations; four categories Piezo1fl/dko x control/TRULI; markers mix open and filled circles,PRIVATE_REFERENCE_ONLY/corpus/PMC13564810/figures/Fig2.webp,gc_science
Science Advances,PMC13564810,2026,10.1126/sciadv.aef1694,2,E,bar+points,4,6/6/6/6,yes,mean,inferred,unknown,none,medium,dark,mixed,jitter,medium,na,multi_categorical,white_or_open,bracket+p_value,exact,LB,none,in_caption,yes,small,medium,PD1+TIM3+ populations; same four categories as D,PRIVATE_REFERENCE_ONLY/corpus/PMC13564810/figures/Fig2.webp,gc_science
Science Advances,PMC13564810,2026,10.1126/sciadv.aef1694,2,G,bar+points,2x2,6/6/6/6,yes,mean,inferred,unknown,none,medium,dark,mixed,jitter,medium,na,multi_categorical,white_or_open,bracket+p_value,exact,LB,outside,in_caption,yes,small,medium,grouped dmso vs TRULI within Soft and Modest gels; legend below axis,PRIVATE_REFERENCE_ONLY/corpus/PMC13564810/figures/Fig2.webp,gc_science
Science Advances,PMC13564810,2026,10.1126/sciadv.aef1694,2,H,bar+points,2x2,6/6/6/6,yes,mean,inferred,unknown,none,medium,dark,mixed,jitter,medium,na,multi_categorical,white_or_open,bracket+p_value,exact,LB,outside,in_caption,yes,small,medium,PD1+TIM3+ counterpart of G,PRIVATE_REFERENCE_ONLY/corpus/PMC13564810/figures/Fig2.webp,gc_science
Science Advances,PMC13564810,2026,10.1126/sciadv.aef1694,2,J,bar+points,10,6 per category,yes,mean,inferred,unknown,none,medium,dark,mixed,jitter,medium,na,multi_categorical,white_or_open,none,none,LB,none,in_caption,yes,small,medium,ChIP-qPCR YAP1 enrichment across IgG and nine promoter targets; alternating light and dark hatched bar fills; no statistical annotation shown,PRIVATE_REFERENCE_ONLY/corpus/PMC13564810/figures/Fig2.webp,gc_science
Science Advances,PMC13564810,2026,10.1126/sciadv.aef1694,2,K,bar+points,10,6 per category,yes,mean,inferred,unknown,none,medium,dark,mixed,jitter,medium,na,multi_categorical,white_or_open,none,none,LB,none,in_caption,yes,small,medium,luciferase reporter activity across vector and nine promoters; same hatched bar style as J; no statistics annotated,PRIVATE_REFERENCE_ONLY/corpus/PMC13564810/figures/Fig2.webp,gc_science
Science Advances,PMC13564810,2026,10.1126/sciadv.aef1694,3,B,bar+points,3,6/6/6,yes,mean,inferred,unknown,none,medium,dark,mixed,jitter,medium,na,multi_categorical,white_or_open,bracket+p_value,exact,LB,none,in_caption,yes,small,medium,YBX1 mRNA across soft modest and stiff gels; pale dotted control bar and cross-hatched stiff bar; markers mix open and filled circles,PRIVATE_REFERENCE_ONLY/corpus/PMC13564810/figures/Fig3.webp,gc_science
Science Advances,PMC13564810,2026,10.1126/sciadv.aef1694,3,E,bar+points,2x2,6/6/6/6,yes,mean,inferred,unknown,none,medium,dark,mixed,jitter,medium,na,multi_categorical,white_or_open,bracket+p_value,exact,LB,outside,in_caption,yes,small,medium,grouped dmso vs TRULI within Soft and Modest gels; legend with two circle markers below the axis,PRIVATE_REFERENCE_ONLY/corpus/PMC13564810/figures/Fig3.webp,gc_science
Science Advances,PMC13564810,2026,10.1126/sciadv.aef1694,3,H,bar+points,5,6/6/6/6/6,yes,mean,inferred,unknown,none,medium,dark,mixed,jitter,medium,na,multi_categorical,white_or_open,bracket+p_value,exact,LB,outside,in_caption,yes,small,medium,YBX1 mRNA across five activation conditions; category names appear only in the legend below the panel not on the axis,PRIVATE_REFERENCE_ONLY/corpus/PMC13564810/figures/Fig3.webp,gc_science
Science Advances,PMC13564810,2026,10.1126/sciadv.aef1694,3,K,bar+points,5,6/6/6/6/6,yes,mean,inferred,unknown,none,medium,dark,mixed,jitter,medium,na,multi_categorical,white_or_open,bracket+p_value,mixed,LB,outside,in_caption,yes,small,medium,YBX1 promoter luciferase activity across five plasmid conditions; one bracket reports >0.9999 alongside exact p values; category names only in the legend below,PRIVATE_REFERENCE_ONLY/corpus/PMC13564810/figures/Fig3.webp,gc_science
Science Advances,PMC13564810,2026,10.1126/sciadv.aef1694,3,M,bar+points,4,6/6/6/6,yes,mean,inferred,unknown,none,medium,dark,mixed,jitter,medium,na,multi_categorical,white_or_open,bracket+p_value,exact,LB,outside,in_caption,yes,small,medium,YBX1 mRNA after Yoda1 plus FAK1 or YAP1 inhibitors; four conditions named only in the legend below the panel,PRIVATE_REFERENCE_ONLY/corpus/PMC13564810/figures/Fig3.webp,gc_science
Science Advances,PMC13564810,2026,10.1126/sciadv.aef1694,4,B,bar+points,3x2,6/6/6/6/6/6,yes,mean,inferred,unknown,none,medium,dark,mixed,jitter,medium,na,multi_categorical,white_or_open,bracket+p_value,exact,LB,outside,in_caption,yes,small,medium,Ca2+ transient amplitude for YBX1fl vs YBX1dko across three gel stiffnesses; all three comparisons non-significant but exact p values still printed,PRIVATE_REFERENCE_ONLY/corpus/PMC13564810/figures/Fig4.webp,gc_science
Science Advances,PMC13564810,2026,10.1126/sciadv.aef1694,4,C,bar+points,3x2,6/6/6/6/6/6,yes,mean,inferred,unknown,none,medium,dark,mixed,jitter,medium,na,multi_categorical,white_or_open,bracket+p_value,exact,LB,outside,in_caption,yes,small,medium,only the bar quantification sub-plot at the right of C is coded; flow contour plots skipped,PRIVATE_REFERENCE_ONLY/corpus/PMC13564810/figures/Fig4.webp,gc_science
Science Advances,PMC13564810,2026,10.1126/sciadv.aef1694,4,D,bar+points,3x2,6/6/6/6/6/6,yes,mean,inferred,unknown,none,medium,dark,mixed,jitter,medium,na,multi_categorical,white_or_open,bracket+p_value,exact,LB,outside,in_caption,yes,small,medium,PD1+TIM3+ bar sub-plot at the right of D; flow contour plots skipped,PRIVATE_REFERENCE_ONLY/corpus/PMC13564810/figures/Fig4.webp,gc_science
Science Advances,PMC13564810,2026,10.1126/sciadv.aef1694,4,G,bar+points,2,6/6,yes,mean,inferred,unknown,none,medium,dark,mixed,jitter,medium,na,multi_categorical,white_or_open,bracket+p_value,exact,LB,none,in_caption,yes,small,medium,IFN-g+TNFa+ among adoptively transferred CD45.2+ cells; two genotype categories; bar quantification sub-plot only,PRIVATE_REFERENCE_ONLY/corpus/PMC13564810/figures/Fig4.webp,gc_science
Science Advances,PMC13564810,2026,10.1126/sciadv.aef1694,4,H,bar+points,2,6/6,yes,mean,inferred,unknown,none,medium,dark,mixed,jitter,medium,na,multi_categorical,white_or_open,bracket+p_value,exact,LB,none,in_caption,yes,small,medium,PD1+TIM3+ counterpart of G; two genotype categories,PRIVATE_REFERENCE_ONLY/corpus/PMC13564810/figures/Fig4.webp,gc_science
Science Advances,PMC13564810,2026,10.1126/sciadv.aef1694,4,I,bar+points,4,6/6/6/6,yes,mean,inferred,unknown,none,medium,dark,mixed,jitter,medium,na,multi_categorical,white_or_open,bracket+p_value,exact,LB,outside,in_caption,yes,small,medium,YBX1 mRNA across naive activated precursor-exhausted and exhausted CD8 T cells; category names only in the legend below the panel,PRIVATE_REFERENCE_ONLY/corpus/PMC13564810/figures/Fig4.webp,gc_science
Science Advances,PMC13564810,2026,10.1126/sciadv.aef1694,4,M,bar+points,3x3,6 per cell,yes,mean,inferred,unknown,none,medium,dark,mixed,jitter,medium,na,multi_categorical,white_or_open,bracket+p_value,mixed,LB,outside,in_caption,yes,small,medium,YBX1 mRNA at 0 6 and 48 hours within Soft Modest and Stiff gels; nine bars with stacked brackets; legend of three markers below the axis,PRIVATE_REFERENCE_ONLY/corpus/PMC13564810/figures/Fig4.webp,gc_science
Science Advances,PMC13564810,2026,10.1126/sciadv.aef1694,5,K,bar+points,3x4,6 per cell,yes,mean,inferred,unknown,none,medium,dark,mixed,jitter,medium,na,multi_categorical,white_or_open,bracket+p_value,exact,LB,outside,in_caption,yes,small,medium,qPCR of Ybx1 Acly and Kat2a each across four transduction conditions; twelve bars in three axis-labelled gene blocks; condition names only in the legend below,PRIVATE_REFERENCE_ONLY/corpus/PMC13564810/figures/Fig5.webp,gc_science
Science Advances,PMC13564810,2026,10.1126/sciadv.aef1694,5,L,bar+points,4,6/6/6/6,yes,mean,inferred,unknown,none,medium,dark,mixed,jitter,medium,na,multi_categorical,white_or_open,bracket+p_value,exact,LB,none,in_caption,yes,small,medium,PD1+TIM3+ bar sub-plot at the right of L; flow contour plots skipped,PRIVATE_REFERENCE_ONLY/corpus/PMC13564810/figures/Fig5.webp,gc_science
Science Advances,PMC13564810,2026,10.1126/sciadv.aef1694,5,M,bar+points,4,6/6/6/6,yes,mean,inferred,unknown,none,medium,dark,mixed,jitter,medium,na,multi_categorical,white_or_open,bracket+p_value,exact,LB,none,in_caption,yes,small,medium,IFN-g+TNFa+ bar sub-plot at the right of M; flow contour plots skipped,PRIVATE_REFERENCE_ONLY/corpus/PMC13564810/figures/Fig5.webp,gc_science
Science Advances,PMC13564810,2026,10.1126/sciadv.aef1694,5,N,bar+points,3,6/6/6,yes,mean,inferred,unknown,none,medium,dark,mixed,jitter,medium,na,multi_categorical,white_or_open,bracket+stars,stars,LB,none,in_caption,yes,small,medium,nuclear acetyl-CoA across soft modest and stiff gels; asterisks rather than numeric p values unlike most panels in this paper,PRIVATE_REFERENCE_ONLY/corpus/PMC13564810/figures/Fig5.webp,gc_science
Science Advances,PMC13564810,2026,10.1126/sciadv.aef1694,5,O,bar+points,3x2,6 per cell,yes,mean,inferred,unknown,none,medium,dark,mixed,jitter,medium,na,multi_categorical,white_or_open,bracket+stars,stars,LB,outside,in_caption,yes,small,medium,acetyl-CoA in Acly fl/fl vs Acly dko T cells across three gel stiffnesses; asterisk annotation; legend below the axis,PRIVATE_REFERENCE_ONLY/corpus/PMC13564810/figures/Fig5.webp,gc_science
Science Advances,PMC13564810,2026,10.1126/sciadv.aef1694,6,C,bar+points,3,6/6/6,yes,mean,inferred,unknown,none,medium,dark,mixed,jitter,medium,na,multi_categorical,white_or_open,bracket+p_value,exact,LB,none,in_caption,yes,small,medium,tumor mass bar sub-plot to the right of the tumor photographs; WT vs ACLYdko vs KAT2Adko,PRIVATE_REFERENCE_ONLY/corpus/PMC13564810/figures/Fig6.webp,gc_science
Science Advances,PMC13564810,2026,10.1126/sciadv.aef1694,6,D,bar+points,3,6/6/6,yes,mean,inferred,unknown,none,medium,dark,mixed,jitter,medium,na,multi_categorical,white_or_open,bracket+p_value,exact,LB,none,in_caption,yes,small,medium,IFN-g+TNFa+ bar sub-plot at the right of D; flow contour plots skipped,PRIVATE_REFERENCE_ONLY/corpus/PMC13564810/figures/Fig6.webp,gc_science
Science Advances,PMC13564810,2026,10.1126/sciadv.aef1694,6,E,bar+points,3,6/6/6,yes,mean,inferred,unknown,none,medium,dark,mixed,jitter,medium,na,multi_categorical,white_or_open,bracket+p_value,exact,LB,none,in_caption,yes,small,medium,PD1+TIM3+ bar sub-plot at the right of E; flow contour plots skipped,PRIVATE_REFERENCE_ONLY/corpus/PMC13564810/figures/Fig6.webp,gc_science
Science Advances,PMC13564810,2026,10.1126/sciadv.aef1694,6,G,bar+points,3x3,6 per cell,yes,mean,inferred,unknown,none,medium,dark,mixed,jitter,medium,na,multi_categorical,white_or_open,bracket+p_value,exact,LB,outside,in_caption,yes,small,medium,Ca2+ transient amplitude for WT ACLYdko and KAT2Adko across three gel stiffnesses; all comparisons non-significant yet exact p values printed; legend below axis,PRIVATE_REFERENCE_ONLY/corpus/PMC13564810/figures/Fig6.webp,gc_science
Science Advances,PMC13564810,2026,10.1126/sciadv.aef1694,6,H,bar+points,3x3,6 per cell,yes,mean,inferred,unknown,none,medium,dark,mixed,jitter,medium,na,multi_categorical,white_or_open,bracket+p_value,exact,LB,outside,in_caption,yes,small,medium,IFN-g+TNFa+ across genotype x gel stiffness; nine bars with stacked brackets,PRIVATE_REFERENCE_ONLY/corpus/PMC13564810/figures/Fig6.webp,gc_science
Science Advances,PMC13564810,2026,10.1126/sciadv.aef1694,6,I,bar+points,3x3,6 per cell,yes,mean,inferred,unknown,none,medium,dark,mixed,jitter,medium,na,multi_categorical,white_or_open,bracket+p_value,exact,LB,outside,in_caption,yes,small,medium,PD1+TIM3+ across genotype x gel stiffness,PRIVATE_REFERENCE_ONLY/corpus/PMC13564810/figures/Fig6.webp,gc_science
Science Advances,PMC13564810,2026,10.1126/sciadv.aef1694,6,L,bar+points,3,6/6/6,yes,mean,inferred,unknown,none,medium,dark,mixed,jitter,medium,na,multi_categorical,white_or_open,bracket+p_value,exact,LB,none,in_caption,yes,small,medium,IFN-g+TNFa+ bar sub-plot at the right of L (dmso vs bempedoic acid vs AUTX70); flow contour plots skipped,PRIVATE_REFERENCE_ONLY/corpus/PMC13564810/figures/Fig6.webp,gc_science
Science Advances,PMC13564810,2026,10.1126/sciadv.aef1694,6,M,bar+points,3,6/6/6,yes,mean,inferred,unknown,none,medium,dark,mixed,jitter,medium,na,multi_categorical,white_or_open,bracket+p_value,exact,LB,none,in_caption,yes,small,medium,PD1+TIM3+ bar sub-plot at the right of M; flow contour plots skipped,PRIVATE_REFERENCE_ONLY/corpus/PMC13564810/figures/Fig6.webp,gc_science
Science Advances,PMC13564810,2026,10.1126/sciadv.aef1694,7,C,bar+points,3,6/6/6,yes,mean,inferred,unknown,none,medium,dark,mixed,jitter,medium,na,multi_categorical,white_or_open,bracket+p_value,exact,LB,none,in_caption,yes,small,medium,tumor mass bar sub-plot to the right of the tumor photographs; acetyldigitoxin dose groups 0 2.5 and 10 mg/kg on the axis,PRIVATE_REFERENCE_ONLY/corpus/PMC13564810/figures/Fig7.webp,gc_science
Science Advances,PMC13564810,2026,10.1126/sciadv.aef1694,7,D,bar+points,3,6/6/6,yes,mean,inferred,unknown,none,medium,dark,mixed,jitter,medium,na,multi_categorical,white_or_open,bracket+p_value,exact,LB,none,in_caption,yes,small,medium,tumor tissue stiffness (elastic modulus) across acetyldigitoxin doses,PRIVATE_REFERENCE_ONLY/corpus/PMC13564810/figures/Fig7.webp,gc_science
Science Advances,PMC13564810,2026,10.1126/sciadv.aef1694,7,E,bar+points,3,6/6/6,yes,mean,inferred,unknown,none,medium,dark,mixed,jitter,medium,na,multi_categorical,white_or_open,bracket+p_value,exact,LB,none,in_caption,yes,small,medium,IFN-g+TNFa+ bar sub-plot at the right of E; flow contour plots skipped,PRIVATE_REFERENCE_ONLY/corpus/PMC13564810/figures/Fig7.webp,gc_science
Science Advances,PMC13564810,2026,10.1126/sciadv.aef1694,7,F,bar+points,3,6/6/6,yes,mean,inferred,unknown,none,medium,dark,mixed,jitter,medium,na,multi_categorical,white_or_open,bracket+p_value,exact,LB,none,in_caption,yes,small,medium,PD1+TIM3+ bar sub-plot at the right of F; flow contour plots skipped,PRIVATE_REFERENCE_ONLY/corpus/PMC13564810/figures/Fig7.webp,gc_science
Science Advances,PMC13564810,2026,10.1126/sciadv.aef1694,7,H,bar+points,3,6/6/6,yes,mean,inferred,unknown,none,medium,dark,mixed,jitter,medium,na,multi_categorical,white_or_open,bracket+p_value,exact,LB,none,in_caption,yes,small,medium,lung tumor burden per mouse bar sub-plot beside gross lung images,PRIVATE_REFERENCE_ONLY/corpus/PMC13564810/figures/Fig7.webp,gc_science
Science Advances,PMC13564810,2026,10.1126/sciadv.aef1694,7,I,bar+points,3,6/6/6,yes,mean,inferred,unknown,none,medium,dark,mixed,jitter,medium,na,multi_categorical,white_or_open,bracket+p_value,exact,LB,none,in_caption,yes,small,medium,mean tumor diameter in the Kras primary lung model,PRIVATE_REFERENCE_ONLY/corpus/PMC13564810/figures/Fig7.webp,gc_science
Science Advances,PMC13564810,2026,10.1126/sciadv.aef1694,7,J,bar+points,3,6/6/6,yes,mean,inferred,unknown,none,medium,dark,mixed,jitter,medium,na,multi_categorical,white_or_open,bracket+p_value,exact,LB,none,in_caption,yes,small,medium,IFN-g+TNFa+ bar sub-plot at the right of J; flow contour plots skipped,PRIVATE_REFERENCE_ONLY/corpus/PMC13564810/figures/Fig7.webp,gc_science
Science Advances,PMC13564810,2026,10.1126/sciadv.aef1694,7,K,bar+points,3,6/6/6,yes,mean,inferred,unknown,none,medium,dark,mixed,jitter,medium,na,multi_categorical,white_or_open,bracket+p_value,exact,LB,none,in_caption,yes,small,medium,PD1+TIM3+ bar sub-plot at the right of K; flow contour plots skipped,PRIVATE_REFERENCE_ONLY/corpus/PMC13564810/figures/Fig7.webp,gc_science
Science Advances,PMC13564810,2026,10.1126/sciadv.aef1694,7,M,bar+points,4,6/6/6/6,yes,mean,inferred,unknown,none,medium,dark,mixed,jitter,medium,na,multi_categorical,white_or_open,bracket+p_value,exact,LB,none,in_caption,yes,small,medium,metastatic nodule burden for vehicle PD-1 mAb acetyldigitoxin and combination; bar sub-plot beside gross lung images,PRIVATE_REFERENCE_ONLY/corpus/PMC13564810/figures/Fig7.webp,gc_science
Science Advances,PMC13564810,2026,10.1126/sciadv.aef1694,7,N,bar+points,4,6/6/6/6,yes,mean,inferred,unknown,none,medium,dark,mixed,jitter,medium,na,multi_categorical,white_or_open,bracket+p_value,exact,LB,none,in_caption,yes,small,medium,mean tumor diameter of metastatic nodules across the same four treatment groups,PRIVATE_REFERENCE_ONLY/corpus/PMC13564810/figures/Fig7.webp,gc_science
Science Advances,PMC13564813,2026,10.1126/sciadv.aed9568,2,B,dot_strip+summary,5,3/3/3/3/3,yes,mean,inferred,unknown,none,medium,dark,open,centered,na,na,monochrome_black,white_or_open,bracket+stars,stars,LB,none,none,no,small,medium,error bars undefined in caption; y axis starts at 20 not 0,PRIVATE_REFERENCE_ONLY/corpus/PMC13564813/figures/Fig2.webp,gc_science
Science Advances,PMC13564813,2026,10.1126/sciadv.aed9568,2,C1,bar+points,7,3/3/3/3/3/3/3,yes,mean,inferred,unknown,none,medium,dark,open,centered,medium,na,outline_only,white_or_open,bracket+stars,stars,LB,none,none,yes,small,medium,Z-average size; white bars with black outline; grouped x-label bracket for T-RmRNA LNPs,PRIVATE_REFERENCE_ONLY/corpus/PMC13564813/figures/Fig2.webp,gc_science
Science Advances,PMC13564813,2026,10.1126/sciadv.aed9568,2,C2,bar+points,7,3/3/3/3/3/3/3,yes,mean,inferred,unknown,none,medium,dark,open,centered,medium,na,outline_only,white_or_open,bracket+stars,stars,LB,none,none,yes,small,medium,polydispersity index; open bars,PRIVATE_REFERENCE_ONLY/corpus/PMC13564813/figures/Fig2.webp,gc_science
Science Advances,PMC13564813,2026,10.1126/sciadv.aed9568,2,D,bar+points,7,3/3/3/3/3/3/3,yes,mean,inferred,unknown,none,medium,dark,open,centered,medium,na,outline_only,white_or_open,bracket+stars,stars,LB,none,none,yes,small,medium,zeta potential; bars hang downward from zero baseline at top,PRIVATE_REFERENCE_ONLY/corpus/PMC13564813/figures/Fig2.webp,gc_science
Science Advances,PMC13564813,2026,10.1126/sciadv.aed9568,2,F1,bar,3,unknown,no,mean,inferred,unknown,none,na,na,na,none,medium,na,outline_only,white_or_open,none,none,LB,none,none,yes,small,medium,relative TREM2 expression; numeric values printed above bars; group bracket labels BMDMs/Tumour,PRIVATE_REFERENCE_ONLY/corpus/PMC13564813/figures/Fig2.webp,gc_science
Science Advances,PMC13564813,2026,10.1126/sciadv.aed9568,2,F2,bar,3,unknown,no,mean,inferred,unknown,none,na,na,na,none,medium,na,outline_only,white_or_open,none,none,LB,none,none,yes,small,medium,relative MRC1 expression; broken y axis; numeric values printed above bars,PRIVATE_REFERENCE_ONLY/corpus/PMC13564813/figures/Fig2.webp,gc_science
Science Advances,PMC13564813,2026,10.1126/sciadv.aed9568,2,G,bar,3x3,caption:3,no,mean,inferred,unknown,none,na,na,na,none,narrow,na,multi_categorical,coloured,bracket+stars,stars,LB,inside,in_caption,yes,small,medium,grouped bars: 3 timepoints x 3 LNP types; x axis is time in hours but categorical grouping,PRIVATE_REFERENCE_ONLY/corpus/PMC13564813/figures/Fig2.webp,gc_science
Science Advances,PMC13564813,2026,10.1126/sciadv.aed9568,2,H,bar+points,4,3/3/3/3,yes,mean,inferred,unknown,none,medium,dark,open,centered,medium,na,multi_categorical,coloured,bracket+stars,stars,LB,none,in_caption,yes,small,medium,GFP mean intensity in BMDMs; caption n=3 per group,PRIVATE_REFERENCE_ONLY/corpus/PMC13564813/figures/Fig2.webp,gc_science
Science Advances,PMC13564813,2026,10.1126/sciadv.aed9568,2,I,bar+points,4,3/3/3/3,yes,mean,inferred,unknown,none,medium,dark,open,centered,medium,na,multi_categorical,coloured,bracket+stars,stars,LB,none,in_caption,yes,small,medium,GFP mean intensity in 4T1 cells; caption n=3 per group,PRIVATE_REFERENCE_ONLY/corpus/PMC13564813/figures/Fig2.webp,gc_science
Science Advances,PMC13564813,2026,10.1126/sciadv.aed9568,3,B,bar,8x4,caption:3,no,mean,inferred,unknown,none,na,na,na,none,narrow,na,multi_categorical,grey,line+stars,stars,LB,above,in_caption,yes,medium,medium,grouped bars: 8 organs x 4 treatments; broken y axis with two segments,PRIVATE_REFERENCE_ONLY/corpus/PMC13564813/figures/Fig3.webp,gc_science
Science Advances,PMC13564813,2026,10.1126/sciadv.aed9568,3,D,bar,8x4,caption:3,no,mean,inferred,unknown,none,na,na,na,none,narrow,na,multi_categorical,grey,line+stars,stars,LB,above,in_caption,yes,medium,medium,grouped bars: 8 organs x 4 treatments; DiD fluorescence,PRIVATE_REFERENCE_ONLY/corpus/PMC13564813/figures/Fig3.webp,gc_science
Science Advances,PMC13564813,2026,10.1126/sciadv.aed9568,3,E,bar+points,4,3/3/3/3,yes,mean,inferred,unknown,none,medium,dark,open,centered,medium,na,multi_categorical,grey,line+stars,stars,LB,none,in_caption,yes,small,medium,DiD mean intensity of macrophages,PRIVATE_REFERENCE_ONLY/corpus/PMC13564813/figures/Fig3.webp,gc_science
Science Advances,PMC13564813,2026,10.1126/sciadv.aed9568,3,F,bar+points,4,3/3/3/3,yes,mean,inferred,unknown,none,medium,dark,open,centered,medium,na,multi_categorical,grey,line+stars,stars,LB,none,in_caption,yes,small,medium,DiD mean intensity of 4T1 tumour cells,PRIVATE_REFERENCE_ONLY/corpus/PMC13564813/figures/Fig3.webp,gc_science
Science Advances,PMC13564813,2026,10.1126/sciadv.aed9568,3,G,bar+points,3,3/3/3,yes,mean,inferred,unknown,none,medium,dark,open,centered,medium,na,multi_categorical,coloured,line+stars,stars,LB,none,in_caption,yes,small,medium,DiD MFI ratio; PBS group omitted,PRIVATE_REFERENCE_ONLY/corpus/PMC13564813/figures/Fig3.webp,gc_science
Science Advances,PMC13564813,2026,10.1126/sciadv.aed9568,3,H,bar+points,4,3/3/3/3,yes,mean,inferred,unknown,none,medium,dark,open,centered,medium,na,multi_categorical,grey,line+p_value,exact,LB,none,in_caption,yes,small,medium,IF colocalization area; broken y axis; p=0.1596 and p=0.1666 shown,PRIVATE_REFERENCE_ONLY/corpus/PMC13564813/figures/Fig3.webp,gc_science
Science Advances,PMC13564813,2026,10.1126/sciadv.aed9568,4,Ca,bar+points,3,~10/~10/~10,yes,mean,inferred,unknown,none,medium,dark,open,jitter,medium,na,multi_categorical,coloured,none,none,LB,none,none,yes,small,medium,colocalization area 4 hrs; third bar uses diagonal hatch fill,PRIVATE_REFERENCE_ONLY/corpus/PMC13564813/figures/Fig4.webp,gc_science
Science Advances,PMC13564813,2026,10.1126/sciadv.aed9568,4,Cb,bar+points,3,~10/~10/~11,yes,mean,inferred,unknown,none,medium,dark,open,jitter,medium,na,multi_categorical,coloured,line+stars,stars,LB,none,none,yes,small,medium,DiD mean intensity 4 hrs; hatched third bar,PRIVATE_REFERENCE_ONLY/corpus/PMC13564813/figures/Fig4.webp,gc_science
Science Advances,PMC13564813,2026,10.1126/sciadv.aed9568,4,Cc,bar+points,3,~10/~10/~11,yes,mean,inferred,unknown,none,medium,dark,open,jitter,medium,na,multi_categorical,coloured,line+stars,stars,LB,none,none,yes,small,medium,GFP mean intensity 4 hrs; hatched third bar,PRIVATE_REFERENCE_ONLY/corpus/PMC13564813/figures/Fig4.webp,gc_science
Science Advances,PMC13564813,2026,10.1126/sciadv.aed9568,4,Da,bar+points,3,~10/~10/~11,yes,mean,inferred,unknown,none,medium,dark,open,jitter,medium,na,multi_categorical,coloured,line+stars,stars,LB,none,none,yes,small,medium,colocalization area 24 hrs,PRIVATE_REFERENCE_ONLY/corpus/PMC13564813/figures/Fig4.webp,gc_science
Science Advances,PMC13564813,2026,10.1126/sciadv.aed9568,4,Db,bar+points,3,~11/~10/~12,yes,mean,inferred,unknown,none,medium,dark,open,jitter,medium,na,multi_categorical,coloured,line+stars,stars,LB,none,none,yes,small,medium,DiD mean intensity 24 hrs,PRIVATE_REFERENCE_ONLY/corpus/PMC13564813/figures/Fig4.webp,gc_science
Science Advances,PMC13564813,2026,10.1126/sciadv.aed9568,4,Dc,bar+points,3,~11/~10/~11,yes,mean,inferred,unknown,none,medium,dark,open,jitter,medium,na,multi_categorical,coloured,line+stars,stars,LB,none,none,yes,small,medium,GFP mean intensity 24 hrs,PRIVATE_REFERENCE_ONLY/corpus/PMC13564813/figures/Fig4.webp,gc_science
Science Advances,PMC13564813,2026,10.1126/sciadv.aed9568,4,F,bar+points,4,3/3/3/3,yes,mean,inferred,unknown,none,medium,dark,open,centered,medium,na,multi_categorical,grey,line+stars,stars,LB,none,none,yes,small,medium,CXCL9 ELISA in cell medium,PRIVATE_REFERENCE_ONLY/corpus/PMC13564813/figures/Fig4.webp,gc_science
Science Advances,PMC13564813,2026,10.1126/sciadv.aed9568,4,G1,bar,4,unknown,no,mean,inferred,unknown,none,na,na,na,none,medium,na,multi_categorical,grey,line+stars,stars,LB,none,none,yes,small,medium,relative ARG1 expression; no individual points,PRIVATE_REFERENCE_ONLY/corpus/PMC13564813/figures/Fig4.webp,gc_science
Science Advances,PMC13564813,2026,10.1126/sciadv.aed9568,4,G2,bar,4,unknown,no,mean,inferred,unknown,none,na,na,na,none,medium,na,multi_categorical,grey,line+stars,stars,LB,none,none,yes,small,medium,relative NOS2 expression; no individual points,PRIVATE_REFERENCE_ONLY/corpus/PMC13564813/figures/Fig4.webp,gc_science
Science Advances,PMC13564813,2026,10.1126/sciadv.aed9568,5,C,bar+points,4,5/5/5/5,yes,mean,inferred,unknown,none,medium,dark,open,centered,medium,na,multi_categorical,grey,line+stars,stars,LB,none,in_caption,yes,small,high,tumour weight at endpoint,PRIVATE_REFERENCE_ONLY/corpus/PMC13564813/figures/Fig5.webp,gc_science
Science Advances,PMC13564813,2026,10.1126/sciadv.aed9568,5,D,bar+points,4,5/5/5/5,yes,mean,inferred,unknown,none,medium,dark,open,centered,medium,na,multi_categorical,grey,line+stars,stars,LB,none,in_caption,yes,small,high,CXCL9 in tumour,PRIVATE_REFERENCE_ONLY/corpus/PMC13564813/figures/Fig5.webp,gc_science
Science Advances,PMC13564813,2026,10.1126/sciadv.aed9568,5,E1,bar+points,4,5/5/5/5,yes,mean,inferred,unknown,none,medium,dark,open,centered,medium,na,multi_categorical,grey,line+stars,stars,LB,none,in_caption,yes,small,high,relative ARG1 expression in tumour,PRIVATE_REFERENCE_ONLY/corpus/PMC13564813/figures/Fig5.webp,gc_science
Science Advances,PMC13564813,2026,10.1126/sciadv.aed9568,5,E2,bar+points,4,5/5/5/5,yes,mean,inferred,unknown,none,medium,dark,open,centered,medium,na,multi_categorical,grey,line+stars,stars,LB,none,in_caption,yes,small,high,relative NOS2 expression in tumour,PRIVATE_REFERENCE_ONLY/corpus/PMC13564813/figures/Fig5.webp,gc_science
Science Advances,PMC13564813,2026,10.1126/sciadv.aed9568,5,F,bar+points,2x4,5/5/5/5,yes,mean,inferred,unknown,none,medium,dark,open,centered,narrow,na,multi_categorical,grey,line+stars,stars,LB,none,in_caption,yes,small,medium,grouped bars: 2 TAM phenotypes x 4 treatments,PRIVATE_REFERENCE_ONLY/corpus/PMC13564813/figures/Fig5.webp,gc_science
Science Advances,PMC13564813,2026,10.1126/sciadv.aed9568,5,H,bar+points,4,5/5/5/5,yes,mean,inferred,unknown,none,medium,dark,open,centered,medium,na,multi_categorical,grey,line+stars,stars,LB,none,in_caption,yes,small,high,number of CD8+ T cells per g tumour,PRIVATE_REFERENCE_ONLY/corpus/PMC13564813/figures/Fig5.webp,gc_science
Science Advances,PMC13564813,2026,10.1126/sciadv.aed9568,5,I1,bar+points,4,5/5/5/5,yes,mean,inferred,unknown,none,medium,dark,open,centered,medium,na,multi_categorical,grey,line+stars,stars,LB,none,in_caption,yes,small,high,mean CD44 intensity on CD8+ T cells,PRIVATE_REFERENCE_ONLY/corpus/PMC13564813/figures/Fig5.webp,gc_science
Science Advances,PMC13564813,2026,10.1126/sciadv.aed9568,5,I2,bar+points,4,5/5/5/5,yes,mean,inferred,unknown,none,medium,dark,open,centered,medium,na,multi_categorical,grey,none,none,LB,none,in_caption,yes,small,high,mean CD44 intensity on CD4+ T cells,PRIVATE_REFERENCE_ONLY/corpus/PMC13564813/figures/Fig5.webp,gc_science
Science Advances,PMC13564813,2026,10.1126/sciadv.aed9568,5,J,bar+points,4,5/5/5/5,yes,mean,inferred,unknown,none,medium,dark,open,centered,medium,na,multi_categorical,grey,line+stars,stars,LB,none,in_caption,yes,small,high,IFN-gamma ELISpot counts; representative wells shown at right,PRIVATE_REFERENCE_ONLY/corpus/PMC13564813/figures/Fig5.webp,gc_science
Science Advances,PMC13564813,2026,10.1126/sciadv.aed9568,6,C,bar+points,5,5/5/5/5/5,yes,mean,inferred,unknown,none,medium,dark,open,centered,medium,na,multi_categorical,grey,line+stars,stars,LB,none,in_caption,yes,medium,high,tumour weight at endpoint; 5 treatment arms,PRIVATE_REFERENCE_ONLY/corpus/PMC13564813/figures/Fig6.webp,gc_science
Science Advances,PMC13564813,2026,10.1126/sciadv.aed9568,6,E1,bar+points,5,5/5/5/5/5,yes,mean,inferred,unknown,none,medium,dark,open,centered,medium,na,multi_categorical,grey,line+stars,stars,LB,none,in_caption,yes,medium,high,number of CD4+FoxP3- helper T cells per g tumour,PRIVATE_REFERENCE_ONLY/corpus/PMC13564813/figures/Fig6.webp,gc_science
Science Advances,PMC13564813,2026,10.1126/sciadv.aed9568,6,E2,bar+points,5,5/5/5/5/5,yes,mean,inferred,unknown,none,medium,dark,open,centered,medium,na,multi_categorical,grey,line+stars,stars,LB,none,in_caption,yes,medium,high,number of CD8+ T cells per g tumour,PRIVATE_REFERENCE_ONLY/corpus/PMC13564813/figures/Fig6.webp,gc_science
Science Advances,PMC13564813,2026,10.1126/sciadv.aed9568,6,F,bar+points,5,5/5/5/5/5,yes,mean,inferred,unknown,none,medium,dark,open,centered,medium,na,multi_categorical,grey,line+stars,stars,LB,none,in_caption,yes,small,high,CD8/Treg ratio,PRIVATE_REFERENCE_ONLY/corpus/PMC13564813/figures/Fig6.webp,gc_science
Science Advances,PMC13564813,2026,10.1126/sciadv.aed9568,6,G,bar+points,3,5/5/5,yes,mean,inferred,unknown,none,medium,dark,open,centered,medium,na,multi_categorical,grey,line+stars,stars,LB,none,in_caption,yes,medium,high,IHC CD8+ T cell counts per mm2; only 3 of the 5 arms shown,PRIVATE_REFERENCE_ONLY/corpus/PMC13564813/figures/Fig6.webp,gc_science
Science Advances,PMC13564813,2026,10.1126/sciadv.aed9568,7,B,bar+points,3x5,5/5/5/5/5,yes,mean,inferred,unknown,none,medium,dark,open,centered,narrow,na,multi_categorical,grey,line+stars,stars,LB,outside,in_caption,yes,medium,medium,grouped bars: 3 CD8 memory subsets x 5 treatment arms; legend below plot,PRIVATE_REFERENCE_ONLY/corpus/PMC13564813/figures/Fig7.webp,gc_science
Science Advances,PMC13564824,2026,10.1126/sciadv.aef3957,1,C,violin,4,caption:166,no,median,inferred,IQR_whiskers,inferred,na,na,na,none,na,na,multi_categorical,black,line+stars,mixed,LB,none,in_caption,yes,small,medium,unfilled violins with coloured outlines; solid median and dotted quartile lines; ns labels present; n=166 cells pooled,PRIVATE_REFERENCE_ONLY/corpus/PMC13564824/figures/Fig1.webp,gc_science
Science Advances,PMC13564824,2026,10.1126/sciadv.aef3957,1,D,bar,8,caption:30/42/40/35/54/47/55/16,no,mean,caption,SEM,caption,na,na,na,none,medium,na,single_accent,grey,stars_only,mixed,LB,none,in_caption,yes,medium,medium,baseline bar grey and all SD/RS bars blue; stars or ns printed above each bar versus baseline,PRIVATE_REFERENCE_ONLY/corpus/PMC13564824/figures/Fig1.webp,gc_science
Science Advances,PMC13564824,2026,10.1126/sciadv.aef3957,1,F,other,3,caption:220,no,mean,caption,SEM,caption,na,na,na,none,na,na,multi_categorical,black,line+stars,stars,LB,none,in_caption,yes,small,low,paired spaghetti plot: grey line per cell across wake/NREM/REM with coloured group mean+-SEM markers; no individual dots drawn,PRIVATE_REFERENCE_ONLY/corpus/PMC13564824/figures/Fig1.webp,gc_science
Science Advances,PMC13564824,2026,10.1126/sciadv.aef3957,2,D,dot_strip,3,caption:18,yes,none,none,none,none,medium,same_colour,open,centered,na,na,multi_categorical,black,line+stars,stars,LB,none,in_caption,yes,small,medium,paired design: grey lines connect the same recording across the three brain states; open circles coloured by state,PRIVATE_REFERENCE_ONLY/corpus/PMC13564824/figures/Fig2.webp,gc_science
Science Advances,PMC13564824,2026,10.1126/sciadv.aef3957,3,B,dot_strip,2,9/9,yes,none,none,none,none,medium,same_colour,open,centered,na,na,multi_categorical,black,line+stars,ns_text,LB,none,in_caption,yes,small,high,paired before/after design; grey lines connect the same FOV; baseline black and ACSF red open circles,PRIVATE_REFERENCE_ONLY/corpus/PMC13564824/figures/Fig3.webp,gc_science
Science Advances,PMC13564824,2026,10.1126/sciadv.aef3957,3,C,dot_strip,2,16/16,yes,none,none,none,none,medium,same_colour,open,centered,na,na,multi_categorical,black,line+stars,stars,LB,none,in_caption,yes,small,high,paired FOV lines; ADO group in red,PRIVATE_REFERENCE_ONLY/corpus/PMC13564824/figures/Fig3.webp,gc_science
Science Advances,PMC13564824,2026,10.1126/sciadv.aef3957,3,E1,dot_strip,2,12/12,yes,none,none,none,none,medium,same_colour,open,centered,na,na,multi_categorical,black,line+stars,stars,LB,none,in_caption,yes,small,high,event number after Cl-IB-MECA; paired connecting lines,PRIVATE_REFERENCE_ONLY/corpus/PMC13564824/figures/Fig3.webp,gc_science
Science Advances,PMC13564824,2026,10.1126/sciadv.aef3957,3,E2,dot_strip,2,6/6,yes,none,none,none,none,medium,same_colour,open,centered,na,na,multi_categorical,black,line+stars,ns_text,LB,none,in_caption,no,small,high,amplitude after Cl-IB-MECA; y axis starts at 0.4; paired lines,PRIVATE_REFERENCE_ONLY/corpus/PMC13564824/figures/Fig3.webp,gc_science
Science Advances,PMC13564824,2026,10.1126/sciadv.aef3957,3,G1,dot_strip,2,17/17,yes,none,none,none,none,medium,same_colour,open,centered,na,na,multi_categorical,black,line+stars,stars,LB,none,in_caption,yes,small,high,event number after MRS1523; paired lines,PRIVATE_REFERENCE_ONLY/corpus/PMC13564824/figures/Fig3.webp,gc_science
Science Advances,PMC13564824,2026,10.1126/sciadv.aef3957,3,G2,dot_strip,2,14/14,yes,none,none,none,none,medium,same_colour,open,centered,na,na,multi_categorical,black,line+stars,ns_text,LB,none,in_caption,yes,small,high,amplitude after MRS1523; paired lines,PRIVATE_REFERENCE_ONLY/corpus/PMC13564824/figures/Fig3.webp,gc_science
Science Advances,PMC13564824,2026,10.1126/sciadv.aef3957,4,B,other,4,caption:5,no,mean,caption,SEM,caption,na,na,na,none,medium,na,multi_categorical,coloured,line+stars,ns_text,LB,inside,in_caption,yes,small,medium,stacked composition bars of wake/NREM/REM time across control vs cKO in dark and light phases,PRIVATE_REFERENCE_ONLY/corpus/PMC13564824/figures/Fig4.webp,gc_science
Science Advances,PMC13564824,2026,10.1126/sciadv.aef3957,4,C,bar,2x2,caption:5,no,mean,caption,SEM,caption,na,na,na,none,medium,na,single_accent,grey,line+stars,stars,LB,inside,in_caption,yes,small,high,grouped bars: light and dark phase x control (grey) vs A3R cKO (blue),PRIVATE_REFERENCE_ONLY/corpus/PMC13564824/figures/Fig4.webp,gc_science
Science Advances,PMC13564824,2026,10.1126/sciadv.aef3957,4,D1,bar,4x2,caption:5,no,mean,caption,SEM,caption,na,na,na,none,medium,na,single_accent,grey,stars_only,mixed,LB,inside,in_caption,yes,small,high,light phase; 4 transition types x genotype; ns printed for RW and NR,PRIVATE_REFERENCE_ONLY/corpus/PMC13564824/figures/Fig4.webp,gc_science
Science Advances,PMC13564824,2026,10.1126/sciadv.aef3957,4,D2,bar,4x2,caption:5,no,mean,caption,SEM,caption,na,na,na,none,medium,na,single_accent,grey,stars_only,mixed,LB,inside,in_caption,yes,small,high,dark phase; 4 transition types x genotype,PRIVATE_REFERENCE_ONLY/corpus/PMC13564824/figures/Fig4.webp,gc_science
Science Advances,PMC13564824,2026,10.1126/sciadv.aef3957,4,E1,bar,6x2,caption:5,no,mean,caption,SEM,caption,na,na,na,none,medium,na,single_accent,grey,stars_only,stars,LB,inside,in_caption,yes,small,high,wake episode duration bins (light phase) x genotype,PRIVATE_REFERENCE_ONLY/corpus/PMC13564824/figures/Fig4.webp,gc_science
Science Advances,PMC13564824,2026,10.1126/sciadv.aef3957,4,E2,bar,6x2,caption:5,no,mean,caption,SEM,caption,na,na,na,none,medium,na,single_accent,grey,stars_only,stars,LB,inside,in_caption,yes,small,high,NREM episode duration bins (light phase) x genotype,PRIVATE_REFERENCE_ONLY/corpus/PMC13564824/figures/Fig4.webp,gc_science
Science Advances,PMC13564824,2026,10.1126/sciadv.aef3957,4,E3,bar,2x2,caption:5,no,mean,caption,SEM,caption,na,na,na,none,medium,na,single_accent,grey,none,none,LB,inside,in_caption,yes,small,high,REM episode duration bins (light phase) x genotype; only two duration bins,PRIVATE_REFERENCE_ONLY/corpus/PMC13564824/figures/Fig4.webp,gc_science
Science Advances,PMC13564824,2026,10.1126/sciadv.aef3957,4,F1,bar,6x2,caption:5,no,mean,caption,SEM,caption,na,na,na,none,medium,na,single_accent,grey,stars_only,stars,LB,inside,in_caption,yes,small,high,wake episode duration bins (dark phase) x genotype,PRIVATE_REFERENCE_ONLY/corpus/PMC13564824/figures/Fig4.webp,gc_science
Science Advances,PMC13564824,2026,10.1126/sciadv.aef3957,4,F2,bar,6x2,caption:5,no,mean,caption,SEM,caption,na,na,na,none,medium,na,single_accent,grey,stars_only,stars,LB,inside,in_caption,yes,small,high,NREM episode duration bins (dark phase) x genotype,PRIVATE_REFERENCE_ONLY/corpus/PMC13564824/figures/Fig4.webp,gc_science
Science Advances,PMC13564824,2026,10.1126/sciadv.aef3957,4,F3,bar,3x2,caption:5,no,mean,caption,SEM,caption,na,na,na,none,medium,na,single_accent,grey,none,none,LB,inside,in_caption,yes,small,high,REM episode duration bins (dark phase) x genotype,PRIVATE_REFERENCE_ONLY/corpus/PMC13564824/figures/Fig4.webp,gc_science
Science Advances,PMC13564827,2026,10.1126/sciadv.aed4474,2,B,bar,6,unknown,no,mean,inferred,unknown,none,na,na,na,none,medium,na,single_accent,coloured,none,none,box,none,none,yes,medium,medium,LMP diameter vs tip-sonication time; bar chart sits below the SEM image row inside a boxed frame; first bar darker navy; error bars undefined,PRIVATE_REFERENCE_ONLY/corpus/PMC13564827/figures/Fig2.webp,gc_science
Science Advances,PMC13564827,2026,10.1126/sciadv.aed4474,5,Fb,bar,6,unknown,no,none,none,none,none,na,na,na,none,medium,na,multi_categorical,coloured,none,none,box,none,none,yes,small,medium,extracted modulus E of the reconfigurable substrate in six liquid/solid states; single value per category with no error bars; lower half of panel Fb (upper half is a stress-strain line plot),PRIVATE_REFERENCE_ONLY/corpus/PMC13564827/figures/Fig5.webp,gc_science
Science Advances,PMC13564832,2026,10.1126/sciadv.aec0989,3,B,dot_strip,5,~12/~18/~22/~28/~30,yes,none,none,none,none,medium,none,filled,centered,na,na,multi_categorical,coloured,none,none,box,inside,none,yes,medium,low,optimization loss values for the top-5 discovered equations; blue initial grey process red final points; heavy overlap so counts approximate,PRIVATE_REFERENCE_ONLY/corpus/PMC13564832/figures/Fig3.webp,gc_science
Science Advances,PMC13564832,2026,10.1126/sciadv.aec0989,3,C,bar,9,unknown,no,none,none,none,none,na,na,na,none,wide,na,multi_categorical,coloured,none,none,box,inside,none,yes,medium,high,RMSE on the test set for 9 models; bars coloured by number of free parameters; numeric value printed above each bar; dashed horizontal gridlines,PRIVATE_REFERENCE_ONLY/corpus/PMC13564832/figures/Fig3.webp,gc_science
Science Advances,PMC13564832,2026,10.1126/sciadv.aec0989,4,B,bar,5x3,unknown,no,none,none,none,none,na,na,na,none,narrow,na,multi_categorical,coloured,none,none,box,inside,none,yes,medium,high,grouped bars: 5 strain rates x 3 models (empirical / discovered / improved); no error bars; dashed gridlines,PRIVATE_REFERENCE_ONLY/corpus/PMC13564832/figures/Fig4.webp,gc_science
Science Advances,PMC13564832,2026,10.1126/sciadv.aec0989,6,B,dot_strip,5,~10/~14/~18/~26/~30,yes,none,none,none,none,medium,none,filled,centered,na,na,multi_categorical,coloured,none,none,box,inside,none,yes,medium,low,loss values over optimization for top-5 equations; blue initial grey process red final; points overlap heavily,PRIVATE_REFERENCE_ONLY/corpus/PMC13564832/figures/Fig6.webp,gc_science
Science Advances,PMC13564832,2026,10.1126/sciadv.aec0989,6,C,bar,6,unknown,no,none,none,none,none,na,na,na,none,wide,na,multi_categorical,coloured,none,none,box,none,none,yes,medium,high,MSE for 6 models; one bar colour per model; numeric value printed above each bar; dashed gridlines,PRIVATE_REFERENCE_ONLY/corpus/PMC13564832/figures/Fig6.webp,gc_science
Science Advances,PMC13564844,2026,10.1126/sciadv.aee0891,1,A,box+points,2x2,~10/~10/~11/~11,yes,median,inferred,IQR_whiskers,inferred,medium,dark,filled,jitter,na,narrow,multi_categorical,coloured,line+p_value,mixed,box,inside,none,no,medium,medium,two facets (hydrated blue circles / desiccated red squares) on a Generations x axis; boxes at midpoint and endpoint; grey lines connect the same lineage; green x marks the mean and blue line the median,PRIVATE_REFERENCE_ONLY/corpus/PMC13564844/figures/Fig1.webp,gc_science
Science Advances,PMC13564844,2026,10.1126/sciadv.aee0891,1,B,box+points,2x2,~10/~10/~11/~12,yes,median,inferred,IQR_whiskers,inferred,medium,dark,filled,jitter,na,narrow,multi_categorical,coloured,line+p_value,mixed,box,none,none,no,medium,medium,LOH rate; same two-facet layout as panel A; exact P values with ns or star prefix printed above plain horizontal comparison lines,PRIVATE_REFERENCE_ONLY/corpus/PMC13564844/figures/Fig1.webp,gc_science
Science Advances,PMC13564844,2026,10.1126/sciadv.aee0891,5,D1,dot_strip,3,~212/~212/~212,yes,none,none,none,none,medium,dark,filled,centered,na,na,multi_categorical,coloured,none,none,box,inside,none,yes,medium,low,normalized coverage at ancestor / t0 / t1; every deletion drawn as a point and connected by a line coloured blue (ancestral) or red (IR-induced); heavy overplotting,PRIVATE_REFERENCE_ONLY/corpus/PMC13564844/figures/Fig5.webp,gc_science
Science Advances,PMC13564844,2026,10.1126/sciadv.aee0891,5,D2,dot_strip,2x2,~200/~200/12/12,yes,none,none,none,none,medium,dark,filled,centered,na,na,multi_categorical,coloured,line+stars,mixed,box,none,above_category,no,medium,low,delta coverage t0 vs t1 split by ancestral (blue) and IR-induced (red) deletions; N printed next to the ns and *** annotations,PRIVATE_REFERENCE_ONLY/corpus/PMC13564844/figures/Fig5.webp,gc_science
Science Advances,PMC13564844,2026,10.1126/sciadv.aee0891,6,B1,violin+points,7,~6/group,yes,median,inferred,none,none,small,dark,open,jitter,na,na,single_accent,coloured,none,none,LB,none,in_caption,yes,medium,medium,blinded human chromosome counts per control image; blue filled violins with red median bar; roughly 4 to 8 open points per image,PRIVATE_REFERENCE_ONLY/corpus/PMC13564844/figures/Fig6.webp,gc_science
Science Advances,PMC13564844,2026,10.1126/sciadv.aee0891,6,B2,violin+points,13,~6/group,yes,median,inferred,none,none,small,dark,open,jitter,na,na,single_accent,coloured,none,none,LB,none,in_caption,yes,medium,medium,same as B1 for the 13 irradiated P500 C18 E3 images; green filled violins,PRIVATE_REFERENCE_ONLY/corpus/PMC13564844/figures/Fig6.webp,gc_science
Science Advances,PMC13564844,2026,10.1126/sciadv.aee0891,6,C,violin+points,2x2,11/15/11/15,yes,median,inferred,IQR_whiskers,inferred,small,dark,filled,jitter,na,narrow,multi_categorical,coloured,line+p_value,mixed,box,inside,in_caption,yes,medium,medium,automated DAPI body counts before (raw) and after filtering; grey inner box shows quartiles and median as stated in the inset legend; exact P values plus stars,PRIVATE_REFERENCE_ONLY/corpus/PMC13564844/figures/Fig6.webp,gc_science
Science Advances,PMC13564881,2026,10.1126/sciadv.aef1504,2,A,bar,6x3,unknown,no,mean,inferred,unknown,none,na,na,na,na,medium,na,multi_categorical,coloured,none,none,LB,outside,none,no,small,medium,grouped bars by concentration; y axis starts at 25 not zero; error bars shown but undefined,PRIVATE_REFERENCE_ONLY/corpus/PMC13564881/figures/Fig2.webp,gc_science
Science Advances,PMC13564881,2026,10.1126/sciadv.aef1504,2,B,bar,5x3,unknown,no,mean,inferred,unknown,none,na,na,na,na,medium,na,multi_categorical,coloured,none,none,LB,outside,none,yes,small,medium,grouped bars by concentration under OGD/R; error bars undefined,PRIVATE_REFERENCE_ONLY/corpus/PMC13564881/figures/Fig2.webp,gc_science
Science Advances,PMC13564881,2026,10.1126/sciadv.aef1504,2,E,bar+points,4,3/3/3/3,yes,mean,inferred,unknown,none,medium,dark,open,jitter,medium,na,multi_categorical,coloured,bracket+p_value,mixed,LB,outside,none,yes,small,medium,exact P plus ns; control PBS purple,PRIVATE_REFERENCE_ONLY/corpus/PMC13564881/figures/Fig2.webp,gc_science
Science Advances,PMC13564881,2026,10.1126/sciadv.aef1504,2,G1,bar+points,5,3/3/3/3/3,yes,mean,inferred,unknown,none,medium,dark,open,jitter,medium,na,multi_categorical,grey,bracket+p_value,mixed,LB,outside,none,yes,small,medium,Peak amplitude; shared legend at right; exact P plus ns,PRIVATE_REFERENCE_ONLY/corpus/PMC13564881/figures/Fig2.webp,gc_science
Science Advances,PMC13564881,2026,10.1126/sciadv.aef1504,2,G2,bar+points,5,3/3/3/3/3,yes,mean,inferred,unknown,none,medium,dark,open,jitter,medium,na,multi_categorical,grey,bracket+p_value,mixed,LB,outside,none,yes,small,medium,Contraction amplitude; shared legend at right; exact P plus ns,PRIVATE_REFERENCE_ONLY/corpus/PMC13564881/figures/Fig2.webp,gc_science
Science Advances,PMC13564881,2026,10.1126/sciadv.aef1504,2,G3,bar+points,5,3/3/3/3/3,yes,mean,inferred,unknown,none,medium,dark,open,jitter,medium,na,multi_categorical,grey,bracket+p_value,mixed,LB,outside,none,yes,small,medium,Peak to peak time; shared legend at right; exact P plus ns,PRIVATE_REFERENCE_ONLY/corpus/PMC13564881/figures/Fig2.webp,gc_science
Science Advances,PMC13564881,2026,10.1126/sciadv.aef1504,2,G4,bar+points,5,3/3/3/3/3,yes,mean,inferred,unknown,none,medium,dark,open,jitter,medium,na,multi_categorical,grey,bracket+p_value,mixed,LB,outside,none,yes,small,medium,Time to peak; shared legend at right; exact P plus ns,PRIVATE_REFERENCE_ONLY/corpus/PMC13564881/figures/Fig2.webp,gc_science
Science Advances,PMC13564881,2026,10.1126/sciadv.aef1504,3,H1,bar+points,3,3/3/3,yes,mean,inferred,unknown,none,medium,dark,open,jitter,medium,na,multi_categorical,grey,bracket+p_value,mixed,LB,outside,in_caption,yes,small,medium,IBZ photoacoustic parameter; caption n=3; first P label printed as P = 0038 typo; exact P plus ns,PRIVATE_REFERENCE_ONLY/corpus/PMC13564881/figures/Fig3.webp,gc_science
Science Advances,PMC13564881,2026,10.1126/sciadv.aef1504,3,H2,bar+points,3,3/3/3,yes,mean,inferred,unknown,none,medium,dark,open,jitter,medium,na,multi_categorical,grey,bracket+p_value,mixed,LB,outside,in_caption,yes,small,medium,DeOXY photoacoustic parameter; caption n=3; first P label printed as P = 0038 typo; exact P plus ns,PRIVATE_REFERENCE_ONLY/corpus/PMC13564881/figures/Fig3.webp,gc_science
Science Advances,PMC13564881,2026,10.1126/sciadv.aef1504,3,H3,bar+points,3,3/3/3,yes,mean,inferred,unknown,none,medium,dark,open,jitter,medium,na,multi_categorical,grey,bracket+p_value,mixed,LB,outside,in_caption,yes,small,medium,OXY photoacoustic parameter; caption n=3; first P label printed as P = 0038 typo; exact P plus ns,PRIVATE_REFERENCE_ONLY/corpus/PMC13564881/figures/Fig3.webp,gc_science
Science Advances,PMC13564881,2026,10.1126/sciadv.aef1504,4,E,bar+points,5,5/5/5/5/5,yes,mean,inferred,unknown,none,medium,dark,open,jitter,medium,na,multi_categorical,grey,bracket+p_value,mixed,LB,none,in_caption,yes,small,medium,LVEF%; caption n=5; Sham control grey; exact P plus ns; rotated x labels,PRIVATE_REFERENCE_ONLY/corpus/PMC13564881/figures/Fig4.webp,gc_science
Science Advances,PMC13564881,2026,10.1126/sciadv.aef1504,4,F,bar+points,5,5/5/5/5/5,yes,mean,inferred,unknown,none,medium,dark,open,jitter,medium,na,multi_categorical,grey,bracket+p_value,mixed,LB,none,in_caption,yes,small,medium,LVFS%; caption n=5; Sham control grey; exact P plus ns; rotated x labels,PRIVATE_REFERENCE_ONLY/corpus/PMC13564881/figures/Fig4.webp,gc_science
Science Advances,PMC13564881,2026,10.1126/sciadv.aef1504,4,G,bar+points,5,5/5/5/5/5,yes,mean,inferred,unknown,none,medium,dark,open,jitter,medium,na,multi_categorical,grey,bracket+p_value,mixed,LB,none,in_caption,yes,small,medium,Cardiac fibrosis %; caption n=5; Sham control grey; exact P plus ns; rotated x labels,PRIVATE_REFERENCE_ONLY/corpus/PMC13564881/figures/Fig4.webp,gc_science
Science Advances,PMC13564881,2026,10.1126/sciadv.aef1504,4,I,bar+points,5,5/5/5/5/5,yes,mean,inferred,unknown,none,medium,dark,open,jitter,medium,na,multi_categorical,grey,bracket+p_value,mixed,LB,outside,in_caption,yes,small,medium,Ki67+ cells/HPF; caption n=5; Sham control grey; exact P plus ns,PRIVATE_REFERENCE_ONLY/corpus/PMC13564881/figures/Fig4.webp,gc_science
Science Advances,PMC13564881,2026,10.1126/sciadv.aef1504,4,K,bar+points,5,5/5/5/5/5,yes,mean,inferred,unknown,none,medium,dark,open,jitter,medium,na,multi_categorical,grey,bracket+p_value,mixed,LB,outside,in_caption,yes,small,medium,TUNEL+ cells/HPF; caption n=5; Sham control grey; exact P plus ns,PRIVATE_REFERENCE_ONLY/corpus/PMC13564881/figures/Fig4.webp,gc_science
Science Advances,PMC13564881,2026,10.1126/sciadv.aef1504,5,D,bar+points,5,5/5/5/5/5,yes,mean,inferred,unknown,none,medium,dark,open,jitter,medium,na,multi_categorical,grey,bracket+p_value,mixed,LB,outside,in_caption,yes,small,medium,CD31+ area %; caption n=5; no x tick labels - groups identified by shared legend at right; exact P plus ns,PRIVATE_REFERENCE_ONLY/corpus/PMC13564881/figures/Fig5.webp,gc_science
Science Advances,PMC13564881,2026,10.1126/sciadv.aef1504,5,E,bar+points,5,5/5/5/5/5,yes,mean,inferred,unknown,none,medium,dark,open,jitter,medium,na,multi_categorical,grey,bracket+p_value,mixed,LB,outside,in_caption,yes,small,medium,alpha-SMA fluo intensity; caption n=5; no x tick labels - groups identified by shared legend at right; exact P plus ns,PRIVATE_REFERENCE_ONLY/corpus/PMC13564881/figures/Fig5.webp,gc_science
Science Advances,PMC13564881,2026,10.1126/sciadv.aef1504,5,F,bar+points,5,5/5/5/5/5,yes,mean,inferred,unknown,none,medium,dark,open,jitter,medium,na,multi_categorical,grey,bracket+p_value,mixed,LB,outside,in_caption,yes,small,medium,Collagen I fluo intensity; caption n=5; no x tick labels - groups identified by shared legend at right; exact P plus ns,PRIVATE_REFERENCE_ONLY/corpus/PMC13564881/figures/Fig5.webp,gc_science
Science Advances,PMC13564881,2026,10.1126/sciadv.aef1504,5,G,bar+points,5,5/5/5/5/5,yes,mean,inferred,unknown,none,medium,dark,open,jitter,medium,na,multi_categorical,grey,bracket+p_value,mixed,LB,outside,in_caption,yes,small,medium,Collagen III fluo intensity; caption n=5; no x tick labels - groups identified by shared legend at right; exact P plus ns,PRIVATE_REFERENCE_ONLY/corpus/PMC13564881/figures/Fig5.webp,gc_science
Science Advances,PMC13564881,2026,10.1126/sciadv.aef1504,6,F1,dot_strip+summary,2,3/3,yes,mean,inferred,none,none,medium,none,filled,centered,na,na,multi_categorical,coloured,line+p_value,exact,LB,outside,in_caption,yes,small,medium,FPKM of Myl2; red Lipo-Exo@IBZ/Los plotted first and black Lipo@IBZ/Los second; horizontal mean line only no error bars; caption n=3; shared legend below panel,PRIVATE_REFERENCE_ONLY/corpus/PMC13564881/figures/Fig6.webp,gc_science
Science Advances,PMC13564881,2026,10.1126/sciadv.aef1504,6,F2,dot_strip+summary,2,3/3,yes,mean,inferred,none,none,medium,none,filled,centered,na,na,multi_categorical,coloured,line+p_value,exact,LB,outside,in_caption,yes,small,medium,FPKM of Mmp23; red Lipo-Exo@IBZ/Los plotted first and black Lipo@IBZ/Los second; horizontal mean line only no error bars; caption n=3; shared legend below panel,PRIVATE_REFERENCE_ONLY/corpus/PMC13564881/figures/Fig6.webp,gc_science
Science Advances,PMC13564881,2026,10.1126/sciadv.aef1504,6,F3,dot_strip+summary,2,3/3,yes,mean,inferred,none,none,medium,none,filled,centered,na,na,multi_categorical,coloured,line+p_value,exact,LB,outside,in_caption,yes,small,medium,FPKM of Lgals3; red Lipo-Exo@IBZ/Los plotted first and black Lipo@IBZ/Los second; horizontal mean line only no error bars; caption n=3; shared legend below panel,PRIVATE_REFERENCE_ONLY/corpus/PMC13564881/figures/Fig6.webp,gc_science
Science Advances,PMC13564881,2026,10.1126/sciadv.aef1504,6,F4,dot_strip+summary,2,3/3,yes,mean,inferred,none,none,medium,none,filled,centered,na,na,multi_categorical,coloured,line+p_value,exact,LB,outside,in_caption,yes,small,medium,FPKM of Cst3; red Lipo-Exo@IBZ/Los plotted first and black Lipo@IBZ/Los second; horizontal mean line only no error bars; caption n=3; shared legend below panel,PRIVATE_REFERENCE_ONLY/corpus/PMC13564881/figures/Fig6.webp,gc_science
Science Advances,PMC13564881,2026,10.1126/sciadv.aef1504,6,F5,dot_strip+summary,2,3/3,yes,mean,inferred,none,none,medium,none,filled,centered,na,na,multi_categorical,coloured,line+p_value,exact,LB,outside,in_caption,no,small,medium,FPKM of Map4k4; red Lipo-Exo@IBZ/Los plotted first and black Lipo@IBZ/Los second; horizontal mean line only no error bars; caption n=3; shared legend below panel; y axis does not start at zero,PRIVATE_REFERENCE_ONLY/corpus/PMC13564881/figures/Fig6.webp,gc_science
Science Advances,PMC13564881,2026,10.1126/sciadv.aef1504,6,F6,dot_strip+summary,2,3/3,yes,mean,inferred,none,none,medium,none,filled,centered,na,na,multi_categorical,coloured,line+p_value,exact,LB,outside,in_caption,yes,small,medium,FPKM of Fgfr1; red Lipo-Exo@IBZ/Los plotted first and black Lipo@IBZ/Los second; horizontal mean line only no error bars; caption n=3; shared legend below panel,PRIVATE_REFERENCE_ONLY/corpus/PMC13564881/figures/Fig6.webp,gc_science
Science Advances,PMC13564881,2026,10.1126/sciadv.aef1504,6,F7,dot_strip+summary,2,3/3,yes,mean,inferred,none,none,medium,none,filled,centered,na,na,multi_categorical,coloured,line+p_value,exact,LB,outside,in_caption,no,small,medium,FPKM of Shisa5; red Lipo-Exo@IBZ/Los plotted first and black Lipo@IBZ/Los second; horizontal mean line only no error bars; caption n=3; shared legend below panel; y axis does not start at zero,PRIVATE_REFERENCE_ONLY/corpus/PMC13564881/figures/Fig6.webp,gc_science
Science Advances,PMC13564881,2026,10.1126/sciadv.aef1504,6,F8,dot_strip+summary,2,3/3,yes,mean,inferred,none,none,medium,none,filled,centered,na,na,multi_categorical,coloured,line+p_value,exact,LB,outside,in_caption,yes,small,medium,FPKM of Flnb; red Lipo-Exo@IBZ/Los plotted first and black Lipo@IBZ/Los second; horizontal mean line only no error bars; caption n=3; shared legend below panel,PRIVATE_REFERENCE_ONLY/corpus/PMC13564881/figures/Fig6.webp,gc_science
Science Advances,PMC13564881,2026,10.1126/sciadv.aef1504,7,B1,bar+points,3,3/3/3,yes,mean,inferred,unknown,none,medium,dark,open,jitter,medium,na,multi_categorical,coloured,bracket+p_value,exact,LB,outside,in_caption,yes,small,medium,IBZ PA parameter; rat MI/RI; pastel bars light blue/mauve/beige with Sham first; caption n=3; no x tick labels - legend at right,PRIVATE_REFERENCE_ONLY/corpus/PMC13564881/figures/Fig7.webp,gc_science
Science Advances,PMC13564881,2026,10.1126/sciadv.aef1504,7,B2,bar+points,3,3/3/3,yes,mean,inferred,unknown,none,medium,dark,open,jitter,medium,na,multi_categorical,coloured,bracket+p_value,ns_text,LB,outside,in_caption,yes,small,medium,DeOXY PA parameter; rat MI/RI; pastel bars light blue/mauve/beige with Sham first; caption n=3; no x tick labels - legend at right,PRIVATE_REFERENCE_ONLY/corpus/PMC13564881/figures/Fig7.webp,gc_science
Science Advances,PMC13564881,2026,10.1126/sciadv.aef1504,7,B3,bar+points,3,3/3/3,yes,mean,inferred,unknown,none,medium,dark,open,jitter,medium,na,multi_categorical,coloured,bracket+p_value,exact,LB,outside,in_caption,yes,small,medium,OXY PA parameter; rat MI/RI; pastel bars light blue/mauve/beige with Sham first; caption n=3; no x tick labels - legend at right,PRIVATE_REFERENCE_ONLY/corpus/PMC13564881/figures/Fig7.webp,gc_science
Science Advances,PMC13564881,2026,10.1126/sciadv.aef1504,7,C1,bar+points,3,3/3/3,yes,mean,inferred,unknown,none,medium,dark,open,jitter,medium,na,multi_categorical,coloured,bracket+p_value,exact,LB,outside,in_caption,yes,small,medium,LVEF %; rat MI/RI; pastel bars light blue/mauve/beige with Sham first; caption n=3; no x tick labels - legend at right,PRIVATE_REFERENCE_ONLY/corpus/PMC13564881/figures/Fig7.webp,gc_science
Science Advances,PMC13564881,2026,10.1126/sciadv.aef1504,7,C2,bar+points,3,3/3/3,yes,mean,inferred,unknown,none,medium,dark,open,jitter,medium,na,multi_categorical,coloured,bracket+p_value,exact,LB,outside,in_caption,yes,small,medium,LVFS %; rat MI/RI; pastel bars light blue/mauve/beige with Sham first; caption n=3; no x tick labels - legend at right,PRIVATE_REFERENCE_ONLY/corpus/PMC13564881/figures/Fig7.webp,gc_science
Science Advances,PMC13564881,2026,10.1126/sciadv.aef1504,7,E,bar+points,3,3/3/3,yes,mean,inferred,unknown,none,medium,dark,open,jitter,medium,na,multi_categorical,coloured,bracket+p_value,exact,LB,outside,in_caption,yes,small,medium,Cardiac fibrosis %; rat MI/RI; pastel bars light blue/mauve/beige with Sham first; caption n=3; no x tick labels - legend at right,PRIVATE_REFERENCE_ONLY/corpus/PMC13564881/figures/Fig7.webp,gc_science
Science Advances,PMC13564900,2026,10.1126/sciadv.aec4911,2,E,dot_strip+summary,2,5/5,yes,mean,inferred,SEM,caption,medium,none,filled,jitter,na,na,multi_categorical,coloured,none,none,L,none,in_caption,yes,small,medium,mouse apical vs basal; paired points connected by grey lines; each point carries its own SEM bar; horizontal black mean line; P values only in caption,PRIVATE_REFERENCE_ONLY/corpus/PMC13564900/figures/Fig2.webp,gc_science
Science Advances,PMC13564900,2026,10.1126/sciadv.aec4911,2,J,dot_strip+summary,2,5/5,yes,mean,inferred,SEM,caption,medium,none,filled,jitter,na,na,multi_categorical,coloured,none,none,L,none,in_caption,no,small,medium,human apical vs basal; paired points connected by grey lines; per-point SEM bars; horizontal mean line; y axis starts near 3; P values only in caption,PRIVATE_REFERENCE_ONLY/corpus/PMC13564900/figures/Fig2.webp,gc_science
Science Advances,PMC13564900,2026,10.1126/sciadv.aec4911,4,D,dot_strip+summary,2,~9/~9,yes,mean,inferred,unknown,none,medium,same_colour,open,jitter,na,na,single_accent,black,stars_only,stars,LB,none,none,no,small,medium,left half of panel D only (Prox vs Dis gain); right half is scatter vs uncaging distance and was not coded; large filled mean marker with error bar; ** P<0.01 Mann-Whitney,PRIVATE_REFERENCE_ONLY/corpus/PMC13564900/figures/Fig4.webp,gc_science
Science Advances,PMC13564900,2026,10.1126/sciadv.aec4911,5,E1,dot_strip+summary,2,~10/~10,yes,mean,inferred,unknown,none,medium,same_colour,open,jitter,na,na,single_accent,black,line+stars,stars,L,none,none,yes,small,low,Ca2+ threshold in mV; open circles with large filled mean marker and error bar; panel very narrow; points overlap,PRIVATE_REFERENCE_ONLY/corpus/PMC13564900/figures/Fig5.webp,gc_science
Science Advances,PMC13564900,2026,10.1126/sciadv.aec4911,5,E2,dot_strip+summary,2,~10/~10,yes,mean,inferred,unknown,none,medium,same_colour,open,jitter,na,na,single_accent,black,line+stars,stars,L,none,none,yes,small,low,Ca2+ threshold in spine number; open circles with large filled mean marker and error bar; panel very narrow,PRIVATE_REFERENCE_ONLY/corpus/PMC13564900/figures/Fig5.webp,gc_science
Science Advances,PMC13564907,2026,10.1126/sciadv.aeb8889,3,B,bar+points,3,caption:218/415/205,yes,mean,caption,SD,caption,small,none,filled,beeswarm,medium,na,multi_categorical,grey,bracket+stars,stars,LB,none,in_caption,no,small,medium,GFP-GPI anisotropy; dense translucent black beeswarm of ROIs over grey/blue/pink bars; white SD bars; y axis 0.14-0.21 not from zero; schematic icons above as group labels,PRIVATE_REFERENCE_ONLY/corpus/PMC13564907/figures/Fig3.webp,gc_science
Science Advances,PMC13564907,2026,10.1126/sciadv.aeb8889,3,C,bar+points,1,caption:27,yes,mean,caption,SD,caption,small,none,filled,beeswarm,medium,na,greys,grey,stars_only,stars,LB,none,in_caption,yes,small,medium,single-group bar (PClP) compared statistically to control in Fig 2F; red SD bars; axis spans -3 to 6 crossing zero,PRIVATE_REFERENCE_ONLY/corpus/PMC13564907/figures/Fig3.webp,gc_science
Science Advances,PMC13564907,2026,10.1126/sciadv.aeb8889,3,E,bar+points,3,caption:620/299/683,yes,mean,caption,SD,caption,small,none,filled,beeswarm,medium,na,multi_categorical,grey,bracket+stars,mixed,LB,none,in_caption,no,small,medium,FRTM-Ez-AFBD anisotropy; dense beeswarm; ns and **** on brackets; y axis 0.14-0.21 not from zero,PRIVATE_REFERENCE_ONLY/corpus/PMC13564907/figures/Fig3.webp,gc_science
Science Advances,PMC13564907,2026,10.1126/sciadv.aeb8889,3,F,bar+points,1,caption:68,yes,mean,caption,SD,caption,small,none,filled,beeswarm,medium,na,greys,grey,stars_only,ns_text,LB,none,in_caption,yes,small,medium,single-group bar (PClP) compared to control in Fig 2C; ns label above; red SD bars; axis spans -3 to 6,PRIVATE_REFERENCE_ONLY/corpus/PMC13564907/figures/Fig3.webp,gc_science
Science Advances,PMC13564907,2026,10.1126/sciadv.aeb8889,4,C,bar,3,unknown,no,mean,caption,SD,caption,na,na,na,na,medium,na,greys,grey,bracket+stars,mixed,LB,none,in_caption,yes,small,medium,grey grey white bars with black outline; rotated labels inside bars; ns and ****; cell numbers in caption 46/114/58,PRIVATE_REFERENCE_ONLY/corpus/PMC13564907/figures/Fig4.webp,gc_science
Science Advances,PMC13564907,2026,10.1126/sciadv.aeb8889,4,F,bar,5,unknown,no,mean,caption,SD,caption,na,na,na,na,medium,na,greys,grey,bracket+stars,mixed,LB,none,in_caption,yes,small,medium,5 bars grouped by bait (3 FR-GPI grey + 2 FRTM-Ez-AFBD* white) separated by dashed line; coloured header/footer label bands; bleb numbers in caption,PRIVATE_REFERENCE_ONLY/corpus/PMC13564907/figures/Fig4.webp,gc_science
Science Advances,PMC13564907,2026,10.1126/sciadv.aeb8889,6,F,dot_strip+summary,3,~58/~58/~58,yes,mean,caption,none,none,medium,none,filled,beeswarm,na,na,multi_categorical,coloured,bracket+stars,stars,L,none,in_caption,no,small,medium,mean TOS value; red cyan black beeswarm with black mean line; dashed horizontal line at zero; y axis -1 to 1; rotated coloured x labels; caption 58 cells n=2,PRIVATE_REFERENCE_ONLY/corpus/PMC13564907/figures/Fig6.webp,gc_science
Science Advances,PMC13564915,2026,10.1126/sciadv.aeg1157,3,E,bar+points,3,~13/~12/~8,yes,mean,caption,SEM,caption,medium,none,filled,jitter,medium,na,multi_categorical,coloured,bracket+stars,mixed,LB,none,in_caption,yes,small,medium,serum corticosterone; Tail yellow plotted first while true control No infusion is grey and plotted last; rotated x labels; n.s. and stars on brackets; caption n=13/12/8,PRIVATE_REFERENCE_ONLY/corpus/PMC13564915/figures/Fig3.webp,gc_science
Science Advances,PMC13564915,2026,10.1126/sciadv.aeg1157,3,F,other,3,unknown,no,mean,caption,SEM,caption,na,na,na,na,medium,na,single_accent,grey,bracket+stars,stars,LB,outside,in_caption,yes,small,medium,stacked bar of unlabeled (grey) and 13C-labeled (blue) cystine peak area per group; coded as other because it is a stacked group comparison with a stat bracket; error bars on each segment,PRIVATE_REFERENCE_ONLY/corpus/PMC13564915/figures/Fig3.webp,gc_science
Science Advances,PMC13564915,2026,10.1126/sciadv.aeg1157,4,B,other,2,caption:9/12,no,mean,caption,SEM,caption,na,na,na,na,medium,na,multi_categorical,grey,stars_only,mixed,LB,outside,in_caption,yes,small,medium,serum Cys2 M+0/M+3/M+6; stacked isotopologue-fraction bars Tail vs Jugular; significance stars printed next to each isotopologue in the legend rather than on the plot; y axis to 1.5 or 2.0; figure has 13 such panels - capped at first 10 (D4-D6 not coded),PRIVATE_REFERENCE_ONLY/corpus/PMC13564915/figures/Fig4.webp,gc_science
Science Advances,PMC13564915,2026,10.1126/sciadv.aeg1157,4,C1,other,2,caption:9/12,no,mean,caption,SEM,caption,na,na,na,na,medium,na,multi_categorical,grey,stars_only,mixed,LB,outside,in_caption,yes,small,medium,pancreas Cys2; stacked isotopologue-fraction bars Tail vs Jugular; significance stars printed next to each isotopologue in the legend rather than on the plot; y axis to 1.5 or 2.0; figure has 13 such panels - capped at first 10 (D4-D6 not coded),PRIVATE_REFERENCE_ONLY/corpus/PMC13564915/figures/Fig4.webp,gc_science
Science Advances,PMC13564915,2026,10.1126/sciadv.aeg1157,4,C2,other,2,caption:9/12,no,mean,caption,SEM,caption,na,na,na,na,medium,na,multi_categorical,grey,stars_only,stars,LB,outside,in_caption,yes,small,medium,pancreas Tau; stacked isotopologue-fraction bars Tail vs Jugular; significance stars printed next to each isotopologue in the legend rather than on the plot; y axis to 1.5 or 2.0; figure has 13 such panels - capped at first 10 (D4-D6 not coded),PRIVATE_REFERENCE_ONLY/corpus/PMC13564915/figures/Fig4.webp,gc_science
Science Advances,PMC13564915,2026,10.1126/sciadv.aeg1157,4,C3,other,2,caption:9/12,no,mean,caption,SEM,caption,na,na,na,na,medium,na,multi_categorical,grey,stars_only,stars,LB,outside,in_caption,yes,small,medium,pancreas Cys; stacked isotopologue-fraction bars Tail vs Jugular; significance stars printed next to each isotopologue in the legend rather than on the plot; y axis to 1.5 or 2.0; figure has 13 such panels - capped at first 10 (D4-D6 not coded),PRIVATE_REFERENCE_ONLY/corpus/PMC13564915/figures/Fig4.webp,gc_science
Science Advances,PMC13564915,2026,10.1126/sciadv.aeg1157,4,C4,other,2,caption:9/12,no,mean,caption,SEM,caption,na,na,na,na,medium,na,multi_categorical,grey,stars_only,stars,LB,outside,in_caption,yes,small,medium,pancreas Htau; stacked isotopologue-fraction bars Tail vs Jugular; significance stars printed next to each isotopologue in the legend rather than on the plot; y axis to 1.5 or 2.0; figure has 13 such panels - capped at first 10 (D4-D6 not coded),PRIVATE_REFERENCE_ONLY/corpus/PMC13564915/figures/Fig4.webp,gc_science
Science Advances,PMC13564915,2026,10.1126/sciadv.aeg1157,4,C5,other,2,caption:9/12,no,mean,caption,SEM,caption,na,na,na,na,medium,na,multi_categorical,grey,stars_only,stars,LB,outside,in_caption,yes,small,medium,pancreas gamma-Glu-Cys; stacked isotopologue-fraction bars Tail vs Jugular; significance stars printed next to each isotopologue in the legend rather than on the plot; y axis to 1.5 or 2.0; figure has 13 such panels - capped at first 10 (D4-D6 not coded),PRIVATE_REFERENCE_ONLY/corpus/PMC13564915/figures/Fig4.webp,gc_science
Science Advances,PMC13564915,2026,10.1126/sciadv.aeg1157,4,C6,other,2,caption:9/12,no,mean,caption,SEM,caption,na,na,na,na,medium,na,multi_categorical,grey,stars_only,stars,LB,outside,in_caption,yes,small,medium,pancreas GSH; stacked isotopologue-fraction bars Tail vs Jugular; significance stars printed next to each isotopologue in the legend rather than on the plot; y axis to 1.5 or 2.0; figure has 13 such panels - capped at first 10 (D4-D6 not coded),PRIVATE_REFERENCE_ONLY/corpus/PMC13564915/figures/Fig4.webp,gc_science
Science Advances,PMC13564915,2026,10.1126/sciadv.aeg1157,4,D1,other,2,caption:9/12,no,mean,caption,SEM,caption,na,na,na,na,medium,na,multi_categorical,grey,stars_only,stars,LB,outside,in_caption,yes,small,medium,kidney Cys2; stacked isotopologue-fraction bars Tail vs Jugular; significance stars printed next to each isotopologue in the legend rather than on the plot; y axis to 1.5 or 2.0; figure has 13 such panels - capped at first 10 (D4-D6 not coded),PRIVATE_REFERENCE_ONLY/corpus/PMC13564915/figures/Fig4.webp,gc_science
Science Advances,PMC13564915,2026,10.1126/sciadv.aeg1157,4,D2,other,2,caption:9/12,no,mean,caption,SEM,caption,na,na,na,na,medium,na,multi_categorical,grey,stars_only,stars,LB,outside,in_caption,yes,small,medium,kidney Tau; stacked isotopologue-fraction bars Tail vs Jugular; significance stars printed next to each isotopologue in the legend rather than on the plot; y axis to 1.5 or 2.0; figure has 13 such panels - capped at first 10 (D4-D6 not coded),PRIVATE_REFERENCE_ONLY/corpus/PMC13564915/figures/Fig4.webp,gc_science
Science Advances,PMC13564915,2026,10.1126/sciadv.aeg1157,4,D3,other,2,caption:9/12,no,mean,caption,SEM,caption,na,na,na,na,medium,na,multi_categorical,grey,stars_only,stars,LB,outside,in_caption,yes,small,medium,kidney Cys; stacked isotopologue-fraction bars Tail vs Jugular; significance stars printed next to each isotopologue in the legend rather than on the plot; y axis to 1.5 or 2.0; figure has 13 such panels - capped at first 10 (D4-D6 not coded),PRIVATE_REFERENCE_ONLY/corpus/PMC13564915/figures/Fig4.webp,gc_science
Science Advances,PMC13564977,2026,10.1126/sciadv.aee4935,1,D,bar+points,5,~9/~9/~9/~9/~9,yes,mean,inferred,unknown,none,large,none,filled,jitter,medium,na,multi_categorical,black,bracket+stars,stars,LB,none,none,yes,small,medium,Different marker shape per group (circle/triangle/hexagon/square); dotted horizontal 'Plated' reference line; caption says three independent experiments each point a biological replicate; error bar type not stated,PRIVATE_REFERENCE_ONLY/corpus/PMC13564977/figures/Fig1.webp,gc_science
Science Advances,PMC13564977,2026,10.1126/sciadv.aee4935,2,B,bar+points,4,3/3/3/3,yes,mean,inferred,unknown,none,medium,dark,filled,jitter,medium,na,multi_categorical,black,bracket+stars,stars,LB,none,in_caption,yes,small,high,Black dots on coloured bars; caption n=3 per cell line; bracket compares KO vs all addbacks combined (long bar spanning 3 groups),PRIVATE_REFERENCE_ONLY/corpus/PMC13564977/figures/Fig2.webp,gc_science
Science Advances,PMC13564977,2026,10.1126/sciadv.aee4935,2,C,bar+points,3x4,3 per bar,yes,mean,inferred,unknown,none,medium,same_colour,filled,jitter,medium,na,multi_categorical,black,bracket+stars,stars,LB,outside,none,yes,small,high,Grouped bars (3 peptide modifications x 4 cell lines); dots coloured to match bars; legend to right of axes,PRIVATE_REFERENCE_ONLY/corpus/PMC13564977/figures/Fig2.webp,gc_science
Science Advances,PMC13564977,2026,10.1126/sciadv.aee4935,2,D,bar+points,10x4,3 per bar,yes,mean,inferred,unknown,none,small,same_colour,filled,jitter,medium,na,multi_categorical,black,bracket+stars,stars,LB,outside,none,yes,medium,medium,Grouped bars (10 modifications x 4 cell lines); broken y-axis (0-1.5 then 10-40); dots small and coloured like bars,PRIVATE_REFERENCE_ONLY/corpus/PMC13564977/figures/Fig2.webp,gc_science
Science Advances,PMC13564977,2026,10.1126/sciadv.aee4935,4,B,bar,4,unknown,no,mean,inferred,unknown,none,na,na,na,na,medium,na,single_accent,white_or_open,none,none,LB,inside,none,yes,medium,medium,Stacked isotopolog bars (m+0 open segment stacked on m+2 dark blue) with error bars on each segment; y-axis in scientific notation,PRIVATE_REFERENCE_ONLY/corpus/PMC13564977/figures/Fig4.webp,gc_science
Science Advances,PMC13564977,2026,10.1126/sciadv.aee4935,4,C,bar,4,unknown,no,mean,inferred,unknown,none,na,na,na,na,medium,na,single_accent,white_or_open,none,none,LB,inside,none,yes,medium,medium,Stacked isotopolog bars (m+0 open / m+2 dark blue) with error bars per segment; scientific-notation y-axis,PRIVATE_REFERENCE_ONLY/corpus/PMC13564977/figures/Fig4.webp,gc_science
Science Advances,PMC13564977,2026,10.1126/sciadv.aee4935,4,D,bar+points,4,6/6/6/6,yes,mean,inferred,unknown,none,medium,same_colour,filled,jitter,medium,na,multi_categorical,black,bracket+stars,stars,LB,none,none,yes,medium,high,Three independent experiments x two biological replicates per group; brackets all compare to KO,PRIVATE_REFERENCE_ONLY/corpus/PMC13564977/figures/Fig4.webp,gc_science
Science Advances,PMC13564977,2026,10.1126/sciadv.aee4935,4,E,bar,9x4,unknown,no,mean,inferred,unknown,none,na,na,na,na,wide,na,multi_categorical,black,none,none,LB,inside,none,yes,large,medium,Grouped isotopolog distribution bars (9 isotopologs x 4 cell lines) with error bars; broken y-axis (0-10 then 20-100); black/dark grey/light grey/salmon palette,PRIVATE_REFERENCE_ONLY/corpus/PMC13564977/figures/Fig4.webp,gc_science
Science Advances,PMC13564977,2026,10.1126/sciadv.aee4935,4,F,bar+points,4,6/6/6/6,yes,mean,inferred,unknown,none,medium,same_colour,filled,jitter,medium,na,multi_categorical,black,bracket+stars,mixed,LB,none,none,yes,medium,high,Stars plus one 'ns' bracket; six pairwise brackets stacked above bars,PRIVATE_REFERENCE_ONLY/corpus/PMC13564977/figures/Fig4.webp,gc_science
Science Advances,PMC13564977,2026,10.1126/sciadv.aee4935,4,G,bar+points,4,3/3/3/3,yes,mean,inferred,unknown,none,medium,same_colour,filled,jitter,medium,na,multi_categorical,black,bracket+stars,stars,LB,none,none,yes,small,high,Right-hand quantification sub-plot of panel G (left is a blot); KO normalized to 1 so its 3 points overlap at 1.0; repeated-measures ANOVA per caption,PRIVATE_REFERENCE_ONLY/corpus/PMC13564977/figures/Fig4.webp,gc_science
Science Advances,PMC13564977,2026,10.1126/sciadv.aee4935,5,A,other,4,unknown,no,mean,inferred,unknown,none,na,na,na,na,wide,na,multi_categorical,grey,none,none,LB,outside,none,yes,small,medium,Stacked composition bars of six lipid classes (PC grey dominant) across 4 cell lines with error bars on each segment; coded as group comparison of relative lipid abundance,PRIVATE_REFERENCE_ONLY/corpus/PMC13564977/figures/Fig5.webp,gc_science
Science Advances,PMC13564977,2026,10.1126/sciadv.aee4935,5,D,bar+points,11,3 per bar,yes,mean,inferred,none,none,small,dark,filled,centered,medium,na,single_accent,coloured,none,none,LB,none,none,yes,medium,medium,Three stacked sub-plots (ACLY WT purple / ACLY-Cyto magenta / ACLY-Nuc orange) each an isotopolog distribution m+0 to m+30 with black dots on bars; labeled every third tick; no error bars visible; coded as one row,PRIVATE_REFERENCE_ONLY/corpus/PMC13564977/figures/Fig5.webp,gc_science
Science Advances,PMC13564977,2026,10.1126/sciadv.aee4935,5,E,bar+points,10,3 per bar,yes,mean,inferred,none,none,small,dark,filled,centered,medium,na,single_accent,coloured,none,none,LB,none,none,yes,medium,medium,Three stacked sub-plots (WT/Cyto/Nuc) isotopolog distribution m+0 to m+27 with black dots; broken y-axis (0-0.1 then 0.2-0.4); coded as one row,PRIVATE_REFERENCE_ONLY/corpus/PMC13564977/figures/Fig5.webp,gc_science
Science Advances,PMC13564977,2026,10.1126/sciadv.aee4935,5,F,bar,4,unknown,no,mean,inferred,unknown,none,na,na,na,na,medium,na,single_accent,white_or_open,none,none,LB,inside,in_caption,yes,small,medium,Two-segment stacked flux bars (open = other sources / dark blue = 13C-glucose) with error bars; caption n=3 biological replicates,PRIVATE_REFERENCE_ONLY/corpus/PMC13564977/figures/Fig5.webp,gc_science
Science Advances,PMC13564977,2026,10.1126/sciadv.aee4935,5,G,bar,4,unknown,no,mean,inferred,unknown,none,na,na,na,na,medium,na,single_accent,grey,none,none,LB,inside,in_caption,yes,small,medium,Two-segment stacked bars (light grey existing / light blue newly synthesized) with error bars; caption n=3,PRIVATE_REFERENCE_ONLY/corpus/PMC13564977/figures/Fig5.webp,gc_science
Science Advances,PMC13564977,2026,10.1126/sciadv.aee4935,5,H,bar,4,unknown,no,mean,inferred,unknown,none,na,na,na,na,medium,na,single_accent,white_or_open,none,none,LB,inside,in_caption,yes,small,medium,Two-segment stacked flux bars (open / dark blue) with error bars; caption n=3,PRIVATE_REFERENCE_ONLY/corpus/PMC13564977/figures/Fig5.webp,gc_science
Science Advances,PMC13564977,2026,10.1126/sciadv.aee4935,5,I,bar,4,unknown,no,mean,inferred,unknown,none,na,na,na,na,medium,na,single_accent,grey,none,none,LB,inside,in_caption,yes,small,medium,Two-segment stacked bars (light grey existing / light blue newly synthesized) with error bars; caption n=3,PRIVATE_REFERENCE_ONLY/corpus/PMC13564977/figures/Fig5.webp,gc_science
Science Translational Medicine,PMC7615567,2024,10.1126/scitranslmed.adi2403,1,A,bar+points,4,~12/~12/~12/~12,yes,mean,caption,SEM,caption,small,none,filled,jitter,medium,na,multi_categorical,grey,bracket+stars,stars,LB,none,in_caption,yes,small,medium,Black dots on grey (vehicle) / orange / light blue / dark blue bars; red SEM bars; red stars above bars = one-sample t-test vs 0 and ### brackets = pairwise; positive and negative bars from zero line; drug-dose labels below axis,PRIVATE_REFERENCE_ONLY/corpus/PMC7615567/figures/Fig1.jpg,gc_science
Science Translational Medicine,PMC7615567,2024,10.1126/scitranslmed.adi2403,1,B,bar+points,2,~12/~12,yes,mean,caption,SEM,caption,small,none,filled,jitter,medium,na,multi_categorical,grey,bracket+stars,stars,LB,none,in_caption,yes,small,medium,Grey vehicle vs yellow scopolamine; red stars and ### bracket; bars extend below zero,PRIVATE_REFERENCE_ONLY/corpus/PMC7615567/figures/Fig1.jpg,gc_science
Science Translational Medicine,PMC7615567,2024,10.1126/scitranslmed.adi2403,1,C,bar+points,3,~12/~12/~12,yes,mean,caption,SEM,caption,small,none,filled,jitter,medium,na,multi_categorical,grey,bracket+stars,stars,LB,none,in_caption,yes,small,medium,Grey / dark red / light red bars; # bracket and *** above vehicle; ketamine dose labels,PRIVATE_REFERENCE_ONLY/corpus/PMC7615567/figures/Fig1.jpg,gc_science
Science Translational Medicine,PMC7615567,2024,10.1126/scitranslmed.adi2403,1,D,bar+points,4,~12/~12/~12/~12,yes,mean,caption,SEM,caption,small,none,filled,jitter,medium,na,multi_categorical,grey,stars_only,stars,LB,none,in_caption,yes,small,medium,Grey plus three shades of blue/purple for psilocybin doses; red stars above each bar (one-sample t-test); no pairwise brackets,PRIVATE_REFERENCE_ONLY/corpus/PMC7615567/figures/Fig1.jpg,gc_science
Science Translational Medicine,PMC7615567,2024,10.1126/scitranslmed.adi2403,1,E,bar+points,2,~12/~12,yes,mean,caption,SEM,caption,small,none,filled,jitter,medium,na,multi_categorical,grey,stars_only,stars,LB,none,in_caption,yes,small,medium,Grey vs yellow; red stars above bars only,PRIVATE_REFERENCE_ONLY/corpus/PMC7615567/figures/Fig1.jpg,gc_science
Science Translational Medicine,PMC7615567,2024,10.1126/scitranslmed.adi2403,1,F,bar+points,3x2,~12 per bar,yes,mean,caption,SEM,caption,small,none,filled,jitter,medium,na,multi_categorical,grey,bracket+stars,stars,LB,none,in_caption,yes,small,medium,Three vehicle-vs-ketamine-dose pairs separated by dashed vertical lines; grey vehicle with orange/red/dark red dose bars; one ## bracket; red stars above bars,PRIVATE_REFERENCE_ONLY/corpus/PMC7615567/figures/Fig1.jpg,gc_science
Science Translational Medicine,PMC7615567,2024,10.1126/scitranslmed.adi2403,3,A,bar+points,4,~15/~15/~15/~15,yes,mean,caption,SEM,caption,small,none,filled,jitter,medium,na,multi_categorical,grey,none,none,LB,none,in_caption,yes,small,medium,Grey vehicle plus red shades for ketamine doses; red SEM bars; no significance marks shown in this panel; caption n=15,PRIVATE_REFERENCE_ONLY/corpus/PMC7615567/figures/Fig3.jpg,gc_science
Science Translational Medicine,PMC7615567,2024,10.1126/scitranslmed.adi2403,3,B,bar+points,3,~12/~12/~12,yes,mean,caption,SEM,caption,small,none,filled,jitter,medium,na,multi_categorical,grey,none,none,LB,none,in_caption,yes,small,medium,Grey vehicle / white / yellow bars; no significance marks; caption n=12,PRIVATE_REFERENCE_ONLY/corpus/PMC7615567/figures/Fig3.jpg,gc_science
Science Translational Medicine,PMC7615567,2024,10.1126/scitranslmed.adi2403,3,C,bar+points,5,~12 per bar,yes,mean,caption,SEM,caption,small,none,filled,jitter,medium,na,multi_categorical,grey,bracket+stars,stars,LB,none,in_caption,yes,small,medium,Vehicle bar near zero (white/grey); psilocybin blues and purple plus white venlafaxine; red stars above bars and #/## brackets (Dunnett); caption gives exact P for two groups but plot uses symbols,PRIVATE_REFERENCE_ONLY/corpus/PMC7615567/figures/Fig3.jpg,gc_science
Science Translational Medicine,PMC7615651,2024,10.1126/scitranslmed.add6883,1,E,bar,20x2,unknown,no,none,none,none,none,na,na,na,na,wide,na,greys,grey,none,none,L,inside,none,yes,medium,medium,Horizontal grouped bars of GSEA NES (dark grey human vs light grey mouse) for 20 hallmark gene sets; bars extend both sides of zero; single statistic per bar so no error bars; only vertical zero axis drawn,PRIVATE_REFERENCE_ONLY/corpus/PMC7615651/figures/Fig1.jpg,gc_science
Science Translational Medicine,PMC7615651,2024,10.1126/scitranslmed.add6883,2,B,violin,14,unknown,no,none,none,none,none,na,na,na,na,na,wide,multi_categorical,coloured,none,none,box,above,none,no,medium,medium,Grid of 14 stacked violin rows (one marker gene each) across 14 clusters; cluster colours match UMAP; log-normalized expression y-axis; coded as one row; column headers act as legend,PRIVATE_REFERENCE_ONLY/corpus/PMC7615651/figures/Fig2.jpg,gc_science
Science Translational Medicine,PMC7615651,2024,10.1126/scitranslmed.add6883,2,C,other,3,unknown,no,none,none,none,none,na,na,na,na,wide,na,multi_categorical,coloured,stars_only,stars,LB,outside,in_caption,yes,small,medium,Stacked composition bars (percentage of cells in 14 clusters) per genotype; stars placed inside segments of Dp1Tyb column vs WT (Fisher exact); cluster numbers labelled at right edge; caption n=2 WT 1 Dp1Tyb 2 Dp1Tyb Dyrk1a,PRIVATE_REFERENCE_ONLY/corpus/PMC7615651/figures/Fig2.jpg,gc_science
Science Translational Medicine,PMC7615651,2024,10.1126/scitranslmed.add6883,3,B1,bar,3x3,caption:38/14/12,no,mean,caption,SEM,caption,na,na,na,na,wide,na,multi_categorical,coloured,bracket+stars,mixed,LB,outside,in_caption,yes,small,medium,Top sub-plot (cardiomyocytes): grouped bars G1/S/G2M x WT blue Dp1Tyb red Dp1Tyb Dyrk1a grey; brackets with ns and *; error bars tiny,PRIVATE_REFERENCE_ONLY/corpus/PMC7615651/figures/Fig3.jpg,gc_science
Science Translational Medicine,PMC7615651,2024,10.1126/scitranslmed.add6883,3,B2,bar,3x3,caption:38/14/12,no,mean,caption,SEM,caption,na,na,na,na,wide,na,multi_categorical,coloured,bracket+stars,mixed,LB,outside,in_caption,yes,small,medium,Bottom sub-plot (endocardial cells): same layout as B1; brackets show ** * and ns,PRIVATE_REFERENCE_ONLY/corpus/PMC7615651/figures/Fig3.jpg,gc_science
Science Translational Medicine,PMC7615651,2024,10.1126/scitranslmed.add6883,3,E,bar+points,3,~27/~14/~12,yes,mean,caption,SEM,caption,small,none,filled,jitter,medium,na,multi_categorical,coloured,bracket+stars,mixed,LB,outside,in_caption,yes,small,medium,Black dots on blue/red/grey bars; caption n=27/14/12 embryos; brackets ** * and ns (Kruskal-Wallis); WT normalized to mean 1,PRIVATE_REFERENCE_ONLY/corpus/PMC7615651/figures/Fig3.jpg,gc_science
Science Translational Medicine,PMC7615651,2024,10.1126/scitranslmed.add6883,8,C1,violin,2x2,unknown,no,median,caption,IQR_whiskers,caption,na,na,na,na,na,medium,outline_only,coloured,bracket+stars,mixed,LB,outside,in_caption,no,small,medium,Oxidative phosphorylation sub-plot; violins of per-gene log2FC (filled red vs green for genetic rescue; red-outline vs black-outline for LCTB-21 rescue); solid median line and dotted quartile lines; dotted zero reference; **** brackets; n=5 embryos per condition but violin n = genes,PRIVATE_REFERENCE_ONLY/corpus/PMC7615651/figures/Fig8.jpg,gc_science
Science Translational Medicine,PMC7615651,2024,10.1126/scitranslmed.add6883,8,C2,violin,2x2,unknown,no,median,caption,IQR_whiskers,caption,na,na,na,na,na,medium,outline_only,coloured,bracket+stars,mixed,LB,outside,in_caption,no,small,medium,Myc targets V1 sub-plot; same style as C1; **** brackets,PRIVATE_REFERENCE_ONLY/corpus/PMC7615651/figures/Fig8.jpg,gc_science
Science Translational Medicine,PMC7615651,2024,10.1126/scitranslmed.add6883,8,C3,violin,2x2,unknown,no,median,caption,IQR_whiskers,caption,na,na,na,na,na,medium,outline_only,coloured,bracket+stars,mixed,LB,outside,in_caption,no,small,medium,Inflammatory response sub-plot; same style as C1; both brackets ns; shared legend to right of C3,PRIVATE_REFERENCE_ONLY/corpus/PMC7615651/figures/Fig8.jpg,gc_science
Science Translational Medicine,PMC7615651,2024,10.1126/scitranslmed.add6883,8,D,other,3,caption:34/26/32,no,none,none,none,none,na,na,na,na,wide,na,multi_categorical,white_or_open,bracket+stars,mixed,LB,outside,in_caption,yes,small,medium,Stacked percentage bars (no defects white / other defects grey / AVSD red) across WT and Dp1Tyb treatment groups; brackets with * and ns (Fisher exact); treatment labels grouped below axis,PRIVATE_REFERENCE_ONLY/corpus/PMC7615651/figures/Fig8.jpg,gc_science
Science Translational Medicine,PMC7616771,2024,10.1126/scitranslmed.adj7552,1,B,bar+points,2,~24/~24,yes,mean,caption,SEM,caption,medium,none,filled,jitter,medium,na,multi_categorical,coloured,bracket+stars,stars,LB,none,in_caption,yes,small,medium,spleen weight g; control green vs MPL W515L purple points over white/outline bars; photo of spleens below panel,PRIVATE_REFERENCE_ONLY/corpus/PMC7616771/figures/Fig1.jpg,gc_science
Science Translational Medicine,PMC7616771,2024,10.1126/scitranslmed.adj7552,3,A1,violin+points,2,unknown,yes,unknown,inferred,none,none,small,none,filled,jitter,na,na,multi_categorical,coloured,line+stars,stars,LB,none,none,yes,small,medium,MSC NSF score violin; single-cell level so points very dense and uncountable; yellow star marks central value; control green vs MPL W515L purple,PRIVATE_REFERENCE_ONLY/corpus/PMC7616771/figures/Fig3.jpg,gc_science
Science Translational Medicine,PMC7616771,2024,10.1126/scitranslmed.adj7552,3,A2,violin+points,2,unknown,yes,unknown,inferred,none,none,small,none,filled,jitter,na,na,multi_categorical,coloured,line+stars,stars,LB,none,none,yes,small,medium,Fibro NSF score violin; second subplot of panel A; dense single-cell points; yellow star central marker,PRIVATE_REFERENCE_ONLY/corpus/PMC7616771/figures/Fig3.jpg,gc_science
Science Translational Medicine,PMC7616771,2024,10.1126/scitranslmed.adj7552,3,B,violin+points,2,unknown,yes,unknown,inferred,none,none,small,none,filled,jitter,na,na,multi_categorical,coloured,line+stars,stars,LB,none,none,yes,small,medium,EBM NSF score violin; dense single-cell points; control green vs MPL W515L purple,PRIVATE_REFERENCE_ONLY/corpus/PMC7616771/figures/Fig3.jpg,gc_science
Science Translational Medicine,PMC7616771,2024,10.1126/scitranslmed.adj7552,3,C,violin+points,2,unknown,yes,unknown,inferred,none,none,small,none,filled,jitter,na,na,multi_categorical,coloured,line+stars,stars,LB,none,none,yes,small,medium,Acta2 log2 normalized UMI violin next to UMAP; dense single-cell points; yellow star central marker,PRIVATE_REFERENCE_ONLY/corpus/PMC7616771/figures/Fig3.jpg,gc_science
Science Translational Medicine,PMC7616771,2024,10.1126/scitranslmed.adj7552,3,D,bar,11,unknown,no,none,none,none,none,na,na,na,na,wide,na,single_accent,na,none,none,LB,above,none,yes,medium,medium,horizontal ranked bar chart of HALLMARK gene set NES enriched in MPL W515L MSCs; categories are gene sets not experimental groups; significance conveyed by header text NES>1 and FDR<0.25,PRIVATE_REFERENCE_ONLY/corpus/PMC7616771/figures/Fig3.jpg,gc_science
Science Translational Medicine,PMC7616771,2024,10.1126/scitranslmed.adj7552,3,G,bar,8,unknown,no,none,none,none,none,na,na,na,na,wide,na,single_accent,na,none,none,LB,above,none,yes,medium,medium,horizontal ranked bar chart of HALLMARK gene sets enriched in iFibs cluster 4; categories are gene sets; salmon single accent,PRIVATE_REFERENCE_ONLY/corpus/PMC7616771/figures/Fig3.jpg,gc_science
Science Translational Medicine,PMC7616771,2024,10.1126/scitranslmed.adj7552,3,H,bar,2,unknown,no,none,none,none,none,na,na,na,na,medium,na,multi_categorical,coloured,none,none,LB,none,none,yes,small,medium,frequency of iFibs control green vs MPL W515L purple; two plain bars with no error bars and no statistical annotation,PRIVATE_REFERENCE_ONLY/corpus/PMC7616771/figures/Fig3.jpg,gc_science
Science Translational Medicine,PMC7616771,2024,10.1126/scitranslmed.adj7552,3,I,violin+points,2,unknown,yes,unknown,inferred,none,none,small,none,filled,jitter,na,na,multi_categorical,coloured,line+stars,stars,LB,none,none,yes,small,medium,iFibs chemokine score violin beside UMAP; dense single-cell points; yellow star central marker,PRIVATE_REFERENCE_ONLY/corpus/PMC7616771/figures/Fig3.jpg,gc_science
Science Translational Medicine,PMC7616771,2024,10.1126/scitranslmed.adj7552,6,C1,bar+points,4,~8/~8/~13/~11,yes,mean,caption,SEM,caption,medium,dark,filled,jitter,medium,na,multi_categorical,coloured,bracket+stars,stars,LB,none,in_caption,yes,small,medium,platelet counts; four treatment groups with rotated category labels; black filled circle and triangle markers over pastel coloured bars; bracket only between the two MPL W515L groups,PRIVATE_REFERENCE_ONLY/corpus/PMC7616771/figures/Fig6.jpg,gc_science
Science Translational Medicine,PMC7616771,2024,10.1126/scitranslmed.adj7552,6,C2,bar+points,4,~8/~8/~13/~11,yes,mean,caption,SEM,caption,medium,dark,filled,jitter,medium,na,multi_categorical,coloured,bracket+stars,stars,LB,none,in_caption,yes,small,medium,hematocrit HCT percent; second subplot of panel C; same four groups and styling as C1,PRIVATE_REFERENCE_ONLY/corpus/PMC7616771/figures/Fig6.jpg,gc_science
Science Translational Medicine,PMC7616771,2024,10.1126/scitranslmed.adj7552,6,E,bar+points,4,~8/~8/~13/~11,yes,mean,caption,SEM,caption,medium,dark,filled,jitter,medium,na,multi_categorical,coloured,bracket+stars,stars,LB,none,in_caption,yes,small,medium,spleen weights for IgG vs anti-Gal1 in control and MPL W515L mice; bracket with ** between the two MPL W515L groups,PRIVATE_REFERENCE_ONLY/corpus/PMC7616771/figures/Fig6.jpg,gc_science
Science Translational Medicine,PMC7616771,2024,10.1126/scitranslmed.adj7552,6,F,bar+points,3,~5/~5/~4,yes,mean,caption,SEM,caption,medium,dark,filled,jitter,medium,na,multi_categorical,coloured,bracket+stars,stars,LB,none,in_caption,yes,small,medium,spleen weights PBS vs fedratinib; caption gives n=5 PBS and n=4 fedratinib for MPL W515L; bracket with * between the two MPL W515L groups,PRIVATE_REFERENCE_ONLY/corpus/PMC7616771/figures/Fig6.jpg,gc_science
Science Translational Medicine,PMC7617732,2024,10.1126/scitranslmed.adk1867,1,E,bar,8x3,unknown,no,none,none,none,none,na,na,na,na,narrow,na,multi_categorical,grey,none,none,LB,inside,none,yes,medium,medium,grouped bars of VH gene frequency percent; three series naive library grey vs 3FTx-L2-reactive cyan vs cross-reactive red across eight VH genes; no error bars,PRIVATE_REFERENCE_ONLY/corpus/PMC7617732/figures/Fig1.jpg,gc_science
Science Translational Medicine,PMC7617732,2024,10.1126/scitranslmed.adk1867,1,F,bar,4x3,unknown,no,none,none,none,none,na,na,na,na,narrow,na,multi_categorical,grey,none,none,LB,inside,none,yes,medium,medium,grouped bars of VL gene frequency percent; same three series as panel E across four VL genes,PRIVATE_REFERENCE_ONLY/corpus/PMC7617732/figures/Fig1.jpg,gc_science
Science Translational Medicine,PMC7617732,2024,10.1126/scitranslmed.adk1867,1,G,bar,11x3,unknown,no,none,none,none,none,na,na,na,na,narrow,na,multi_categorical,grey,none,none,LB,inside,none,yes,medium,medium,grouped bars of CDRH3 length frequency percent; x axis is discrete residue counts 10 to 20 so categories are ordered numeric bins; same three series as panel E,PRIVATE_REFERENCE_ONLY/corpus/PMC7617732/figures/Fig1.jpg,gc_science
Science Translational Medicine,PMC7617732,2024,10.1126/scitranslmed.adk1867,1,H,bar,5,unknown,no,none,none,none,none,na,na,na,na,medium,na,multi_categorical,white_or_open,none,none,LB,none,none,yes,medium,medium,percent of 3FTx-L2 binders also present in each other sort variant; first bar L2 is white with black outline at 100 percent reference; remaining bars are individually coloured,PRIVATE_REFERENCE_ONLY/corpus/PMC7617732/figures/Fig1.jpg,gc_science
Science Translational Medicine,PMC7617732,2024,10.1126/scitranslmed.adk1867,2,B,dot_strip,16x7,~7/~7 per antibody,yes,none,none,none,none,medium,none,filled,centered,na,na,multi_categorical,coloured,none,none,LB,outside,none,no,medium,medium,SPR KD on log10 y axis with antibody clone as categorical x axis; up to seven coloured markers per antibody one per 3FTx-L variant; circles are selection variants and triangles additional variants; dotted DNB line at top for did-not-bind; no summary bars or error bars,PRIVATE_REFERENCE_ONLY/corpus/PMC7617732/figures/Fig2.jpg,gc_science
Science Translational Medicine,PMC7617989,2025,10.1126/scitranslmed.adu2459,6,E,bar+points,2,~5/~5,yes,mean,caption,SEM,caption,medium,none,filled,centered,medium,na,greys,grey,bracket+stars,stars,LB,none,in_caption,yes,small,medium,percent EGFR Y1068 positive cells vehicle vs MK-8931; grey and white bars with solid black circles; caption gives n=5 per group,PRIVATE_REFERENCE_ONLY/corpus/PMC7617989/figures/Fig6.jpg,gc_science
Science Translational Medicine,PMC7617989,2025,10.1126/scitranslmed.adu2459,6,H,bar+points,3,~5/~5/~6,yes,mean,caption,SEM,caption,medium,none,filled,centered,medium,na,single_accent,grey,bracket+stars,stars,LB,none,in_caption,yes,small,medium,spheroid invaded area; AAVS1 grey BACE1 KO white and BACE1 KO plus EGFR L858R red; two brackets with * and ****; caption gives n=5-6,PRIVATE_REFERENCE_ONLY/corpus/PMC7617989/figures/Fig6.jpg,gc_science
Science Translational Medicine,PMC7617989,2025,10.1126/scitranslmed.adu2459,6,K,bar+points,3,~10/~12/~7,yes,mean,caption,SEM,caption,medium,none,filled,centered,medium,na,single_accent,grey,bracket+stars,stars,LB,none,in_caption,yes,small,low,log total brain flux; y axis truncated starting at 3.0 so bars do not start at zero; dashed horizontal background threshold line near 3.6; points overlap so counts approximate; caption gives n=9-10 per group,PRIVATE_REFERENCE_ONLY/corpus/PMC7617989/figures/Fig6.jpg,gc_science
Science Translational Medicine,PMC7617989,2025,10.1126/scitranslmed.adu2459,7,C,bar+points,4,~8/~10/~8/~8,yes,mean,caption,SEM,caption,medium,none,filled,centered,medium,na,single_accent,grey,bracket+stars,stars,LB,none,none,yes,small,low,PLA foci per cell in HEK293T; control BACE1 and EGFR bars are grey and B+E bar is red; three brackets all ****; points overlap near baseline so counts approximate,PRIVATE_REFERENCE_ONLY/corpus/PMC7617989/figures/Fig7.jpg,gc_science
Science Translational Medicine,PMC7617989,2025,10.1126/scitranslmed.adu2459,7,E,bar+points,2,~6/~6,yes,mean,caption,SEM,caption,medium,none,filled,centered,medium,na,single_accent,grey,bracket+stars,stars,LB,none,none,yes,small,medium,PLA foci per cell in MH1002 cells; control grey bar vs PLA red bar; single bracket with *,PRIVATE_REFERENCE_ONLY/corpus/PMC7617989/figures/Fig7.jpg,gc_science
Science Translational Medicine,PMC7617989,2025,10.1126/scitranslmed.adu2459,7,I,bar+points,3,~3/~3/~3,yes,mean,caption,SD,caption,medium,none,filled,centered,medium,na,outline_only,white_or_open,bracket+stars,stars,LB,none,none,no,small,medium,BACE1 FRET activity assay relative fluorescence; y axis truncated from 1.5 to 2.0 so bars do not start at zero; groups defined by a plus minus condition matrix below the axis for EGFR 119L BACE1 and MK-8931; white bars with black outline; two brackets with * and **,PRIVATE_REFERENCE_ONLY/corpus/PMC7617989/figures/Fig7.jpg,gc_science
Science Translational Medicine,PMC7618036,2025,10.1126/scitranslmed.ads3085,1,C,bar+points,10,caption:5,yes,mean,caption,SD,caption,medium,dark,filled,jitter,medium,na,multi_categorical,coloured,none,none,LB,none,none,yes,medium,medium,each cell population a different colour; rotated category labels; no stats shown,PRIVATE_REFERENCE_ONLY/corpus/PMC7618036/figures/Fig1.jpg,gc_science
Science Translational Medicine,PMC7618036,2025,10.1126/scitranslmed.ads3085,1,F,bar+points,4,~10/~10/~10/~10,yes,mean,caption,SD,caption,medium,dark,filled,jitter,medium,na,multi_categorical,coloured,none,none,LB,none,none,yes,small,medium,TAM subsets coloured to match flow gates; category labels coloured,PRIVATE_REFERENCE_ONLY/corpus/PMC7618036/figures/Fig1.jpg,gc_science
Science Translational Medicine,PMC7618036,2025,10.1126/scitranslmed.ads3085,1,G,bar+points,2,~10/~10,yes,mean,caption,SD,caption,medium,dark,filled,jitter,medium,na,multi_categorical,coloured,none,none,LB,none,none,yes,small,medium,left sub-panel only; right is micrograph,PRIVATE_REFERENCE_ONLY/corpus/PMC7618036/figures/Fig1.jpg,gc_science
Science Translational Medicine,PMC7618036,2025,10.1126/scitranslmed.ads3085,1,I,bar+points,4x2,caption:4,yes,mean,caption,SD,caption,medium,dark,filled,jitter,medium,na,multi_categorical,coloured,bracket+stars,stars,LB,inside,none,yes,medium,medium,grouped bars Lyve1WT vs Lyve1Cre; dashed reference line at 100%; single bracket with *,PRIVATE_REFERENCE_ONLY/corpus/PMC7618036/figures/Fig1.jpg,gc_science
Science Translational Medicine,PMC7618036,2025,10.1126/scitranslmed.ads3085,2,H,bar+points,3x2,caption:6,yes,mean,caption,SD,caption,medium,dark,filled,jitter,medium,na,multi_categorical,grey,bracket+stars,stars,LB,inside,none,yes,medium,medium,grouped bars T0 grey vs T24 blue; only qualifying panel in figure (others line/heatmap),PRIVATE_REFERENCE_ONLY/corpus/PMC7618036/figures/Fig2.jpg,gc_science
Science Translational Medicine,PMC7618036,2025,10.1126/scitranslmed.ads3085,4,B,bar+points,6,caption:5,yes,mean,caption,SD,caption,medium,dark,filled,jitter,medium,na,multi_categorical,black,bracket+stars,stars,LB,none,none,yes,medium,medium,bars go negative for combination treatments; multiple stacked brackets,PRIVATE_REFERENCE_ONLY/corpus/PMC7618036/figures/Fig4.jpg,gc_science
Science Translational Medicine,PMC7618036,2025,10.1126/scitranslmed.ads3085,4,D,bar+points,6,caption:5,yes,mean,caption,SD,caption,medium,dark,filled,jitter,medium,na,multi_categorical,black,bracket+stars,stars,LB,none,none,yes,medium,medium,many stacked brackets above bars,PRIVATE_REFERENCE_ONLY/corpus/PMC7618036/figures/Fig4.jpg,gc_science
Science Translational Medicine,PMC7618036,2025,10.1126/scitranslmed.ads3085,4,F,bar+points,6,caption:5,yes,mean,caption,SD,caption,medium,dark,filled,jitter,medium,na,multi_categorical,black,bracket+stars,stars,LB,none,none,yes,medium,medium,many stacked brackets; one outlier point high,PRIVATE_REFERENCE_ONLY/corpus/PMC7618036/figures/Fig4.jpg,gc_science
Science Translational Medicine,PMC7618036,2025,10.1126/scitranslmed.ads3085,4,H,bar+points,4,4/3/4/4,yes,mean,caption,SD,caption,medium,dark,filled,jitter,medium,na,multi_categorical,grey,bracket+stars,stars,LB,none,none,yes,small,medium,right sub-panel; normalised to No-Mphi control at 100; C and E stacked composition bars skipped,PRIVATE_REFERENCE_ONLY/corpus/PMC7618036/figures/Fig4.jpg,gc_science
Science,PMC7618491,2026,10.1126/science.adw5137,4,C,bar+points,5x2,3/3 per mutant,yes,mean,caption,SD,caption,medium,same_colour,filled,jitter,medium,na,outline_only,coloured,bracket+p_value,mixed,LB,inside,none,yes,medium,medium,open outline bars orange/magenta; rotated exact P values above each bar plus two brackets with P values; grouped by R15B mutant; one-way ANOVA Tukey,PRIVATE_REFERENCE_ONLY/corpus/PMC7618491/figures/Fig4.jpg,gc_science
Science,PMC7618491,2026,10.1126/science.adw5137,4,E,bar+points,2x2,3/3,yes,mean,caption,SD,caption,medium,same_colour,filled,jitter,medium,na,outline_only,coloured,p_value_only,threshold,LB,inside,none,yes,small,medium,open outline bars; rotated P < values above mutant bars only; unpaired t-test,PRIVATE_REFERENCE_ONLY/corpus/PMC7618491/figures/Fig4.jpg,gc_science
Science,PMC7618491,2026,10.1126/science.adw5137,4,G,bar+points,2x2,3/3,yes,mean,caption,SD,caption,medium,same_colour,filled,jitter,medium,na,outline_only,coloured,p_value_only,threshold,LB,inside,none,yes,small,medium,open outline bars; non-significant P > 0.93 and P > 0.56 written above bars,PRIVATE_REFERENCE_ONLY/corpus/PMC7618491/figures/Fig4.jpg,gc_science
Science,PMC7618833,2026,10.1126/science.ady2822,2,B,dot_strip+summary,2,8/8,yes,mean,caption,SEM,caption,medium,none,filled,jitter,na,na,single_accent,black,bracket+stars,ns_text,LB,none,none,no,small,medium,mouse black vs human orange; mean line with SEM whiskers; bracket labelled ns; y axis starts at 2.0,PRIVATE_REFERENCE_ONLY/corpus/PMC7618833/figures/Fig2.jpg,gc_science
Science,PMC7618833,2026,10.1126/science.ady2822,2,C,dot_strip+summary,2,8/8,yes,mean,caption,SEM,caption,medium,none,filled,jitter,na,na,single_accent,black,bracket+stars,stars,LB,none,none,yes,small,medium,mouse black vs human orange; bracket with ****,PRIVATE_REFERENCE_ONLY/corpus/PMC7618833/figures/Fig2.jpg,gc_science
Science,PMC7618833,2026,10.1126/science.ady2822,2,D,bar+points,2x3,3/3/3 per direction,yes,mean,caption,SEM,caption,medium,none,filled,centered,narrow,na,multi_categorical,grey,bracket+stars,stars,LB,none,none,yes,small,medium,right sub-panel only; grouped bars Up/Down x three reporters grey/orange/teal; negative bars for Down; colours defined by text in left sub-panel,PRIVATE_REFERENCE_ONLY/corpus/PMC7618833/figures/Fig2.jpg,gc_science
Science,PMC7618833,2026,10.1126/science.ady2822,2,F,dot_strip+summary,2x2,3/3 per species,yes,mean,caption,SEM,caption,medium,none,filled,jitter,na,na,multi_categorical,coloured,bracket+stars,mixed,LB,none,none,yes,small,medium,right sub-panel; shift-up red vs shift-down blue points; bracket **** and ns plus TWA interaction p text; dashed zero line,PRIVATE_REFERENCE_ONLY/corpus/PMC7618833/figures/Fig2.jpg,gc_science
Science,PMC7618833,2026,10.1126/science.ady2822,2,G,dot_strip+summary,2x2,~12/~12 per species,yes,mean,caption,SEM,caption,medium,none,filled,jitter,na,na,multi_categorical,coloured,bracket+stars,mixed,LB,inside,none,no,small,medium,right sub-panel; Up red vs Down blue; brackets with **** and *; TWA interaction p < 0.0001 text; dashed line at 1,PRIVATE_REFERENCE_ONLY/corpus/PMC7618833/figures/Fig2.jpg,gc_science
Science,PMC7618833,2026,10.1126/science.ady2822,2,H1,dot_strip+summary,2,~12/~12,yes,mean,caption,SEM,caption,medium,none,filled,jitter,na,na,single_accent,black,stars_only,mixed,LB,none,none,no,small,medium,left sub-panel Mouse vs Human; one-sample t-test vs 1 so stars/ns placed above each group; dashed line at 1,PRIVATE_REFERENCE_ONLY/corpus/PMC7618833/figures/Fig2.jpg,gc_science
Science,PMC7618833,2026,10.1126/science.ady2822,2,H2,dot_strip+summary,2,3/3,yes,mean,caption,SEM,caption,medium,none,filled,jitter,na,na,multi_categorical,grey,stars_only,mixed,LB,none,none,no,small,medium,right sub-panel Rat vs Striped mouse (grey/maroon); * and ns above groups; dashed line at 1,PRIVATE_REFERENCE_ONLY/corpus/PMC7618833/figures/Fig2.jpg,gc_science
Science,PMC7618833,2026,10.1126/science.ady2822,2,I,dot_strip+summary,2x2,~18/~18 per species,yes,mean,caption,SEM,caption,medium,none,filled,jitter,na,na,multi_categorical,coloured,bracket+stars,mixed,LB,inside,none,no,small,medium,right sub-panel; 37C red vs 32C blue per species; brackets **** and **; TWA interaction p text,PRIVATE_REFERENCE_ONLY/corpus/PMC7618833/figures/Fig2.jpg,gc_science
Science,PMC7618833,2026,10.1126/science.ady2822,3,D,dot_strip+summary,2,~3/~3 per sub-plot,yes,mean,inferred,unknown,none,medium,none,filled,centered,na,na,multi_categorical,coloured,stars_only,mixed,LB,inside,none,yes,small,low,eight small-multiple sub-plots (phosphosites) each M vs H; shift-up red and shift-down blue points connected by lines across M-H; stars or ns above each sub-plot; dashed zero line,PRIVATE_REFERENCE_ONLY/corpus/PMC7618833/figures/Fig3.jpg,gc_science
Science,PMC7618833,2026,10.1126/science.ady2822,3,E,dot_strip+summary,8x2,3/3 per site,yes,mean,caption,SEM,caption,medium,none,filled,centered,na,na,single_accent,black,stars_only,mixed,LB,above,none,yes,medium,medium,mouse black vs human orange side by side for eight phosphosites; stars/ns written below x axis; dashed zero line; log2 FC axis,PRIVATE_REFERENCE_ONLY/corpus/PMC7618833/figures/Fig3.jpg,gc_science
Science,PMC7618833,2026,10.1126/science.ady2822,3,I,box+violin+points,2,~100/~86,yes,median,inferred,IQR_whiskers,inferred,small,none,filled,jitter,na,narrow,multi_categorical,grey,bracket+stars,stars,LB,none,none,no,small,medium,raincloud style: box with half-violin to the right and jittered points; nocturnal grey vs diurnal orange; bracket ***; narrow y range 0.975-0.985,PRIVATE_REFERENCE_ONLY/corpus/PMC7618833/figures/Fig3.jpg,gc_science
Science,PMC7618833,2026,10.1126/science.ady2822,5,A,dot_strip+summary,3,5/6/4,yes,mean,caption,SEM,caption,medium,none,filled,jitter,na,na,single_accent,coloured,stars_only,mixed,LB,none,none,yes,small,medium,right sub-panel; blue points different marker shapes per tissue (circle/triangle/square); **** above each group plus two-way ANOVA interaction p text; y axis negative (0 to -20),PRIVATE_REFERENCE_ONLY/corpus/PMC7618833/figures/Fig5.jpg,gc_science
Science,PMC7618833,2026,10.1126/science.ady2822,5,C,dot_strip+summary,2,3/4,yes,mean,caption,SEM,caption,medium,none,filled,jitter,na,na,single_accent,coloured,bracket+stars,ns_text,LB,none,none,yes,small,medium,right-below sub-panel; blue circles vs squares; bracket ns; zero line dashed,PRIVATE_REFERENCE_ONLY/corpus/PMC7618833/figures/Fig5.jpg,gc_science
Science,PMC7618833,2026,10.1126/science.ady2822,5,D1,dot_strip+summary,2x2,~10/~11,yes,mean,caption,SEM,caption,medium,none,filled,centered,na,na,single_accent,black,bracket+stars,mixed,LB,above,none,no,small,medium,bottom-left sub-panel Acrophase; paired baseline (black) vs test (blue) points connected by lines within ad lib and WFF groups; brackets ns and ****,PRIVATE_REFERENCE_ONLY/corpus/PMC7618833/figures/Fig5.jpg,gc_science
Science,PMC7618833,2026,10.1126/science.ady2822,5,D2,dot_strip+summary,2x2,~10/~11,yes,mean,caption,SEM,caption,medium,none,filled,centered,na,na,single_accent,black,bracket+stars,mixed,LB,above,none,yes,small,medium,bottom-right sub-panel Diurnality index; paired connected points baseline vs test; brackets ns and ****,PRIVATE_REFERENCE_ONLY/corpus/PMC7618833/figures/Fig5.jpg,gc_science
Science,PMC7618833,2026,10.1126/science.ady2822,5,E,dot_strip+summary,2,~11/~12,yes,mean,caption,SEM,caption,medium,none,filled,jitter,na,na,single_accent,coloured,stars_only,mixed,LB,none,none,yes,small,medium,liver vs brain low-met mice as % of control; dashed 100% reference line; ns and ** above groups,PRIVATE_REFERENCE_ONLY/corpus/PMC7618833/figures/Fig5.jpg,gc_science
Science,PMC7618833,2026,10.1126/science.ady2822,5,G1,dot_strip+summary,2,~11/~12,yes,mean,caption,SEM,caption,medium,none,filled,jitter,na,na,single_accent,black,bracket+stars,stars,LB,none,none,no,small,medium,top-right sub-panel Acrophase Con (black) vs Low met (blue); bracket **,PRIVATE_REFERENCE_ONLY/corpus/PMC7618833/figures/Fig5.jpg,gc_science
Science,PMC7618833,2026,10.1126/science.ady2822,5,G2,dot_strip+summary,2,~11/~12,yes,mean,caption,SEM,caption,medium,none,filled,jitter,na,na,single_accent,black,bracket+stars,stars,LB,none,none,no,small,medium,bottom-right sub-panel Activity onset Con vs Low met; bracket *; Welch t-test,PRIVATE_REFERENCE_ONLY/corpus/PMC7618833/figures/Fig5.jpg,gc_science
Science,PMC7619046,2026,10.1126/science.aeb6999,2,B,bar+points,2,7/5,yes,mean,caption,SEM,caption,medium,dark,open,centered,medium,na,multi_categorical,coloured,bracket+p_value,exact,LB,none,none,yes,small,medium,CL number control vs Rank Cx3cr1 KO; open circles vs open triangles; two-colour blue/purple bars,PRIVATE_REFERENCE_ONLY/corpus/PMC7619046/figures/Fig2.jpg,gc_science
Science,PMC7619046,2026,10.1126/science.aeb6999,2,D,bar+points,2,5/4,yes,mean,caption,SEM,caption,medium,dark,open,centered,medium,na,multi_categorical,coloured,bracket+p_value,exact,LB,none,none,yes,small,medium,day of first estrous; open circle vs triangle markers,PRIVATE_REFERENCE_ONLY/corpus/PMC7619046/figures/Fig2.jpg,gc_science
Science,PMC7619046,2026,10.1126/science.aeb6999,2,F,bar+points,2,8/8,yes,mean,caption,SEM,caption,medium,dark,open,centered,medium,na,multi_categorical,coloured,bracket+p_value,exact,LB,none,none,yes,small,low,days from mating to birth; blue vs purple bars,PRIVATE_REFERENCE_ONLY/corpus/PMC7619046/figures/Fig2.jpg,gc_science
Science,PMC7619046,2026,10.1126/science.aeb6999,2,G,bar+points,2,7/8,yes,mean,caption,SEM,caption,medium,dark,open,centered,medium,na,multi_categorical,coloured,bracket+p_value,exact,LB,none,none,yes,small,medium,LH concentration female; open markers over coloured bars,PRIVATE_REFERENCE_ONLY/corpus/PMC7619046/figures/Fig2.jpg,gc_science
Science,PMC7619046,2026,10.1126/science.aeb6999,2,H,bar+points,2,5/4,yes,mean,caption,SEM,caption,medium,dark,open,centered,medium,na,multi_categorical,coloured,bracket+p_value,exact,LB,none,none,yes,small,medium,testosterone serum male; orange vs pink bars,PRIVATE_REFERENCE_ONLY/corpus/PMC7619046/figures/Fig2.jpg,gc_science
Science,PMC7619046,2026,10.1126/science.aeb6999,2,I,bar+points,2,~20/~15,yes,mean,caption,SEM,caption,medium,dark,open,centered,medium,na,multi_categorical,coloured,bracket+p_value,exact,LB,none,none,yes,small,low,testicular weight; many overlapping points,PRIVATE_REFERENCE_ONLY/corpus/PMC7619046/figures/Fig2.jpg,gc_science
Science,PMC7619046,2026,10.1126/science.aeb6999,2,K,bar+points,2,~12/~10,yes,mean,caption,SEM,caption,medium,dark,open,centered,medium,na,multi_categorical,coloured,bracket+p_value,exact,LB,none,none,yes,small,low,LH male; orange vs pink bars,PRIVATE_REFERENCE_ONLY/corpus/PMC7619046/figures/Fig2.jpg,gc_science
Science,PMC7619046,2026,10.1126/science.aeb6999,2,L,bar+points,2x2,4/4 per gene,yes,mean,caption,SEM,caption,medium,dark,open,centered,medium,na,multi_categorical,coloured,bracket+p_value,exact,LB,above,none,yes,small,medium,grouped bars Rank and Gnrh1 genes x genotype; legend above panel J shared; mRNA relative levels,PRIVATE_REFERENCE_ONLY/corpus/PMC7619046/figures/Fig2.jpg,gc_science
Science,PMC7619046,2026,10.1126/science.aeb6999,2,M,bar+points,2,~10/~14,yes,mean,caption,SEM,caption,medium,dark,open,centered,medium,na,multi_categorical,coloured,bracket+p_value,exact,LB,none,none,yes,small,low,testicular weight iCx3cr1 TAM; points overlap,PRIVATE_REFERENCE_ONLY/corpus/PMC7619046/figures/Fig2.jpg,gc_science
Science,PMC7619046,2026,10.1126/science.aeb6999,2,N,bar+points,2,6/6,yes,mean,caption,SEM,caption,medium,dark,open,centered,medium,na,multi_categorical,coloured,bracket+p_value,exact,LB,none,none,yes,small,medium,LH concentration iCx3cr1,PRIVATE_REFERENCE_ONLY/corpus/PMC7619046/figures/Fig2.jpg,gc_science
Science,PMC7619046,2026,10.1126/science.aeb6999,3,A,bar,10,unknown,no,none,none,none,none,na,na,na,na,medium,na,multi_categorical,coloured,none,none,LB,inside,none,yes,small,medium,horizontal stacked UP/DOWN DEG count bars across 10 hypothalamic cell types,PRIVATE_REFERENCE_ONLY/corpus/PMC7619046/figures/Fig3.jpg,gc_science
Science,PMC7619046,2026,10.1126/science.aeb6999,3,E,bar,3,unknown,no,none,none,none,none,na,na,na,na,medium,na,multi_categorical,coloured,none,none,LB,none,none,yes,small,medium,horizontal stacked up/down DEG counts across 3 microglia clusters,PRIVATE_REFERENCE_ONLY/corpus/PMC7619046/figures/Fig3.jpg,gc_science
Science,PMC7619046,2026,10.1126/science.aeb6999,3,G,bar+points,3x2,3/3,yes,mean,caption,SEM,caption,medium,dark,open,centered,medium,na,multi_categorical,coloured,bracket+p_value,exact,LB,above,none,yes,small,medium,broken y axis; grouped bars for cell soma and processes area x genotype,PRIVATE_REFERENCE_ONLY/corpus/PMC7619046/figures/Fig3.jpg,gc_science
Science,PMC7619046,2026,10.1126/science.aeb6999,3,J,bar+points,2,6/6,yes,mean,caption,SEM,caption,medium,dark,open,centered,medium,na,multi_categorical,coloured,bracket+p_value,exact,LB,inside,none,yes,small,medium,LH levels after intracranial 4-OHT; orange vs pink bars,PRIVATE_REFERENCE_ONLY/corpus/PMC7619046/figures/Fig3.jpg,gc_science
Science,PMC7619046,2026,10.1126/science.aeb6999,4,A1,bar+points,2,3/3,yes,mean,caption,SEM,caption,medium,dark,open,centered,medium,na,multi_categorical,coloured,bracket+p_value,exact,LB,none,none,yes,small,medium,normalized microglia-GnRH neuron contacts; first of two quantification subplots in panel A,PRIVATE_REFERENCE_ONLY/corpus/PMC7619046/figures/Fig4.jpg,gc_science
Science,PMC7619046,2026,10.1126/science.aeb6999,4,A2,bar+points,2,3/3,yes,mean,caption,SEM,caption,medium,dark,open,centered,medium,na,multi_categorical,coloured,bracket+p_value,exact,LB,none,none,yes,small,medium,normalized GnRH particles engulfed by microglia; second quantification subplot in panel A,PRIVATE_REFERENCE_ONLY/corpus/PMC7619046/figures/Fig4.jpg,gc_science
Science,PMC7619046,2026,10.1126/science.aeb6999,4,B,bar+points,2,3/3,yes,mean,caption,SEM,caption,medium,dark,open,centered,medium,na,multi_categorical,coloured,bracket+p_value,exact,LB,none,none,yes,small,medium,microglia CD68 volume content percent,PRIVATE_REFERENCE_ONLY/corpus/PMC7619046/figures/Fig4.jpg,gc_science
Science,PMC7619046,2026,10.1126/science.aeb6999,4,C,bar+points,2,3/3,yes,mean,caption,SEM,caption,medium,dark,open,centered,medium,na,multi_categorical,coloured,none,none,LB,none,none,yes,small,medium,AUC bar subplot on right of panel C; left time-course line plot not coded,PRIVATE_REFERENCE_ONLY/corpus/PMC7619046/figures/Fig4.jpg,gc_science
Science,PMC7619046,2026,10.1126/science.aeb6999,4,D,bar+points,2,~7/4,yes,mean,caption,SEM,caption,medium,dark,open,centered,medium,na,multi_categorical,coloured,bracket+p_value,exact,LB,none,none,yes,small,medium,AUC bar subplot on right of panel D; left time-course line plot not coded,PRIVATE_REFERENCE_ONLY/corpus/PMC7619046/figures/Fig4.jpg,gc_science
Science,PMC7619046,2026,10.1126/science.aeb6999,4,E,bar+points,3x2,~10/~11 Kiss1; 4/4 Gpr54; ~8/~8 Tac2,yes,mean,caption,SEM,caption,medium,dark,open,jitter,medium,na,multi_categorical,coloured,bracket+p_value,exact,LB,inside,none,yes,small,low,grouped bars for Kiss1 Gpr54 Tac2 x genotype; points overlap,PRIVATE_REFERENCE_ONLY/corpus/PMC7619046/figures/Fig4.jpg,gc_science
Science,PMC7619046,2026,10.1126/science.aeb6999,4,F,bar+points,2,3/3,yes,mean,caption,SEM,caption,medium,dark,open,centered,medium,na,multi_categorical,coloured,none,none,LB,none,none,yes,small,medium,Kiss1 expressing cell counts; no p value printed,PRIVATE_REFERENCE_ONLY/corpus/PMC7619046/figures/Fig4.jpg,gc_science
Science,PMC7619062,2026,10.1126/science.adz5344,4,B,bar+points,3,3/3/3,yes,mean,inferred,SD,caption,small,none,filled,centered,medium,na,greys,grey,bracket+stars,stars,LB,none,none,yes,small,medium,normalized Est3/Est2 ratio; grey bars with black dots; WT normalized to 1 with no visible spread,PRIVATE_REFERENCE_ONLY/corpus/PMC7619062/figures/Fig4.jpg,gc_science
Science,PMC7619062,2026,10.1126/science.adz5344,4,D,bar+points,3,3/3/3,yes,mean,inferred,SD,caption,small,none,filled,centered,medium,na,greys,grey,bracket+stars,stars,LB,none,none,yes,small,medium,normalized Est3/Est2 ratio for NOB interaction mutants; grey bars black dots,PRIVATE_REFERENCE_ONLY/corpus/PMC7619062/figures/Fig4.jpg,gc_science
Science,PMC7619062,2026,10.1126/science.adz5344,4,F,bar+points,4,3/3/3/3,yes,mean,inferred,SD,caption,small,none,filled,centered,medium,na,greys,grey,stars_only,stars,LB,none,none,yes,small,medium,TRF band length change vs WT; bars extend downward from zero baseline at top; stars printed below bars; WT bar is zero height,PRIVATE_REFERENCE_ONLY/corpus/PMC7619062/figures/Fig4.jpg,gc_science
Science,PMC7619443,2026,10.1126/science.aed9286,1,C,box+points,2,6/5,yes,median,inferred,IQR_whiskers,inferred,medium,dark,filled,jitter,na,medium,multi_categorical,coloured,stars_only,stars,LB,none,none,yes,small,medium,fraction chromatin-bound RAD51 at 90 vs 150 min; blue vs salmon filled circles over box; caption N=6 and N=5,PRIVATE_REFERENCE_ONLY/corpus/PMC7619443/figures/Fig1.webp,gc_science
Science,PMC7619443,2026,10.1126/science.aed9286,1,E,box+points,2,5/5,yes,median,inferred,IQR_whiskers,inferred,medium,dark,filled,jitter,na,medium,multi_categorical,coloured,stars_only,stars,LB,none,none,yes,small,medium,percent NET density vehicle vs RI-1; caption N=5 images,PRIVATE_REFERENCE_ONLY/corpus/PMC7619443/figures/Fig1.webp,gc_science
Science,PMC7619443,2026,10.1126/science.aed9286,1,N1,box+points,2,5/6,yes,median,inferred,IQR_whiskers,inferred,medium,dark,filled,jitter,na,medium,multi_categorical,coloured,stars_only,stars,LB,none,none,yes,small,medium,upper subplot of panel N: percent NET/DAPI area; caption N=5 control and N=6 RI-1,PRIVATE_REFERENCE_ONLY/corpus/PMC7619443/figures/Fig1.webp,gc_science
Science,PMC7619443,2026,10.1126/science.aed9286,1,N2,box+points,2,5/6,yes,median,inferred,IQR_whiskers,inferred,medium,dark,filled,jitter,na,medium,multi_categorical,coloured,none,ns_text,LB,none,none,no,small,medium,lower subplot of panel N: fungal load CFU per gram on log10 y axis; ns printed,PRIVATE_REFERENCE_ONLY/corpus/PMC7619443/figures/Fig1.webp,gc_science
Science,PMC7619443,2026,10.1126/science.aed9286,2,B,violin+points,4,caption:515/315/172/83,yes,none,none,none,none,small,none,filled,beeswarm,na,na,multi_categorical,coloured,bracket+stars,stars,LB,none,none,yes,small,medium,RAD51 fluorescence per cell; dense filled points fill each violin; no median line drawn; axis order Naive PMA Ionomycin Hyphae,PRIVATE_REFERENCE_ONLY/corpus/PMC7619443/figures/Fig2.webp,gc_science
Science,PMC7619443,2026,10.1126/science.aed9286,2,F,bar+points,5,4/8/3/5/5,yes,mean,inferred,unknown,none,medium,dark,filled,centered,medium,na,multi_categorical,coloured,bracket+stars,stars,LB,none,none,yes,small,medium,normalized NET fluorescence loss; five pastel bars with black outline and black dots; +RI-1 bracket label under last two categories,PRIVATE_REFERENCE_ONLY/corpus/PMC7619443/figures/Fig2.webp,gc_science
Science,PMC7619443,2026,10.1126/science.aed9286,3,A,box+points,2,5/6,yes,mean,caption,SEM,caption,medium,same_colour,filled,jitter,na,medium,multi_categorical,coloured,line+stars,stars,LB,none,none,no,small,medium,body weight percent of original; y axis starts at 90; caption states box shows mean and 10-90 percentile with SEM error bars; blue Veh vs pink RI-1,PRIVATE_REFERENCE_ONLY/corpus/PMC7619443/figures/Fig3.webp,gc_science
Science,PMC7619443,2026,10.1126/science.aed9286,3,D1,box+points,2,6/6,yes,mean,caption,SEM,caption,medium,same_colour,filled,jitter,na,medium,multi_categorical,coloured,stars_only,stars,LB,none,none,yes,small,medium,plasma IL-6; first of four subplots in panel D; caption states box shows mean and 10-90 percentile with SEM error bars; blue Veh vs pink RI-1,PRIVATE_REFERENCE_ONLY/corpus/PMC7619443/figures/Fig3.webp,gc_science
Science,PMC7619443,2026,10.1126/science.aed9286,3,D2,box+points,2,6/6,yes,mean,caption,SEM,caption,medium,same_colour,filled,jitter,na,medium,multi_categorical,coloured,stars_only,stars,LB,none,none,yes,small,medium,lung G-CSF; caption states box shows mean and 10-90 percentile with SEM error bars; blue Veh vs pink RI-1,PRIVATE_REFERENCE_ONLY/corpus/PMC7619443/figures/Fig3.webp,gc_science
Science,PMC7619443,2026,10.1126/science.aed9286,3,D3,box+points,2,6/6,yes,mean,caption,SEM,caption,medium,same_colour,filled,jitter,na,medium,multi_categorical,coloured,stars_only,stars,LB,none,none,yes,small,medium,lung IL-5; caption states box shows mean and 10-90 percentile with SEM error bars; blue Veh vs pink RI-1,PRIVATE_REFERENCE_ONLY/corpus/PMC7619443/figures/Fig3.webp,gc_science
Science,PMC7619443,2026,10.1126/science.aed9286,3,D4,box+points,2,6/6,yes,mean,caption,SEM,caption,medium,same_colour,filled,jitter,na,medium,multi_categorical,coloured,stars_only,stars,LB,none,none,yes,small,medium,lung IL-13; caption states box shows mean and 10-90 percentile with SEM error bars; blue Veh vs pink RI-1,PRIVATE_REFERENCE_ONLY/corpus/PMC7619443/figures/Fig3.webp,gc_science
Science,PMC7619443,2026,10.1126/science.aed9286,3,E1,box+points,2,7/8,yes,mean,caption,SEM,caption,medium,same_colour,filled,jitter,na,medium,multi_categorical,coloured,stars_only,stars,LB,none,none,no,small,medium,lung CD4+ GATA3+ Teff; truncated y axis 2.6-3.6; caption states box shows mean and 10-90 percentile with SEM error bars; blue Veh vs pink RI-1,PRIVATE_REFERENCE_ONLY/corpus/PMC7619443/figures/Fig3.webp,gc_science
Science,PMC7619443,2026,10.1126/science.aed9286,3,E2,box+points,2,6/7,yes,mean,caption,SEM,caption,medium,same_colour,filled,jitter,na,medium,multi_categorical,coloured,stars_only,stars,LB,none,none,yes,small,medium,lung eosinophils percent CD45+; caption states box shows mean and 10-90 percentile with SEM error bars; blue Veh vs pink RI-1,PRIVATE_REFERENCE_ONLY/corpus/PMC7619443/figures/Fig3.webp,gc_science
Science,PMC7619443,2026,10.1126/science.aed9286,3,E3,box+points,2,5/7,yes,mean,caption,SEM,caption,medium,same_colour,filled,jitter,na,medium,multi_categorical,coloured,stars_only,stars,LB,none,none,yes,small,low,blood eosinophils percent CD45+; caption states box shows mean and 10-90 percentile with SEM error bars; blue Veh vs pink RI-1,PRIVATE_REFERENCE_ONLY/corpus/PMC7619443/figures/Fig3.webp,gc_science
Science,PMC7619443,2026,10.1126/science.aed9286,3,G1,box+points,4,6/6/6/6,yes,mean,caption,SEM,caption,medium,same_colour,filled,jitter,na,medium,multi_categorical,coloured,line+stars,stars,LB,none,none,yes,small,low,lung IL-6 across Veh RI-1 DNase I and RI-1+DNase I; caption states box shows mean and 10-90 percentile with SEM error bars; blue Veh vs pink RI-1,PRIVATE_REFERENCE_ONLY/corpus/PMC7619443/figures/Fig3.webp,gc_science
Science,PMC7619443,2026,10.1126/science.aed9286,3,G2,box+points,4,6/6/6/5,yes,mean,caption,SEM,caption,medium,same_colour,filled,jitter,na,medium,multi_categorical,coloured,line+stars,stars,LB,none,none,yes,small,low,lung IL-17A four treatment groups; caption states box shows mean and 10-90 percentile with SEM error bars; blue Veh vs pink RI-1,PRIVATE_REFERENCE_ONLY/corpus/PMC7619443/figures/Fig3.webp,gc_science
Science,PMC7619443,2026,10.1126/science.aed9286,4,B,box+points,4,6/6/6/4,yes,mean,caption,SEM,caption,medium,same_colour,filled,jitter,na,medium,multi_categorical,coloured,line+stars,stars,LB,none,none,no,small,medium,monocyte IL-6 MFI; y axis starts at 800; caption states box shows mean and 10-90 percentile with SEM error bars; each point one mouse,PRIVATE_REFERENCE_ONLY/corpus/PMC7619443/figures/Fig4.webp,gc_science
Science,PMC7619443,2026,10.1126/science.aed9286,4,C1,box+points,4,4/5/4/3,yes,mean,caption,SEM,caption,medium,same_colour,filled,jitter,na,medium,multi_categorical,coloured,line+stars,stars,LB,none,none,yes,small,low,lung IL-6 WT vs Ccr2-/- with or without RI-1; caption states box shows mean and 10-90 percentile with SEM error bars; each point one mouse,PRIVATE_REFERENCE_ONLY/corpus/PMC7619443/figures/Fig4.webp,gc_science
Science,PMC7619443,2026,10.1126/science.aed9286,4,C2,box+points,4,3/4/4/3,yes,mean,caption,SEM,caption,medium,same_colour,filled,jitter,na,medium,multi_categorical,coloured,line+stars,stars,LB,none,none,yes,small,low,plasma G-CSF; caption states box shows mean and 10-90 percentile with SEM error bars; each point one mouse,PRIVATE_REFERENCE_ONLY/corpus/PMC7619443/figures/Fig4.webp,gc_science
Science,PMC7619443,2026,10.1126/science.aed9286,4,C3,box+points,4,5/5/4/5,yes,mean,caption,SEM,caption,medium,same_colour,filled,jitter,na,medium,multi_categorical,coloured,line+stars,stars,LB,none,none,yes,small,low,plasma IL-17A; caption states box shows mean and 10-90 percentile with SEM error bars; each point one mouse,PRIVATE_REFERENCE_ONLY/corpus/PMC7619443/figures/Fig4.webp,gc_science
Science,PMC7619443,2026,10.1126/science.aed9286,4,C4,box+points,4,5/4/4/5,yes,mean,caption,SEM,caption,medium,same_colour,filled,jitter,na,medium,multi_categorical,coloured,line+stars,stars,LB,none,none,yes,small,low,lung IL-1 beta; caption states box shows mean and 10-90 percentile with SEM error bars; each point one mouse,PRIVATE_REFERENCE_ONLY/corpus/PMC7619443/figures/Fig4.webp,gc_science
Science,PMC7619443,2026,10.1126/science.aed9286,4,D,box+points,4,5/5/4/4,yes,mean,caption,SEM,caption,medium,same_colour,filled,jitter,na,medium,multi_categorical,coloured,line+stars,ns_text,LB,none,none,no,small,medium,log10 CFU per gram lung fungal load; single ns line spanning groups; caption states box shows mean and 10-90 percentile with SEM error bars; each point one mouse,PRIVATE_REFERENCE_ONLY/corpus/PMC7619443/figures/Fig4.webp,gc_science
Science,PMC7619443,2026,10.1126/science.aed9286,4,E1,box+points,4,5/5/4/5,yes,mean,caption,SEM,caption,medium,same_colour,filled,jitter,na,medium,multi_categorical,coloured,line+stars,stars,LB,none,none,yes,small,low,lung eosinophils percent CD45+; caption states box shows mean and 10-90 percentile with SEM error bars; each point one mouse,PRIVATE_REFERENCE_ONLY/corpus/PMC7619443/figures/Fig4.webp,gc_science
Science,PMC7619443,2026,10.1126/science.aed9286,4,E2,box+points,4,4/5/3/5,yes,mean,caption,SEM,caption,medium,same_colour,filled,jitter,na,medium,multi_categorical,coloured,line+stars,stars,LB,none,none,yes,small,low,blood immature over mature neutrophil ratio; caption states box shows mean and 10-90 percentile with SEM error bars; each point one mouse,PRIVATE_REFERENCE_ONLY/corpus/PMC7619443/figures/Fig4.webp,gc_science
Science,PMC7619443,2026,10.1126/science.aed9286,4,F1,box+points,2x2,6/6/6/6,yes,mean,caption,SEM,caption,medium,same_colour,filled,jitter,na,medium,multi_categorical,coloured,line+stars,stars,LB,none,none,yes,small,low,percent IL6+ of total blood monocytes; classical vs non-classical subgroups each Veh and RI-1; caption states box shows mean and 10-90 percentile with SEM error bars; each point one mouse,PRIVATE_REFERENCE_ONLY/corpus/PMC7619443/figures/Fig4.webp,gc_science
Science,PMC7619443,2026,10.1126/science.aed9286,4,F2,box+points,2x2,6/6/6/6,yes,mean,caption,SEM,caption,medium,same_colour,filled,jitter,na,medium,multi_categorical,coloured,line+stars,stars,LB,none,none,yes,small,low,percent IL6+ of total lung monocytes; classical vs non-classical subgroups; caption states box shows mean and 10-90 percentile with SEM error bars; each point one mouse,PRIVATE_REFERENCE_ONLY/corpus/PMC7619443/figures/Fig4.webp,gc_science
Science,PMC7619443,2026,10.1126/science.aed9286,5,A1,violin+points,5,~12/~25/~12/~15/~18,yes,none,none,none,none,medium,dark,filled,beeswarm,na,na,multi_categorical,grey,line+stars,stars,LB,none,none,yes,small,low,plasma cell-free DNA across HD ABPA CPA CF ABPA and IA; white violins with coloured filled points; each point one patient,PRIVATE_REFERENCE_ONLY/corpus/PMC7619443/figures/Fig5.webp,gc_science
Science,PMC7619443,2026,10.1126/science.aed9286,5,A2,violin+points,5,~12/~25/~12/~15/~18,yes,none,none,none,none,medium,dark,filled,beeswarm,na,na,multi_categorical,grey,line+stars,stars,LB,none,none,yes,small,low,plasma IL-6; many stacked significance lines above,PRIVATE_REFERENCE_ONLY/corpus/PMC7619443/figures/Fig5.webp,gc_science
Science,PMC7619443,2026,10.1126/science.aed9286,5,A3,violin+points,5,~12/~25/~12/~15/~18,yes,none,none,none,none,medium,dark,filled,beeswarm,na,na,multi_categorical,grey,line+stars,mixed,LB,none,none,yes,small,low,plasma IL-1 beta; both stars and ns shown,PRIVATE_REFERENCE_ONLY/corpus/PMC7619443/figures/Fig5.webp,gc_science
Science,PMC7619443,2026,10.1126/science.aed9286,5,A4,violin+points,5,~12/~25/~12/~15/~18,yes,none,none,none,none,medium,dark,filled,beeswarm,na,na,multi_categorical,grey,line+stars,mixed,LB,none,none,yes,small,low,plasma eotaxin; both stars and ns shown,PRIVATE_REFERENCE_ONLY/corpus/PMC7619443/figures/Fig5.webp,gc_science
Science,PMC7619443,2026,10.1126/science.aed9286,6,A1,box+points,2x2,5/5/5/5,yes,mean,caption,SEM,caption,medium,same_colour,filled,jitter,na,medium,multi_categorical,coloured,line+stars,mixed,LB,none,none,no,small,medium,lung Gata3+ CD4 Teff MFI; truncated y axis; IgG vs aIL6R within Veh and RI-1; caption defines box as mean and 10-90 percentile with SEM bars; ns and stars both shown,PRIVATE_REFERENCE_ONLY/corpus/PMC7619443/figures/Fig6.webp,gc_science
Science,PMC7619443,2026,10.1126/science.aed9286,6,A2,box+points,2x2,5/5/5/5,yes,mean,caption,SEM,caption,medium,same_colour,filled,jitter,na,medium,multi_categorical,coloured,line+stars,mixed,LB,none,none,no,small,medium,lung Gata3+ CD4 Tcm MFI; truncated y axis 5000-9000,PRIVATE_REFERENCE_ONLY/corpus/PMC7619443/figures/Fig6.webp,gc_science
Science,PMC7619443,2026,10.1126/science.aed9286,6,A3,box+points,2x2,5/5/5/5,yes,mean,caption,SEM,caption,medium,same_colour,filled,jitter,na,medium,multi_categorical,coloured,line+stars,mixed,LB,none,none,no,small,medium,lung IL-17A+ CD4 Tcm MFI; truncated y axis 2000-3000,PRIVATE_REFERENCE_ONLY/corpus/PMC7619443/figures/Fig6.webp,gc_science
Science,PMC7619443,2026,10.1126/science.aed9286,6,A4,box+points,2x2,5/5/5/5,yes,mean,caption,SEM,caption,medium,same_colour,filled,jitter,na,medium,multi_categorical,coloured,line+stars,mixed,LB,none,none,yes,small,medium,blood eosinophils percent CD45+,PRIVATE_REFERENCE_ONLY/corpus/PMC7619443/figures/Fig6.webp,gc_science
Science,PMC7619443,2026,10.1126/science.aed9286,6,C,violin+points,3,~12/~12/~12,yes,median,inferred,IQR_whiskers,inferred,medium,dark,filled,beeswarm,na,na,multi_categorical,coloured,line+stars,stars,LB,none,none,yes,small,low,fraction MUC5AC area over DAPI; violins with dashed quartile lines; each point one micrograph with 3 per animal N=4,PRIVATE_REFERENCE_ONLY/corpus/PMC7619443/figures/Fig6.webp,gc_science
Science,PMC7619443,2026,10.1126/science.aed9286,6,E,violin+points,2x2,~45/~45/~45/~45,yes,median,inferred,IQR_whiskers,inferred,medium,dark,filled,beeswarm,na,na,multi_categorical,coloured,line+stars,mixed,LB,none,none,yes,small,low,percent airway obstruction untreated vs 30 min methylcholine x Veh/RI-1; dense points inside violins,PRIVATE_REFERENCE_ONLY/corpus/PMC7619443/figures/Fig6.webp,gc_science
Science,PMC7619443,2026,10.1126/science.aed9286,6,F,violin+points,6,~35 each,yes,median,inferred,IQR_whiskers,inferred,medium,dark,filled,beeswarm,na,na,multi_categorical,coloured,line+stars,mixed,LB,none,none,yes,small,low,percent airway obstruction six conditions Veh/RI-1 IgG/aIL6R with and without methylcholine,PRIVATE_REFERENCE_ONLY/corpus/PMC7619443/figures/Fig6.webp,gc_science
Science Translational Medicine,PMC9765455,2023,10.1126/scitranslmed.abq4064,1,D,bar+points,6,3/3/3/3/3/3,yes,mean,caption,SD,caption,small,none,filled,centered,medium,na,greys,grey,stars_only,stars,LB,none,none,no,small,medium,viral RNA in Vero-TMPRSS2 supernatant across S-217622 doses; log10 y axis so no zero baseline; stars above bars vs untreated,PRIVATE_REFERENCE_ONLY/corpus/PMC9765455/figures/Fig1.jpg,gc_science
Science Translational Medicine,PMC9765455,2023,10.1126/scitranslmed.abq4064,1,E,bar+points,6,3/3/3/3/3/3,yes,mean,caption,SD,caption,small,none,filled,centered,medium,na,greys,grey,stars_only,stars,LB,none,none,no,small,medium,viral RNA in Calu-3 supernatant across doses; log10 y axis,PRIVATE_REFERENCE_ONLY/corpus/PMC9765455/figures/Fig1.jpg,gc_science
Science Translational Medicine,PMC9765455,2023,10.1126/scitranslmed.abq4064,1,G,bar+points,6x3,3 per bar,yes,mean,caption,SD,caption,small,none,filled,centered,narrow,na,multi_categorical,coloured,none,none,LB,inside,none,no,small,low,grouped bars by dose x 24/48/72 hpi; log10 y axis; coloured asterisk marks at baseline for undetectable samples,PRIVATE_REFERENCE_ONLY/corpus/PMC9765455/figures/Fig1.jpg,gc_science
Science Translational Medicine,PMC9765455,2023,10.1126/scitranslmed.abq4064,1,H,bar+points,7,3 per bar,yes,mean,caption,SD,caption,small,none,filled,centered,medium,na,greys,grey,stars_only,stars,LB,none,none,yes,small,medium,LDH abundance across doses plus control; linear y axis from zero,PRIVATE_REFERENCE_ONLY/corpus/PMC9765455/figures/Fig1.jpg,gc_science
Science Translational Medicine,PMC9765455,2023,10.1126/scitranslmed.abq4064,1,I1,bar+points,4,3/3/3/3,yes,mean,caption,SD,caption,small,none,filled,centered,medium,na,greys,grey,stars_only,stars,LB,inside,none,yes,small,medium,horizontal bars; S-217622 time-of-addition subplot; categories Mock Entry Post-entry Both stages; shared x axis relative viral RNA,PRIVATE_REFERENCE_ONLY/corpus/PMC9765455/figures/Fig1.jpg,gc_science
Science Translational Medicine,PMC9765455,2023,10.1126/scitranslmed.abq4064,1,I2,bar+points,4,3/3/3/3,yes,mean,caption,SD,caption,small,none,filled,centered,medium,na,greys,grey,stars_only,stars,LB,none,none,yes,small,medium,horizontal bars; Camostat time-of-addition subplot,PRIVATE_REFERENCE_ONLY/corpus/PMC9765455/figures/Fig1.jpg,gc_science
Science Translational Medicine,PMC9765455,2023,10.1126/scitranslmed.abq4064,1,I3,bar+points,4,3/3/3/3,yes,mean,caption,SD,caption,small,none,filled,centered,medium,na,greys,grey,stars_only,stars,LB,none,none,yes,small,medium,horizontal bars; anti-spike mAb time-of-addition subplot,PRIVATE_REFERENCE_ONLY/corpus/PMC9765455/figures/Fig1.jpg,gc_science
Science Translational Medicine,PMC9765459,2023,10.1126/scitranslmed.add6383,2,A1,dot_strip+summary,4,caption:8 per group,yes,median,caption,none,none,medium,same_colour,mixed,jitter,na,na,single_accent,coloured,bracket+stars,stars,LB,none,in_caption,yes,medium,medium,left subplot of A: Protein+3M-052-SE group plasma S-specific IgG AUC at wk6 wk22 wk52; short horizontal median bars; mixed open and filled symbol shapes per animal,PRIVATE_REFERENCE_ONLY/corpus/PMC9765459/figures/Fig2.jpg,gc_science
Science Translational Medicine,PMC9765459,2023,10.1126/scitranslmed.add6383,2,A2,dot_strip+summary,4,caption:8 per group,yes,median,caption,none,none,medium,same_colour,mixed,jitter,na,na,single_accent,coloured,bracket+stars,stars,LB,none,in_caption,yes,medium,medium,right subplot of A: mRNA-LNP group plasma IgG AUC; median bars; two significance brackets,PRIVATE_REFERENCE_ONLY/corpus/PMC9765459/figures/Fig2.jpg,gc_science
Science Translational Medicine,PMC9765459,2023,10.1126/scitranslmed.add6383,2,B1,dot_strip+summary,2,caption:8/8,yes,median,caption,none,none,medium,same_colour,mixed,jitter,na,na,multi_categorical,coloured,none,none,LB,none,in_caption,yes,medium,medium,nasal IgG activity; blue Protein vs orange mRNA; non-linear broken y axis; dotted cutoff line,PRIVATE_REFERENCE_ONLY/corpus/PMC9765459/figures/Fig2.jpg,gc_science
Science Translational Medicine,PMC9765459,2023,10.1126/scitranslmed.add6383,2,B2,dot_strip+summary,2,caption:8/8,yes,median,caption,none,none,medium,same_colour,mixed,jitter,na,na,multi_categorical,coloured,none,none,LB,none,in_caption,yes,medium,medium,salivary IgG activity; non-linear broken y axis; dotted cutoff line,PRIVATE_REFERENCE_ONLY/corpus/PMC9765459/figures/Fig2.jpg,gc_science
Science Translational Medicine,PMC9765459,2023,10.1126/scitranslmed.add6383,2,B3,dot_strip+summary,2,caption:8/8,yes,median,caption,none,none,medium,same_colour,mixed,jitter,na,na,multi_categorical,coloured,none,none,LB,none,in_caption,yes,medium,medium,rectal IgG activity; non-linear broken y axis; dotted cutoff line,PRIVATE_REFERENCE_ONLY/corpus/PMC9765459/figures/Fig2.jpg,gc_science
Science Translational Medicine,PMC9765459,2023,10.1126/scitranslmed.add6383,2,C1,dot_strip+summary,2,caption:8/8,yes,median,caption,none,none,medium,same_colour,mixed,jitter,na,na,multi_categorical,coloured,none,none,LB,none,in_caption,yes,medium,medium,nasal IgA activity; broken y axis; dotted cutoff line,PRIVATE_REFERENCE_ONLY/corpus/PMC9765459/figures/Fig2.jpg,gc_science
Science Translational Medicine,PMC9765459,2023,10.1126/scitranslmed.add6383,2,C2,dot_strip+summary,2,caption:8/8,yes,median,caption,none,none,medium,same_colour,mixed,jitter,na,na,multi_categorical,coloured,none,none,LB,outside,in_caption,yes,medium,medium,salivary IgA activity; group colour legend placed to the right of the subplot,PRIVATE_REFERENCE_ONLY/corpus/PMC9765459/figures/Fig2.jpg,gc_science
Science Translational Medicine,PMC9765459,2023,10.1126/scitranslmed.add6383,3,C,dot_strip+summary,2x4,caption:8 per group,yes,median,caption,none,none,medium,same_colour,mixed,jitter,na,na,multi_categorical,coloured,bracket+stars,stars,LB,none,in_caption,yes,medium,medium,plasma IgG binding to Delta and Omicron S at wk8 and wk52 for Protein (blue) and mRNA (orange) groups; dotted vertical separators; short horizontal median bars; single significance bracket in the mRNA half,PRIVATE_REFERENCE_ONLY/corpus/PMC9765459/figures/Fig3.jpg,gc_science
Science Translational Medicine,PMC9765459,2023,10.1126/scitranslmed.add6383,5,A1,dot_strip+summary,2x2,caption:8 per group,yes,median,caption,none,none,medium,same_colour,mixed,jitter,na,na,multi_categorical,coloured,bracket+stars,stars,LB,none,in_caption,yes,medium,medium,left subplot: cytokine+ CD4 T cells wk14 vs wk52 for both vaccine groups; median bars; tall square brackets,PRIVATE_REFERENCE_ONLY/corpus/PMC9765459/figures/Fig5.jpg,gc_science
Science Translational Medicine,PMC9765459,2023,10.1126/scitranslmed.add6383,5,A2,dot_strip+summary,2x2,caption:8 per group,yes,median,caption,none,none,medium,same_colour,mixed,jitter,na,na,multi_categorical,coloured,bracket+stars,stars,LB,inside,in_caption,yes,medium,medium,right subplot: cytokine+ CD8 T cells wk14 vs wk52; vaccine group colour legend at top right,PRIVATE_REFERENCE_ONLY/corpus/PMC9765459/figures/Fig5.jpg,gc_science
Science Translational Medicine,PMC9765459,2023,10.1126/scitranslmed.add6383,5,B1,dot_strip+summary,2x3,caption:8 per group,yes,median,caption,none,none,medium,same_colour,mixed,jitter,na,na,multi_categorical,coloured,none,none,LB,none,in_caption,yes,medium,medium,left subplot: cytokine+ CD4 T cells vs WT Delta Omicron peptide pools for each vaccine group; dotted vertical separator; no significance marks,PRIVATE_REFERENCE_ONLY/corpus/PMC9765459/figures/Fig5.jpg,gc_science
Science Translational Medicine,PMC9765459,2023,10.1126/scitranslmed.add6383,5,B2,dot_strip+summary,2x3,caption:8 per group,yes,median,caption,none,none,medium,same_colour,mixed,jitter,na,na,multi_categorical,coloured,bracket+stars,stars,LB,none,in_caption,yes,medium,medium,right subplot: cytokine+ CD8 T cells vs WT Delta Omicron pools; two brackets with stars in the mRNA half,PRIVATE_REFERENCE_ONLY/corpus/PMC9765459/figures/Fig5.jpg,gc_science
