paper_id,authors,year,journal,journal_family,DOI,article_type,figure_number,panel,plot_family,local_source,license,usable_for_measurement,notes
PMC10171335,"Hutten SJ, de Bruijn R, Lutz C, Badoux M, Eijkman T, Chao X, Ciwinska M, Sheinman M, Messal H, Herencia-Ropero A, Kristel P, Mulder L, van der Waal R, Sanders J, Almekinders MM, Llop-Guevara A, Davies HR, van Haren MJ, Martin NI, Behbod F, Nik-Zainal S, Serra V, van Rheenen J, Lips EH, Wessels LFA, Grand Challenge PRECISION Consortium, Wesseling J, Scheele CLGJ, Jonkers J.",2023,Cancer Cell,Cell,10.1016/j.ccell.2023.04.002,research-article,1,all,scatter/regression|categorical/composition|microscopy/other,PRIVATE_REFERENCE_ONLY/corpus/PMC10171335/figures/Fig1.jpg,http://creativecommons.org/licenses/by/4.0/ This is an open access article under the CC BY license (http://creativecommons.org/licenses/by/4.0/).,partial,caption-based classification
PMC10171335,"Hutten SJ, de Bruijn R, Lutz C, Badoux M, Eijkman T, Chao X, Ciwinska M, Sheinman M, Messal H, Herencia-Ropero A, Kristel P, Mulder L, van der Waal R, Sanders J, Almekinders MM, Llop-Guevara A, Davies HR, van Haren MJ, Martin NI, Behbod F, Nik-Zainal S, Serra V, van Rheenen J, Lips EH, Wessels LFA, Grand Challenge PRECISION Consortium, Wesseling J, Scheele CLGJ, Jonkers J.",2023,Cancer Cell,Cell,10.1016/j.ccell.2023.04.002,research-article,2,all,microscopy/other,PRIVATE_REFERENCE_ONLY/corpus/PMC10171335/figures/Fig2.jpg,http://creativecommons.org/licenses/by/4.0/ This is an open access article under the CC BY license (http://creativecommons.org/licenses/by/4.0/).,partial,no quantitative marker; caption-based classification
PMC10171335,"Hutten SJ, de Bruijn R, Lutz C, Badoux M, Eijkman T, Chao X, Ciwinska M, Sheinman M, Messal H, Herencia-Ropero A, Kristel P, Mulder L, van der Waal R, Sanders J, Almekinders MM, Llop-Guevara A, Davies HR, van Haren MJ, Martin NI, Behbod F, Nik-Zainal S, Serra V, van Rheenen J, Lips EH, Wessels LFA, Grand Challenge PRECISION Consortium, Wesseling J, Scheele CLGJ, Jonkers J.",2023,Cancer Cell,Cell,10.1016/j.ccell.2023.04.002,research-article,3,all,scatter/regression|forest/effect-size|categorical/composition|microscopy/other,PRIVATE_REFERENCE_ONLY/corpus/PMC10171335/figures/Fig3.jpg,http://creativecommons.org/licenses/by/4.0/ This is an open access article under the CC BY license (http://creativecommons.org/licenses/by/4.0/).,yes,caption-based classification
PMC10171335,"Hutten SJ, de Bruijn R, Lutz C, Badoux M, Eijkman T, Chao X, Ciwinska M, Sheinman M, Messal H, Herencia-Ropero A, Kristel P, Mulder L, van der Waal R, Sanders J, Almekinders MM, Llop-Guevara A, Davies HR, van Haren MJ, Martin NI, Behbod F, Nik-Zainal S, Serra V, van Rheenen J, Lips EH, Wessels LFA, Grand Challenge PRECISION Consortium, Wesseling J, Scheele CLGJ, Jonkers J.",2023,Cancer Cell,Cell,10.1016/j.ccell.2023.04.002,research-article,4,all,scatter/regression|bar/group comparison|volcano/MA|categorical/composition,PRIVATE_REFERENCE_ONLY/corpus/PMC10171335/figures/Fig4.jpg,http://creativecommons.org/licenses/by/4.0/ This is an open access article under the CC BY license (http://creativecommons.org/licenses/by/4.0/).,yes,caption-based classification
PMC10171335,"Hutten SJ, de Bruijn R, Lutz C, Badoux M, Eijkman T, Chao X, Ciwinska M, Sheinman M, Messal H, Herencia-Ropero A, Kristel P, Mulder L, van der Waal R, Sanders J, Almekinders MM, Llop-Guevara A, Davies HR, van Haren MJ, Martin NI, Behbod F, Nik-Zainal S, Serra V, van Rheenen J, Lips EH, Wessels LFA, Grand Challenge PRECISION Consortium, Wesseling J, Scheele CLGJ, Jonkers J.",2023,Cancer Cell,Cell,10.1016/j.ccell.2023.04.002,research-article,5,all,scatter/regression|bar/group comparison|box/violin|volcano/MA|microscopy/other,PRIVATE_REFERENCE_ONLY/corpus/PMC10171335/figures/Fig5.jpg,http://creativecommons.org/licenses/by/4.0/ This is an open access article under the CC BY license (http://creativecommons.org/licenses/by/4.0/).,yes,caption-based classification
PMC10171335,"Hutten SJ, de Bruijn R, Lutz C, Badoux M, Eijkman T, Chao X, Ciwinska M, Sheinman M, Messal H, Herencia-Ropero A, Kristel P, Mulder L, van der Waal R, Sanders J, Almekinders MM, Llop-Guevara A, Davies HR, van Haren MJ, Martin NI, Behbod F, Nik-Zainal S, Serra V, van Rheenen J, Lips EH, Wessels LFA, Grand Challenge PRECISION Consortium, Wesseling J, Scheele CLGJ, Jonkers J.",2023,Cancer Cell,Cell,10.1016/j.ccell.2023.04.002,research-article,6,all,bar/group comparison|categorical/composition|microscopy/other,PRIVATE_REFERENCE_ONLY/corpus/PMC10171335/figures/Fig6.jpg,http://creativecommons.org/licenses/by/4.0/ This is an open access article under the CC BY license (http://creativecommons.org/licenses/by/4.0/).,yes,caption-based classification
PMC10171335,"Hutten SJ, de Bruijn R, Lutz C, Badoux M, Eijkman T, Chao X, Ciwinska M, Sheinman M, Messal H, Herencia-Ropero A, Kristel P, Mulder L, van der Waal R, Sanders J, Almekinders MM, Llop-Guevara A, Davies HR, van Haren MJ, Martin NI, Behbod F, Nik-Zainal S, Serra V, van Rheenen J, Lips EH, Wessels LFA, Grand Challenge PRECISION Consortium, Wesseling J, Scheele CLGJ, Jonkers J.",2023,Cancer Cell,Cell,10.1016/j.ccell.2023.04.002,research-article,7,all,line/time-course|survival|microscopy/other,PRIVATE_REFERENCE_ONLY/corpus/PMC10171335/figures/Fig7.jpg,http://creativecommons.org/licenses/by/4.0/ This is an open access article under the CC BY license (http://creativecommons.org/licenses/by/4.0/).,yes,caption-based classification
PMC10507381,"Wagner SJ, Reisenbüchler D, West NP, Niehues JM, Zhu J, Foersch S, Veldhuizen GP, Quirke P, Grabsch HI, van den Brandt PA, Hutchins GGA, Richman SD, Yuan T, Langer R, Jenniskens JCA, Offermans K, Mueller W, Gray R, Gruber SB, Greenson JK, Rennert G, Bonner JD, Schmolze D, Jonnagaddala J, Hawkins NJ, Ward RL, Morton D, Seymour M, Magill L, Nowak M, Hay J, Koelzer VH, Church DN, TransSCOT consortium, Matek C, Geppert C, Peng C, Zhi C, Ouyang X, James JA, Loughrey MB, Salto-Tellez M, Brenner H, Hoffmeister M, Truhn D, Schnabel JA, Boxberg M, Peng T, Kather JN.",2023,Cancer Cell,Cell,10.1016/j.ccell.2023.08.002,research-article,1,all,microscopy/other,PRIVATE_REFERENCE_ONLY/corpus/PMC10507381/figures/Fig1.jpg,http://creativecommons.org/licenses/by/4.0/ This is an open access article under the CC BY license (http://creativecommons.org/licenses/by/4.0/).,partial,caption-based classification
PMC10507381,"Wagner SJ, Reisenbüchler D, West NP, Niehues JM, Zhu J, Foersch S, Veldhuizen GP, Quirke P, Grabsch HI, van den Brandt PA, Hutchins GGA, Richman SD, Yuan T, Langer R, Jenniskens JCA, Offermans K, Mueller W, Gray R, Gruber SB, Greenson JK, Rennert G, Bonner JD, Schmolze D, Jonnagaddala J, Hawkins NJ, Ward RL, Morton D, Seymour M, Magill L, Nowak M, Hay J, Koelzer VH, Church DN, TransSCOT consortium, Matek C, Geppert C, Peng C, Zhi C, Ouyang X, James JA, Loughrey MB, Salto-Tellez M, Brenner H, Hoffmeister M, Truhn D, Schnabel JA, Boxberg M, Peng T, Kather JN.",2023,Cancer Cell,Cell,10.1016/j.ccell.2023.08.002,research-article,2,all,line/time-course|heatmap,PRIVATE_REFERENCE_ONLY/corpus/PMC10507381/figures/Fig2.jpg,http://creativecommons.org/licenses/by/4.0/ This is an open access article under the CC BY license (http://creativecommons.org/licenses/by/4.0/).,yes,caption-based classification
PMC10507381,"Wagner SJ, Reisenbüchler D, West NP, Niehues JM, Zhu J, Foersch S, Veldhuizen GP, Quirke P, Grabsch HI, van den Brandt PA, Hutchins GGA, Richman SD, Yuan T, Langer R, Jenniskens JCA, Offermans K, Mueller W, Gray R, Gruber SB, Greenson JK, Rennert G, Bonner JD, Schmolze D, Jonnagaddala J, Hawkins NJ, Ward RL, Morton D, Seymour M, Magill L, Nowak M, Hay J, Koelzer VH, Church DN, TransSCOT consortium, Matek C, Geppert C, Peng C, Zhi C, Ouyang X, James JA, Loughrey MB, Salto-Tellez M, Brenner H, Hoffmeister M, Truhn D, Schnabel JA, Boxberg M, Peng T, Kather JN.",2023,Cancer Cell,Cell,10.1016/j.ccell.2023.08.002,research-article,3,all,heatmap,PRIVATE_REFERENCE_ONLY/corpus/PMC10507381/figures/Fig3.jpg,http://creativecommons.org/licenses/by/4.0/ This is an open access article under the CC BY license (http://creativecommons.org/licenses/by/4.0/).,yes,caption-based classification
PMC10507381,"Wagner SJ, Reisenbüchler D, West NP, Niehues JM, Zhu J, Foersch S, Veldhuizen GP, Quirke P, Grabsch HI, van den Brandt PA, Hutchins GGA, Richman SD, Yuan T, Langer R, Jenniskens JCA, Offermans K, Mueller W, Gray R, Gruber SB, Greenson JK, Rennert G, Bonner JD, Schmolze D, Jonnagaddala J, Hawkins NJ, Ward RL, Morton D, Seymour M, Magill L, Nowak M, Hay J, Koelzer VH, Church DN, TransSCOT consortium, Matek C, Geppert C, Peng C, Zhi C, Ouyang X, James JA, Loughrey MB, Salto-Tellez M, Brenner H, Hoffmeister M, Truhn D, Schnabel JA, Boxberg M, Peng T, Kather JN.",2023,Cancer Cell,Cell,10.1016/j.ccell.2023.08.002,research-article,4,all,microscopy/other,PRIVATE_REFERENCE_ONLY/corpus/PMC10507381/figures/Fig4.jpg,http://creativecommons.org/licenses/by/4.0/ This is an open access article under the CC BY license (http://creativecommons.org/licenses/by/4.0/).,partial,unclassified-quantitative; caption-based classification
PMC10507381,"Wagner SJ, Reisenbüchler D, West NP, Niehues JM, Zhu J, Foersch S, Veldhuizen GP, Quirke P, Grabsch HI, van den Brandt PA, Hutchins GGA, Richman SD, Yuan T, Langer R, Jenniskens JCA, Offermans K, Mueller W, Gray R, Gruber SB, Greenson JK, Rennert G, Bonner JD, Schmolze D, Jonnagaddala J, Hawkins NJ, Ward RL, Morton D, Seymour M, Magill L, Nowak M, Hay J, Koelzer VH, Church DN, TransSCOT consortium, Matek C, Geppert C, Peng C, Zhi C, Ouyang X, James JA, Loughrey MB, Salto-Tellez M, Brenner H, Hoffmeister M, Truhn D, Schnabel JA, Boxberg M, Peng T, Kather JN.",2023,Cancer Cell,Cell,10.1016/j.ccell.2023.08.002,research-article,5,all,microscopy/other,PRIVATE_REFERENCE_ONLY/corpus/PMC10507381/figures/Fig5.jpg,http://creativecommons.org/licenses/by/4.0/ This is an open access article under the CC BY license (http://creativecommons.org/licenses/by/4.0/).,partial,caption-based classification
PMC10864002,"Benguigui M, Cooper TJ, Kalkar P, Schif-Zuck S, Halaban R, Bacchiocchi A, Kamer I, Deo A, Manobla B, Menachem R, Haj-Shomaly J, Vorontsova A, Raviv Z, Buxbaum C, Christopoulos P, Bar J, Lotem M, Sznol M, Ariel A, Shen-Orr SS, Shaked Y.",2024,Cancer Cell,Cell,10.1016/j.ccell.2023.12.005,research-article,1,all,microscopy/other,PRIVATE_REFERENCE_ONLY/corpus/PMC10864002/figures/Fig1.jpg,http://creativecommons.org/licenses/by/4.0/ This is an open access article under the CC BY license (http://creativecommons.org/licenses/by/4.0/).,partial,caption-based classification
PMC10864002,"Benguigui M, Cooper TJ, Kalkar P, Schif-Zuck S, Halaban R, Bacchiocchi A, Kamer I, Deo A, Manobla B, Menachem R, Haj-Shomaly J, Vorontsova A, Raviv Z, Buxbaum C, Christopoulos P, Bar J, Lotem M, Sznol M, Ariel A, Shen-Orr SS, Shaked Y.",2024,Cancer Cell,Cell,10.1016/j.ccell.2023.12.005,research-article,2,all,heatmap,PRIVATE_REFERENCE_ONLY/corpus/PMC10864002/figures/Fig2.jpg,http://creativecommons.org/licenses/by/4.0/ This is an open access article under the CC BY license (http://creativecommons.org/licenses/by/4.0/).,yes,caption-based classification
PMC10864002,"Benguigui M, Cooper TJ, Kalkar P, Schif-Zuck S, Halaban R, Bacchiocchi A, Kamer I, Deo A, Manobla B, Menachem R, Haj-Shomaly J, Vorontsova A, Raviv Z, Buxbaum C, Christopoulos P, Bar J, Lotem M, Sznol M, Ariel A, Shen-Orr SS, Shaked Y.",2024,Cancer Cell,Cell,10.1016/j.ccell.2023.12.005,research-article,3,all,scatter/regression|line/time-course|bar/group comparison|box/violin|PCA/UMAP|heatmap,PRIVATE_REFERENCE_ONLY/corpus/PMC10864002/figures/Fig3.jpg,http://creativecommons.org/licenses/by/4.0/ This is an open access article under the CC BY license (http://creativecommons.org/licenses/by/4.0/).,yes,caption-based classification
PMC10864002,"Benguigui M, Cooper TJ, Kalkar P, Schif-Zuck S, Halaban R, Bacchiocchi A, Kamer I, Deo A, Manobla B, Menachem R, Haj-Shomaly J, Vorontsova A, Raviv Z, Buxbaum C, Christopoulos P, Bar J, Lotem M, Sznol M, Ariel A, Shen-Orr SS, Shaked Y.",2024,Cancer Cell,Cell,10.1016/j.ccell.2023.12.005,research-article,4,all,line/time-course|bar/group comparison|heatmap|microscopy/other,PRIVATE_REFERENCE_ONLY/corpus/PMC10864002/figures/Fig4.jpg,http://creativecommons.org/licenses/by/4.0/ This is an open access article under the CC BY license (http://creativecommons.org/licenses/by/4.0/).,yes,caption-based classification
PMC10864002,"Benguigui M, Cooper TJ, Kalkar P, Schif-Zuck S, Halaban R, Bacchiocchi A, Kamer I, Deo A, Manobla B, Menachem R, Haj-Shomaly J, Vorontsova A, Raviv Z, Buxbaum C, Christopoulos P, Bar J, Lotem M, Sznol M, Ariel A, Shen-Orr SS, Shaked Y.",2024,Cancer Cell,Cell,10.1016/j.ccell.2023.12.005,research-article,5,all,bar/group comparison|volcano/MA|microscopy/other,PRIVATE_REFERENCE_ONLY/corpus/PMC10864002/figures/Fig5.jpg,http://creativecommons.org/licenses/by/4.0/ This is an open access article under the CC BY license (http://creativecommons.org/licenses/by/4.0/).,yes,caption-based classification
PMC10864002,"Benguigui M, Cooper TJ, Kalkar P, Schif-Zuck S, Halaban R, Bacchiocchi A, Kamer I, Deo A, Manobla B, Menachem R, Haj-Shomaly J, Vorontsova A, Raviv Z, Buxbaum C, Christopoulos P, Bar J, Lotem M, Sznol M, Ariel A, Shen-Orr SS, Shaked Y.",2024,Cancer Cell,Cell,10.1016/j.ccell.2023.12.005,research-article,6,all,scatter/regression|line/time-course|bar/group comparison|PCA/UMAP|forest/effect-size,PRIVATE_REFERENCE_ONLY/corpus/PMC10864002/figures/Fig6.jpg,http://creativecommons.org/licenses/by/4.0/ This is an open access article under the CC BY license (http://creativecommons.org/licenses/by/4.0/).,yes,caption-based classification
PMC10864002,"Benguigui M, Cooper TJ, Kalkar P, Schif-Zuck S, Halaban R, Bacchiocchi A, Kamer I, Deo A, Manobla B, Menachem R, Haj-Shomaly J, Vorontsova A, Raviv Z, Buxbaum C, Christopoulos P, Bar J, Lotem M, Sznol M, Ariel A, Shen-Orr SS, Shaked Y.",2024,Cancer Cell,Cell,10.1016/j.ccell.2023.12.005,research-article,7,all,line/time-course|box/violin|heatmap|forest/effect-size,PRIVATE_REFERENCE_ONLY/corpus/PMC10864002/figures/Fig7.jpg,http://creativecommons.org/licenses/by/4.0/ This is an open access article under the CC BY license (http://creativecommons.org/licenses/by/4.0/).,yes,caption-based classification
PMC10864003,"Wienke J, Visser LL, Kholosy WM, Keller KM, Barisa M, Poon E, Munnings-Tomes S, Himsworth C, Calton E, Rodriguez A, Bernardi R, van den Ham F, van Hooff SR, Matser YAH, Tas ML, Langenberg KPS, Lijnzaad P, Borst AL, Zappa E, Bergsma FJ, Strijker JGM, Verhoeven BM, Mei S, Kramdi A, Restuadi R, Sanchez-Bernabeu A, Cornel AM, Holstege FCP, Gray JC, Tytgat GAM, Scheijde-Vermeulen MA, Wijnen MHWA, Dierselhuis MP, Straathof K, Behjati S, Wu W, Heck AJR, Koster J, Nierkens S, Janoueix-Lerosey I, de Krijger RR, Baryawno N, Chesler L, Anderson J, Caron HN, Margaritis T, van Noesel MM, Molenaar JJ.",2024,Cancer Cell,Cell,10.1016/j.ccell.2023.12.008,research-article,1,all,PCA/UMAP|volcano/MA|heatmap|categorical/composition,PRIVATE_REFERENCE_ONLY/corpus/PMC10864003/figures/Fig1.jpg,http://creativecommons.org/licenses/by/4.0/ This is an open access article under the CC BY license (http://creativecommons.org/licenses/by/4.0/).,yes,caption-based classification
PMC10864003,"Wienke J, Visser LL, Kholosy WM, Keller KM, Barisa M, Poon E, Munnings-Tomes S, Himsworth C, Calton E, Rodriguez A, Bernardi R, van den Ham F, van Hooff SR, Matser YAH, Tas ML, Langenberg KPS, Lijnzaad P, Borst AL, Zappa E, Bergsma FJ, Strijker JGM, Verhoeven BM, Mei S, Kramdi A, Restuadi R, Sanchez-Bernabeu A, Cornel AM, Holstege FCP, Gray JC, Tytgat GAM, Scheijde-Vermeulen MA, Wijnen MHWA, Dierselhuis MP, Straathof K, Behjati S, Wu W, Heck AJR, Koster J, Nierkens S, Janoueix-Lerosey I, de Krijger RR, Baryawno N, Chesler L, Anderson J, Caron HN, Margaritis T, van Noesel MM, Molenaar JJ.",2024,Cancer Cell,Cell,10.1016/j.ccell.2023.12.008,research-article,2,all,PCA/UMAP,PRIVATE_REFERENCE_ONLY/corpus/PMC10864003/figures/Fig2.jpg,http://creativecommons.org/licenses/by/4.0/ This is an open access article under the CC BY license (http://creativecommons.org/licenses/by/4.0/).,yes,caption-based classification
PMC10864003,"Wienke J, Visser LL, Kholosy WM, Keller KM, Barisa M, Poon E, Munnings-Tomes S, Himsworth C, Calton E, Rodriguez A, Bernardi R, van den Ham F, van Hooff SR, Matser YAH, Tas ML, Langenberg KPS, Lijnzaad P, Borst AL, Zappa E, Bergsma FJ, Strijker JGM, Verhoeven BM, Mei S, Kramdi A, Restuadi R, Sanchez-Bernabeu A, Cornel AM, Holstege FCP, Gray JC, Tytgat GAM, Scheijde-Vermeulen MA, Wijnen MHWA, Dierselhuis MP, Straathof K, Behjati S, Wu W, Heck AJR, Koster J, Nierkens S, Janoueix-Lerosey I, de Krijger RR, Baryawno N, Chesler L, Anderson J, Caron HN, Margaritis T, van Noesel MM, Molenaar JJ.",2024,Cancer Cell,Cell,10.1016/j.ccell.2023.12.008,research-article,3,all,PCA/UMAP|volcano/MA|heatmap,PRIVATE_REFERENCE_ONLY/corpus/PMC10864003/figures/Fig3.jpg,http://creativecommons.org/licenses/by/4.0/ This is an open access article under the CC BY license (http://creativecommons.org/licenses/by/4.0/).,yes,caption-based classification
PMC10864003,"Wienke J, Visser LL, Kholosy WM, Keller KM, Barisa M, Poon E, Munnings-Tomes S, Himsworth C, Calton E, Rodriguez A, Bernardi R, van den Ham F, van Hooff SR, Matser YAH, Tas ML, Langenberg KPS, Lijnzaad P, Borst AL, Zappa E, Bergsma FJ, Strijker JGM, Verhoeven BM, Mei S, Kramdi A, Restuadi R, Sanchez-Bernabeu A, Cornel AM, Holstege FCP, Gray JC, Tytgat GAM, Scheijde-Vermeulen MA, Wijnen MHWA, Dierselhuis MP, Straathof K, Behjati S, Wu W, Heck AJR, Koster J, Nierkens S, Janoueix-Lerosey I, de Krijger RR, Baryawno N, Chesler L, Anderson J, Caron HN, Margaritis T, van Noesel MM, Molenaar JJ.",2024,Cancer Cell,Cell,10.1016/j.ccell.2023.12.008,research-article,4,all,scatter/regression|bar/group comparison|categorical/composition|microscopy/other,PRIVATE_REFERENCE_ONLY/corpus/PMC10864003/figures/Fig4.jpg,http://creativecommons.org/licenses/by/4.0/ This is an open access article under the CC BY license (http://creativecommons.org/licenses/by/4.0/).,yes,caption-based classification
PMC10864003,"Wienke J, Visser LL, Kholosy WM, Keller KM, Barisa M, Poon E, Munnings-Tomes S, Himsworth C, Calton E, Rodriguez A, Bernardi R, van den Ham F, van Hooff SR, Matser YAH, Tas ML, Langenberg KPS, Lijnzaad P, Borst AL, Zappa E, Bergsma FJ, Strijker JGM, Verhoeven BM, Mei S, Kramdi A, Restuadi R, Sanchez-Bernabeu A, Cornel AM, Holstege FCP, Gray JC, Tytgat GAM, Scheijde-Vermeulen MA, Wijnen MHWA, Dierselhuis MP, Straathof K, Behjati S, Wu W, Heck AJR, Koster J, Nierkens S, Janoueix-Lerosey I, de Krijger RR, Baryawno N, Chesler L, Anderson J, Caron HN, Margaritis T, van Noesel MM, Molenaar JJ.",2024,Cancer Cell,Cell,10.1016/j.ccell.2023.12.008,research-article,5,all,dot/bubble,PRIVATE_REFERENCE_ONLY/corpus/PMC10864003/figures/Fig5.jpg,http://creativecommons.org/licenses/by/4.0/ This is an open access article under the CC BY license (http://creativecommons.org/licenses/by/4.0/).,partial,caption-based classification
PMC10864003,"Wienke J, Visser LL, Kholosy WM, Keller KM, Barisa M, Poon E, Munnings-Tomes S, Himsworth C, Calton E, Rodriguez A, Bernardi R, van den Ham F, van Hooff SR, Matser YAH, Tas ML, Langenberg KPS, Lijnzaad P, Borst AL, Zappa E, Bergsma FJ, Strijker JGM, Verhoeven BM, Mei S, Kramdi A, Restuadi R, Sanchez-Bernabeu A, Cornel AM, Holstege FCP, Gray JC, Tytgat GAM, Scheijde-Vermeulen MA, Wijnen MHWA, Dierselhuis MP, Straathof K, Behjati S, Wu W, Heck AJR, Koster J, Nierkens S, Janoueix-Lerosey I, de Krijger RR, Baryawno N, Chesler L, Anderson J, Caron HN, Margaritis T, van Noesel MM, Molenaar JJ.",2024,Cancer Cell,Cell,10.1016/j.ccell.2023.12.008,research-article,6,all,scatter/regression|bar/group comparison|heatmap,PRIVATE_REFERENCE_ONLY/corpus/PMC10864003/figures/Fig6.jpg,http://creativecommons.org/licenses/by/4.0/ This is an open access article under the CC BY license (http://creativecommons.org/licenses/by/4.0/).,yes,caption-based classification
PMC10864003,"Wienke J, Visser LL, Kholosy WM, Keller KM, Barisa M, Poon E, Munnings-Tomes S, Himsworth C, Calton E, Rodriguez A, Bernardi R, van den Ham F, van Hooff SR, Matser YAH, Tas ML, Langenberg KPS, Lijnzaad P, Borst AL, Zappa E, Bergsma FJ, Strijker JGM, Verhoeven BM, Mei S, Kramdi A, Restuadi R, Sanchez-Bernabeu A, Cornel AM, Holstege FCP, Gray JC, Tytgat GAM, Scheijde-Vermeulen MA, Wijnen MHWA, Dierselhuis MP, Straathof K, Behjati S, Wu W, Heck AJR, Koster J, Nierkens S, Janoueix-Lerosey I, de Krijger RR, Baryawno N, Chesler L, Anderson J, Caron HN, Margaritis T, van Noesel MM, Molenaar JJ.",2024,Cancer Cell,Cell,10.1016/j.ccell.2023.12.008,research-article,7,all,scatter/regression|PCA/UMAP|survival|categorical/composition,PRIVATE_REFERENCE_ONLY/corpus/PMC10864003/figures/Fig7.jpg,http://creativecommons.org/licenses/by/4.0/ This is an open access article under the CC BY license (http://creativecommons.org/licenses/by/4.0/).,yes,caption-based classification
PMC10864003,"Wienke J, Visser LL, Kholosy WM, Keller KM, Barisa M, Poon E, Munnings-Tomes S, Himsworth C, Calton E, Rodriguez A, Bernardi R, van den Ham F, van Hooff SR, Matser YAH, Tas ML, Langenberg KPS, Lijnzaad P, Borst AL, Zappa E, Bergsma FJ, Strijker JGM, Verhoeven BM, Mei S, Kramdi A, Restuadi R, Sanchez-Bernabeu A, Cornel AM, Holstege FCP, Gray JC, Tytgat GAM, Scheijde-Vermeulen MA, Wijnen MHWA, Dierselhuis MP, Straathof K, Behjati S, Wu W, Heck AJR, Koster J, Nierkens S, Janoueix-Lerosey I, de Krijger RR, Baryawno N, Chesler L, Anderson J, Caron HN, Margaritis T, van Noesel MM, Molenaar JJ.",2024,Cancer Cell,Cell,10.1016/j.ccell.2023.12.008,research-article,8,all,scatter/regression|line/time-course|box/violin|survival|categorical/composition,PRIVATE_REFERENCE_ONLY/corpus/PMC10864003/figures/Fig8.jpg,http://creativecommons.org/licenses/by/4.0/ This is an open access article under the CC BY license (http://creativecommons.org/licenses/by/4.0/).,yes,caption-based classification
PMC10929690,"Cords L, Engler S, Haberecker M, Rüschoff JH, Moch H, de Souza N, Bodenmiller B.",2024,Cancer Cell,Cell,10.1016/j.ccell.2023.12.021,research-article,1,all,scatter/regression|categorical/composition|microscopy/other,PRIVATE_REFERENCE_ONLY/corpus/PMC10929690/figures/Fig1.jpg,http://creativecommons.org/licenses/by-nc-nd/4.0/ This is an open access article under the CC BY-NC-ND license (http://creativecommons.org/licenses/by-nc-nd/4.0/).,yes,caption-based classification
PMC10929690,"Cords L, Engler S, Haberecker M, Rüschoff JH, Moch H, de Souza N, Bodenmiller B.",2024,Cancer Cell,Cell,10.1016/j.ccell.2023.12.021,research-article,2,all,bar/group comparison|PCA/UMAP|heatmap|categorical/composition,PRIVATE_REFERENCE_ONLY/corpus/PMC10929690/figures/Fig2.jpg,http://creativecommons.org/licenses/by-nc-nd/4.0/ This is an open access article under the CC BY-NC-ND license (http://creativecommons.org/licenses/by-nc-nd/4.0/).,yes,caption-based classification
PMC10929690,"Cords L, Engler S, Haberecker M, Rüschoff JH, Moch H, de Souza N, Bodenmiller B.",2024,Cancer Cell,Cell,10.1016/j.ccell.2023.12.021,research-article,3,all,bar/group comparison|PCA/UMAP|heatmap|categorical/composition,PRIVATE_REFERENCE_ONLY/corpus/PMC10929690/figures/Fig3.jpg,http://creativecommons.org/licenses/by-nc-nd/4.0/ This is an open access article under the CC BY-NC-ND license (http://creativecommons.org/licenses/by-nc-nd/4.0/).,yes,caption-based classification
PMC10929690,"Cords L, Engler S, Haberecker M, Rüschoff JH, Moch H, de Souza N, Bodenmiller B.",2024,Cancer Cell,Cell,10.1016/j.ccell.2023.12.021,research-article,4,all,line/time-course|box/violin|survival|categorical/composition,PRIVATE_REFERENCE_ONLY/corpus/PMC10929690/figures/Fig4.jpg,http://creativecommons.org/licenses/by-nc-nd/4.0/ This is an open access article under the CC BY-NC-ND license (http://creativecommons.org/licenses/by-nc-nd/4.0/).,yes,caption-based classification
PMC10929690,"Cords L, Engler S, Haberecker M, Rüschoff JH, Moch H, de Souza N, Bodenmiller B.",2024,Cancer Cell,Cell,10.1016/j.ccell.2023.12.021,research-article,5,all,box/violin|categorical/composition,PRIVATE_REFERENCE_ONLY/corpus/PMC10929690/figures/Fig5.jpg,http://creativecommons.org/licenses/by-nc-nd/4.0/ This is an open access article under the CC BY-NC-ND license (http://creativecommons.org/licenses/by-nc-nd/4.0/).,yes,caption-based classification
PMC10929690,"Cords L, Engler S, Haberecker M, Rüschoff JH, Moch H, de Souza N, Bodenmiller B.",2024,Cancer Cell,Cell,10.1016/j.ccell.2023.12.021,research-article,6,all,line/time-course|heatmap|categorical/composition,PRIVATE_REFERENCE_ONLY/corpus/PMC10929690/figures/Fig6.jpg,http://creativecommons.org/licenses/by-nc-nd/4.0/ This is an open access article under the CC BY-NC-ND license (http://creativecommons.org/licenses/by-nc-nd/4.0/).,yes,caption-based classification
PMC10929690,"Cords L, Engler S, Haberecker M, Rüschoff JH, Moch H, de Souza N, Bodenmiller B.",2024,Cancer Cell,Cell,10.1016/j.ccell.2023.12.021,research-article,7,all,box/violin|categorical/composition,PRIVATE_REFERENCE_ONLY/corpus/PMC10929690/figures/Fig7.jpg,http://creativecommons.org/licenses/by-nc-nd/4.0/ This is an open access article under the CC BY-NC-ND license (http://creativecommons.org/licenses/by-nc-nd/4.0/).,yes,caption-based classification
PMC11913779,"Carroll TM, Chadwick JA, Owen RP, White MJ, Kaplinsky J, Peneva I, Frangou A, Xie PF, Chang J, Roth A, Amess B, James SA, Rei M, Fuchs HS, McCann KJ, Omiyale AO, Jacobs BA, Lord SR, Norris-Bulpitt S, Dobbie ST, Griffiths L, Ramirez KA, Ricciardi T, Macri MJ, Ryan A, Venhaus RR, Van den Eynde BJ, Karydis I, Schuster-Böckler B, Middleton MR, Lu X, LUD2015-005 Project Team.",2023,Cancer Cell,Cell,10.1016/j.ccell.2023.06.006,research-article,1,all,line/time-course|bar/group comparison|survival,PRIVATE_REFERENCE_ONLY/corpus/PMC11913779/figures/Fig1.jpg,http://creativecommons.org/licenses/by/4.0/ This is an open access article under the CC BY license (http://creativecommons.org/licenses/by/4.0/).,yes,caption-based classification
PMC11913779,"Carroll TM, Chadwick JA, Owen RP, White MJ, Kaplinsky J, Peneva I, Frangou A, Xie PF, Chang J, Roth A, Amess B, James SA, Rei M, Fuchs HS, McCann KJ, Omiyale AO, Jacobs BA, Lord SR, Norris-Bulpitt S, Dobbie ST, Griffiths L, Ramirez KA, Ricciardi T, Macri MJ, Ryan A, Venhaus RR, Van den Eynde BJ, Karydis I, Schuster-Böckler B, Middleton MR, Lu X, LUD2015-005 Project Team.",2023,Cancer Cell,Cell,10.1016/j.ccell.2023.06.006,research-article,2,all,scatter/regression|bar/group comparison|forest/effect-size,PRIVATE_REFERENCE_ONLY/corpus/PMC11913779/figures/Fig2.jpg,http://creativecommons.org/licenses/by/4.0/ This is an open access article under the CC BY license (http://creativecommons.org/licenses/by/4.0/).,yes,caption-based classification
PMC11913779,"Carroll TM, Chadwick JA, Owen RP, White MJ, Kaplinsky J, Peneva I, Frangou A, Xie PF, Chang J, Roth A, Amess B, James SA, Rei M, Fuchs HS, McCann KJ, Omiyale AO, Jacobs BA, Lord SR, Norris-Bulpitt S, Dobbie ST, Griffiths L, Ramirez KA, Ricciardi T, Macri MJ, Ryan A, Venhaus RR, Van den Eynde BJ, Karydis I, Schuster-Böckler B, Middleton MR, Lu X, LUD2015-005 Project Team.",2023,Cancer Cell,Cell,10.1016/j.ccell.2023.06.006,research-article,3,all,bar/group comparison|PCA/UMAP|heatmap|dot/bubble|categorical/composition,PRIVATE_REFERENCE_ONLY/corpus/PMC11913779/figures/Fig3.jpg,http://creativecommons.org/licenses/by/4.0/ This is an open access article under the CC BY license (http://creativecommons.org/licenses/by/4.0/).,yes,caption-based classification
PMC11913779,"Carroll TM, Chadwick JA, Owen RP, White MJ, Kaplinsky J, Peneva I, Frangou A, Xie PF, Chang J, Roth A, Amess B, James SA, Rei M, Fuchs HS, McCann KJ, Omiyale AO, Jacobs BA, Lord SR, Norris-Bulpitt S, Dobbie ST, Griffiths L, Ramirez KA, Ricciardi T, Macri MJ, Ryan A, Venhaus RR, Van den Eynde BJ, Karydis I, Schuster-Böckler B, Middleton MR, Lu X, LUD2015-005 Project Team.",2023,Cancer Cell,Cell,10.1016/j.ccell.2023.06.006,research-article,4,all,box/violin|heatmap|survival|categorical/composition,PRIVATE_REFERENCE_ONLY/corpus/PMC11913779/figures/Fig4.jpg,http://creativecommons.org/licenses/by/4.0/ This is an open access article under the CC BY license (http://creativecommons.org/licenses/by/4.0/).,yes,caption-based classification
PMC11913779,"Carroll TM, Chadwick JA, Owen RP, White MJ, Kaplinsky J, Peneva I, Frangou A, Xie PF, Chang J, Roth A, Amess B, James SA, Rei M, Fuchs HS, McCann KJ, Omiyale AO, Jacobs BA, Lord SR, Norris-Bulpitt S, Dobbie ST, Griffiths L, Ramirez KA, Ricciardi T, Macri MJ, Ryan A, Venhaus RR, Van den Eynde BJ, Karydis I, Schuster-Böckler B, Middleton MR, Lu X, LUD2015-005 Project Team.",2023,Cancer Cell,Cell,10.1016/j.ccell.2023.06.006,research-article,5,all,scatter/regression|box/violin|survival|forest/effect-size|categorical/composition,PRIVATE_REFERENCE_ONLY/corpus/PMC11913779/figures/Fig5.jpg,http://creativecommons.org/licenses/by/4.0/ This is an open access article under the CC BY license (http://creativecommons.org/licenses/by/4.0/).,yes,caption-based classification
PMC11913779,"Carroll TM, Chadwick JA, Owen RP, White MJ, Kaplinsky J, Peneva I, Frangou A, Xie PF, Chang J, Roth A, Amess B, James SA, Rei M, Fuchs HS, McCann KJ, Omiyale AO, Jacobs BA, Lord SR, Norris-Bulpitt S, Dobbie ST, Griffiths L, Ramirez KA, Ricciardi T, Macri MJ, Ryan A, Venhaus RR, Van den Eynde BJ, Karydis I, Schuster-Böckler B, Middleton MR, Lu X, LUD2015-005 Project Team.",2023,Cancer Cell,Cell,10.1016/j.ccell.2023.06.006,research-article,6,all,scatter/regression|line/time-course|bar/group comparison|box/violin|forest/effect-size|categorical/composition,PRIVATE_REFERENCE_ONLY/corpus/PMC11913779/figures/Fig6.jpg,http://creativecommons.org/licenses/by/4.0/ This is an open access article under the CC BY license (http://creativecommons.org/licenses/by/4.0/).,yes,caption-based classification
PMC11913779,"Carroll TM, Chadwick JA, Owen RP, White MJ, Kaplinsky J, Peneva I, Frangou A, Xie PF, Chang J, Roth A, Amess B, James SA, Rei M, Fuchs HS, McCann KJ, Omiyale AO, Jacobs BA, Lord SR, Norris-Bulpitt S, Dobbie ST, Griffiths L, Ramirez KA, Ricciardi T, Macri MJ, Ryan A, Venhaus RR, Van den Eynde BJ, Karydis I, Schuster-Böckler B, Middleton MR, Lu X, LUD2015-005 Project Team.",2023,Cancer Cell,Cell,10.1016/j.ccell.2023.06.006,research-article,7,all,box/violin|categorical/composition,PRIVATE_REFERENCE_ONLY/corpus/PMC11913779/figures/Fig7.jpg,http://creativecommons.org/licenses/by/4.0/ This is an open access article under the CC BY license (http://creativecommons.org/licenses/by/4.0/).,yes,caption-based classification
PMC12416865,"Rozalén C, Sangrador I, Avalle S, Blasco-Benito S, Tzortzi P, Sanz-Flores M, Palomeque JÁ, Torren-Duran P, Dalmau M, Brunel H, Coll-Manzano A, Pérez-Núñez I, Martos T, Servitja S, Pérez-Buira S, Chacón JI, Guerrero-Zotano Á, Martínez de Dueñas E, Guillén Y, Comerma L, Bermejo B, Bigas A, Casanova-Acebes M, Alemany A, Rojo F, Albanell J, Celià-Terrassa T.",2025,Cancer Cell,Cell,10.1016/j.ccell.2025.06.015,research-article,1,all,bar/group comparison|box/violin|PCA/UMAP|volcano/MA|heatmap|dot/bubble|microscopy/other,PRIVATE_REFERENCE_ONLY/corpus/PMC12416865/figures/Fig1.jpg,http://creativecommons.org/licenses/by/4.0/ This is an open access article under the CC BY license (http://creativecommons.org/licenses/by/4.0/).,yes,caption-based classification
PMC12416865,"Rozalén C, Sangrador I, Avalle S, Blasco-Benito S, Tzortzi P, Sanz-Flores M, Palomeque JÁ, Torren-Duran P, Dalmau M, Brunel H, Coll-Manzano A, Pérez-Núñez I, Martos T, Servitja S, Pérez-Buira S, Chacón JI, Guerrero-Zotano Á, Martínez de Dueñas E, Guillén Y, Comerma L, Bermejo B, Bigas A, Casanova-Acebes M, Alemany A, Rojo F, Albanell J, Celià-Terrassa T.",2025,Cancer Cell,Cell,10.1016/j.ccell.2025.06.015,research-article,2,all,bar/group comparison|survival|categorical/composition|microscopy/other,PRIVATE_REFERENCE_ONLY/corpus/PMC12416865/figures/Fig2.jpg,http://creativecommons.org/licenses/by/4.0/ This is an open access article under the CC BY license (http://creativecommons.org/licenses/by/4.0/).,yes,caption-based classification
PMC12416865,"Rozalén C, Sangrador I, Avalle S, Blasco-Benito S, Tzortzi P, Sanz-Flores M, Palomeque JÁ, Torren-Duran P, Dalmau M, Brunel H, Coll-Manzano A, Pérez-Núñez I, Martos T, Servitja S, Pérez-Buira S, Chacón JI, Guerrero-Zotano Á, Martínez de Dueñas E, Guillén Y, Comerma L, Bermejo B, Bigas A, Casanova-Acebes M, Alemany A, Rojo F, Albanell J, Celià-Terrassa T.",2025,Cancer Cell,Cell,10.1016/j.ccell.2025.06.015,research-article,3,all,scatter/regression|bar/group comparison|heatmap|microscopy/other,PRIVATE_REFERENCE_ONLY/corpus/PMC12416865/figures/Fig3.jpg,http://creativecommons.org/licenses/by/4.0/ This is an open access article under the CC BY license (http://creativecommons.org/licenses/by/4.0/).,yes,caption-based classification
PMC12416865,"Rozalén C, Sangrador I, Avalle S, Blasco-Benito S, Tzortzi P, Sanz-Flores M, Palomeque JÁ, Torren-Duran P, Dalmau M, Brunel H, Coll-Manzano A, Pérez-Núñez I, Martos T, Servitja S, Pérez-Buira S, Chacón JI, Guerrero-Zotano Á, Martínez de Dueñas E, Guillén Y, Comerma L, Bermejo B, Bigas A, Casanova-Acebes M, Alemany A, Rojo F, Albanell J, Celià-Terrassa T.",2025,Cancer Cell,Cell,10.1016/j.ccell.2025.06.015,research-article,4,all,line/time-course|bar/group comparison|microscopy/other,PRIVATE_REFERENCE_ONLY/corpus/PMC12416865/figures/Fig4.jpg,http://creativecommons.org/licenses/by/4.0/ This is an open access article under the CC BY license (http://creativecommons.org/licenses/by/4.0/).,yes,caption-based classification
PMC12416865,"Rozalén C, Sangrador I, Avalle S, Blasco-Benito S, Tzortzi P, Sanz-Flores M, Palomeque JÁ, Torren-Duran P, Dalmau M, Brunel H, Coll-Manzano A, Pérez-Núñez I, Martos T, Servitja S, Pérez-Buira S, Chacón JI, Guerrero-Zotano Á, Martínez de Dueñas E, Guillén Y, Comerma L, Bermejo B, Bigas A, Casanova-Acebes M, Alemany A, Rojo F, Albanell J, Celià-Terrassa T.",2025,Cancer Cell,Cell,10.1016/j.ccell.2025.06.015,research-article,5,all,bar/group comparison|PCA/UMAP|dot/bubble|categorical/composition,PRIVATE_REFERENCE_ONLY/corpus/PMC12416865/figures/Fig5.jpg,http://creativecommons.org/licenses/by/4.0/ This is an open access article under the CC BY license (http://creativecommons.org/licenses/by/4.0/).,yes,caption-based classification
PMC12416865,"Rozalén C, Sangrador I, Avalle S, Blasco-Benito S, Tzortzi P, Sanz-Flores M, Palomeque JÁ, Torren-Duran P, Dalmau M, Brunel H, Coll-Manzano A, Pérez-Núñez I, Martos T, Servitja S, Pérez-Buira S, Chacón JI, Guerrero-Zotano Á, Martínez de Dueñas E, Guillén Y, Comerma L, Bermejo B, Bigas A, Casanova-Acebes M, Alemany A, Rojo F, Albanell J, Celià-Terrassa T.",2025,Cancer Cell,Cell,10.1016/j.ccell.2025.06.015,research-article,6,all,line/time-course|bar/group comparison|box/violin|dot/bubble,PRIVATE_REFERENCE_ONLY/corpus/PMC12416865/figures/Fig6.jpg,http://creativecommons.org/licenses/by/4.0/ This is an open access article under the CC BY license (http://creativecommons.org/licenses/by/4.0/).,yes,caption-based classification
PMC12416865,"Rozalén C, Sangrador I, Avalle S, Blasco-Benito S, Tzortzi P, Sanz-Flores M, Palomeque JÁ, Torren-Duran P, Dalmau M, Brunel H, Coll-Manzano A, Pérez-Núñez I, Martos T, Servitja S, Pérez-Buira S, Chacón JI, Guerrero-Zotano Á, Martínez de Dueñas E, Guillén Y, Comerma L, Bermejo B, Bigas A, Casanova-Acebes M, Alemany A, Rojo F, Albanell J, Celià-Terrassa T.",2025,Cancer Cell,Cell,10.1016/j.ccell.2025.06.015,research-article,7,all,scatter/regression|line/time-course|bar/group comparison|box/violin|survival|forest/effect-size|dot/bubble|microscopy/other,PRIVATE_REFERENCE_ONLY/corpus/PMC12416865/figures/Fig7.jpg,http://creativecommons.org/licenses/by/4.0/ This is an open access article under the CC BY license (http://creativecommons.org/licenses/by/4.0/).,yes,caption-based classification
PMC13471043,"Mallard de La Varende AL, Tian AL, Thomas S, Lahmar I, Messaoudene M, Li S, Motiño O, Guillaume-Dit-Taunière H, Iebba V, Hurtado Y, Pham TN, Thélémaque C, Araujo-Voces M, Suissa D, Ly P, Reich E, Vitali G, Arlunno BT, Durand S, Aprahamian F, Leduc M, Forveille S, Kepp O, de la Calle-Fabregat C, Schippers A, Wagner N, Fournier PE, Honda K, Marmorino F, Cremolini C, Maleki Vareki S, Lenehan JG, Marabelle A, Danlos FX, Deligne M, Truntzer C, Ghiringhelli F, Ree AH, Bousquet PA, Meltzer S, Ginhoux F, Rummel D, Fu Y, Quinn RA, Alves Costa Silva C, Iacovelli R, Ciccarese C, Porcari S, Elkrief A, Routy B, Ianiro G, Derosa L, Kroemer G, Fidelle M, Zitvogel L.",2026,Cancer Cell,Cell,10.1016/j.ccell.2026.06.022,research-article,1,all,line/time-course|bar/group comparison|volcano/MA|heatmap|dot/bubble|categorical/composition,PRIVATE_REFERENCE_ONLY/corpus/PMC13471043/figures/Fig1.jpg,http://creativecommons.org/licenses/by-nc/4.0/ This is an open access article under the CC BY-NC license (http://creativecommons.org/licenses/by-nc/4.0/).,yes,caption-based classification
PMC13471043,"Mallard de La Varende AL, Tian AL, Thomas S, Lahmar I, Messaoudene M, Li S, Motiño O, Guillaume-Dit-Taunière H, Iebba V, Hurtado Y, Pham TN, Thélémaque C, Araujo-Voces M, Suissa D, Ly P, Reich E, Vitali G, Arlunno BT, Durand S, Aprahamian F, Leduc M, Forveille S, Kepp O, de la Calle-Fabregat C, Schippers A, Wagner N, Fournier PE, Honda K, Marmorino F, Cremolini C, Maleki Vareki S, Lenehan JG, Marabelle A, Danlos FX, Deligne M, Truntzer C, Ghiringhelli F, Ree AH, Bousquet PA, Meltzer S, Ginhoux F, Rummel D, Fu Y, Quinn RA, Alves Costa Silva C, Iacovelli R, Ciccarese C, Porcari S, Elkrief A, Routy B, Ianiro G, Derosa L, Kroemer G, Fidelle M, Zitvogel L.",2026,Cancer Cell,Cell,10.1016/j.ccell.2026.06.022,research-article,2,all,line/time-course|bar/group comparison|volcano/MA|heatmap,PRIVATE_REFERENCE_ONLY/corpus/PMC13471043/figures/Fig2.jpg,http://creativecommons.org/licenses/by-nc/4.0/ This is an open access article under the CC BY-NC license (http://creativecommons.org/licenses/by-nc/4.0/).,yes,caption-based classification
PMC13471043,"Mallard de La Varende AL, Tian AL, Thomas S, Lahmar I, Messaoudene M, Li S, Motiño O, Guillaume-Dit-Taunière H, Iebba V, Hurtado Y, Pham TN, Thélémaque C, Araujo-Voces M, Suissa D, Ly P, Reich E, Vitali G, Arlunno BT, Durand S, Aprahamian F, Leduc M, Forveille S, Kepp O, de la Calle-Fabregat C, Schippers A, Wagner N, Fournier PE, Honda K, Marmorino F, Cremolini C, Maleki Vareki S, Lenehan JG, Marabelle A, Danlos FX, Deligne M, Truntzer C, Ghiringhelli F, Ree AH, Bousquet PA, Meltzer S, Ginhoux F, Rummel D, Fu Y, Quinn RA, Alves Costa Silva C, Iacovelli R, Ciccarese C, Porcari S, Elkrief A, Routy B, Ianiro G, Derosa L, Kroemer G, Fidelle M, Zitvogel L.",2026,Cancer Cell,Cell,10.1016/j.ccell.2026.06.022,research-article,3,all,line/time-course|bar/group comparison|dot/bubble|categorical/composition|microscopy/other,PRIVATE_REFERENCE_ONLY/corpus/PMC13471043/figures/Fig3.jpg,http://creativecommons.org/licenses/by-nc/4.0/ This is an open access article under the CC BY-NC license (http://creativecommons.org/licenses/by-nc/4.0/).,yes,caption-based classification
PMC13471043,"Mallard de La Varende AL, Tian AL, Thomas S, Lahmar I, Messaoudene M, Li S, Motiño O, Guillaume-Dit-Taunière H, Iebba V, Hurtado Y, Pham TN, Thélémaque C, Araujo-Voces M, Suissa D, Ly P, Reich E, Vitali G, Arlunno BT, Durand S, Aprahamian F, Leduc M, Forveille S, Kepp O, de la Calle-Fabregat C, Schippers A, Wagner N, Fournier PE, Honda K, Marmorino F, Cremolini C, Maleki Vareki S, Lenehan JG, Marabelle A, Danlos FX, Deligne M, Truntzer C, Ghiringhelli F, Ree AH, Bousquet PA, Meltzer S, Ginhoux F, Rummel D, Fu Y, Quinn RA, Alves Costa Silva C, Iacovelli R, Ciccarese C, Porcari S, Elkrief A, Routy B, Ianiro G, Derosa L, Kroemer G, Fidelle M, Zitvogel L.",2026,Cancer Cell,Cell,10.1016/j.ccell.2026.06.022,research-article,4,all,line/time-course|bar/group comparison|box/violin|dot/bubble|categorical/composition,PRIVATE_REFERENCE_ONLY/corpus/PMC13471043/figures/Fig4.jpg,http://creativecommons.org/licenses/by-nc/4.0/ This is an open access article under the CC BY-NC license (http://creativecommons.org/licenses/by-nc/4.0/).,yes,caption-based classification
PMC13471043,"Mallard de La Varende AL, Tian AL, Thomas S, Lahmar I, Messaoudene M, Li S, Motiño O, Guillaume-Dit-Taunière H, Iebba V, Hurtado Y, Pham TN, Thélémaque C, Araujo-Voces M, Suissa D, Ly P, Reich E, Vitali G, Arlunno BT, Durand S, Aprahamian F, Leduc M, Forveille S, Kepp O, de la Calle-Fabregat C, Schippers A, Wagner N, Fournier PE, Honda K, Marmorino F, Cremolini C, Maleki Vareki S, Lenehan JG, Marabelle A, Danlos FX, Deligne M, Truntzer C, Ghiringhelli F, Ree AH, Bousquet PA, Meltzer S, Ginhoux F, Rummel D, Fu Y, Quinn RA, Alves Costa Silva C, Iacovelli R, Ciccarese C, Porcari S, Elkrief A, Routy B, Ianiro G, Derosa L, Kroemer G, Fidelle M, Zitvogel L.",2026,Cancer Cell,Cell,10.1016/j.ccell.2026.06.022,research-article,5,all,scatter/regression|line/time-course|bar/group comparison|forest/effect-size|categorical/composition,PRIVATE_REFERENCE_ONLY/corpus/PMC13471043/figures/Fig5.jpg,http://creativecommons.org/licenses/by-nc/4.0/ This is an open access article under the CC BY-NC license (http://creativecommons.org/licenses/by-nc/4.0/).,yes,caption-based classification
PMC13471043,"Mallard de La Varende AL, Tian AL, Thomas S, Lahmar I, Messaoudene M, Li S, Motiño O, Guillaume-Dit-Taunière H, Iebba V, Hurtado Y, Pham TN, Thélémaque C, Araujo-Voces M, Suissa D, Ly P, Reich E, Vitali G, Arlunno BT, Durand S, Aprahamian F, Leduc M, Forveille S, Kepp O, de la Calle-Fabregat C, Schippers A, Wagner N, Fournier PE, Honda K, Marmorino F, Cremolini C, Maleki Vareki S, Lenehan JG, Marabelle A, Danlos FX, Deligne M, Truntzer C, Ghiringhelli F, Ree AH, Bousquet PA, Meltzer S, Ginhoux F, Rummel D, Fu Y, Quinn RA, Alves Costa Silva C, Iacovelli R, Ciccarese C, Porcari S, Elkrief A, Routy B, Ianiro G, Derosa L, Kroemer G, Fidelle M, Zitvogel L.",2026,Cancer Cell,Cell,10.1016/j.ccell.2026.06.022,research-article,6,all,scatter/regression|line/time-course|bar/group comparison|heatmap|survival|dot/bubble|categorical/composition,PRIVATE_REFERENCE_ONLY/corpus/PMC13471043/figures/Fig6.jpg,http://creativecommons.org/licenses/by-nc/4.0/ This is an open access article under the CC BY-NC license (http://creativecommons.org/licenses/by-nc/4.0/).,yes,caption-based classification
PMC13471043,"Mallard de La Varende AL, Tian AL, Thomas S, Lahmar I, Messaoudene M, Li S, Motiño O, Guillaume-Dit-Taunière H, Iebba V, Hurtado Y, Pham TN, Thélémaque C, Araujo-Voces M, Suissa D, Ly P, Reich E, Vitali G, Arlunno BT, Durand S, Aprahamian F, Leduc M, Forveille S, Kepp O, de la Calle-Fabregat C, Schippers A, Wagner N, Fournier PE, Honda K, Marmorino F, Cremolini C, Maleki Vareki S, Lenehan JG, Marabelle A, Danlos FX, Deligne M, Truntzer C, Ghiringhelli F, Ree AH, Bousquet PA, Meltzer S, Ginhoux F, Rummel D, Fu Y, Quinn RA, Alves Costa Silva C, Iacovelli R, Ciccarese C, Porcari S, Elkrief A, Routy B, Ianiro G, Derosa L, Kroemer G, Fidelle M, Zitvogel L.",2026,Cancer Cell,Cell,10.1016/j.ccell.2026.06.022,research-article,7,all,scatter/regression|line/time-course|survival|forest/effect-size,PRIVATE_REFERENCE_ONLY/corpus/PMC13471043/figures/Fig7.jpg,http://creativecommons.org/licenses/by-nc/4.0/ This is an open access article under the CC BY-NC license (http://creativecommons.org/licenses/by-nc/4.0/).,yes,caption-based classification
PMC13471043,"Mallard de La Varende AL, Tian AL, Thomas S, Lahmar I, Messaoudene M, Li S, Motiño O, Guillaume-Dit-Taunière H, Iebba V, Hurtado Y, Pham TN, Thélémaque C, Araujo-Voces M, Suissa D, Ly P, Reich E, Vitali G, Arlunno BT, Durand S, Aprahamian F, Leduc M, Forveille S, Kepp O, de la Calle-Fabregat C, Schippers A, Wagner N, Fournier PE, Honda K, Marmorino F, Cremolini C, Maleki Vareki S, Lenehan JG, Marabelle A, Danlos FX, Deligne M, Truntzer C, Ghiringhelli F, Ree AH, Bousquet PA, Meltzer S, Ginhoux F, Rummel D, Fu Y, Quinn RA, Alves Costa Silva C, Iacovelli R, Ciccarese C, Porcari S, Elkrief A, Routy B, Ianiro G, Derosa L, Kroemer G, Fidelle M, Zitvogel L.",2026,Cancer Cell,Cell,10.1016/j.ccell.2026.06.022,research-article,8,all,scatter/regression|line/time-course|bar/group comparison|box/violin|forest/effect-size,PRIVATE_REFERENCE_ONLY/corpus/PMC13471043/figures/Fig8.jpg,http://creativecommons.org/licenses/by-nc/4.0/ This is an open access article under the CC BY-NC license (http://creativecommons.org/licenses/by-nc/4.0/).,yes,caption-based classification
PMC10754148,"Libé-Philippot B, Lejeune A, Wierda K, Louros N, Erkol E, Vlaeminck I, Beckers S, Gaspariunaite V, Bilheu A, Konstantoulea K, Nyitrai H, De Vleeschouwer M, Vennekens KM, Vidal N, Bird TW, Soto DC, Jaspers T, Dewilde M, Dennis MY, Rousseau F, Comoletti D, Schymkowitz J, Theys T, de Wit J, Vanderhaeghen P.",2023,Cell,Cell,10.1016/j.cell.2023.11.028,research-article,1,all,box/violin|categorical/composition|microscopy/other,PRIVATE_REFERENCE_ONLY/corpus/PMC10754148/figures/Fig1.jpg,http://creativecommons.org/licenses/by-nc-nd/4.0/ This is an open access article under the CC BY-NC-ND license (http://creativecommons.org/licenses/by-nc-nd/4.0/).,yes,caption-based classification
PMC10754148,"Libé-Philippot B, Lejeune A, Wierda K, Louros N, Erkol E, Vlaeminck I, Beckers S, Gaspariunaite V, Bilheu A, Konstantoulea K, Nyitrai H, De Vleeschouwer M, Vennekens KM, Vidal N, Bird TW, Soto DC, Jaspers T, Dewilde M, Dennis MY, Rousseau F, Comoletti D, Schymkowitz J, Theys T, de Wit J, Vanderhaeghen P.",2023,Cell,Cell,10.1016/j.cell.2023.11.028,research-article,2,all,bar/group comparison|box/violin,PRIVATE_REFERENCE_ONLY/corpus/PMC10754148/figures/Fig2.jpg,http://creativecommons.org/licenses/by-nc-nd/4.0/ This is an open access article under the CC BY-NC-ND license (http://creativecommons.org/licenses/by-nc-nd/4.0/).,yes,caption-based classification
PMC10754148,"Libé-Philippot B, Lejeune A, Wierda K, Louros N, Erkol E, Vlaeminck I, Beckers S, Gaspariunaite V, Bilheu A, Konstantoulea K, Nyitrai H, De Vleeschouwer M, Vennekens KM, Vidal N, Bird TW, Soto DC, Jaspers T, Dewilde M, Dennis MY, Rousseau F, Comoletti D, Schymkowitz J, Theys T, de Wit J, Vanderhaeghen P.",2023,Cell,Cell,10.1016/j.cell.2023.11.028,research-article,3,all,bar/group comparison|microscopy/other,PRIVATE_REFERENCE_ONLY/corpus/PMC10754148/figures/Fig3.jpg,http://creativecommons.org/licenses/by-nc-nd/4.0/ This is an open access article under the CC BY-NC-ND license (http://creativecommons.org/licenses/by-nc-nd/4.0/).,yes,caption-based classification
PMC10754148,"Libé-Philippot B, Lejeune A, Wierda K, Louros N, Erkol E, Vlaeminck I, Beckers S, Gaspariunaite V, Bilheu A, Konstantoulea K, Nyitrai H, De Vleeschouwer M, Vennekens KM, Vidal N, Bird TW, Soto DC, Jaspers T, Dewilde M, Dennis MY, Rousseau F, Comoletti D, Schymkowitz J, Theys T, de Wit J, Vanderhaeghen P.",2023,Cell,Cell,10.1016/j.cell.2023.11.028,research-article,4,all,line/time-course|bar/group comparison|box/violin,PRIVATE_REFERENCE_ONLY/corpus/PMC10754148/figures/Fig4.jpg,http://creativecommons.org/licenses/by-nc-nd/4.0/ This is an open access article under the CC BY-NC-ND license (http://creativecommons.org/licenses/by-nc-nd/4.0/).,yes,caption-based classification
PMC10754148,"Libé-Philippot B, Lejeune A, Wierda K, Louros N, Erkol E, Vlaeminck I, Beckers S, Gaspariunaite V, Bilheu A, Konstantoulea K, Nyitrai H, De Vleeschouwer M, Vennekens KM, Vidal N, Bird TW, Soto DC, Jaspers T, Dewilde M, Dennis MY, Rousseau F, Comoletti D, Schymkowitz J, Theys T, de Wit J, Vanderhaeghen P.",2023,Cell,Cell,10.1016/j.cell.2023.11.028,research-article,5,all,bar/group comparison|microscopy/other,PRIVATE_REFERENCE_ONLY/corpus/PMC10754148/figures/Fig5.jpg,http://creativecommons.org/licenses/by-nc-nd/4.0/ This is an open access article under the CC BY-NC-ND license (http://creativecommons.org/licenses/by-nc-nd/4.0/).,yes,caption-based classification
PMC10754148,"Libé-Philippot B, Lejeune A, Wierda K, Louros N, Erkol E, Vlaeminck I, Beckers S, Gaspariunaite V, Bilheu A, Konstantoulea K, Nyitrai H, De Vleeschouwer M, Vennekens KM, Vidal N, Bird TW, Soto DC, Jaspers T, Dewilde M, Dennis MY, Rousseau F, Comoletti D, Schymkowitz J, Theys T, de Wit J, Vanderhaeghen P.",2023,Cell,Cell,10.1016/j.cell.2023.11.028,research-article,6,all,microscopy/other,PRIVATE_REFERENCE_ONLY/corpus/PMC10754148/figures/Fig6.jpg,http://creativecommons.org/licenses/by-nc-nd/4.0/ This is an open access article under the CC BY-NC-ND license (http://creativecommons.org/licenses/by-nc-nd/4.0/).,partial,no quantitative marker; caption-based classification
PMC10754148,"Libé-Philippot B, Lejeune A, Wierda K, Louros N, Erkol E, Vlaeminck I, Beckers S, Gaspariunaite V, Bilheu A, Konstantoulea K, Nyitrai H, De Vleeschouwer M, Vennekens KM, Vidal N, Bird TW, Soto DC, Jaspers T, Dewilde M, Dennis MY, Rousseau F, Comoletti D, Schymkowitz J, Theys T, de Wit J, Vanderhaeghen P.",2023,Cell,Cell,10.1016/j.cell.2023.11.028,research-article,7,all,scatter/regression|bar/group comparison|box/violin|microscopy/other,PRIVATE_REFERENCE_ONLY/corpus/PMC10754148/figures/Fig7.jpg,http://creativecommons.org/licenses/by-nc-nd/4.0/ This is an open access article under the CC BY-NC-ND license (http://creativecommons.org/licenses/by-nc-nd/4.0/).,yes,caption-based classification
PMC10783624,"Kuhn A, Roosjen M, Mutte S, Dubey SM, Carrillo Carrasco VP, Boeren S, Monzer A, Koehorst J, Kohchi T, Nishihama R, Fendrych M, Sprakel J, Friml J, Weijers D.",2024,Cell,Cell,10.1016/j.cell.2023.11.021,research-article,1,all,line/time-course|bar/group comparison|box/violin|microscopy/other,PRIVATE_REFERENCE_ONLY/corpus/PMC10783624/figures/Fig1.jpg,http://creativecommons.org/licenses/by-nc/4.0/ This is an open access article under the CC BY-NC license (http://creativecommons.org/licenses/by-nc/4.0/).,yes,caption-based classification
PMC10783624,"Kuhn A, Roosjen M, Mutte S, Dubey SM, Carrillo Carrasco VP, Boeren S, Monzer A, Koehorst J, Kohchi T, Nishihama R, Fendrych M, Sprakel J, Friml J, Weijers D.",2024,Cell,Cell,10.1016/j.cell.2023.11.021,research-article,2,all,dot/bubble|microscopy/other,PRIVATE_REFERENCE_ONLY/corpus/PMC10783624/figures/Fig2.jpg,http://creativecommons.org/licenses/by-nc/4.0/ This is an open access article under the CC BY-NC license (http://creativecommons.org/licenses/by-nc/4.0/).,yes,caption-based classification
PMC10783624,"Kuhn A, Roosjen M, Mutte S, Dubey SM, Carrillo Carrasco VP, Boeren S, Monzer A, Koehorst J, Kohchi T, Nishihama R, Fendrych M, Sprakel J, Friml J, Weijers D.",2024,Cell,Cell,10.1016/j.cell.2023.11.021,research-article,3,all,box/violin|microscopy/other,PRIVATE_REFERENCE_ONLY/corpus/PMC10783624/figures/Fig3.jpg,http://creativecommons.org/licenses/by-nc/4.0/ This is an open access article under the CC BY-NC license (http://creativecommons.org/licenses/by-nc/4.0/).,yes,caption-based classification
PMC10783624,"Kuhn A, Roosjen M, Mutte S, Dubey SM, Carrillo Carrasco VP, Boeren S, Monzer A, Koehorst J, Kohchi T, Nishihama R, Fendrych M, Sprakel J, Friml J, Weijers D.",2024,Cell,Cell,10.1016/j.cell.2023.11.021,research-article,4,all,heatmap|microscopy/other,PRIVATE_REFERENCE_ONLY/corpus/PMC10783624/figures/Fig4.jpg,http://creativecommons.org/licenses/by-nc/4.0/ This is an open access article under the CC BY-NC license (http://creativecommons.org/licenses/by-nc/4.0/).,yes,caption-based classification
PMC10783624,"Kuhn A, Roosjen M, Mutte S, Dubey SM, Carrillo Carrasco VP, Boeren S, Monzer A, Koehorst J, Kohchi T, Nishihama R, Fendrych M, Sprakel J, Friml J, Weijers D.",2024,Cell,Cell,10.1016/j.cell.2023.11.021,research-article,5,all,bar/group comparison|box/violin,PRIVATE_REFERENCE_ONLY/corpus/PMC10783624/figures/Fig5.jpg,http://creativecommons.org/licenses/by-nc/4.0/ This is an open access article under the CC BY-NC license (http://creativecommons.org/licenses/by-nc/4.0/).,yes,caption-based classification
PMC10783624,"Kuhn A, Roosjen M, Mutte S, Dubey SM, Carrillo Carrasco VP, Boeren S, Monzer A, Koehorst J, Kohchi T, Nishihama R, Fendrych M, Sprakel J, Friml J, Weijers D.",2024,Cell,Cell,10.1016/j.cell.2023.11.021,research-article,6,all,bar/group comparison|PCA/UMAP|heatmap|microscopy/other,PRIVATE_REFERENCE_ONLY/corpus/PMC10783624/figures/Fig6.jpg,http://creativecommons.org/licenses/by-nc/4.0/ This is an open access article under the CC BY-NC license (http://creativecommons.org/licenses/by-nc/4.0/).,yes,caption-based classification
PMC10783624,"Kuhn A, Roosjen M, Mutte S, Dubey SM, Carrillo Carrasco VP, Boeren S, Monzer A, Koehorst J, Kohchi T, Nishihama R, Fendrych M, Sprakel J, Friml J, Weijers D.",2024,Cell,Cell,10.1016/j.cell.2023.11.021,research-article,7,all,bar/group comparison|box/violin|microscopy/other,PRIVATE_REFERENCE_ONLY/corpus/PMC10783624/figures/Fig7.jpg,http://creativecommons.org/licenses/by-nc/4.0/ This is an open access article under the CC BY-NC license (http://creativecommons.org/licenses/by-nc/4.0/).,yes,caption-based classification
PMC11060037,"Laporte MH, Gambarotto D, Bertiaux É, Bournonville L, Louvel V, Nunes JM, Borgers S, Hamel V, Guichard P.",2024,Cell,Cell,10.1016/j.cell.2024.03.025,research-article,1,all,line/time-course|bar/group comparison|microscopy/other,PRIVATE_REFERENCE_ONLY/corpus/PMC11060037/figures/Fig1.jpg,http://creativecommons.org/licenses/by-nc/4.0/ This is an open access article under the CC BY-NC license (http://creativecommons.org/licenses/by-nc/4.0/).,yes,caption-based classification
PMC11060037,"Laporte MH, Gambarotto D, Bertiaux É, Bournonville L, Louvel V, Nunes JM, Borgers S, Hamel V, Guichard P.",2024,Cell,Cell,10.1016/j.cell.2024.03.025,research-article,2,all,scatter/regression|bar/group comparison|PCA/UMAP|microscopy/other,PRIVATE_REFERENCE_ONLY/corpus/PMC11060037/figures/Fig2.jpg,http://creativecommons.org/licenses/by-nc/4.0/ This is an open access article under the CC BY-NC license (http://creativecommons.org/licenses/by-nc/4.0/).,yes,caption-based classification
PMC11060037,"Laporte MH, Gambarotto D, Bertiaux É, Bournonville L, Louvel V, Nunes JM, Borgers S, Hamel V, Guichard P.",2024,Cell,Cell,10.1016/j.cell.2024.03.025,research-article,3,all,categorical/composition|microscopy/other,PRIVATE_REFERENCE_ONLY/corpus/PMC11060037/figures/Fig3.jpg,http://creativecommons.org/licenses/by-nc/4.0/ This is an open access article under the CC BY-NC license (http://creativecommons.org/licenses/by-nc/4.0/).,yes,caption-based classification
PMC11060037,"Laporte MH, Gambarotto D, Bertiaux É, Bournonville L, Louvel V, Nunes JM, Borgers S, Hamel V, Guichard P.",2024,Cell,Cell,10.1016/j.cell.2024.03.025,research-article,4,all,line/time-course|dot/bubble|microscopy/other,PRIVATE_REFERENCE_ONLY/corpus/PMC11060037/figures/Fig4.jpg,http://creativecommons.org/licenses/by-nc/4.0/ This is an open access article under the CC BY-NC license (http://creativecommons.org/licenses/by-nc/4.0/).,partial,caption-based classification
PMC11060037,"Laporte MH, Gambarotto D, Bertiaux É, Bournonville L, Louvel V, Nunes JM, Borgers S, Hamel V, Guichard P.",2024,Cell,Cell,10.1016/j.cell.2024.03.025,research-article,5,all,line/time-course|microscopy/other,PRIVATE_REFERENCE_ONLY/corpus/PMC11060037/figures/Fig5.jpg,http://creativecommons.org/licenses/by-nc/4.0/ This is an open access article under the CC BY-NC license (http://creativecommons.org/licenses/by-nc/4.0/).,partial,caption-based classification
PMC11060037,"Laporte MH, Gambarotto D, Bertiaux É, Bournonville L, Louvel V, Nunes JM, Borgers S, Hamel V, Guichard P.",2024,Cell,Cell,10.1016/j.cell.2024.03.025,research-article,6,all,scatter/regression|line/time-course|microscopy/other,PRIVATE_REFERENCE_ONLY/corpus/PMC11060037/figures/Fig6.jpg,http://creativecommons.org/licenses/by-nc/4.0/ This is an open access article under the CC BY-NC license (http://creativecommons.org/licenses/by-nc/4.0/).,yes,caption-based classification
PMC11060037,"Laporte MH, Gambarotto D, Bertiaux É, Bournonville L, Louvel V, Nunes JM, Borgers S, Hamel V, Guichard P.",2024,Cell,Cell,10.1016/j.cell.2024.03.025,research-article,7,all,scatter/regression|line/time-course,PRIVATE_REFERENCE_ONLY/corpus/PMC11060037/figures/Fig7.jpg,http://creativecommons.org/licenses/by-nc/4.0/ This is an open access article under the CC BY-NC license (http://creativecommons.org/licenses/by-nc/4.0/).,yes,caption-based classification
PMC11106717,"Eckstein N, Bates AS, Champion A, Du M, Yin Y, Schlegel P, Lu AK, Rymer T, Finley-May S, Paterson T, Parekh R, Dorkenwald S, Matsliah A, Yu SC, McKellar C, Sterling A, Eichler K, Costa M, Seung S, Murthy M, Hartenstein V, Jefferis GSXE, Funke J.",2024,Cell,Cell,10.1016/j.cell.2024.03.016,research-article,1,all,microscopy/other,PRIVATE_REFERENCE_ONLY/corpus/PMC11106717/figures/Fig1.jpg,http://creativecommons.org/licenses/by/4.0/ This is an open access article under the CC BY license (http://creativecommons.org/licenses/by/4.0/).,partial,no quantitative marker; caption-based classification
PMC11106717,"Eckstein N, Bates AS, Champion A, Du M, Yin Y, Schlegel P, Lu AK, Rymer T, Finley-May S, Paterson T, Parekh R, Dorkenwald S, Matsliah A, Yu SC, McKellar C, Sterling A, Eichler K, Costa M, Seung S, Murthy M, Hartenstein V, Jefferis GSXE, Funke J.",2024,Cell,Cell,10.1016/j.cell.2024.03.016,research-article,2,all,box/violin|categorical/composition,PRIVATE_REFERENCE_ONLY/corpus/PMC11106717/figures/Fig2.jpg,http://creativecommons.org/licenses/by/4.0/ This is an open access article under the CC BY license (http://creativecommons.org/licenses/by/4.0/).,yes,caption-based classification
PMC11106717,"Eckstein N, Bates AS, Champion A, Du M, Yin Y, Schlegel P, Lu AK, Rymer T, Finley-May S, Paterson T, Parekh R, Dorkenwald S, Matsliah A, Yu SC, McKellar C, Sterling A, Eichler K, Costa M, Seung S, Murthy M, Hartenstein V, Jefferis GSXE, Funke J.",2024,Cell,Cell,10.1016/j.cell.2024.03.016,research-article,3,all,box/violin|categorical/composition,PRIVATE_REFERENCE_ONLY/corpus/PMC11106717/figures/Fig3.jpg,http://creativecommons.org/licenses/by/4.0/ This is an open access article under the CC BY license (http://creativecommons.org/licenses/by/4.0/).,yes,caption-based classification
PMC11106717,"Eckstein N, Bates AS, Champion A, Du M, Yin Y, Schlegel P, Lu AK, Rymer T, Finley-May S, Paterson T, Parekh R, Dorkenwald S, Matsliah A, Yu SC, McKellar C, Sterling A, Eichler K, Costa M, Seung S, Murthy M, Hartenstein V, Jefferis GSXE, Funke J.",2024,Cell,Cell,10.1016/j.cell.2024.03.016,research-article,4,all,box/violin|heatmap|categorical/composition,PRIVATE_REFERENCE_ONLY/corpus/PMC11106717/figures/Fig4.jpg,http://creativecommons.org/licenses/by/4.0/ This is an open access article under the CC BY license (http://creativecommons.org/licenses/by/4.0/).,yes,caption-based classification
PMC11106717,"Eckstein N, Bates AS, Champion A, Du M, Yin Y, Schlegel P, Lu AK, Rymer T, Finley-May S, Paterson T, Parekh R, Dorkenwald S, Matsliah A, Yu SC, McKellar C, Sterling A, Eichler K, Costa M, Seung S, Murthy M, Hartenstein V, Jefferis GSXE, Funke J.",2024,Cell,Cell,10.1016/j.cell.2024.03.016,research-article,5,all,bar/group comparison|box/violin|heatmap|categorical/composition|microscopy/other,PRIVATE_REFERENCE_ONLY/corpus/PMC11106717/figures/Fig5.jpg,http://creativecommons.org/licenses/by/4.0/ This is an open access article under the CC BY license (http://creativecommons.org/licenses/by/4.0/).,yes,caption-based classification
PMC11106717,"Eckstein N, Bates AS, Champion A, Du M, Yin Y, Schlegel P, Lu AK, Rymer T, Finley-May S, Paterson T, Parekh R, Dorkenwald S, Matsliah A, Yu SC, McKellar C, Sterling A, Eichler K, Costa M, Seung S, Murthy M, Hartenstein V, Jefferis GSXE, Funke J.",2024,Cell,Cell,10.1016/j.cell.2024.03.016,research-article,6,all,bar/group comparison|categorical/composition|microscopy/other,PRIVATE_REFERENCE_ONLY/corpus/PMC11106717/figures/Fig6.jpg,http://creativecommons.org/licenses/by/4.0/ This is an open access article under the CC BY license (http://creativecommons.org/licenses/by/4.0/).,yes,caption-based classification
PMC11106717,"Eckstein N, Bates AS, Champion A, Du M, Yin Y, Schlegel P, Lu AK, Rymer T, Finley-May S, Paterson T, Parekh R, Dorkenwald S, Matsliah A, Yu SC, McKellar C, Sterling A, Eichler K, Costa M, Seung S, Murthy M, Hartenstein V, Jefferis GSXE, Funke J.",2024,Cell,Cell,10.1016/j.cell.2024.03.016,research-article,7,all,PCA/UMAP,PRIVATE_REFERENCE_ONLY/corpus/PMC11106717/figures/Fig7.jpg,http://creativecommons.org/licenses/by/4.0/ This is an open access article under the CC BY license (http://creativecommons.org/licenses/by/4.0/).,yes,caption-based classification
PMC11290321,"Andreata F, Laura C, Ravà M, Krueger CC, Ficht X, Kawashima K, Beccaria CG, Moalli F, Partini B, Fumagalli V, Nosetto G, Di Lucia P, Montali I, Garcia-Manteiga JM, Bono EB, Giustini L, Perucchini C, Venzin V, Ranucci S, Inverso D, De Giovanni M, Genua M, Ostuni R, Lugli E, Isogawa M, Ferrari C, Boni C, Fisicaro P, Guidotti LG, Iannacone M.",2024,Cell,Cell,10.1016/j.cell.2024.05.038,research-article,1,all,bar/group comparison|PCA/UMAP|dot/bubble|microscopy/other,PRIVATE_REFERENCE_ONLY/corpus/PMC11290321/figures/Fig1.jpg,http://creativecommons.org/licenses/by-nc-nd/4.0/ This is an open access article under the CC BY-NC-ND license (http://creativecommons.org/licenses/by-nc-nd/4.0/).,yes,caption-based classification
PMC11290321,"Andreata F, Laura C, Ravà M, Krueger CC, Ficht X, Kawashima K, Beccaria CG, Moalli F, Partini B, Fumagalli V, Nosetto G, Di Lucia P, Montali I, Garcia-Manteiga JM, Bono EB, Giustini L, Perucchini C, Venzin V, Ranucci S, Inverso D, De Giovanni M, Genua M, Ostuni R, Lugli E, Isogawa M, Ferrari C, Boni C, Fisicaro P, Guidotti LG, Iannacone M.",2024,Cell,Cell,10.1016/j.cell.2024.05.038,research-article,2,all,bar/group comparison|microscopy/other,PRIVATE_REFERENCE_ONLY/corpus/PMC11290321/figures/Fig2.jpg,http://creativecommons.org/licenses/by-nc-nd/4.0/ This is an open access article under the CC BY-NC-ND license (http://creativecommons.org/licenses/by-nc-nd/4.0/).,yes,caption-based classification
PMC11290321,"Andreata F, Laura C, Ravà M, Krueger CC, Ficht X, Kawashima K, Beccaria CG, Moalli F, Partini B, Fumagalli V, Nosetto G, Di Lucia P, Montali I, Garcia-Manteiga JM, Bono EB, Giustini L, Perucchini C, Venzin V, Ranucci S, Inverso D, De Giovanni M, Genua M, Ostuni R, Lugli E, Isogawa M, Ferrari C, Boni C, Fisicaro P, Guidotti LG, Iannacone M.",2024,Cell,Cell,10.1016/j.cell.2024.05.038,research-article,3,all,scatter/regression|line/time-course|box/violin|PCA/UMAP|heatmap|dot/bubble,PRIVATE_REFERENCE_ONLY/corpus/PMC11290321/figures/Fig3.jpg,http://creativecommons.org/licenses/by-nc-nd/4.0/ This is an open access article under the CC BY-NC-ND license (http://creativecommons.org/licenses/by-nc-nd/4.0/).,yes,caption-based classification
PMC11290321,"Andreata F, Laura C, Ravà M, Krueger CC, Ficht X, Kawashima K, Beccaria CG, Moalli F, Partini B, Fumagalli V, Nosetto G, Di Lucia P, Montali I, Garcia-Manteiga JM, Bono EB, Giustini L, Perucchini C, Venzin V, Ranucci S, Inverso D, De Giovanni M, Genua M, Ostuni R, Lugli E, Isogawa M, Ferrari C, Boni C, Fisicaro P, Guidotti LG, Iannacone M.",2024,Cell,Cell,10.1016/j.cell.2024.05.038,research-article,4,all,line/time-course|PCA/UMAP|categorical/composition|microscopy/other,PRIVATE_REFERENCE_ONLY/corpus/PMC11290321/figures/Fig4.jpg,http://creativecommons.org/licenses/by-nc-nd/4.0/ This is an open access article under the CC BY-NC-ND license (http://creativecommons.org/licenses/by-nc-nd/4.0/).,yes,caption-based classification
PMC11290321,"Andreata F, Laura C, Ravà M, Krueger CC, Ficht X, Kawashima K, Beccaria CG, Moalli F, Partini B, Fumagalli V, Nosetto G, Di Lucia P, Montali I, Garcia-Manteiga JM, Bono EB, Giustini L, Perucchini C, Venzin V, Ranucci S, Inverso D, De Giovanni M, Genua M, Ostuni R, Lugli E, Isogawa M, Ferrari C, Boni C, Fisicaro P, Guidotti LG, Iannacone M.",2024,Cell,Cell,10.1016/j.cell.2024.05.038,research-article,5,all,bar/group comparison|box/violin|PCA/UMAP|heatmap|categorical/composition|microscopy/other,PRIVATE_REFERENCE_ONLY/corpus/PMC11290321/figures/Fig5.jpg,http://creativecommons.org/licenses/by-nc-nd/4.0/ This is an open access article under the CC BY-NC-ND license (http://creativecommons.org/licenses/by-nc-nd/4.0/).,yes,caption-based classification
PMC11290321,"Andreata F, Laura C, Ravà M, Krueger CC, Ficht X, Kawashima K, Beccaria CG, Moalli F, Partini B, Fumagalli V, Nosetto G, Di Lucia P, Montali I, Garcia-Manteiga JM, Bono EB, Giustini L, Perucchini C, Venzin V, Ranucci S, Inverso D, De Giovanni M, Genua M, Ostuni R, Lugli E, Isogawa M, Ferrari C, Boni C, Fisicaro P, Guidotti LG, Iannacone M.",2024,Cell,Cell,10.1016/j.cell.2024.05.038,research-article,6,all,microscopy/other,PRIVATE_REFERENCE_ONLY/corpus/PMC11290321/figures/Fig6.jpg,http://creativecommons.org/licenses/by-nc-nd/4.0/ This is an open access article under the CC BY-NC-ND license (http://creativecommons.org/licenses/by-nc-nd/4.0/).,partial,caption-based classification
PMC11290321,"Andreata F, Laura C, Ravà M, Krueger CC, Ficht X, Kawashima K, Beccaria CG, Moalli F, Partini B, Fumagalli V, Nosetto G, Di Lucia P, Montali I, Garcia-Manteiga JM, Bono EB, Giustini L, Perucchini C, Venzin V, Ranucci S, Inverso D, De Giovanni M, Genua M, Ostuni R, Lugli E, Isogawa M, Ferrari C, Boni C, Fisicaro P, Guidotti LG, Iannacone M.",2024,Cell,Cell,10.1016/j.cell.2024.05.038,research-article,7,all,line/time-course|categorical/composition,PRIVATE_REFERENCE_ONLY/corpus/PMC11290321/figures/Fig7.jpg,http://creativecommons.org/licenses/by-nc-nd/4.0/ This is an open access article under the CC BY-NC-ND license (http://creativecommons.org/licenses/by-nc-nd/4.0/).,yes,caption-based classification
PMC11349380,"Saha S, Khanppnavar B, Maharana J, Kim H, Carino CMC, Daly C, Houston S, Sharma S, Zaidi N, Dalal A, Mishra S, Ganguly M, Tiwari D, Kumari P, Jhingan GD, Yadav PN, Plouffe B, Inoue A, Chung KY, Banerjee R, Korkhov VM, Shukla AK.",2024,Cell,Cell,10.1016/j.cell.2024.07.005,research-article,1,all,bar/group comparison|microscopy/other,PRIVATE_REFERENCE_ONLY/corpus/PMC11349380/figures/Fig1.jpg,http://creativecommons.org/licenses/by-nc-nd/4.0/ This is an open access article under the CC BY-NC-ND license (http://creativecommons.org/licenses/by-nc-nd/4.0/).,yes,caption-based classification
PMC11349380,"Saha S, Khanppnavar B, Maharana J, Kim H, Carino CMC, Daly C, Houston S, Sharma S, Zaidi N, Dalal A, Mishra S, Ganguly M, Tiwari D, Kumari P, Jhingan GD, Yadav PN, Plouffe B, Inoue A, Chung KY, Banerjee R, Korkhov VM, Shukla AK.",2024,Cell,Cell,10.1016/j.cell.2024.07.005,research-article,2,all,volcano/MA|heatmap,PRIVATE_REFERENCE_ONLY/corpus/PMC11349380/figures/Fig2.jpg,http://creativecommons.org/licenses/by-nc-nd/4.0/ This is an open access article under the CC BY-NC-ND license (http://creativecommons.org/licenses/by-nc-nd/4.0/).,yes,caption-based classification
PMC11349380,"Saha S, Khanppnavar B, Maharana J, Kim H, Carino CMC, Daly C, Houston S, Sharma S, Zaidi N, Dalal A, Mishra S, Ganguly M, Tiwari D, Kumari P, Jhingan GD, Yadav PN, Plouffe B, Inoue A, Chung KY, Banerjee R, Korkhov VM, Shukla AK.",2024,Cell,Cell,10.1016/j.cell.2024.07.005,research-article,3,all,bar/group comparison|microscopy/other,PRIVATE_REFERENCE_ONLY/corpus/PMC11349380/figures/Fig3.jpg,http://creativecommons.org/licenses/by-nc-nd/4.0/ This is an open access article under the CC BY-NC-ND license (http://creativecommons.org/licenses/by-nc-nd/4.0/).,yes,caption-based classification
PMC11349380,"Saha S, Khanppnavar B, Maharana J, Kim H, Carino CMC, Daly C, Houston S, Sharma S, Zaidi N, Dalal A, Mishra S, Ganguly M, Tiwari D, Kumari P, Jhingan GD, Yadav PN, Plouffe B, Inoue A, Chung KY, Banerjee R, Korkhov VM, Shukla AK.",2024,Cell,Cell,10.1016/j.cell.2024.07.005,research-article,4,all,microscopy/other,PRIVATE_REFERENCE_ONLY/corpus/PMC11349380/figures/Fig4.jpg,http://creativecommons.org/licenses/by-nc-nd/4.0/ This is an open access article under the CC BY-NC-ND license (http://creativecommons.org/licenses/by-nc-nd/4.0/).,partial,caption-based classification
PMC11349380,"Saha S, Khanppnavar B, Maharana J, Kim H, Carino CMC, Daly C, Houston S, Sharma S, Zaidi N, Dalal A, Mishra S, Ganguly M, Tiwari D, Kumari P, Jhingan GD, Yadav PN, Plouffe B, Inoue A, Chung KY, Banerjee R, Korkhov VM, Shukla AK.",2024,Cell,Cell,10.1016/j.cell.2024.07.005,research-article,5,all,microscopy/other,PRIVATE_REFERENCE_ONLY/corpus/PMC11349380/figures/Fig5.jpg,http://creativecommons.org/licenses/by-nc-nd/4.0/ This is an open access article under the CC BY-NC-ND license (http://creativecommons.org/licenses/by-nc-nd/4.0/).,partial,no quantitative marker; caption-based classification
PMC11349380,"Saha S, Khanppnavar B, Maharana J, Kim H, Carino CMC, Daly C, Houston S, Sharma S, Zaidi N, Dalal A, Mishra S, Ganguly M, Tiwari D, Kumari P, Jhingan GD, Yadav PN, Plouffe B, Inoue A, Chung KY, Banerjee R, Korkhov VM, Shukla AK.",2024,Cell,Cell,10.1016/j.cell.2024.07.005,research-article,6,all,microscopy/other,PRIVATE_REFERENCE_ONLY/corpus/PMC11349380/figures/Fig6.jpg,http://creativecommons.org/licenses/by-nc-nd/4.0/ This is an open access article under the CC BY-NC-ND license (http://creativecommons.org/licenses/by-nc-nd/4.0/).,partial,no quantitative marker; caption-based classification
PMC11349380,"Saha S, Khanppnavar B, Maharana J, Kim H, Carino CMC, Daly C, Houston S, Sharma S, Zaidi N, Dalal A, Mishra S, Ganguly M, Tiwari D, Kumari P, Jhingan GD, Yadav PN, Plouffe B, Inoue A, Chung KY, Banerjee R, Korkhov VM, Shukla AK.",2024,Cell,Cell,10.1016/j.cell.2024.07.005,research-article,7,all,microscopy/other,PRIVATE_REFERENCE_ONLY/corpus/PMC11349380/figures/Fig7.jpg,http://creativecommons.org/licenses/by-nc-nd/4.0/ This is an open access article under the CC BY-NC-ND license (http://creativecommons.org/licenses/by-nc-nd/4.0/).,partial,caption-based classification
PMC11429458,"Kloosterman DJ, Erbani J, Boon M, Farber M, Handgraaf SM, Ando-Kuri M, Sánchez-López E, Fontein B, Mertz M, Nieuwland M, Liu NQ, Forn-Cuni G, van der Wel NN, Grootemaat AE, Reinalda L, van Kasteren SI, de Wit E, Ruffell B, Snaar-Jagalska E, Petrecca K, Brandsma D, Kros A, Giera M, Akkari L.",2024,Cell,Cell,10.1016/j.cell.2024.07.030,research-article,1,all,scatter/regression|bar/group comparison|PCA/UMAP|volcano/MA|heatmap|categorical/composition|microscopy/other,PRIVATE_REFERENCE_ONLY/corpus/PMC11429458/figures/Fig1.jpg,http://creativecommons.org/licenses/by-nc-nd/4.0/ This is an open access article under the CC BY-NC-ND license (http://creativecommons.org/licenses/by-nc-nd/4.0/).,yes,caption-based classification
PMC11429458,"Kloosterman DJ, Erbani J, Boon M, Farber M, Handgraaf SM, Ando-Kuri M, Sánchez-López E, Fontein B, Mertz M, Nieuwland M, Liu NQ, Forn-Cuni G, van der Wel NN, Grootemaat AE, Reinalda L, van Kasteren SI, de Wit E, Ruffell B, Snaar-Jagalska E, Petrecca K, Brandsma D, Kros A, Giera M, Akkari L.",2024,Cell,Cell,10.1016/j.cell.2024.07.030,research-article,2,all,scatter/regression|bar/group comparison|heatmap|forest/effect-size|microscopy/other,PRIVATE_REFERENCE_ONLY/corpus/PMC11429458/figures/Fig2.jpg,http://creativecommons.org/licenses/by-nc-nd/4.0/ This is an open access article under the CC BY-NC-ND license (http://creativecommons.org/licenses/by-nc-nd/4.0/).,yes,caption-based classification
PMC11429458,"Kloosterman DJ, Erbani J, Boon M, Farber M, Handgraaf SM, Ando-Kuri M, Sánchez-López E, Fontein B, Mertz M, Nieuwland M, Liu NQ, Forn-Cuni G, van der Wel NN, Grootemaat AE, Reinalda L, van Kasteren SI, de Wit E, Ruffell B, Snaar-Jagalska E, Petrecca K, Brandsma D, Kros A, Giera M, Akkari L.",2024,Cell,Cell,10.1016/j.cell.2024.07.030,research-article,3,all,scatter/regression|line/time-course|bar/group comparison|box/violin|volcano/MA|heatmap|survival|categorical/composition|microscopy/other,PRIVATE_REFERENCE_ONLY/corpus/PMC11429458/figures/Fig3.jpg,http://creativecommons.org/licenses/by-nc-nd/4.0/ This is an open access article under the CC BY-NC-ND license (http://creativecommons.org/licenses/by-nc-nd/4.0/).,yes,caption-based classification
PMC11429458,"Kloosterman DJ, Erbani J, Boon M, Farber M, Handgraaf SM, Ando-Kuri M, Sánchez-López E, Fontein B, Mertz M, Nieuwland M, Liu NQ, Forn-Cuni G, van der Wel NN, Grootemaat AE, Reinalda L, van Kasteren SI, de Wit E, Ruffell B, Snaar-Jagalska E, Petrecca K, Brandsma D, Kros A, Giera M, Akkari L.",2024,Cell,Cell,10.1016/j.cell.2024.07.030,research-article,4,all,scatter/regression|bar/group comparison|volcano/MA|dot/bubble|categorical/composition|microscopy/other,PRIVATE_REFERENCE_ONLY/corpus/PMC11429458/figures/Fig4.jpg,http://creativecommons.org/licenses/by-nc-nd/4.0/ This is an open access article under the CC BY-NC-ND license (http://creativecommons.org/licenses/by-nc-nd/4.0/).,yes,caption-based classification
PMC11429458,"Kloosterman DJ, Erbani J, Boon M, Farber M, Handgraaf SM, Ando-Kuri M, Sánchez-López E, Fontein B, Mertz M, Nieuwland M, Liu NQ, Forn-Cuni G, van der Wel NN, Grootemaat AE, Reinalda L, van Kasteren SI, de Wit E, Ruffell B, Snaar-Jagalska E, Petrecca K, Brandsma D, Kros A, Giera M, Akkari L.",2024,Cell,Cell,10.1016/j.cell.2024.07.030,research-article,5,all,line/time-course|bar/group comparison,PRIVATE_REFERENCE_ONLY/corpus/PMC11429458/figures/Fig5.jpg,http://creativecommons.org/licenses/by-nc-nd/4.0/ This is an open access article under the CC BY-NC-ND license (http://creativecommons.org/licenses/by-nc-nd/4.0/).,yes,caption-based classification
PMC11429458,"Kloosterman DJ, Erbani J, Boon M, Farber M, Handgraaf SM, Ando-Kuri M, Sánchez-López E, Fontein B, Mertz M, Nieuwland M, Liu NQ, Forn-Cuni G, van der Wel NN, Grootemaat AE, Reinalda L, van Kasteren SI, de Wit E, Ruffell B, Snaar-Jagalska E, Petrecca K, Brandsma D, Kros A, Giera M, Akkari L.",2024,Cell,Cell,10.1016/j.cell.2024.07.030,research-article,6,all,bar/group comparison|categorical/composition|microscopy/other,PRIVATE_REFERENCE_ONLY/corpus/PMC11429458/figures/Fig6.jpg,http://creativecommons.org/licenses/by-nc-nd/4.0/ This is an open access article under the CC BY-NC-ND license (http://creativecommons.org/licenses/by-nc-nd/4.0/).,yes,caption-based classification
PMC11429458,"Kloosterman DJ, Erbani J, Boon M, Farber M, Handgraaf SM, Ando-Kuri M, Sánchez-López E, Fontein B, Mertz M, Nieuwland M, Liu NQ, Forn-Cuni G, van der Wel NN, Grootemaat AE, Reinalda L, van Kasteren SI, de Wit E, Ruffell B, Snaar-Jagalska E, Petrecca K, Brandsma D, Kros A, Giera M, Akkari L.",2024,Cell,Cell,10.1016/j.cell.2024.07.030,research-article,7,all,line/time-course|bar/group comparison|box/violin|heatmap|survival|categorical/composition|microscopy/other,PRIVATE_REFERENCE_ONLY/corpus/PMC11429458/figures/Fig7.jpg,http://creativecommons.org/licenses/by-nc-nd/4.0/ This is an open access article under the CC BY-NC-ND license (http://creativecommons.org/licenses/by-nc-nd/4.0/).,yes,caption-based classification
PMC12456964,"Zahavi EE, Koppel I, Kawaguchi R, Oses-Prieto JA, Briner A, Monavarfeshani A, Dalla Costa I, van Niekerk E, Lee J, Matoo S, Hegarty S, Donahue RJ, Sahoo PK, Ben-Dor S, Feldmesser E, Ryvkin J, Leshkowitz D, Perry RB, Cheng Y, Farber E, Abraham O, Samra N, Okladnikov N, Alber S, Albus CA, Rishal I, Ulitsky I, Tuszynski MH, Twiss JL, He Z, Burlingame AL, Fainzilber M.",2025,Cell,Cell,10.1016/j.cell.2025.04.030,research-article,1,all,line/time-course|bar/group comparison|box/violin|categorical/composition,PRIVATE_REFERENCE_ONLY/corpus/PMC12456964/figures/Fig1.jpg,http://creativecommons.org/licenses/by-nc-nd/4.0/ This is an open access article under the CC BY-NC-ND license (http://creativecommons.org/licenses/by-nc-nd/4.0/).,yes,caption-based classification
PMC12456964,"Zahavi EE, Koppel I, Kawaguchi R, Oses-Prieto JA, Briner A, Monavarfeshani A, Dalla Costa I, van Niekerk E, Lee J, Matoo S, Hegarty S, Donahue RJ, Sahoo PK, Ben-Dor S, Feldmesser E, Ryvkin J, Leshkowitz D, Perry RB, Cheng Y, Farber E, Abraham O, Samra N, Okladnikov N, Alber S, Albus CA, Rishal I, Ulitsky I, Tuszynski MH, Twiss JL, He Z, Burlingame AL, Fainzilber M.",2025,Cell,Cell,10.1016/j.cell.2025.04.030,research-article,2,all,scatter/regression|bar/group comparison|microscopy/other,PRIVATE_REFERENCE_ONLY/corpus/PMC12456964/figures/Fig2.jpg,http://creativecommons.org/licenses/by-nc-nd/4.0/ This is an open access article under the CC BY-NC-ND license (http://creativecommons.org/licenses/by-nc-nd/4.0/).,yes,caption-based classification
PMC12456964,"Zahavi EE, Koppel I, Kawaguchi R, Oses-Prieto JA, Briner A, Monavarfeshani A, Dalla Costa I, van Niekerk E, Lee J, Matoo S, Hegarty S, Donahue RJ, Sahoo PK, Ben-Dor S, Feldmesser E, Ryvkin J, Leshkowitz D, Perry RB, Cheng Y, Farber E, Abraham O, Samra N, Okladnikov N, Alber S, Albus CA, Rishal I, Ulitsky I, Tuszynski MH, Twiss JL, He Z, Burlingame AL, Fainzilber M.",2025,Cell,Cell,10.1016/j.cell.2025.04.030,research-article,3,all,bar/group comparison|box/violin|volcano/MA|categorical/composition,PRIVATE_REFERENCE_ONLY/corpus/PMC12456964/figures/Fig3.jpg,http://creativecommons.org/licenses/by-nc-nd/4.0/ This is an open access article under the CC BY-NC-ND license (http://creativecommons.org/licenses/by-nc-nd/4.0/).,yes,caption-based classification
PMC12456964,"Zahavi EE, Koppel I, Kawaguchi R, Oses-Prieto JA, Briner A, Monavarfeshani A, Dalla Costa I, van Niekerk E, Lee J, Matoo S, Hegarty S, Donahue RJ, Sahoo PK, Ben-Dor S, Feldmesser E, Ryvkin J, Leshkowitz D, Perry RB, Cheng Y, Farber E, Abraham O, Samra N, Okladnikov N, Alber S, Albus CA, Rishal I, Ulitsky I, Tuszynski MH, Twiss JL, He Z, Burlingame AL, Fainzilber M.",2025,Cell,Cell,10.1016/j.cell.2025.04.030,research-article,4,all,bar/group comparison|box/violin|heatmap|microscopy/other,PRIVATE_REFERENCE_ONLY/corpus/PMC12456964/figures/Fig4.jpg,http://creativecommons.org/licenses/by-nc-nd/4.0/ This is an open access article under the CC BY-NC-ND license (http://creativecommons.org/licenses/by-nc-nd/4.0/).,yes,caption-based classification
PMC12456964,"Zahavi EE, Koppel I, Kawaguchi R, Oses-Prieto JA, Briner A, Monavarfeshani A, Dalla Costa I, van Niekerk E, Lee J, Matoo S, Hegarty S, Donahue RJ, Sahoo PK, Ben-Dor S, Feldmesser E, Ryvkin J, Leshkowitz D, Perry RB, Cheng Y, Farber E, Abraham O, Samra N, Okladnikov N, Alber S, Albus CA, Rishal I, Ulitsky I, Tuszynski MH, Twiss JL, He Z, Burlingame AL, Fainzilber M.",2025,Cell,Cell,10.1016/j.cell.2025.04.030,research-article,5,all,bar/group comparison|microscopy/other,PRIVATE_REFERENCE_ONLY/corpus/PMC12456964/figures/Fig5.jpg,http://creativecommons.org/licenses/by-nc-nd/4.0/ This is an open access article under the CC BY-NC-ND license (http://creativecommons.org/licenses/by-nc-nd/4.0/).,yes,caption-based classification
PMC12456964,"Zahavi EE, Koppel I, Kawaguchi R, Oses-Prieto JA, Briner A, Monavarfeshani A, Dalla Costa I, van Niekerk E, Lee J, Matoo S, Hegarty S, Donahue RJ, Sahoo PK, Ben-Dor S, Feldmesser E, Ryvkin J, Leshkowitz D, Perry RB, Cheng Y, Farber E, Abraham O, Samra N, Okladnikov N, Alber S, Albus CA, Rishal I, Ulitsky I, Tuszynski MH, Twiss JL, He Z, Burlingame AL, Fainzilber M.",2025,Cell,Cell,10.1016/j.cell.2025.04.030,research-article,6,all,line/time-course|bar/group comparison|heatmap|microscopy/other,PRIVATE_REFERENCE_ONLY/corpus/PMC12456964/figures/Fig6.jpg,http://creativecommons.org/licenses/by-nc-nd/4.0/ This is an open access article under the CC BY-NC-ND license (http://creativecommons.org/licenses/by-nc-nd/4.0/).,yes,caption-based classification
PMC12456964,"Zahavi EE, Koppel I, Kawaguchi R, Oses-Prieto JA, Briner A, Monavarfeshani A, Dalla Costa I, van Niekerk E, Lee J, Matoo S, Hegarty S, Donahue RJ, Sahoo PK, Ben-Dor S, Feldmesser E, Ryvkin J, Leshkowitz D, Perry RB, Cheng Y, Farber E, Abraham O, Samra N, Okladnikov N, Alber S, Albus CA, Rishal I, Ulitsky I, Tuszynski MH, Twiss JL, He Z, Burlingame AL, Fainzilber M.",2025,Cell,Cell,10.1016/j.cell.2025.04.030,research-article,7,all,microscopy/other,PRIVATE_REFERENCE_ONLY/corpus/PMC12456964/figures/Fig7.jpg,http://creativecommons.org/licenses/by-nc-nd/4.0/ This is an open access article under the CC BY-NC-ND license (http://creativecommons.org/licenses/by-nc-nd/4.0/).,partial,no quantitative marker; caption-based classification
PMC10028007,"González-García I, García-Clavé E, Cebrian-Serrano A, Le Thuc O, Contreras RE, Xu Y, Gruber T, Schriever SC, Legutko B, Lintelmann J, Adamski J, Wurst W, Müller TD, Woods SC, Pfluger PT, Tschöp MH, Fisette A, García-Cáceres C.",2023,Cell Metabolism,Cell,10.1016/j.cmet.2023.02.004,research-article,1,all,bar/group comparison|microscopy/other,PRIVATE_REFERENCE_ONLY/corpus/PMC10028007/figures/Fig1.jpg,http://creativecommons.org/licenses/by-nc-nd/4.0/ This is an open access article under the CC BY-NC-ND license (http://creativecommons.org/licenses/by-nc-nd/4.0/).,yes,caption-based classification
PMC10028007,"González-García I, García-Clavé E, Cebrian-Serrano A, Le Thuc O, Contreras RE, Xu Y, Gruber T, Schriever SC, Legutko B, Lintelmann J, Adamski J, Wurst W, Müller TD, Woods SC, Pfluger PT, Tschöp MH, Fisette A, García-Cáceres C.",2023,Cell Metabolism,Cell,10.1016/j.cmet.2023.02.004,research-article,2,all,bar/group comparison,PRIVATE_REFERENCE_ONLY/corpus/PMC10028007/figures/Fig2.jpg,http://creativecommons.org/licenses/by-nc-nd/4.0/ This is an open access article under the CC BY-NC-ND license (http://creativecommons.org/licenses/by-nc-nd/4.0/).,yes,caption-based classification
PMC10028007,"González-García I, García-Clavé E, Cebrian-Serrano A, Le Thuc O, Contreras RE, Xu Y, Gruber T, Schriever SC, Legutko B, Lintelmann J, Adamski J, Wurst W, Müller TD, Woods SC, Pfluger PT, Tschöp MH, Fisette A, García-Cáceres C.",2023,Cell Metabolism,Cell,10.1016/j.cmet.2023.02.004,research-article,3,all,bar/group comparison|box/violin|categorical/composition|microscopy/other,PRIVATE_REFERENCE_ONLY/corpus/PMC10028007/figures/Fig3.jpg,http://creativecommons.org/licenses/by-nc-nd/4.0/ This is an open access article under the CC BY-NC-ND license (http://creativecommons.org/licenses/by-nc-nd/4.0/).,yes,caption-based classification
PMC10028007,"González-García I, García-Clavé E, Cebrian-Serrano A, Le Thuc O, Contreras RE, Xu Y, Gruber T, Schriever SC, Legutko B, Lintelmann J, Adamski J, Wurst W, Müller TD, Woods SC, Pfluger PT, Tschöp MH, Fisette A, García-Cáceres C.",2023,Cell Metabolism,Cell,10.1016/j.cmet.2023.02.004,research-article,4,all,scatter/regression|bar/group comparison|categorical/composition|microscopy/other,PRIVATE_REFERENCE_ONLY/corpus/PMC10028007/figures/Fig4.jpg,http://creativecommons.org/licenses/by-nc-nd/4.0/ This is an open access article under the CC BY-NC-ND license (http://creativecommons.org/licenses/by-nc-nd/4.0/).,yes,caption-based classification
PMC10028007,"González-García I, García-Clavé E, Cebrian-Serrano A, Le Thuc O, Contreras RE, Xu Y, Gruber T, Schriever SC, Legutko B, Lintelmann J, Adamski J, Wurst W, Müller TD, Woods SC, Pfluger PT, Tschöp MH, Fisette A, García-Cáceres C.",2023,Cell Metabolism,Cell,10.1016/j.cmet.2023.02.004,research-article,5,all,bar/group comparison|microscopy/other,PRIVATE_REFERENCE_ONLY/corpus/PMC10028007/figures/Fig5.jpg,http://creativecommons.org/licenses/by-nc-nd/4.0/ This is an open access article under the CC BY-NC-ND license (http://creativecommons.org/licenses/by-nc-nd/4.0/).,yes,caption-based classification
PMC10028007,"González-García I, García-Clavé E, Cebrian-Serrano A, Le Thuc O, Contreras RE, Xu Y, Gruber T, Schriever SC, Legutko B, Lintelmann J, Adamski J, Wurst W, Müller TD, Woods SC, Pfluger PT, Tschöp MH, Fisette A, García-Cáceres C.",2023,Cell Metabolism,Cell,10.1016/j.cmet.2023.02.004,research-article,6,all,bar/group comparison|microscopy/other,PRIVATE_REFERENCE_ONLY/corpus/PMC10028007/figures/Fig6.jpg,http://creativecommons.org/licenses/by-nc-nd/4.0/ This is an open access article under the CC BY-NC-ND license (http://creativecommons.org/licenses/by-nc-nd/4.0/).,yes,caption-based classification
PMC10028007,"González-García I, García-Clavé E, Cebrian-Serrano A, Le Thuc O, Contreras RE, Xu Y, Gruber T, Schriever SC, Legutko B, Lintelmann J, Adamski J, Wurst W, Müller TD, Woods SC, Pfluger PT, Tschöp MH, Fisette A, García-Cáceres C.",2023,Cell Metabolism,Cell,10.1016/j.cmet.2023.02.004,research-article,7,all,bar/group comparison|microscopy/other,PRIVATE_REFERENCE_ONLY/corpus/PMC10028007/figures/Fig7.jpg,http://creativecommons.org/licenses/by-nc-nd/4.0/ This is an open access article under the CC BY-NC-ND license (http://creativecommons.org/licenses/by-nc-nd/4.0/).,yes,caption-based classification
PMC10432853,"Capelo-Diz A, Lachiondo-Ortega S, Fernández-Ramos D, Cañas-Martín J, Goikoetxea-Usandizaga N, Serrano-Maciá M, González-Rellan MJ, Mosca L, Blazquez-Vicens J, Tinahones-Ruano A, Fondevila MF, Buyan M, Delgado TC, Gutierrez de Juan V, Ayuso-García P, Sánchez-Rueda A, Velasco-Avilés S, Fernández-Susavila H, Riobello-Suárez C, Dziechciarz B, Montiel-Duarte C, Lopitz-Otsoa F, Bizkarguenaga M, Bilbao-García J, Bernardo-Seisdedos G, Senra A, Soriano-Navarro M, Millet O, Díaz-Lagares Á, Crujeiras AB, Bao-Caamano A, Cabrera D, van Liempd S, Tamayo-Carro M, Borzacchiello L, Gomez-Santos B, Buqué X, Sáenz de Urturi D, González-Romero F, Simon J, Rodríguez-Agudo R, Ruiz A, Matute C, Beiroa D, Falcon-Perez JM, Aspichueta P, Rodríguez-Cuesta J, Porcelli M, Pajares MA, Ameneiro C, Fidalgo M, Aransay AM, Lama-Díaz T, Blanco MG, López M, Villa-Bellosta R, Müller TD, Nogueiras R, Woodhoo A, Martínez-Chantar ML, Varela-Rey M.",2023,Cell Metabolism,Cell,10.1016/j.cmet.2023.07.002,research-article,1,all,bar/group comparison|microscopy/other,PRIVATE_REFERENCE_ONLY/corpus/PMC10432853/figures/Fig1.jpg,http://creativecommons.org/licenses/by-nc-nd/4.0/ This is an open access article under the CC BY-NC-ND license (http://creativecommons.org/licenses/by-nc-nd/4.0/).,yes,caption-based classification
PMC10432853,"Capelo-Diz A, Lachiondo-Ortega S, Fernández-Ramos D, Cañas-Martín J, Goikoetxea-Usandizaga N, Serrano-Maciá M, González-Rellan MJ, Mosca L, Blazquez-Vicens J, Tinahones-Ruano A, Fondevila MF, Buyan M, Delgado TC, Gutierrez de Juan V, Ayuso-García P, Sánchez-Rueda A, Velasco-Avilés S, Fernández-Susavila H, Riobello-Suárez C, Dziechciarz B, Montiel-Duarte C, Lopitz-Otsoa F, Bizkarguenaga M, Bilbao-García J, Bernardo-Seisdedos G, Senra A, Soriano-Navarro M, Millet O, Díaz-Lagares Á, Crujeiras AB, Bao-Caamano A, Cabrera D, van Liempd S, Tamayo-Carro M, Borzacchiello L, Gomez-Santos B, Buqué X, Sáenz de Urturi D, González-Romero F, Simon J, Rodríguez-Agudo R, Ruiz A, Matute C, Beiroa D, Falcon-Perez JM, Aspichueta P, Rodríguez-Cuesta J, Porcelli M, Pajares MA, Ameneiro C, Fidalgo M, Aransay AM, Lama-Díaz T, Blanco MG, López M, Villa-Bellosta R, Müller TD, Nogueiras R, Woodhoo A, Martínez-Chantar ML, Varela-Rey M.",2023,Cell Metabolism,Cell,10.1016/j.cmet.2023.07.002,research-article,2,all,bar/group comparison|categorical/composition|microscopy/other,PRIVATE_REFERENCE_ONLY/corpus/PMC10432853/figures/Fig2.jpg,http://creativecommons.org/licenses/by-nc-nd/4.0/ This is an open access article under the CC BY-NC-ND license (http://creativecommons.org/licenses/by-nc-nd/4.0/).,yes,caption-based classification
PMC10432853,"Capelo-Diz A, Lachiondo-Ortega S, Fernández-Ramos D, Cañas-Martín J, Goikoetxea-Usandizaga N, Serrano-Maciá M, González-Rellan MJ, Mosca L, Blazquez-Vicens J, Tinahones-Ruano A, Fondevila MF, Buyan M, Delgado TC, Gutierrez de Juan V, Ayuso-García P, Sánchez-Rueda A, Velasco-Avilés S, Fernández-Susavila H, Riobello-Suárez C, Dziechciarz B, Montiel-Duarte C, Lopitz-Otsoa F, Bizkarguenaga M, Bilbao-García J, Bernardo-Seisdedos G, Senra A, Soriano-Navarro M, Millet O, Díaz-Lagares Á, Crujeiras AB, Bao-Caamano A, Cabrera D, van Liempd S, Tamayo-Carro M, Borzacchiello L, Gomez-Santos B, Buqué X, Sáenz de Urturi D, González-Romero F, Simon J, Rodríguez-Agudo R, Ruiz A, Matute C, Beiroa D, Falcon-Perez JM, Aspichueta P, Rodríguez-Cuesta J, Porcelli M, Pajares MA, Ameneiro C, Fidalgo M, Aransay AM, Lama-Díaz T, Blanco MG, López M, Villa-Bellosta R, Müller TD, Nogueiras R, Woodhoo A, Martínez-Chantar ML, Varela-Rey M.",2023,Cell Metabolism,Cell,10.1016/j.cmet.2023.07.002,research-article,3,all,bar/group comparison|microscopy/other,PRIVATE_REFERENCE_ONLY/corpus/PMC10432853/figures/Fig3.jpg,http://creativecommons.org/licenses/by-nc-nd/4.0/ This is an open access article under the CC BY-NC-ND license (http://creativecommons.org/licenses/by-nc-nd/4.0/).,yes,caption-based classification
PMC10432853,"Capelo-Diz A, Lachiondo-Ortega S, Fernández-Ramos D, Cañas-Martín J, Goikoetxea-Usandizaga N, Serrano-Maciá M, González-Rellan MJ, Mosca L, Blazquez-Vicens J, Tinahones-Ruano A, Fondevila MF, Buyan M, Delgado TC, Gutierrez de Juan V, Ayuso-García P, Sánchez-Rueda A, Velasco-Avilés S, Fernández-Susavila H, Riobello-Suárez C, Dziechciarz B, Montiel-Duarte C, Lopitz-Otsoa F, Bizkarguenaga M, Bilbao-García J, Bernardo-Seisdedos G, Senra A, Soriano-Navarro M, Millet O, Díaz-Lagares Á, Crujeiras AB, Bao-Caamano A, Cabrera D, van Liempd S, Tamayo-Carro M, Borzacchiello L, Gomez-Santos B, Buqué X, Sáenz de Urturi D, González-Romero F, Simon J, Rodríguez-Agudo R, Ruiz A, Matute C, Beiroa D, Falcon-Perez JM, Aspichueta P, Rodríguez-Cuesta J, Porcelli M, Pajares MA, Ameneiro C, Fidalgo M, Aransay AM, Lama-Díaz T, Blanco MG, López M, Villa-Bellosta R, Müller TD, Nogueiras R, Woodhoo A, Martínez-Chantar ML, Varela-Rey M.",2023,Cell Metabolism,Cell,10.1016/j.cmet.2023.07.002,research-article,4,all,bar/group comparison|categorical/composition|microscopy/other,PRIVATE_REFERENCE_ONLY/corpus/PMC10432853/figures/Fig4.jpg,http://creativecommons.org/licenses/by-nc-nd/4.0/ This is an open access article under the CC BY-NC-ND license (http://creativecommons.org/licenses/by-nc-nd/4.0/).,yes,caption-based classification
PMC10432853,"Capelo-Diz A, Lachiondo-Ortega S, Fernández-Ramos D, Cañas-Martín J, Goikoetxea-Usandizaga N, Serrano-Maciá M, González-Rellan MJ, Mosca L, Blazquez-Vicens J, Tinahones-Ruano A, Fondevila MF, Buyan M, Delgado TC, Gutierrez de Juan V, Ayuso-García P, Sánchez-Rueda A, Velasco-Avilés S, Fernández-Susavila H, Riobello-Suárez C, Dziechciarz B, Montiel-Duarte C, Lopitz-Otsoa F, Bizkarguenaga M, Bilbao-García J, Bernardo-Seisdedos G, Senra A, Soriano-Navarro M, Millet O, Díaz-Lagares Á, Crujeiras AB, Bao-Caamano A, Cabrera D, van Liempd S, Tamayo-Carro M, Borzacchiello L, Gomez-Santos B, Buqué X, Sáenz de Urturi D, González-Romero F, Simon J, Rodríguez-Agudo R, Ruiz A, Matute C, Beiroa D, Falcon-Perez JM, Aspichueta P, Rodríguez-Cuesta J, Porcelli M, Pajares MA, Ameneiro C, Fidalgo M, Aransay AM, Lama-Díaz T, Blanco MG, López M, Villa-Bellosta R, Müller TD, Nogueiras R, Woodhoo A, Martínez-Chantar ML, Varela-Rey M.",2023,Cell Metabolism,Cell,10.1016/j.cmet.2023.07.002,research-article,5,all,bar/group comparison|categorical/composition|microscopy/other,PRIVATE_REFERENCE_ONLY/corpus/PMC10432853/figures/Fig5.jpg,http://creativecommons.org/licenses/by-nc-nd/4.0/ This is an open access article under the CC BY-NC-ND license (http://creativecommons.org/licenses/by-nc-nd/4.0/).,yes,caption-based classification
PMC10432853,"Capelo-Diz A, Lachiondo-Ortega S, Fernández-Ramos D, Cañas-Martín J, Goikoetxea-Usandizaga N, Serrano-Maciá M, González-Rellan MJ, Mosca L, Blazquez-Vicens J, Tinahones-Ruano A, Fondevila MF, Buyan M, Delgado TC, Gutierrez de Juan V, Ayuso-García P, Sánchez-Rueda A, Velasco-Avilés S, Fernández-Susavila H, Riobello-Suárez C, Dziechciarz B, Montiel-Duarte C, Lopitz-Otsoa F, Bizkarguenaga M, Bilbao-García J, Bernardo-Seisdedos G, Senra A, Soriano-Navarro M, Millet O, Díaz-Lagares Á, Crujeiras AB, Bao-Caamano A, Cabrera D, van Liempd S, Tamayo-Carro M, Borzacchiello L, Gomez-Santos B, Buqué X, Sáenz de Urturi D, González-Romero F, Simon J, Rodríguez-Agudo R, Ruiz A, Matute C, Beiroa D, Falcon-Perez JM, Aspichueta P, Rodríguez-Cuesta J, Porcelli M, Pajares MA, Ameneiro C, Fidalgo M, Aransay AM, Lama-Díaz T, Blanco MG, López M, Villa-Bellosta R, Müller TD, Nogueiras R, Woodhoo A, Martínez-Chantar ML, Varela-Rey M.",2023,Cell Metabolism,Cell,10.1016/j.cmet.2023.07.002,research-article,6,all,bar/group comparison|categorical/composition|microscopy/other,PRIVATE_REFERENCE_ONLY/corpus/PMC10432853/figures/Fig6.jpg,http://creativecommons.org/licenses/by-nc-nd/4.0/ This is an open access article under the CC BY-NC-ND license (http://creativecommons.org/licenses/by-nc-nd/4.0/).,yes,caption-based classification
PMC10487638,"Gonzalez-Rellan MJ, Fernández U, Parracho T, Novoa E, Fondevila MF, da Silva Lima N, Ramos L, Rodríguez A, Serrano-Maciá M, Perez-Mejias G, Chantada-Vazquez P, Riobello C, Veyrat-Durebex C, Tovar S, Coppari R, Woodhoo A, Schwaninger M, Prevot V, Delgado TC, Lopez M, Diaz-Quintana A, Dieguez C, Guallar D, Frühbeck G, Diaz-Moreno I, Bravo SB, Martinez-Chantar ML, Nogueiras R.",2023,Cell Metabolism,Cell,10.1016/j.cmet.2023.07.003,research-article,1,all,bar/group comparison,PRIVATE_REFERENCE_ONLY/corpus/PMC10487638/figures/Fig1.jpg,http://creativecommons.org/licenses/by-nc-nd/4.0/ This is an open access article under the CC BY-NC-ND license (http://creativecommons.org/licenses/by-nc-nd/4.0/).,yes,caption-based classification
PMC10487638,"Gonzalez-Rellan MJ, Fernández U, Parracho T, Novoa E, Fondevila MF, da Silva Lima N, Ramos L, Rodríguez A, Serrano-Maciá M, Perez-Mejias G, Chantada-Vazquez P, Riobello C, Veyrat-Durebex C, Tovar S, Coppari R, Woodhoo A, Schwaninger M, Prevot V, Delgado TC, Lopez M, Diaz-Quintana A, Dieguez C, Guallar D, Frühbeck G, Diaz-Moreno I, Bravo SB, Martinez-Chantar ML, Nogueiras R.",2023,Cell Metabolism,Cell,10.1016/j.cmet.2023.07.003,research-article,2,all,bar/group comparison,PRIVATE_REFERENCE_ONLY/corpus/PMC10487638/figures/Fig2.jpg,http://creativecommons.org/licenses/by-nc-nd/4.0/ This is an open access article under the CC BY-NC-ND license (http://creativecommons.org/licenses/by-nc-nd/4.0/).,yes,caption-based classification
PMC10487638,"Gonzalez-Rellan MJ, Fernández U, Parracho T, Novoa E, Fondevila MF, da Silva Lima N, Ramos L, Rodríguez A, Serrano-Maciá M, Perez-Mejias G, Chantada-Vazquez P, Riobello C, Veyrat-Durebex C, Tovar S, Coppari R, Woodhoo A, Schwaninger M, Prevot V, Delgado TC, Lopez M, Diaz-Quintana A, Dieguez C, Guallar D, Frühbeck G, Diaz-Moreno I, Bravo SB, Martinez-Chantar ML, Nogueiras R.",2023,Cell Metabolism,Cell,10.1016/j.cmet.2023.07.003,research-article,3,all,bar/group comparison|microscopy/other,PRIVATE_REFERENCE_ONLY/corpus/PMC10487638/figures/Fig3.jpg,http://creativecommons.org/licenses/by-nc-nd/4.0/ This is an open access article under the CC BY-NC-ND license (http://creativecommons.org/licenses/by-nc-nd/4.0/).,yes,caption-based classification
PMC10487638,"Gonzalez-Rellan MJ, Fernández U, Parracho T, Novoa E, Fondevila MF, da Silva Lima N, Ramos L, Rodríguez A, Serrano-Maciá M, Perez-Mejias G, Chantada-Vazquez P, Riobello C, Veyrat-Durebex C, Tovar S, Coppari R, Woodhoo A, Schwaninger M, Prevot V, Delgado TC, Lopez M, Diaz-Quintana A, Dieguez C, Guallar D, Frühbeck G, Diaz-Moreno I, Bravo SB, Martinez-Chantar ML, Nogueiras R.",2023,Cell Metabolism,Cell,10.1016/j.cmet.2023.07.003,research-article,4,all,scatter/regression|bar/group comparison,PRIVATE_REFERENCE_ONLY/corpus/PMC10487638/figures/Fig4.jpg,http://creativecommons.org/licenses/by-nc-nd/4.0/ This is an open access article under the CC BY-NC-ND license (http://creativecommons.org/licenses/by-nc-nd/4.0/).,yes,caption-based classification
PMC10487638,"Gonzalez-Rellan MJ, Fernández U, Parracho T, Novoa E, Fondevila MF, da Silva Lima N, Ramos L, Rodríguez A, Serrano-Maciá M, Perez-Mejias G, Chantada-Vazquez P, Riobello C, Veyrat-Durebex C, Tovar S, Coppari R, Woodhoo A, Schwaninger M, Prevot V, Delgado TC, Lopez M, Diaz-Quintana A, Dieguez C, Guallar D, Frühbeck G, Diaz-Moreno I, Bravo SB, Martinez-Chantar ML, Nogueiras R.",2023,Cell Metabolism,Cell,10.1016/j.cmet.2023.07.003,research-article,5,all,categorical/composition|microscopy/other,PRIVATE_REFERENCE_ONLY/corpus/PMC10487638/figures/Fig5.jpg,http://creativecommons.org/licenses/by-nc-nd/4.0/ This is an open access article under the CC BY-NC-ND license (http://creativecommons.org/licenses/by-nc-nd/4.0/).,yes,caption-based classification
PMC10487638,"Gonzalez-Rellan MJ, Fernández U, Parracho T, Novoa E, Fondevila MF, da Silva Lima N, Ramos L, Rodríguez A, Serrano-Maciá M, Perez-Mejias G, Chantada-Vazquez P, Riobello C, Veyrat-Durebex C, Tovar S, Coppari R, Woodhoo A, Schwaninger M, Prevot V, Delgado TC, Lopez M, Diaz-Quintana A, Dieguez C, Guallar D, Frühbeck G, Diaz-Moreno I, Bravo SB, Martinez-Chantar ML, Nogueiras R.",2023,Cell Metabolism,Cell,10.1016/j.cmet.2023.07.003,research-article,6,all,scatter/regression|bar/group comparison,PRIVATE_REFERENCE_ONLY/corpus/PMC10487638/figures/Fig6.jpg,http://creativecommons.org/licenses/by-nc-nd/4.0/ This is an open access article under the CC BY-NC-ND license (http://creativecommons.org/licenses/by-nc-nd/4.0/).,yes,caption-based classification
PMC10487638,"Gonzalez-Rellan MJ, Fernández U, Parracho T, Novoa E, Fondevila MF, da Silva Lima N, Ramos L, Rodríguez A, Serrano-Maciá M, Perez-Mejias G, Chantada-Vazquez P, Riobello C, Veyrat-Durebex C, Tovar S, Coppari R, Woodhoo A, Schwaninger M, Prevot V, Delgado TC, Lopez M, Diaz-Quintana A, Dieguez C, Guallar D, Frühbeck G, Diaz-Moreno I, Bravo SB, Martinez-Chantar ML, Nogueiras R.",2023,Cell Metabolism,Cell,10.1016/j.cmet.2023.07.003,research-article,7,all,bar/group comparison,PRIVATE_REFERENCE_ONLY/corpus/PMC10487638/figures/Fig7.jpg,http://creativecommons.org/licenses/by-nc-nd/4.0/ This is an open access article under the CC BY-NC-ND license (http://creativecommons.org/licenses/by-nc-nd/4.0/).,yes,caption-based classification
PMC10722468,"Sundaram VK, Schütza V, Schröter NH, Backhaus A, Bilsing A, Joneck L, Seelbach A, Mutschler C, Gomez-Sanchez JA, Schäffner E, Sánchez EE, Akkermann D, Paul C, Schwagarus N, Müller S, Odle A, Childs G, Ewers D, Kungl T, Sitte M, Salinas G, Sereda MW, Nave KA, Schwab MH, Ost M, Arthur-Farraj P, Stassart RM, Fledrich R.",2023,Cell Metabolism,Cell,10.1016/j.cmet.2023.10.017,research-article,1,all,bar/group comparison|microscopy/other,PRIVATE_REFERENCE_ONLY/corpus/PMC10722468/figures/Fig1.jpg,http://creativecommons.org/licenses/by/4.0/ This is an open access article under the CC BY license (http://creativecommons.org/licenses/by/4.0/).,yes,caption-based classification
PMC10722468,"Sundaram VK, Schütza V, Schröter NH, Backhaus A, Bilsing A, Joneck L, Seelbach A, Mutschler C, Gomez-Sanchez JA, Schäffner E, Sánchez EE, Akkermann D, Paul C, Schwagarus N, Müller S, Odle A, Childs G, Ewers D, Kungl T, Sitte M, Salinas G, Sereda MW, Nave KA, Schwab MH, Ost M, Arthur-Farraj P, Stassart RM, Fledrich R.",2023,Cell Metabolism,Cell,10.1016/j.cmet.2023.10.017,research-article,2,all,line/time-course|bar/group comparison|microscopy/other,PRIVATE_REFERENCE_ONLY/corpus/PMC10722468/figures/Fig2.jpg,http://creativecommons.org/licenses/by/4.0/ This is an open access article under the CC BY license (http://creativecommons.org/licenses/by/4.0/).,yes,caption-based classification
PMC10722468,"Sundaram VK, Schütza V, Schröter NH, Backhaus A, Bilsing A, Joneck L, Seelbach A, Mutschler C, Gomez-Sanchez JA, Schäffner E, Sánchez EE, Akkermann D, Paul C, Schwagarus N, Müller S, Odle A, Childs G, Ewers D, Kungl T, Sitte M, Salinas G, Sereda MW, Nave KA, Schwab MH, Ost M, Arthur-Farraj P, Stassart RM, Fledrich R.",2023,Cell Metabolism,Cell,10.1016/j.cmet.2023.10.017,research-article,3,all,line/time-course|bar/group comparison|dot/bubble|microscopy/other,PRIVATE_REFERENCE_ONLY/corpus/PMC10722468/figures/Fig3.jpg,http://creativecommons.org/licenses/by/4.0/ This is an open access article under the CC BY license (http://creativecommons.org/licenses/by/4.0/).,yes,caption-based classification
PMC10722468,"Sundaram VK, Schütza V, Schröter NH, Backhaus A, Bilsing A, Joneck L, Seelbach A, Mutschler C, Gomez-Sanchez JA, Schäffner E, Sánchez EE, Akkermann D, Paul C, Schwagarus N, Müller S, Odle A, Childs G, Ewers D, Kungl T, Sitte M, Salinas G, Sereda MW, Nave KA, Schwab MH, Ost M, Arthur-Farraj P, Stassart RM, Fledrich R.",2023,Cell Metabolism,Cell,10.1016/j.cmet.2023.10.017,research-article,4,all,bar/group comparison|volcano/MA|heatmap|microscopy/other,PRIVATE_REFERENCE_ONLY/corpus/PMC10722468/figures/Fig4.jpg,http://creativecommons.org/licenses/by/4.0/ This is an open access article under the CC BY license (http://creativecommons.org/licenses/by/4.0/).,yes,caption-based classification
PMC10722468,"Sundaram VK, Schütza V, Schröter NH, Backhaus A, Bilsing A, Joneck L, Seelbach A, Mutschler C, Gomez-Sanchez JA, Schäffner E, Sánchez EE, Akkermann D, Paul C, Schwagarus N, Müller S, Odle A, Childs G, Ewers D, Kungl T, Sitte M, Salinas G, Sereda MW, Nave KA, Schwab MH, Ost M, Arthur-Farraj P, Stassart RM, Fledrich R.",2023,Cell Metabolism,Cell,10.1016/j.cmet.2023.10.017,research-article,5,all,bar/group comparison|microscopy/other,PRIVATE_REFERENCE_ONLY/corpus/PMC10722468/figures/Fig5.jpg,http://creativecommons.org/licenses/by/4.0/ This is an open access article under the CC BY license (http://creativecommons.org/licenses/by/4.0/).,yes,caption-based classification
PMC10722468,"Sundaram VK, Schütza V, Schröter NH, Backhaus A, Bilsing A, Joneck L, Seelbach A, Mutschler C, Gomez-Sanchez JA, Schäffner E, Sánchez EE, Akkermann D, Paul C, Schwagarus N, Müller S, Odle A, Childs G, Ewers D, Kungl T, Sitte M, Salinas G, Sereda MW, Nave KA, Schwab MH, Ost M, Arthur-Farraj P, Stassart RM, Fledrich R.",2023,Cell Metabolism,Cell,10.1016/j.cmet.2023.10.017,research-article,6,all,scatter/regression|line/time-course|bar/group comparison|dot/bubble|microscopy/other,PRIVATE_REFERENCE_ONLY/corpus/PMC10722468/figures/Fig6.jpg,http://creativecommons.org/licenses/by/4.0/ This is an open access article under the CC BY license (http://creativecommons.org/licenses/by/4.0/).,yes,caption-based classification
PMC10722468,"Sundaram VK, Schütza V, Schröter NH, Backhaus A, Bilsing A, Joneck L, Seelbach A, Mutschler C, Gomez-Sanchez JA, Schäffner E, Sánchez EE, Akkermann D, Paul C, Schwagarus N, Müller S, Odle A, Childs G, Ewers D, Kungl T, Sitte M, Salinas G, Sereda MW, Nave KA, Schwab MH, Ost M, Arthur-Farraj P, Stassart RM, Fledrich R.",2023,Cell Metabolism,Cell,10.1016/j.cmet.2023.10.017,research-article,7,all,bar/group comparison|microscopy/other,PRIVATE_REFERENCE_ONLY/corpus/PMC10722468/figures/Fig7.jpg,http://creativecommons.org/licenses/by/4.0/ This is an open access article under the CC BY license (http://creativecommons.org/licenses/by/4.0/).,yes,caption-based classification
PMC11250105,"Kolic J, Sun WG, Cen HH, Ewald JD, Rogalski JC, Sasaki S, Sun H, Rajesh V, Xia YH, Moravcova R, Skovsø S, Spigelman AF, Manning Fox JE, Lyon J, Beet L, Xia J, Lynn FC, Gloyn AL, Foster LJ, MacDonald PE, Johnson JD.",2024,Cell Metabolism,Cell,10.1016/j.cmet.2024.06.001,research-article,1,all,scatter/regression|bar/group comparison|volcano/MA|microscopy/other,PRIVATE_REFERENCE_ONLY/corpus/PMC11250105/figures/Fig1.jpg,http://creativecommons.org/licenses/by/4.0/ This is an open access article under the CC BY license (http://creativecommons.org/licenses/by/4.0/).,yes,caption-based classification
PMC11250105,"Kolic J, Sun WG, Cen HH, Ewald JD, Rogalski JC, Sasaki S, Sun H, Rajesh V, Xia YH, Moravcova R, Skovsø S, Spigelman AF, Manning Fox JE, Lyon J, Beet L, Xia J, Lynn FC, Gloyn AL, Foster LJ, MacDonald PE, Johnson JD.",2024,Cell Metabolism,Cell,10.1016/j.cmet.2024.06.001,research-article,2,all,scatter/regression|line/time-course|box/violin|heatmap|forest/effect-size|dot/bubble,PRIVATE_REFERENCE_ONLY/corpus/PMC11250105/figures/Fig2.jpg,http://creativecommons.org/licenses/by/4.0/ This is an open access article under the CC BY license (http://creativecommons.org/licenses/by/4.0/).,yes,caption-based classification
PMC11250105,"Kolic J, Sun WG, Cen HH, Ewald JD, Rogalski JC, Sasaki S, Sun H, Rajesh V, Xia YH, Moravcova R, Skovsø S, Spigelman AF, Manning Fox JE, Lyon J, Beet L, Xia J, Lynn FC, Gloyn AL, Foster LJ, MacDonald PE, Johnson JD.",2024,Cell Metabolism,Cell,10.1016/j.cmet.2024.06.001,research-article,3,all,scatter/regression|volcano/MA|heatmap|forest/effect-size|microscopy/other,PRIVATE_REFERENCE_ONLY/corpus/PMC11250105/figures/Fig3.jpg,http://creativecommons.org/licenses/by/4.0/ This is an open access article under the CC BY license (http://creativecommons.org/licenses/by/4.0/).,yes,caption-based classification
PMC11250105,"Kolic J, Sun WG, Cen HH, Ewald JD, Rogalski JC, Sasaki S, Sun H, Rajesh V, Xia YH, Moravcova R, Skovsø S, Spigelman AF, Manning Fox JE, Lyon J, Beet L, Xia J, Lynn FC, Gloyn AL, Foster LJ, MacDonald PE, Johnson JD.",2024,Cell Metabolism,Cell,10.1016/j.cmet.2024.06.001,research-article,4,all,bar/group comparison|PCA/UMAP|volcano/MA,PRIVATE_REFERENCE_ONLY/corpus/PMC11250105/figures/Fig4.jpg,http://creativecommons.org/licenses/by/4.0/ This is an open access article under the CC BY license (http://creativecommons.org/licenses/by/4.0/).,yes,caption-based classification
PMC11250105,"Kolic J, Sun WG, Cen HH, Ewald JD, Rogalski JC, Sasaki S, Sun H, Rajesh V, Xia YH, Moravcova R, Skovsø S, Spigelman AF, Manning Fox JE, Lyon J, Beet L, Xia J, Lynn FC, Gloyn AL, Foster LJ, MacDonald PE, Johnson JD.",2024,Cell Metabolism,Cell,10.1016/j.cmet.2024.06.001,research-article,5,all,line/time-course|bar/group comparison|PCA/UMAP|volcano/MA|dot/bubble|microscopy/other,PRIVATE_REFERENCE_ONLY/corpus/PMC11250105/figures/Fig5.jpg,http://creativecommons.org/licenses/by/4.0/ This is an open access article under the CC BY license (http://creativecommons.org/licenses/by/4.0/).,yes,caption-based classification
PMC12137002,"Auger C, Li M, Fujimoto M, Ikeda K, Yook JS, O'Leary TR, Caycedo MPH, Xiaohan C, Oikawa S, Verkerke ARP, Shinoda K, Griffin PR, Inaba K, Stimson RH, Kajimura S.",2025,Cell Metabolism,Cell,10.1016/j.cmet.2025.03.009,research-article,1,all,bar/group comparison|PCA/UMAP|microscopy/other,PRIVATE_REFERENCE_ONLY/corpus/PMC12137002/figures/Fig1.jpg,http://creativecommons.org/licenses/by/4.0/ This is an open access article under the CC BY license (http://creativecommons.org/licenses/by/4.0/).,yes,caption-based classification
PMC12137002,"Auger C, Li M, Fujimoto M, Ikeda K, Yook JS, O'Leary TR, Caycedo MPH, Xiaohan C, Oikawa S, Verkerke ARP, Shinoda K, Griffin PR, Inaba K, Stimson RH, Kajimura S.",2025,Cell Metabolism,Cell,10.1016/j.cmet.2025.03.009,research-article,2,all,bar/group comparison|PCA/UMAP|microscopy/other,PRIVATE_REFERENCE_ONLY/corpus/PMC12137002/figures/Fig2.jpg,http://creativecommons.org/licenses/by/4.0/ This is an open access article under the CC BY license (http://creativecommons.org/licenses/by/4.0/).,yes,caption-based classification
PMC12137002,"Auger C, Li M, Fujimoto M, Ikeda K, Yook JS, O'Leary TR, Caycedo MPH, Xiaohan C, Oikawa S, Verkerke ARP, Shinoda K, Griffin PR, Inaba K, Stimson RH, Kajimura S.",2025,Cell Metabolism,Cell,10.1016/j.cmet.2025.03.009,research-article,3,all,bar/group comparison|PCA/UMAP|microscopy/other,PRIVATE_REFERENCE_ONLY/corpus/PMC12137002/figures/Fig3.jpg,http://creativecommons.org/licenses/by/4.0/ This is an open access article under the CC BY license (http://creativecommons.org/licenses/by/4.0/).,yes,caption-based classification
PMC12137002,"Auger C, Li M, Fujimoto M, Ikeda K, Yook JS, O'Leary TR, Caycedo MPH, Xiaohan C, Oikawa S, Verkerke ARP, Shinoda K, Griffin PR, Inaba K, Stimson RH, Kajimura S.",2025,Cell Metabolism,Cell,10.1016/j.cmet.2025.03.009,research-article,4,all,bar/group comparison|PCA/UMAP,PRIVATE_REFERENCE_ONLY/corpus/PMC12137002/figures/Fig4.jpg,http://creativecommons.org/licenses/by/4.0/ This is an open access article under the CC BY license (http://creativecommons.org/licenses/by/4.0/).,yes,caption-based classification
PMC12137002,"Auger C, Li M, Fujimoto M, Ikeda K, Yook JS, O'Leary TR, Caycedo MPH, Xiaohan C, Oikawa S, Verkerke ARP, Shinoda K, Griffin PR, Inaba K, Stimson RH, Kajimura S.",2025,Cell Metabolism,Cell,10.1016/j.cmet.2025.03.009,research-article,5,all,bar/group comparison|heatmap,PRIVATE_REFERENCE_ONLY/corpus/PMC12137002/figures/Fig5.jpg,http://creativecommons.org/licenses/by/4.0/ This is an open access article under the CC BY license (http://creativecommons.org/licenses/by/4.0/).,yes,caption-based classification
PMC12137002,"Auger C, Li M, Fujimoto M, Ikeda K, Yook JS, O'Leary TR, Caycedo MPH, Xiaohan C, Oikawa S, Verkerke ARP, Shinoda K, Griffin PR, Inaba K, Stimson RH, Kajimura S.",2025,Cell Metabolism,Cell,10.1016/j.cmet.2025.03.009,research-article,6,all,bar/group comparison|microscopy/other,PRIVATE_REFERENCE_ONLY/corpus/PMC12137002/figures/Fig6.jpg,http://creativecommons.org/licenses/by/4.0/ This is an open access article under the CC BY license (http://creativecommons.org/licenses/by/4.0/).,yes,caption-based classification
PMC13237580,"Trinks N, Gancheva S, Pützer J, Schön M, Huttasch M, Pafili K, Mastrototaro L, Dewidar B, Kupriyanova Y, Herder C, Strassburger K, Zaharia OP, Ruppert PMM, Kersten S, Hoeks J, Trenkamp S, Schrauwen-Hinderling V, Schrauwen P, Roden M, Pesta DH.",2026,Cell Metabolism,Cell,10.1016/j.cmet.2025.12.016,research-article,1,all,bar/group comparison,PRIVATE_REFERENCE_ONLY/corpus/PMC13237580/figures/Fig1.jpg,http://creativecommons.org/licenses/by-nc-nd/4.0/ This is an open access article under the CC BY-NC-ND license (http://creativecommons.org/licenses/by-nc-nd/4.0/).,yes,caption-based classification
PMC13237580,"Trinks N, Gancheva S, Pützer J, Schön M, Huttasch M, Pafili K, Mastrototaro L, Dewidar B, Kupriyanova Y, Herder C, Strassburger K, Zaharia OP, Ruppert PMM, Kersten S, Hoeks J, Trenkamp S, Schrauwen-Hinderling V, Schrauwen P, Roden M, Pesta DH.",2026,Cell Metabolism,Cell,10.1016/j.cmet.2025.12.016,research-article,2,all,line/time-course|bar/group comparison,PRIVATE_REFERENCE_ONLY/corpus/PMC13237580/figures/Fig2.jpg,http://creativecommons.org/licenses/by-nc-nd/4.0/ This is an open access article under the CC BY-NC-ND license (http://creativecommons.org/licenses/by-nc-nd/4.0/).,yes,caption-based classification
PMC13237580,"Trinks N, Gancheva S, Pützer J, Schön M, Huttasch M, Pafili K, Mastrototaro L, Dewidar B, Kupriyanova Y, Herder C, Strassburger K, Zaharia OP, Ruppert PMM, Kersten S, Hoeks J, Trenkamp S, Schrauwen-Hinderling V, Schrauwen P, Roden M, Pesta DH.",2026,Cell Metabolism,Cell,10.1016/j.cmet.2025.12.016,research-article,3,all,bar/group comparison,PRIVATE_REFERENCE_ONLY/corpus/PMC13237580/figures/Fig3.jpg,http://creativecommons.org/licenses/by-nc-nd/4.0/ This is an open access article under the CC BY-NC-ND license (http://creativecommons.org/licenses/by-nc-nd/4.0/).,yes,caption-based classification
PMC13237580,"Trinks N, Gancheva S, Pützer J, Schön M, Huttasch M, Pafili K, Mastrototaro L, Dewidar B, Kupriyanova Y, Herder C, Strassburger K, Zaharia OP, Ruppert PMM, Kersten S, Hoeks J, Trenkamp S, Schrauwen-Hinderling V, Schrauwen P, Roden M, Pesta DH.",2026,Cell Metabolism,Cell,10.1016/j.cmet.2025.12.016,research-article,4,all,volcano/MA|heatmap,PRIVATE_REFERENCE_ONLY/corpus/PMC13237580/figures/Fig4.jpg,http://creativecommons.org/licenses/by-nc-nd/4.0/ This is an open access article under the CC BY-NC-ND license (http://creativecommons.org/licenses/by-nc-nd/4.0/).,yes,caption-based classification
PMC13237580,"Trinks N, Gancheva S, Pützer J, Schön M, Huttasch M, Pafili K, Mastrototaro L, Dewidar B, Kupriyanova Y, Herder C, Strassburger K, Zaharia OP, Ruppert PMM, Kersten S, Hoeks J, Trenkamp S, Schrauwen-Hinderling V, Schrauwen P, Roden M, Pesta DH.",2026,Cell Metabolism,Cell,10.1016/j.cmet.2025.12.016,research-article,5,all,bar/group comparison,PRIVATE_REFERENCE_ONLY/corpus/PMC13237580/figures/Fig5.jpg,http://creativecommons.org/licenses/by-nc-nd/4.0/ This is an open access article under the CC BY-NC-ND license (http://creativecommons.org/licenses/by-nc-nd/4.0/).,yes,caption-based classification
PMC13396705,"Heras-Murillo I, Mañanes D, Calafell-Segura J, Belinchón García A, Borràs-Eroles C, Munné P, Mastrangelo A, Martínez-Cano S, Hernansanz-Agustín P, Zuriaga MA, Fuster JJ, Szibor M, Melero I, Enríquez JA, Chandel NS, Ballestar E, Wculek SK, Sancho D.",2026,Cell Metabolism,Cell,10.1016/j.cmet.2026.03.012,research-article,1,all,line/time-course|bar/group comparison|box/violin|heatmap|dot/bubble|microscopy/other,PRIVATE_REFERENCE_ONLY/corpus/PMC13396705/figures/Fig1.jpg,http://creativecommons.org/licenses/by-nc-nd/4.0/ This is an open access article under the CC BY-NC-ND license (http://creativecommons.org/licenses/by-nc-nd/4.0/).,yes,caption-based classification
PMC13396705,"Heras-Murillo I, Mañanes D, Calafell-Segura J, Belinchón García A, Borràs-Eroles C, Munné P, Mastrangelo A, Martínez-Cano S, Hernansanz-Agustín P, Zuriaga MA, Fuster JJ, Szibor M, Melero I, Enríquez JA, Chandel NS, Ballestar E, Wculek SK, Sancho D.",2026,Cell Metabolism,Cell,10.1016/j.cmet.2026.03.012,research-article,2,all,line/time-course|bar/group comparison|volcano/MA|heatmap|microscopy/other,PRIVATE_REFERENCE_ONLY/corpus/PMC13396705/figures/Fig2.jpg,http://creativecommons.org/licenses/by-nc-nd/4.0/ This is an open access article under the CC BY-NC-ND license (http://creativecommons.org/licenses/by-nc-nd/4.0/).,yes,caption-based classification
PMC13396705,"Heras-Murillo I, Mañanes D, Calafell-Segura J, Belinchón García A, Borràs-Eroles C, Munné P, Mastrangelo A, Martínez-Cano S, Hernansanz-Agustín P, Zuriaga MA, Fuster JJ, Szibor M, Melero I, Enríquez JA, Chandel NS, Ballestar E, Wculek SK, Sancho D.",2026,Cell Metabolism,Cell,10.1016/j.cmet.2026.03.012,research-article,3,all,line/time-course|bar/group comparison|PCA/UMAP|volcano/MA|dot/bubble|microscopy/other,PRIVATE_REFERENCE_ONLY/corpus/PMC13396705/figures/Fig3.jpg,http://creativecommons.org/licenses/by-nc-nd/4.0/ This is an open access article under the CC BY-NC-ND license (http://creativecommons.org/licenses/by-nc-nd/4.0/).,yes,caption-based classification
PMC13396705,"Heras-Murillo I, Mañanes D, Calafell-Segura J, Belinchón García A, Borràs-Eroles C, Munné P, Mastrangelo A, Martínez-Cano S, Hernansanz-Agustín P, Zuriaga MA, Fuster JJ, Szibor M, Melero I, Enríquez JA, Chandel NS, Ballestar E, Wculek SK, Sancho D.",2026,Cell Metabolism,Cell,10.1016/j.cmet.2026.03.012,research-article,4,all,line/time-course|bar/group comparison|PCA/UMAP|heatmap|dot/bubble|microscopy/other,PRIVATE_REFERENCE_ONLY/corpus/PMC13396705/figures/Fig4.jpg,http://creativecommons.org/licenses/by-nc-nd/4.0/ This is an open access article under the CC BY-NC-ND license (http://creativecommons.org/licenses/by-nc-nd/4.0/).,yes,caption-based classification
PMC12647348,"Maric M, Mukherjee P, Tatham MH, Hay R, Labib K.",2025,Cell Reports,Cell,10.1016/j.celrep.2025.116569,research-article,1,all,microscopy/other,../make_my_plot/figure_library/cell/2025_Maric_ufd1_npl4_recruit_cdc48_for_disassembly_/figures/fig01_dfig1.jpg,CC BY (raw: cc by),partial,"prior_harvest (make_my_plot/figure_library, scripts/harvest_library.py); prior-harvest not eligible by s5 (figs=1, quant=0, corr=False); no quantitative marker; caption-based classification"
PMC12727680,"Giuntini F, González-Larreategui Í, Herencia-Ropero A, Casacuberta-Serra S, Zacarías-Fluck MF, Arnal M, Pedretti F, Martínez-Martín S, Thabussot H, Cano VC, Grueso J, Foradada L, Serrano E, López-Estévez S, Rodriguez O, Guzman M, Rodriguez-Hernandez A, Brasó-Maristany F, Llop-Guevara A, Balmaña J, Nonell L, Prat A, Serra V, Beaulieu ME, Whitfield JR, Massó-Vallés D, Soucek L.",2025,Cell Reports,Cell,10.1016/j.celrep.2025.116604,research-article,1,all,bar/group comparison|microscopy/other,../make_my_plot/figure_library/cell/2025_Giuntini_myc_inhibition_by_omomyc_causes_dna_dama/figures/fig01_fig1.jpg,CC BY (raw: cc by),yes,"prior_harvest (make_my_plot/figure_library, scripts/harvest_library.py); caption-based classification"
PMC12727680,"Giuntini F, González-Larreategui Í, Herencia-Ropero A, Casacuberta-Serra S, Zacarías-Fluck MF, Arnal M, Pedretti F, Martínez-Martín S, Thabussot H, Cano VC, Grueso J, Foradada L, Serrano E, López-Estévez S, Rodriguez O, Guzman M, Rodriguez-Hernandez A, Brasó-Maristany F, Llop-Guevara A, Balmaña J, Nonell L, Prat A, Serra V, Beaulieu ME, Whitfield JR, Massó-Vallés D, Soucek L.",2025,Cell Reports,Cell,10.1016/j.celrep.2025.116604,research-article,2,all,bar/group comparison,../make_my_plot/figure_library/cell/2025_Giuntini_myc_inhibition_by_omomyc_causes_dna_dama/figures/fig02_fig2.jpg,CC BY (raw: cc by),yes,"prior_harvest (make_my_plot/figure_library, scripts/harvest_library.py); caption-based classification"
PMC12727680,"Giuntini F, González-Larreategui Í, Herencia-Ropero A, Casacuberta-Serra S, Zacarías-Fluck MF, Arnal M, Pedretti F, Martínez-Martín S, Thabussot H, Cano VC, Grueso J, Foradada L, Serrano E, López-Estévez S, Rodriguez O, Guzman M, Rodriguez-Hernandez A, Brasó-Maristany F, Llop-Guevara A, Balmaña J, Nonell L, Prat A, Serra V, Beaulieu ME, Whitfield JR, Massó-Vallés D, Soucek L.",2025,Cell Reports,Cell,10.1016/j.celrep.2025.116604,research-article,3,all,bar/group comparison|microscopy/other,../make_my_plot/figure_library/cell/2025_Giuntini_myc_inhibition_by_omomyc_causes_dna_dama/figures/fig03_fig3.jpg,CC BY (raw: cc by),yes,"prior_harvest (make_my_plot/figure_library, scripts/harvest_library.py); caption-based classification"
PMC12727680,"Giuntini F, González-Larreategui Í, Herencia-Ropero A, Casacuberta-Serra S, Zacarías-Fluck MF, Arnal M, Pedretti F, Martínez-Martín S, Thabussot H, Cano VC, Grueso J, Foradada L, Serrano E, López-Estévez S, Rodriguez O, Guzman M, Rodriguez-Hernandez A, Brasó-Maristany F, Llop-Guevara A, Balmaña J, Nonell L, Prat A, Serra V, Beaulieu ME, Whitfield JR, Massó-Vallés D, Soucek L.",2025,Cell Reports,Cell,10.1016/j.celrep.2025.116604,research-article,4,all,line/time-course|bar/group comparison|dot/bubble|categorical/composition,../make_my_plot/figure_library/cell/2025_Giuntini_myc_inhibition_by_omomyc_causes_dna_dama/figures/fig04_fig4.jpg,CC BY (raw: cc by),yes,"prior_harvest (make_my_plot/figure_library, scripts/harvest_library.py); caption-based classification"
PMC12727680,"Giuntini F, González-Larreategui Í, Herencia-Ropero A, Casacuberta-Serra S, Zacarías-Fluck MF, Arnal M, Pedretti F, Martínez-Martín S, Thabussot H, Cano VC, Grueso J, Foradada L, Serrano E, López-Estévez S, Rodriguez O, Guzman M, Rodriguez-Hernandez A, Brasó-Maristany F, Llop-Guevara A, Balmaña J, Nonell L, Prat A, Serra V, Beaulieu ME, Whitfield JR, Massó-Vallés D, Soucek L.",2025,Cell Reports,Cell,10.1016/j.celrep.2025.116604,research-article,5,all,scatter/regression|line/time-course|bar/group comparison|dot/bubble|categorical/composition,../make_my_plot/figure_library/cell/2025_Giuntini_myc_inhibition_by_omomyc_causes_dna_dama/figures/fig05_fig5.jpg,CC BY (raw: cc by),yes,"prior_harvest (make_my_plot/figure_library, scripts/harvest_library.py); caption-based classification"
PMC12727680,"Giuntini F, González-Larreategui Í, Herencia-Ropero A, Casacuberta-Serra S, Zacarías-Fluck MF, Arnal M, Pedretti F, Martínez-Martín S, Thabussot H, Cano VC, Grueso J, Foradada L, Serrano E, López-Estévez S, Rodriguez O, Guzman M, Rodriguez-Hernandez A, Brasó-Maristany F, Llop-Guevara A, Balmaña J, Nonell L, Prat A, Serra V, Beaulieu ME, Whitfield JR, Massó-Vallés D, Soucek L.",2025,Cell Reports,Cell,10.1016/j.celrep.2025.116604,research-article,6,all,bar/group comparison|microscopy/other,../make_my_plot/figure_library/cell/2025_Giuntini_myc_inhibition_by_omomyc_causes_dna_dama/figures/fig06_fig6.jpg,CC BY (raw: cc by),yes,"prior_harvest (make_my_plot/figure_library, scripts/harvest_library.py); caption-based classification"
PMC13124994,"Garcia-Moreno M, Embarc-Buh A, Truman R, Noerenberg M, Iselin L, Chen H, Lenz CE, Lee JY, Dicker K, Shetty SD, Palmalux N, Gu Q, Sohier TJM, Järvelin AI, Kamel W, Ruscica V, Ricci EP, Davis I, Mohammed S, Castello A.",2026,Cell Reports,Cell,10.1016/j.celrep.2026.117090,research-article,1,all,bar/group comparison|volcano/MA|heatmap|categorical/composition|microscopy/other,PRIVATE_REFERENCE_ONLY/corpus/PMC13124994/figures/Fig1.jpg,http://creativecommons.org/licenses/by/4.0/ This is an open access article under the CC BY license (http://creativecommons.org/licenses/by/4.0/).,yes,caption-based classification
PMC13124994,"Garcia-Moreno M, Embarc-Buh A, Truman R, Noerenberg M, Iselin L, Chen H, Lenz CE, Lee JY, Dicker K, Shetty SD, Palmalux N, Gu Q, Sohier TJM, Järvelin AI, Kamel W, Ruscica V, Ricci EP, Davis I, Mohammed S, Castello A.",2026,Cell Reports,Cell,10.1016/j.celrep.2026.117090,research-article,2,all,scatter/regression|bar/group comparison|volcano/MA|categorical/composition,PRIVATE_REFERENCE_ONLY/corpus/PMC13124994/figures/Fig2.jpg,http://creativecommons.org/licenses/by/4.0/ This is an open access article under the CC BY license (http://creativecommons.org/licenses/by/4.0/).,yes,caption-based classification
PMC13124994,"Garcia-Moreno M, Embarc-Buh A, Truman R, Noerenberg M, Iselin L, Chen H, Lenz CE, Lee JY, Dicker K, Shetty SD, Palmalux N, Gu Q, Sohier TJM, Järvelin AI, Kamel W, Ruscica V, Ricci EP, Davis I, Mohammed S, Castello A.",2026,Cell Reports,Cell,10.1016/j.celrep.2026.117090,research-article,3,all,scatter/regression|line/time-course|bar/group comparison|volcano/MA|categorical/composition|microscopy/other,PRIVATE_REFERENCE_ONLY/corpus/PMC13124994/figures/Fig3.jpg,http://creativecommons.org/licenses/by/4.0/ This is an open access article under the CC BY license (http://creativecommons.org/licenses/by/4.0/).,yes,caption-based classification
PMC13124994,"Garcia-Moreno M, Embarc-Buh A, Truman R, Noerenberg M, Iselin L, Chen H, Lenz CE, Lee JY, Dicker K, Shetty SD, Palmalux N, Gu Q, Sohier TJM, Järvelin AI, Kamel W, Ruscica V, Ricci EP, Davis I, Mohammed S, Castello A.",2026,Cell Reports,Cell,10.1016/j.celrep.2026.117090,research-article,4,all,line/time-course|bar/group comparison|box/violin|dot/bubble|categorical/composition|microscopy/other,PRIVATE_REFERENCE_ONLY/corpus/PMC13124994/figures/Fig4.jpg,http://creativecommons.org/licenses/by/4.0/ This is an open access article under the CC BY license (http://creativecommons.org/licenses/by/4.0/).,yes,caption-based classification
PMC13124994,"Garcia-Moreno M, Embarc-Buh A, Truman R, Noerenberg M, Iselin L, Chen H, Lenz CE, Lee JY, Dicker K, Shetty SD, Palmalux N, Gu Q, Sohier TJM, Järvelin AI, Kamel W, Ruscica V, Ricci EP, Davis I, Mohammed S, Castello A.",2026,Cell Reports,Cell,10.1016/j.celrep.2026.117090,research-article,5,all,bar/group comparison|volcano/MA|categorical/composition|microscopy/other,PRIVATE_REFERENCE_ONLY/corpus/PMC13124994/figures/Fig5.jpg,http://creativecommons.org/licenses/by/4.0/ This is an open access article under the CC BY license (http://creativecommons.org/licenses/by/4.0/).,yes,caption-based classification
PMC13125397,"de León Reyes NS, Bortolozzo-Gleich MH, Velez Gonzalez HN, Nomura Y, Frigola CG, Nieto M, Gogos JA, Leroy F.",2026,Cell Reports,Cell,10.1016/j.celrep.2026.117114,research-article,1,all,bar/group comparison|categorical/composition,PRIVATE_REFERENCE_ONLY/corpus/PMC13125397/figures/Fig1.jpg,http://creativecommons.org/licenses/by-nc-nd/4.0/ This is an open access article under the CC BY-NC-ND license (http://creativecommons.org/licenses/by-nc-nd/4.0/).,yes,caption-based classification
PMC13125397,"de León Reyes NS, Bortolozzo-Gleich MH, Velez Gonzalez HN, Nomura Y, Frigola CG, Nieto M, Gogos JA, Leroy F.",2026,Cell Reports,Cell,10.1016/j.celrep.2026.117114,research-article,2,all,bar/group comparison|dot/bubble|microscopy/other,PRIVATE_REFERENCE_ONLY/corpus/PMC13125397/figures/Fig2.jpg,http://creativecommons.org/licenses/by-nc-nd/4.0/ This is an open access article under the CC BY-NC-ND license (http://creativecommons.org/licenses/by-nc-nd/4.0/).,yes,caption-based classification
PMC13125397,"de León Reyes NS, Bortolozzo-Gleich MH, Velez Gonzalez HN, Nomura Y, Frigola CG, Nieto M, Gogos JA, Leroy F.",2026,Cell Reports,Cell,10.1016/j.celrep.2026.117114,research-article,3,all,bar/group comparison|categorical/composition|microscopy/other,PRIVATE_REFERENCE_ONLY/corpus/PMC13125397/figures/Fig3.jpg,http://creativecommons.org/licenses/by-nc-nd/4.0/ This is an open access article under the CC BY-NC-ND license (http://creativecommons.org/licenses/by-nc-nd/4.0/).,yes,caption-based classification
PMC13125397,"de León Reyes NS, Bortolozzo-Gleich MH, Velez Gonzalez HN, Nomura Y, Frigola CG, Nieto M, Gogos JA, Leroy F.",2026,Cell Reports,Cell,10.1016/j.celrep.2026.117114,research-article,4,all,bar/group comparison|dot/bubble|categorical/composition|microscopy/other,PRIVATE_REFERENCE_ONLY/corpus/PMC13125397/figures/Fig4.jpg,http://creativecommons.org/licenses/by-nc-nd/4.0/ This is an open access article under the CC BY-NC-ND license (http://creativecommons.org/licenses/by-nc-nd/4.0/).,yes,caption-based classification
PMC13125397,"de León Reyes NS, Bortolozzo-Gleich MH, Velez Gonzalez HN, Nomura Y, Frigola CG, Nieto M, Gogos JA, Leroy F.",2026,Cell Reports,Cell,10.1016/j.celrep.2026.117114,research-article,5,all,bar/group comparison|microscopy/other,PRIVATE_REFERENCE_ONLY/corpus/PMC13125397/figures/Fig5.jpg,http://creativecommons.org/licenses/by-nc-nd/4.0/ This is an open access article under the CC BY-NC-ND license (http://creativecommons.org/licenses/by-nc-nd/4.0/).,yes,caption-based classification
PMC13125397,"de León Reyes NS, Bortolozzo-Gleich MH, Velez Gonzalez HN, Nomura Y, Frigola CG, Nieto M, Gogos JA, Leroy F.",2026,Cell Reports,Cell,10.1016/j.celrep.2026.117114,research-article,6,all,bar/group comparison|dot/bubble|microscopy/other,PRIVATE_REFERENCE_ONLY/corpus/PMC13125397/figures/Fig6.jpg,http://creativecommons.org/licenses/by-nc-nd/4.0/ This is an open access article under the CC BY-NC-ND license (http://creativecommons.org/licenses/by-nc-nd/4.0/).,yes,caption-based classification
PMC13125401,"Loureiro JR, Castro AF, Figueiredo AS, Eufrásio A, Dhingra A, Galhardo M, Marcelino H, Rodrigues CC, Sampaio P, Azevedo M, Sousa M, Dória S, Rizzu P, Heutink P, Bessa J, Silveira I.",2026,Cell Reports,Cell,10.1016/j.celrep.2026.117146,research-article,1,all,microscopy/other,PRIVATE_REFERENCE_ONLY/corpus/PMC13125401/figures/Fig1.jpg,http://creativecommons.org/licenses/by-nc-nd/4.0/ This is an open access article under the CC BY-NC-ND license (http://creativecommons.org/licenses/by-nc-nd/4.0/).,partial,no quantitative marker; caption-based classification
PMC13125401,"Loureiro JR, Castro AF, Figueiredo AS, Eufrásio A, Dhingra A, Galhardo M, Marcelino H, Rodrigues CC, Sampaio P, Azevedo M, Sousa M, Dória S, Rizzu P, Heutink P, Bessa J, Silveira I.",2026,Cell Reports,Cell,10.1016/j.celrep.2026.117146,research-article,2,all,bar/group comparison|microscopy/other,PRIVATE_REFERENCE_ONLY/corpus/PMC13125401/figures/Fig2.jpg,http://creativecommons.org/licenses/by-nc-nd/4.0/ This is an open access article under the CC BY-NC-ND license (http://creativecommons.org/licenses/by-nc-nd/4.0/).,yes,caption-based classification
PMC13125401,"Loureiro JR, Castro AF, Figueiredo AS, Eufrásio A, Dhingra A, Galhardo M, Marcelino H, Rodrigues CC, Sampaio P, Azevedo M, Sousa M, Dória S, Rizzu P, Heutink P, Bessa J, Silveira I.",2026,Cell Reports,Cell,10.1016/j.celrep.2026.117146,research-article,3,all,bar/group comparison|categorical/composition|microscopy/other,PRIVATE_REFERENCE_ONLY/corpus/PMC13125401/figures/Fig3.jpg,http://creativecommons.org/licenses/by-nc-nd/4.0/ This is an open access article under the CC BY-NC-ND license (http://creativecommons.org/licenses/by-nc-nd/4.0/).,yes,caption-based classification
PMC13125401,"Loureiro JR, Castro AF, Figueiredo AS, Eufrásio A, Dhingra A, Galhardo M, Marcelino H, Rodrigues CC, Sampaio P, Azevedo M, Sousa M, Dória S, Rizzu P, Heutink P, Bessa J, Silveira I.",2026,Cell Reports,Cell,10.1016/j.celrep.2026.117146,research-article,4,all,bar/group comparison|categorical/composition|microscopy/other,PRIVATE_REFERENCE_ONLY/corpus/PMC13125401/figures/Fig4.jpg,http://creativecommons.org/licenses/by-nc-nd/4.0/ This is an open access article under the CC BY-NC-ND license (http://creativecommons.org/licenses/by-nc-nd/4.0/).,yes,caption-based classification
PMC13125401,"Loureiro JR, Castro AF, Figueiredo AS, Eufrásio A, Dhingra A, Galhardo M, Marcelino H, Rodrigues CC, Sampaio P, Azevedo M, Sousa M, Dória S, Rizzu P, Heutink P, Bessa J, Silveira I.",2026,Cell Reports,Cell,10.1016/j.celrep.2026.117146,research-article,5,all,microscopy/other,PRIVATE_REFERENCE_ONLY/corpus/PMC13125401/figures/Fig5.jpg,http://creativecommons.org/licenses/by-nc-nd/4.0/ This is an open access article under the CC BY-NC-ND license (http://creativecommons.org/licenses/by-nc-nd/4.0/).,partial,caption-based classification
PMC13125401,"Loureiro JR, Castro AF, Figueiredo AS, Eufrásio A, Dhingra A, Galhardo M, Marcelino H, Rodrigues CC, Sampaio P, Azevedo M, Sousa M, Dória S, Rizzu P, Heutink P, Bessa J, Silveira I.",2026,Cell Reports,Cell,10.1016/j.celrep.2026.117146,research-article,6,all,volcano/MA|categorical/composition,PRIVATE_REFERENCE_ONLY/corpus/PMC13125401/figures/Fig6.jpg,http://creativecommons.org/licenses/by-nc-nd/4.0/ This is an open access article under the CC BY-NC-ND license (http://creativecommons.org/licenses/by-nc-nd/4.0/).,yes,caption-based classification
PMC13125401,"Loureiro JR, Castro AF, Figueiredo AS, Eufrásio A, Dhingra A, Galhardo M, Marcelino H, Rodrigues CC, Sampaio P, Azevedo M, Sousa M, Dória S, Rizzu P, Heutink P, Bessa J, Silveira I.",2026,Cell Reports,Cell,10.1016/j.celrep.2026.117146,research-article,7,all,bar/group comparison|categorical/composition|microscopy/other,PRIVATE_REFERENCE_ONLY/corpus/PMC13125401/figures/Fig7.jpg,http://creativecommons.org/licenses/by-nc-nd/4.0/ This is an open access article under the CC BY-NC-ND license (http://creativecommons.org/licenses/by-nc-nd/4.0/).,yes,caption-based classification
PMC13291444,"Viviani L, Lacidogna D, Pennacchio S, Mengozzi MV, Orfanelli U, Giordano L, Perini T, Cenci S, Milan E.",2026,Cell Reports,Cell,10.1016/j.celrep.2026.117501,research-article,1,all,bar/group comparison|categorical/composition|microscopy/other,PRIVATE_REFERENCE_ONLY/corpus/PMC13291444/figures/Fig1.jpg,http://creativecommons.org/licenses/by/4.0/ This is an open access article under the CC BY license (http://creativecommons.org/licenses/by/4.0/).,yes,caption-based classification
PMC13291444,"Viviani L, Lacidogna D, Pennacchio S, Mengozzi MV, Orfanelli U, Giordano L, Perini T, Cenci S, Milan E.",2026,Cell Reports,Cell,10.1016/j.celrep.2026.117501,research-article,2,all,scatter/regression|bar/group comparison|heatmap,PRIVATE_REFERENCE_ONLY/corpus/PMC13291444/figures/Fig2.jpg,http://creativecommons.org/licenses/by/4.0/ This is an open access article under the CC BY license (http://creativecommons.org/licenses/by/4.0/).,yes,caption-based classification
PMC13291444,"Viviani L, Lacidogna D, Pennacchio S, Mengozzi MV, Orfanelli U, Giordano L, Perini T, Cenci S, Milan E.",2026,Cell Reports,Cell,10.1016/j.celrep.2026.117501,research-article,3,all,bar/group comparison|box/violin|categorical/composition|microscopy/other,PRIVATE_REFERENCE_ONLY/corpus/PMC13291444/figures/Fig3.jpg,http://creativecommons.org/licenses/by/4.0/ This is an open access article under the CC BY license (http://creativecommons.org/licenses/by/4.0/).,yes,caption-based classification
PMC13291444,"Viviani L, Lacidogna D, Pennacchio S, Mengozzi MV, Orfanelli U, Giordano L, Perini T, Cenci S, Milan E.",2026,Cell Reports,Cell,10.1016/j.celrep.2026.117501,research-article,4,all,bar/group comparison|categorical/composition|microscopy/other,PRIVATE_REFERENCE_ONLY/corpus/PMC13291444/figures/Fig4.jpg,http://creativecommons.org/licenses/by/4.0/ This is an open access article under the CC BY license (http://creativecommons.org/licenses/by/4.0/).,yes,caption-based classification
PMC13291444,"Viviani L, Lacidogna D, Pennacchio S, Mengozzi MV, Orfanelli U, Giordano L, Perini T, Cenci S, Milan E.",2026,Cell Reports,Cell,10.1016/j.celrep.2026.117501,research-article,5,all,bar/group comparison|categorical/composition|microscopy/other,PRIVATE_REFERENCE_ONLY/corpus/PMC13291444/figures/Fig5.jpg,http://creativecommons.org/licenses/by/4.0/ This is an open access article under the CC BY license (http://creativecommons.org/licenses/by/4.0/).,yes,caption-based classification
PMC13291444,"Viviani L, Lacidogna D, Pennacchio S, Mengozzi MV, Orfanelli U, Giordano L, Perini T, Cenci S, Milan E.",2026,Cell Reports,Cell,10.1016/j.celrep.2026.117501,research-article,6,all,bar/group comparison|categorical/composition|microscopy/other,PRIVATE_REFERENCE_ONLY/corpus/PMC13291444/figures/Fig6.jpg,http://creativecommons.org/licenses/by/4.0/ This is an open access article under the CC BY license (http://creativecommons.org/licenses/by/4.0/).,yes,caption-based classification
PMC13506674,"Berjaga-Buisan T, Monti JM, Cortada M, Colombo MA, Geli SM, Gaglioti G, Sarasso S, Kringelbach ML, Corbetta M, Sanchez-Vives MV, Massimini M, Perl YS, Deco G.",2026,Cell Reports,Cell,10.1016/j.celrep.2026.117782,research-article,1,all,scatter/regression,PRIVATE_REFERENCE_ONLY/corpus/PMC13506674/figures/Fig1.webp,http://creativecommons.org/licenses/by/4.0/ This is an open access article under the CC BY license (http://creativecommons.org/licenses/by/4.0/).,yes,caption-based classification
PMC13506674,"Berjaga-Buisan T, Monti JM, Cortada M, Colombo MA, Geli SM, Gaglioti G, Sarasso S, Kringelbach ML, Corbetta M, Sanchez-Vives MV, Massimini M, Perl YS, Deco G.",2026,Cell Reports,Cell,10.1016/j.celrep.2026.117782,research-article,2,all,scatter/regression,PRIVATE_REFERENCE_ONLY/corpus/PMC13506674/figures/Fig2.webp,http://creativecommons.org/licenses/by/4.0/ This is an open access article under the CC BY license (http://creativecommons.org/licenses/by/4.0/).,yes,caption-based classification
PMC13506674,"Berjaga-Buisan T, Monti JM, Cortada M, Colombo MA, Geli SM, Gaglioti G, Sarasso S, Kringelbach ML, Corbetta M, Sanchez-Vives MV, Massimini M, Perl YS, Deco G.",2026,Cell Reports,Cell,10.1016/j.celrep.2026.117782,research-article,3,all,scatter/regression,PRIVATE_REFERENCE_ONLY/corpus/PMC13506674/figures/Fig3.webp,http://creativecommons.org/licenses/by/4.0/ This is an open access article under the CC BY license (http://creativecommons.org/licenses/by/4.0/).,yes,caption-based classification
PMC13506674,"Berjaga-Buisan T, Monti JM, Cortada M, Colombo MA, Geli SM, Gaglioti G, Sarasso S, Kringelbach ML, Corbetta M, Sanchez-Vives MV, Massimini M, Perl YS, Deco G.",2026,Cell Reports,Cell,10.1016/j.celrep.2026.117782,research-article,4,all,scatter/regression,PRIVATE_REFERENCE_ONLY/corpus/PMC13506674/figures/Fig4.webp,http://creativecommons.org/licenses/by/4.0/ This is an open access article under the CC BY license (http://creativecommons.org/licenses/by/4.0/).,yes,caption-based classification
PMC13506676,"Zickler D, Rodrigues Neves AR, Kleckner N.",2026,Cell Reports,Cell,10.1016/j.celrep.2026.117776,research-article,1,all,bar/group comparison|microscopy/other,PRIVATE_REFERENCE_ONLY/corpus/PMC13506676/figures/Fig1.webp,http://creativecommons.org/licenses/by-nc-nd/4.0/ This is an open access article under the CC BY-NC-ND license (http://creativecommons.org/licenses/by-nc-nd/4.0/).,yes,caption-based classification
PMC13506676,"Zickler D, Rodrigues Neves AR, Kleckner N.",2026,Cell Reports,Cell,10.1016/j.celrep.2026.117776,research-article,2,all,bar/group comparison,PRIVATE_REFERENCE_ONLY/corpus/PMC13506676/figures/Fig2.webp,http://creativecommons.org/licenses/by-nc-nd/4.0/ This is an open access article under the CC BY-NC-ND license (http://creativecommons.org/licenses/by-nc-nd/4.0/).,yes,caption-based classification
PMC13506676,"Zickler D, Rodrigues Neves AR, Kleckner N.",2026,Cell Reports,Cell,10.1016/j.celrep.2026.117776,research-article,3,all,bar/group comparison|microscopy/other,PRIVATE_REFERENCE_ONLY/corpus/PMC13506676/figures/Fig3.webp,http://creativecommons.org/licenses/by-nc-nd/4.0/ This is an open access article under the CC BY-NC-ND license (http://creativecommons.org/licenses/by-nc-nd/4.0/).,yes,caption-based classification
PMC13506676,"Zickler D, Rodrigues Neves AR, Kleckner N.",2026,Cell Reports,Cell,10.1016/j.celrep.2026.117776,research-article,4,all,bar/group comparison,PRIVATE_REFERENCE_ONLY/corpus/PMC13506676/figures/Fig4.webp,http://creativecommons.org/licenses/by-nc-nd/4.0/ This is an open access article under the CC BY-NC-ND license (http://creativecommons.org/licenses/by-nc-nd/4.0/).,yes,caption-based classification
PMC13506676,"Zickler D, Rodrigues Neves AR, Kleckner N.",2026,Cell Reports,Cell,10.1016/j.celrep.2026.117776,research-article,5,all,bar/group comparison|dot/bubble,PRIVATE_REFERENCE_ONLY/corpus/PMC13506676/figures/Fig5.webp,http://creativecommons.org/licenses/by-nc-nd/4.0/ This is an open access article under the CC BY-NC-ND license (http://creativecommons.org/licenses/by-nc-nd/4.0/).,yes,caption-based classification
PMC13506676,"Zickler D, Rodrigues Neves AR, Kleckner N.",2026,Cell Reports,Cell,10.1016/j.celrep.2026.117776,research-article,6,all,bar/group comparison|dot/bubble,PRIVATE_REFERENCE_ONLY/corpus/PMC13506676/figures/Fig6.webp,http://creativecommons.org/licenses/by-nc-nd/4.0/ This is an open access article under the CC BY-NC-ND license (http://creativecommons.org/licenses/by-nc-nd/4.0/).,yes,caption-based classification
PMC13506676,"Zickler D, Rodrigues Neves AR, Kleckner N.",2026,Cell Reports,Cell,10.1016/j.celrep.2026.117776,research-article,7,all,bar/group comparison|microscopy/other,PRIVATE_REFERENCE_ONLY/corpus/PMC13506676/figures/Fig7.webp,http://creativecommons.org/licenses/by-nc-nd/4.0/ This is an open access article under the CC BY-NC-ND license (http://creativecommons.org/licenses/by-nc-nd/4.0/).,yes,caption-based classification
PMC13506677,"Marión RM, González JC, Flores JM, Piñeiro-Yáñez E, Serrano R, Blasco MA.",2026,Cell Reports,Cell,10.1016/j.celrep.2026.117786,research-article,1,all,line/time-course|bar/group comparison|survival,PRIVATE_REFERENCE_ONLY/corpus/PMC13506677/figures/Fig1.webp,http://creativecommons.org/licenses/by-nc/4.0/ This is an open access article under the CC BY-NC license (http://creativecommons.org/licenses/by-nc/4.0/).,yes,caption-based classification
PMC13506677,"Marión RM, González JC, Flores JM, Piñeiro-Yáñez E, Serrano R, Blasco MA.",2026,Cell Reports,Cell,10.1016/j.celrep.2026.117786,research-article,2,all,bar/group comparison|categorical/composition|microscopy/other,PRIVATE_REFERENCE_ONLY/corpus/PMC13506677/figures/Fig2.webp,http://creativecommons.org/licenses/by-nc/4.0/ This is an open access article under the CC BY-NC license (http://creativecommons.org/licenses/by-nc/4.0/).,yes,caption-based classification
PMC13506677,"Marión RM, González JC, Flores JM, Piñeiro-Yáñez E, Serrano R, Blasco MA.",2026,Cell Reports,Cell,10.1016/j.celrep.2026.117786,research-article,3,all,bar/group comparison|categorical/composition|microscopy/other,PRIVATE_REFERENCE_ONLY/corpus/PMC13506677/figures/Fig3.webp,http://creativecommons.org/licenses/by-nc/4.0/ This is an open access article under the CC BY-NC license (http://creativecommons.org/licenses/by-nc/4.0/).,yes,caption-based classification
PMC13506677,"Marión RM, González JC, Flores JM, Piñeiro-Yáñez E, Serrano R, Blasco MA.",2026,Cell Reports,Cell,10.1016/j.celrep.2026.117786,research-article,4,all,bar/group comparison|categorical/composition|microscopy/other,PRIVATE_REFERENCE_ONLY/corpus/PMC13506677/figures/Fig4.webp,http://creativecommons.org/licenses/by-nc/4.0/ This is an open access article under the CC BY-NC license (http://creativecommons.org/licenses/by-nc/4.0/).,yes,caption-based classification
PMC13506677,"Marión RM, González JC, Flores JM, Piñeiro-Yáñez E, Serrano R, Blasco MA.",2026,Cell Reports,Cell,10.1016/j.celrep.2026.117786,research-article,5,all,line/time-course|survival,PRIVATE_REFERENCE_ONLY/corpus/PMC13506677/figures/Fig5.webp,http://creativecommons.org/licenses/by-nc/4.0/ This is an open access article under the CC BY-NC license (http://creativecommons.org/licenses/by-nc/4.0/).,yes,caption-based classification
PMC13506677,"Marión RM, González JC, Flores JM, Piñeiro-Yáñez E, Serrano R, Blasco MA.",2026,Cell Reports,Cell,10.1016/j.celrep.2026.117786,research-article,6,all,bar/group comparison|categorical/composition|microscopy/other,PRIVATE_REFERENCE_ONLY/corpus/PMC13506677/figures/Fig6.webp,http://creativecommons.org/licenses/by-nc/4.0/ This is an open access article under the CC BY-NC license (http://creativecommons.org/licenses/by-nc/4.0/).,yes,caption-based classification
PMC13506677,"Marión RM, González JC, Flores JM, Piñeiro-Yáñez E, Serrano R, Blasco MA.",2026,Cell Reports,Cell,10.1016/j.celrep.2026.117786,research-article,7,all,bar/group comparison|categorical/composition|microscopy/other,PRIVATE_REFERENCE_ONLY/corpus/PMC13506677/figures/Fig7.webp,http://creativecommons.org/licenses/by-nc/4.0/ This is an open access article under the CC BY-NC license (http://creativecommons.org/licenses/by-nc/4.0/).,yes,caption-based classification
PMC10206407,"Heigwer F, Scheeder C, Bageritz J, Yousefian S, Rauscher B, Laufer C, Beneyto-Calabuig S, Funk MC, Peters V, Boulougouri M, Bilanovic J, Miersch T, Schmitt B, Blass C, Port F, Boutros M.",2023,Cell Systems,Cell,10.1016/j.cels.2023.03.003,research-article,1,all,scatter/regression|forest/effect-size|microscopy/other,PRIVATE_REFERENCE_ONLY/corpus/PMC10206407/figures/Fig1.jpg,http://creativecommons.org/licenses/by-nc-nd/4.0/ This is an open access article under the CC BY-NC-ND license (http://creativecommons.org/licenses/by-nc-nd/4.0/).,yes,caption-based classification
PMC10206407,"Heigwer F, Scheeder C, Bageritz J, Yousefian S, Rauscher B, Laufer C, Beneyto-Calabuig S, Funk MC, Peters V, Boulougouri M, Bilanovic J, Miersch T, Schmitt B, Blass C, Port F, Boutros M.",2023,Cell Systems,Cell,10.1016/j.cels.2023.03.003,research-article,2,all,line/time-course|heatmap,PRIVATE_REFERENCE_ONLY/corpus/PMC10206407/figures/Fig2.jpg,http://creativecommons.org/licenses/by-nc-nd/4.0/ This is an open access article under the CC BY-NC-ND license (http://creativecommons.org/licenses/by-nc-nd/4.0/).,yes,caption-based classification
PMC10206407,"Heigwer F, Scheeder C, Bageritz J, Yousefian S, Rauscher B, Laufer C, Beneyto-Calabuig S, Funk MC, Peters V, Boulougouri M, Bilanovic J, Miersch T, Schmitt B, Blass C, Port F, Boutros M.",2023,Cell Systems,Cell,10.1016/j.cels.2023.03.003,research-article,3,all,scatter/regression|line/time-course|bar/group comparison|heatmap|microscopy/other,PRIVATE_REFERENCE_ONLY/corpus/PMC10206407/figures/Fig3.jpg,http://creativecommons.org/licenses/by-nc-nd/4.0/ This is an open access article under the CC BY-NC-ND license (http://creativecommons.org/licenses/by-nc-nd/4.0/).,yes,caption-based classification
PMC10206407,"Heigwer F, Scheeder C, Bageritz J, Yousefian S, Rauscher B, Laufer C, Beneyto-Calabuig S, Funk MC, Peters V, Boulougouri M, Bilanovic J, Miersch T, Schmitt B, Blass C, Port F, Boutros M.",2023,Cell Systems,Cell,10.1016/j.cels.2023.03.003,research-article,4,all,PCA/UMAP,PRIVATE_REFERENCE_ONLY/corpus/PMC10206407/figures/Fig4.jpg,http://creativecommons.org/licenses/by-nc-nd/4.0/ This is an open access article under the CC BY-NC-ND license (http://creativecommons.org/licenses/by-nc-nd/4.0/).,yes,caption-based classification
PMC10206407,"Heigwer F, Scheeder C, Bageritz J, Yousefian S, Rauscher B, Laufer C, Beneyto-Calabuig S, Funk MC, Peters V, Boulougouri M, Bilanovic J, Miersch T, Schmitt B, Blass C, Port F, Boutros M.",2023,Cell Systems,Cell,10.1016/j.cels.2023.03.003,research-article,5,all,bar/group comparison|box/violin|PCA/UMAP|heatmap|categorical/composition,PRIVATE_REFERENCE_ONLY/corpus/PMC10206407/figures/Fig5.jpg,http://creativecommons.org/licenses/by-nc-nd/4.0/ This is an open access article under the CC BY-NC-ND license (http://creativecommons.org/licenses/by-nc-nd/4.0/).,yes,caption-based classification
PMC10206407,"Heigwer F, Scheeder C, Bageritz J, Yousefian S, Rauscher B, Laufer C, Beneyto-Calabuig S, Funk MC, Peters V, Boulougouri M, Bilanovic J, Miersch T, Schmitt B, Blass C, Port F, Boutros M.",2023,Cell Systems,Cell,10.1016/j.cels.2023.03.003,research-article,6,all,bar/group comparison|PCA/UMAP|heatmap,PRIVATE_REFERENCE_ONLY/corpus/PMC10206407/figures/Fig6.jpg,http://creativecommons.org/licenses/by-nc-nd/4.0/ This is an open access article under the CC BY-NC-ND license (http://creativecommons.org/licenses/by-nc-nd/4.0/).,yes,caption-based classification
PMC10206407,"Heigwer F, Scheeder C, Bageritz J, Yousefian S, Rauscher B, Laufer C, Beneyto-Calabuig S, Funk MC, Peters V, Boulougouri M, Bilanovic J, Miersch T, Schmitt B, Blass C, Port F, Boutros M.",2023,Cell Systems,Cell,10.1016/j.cels.2023.03.003,research-article,7,all,bar/group comparison|microscopy/other,PRIVATE_REFERENCE_ONLY/corpus/PMC10206407/figures/Fig7.jpg,http://creativecommons.org/licenses/by-nc-nd/4.0/ This is an open access article under the CC BY-NC-ND license (http://creativecommons.org/licenses/by-nc-nd/4.0/).,yes,caption-based classification
PMC10752370,"Connors BM, Thompson J, Ertmer S, Clark RL, Pfleger BF, Venturelli OS.",2023,Cell Systems,Cell,10.1016/j.cels.2023.11.007,research-article,1,all,scatter/regression|bar/group comparison|heatmap|categorical/composition|microscopy/other,PRIVATE_REFERENCE_ONLY/corpus/PMC10752370/figures/Fig1.jpg,http://creativecommons.org/licenses/by/4.0/ This is an open access article under the CC BY license (http://creativecommons.org/licenses/by/4.0/).,yes,caption-based classification
PMC10752370,"Connors BM, Thompson J, Ertmer S, Clark RL, Pfleger BF, Venturelli OS.",2023,Cell Systems,Cell,10.1016/j.cels.2023.11.007,research-article,2,all,line/time-course|bar/group comparison|microscopy/other,PRIVATE_REFERENCE_ONLY/corpus/PMC10752370/figures/Fig2.jpg,http://creativecommons.org/licenses/by/4.0/ This is an open access article under the CC BY license (http://creativecommons.org/licenses/by/4.0/).,yes,caption-based classification
PMC10752370,"Connors BM, Thompson J, Ertmer S, Clark RL, Pfleger BF, Venturelli OS.",2023,Cell Systems,Cell,10.1016/j.cels.2023.11.007,research-article,3,all,scatter/regression|line/time-course|bar/group comparison|forest/effect-size|categorical/composition|microscopy/other,PRIVATE_REFERENCE_ONLY/corpus/PMC10752370/figures/Fig3.jpg,http://creativecommons.org/licenses/by/4.0/ This is an open access article under the CC BY license (http://creativecommons.org/licenses/by/4.0/).,yes,caption-based classification
PMC10752370,"Connors BM, Thompson J, Ertmer S, Clark RL, Pfleger BF, Venturelli OS.",2023,Cell Systems,Cell,10.1016/j.cels.2023.11.007,research-article,4,all,scatter/regression|line/time-course|bar/group comparison|box/violin|heatmap|forest/effect-size|categorical/composition|microscopy/other,PRIVATE_REFERENCE_ONLY/corpus/PMC10752370/figures/Fig4.jpg,http://creativecommons.org/licenses/by/4.0/ This is an open access article under the CC BY license (http://creativecommons.org/licenses/by/4.0/).,yes,caption-based classification
PMC10752370,"Connors BM, Thompson J, Ertmer S, Clark RL, Pfleger BF, Venturelli OS.",2023,Cell Systems,Cell,10.1016/j.cels.2023.11.007,research-article,5,all,scatter/regression|bar/group comparison|box/violin|heatmap|forest/effect-size|categorical/composition,PRIVATE_REFERENCE_ONLY/corpus/PMC10752370/figures/Fig5.jpg,http://creativecommons.org/licenses/by/4.0/ This is an open access article under the CC BY license (http://creativecommons.org/licenses/by/4.0/).,yes,caption-based classification
PMC11667439,"Trauernicht M, Filipovska T, Rastogi C, van Steensel B.",2024,Cell Systems,Cell,10.1016/j.cels.2024.11.003,research-article,1,all,scatter/regression|bar/group comparison|box/violin|PCA/UMAP|forest/effect-size,PRIVATE_REFERENCE_ONLY/corpus/PMC11667439/figures/Fig1.jpg,http://creativecommons.org/licenses/by-nc-nd/4.0/ This is an open access article under the CC BY-NC-ND license (http://creativecommons.org/licenses/by-nc-nd/4.0/).,yes,caption-based classification
PMC11667439,"Trauernicht M, Filipovska T, Rastogi C, van Steensel B.",2024,Cell Systems,Cell,10.1016/j.cels.2024.11.003,research-article,2,all,scatter/regression|box/violin|heatmap|forest/effect-size|microscopy/other,PRIVATE_REFERENCE_ONLY/corpus/PMC11667439/figures/Fig2.jpg,http://creativecommons.org/licenses/by-nc-nd/4.0/ This is an open access article under the CC BY-NC-ND license (http://creativecommons.org/licenses/by-nc-nd/4.0/).,yes,caption-based classification
PMC11667439,"Trauernicht M, Filipovska T, Rastogi C, van Steensel B.",2024,Cell Systems,Cell,10.1016/j.cels.2024.11.003,research-article,3,all,scatter/regression,PRIVATE_REFERENCE_ONLY/corpus/PMC11667439/figures/Fig3.jpg,http://creativecommons.org/licenses/by-nc-nd/4.0/ This is an open access article under the CC BY-NC-ND license (http://creativecommons.org/licenses/by-nc-nd/4.0/).,yes,caption-based classification
PMC11667439,"Trauernicht M, Filipovska T, Rastogi C, van Steensel B.",2024,Cell Systems,Cell,10.1016/j.cels.2024.11.003,research-article,4,all,microscopy/other,PRIVATE_REFERENCE_ONLY/corpus/PMC11667439/figures/Fig4.jpg,http://creativecommons.org/licenses/by-nc-nd/4.0/ This is an open access article under the CC BY-NC-ND license (http://creativecommons.org/licenses/by-nc-nd/4.0/).,partial,no quantitative marker; caption-based classification
PMC11667439,"Trauernicht M, Filipovska T, Rastogi C, van Steensel B.",2024,Cell Systems,Cell,10.1016/j.cels.2024.11.003,research-article,5,all,microscopy/other,PRIVATE_REFERENCE_ONLY/corpus/PMC11667439/figures/Fig5.jpg,http://creativecommons.org/licenses/by-nc-nd/4.0/ This is an open access article under the CC BY-NC-ND license (http://creativecommons.org/licenses/by-nc-nd/4.0/).,partial,no quantitative marker; caption-based classification
PMC11667439,"Trauernicht M, Filipovska T, Rastogi C, van Steensel B.",2024,Cell Systems,Cell,10.1016/j.cels.2024.11.003,research-article,6,all,scatter/regression,PRIVATE_REFERENCE_ONLY/corpus/PMC11667439/figures/Fig6.jpg,http://creativecommons.org/licenses/by-nc-nd/4.0/ This is an open access article under the CC BY-NC-ND license (http://creativecommons.org/licenses/by-nc-nd/4.0/).,yes,caption-based classification
PMC11667439,"Trauernicht M, Filipovska T, Rastogi C, van Steensel B.",2024,Cell Systems,Cell,10.1016/j.cels.2024.11.003,research-article,7,all,bar/group comparison,PRIVATE_REFERENCE_ONLY/corpus/PMC11667439/figures/Fig7.jpg,http://creativecommons.org/licenses/by-nc-nd/4.0/ This is an open access article under the CC BY-NC-ND license (http://creativecommons.org/licenses/by-nc-nd/4.0/).,yes,caption-based classification
PMC11738662,"Metzner E, Southard KM, Norman TM.",2025,Cell Systems,Cell,10.1016/j.cels.2024.12.002,research-article (author manuscript),1,all,bar/group comparison|forest/effect-size|categorical/composition|microscopy/other,PRIVATE_REFERENCE_ONLY/corpus/PMC11738662/figures/Fig1.jpg,https://creativecommons.org/licenses/by-nc-nd/4.0/ This is an open access article under the CC BY-NC-ND license ( http://creativecommons.org/licenses/by-nc-nd/4.0/ ).,partial,author manuscript; figures not publisher-typeset; caption-based classification
PMC11738662,"Metzner E, Southard KM, Norman TM.",2025,Cell Systems,Cell,10.1016/j.cels.2024.12.002,research-article (author manuscript),2,all,scatter/regression|PCA/UMAP|volcano/MA|heatmap|categorical/composition,PRIVATE_REFERENCE_ONLY/corpus/PMC11738662/figures/Fig2.jpg,https://creativecommons.org/licenses/by-nc-nd/4.0/ This is an open access article under the CC BY-NC-ND license ( http://creativecommons.org/licenses/by-nc-nd/4.0/ ).,partial,author manuscript; figures not publisher-typeset; caption-based classification
PMC11922821,"Miyara S, Adler M, Umansky KB, Häußler D, Bassat E, Divinsky Y, Elkahal J, Kain D, Lendengolts D, Ramirez Flores RO, Bueno-Levy H, Golani O, Shalit T, Gershovits M, Weizman E, Genzelinakh A, Kimchi DM, Shakked A, Zhang L, Wang J, Baehr A, Petrover Z, Sarig R, Dorn T, Moretti A, Saez-Rodriguez J, Kupatt C, Tanaka EM, Medzhitov R, Krüger A, Mayo A, Alon U, Tzahor E.",2025,Cell Systems,Cell,10.1016/j.cels.2025.101198,research-article,1,all,line/time-course|bar/group comparison|box/violin|PCA/UMAP|dot/bubble|categorical/composition|microscopy/other,PRIVATE_REFERENCE_ONLY/corpus/PMC11922821/figures/Fig1.jpg,http://creativecommons.org/licenses/by/4.0/ This is an open access article under the CC BY license (http://creativecommons.org/licenses/by/4.0/).,yes,caption-based classification
PMC11922821,"Miyara S, Adler M, Umansky KB, Häußler D, Bassat E, Divinsky Y, Elkahal J, Kain D, Lendengolts D, Ramirez Flores RO, Bueno-Levy H, Golani O, Shalit T, Gershovits M, Weizman E, Genzelinakh A, Kimchi DM, Shakked A, Zhang L, Wang J, Baehr A, Petrover Z, Sarig R, Dorn T, Moretti A, Saez-Rodriguez J, Kupatt C, Tanaka EM, Medzhitov R, Krüger A, Mayo A, Alon U, Tzahor E.",2025,Cell Systems,Cell,10.1016/j.cels.2025.101198,research-article,2,all,line/time-course|bar/group comparison|box/violin|dot/bubble|microscopy/other,PRIVATE_REFERENCE_ONLY/corpus/PMC11922821/figures/Fig2.jpg,http://creativecommons.org/licenses/by/4.0/ This is an open access article under the CC BY license (http://creativecommons.org/licenses/by/4.0/).,yes,caption-based classification
PMC11922821,"Miyara S, Adler M, Umansky KB, Häußler D, Bassat E, Divinsky Y, Elkahal J, Kain D, Lendengolts D, Ramirez Flores RO, Bueno-Levy H, Golani O, Shalit T, Gershovits M, Weizman E, Genzelinakh A, Kimchi DM, Shakked A, Zhang L, Wang J, Baehr A, Petrover Z, Sarig R, Dorn T, Moretti A, Saez-Rodriguez J, Kupatt C, Tanaka EM, Medzhitov R, Krüger A, Mayo A, Alon U, Tzahor E.",2025,Cell Systems,Cell,10.1016/j.cels.2025.101198,research-article,3,all,line/time-course|bar/group comparison|volcano/MA|heatmap|microscopy/other,PRIVATE_REFERENCE_ONLY/corpus/PMC11922821/figures/Fig3.jpg,http://creativecommons.org/licenses/by/4.0/ This is an open access article under the CC BY license (http://creativecommons.org/licenses/by/4.0/).,yes,caption-based classification
PMC11922821,"Miyara S, Adler M, Umansky KB, Häußler D, Bassat E, Divinsky Y, Elkahal J, Kain D, Lendengolts D, Ramirez Flores RO, Bueno-Levy H, Golani O, Shalit T, Gershovits M, Weizman E, Genzelinakh A, Kimchi DM, Shakked A, Zhang L, Wang J, Baehr A, Petrover Z, Sarig R, Dorn T, Moretti A, Saez-Rodriguez J, Kupatt C, Tanaka EM, Medzhitov R, Krüger A, Mayo A, Alon U, Tzahor E.",2025,Cell Systems,Cell,10.1016/j.cels.2025.101198,research-article,4,all,bar/group comparison|PCA/UMAP|categorical/composition,PRIVATE_REFERENCE_ONLY/corpus/PMC11922821/figures/Fig4.jpg,http://creativecommons.org/licenses/by/4.0/ This is an open access article under the CC BY license (http://creativecommons.org/licenses/by/4.0/).,yes,caption-based classification
PMC11922821,"Miyara S, Adler M, Umansky KB, Häußler D, Bassat E, Divinsky Y, Elkahal J, Kain D, Lendengolts D, Ramirez Flores RO, Bueno-Levy H, Golani O, Shalit T, Gershovits M, Weizman E, Genzelinakh A, Kimchi DM, Shakked A, Zhang L, Wang J, Baehr A, Petrover Z, Sarig R, Dorn T, Moretti A, Saez-Rodriguez J, Kupatt C, Tanaka EM, Medzhitov R, Krüger A, Mayo A, Alon U, Tzahor E.",2025,Cell Systems,Cell,10.1016/j.cels.2025.101198,research-article,5,all,scatter/regression|line/time-course|bar/group comparison|volcano/MA|heatmap|dot/bubble|categorical/composition|microscopy/other,PRIVATE_REFERENCE_ONLY/corpus/PMC11922821/figures/Fig5.jpg,http://creativecommons.org/licenses/by/4.0/ This is an open access article under the CC BY license (http://creativecommons.org/licenses/by/4.0/).,yes,caption-based classification
PMC12332847,"Pi D, Braun J, Dutta S, Patra D, Bougaran P, Mompeón A, Ma F, Stock SR, Choi S, García-Ortega L, Pratama MY, Pichardo D, Ramkhelawon B, Benedito R, Bautch VL, Ornitz DM, Goyal Y, Iruela-Arispe ML.",2025,Cell Systems,Cell,10.1016/j.cels.2025.101324,research-article (author manuscript),1,all,bar/group comparison|dot/bubble|microscopy/other,PRIVATE_REFERENCE_ONLY/corpus/PMC12332847/figures/Fig1.jpg,https://creativecommons.org/licenses/by-nc-nd/4.0/ This is an open access article under the CC BY-NC-ND license ( https://creativecommons.org/licenses/by-nc-nd/4.0/ ).,partial,author manuscript; figures not publisher-typeset; caption-based classification
PMC12332847,"Pi D, Braun J, Dutta S, Patra D, Bougaran P, Mompeón A, Ma F, Stock SR, Choi S, García-Ortega L, Pratama MY, Pichardo D, Ramkhelawon B, Benedito R, Bautch VL, Ornitz DM, Goyal Y, Iruela-Arispe ML.",2025,Cell Systems,Cell,10.1016/j.cels.2025.101324,research-article (author manuscript),2,all,bar/group comparison|dot/bubble|categorical/composition|microscopy/other,PRIVATE_REFERENCE_ONLY/corpus/PMC12332847/figures/Fig2.jpg,https://creativecommons.org/licenses/by-nc-nd/4.0/ This is an open access article under the CC BY-NC-ND license ( https://creativecommons.org/licenses/by-nc-nd/4.0/ ).,partial,author manuscript; figures not publisher-typeset; caption-based classification
PMC12332847,"Pi D, Braun J, Dutta S, Patra D, Bougaran P, Mompeón A, Ma F, Stock SR, Choi S, García-Ortega L, Pratama MY, Pichardo D, Ramkhelawon B, Benedito R, Bautch VL, Ornitz DM, Goyal Y, Iruela-Arispe ML.",2025,Cell Systems,Cell,10.1016/j.cels.2025.101324,research-article (author manuscript),3,all,box/violin|PCA/UMAP|heatmap|dot/bubble|categorical/composition,PRIVATE_REFERENCE_ONLY/corpus/PMC12332847/figures/Fig3.jpg,https://creativecommons.org/licenses/by-nc-nd/4.0/ This is an open access article under the CC BY-NC-ND license ( https://creativecommons.org/licenses/by-nc-nd/4.0/ ).,partial,author manuscript; figures not publisher-typeset; caption-based classification
PMC12332847,"Pi D, Braun J, Dutta S, Patra D, Bougaran P, Mompeón A, Ma F, Stock SR, Choi S, García-Ortega L, Pratama MY, Pichardo D, Ramkhelawon B, Benedito R, Bautch VL, Ornitz DM, Goyal Y, Iruela-Arispe ML.",2025,Cell Systems,Cell,10.1016/j.cels.2025.101324,research-article (author manuscript),4,all,scatter/regression|bar/group comparison|categorical/composition|microscopy/other,PRIVATE_REFERENCE_ONLY/corpus/PMC12332847/figures/Fig4.jpg,https://creativecommons.org/licenses/by-nc-nd/4.0/ This is an open access article under the CC BY-NC-ND license ( https://creativecommons.org/licenses/by-nc-nd/4.0/ ).,partial,author manuscript; figures not publisher-typeset; caption-based classification
PMC12332847,"Pi D, Braun J, Dutta S, Patra D, Bougaran P, Mompeón A, Ma F, Stock SR, Choi S, García-Ortega L, Pratama MY, Pichardo D, Ramkhelawon B, Benedito R, Bautch VL, Ornitz DM, Goyal Y, Iruela-Arispe ML.",2025,Cell Systems,Cell,10.1016/j.cels.2025.101324,research-article (author manuscript),5,all,scatter/regression|forest/effect-size|categorical/composition|microscopy/other,PRIVATE_REFERENCE_ONLY/corpus/PMC12332847/figures/Fig5.jpg,https://creativecommons.org/licenses/by-nc-nd/4.0/ This is an open access article under the CC BY-NC-ND license ( https://creativecommons.org/licenses/by-nc-nd/4.0/ ).,partial,author manuscript; figures not publisher-typeset; caption-based classification
PMC12332847,"Pi D, Braun J, Dutta S, Patra D, Bougaran P, Mompeón A, Ma F, Stock SR, Choi S, García-Ortega L, Pratama MY, Pichardo D, Ramkhelawon B, Benedito R, Bautch VL, Ornitz DM, Goyal Y, Iruela-Arispe ML.",2025,Cell Systems,Cell,10.1016/j.cels.2025.101324,research-article (author manuscript),6,all,bar/group comparison|categorical/composition|microscopy/other,PRIVATE_REFERENCE_ONLY/corpus/PMC12332847/figures/Fig6.jpg,https://creativecommons.org/licenses/by-nc-nd/4.0/ This is an open access article under the CC BY-NC-ND license ( https://creativecommons.org/licenses/by-nc-nd/4.0/ ).,partial,author manuscript; figures not publisher-typeset; caption-based classification
PMC12332847,"Pi D, Braun J, Dutta S, Patra D, Bougaran P, Mompeón A, Ma F, Stock SR, Choi S, García-Ortega L, Pratama MY, Pichardo D, Ramkhelawon B, Benedito R, Bautch VL, Ornitz DM, Goyal Y, Iruela-Arispe ML.",2025,Cell Systems,Cell,10.1016/j.cels.2025.101324,research-article (author manuscript),7,all,bar/group comparison|dot/bubble|categorical/composition,PRIVATE_REFERENCE_ONLY/corpus/PMC12332847/figures/Fig7.jpg,https://creativecommons.org/licenses/by-nc-nd/4.0/ This is an open access article under the CC BY-NC-ND license ( https://creativecommons.org/licenses/by-nc-nd/4.0/ ).,partial,author manuscript; figures not publisher-typeset; caption-based classification
PMC12916471,"Rabouw HH, Schokolowski J, Müller M, Baars MJD, Dost AFM, Bestebroer TM, Püschel J, Clevers H, Fouchier RAM, Tanenbaum ME.",2026,Cell Systems,Cell,10.1016/j.cels.2025.101489,research-article,1,all,line/time-course|bar/group comparison|microscopy/other,PRIVATE_REFERENCE_ONLY/corpus/PMC12916471/figures/Fig1.jpg,http://creativecommons.org/licenses/by-nc-nd/4.0/ This is an open access article under the CC BY-NC-ND license (http://creativecommons.org/licenses/by-nc-nd/4.0/).,yes,caption-based classification
PMC12916471,"Rabouw HH, Schokolowski J, Müller M, Baars MJD, Dost AFM, Bestebroer TM, Püschel J, Clevers H, Fouchier RAM, Tanenbaum ME.",2026,Cell Systems,Cell,10.1016/j.cels.2025.101489,research-article,2,all,line/time-course|microscopy/other,PRIVATE_REFERENCE_ONLY/corpus/PMC12916471/figures/Fig2.jpg,http://creativecommons.org/licenses/by-nc-nd/4.0/ This is an open access article under the CC BY-NC-ND license (http://creativecommons.org/licenses/by-nc-nd/4.0/).,partial,caption-based classification
PMC12916471,"Rabouw HH, Schokolowski J, Müller M, Baars MJD, Dost AFM, Bestebroer TM, Püschel J, Clevers H, Fouchier RAM, Tanenbaum ME.",2026,Cell Systems,Cell,10.1016/j.cels.2025.101489,research-article,3,all,line/time-course|bar/group comparison|box/violin,PRIVATE_REFERENCE_ONLY/corpus/PMC12916471/figures/Fig3.jpg,http://creativecommons.org/licenses/by-nc-nd/4.0/ This is an open access article under the CC BY-NC-ND license (http://creativecommons.org/licenses/by-nc-nd/4.0/).,yes,caption-based classification
PMC12916471,"Rabouw HH, Schokolowski J, Müller M, Baars MJD, Dost AFM, Bestebroer TM, Püschel J, Clevers H, Fouchier RAM, Tanenbaum ME.",2026,Cell Systems,Cell,10.1016/j.cels.2025.101489,research-article,4,all,line/time-course|bar/group comparison|box/violin|categorical/composition,PRIVATE_REFERENCE_ONLY/corpus/PMC12916471/figures/Fig4.jpg,http://creativecommons.org/licenses/by-nc-nd/4.0/ This is an open access article under the CC BY-NC-ND license (http://creativecommons.org/licenses/by-nc-nd/4.0/).,yes,caption-based classification
PMC12916471,"Rabouw HH, Schokolowski J, Müller M, Baars MJD, Dost AFM, Bestebroer TM, Püschel J, Clevers H, Fouchier RAM, Tanenbaum ME.",2026,Cell Systems,Cell,10.1016/j.cels.2025.101489,research-article,5,all,box/violin|PCA/UMAP|heatmap|categorical/composition|microscopy/other,PRIVATE_REFERENCE_ONLY/corpus/PMC12916471/figures/Fig5.jpg,http://creativecommons.org/licenses/by-nc-nd/4.0/ This is an open access article under the CC BY-NC-ND license (http://creativecommons.org/licenses/by-nc-nd/4.0/).,yes,caption-based classification
PMC12916471,"Rabouw HH, Schokolowski J, Müller M, Baars MJD, Dost AFM, Bestebroer TM, Püschel J, Clevers H, Fouchier RAM, Tanenbaum ME.",2026,Cell Systems,Cell,10.1016/j.cels.2025.101489,research-article,6,all,line/time-course|bar/group comparison|box/violin|dot/bubble|microscopy/other,PRIVATE_REFERENCE_ONLY/corpus/PMC12916471/figures/Fig6.jpg,http://creativecommons.org/licenses/by-nc-nd/4.0/ This is an open access article under the CC BY-NC-ND license (http://creativecommons.org/licenses/by-nc-nd/4.0/).,yes,caption-based classification
PMC13083267,"Pérez Pañeda L, Kadavá T, Shamorkina TM, Schulte D, Pribil P, Heidelberger S, Narlock-Brand AM, Yannone SM, Snijder J, Heck AJR.",2026,Cell Systems,Cell,10.1016/j.cels.2026.101536,research-article,1,all,box/violin|categorical/composition|microscopy/other,PRIVATE_REFERENCE_ONLY/corpus/PMC13083267/figures/Fig1.jpg,http://creativecommons.org/licenses/by/4.0/ This is an open access article under the CC BY license (http://creativecommons.org/licenses/by/4.0/).,yes,caption-based classification
PMC13083267,"Pérez Pañeda L, Kadavá T, Shamorkina TM, Schulte D, Pribil P, Heidelberger S, Narlock-Brand AM, Yannone SM, Snijder J, Heck AJR.",2026,Cell Systems,Cell,10.1016/j.cels.2026.101536,research-article,2,all,box/violin|microscopy/other,PRIVATE_REFERENCE_ONLY/corpus/PMC13083267/figures/Fig2.jpg,http://creativecommons.org/licenses/by/4.0/ This is an open access article under the CC BY license (http://creativecommons.org/licenses/by/4.0/).,yes,caption-based classification
PMC13083267,"Pérez Pañeda L, Kadavá T, Shamorkina TM, Schulte D, Pribil P, Heidelberger S, Narlock-Brand AM, Yannone SM, Snijder J, Heck AJR.",2026,Cell Systems,Cell,10.1016/j.cels.2026.101536,research-article,3,all,microscopy/other,PRIVATE_REFERENCE_ONLY/corpus/PMC13083267/figures/Fig3.jpg,http://creativecommons.org/licenses/by/4.0/ This is an open access article under the CC BY license (http://creativecommons.org/licenses/by/4.0/).,partial,no quantitative marker; caption-based classification
PMC13083267,"Pérez Pañeda L, Kadavá T, Shamorkina TM, Schulte D, Pribil P, Heidelberger S, Narlock-Brand AM, Yannone SM, Snijder J, Heck AJR.",2026,Cell Systems,Cell,10.1016/j.cels.2026.101536,research-article,4,all,box/violin|categorical/composition,PRIVATE_REFERENCE_ONLY/corpus/PMC13083267/figures/Fig4.jpg,http://creativecommons.org/licenses/by/4.0/ This is an open access article under the CC BY license (http://creativecommons.org/licenses/by/4.0/).,yes,caption-based classification
PMC10659931,"Manohar S, Estrada ME, Uliana F, Vuina K, Alvarez PM, de Bruin RAM, Neurohr GE.",2023,Molecular Cell,Cell,10.1016/j.molcel.2023.10.018,research-article,1,all,scatter/regression|bar/group comparison|categorical/composition|microscopy/other,PRIVATE_REFERENCE_ONLY/corpus/PMC10659931/figures/Fig1.jpg,http://creativecommons.org/licenses/by/4.0/ This is an open access article under the CC BY license (http://creativecommons.org/licenses/by/4.0/).,yes,caption-based classification
PMC10659931,"Manohar S, Estrada ME, Uliana F, Vuina K, Alvarez PM, de Bruin RAM, Neurohr GE.",2023,Molecular Cell,Cell,10.1016/j.molcel.2023.10.018,research-article,2,all,bar/group comparison|categorical/composition|microscopy/other,PRIVATE_REFERENCE_ONLY/corpus/PMC10659931/figures/Fig2.jpg,http://creativecommons.org/licenses/by/4.0/ This is an open access article under the CC BY license (http://creativecommons.org/licenses/by/4.0/).,yes,caption-based classification
PMC10659931,"Manohar S, Estrada ME, Uliana F, Vuina K, Alvarez PM, de Bruin RAM, Neurohr GE.",2023,Molecular Cell,Cell,10.1016/j.molcel.2023.10.018,research-article,3,all,bar/group comparison|box/violin|dot/bubble|microscopy/other,PRIVATE_REFERENCE_ONLY/corpus/PMC10659931/figures/Fig3.jpg,http://creativecommons.org/licenses/by/4.0/ This is an open access article under the CC BY license (http://creativecommons.org/licenses/by/4.0/).,yes,caption-based classification
PMC10659931,"Manohar S, Estrada ME, Uliana F, Vuina K, Alvarez PM, de Bruin RAM, Neurohr GE.",2023,Molecular Cell,Cell,10.1016/j.molcel.2023.10.018,research-article,4,all,bar/group comparison|microscopy/other,PRIVATE_REFERENCE_ONLY/corpus/PMC10659931/figures/Fig4.jpg,http://creativecommons.org/licenses/by/4.0/ This is an open access article under the CC BY license (http://creativecommons.org/licenses/by/4.0/).,yes,caption-based classification
PMC10659931,"Manohar S, Estrada ME, Uliana F, Vuina K, Alvarez PM, de Bruin RAM, Neurohr GE.",2023,Molecular Cell,Cell,10.1016/j.molcel.2023.10.018,research-article,5,all,bar/group comparison|microscopy/other,PRIVATE_REFERENCE_ONLY/corpus/PMC10659931/figures/Fig5.jpg,http://creativecommons.org/licenses/by/4.0/ This is an open access article under the CC BY license (http://creativecommons.org/licenses/by/4.0/).,yes,caption-based classification
PMC10659931,"Manohar S, Estrada ME, Uliana F, Vuina K, Alvarez PM, de Bruin RAM, Neurohr GE.",2023,Molecular Cell,Cell,10.1016/j.molcel.2023.10.018,research-article,6,all,bar/group comparison|microscopy/other,PRIVATE_REFERENCE_ONLY/corpus/PMC10659931/figures/Fig6.jpg,http://creativecommons.org/licenses/by/4.0/ This is an open access article under the CC BY license (http://creativecommons.org/licenses/by/4.0/).,yes,caption-based classification
PMC10804999,"Renz C, Asimaki E, Meister C, Albanèse V, Petriukov K, Krapoth NC, Wegmann S, Wollscheid HP, Wong RP, Fulzele A, Chen JX, Léon S, Ulrich HD.",2024,Molecular Cell,Cell,10.1016/j.molcel.2023.11.016,research-article,1,all,line/time-course|categorical/composition|microscopy/other,PRIVATE_REFERENCE_ONLY/corpus/PMC10804999/figures/Fig1.jpg,http://creativecommons.org/licenses/by-nc/4.0/ This is an open access article under the CC BY-NC license (http://creativecommons.org/licenses/by-nc/4.0/).,yes,caption-based classification
PMC10804999,"Renz C, Asimaki E, Meister C, Albanèse V, Petriukov K, Krapoth NC, Wegmann S, Wollscheid HP, Wong RP, Fulzele A, Chen JX, Léon S, Ulrich HD.",2024,Molecular Cell,Cell,10.1016/j.molcel.2023.11.016,research-article,2,all,microscopy/other,PRIVATE_REFERENCE_ONLY/corpus/PMC10804999/figures/Fig2.jpg,http://creativecommons.org/licenses/by-nc/4.0/ This is an open access article under the CC BY-NC license (http://creativecommons.org/licenses/by-nc/4.0/).,partial,caption-based classification
PMC10804999,"Renz C, Asimaki E, Meister C, Albanèse V, Petriukov K, Krapoth NC, Wegmann S, Wollscheid HP, Wong RP, Fulzele A, Chen JX, Léon S, Ulrich HD.",2024,Molecular Cell,Cell,10.1016/j.molcel.2023.11.016,research-article,3,all,microscopy/other,PRIVATE_REFERENCE_ONLY/corpus/PMC10804999/figures/Fig3.jpg,http://creativecommons.org/licenses/by-nc/4.0/ This is an open access article under the CC BY-NC license (http://creativecommons.org/licenses/by-nc/4.0/).,partial,caption-based classification
PMC10804999,"Renz C, Asimaki E, Meister C, Albanèse V, Petriukov K, Krapoth NC, Wegmann S, Wollscheid HP, Wong RP, Fulzele A, Chen JX, Léon S, Ulrich HD.",2024,Molecular Cell,Cell,10.1016/j.molcel.2023.11.016,research-article,4,all,microscopy/other,PRIVATE_REFERENCE_ONLY/corpus/PMC10804999/figures/Fig4.jpg,http://creativecommons.org/licenses/by-nc/4.0/ This is an open access article under the CC BY-NC license (http://creativecommons.org/licenses/by-nc/4.0/).,partial,caption-based classification
PMC10804999,"Renz C, Asimaki E, Meister C, Albanèse V, Petriukov K, Krapoth NC, Wegmann S, Wollscheid HP, Wong RP, Fulzele A, Chen JX, Léon S, Ulrich HD.",2024,Molecular Cell,Cell,10.1016/j.molcel.2023.11.016,research-article,5,all,microscopy/other,PRIVATE_REFERENCE_ONLY/corpus/PMC10804999/figures/Fig5.jpg,http://creativecommons.org/licenses/by-nc/4.0/ This is an open access article under the CC BY-NC license (http://creativecommons.org/licenses/by-nc/4.0/).,partial,caption-based classification
PMC10804999,"Renz C, Asimaki E, Meister C, Albanèse V, Petriukov K, Krapoth NC, Wegmann S, Wollscheid HP, Wong RP, Fulzele A, Chen JX, Léon S, Ulrich HD.",2024,Molecular Cell,Cell,10.1016/j.molcel.2023.11.016,research-article,6,all,microscopy/other,PRIVATE_REFERENCE_ONLY/corpus/PMC10804999/figures/Fig6.jpg,http://creativecommons.org/licenses/by-nc/4.0/ This is an open access article under the CC BY-NC license (http://creativecommons.org/licenses/by-nc/4.0/).,partial,caption-based classification
PMC10805001,"Poerschke S, Oeljeklaus S, Cruz-Zaragoza LD, Schenzielorz A, Dahal D, Hillen HS, Das H, Kremer LS, Valpadashi A, Breuer M, Sattmann J, Richter-Dennerlein R, Warscheid B, Dennerlein S, Rehling P.",2024,Molecular Cell,Cell,10.1016/j.molcel.2023.12.013,research-article,1,all,microscopy/other,PRIVATE_REFERENCE_ONLY/corpus/PMC10805001/figures/Fig1.jpg,http://creativecommons.org/licenses/by-nc/4.0/ This is an open access article under the CC BY-NC license (http://creativecommons.org/licenses/by-nc/4.0/).,partial,caption-based classification
PMC10805001,"Poerschke S, Oeljeklaus S, Cruz-Zaragoza LD, Schenzielorz A, Dahal D, Hillen HS, Das H, Kremer LS, Valpadashi A, Breuer M, Sattmann J, Richter-Dennerlein R, Warscheid B, Dennerlein S, Rehling P.",2024,Molecular Cell,Cell,10.1016/j.molcel.2023.12.013,research-article,2,all,microscopy/other,PRIVATE_REFERENCE_ONLY/corpus/PMC10805001/figures/Fig2.jpg,http://creativecommons.org/licenses/by-nc/4.0/ This is an open access article under the CC BY-NC license (http://creativecommons.org/licenses/by-nc/4.0/).,partial,caption-based classification
PMC10805001,"Poerschke S, Oeljeklaus S, Cruz-Zaragoza LD, Schenzielorz A, Dahal D, Hillen HS, Das H, Kremer LS, Valpadashi A, Breuer M, Sattmann J, Richter-Dennerlein R, Warscheid B, Dennerlein S, Rehling P.",2024,Molecular Cell,Cell,10.1016/j.molcel.2023.12.013,research-article,3,all,bar/group comparison|microscopy/other,PRIVATE_REFERENCE_ONLY/corpus/PMC10805001/figures/Fig3.jpg,http://creativecommons.org/licenses/by-nc/4.0/ This is an open access article under the CC BY-NC license (http://creativecommons.org/licenses/by-nc/4.0/).,yes,caption-based classification
PMC10805001,"Poerschke S, Oeljeklaus S, Cruz-Zaragoza LD, Schenzielorz A, Dahal D, Hillen HS, Das H, Kremer LS, Valpadashi A, Breuer M, Sattmann J, Richter-Dennerlein R, Warscheid B, Dennerlein S, Rehling P.",2024,Molecular Cell,Cell,10.1016/j.molcel.2023.12.013,research-article,4,all,bar/group comparison|microscopy/other,PRIVATE_REFERENCE_ONLY/corpus/PMC10805001/figures/Fig4.jpg,http://creativecommons.org/licenses/by-nc/4.0/ This is an open access article under the CC BY-NC license (http://creativecommons.org/licenses/by-nc/4.0/).,yes,caption-based classification
PMC10805001,"Poerschke S, Oeljeklaus S, Cruz-Zaragoza LD, Schenzielorz A, Dahal D, Hillen HS, Das H, Kremer LS, Valpadashi A, Breuer M, Sattmann J, Richter-Dennerlein R, Warscheid B, Dennerlein S, Rehling P.",2024,Molecular Cell,Cell,10.1016/j.molcel.2023.12.013,research-article,5,all,bar/group comparison|microscopy/other,PRIVATE_REFERENCE_ONLY/corpus/PMC10805001/figures/Fig5.jpg,http://creativecommons.org/licenses/by-nc/4.0/ This is an open access article under the CC BY-NC license (http://creativecommons.org/licenses/by-nc/4.0/).,yes,caption-based classification
PMC10805001,"Poerschke S, Oeljeklaus S, Cruz-Zaragoza LD, Schenzielorz A, Dahal D, Hillen HS, Das H, Kremer LS, Valpadashi A, Breuer M, Sattmann J, Richter-Dennerlein R, Warscheid B, Dennerlein S, Rehling P.",2024,Molecular Cell,Cell,10.1016/j.molcel.2023.12.013,research-article,6,all,bar/group comparison|microscopy/other,PRIVATE_REFERENCE_ONLY/corpus/PMC10805001/figures/Fig6.jpg,http://creativecommons.org/licenses/by-nc/4.0/ This is an open access article under the CC BY-NC license (http://creativecommons.org/licenses/by-nc/4.0/).,yes,caption-based classification
PMC11065421,"Lerra L, Panatta M, Bär D, Zanini I, Tan JY, Pisano A, Mungo C, Baroux C, Panse VG, Marques AC, Santoro R.",2024,Molecular Cell,Cell,10.1016/j.molcel.2024.03.015,research-article,1,all,bar/group comparison|box/violin|categorical/composition|microscopy/other,PRIVATE_REFERENCE_ONLY/corpus/PMC11065421/figures/Fig1.jpg,http://creativecommons.org/licenses/by/4.0/ This is an open access article under the CC BY license (http://creativecommons.org/licenses/by/4.0/).,yes,caption-based classification
PMC11065421,"Lerra L, Panatta M, Bär D, Zanini I, Tan JY, Pisano A, Mungo C, Baroux C, Panse VG, Marques AC, Santoro R.",2024,Molecular Cell,Cell,10.1016/j.molcel.2024.03.015,research-article,2,all,bar/group comparison|box/violin|categorical/composition|microscopy/other,PRIVATE_REFERENCE_ONLY/corpus/PMC11065421/figures/Fig2.jpg,http://creativecommons.org/licenses/by/4.0/ This is an open access article under the CC BY license (http://creativecommons.org/licenses/by/4.0/).,yes,caption-based classification
PMC11065421,"Lerra L, Panatta M, Bär D, Zanini I, Tan JY, Pisano A, Mungo C, Baroux C, Panse VG, Marques AC, Santoro R.",2024,Molecular Cell,Cell,10.1016/j.molcel.2024.03.015,research-article,3,all,scatter/regression|bar/group comparison|box/violin|heatmap|categorical/composition|microscopy/other,PRIVATE_REFERENCE_ONLY/corpus/PMC11065421/figures/Fig3.jpg,http://creativecommons.org/licenses/by/4.0/ This is an open access article under the CC BY license (http://creativecommons.org/licenses/by/4.0/).,yes,caption-based classification
PMC11065421,"Lerra L, Panatta M, Bär D, Zanini I, Tan JY, Pisano A, Mungo C, Baroux C, Panse VG, Marques AC, Santoro R.",2024,Molecular Cell,Cell,10.1016/j.molcel.2024.03.015,research-article,4,all,bar/group comparison|volcano/MA|heatmap|categorical/composition,PRIVATE_REFERENCE_ONLY/corpus/PMC11065421/figures/Fig4.jpg,http://creativecommons.org/licenses/by/4.0/ This is an open access article under the CC BY license (http://creativecommons.org/licenses/by/4.0/).,yes,caption-based classification
PMC11065421,"Lerra L, Panatta M, Bär D, Zanini I, Tan JY, Pisano A, Mungo C, Baroux C, Panse VG, Marques AC, Santoro R.",2024,Molecular Cell,Cell,10.1016/j.molcel.2024.03.015,research-article,5,all,scatter/regression|bar/group comparison|box/violin|categorical/composition|microscopy/other,PRIVATE_REFERENCE_ONLY/corpus/PMC11065421/figures/Fig5.jpg,http://creativecommons.org/licenses/by/4.0/ This is an open access article under the CC BY license (http://creativecommons.org/licenses/by/4.0/).,yes,caption-based classification
PMC11065421,"Lerra L, Panatta M, Bär D, Zanini I, Tan JY, Pisano A, Mungo C, Baroux C, Panse VG, Marques AC, Santoro R.",2024,Molecular Cell,Cell,10.1016/j.molcel.2024.03.015,research-article,6,all,scatter/regression|bar/group comparison|heatmap|microscopy/other,PRIVATE_REFERENCE_ONLY/corpus/PMC11065421/figures/Fig6.jpg,http://creativecommons.org/licenses/by/4.0/ This is an open access article under the CC BY license (http://creativecommons.org/licenses/by/4.0/).,yes,caption-based classification
PMC11065421,"Lerra L, Panatta M, Bär D, Zanini I, Tan JY, Pisano A, Mungo C, Baroux C, Panse VG, Marques AC, Santoro R.",2024,Molecular Cell,Cell,10.1016/j.molcel.2024.03.015,research-article,7,all,bar/group comparison|box/violin|categorical/composition|microscopy/other,PRIVATE_REFERENCE_ONLY/corpus/PMC11065421/figures/Fig7.jpg,http://creativecommons.org/licenses/by/4.0/ This is an open access article under the CC BY license (http://creativecommons.org/licenses/by/4.0/).,yes,caption-based classification
PMC11258540,"Lin TY, Kleemann L, Jeżowski J, Dobosz D, Rawski M, Indyka P, Ważny G, Mehta R, Chramiec-Głąbik A, Koziej Ł, Ranff T, Fufezan C, Wawro M, Kochan J, Bereta J, Leidel SA, Glatt S.",2024,Molecular Cell,Cell,10.1016/j.molcel.2024.06.013,research-article,1,all,microscopy/other,PRIVATE_REFERENCE_ONLY/corpus/PMC11258540/figures/Fig1.jpg,http://creativecommons.org/licenses/by-nc/4.0/ This is an open access article under the CC BY-NC license (http://creativecommons.org/licenses/by-nc/4.0/).,partial,caption-based classification
PMC11258540,"Lin TY, Kleemann L, Jeżowski J, Dobosz D, Rawski M, Indyka P, Ważny G, Mehta R, Chramiec-Głąbik A, Koziej Ł, Ranff T, Fufezan C, Wawro M, Kochan J, Bereta J, Leidel SA, Glatt S.",2024,Molecular Cell,Cell,10.1016/j.molcel.2024.06.013,research-article,2,all,bar/group comparison|microscopy/other,PRIVATE_REFERENCE_ONLY/corpus/PMC11258540/figures/Fig2.jpg,http://creativecommons.org/licenses/by-nc/4.0/ This is an open access article under the CC BY-NC license (http://creativecommons.org/licenses/by-nc/4.0/).,yes,caption-based classification
PMC11258540,"Lin TY, Kleemann L, Jeżowski J, Dobosz D, Rawski M, Indyka P, Ważny G, Mehta R, Chramiec-Głąbik A, Koziej Ł, Ranff T, Fufezan C, Wawro M, Kochan J, Bereta J, Leidel SA, Glatt S.",2024,Molecular Cell,Cell,10.1016/j.molcel.2024.06.013,research-article,3,all,microscopy/other,PRIVATE_REFERENCE_ONLY/corpus/PMC11258540/figures/Fig3.jpg,http://creativecommons.org/licenses/by-nc/4.0/ This is an open access article under the CC BY-NC license (http://creativecommons.org/licenses/by-nc/4.0/).,partial,caption-based classification
PMC11258540,"Lin TY, Kleemann L, Jeżowski J, Dobosz D, Rawski M, Indyka P, Ważny G, Mehta R, Chramiec-Głąbik A, Koziej Ł, Ranff T, Fufezan C, Wawro M, Kochan J, Bereta J, Leidel SA, Glatt S.",2024,Molecular Cell,Cell,10.1016/j.molcel.2024.06.013,research-article,4,all,microscopy/other,PRIVATE_REFERENCE_ONLY/corpus/PMC11258540/figures/Fig4.jpg,http://creativecommons.org/licenses/by-nc/4.0/ This is an open access article under the CC BY-NC license (http://creativecommons.org/licenses/by-nc/4.0/).,partial,caption-based classification
PMC11258540,"Lin TY, Kleemann L, Jeżowski J, Dobosz D, Rawski M, Indyka P, Ważny G, Mehta R, Chramiec-Głąbik A, Koziej Ł, Ranff T, Fufezan C, Wawro M, Kochan J, Bereta J, Leidel SA, Glatt S.",2024,Molecular Cell,Cell,10.1016/j.molcel.2024.06.013,research-article,5,all,categorical/composition|microscopy/other,PRIVATE_REFERENCE_ONLY/corpus/PMC11258540/figures/Fig5.jpg,http://creativecommons.org/licenses/by-nc/4.0/ This is an open access article under the CC BY-NC license (http://creativecommons.org/licenses/by-nc/4.0/).,yes,caption-based classification
PMC11258540,"Lin TY, Kleemann L, Jeżowski J, Dobosz D, Rawski M, Indyka P, Ważny G, Mehta R, Chramiec-Głąbik A, Koziej Ł, Ranff T, Fufezan C, Wawro M, Kochan J, Bereta J, Leidel SA, Glatt S.",2024,Molecular Cell,Cell,10.1016/j.molcel.2024.06.013,research-article,6,all,categorical/composition|microscopy/other,PRIVATE_REFERENCE_ONLY/corpus/PMC11258540/figures/Fig6.jpg,http://creativecommons.org/licenses/by-nc/4.0/ This is an open access article under the CC BY-NC license (http://creativecommons.org/licenses/by-nc/4.0/).,yes,caption-based classification
PMC11258540,"Lin TY, Kleemann L, Jeżowski J, Dobosz D, Rawski M, Indyka P, Ważny G, Mehta R, Chramiec-Głąbik A, Koziej Ł, Ranff T, Fufezan C, Wawro M, Kochan J, Bereta J, Leidel SA, Glatt S.",2024,Molecular Cell,Cell,10.1016/j.molcel.2024.06.013,research-article,7,all,bar/group comparison|microscopy/other,PRIVATE_REFERENCE_ONLY/corpus/PMC11258540/figures/Fig7.jpg,http://creativecommons.org/licenses/by-nc/4.0/ This is an open access article under the CC BY-NC license (http://creativecommons.org/licenses/by-nc/4.0/).,yes,caption-based classification
PMC11687419,"Magnitov MD, Maresca M, Alonso Saiz N, Teunissen H, Dong J, Sathyan KM, Braccioli L, Guertin MJ, de Wit E.",2025,Molecular Cell,Cell,10.1016/j.molcel.2024.11.031,research-article,1,all,categorical/composition|microscopy/other,PRIVATE_REFERENCE_ONLY/corpus/PMC11687419/figures/Fig1.jpg,http://creativecommons.org/licenses/by/4.0/ This is an open access article under the CC BY license (http://creativecommons.org/licenses/by/4.0/).,partial,caption-based classification
PMC11687419,"Magnitov MD, Maresca M, Alonso Saiz N, Teunissen H, Dong J, Sathyan KM, Braccioli L, Guertin MJ, de Wit E.",2025,Molecular Cell,Cell,10.1016/j.molcel.2024.11.031,research-article,2,all,heatmap|microscopy/other,PRIVATE_REFERENCE_ONLY/corpus/PMC11687419/figures/Fig2.jpg,http://creativecommons.org/licenses/by/4.0/ This is an open access article under the CC BY license (http://creativecommons.org/licenses/by/4.0/).,partial,caption-based classification
PMC11687419,"Magnitov MD, Maresca M, Alonso Saiz N, Teunissen H, Dong J, Sathyan KM, Braccioli L, Guertin MJ, de Wit E.",2025,Molecular Cell,Cell,10.1016/j.molcel.2024.11.031,research-article,3,all,scatter/regression|heatmap|dot/bubble|categorical/composition|microscopy/other,PRIVATE_REFERENCE_ONLY/corpus/PMC11687419/figures/Fig3.jpg,http://creativecommons.org/licenses/by/4.0/ This is an open access article under the CC BY license (http://creativecommons.org/licenses/by/4.0/).,yes,caption-based classification
PMC11687419,"Magnitov MD, Maresca M, Alonso Saiz N, Teunissen H, Dong J, Sathyan KM, Braccioli L, Guertin MJ, de Wit E.",2025,Molecular Cell,Cell,10.1016/j.molcel.2024.11.031,research-article,4,all,scatter/regression|bar/group comparison|volcano/MA|forest/effect-size|categorical/composition|microscopy/other,PRIVATE_REFERENCE_ONLY/corpus/PMC11687419/figures/Fig4.jpg,http://creativecommons.org/licenses/by/4.0/ This is an open access article under the CC BY license (http://creativecommons.org/licenses/by/4.0/).,yes,caption-based classification
PMC11687419,"Magnitov MD, Maresca M, Alonso Saiz N, Teunissen H, Dong J, Sathyan KM, Braccioli L, Guertin MJ, de Wit E.",2025,Molecular Cell,Cell,10.1016/j.molcel.2024.11.031,research-article,5,all,line/time-course|bar/group comparison|forest/effect-size|microscopy/other,PRIVATE_REFERENCE_ONLY/corpus/PMC11687419/figures/Fig5.jpg,http://creativecommons.org/licenses/by/4.0/ This is an open access article under the CC BY license (http://creativecommons.org/licenses/by/4.0/).,yes,caption-based classification
PMC11687419,"Magnitov MD, Maresca M, Alonso Saiz N, Teunissen H, Dong J, Sathyan KM, Braccioli L, Guertin MJ, de Wit E.",2025,Molecular Cell,Cell,10.1016/j.molcel.2024.11.031,research-article,6,all,scatter/regression|bar/group comparison|forest/effect-size|dot/bubble|categorical/composition|microscopy/other,PRIVATE_REFERENCE_ONLY/corpus/PMC11687419/figures/Fig6.jpg,http://creativecommons.org/licenses/by/4.0/ This is an open access article under the CC BY license (http://creativecommons.org/licenses/by/4.0/).,yes,caption-based classification
PMC12488066,"Durdu S, Iskar M, Isbel L, Hoerner L, Wirbelauer C, Burger L, Hess D, Iesmantavicius V, Schübeler D.",2025,Molecular Cell,Cell,10.1016/j.molcel.2025.07.005,research-article,1,all,line/time-course|PCA/UMAP|microscopy/other,PRIVATE_REFERENCE_ONLY/corpus/PMC12488066/figures/Fig1.jpg,http://creativecommons.org/licenses/by-nc-nd/4.0/ This is an open access article under the CC BY-NC-ND license (http://creativecommons.org/licenses/by-nc-nd/4.0/).,yes,caption-based classification
PMC12488066,"Durdu S, Iskar M, Isbel L, Hoerner L, Wirbelauer C, Burger L, Hess D, Iesmantavicius V, Schübeler D.",2025,Molecular Cell,Cell,10.1016/j.molcel.2025.07.005,research-article,2,all,line/time-course|heatmap|categorical/composition,PRIVATE_REFERENCE_ONLY/corpus/PMC12488066/figures/Fig2.jpg,http://creativecommons.org/licenses/by-nc-nd/4.0/ This is an open access article under the CC BY-NC-ND license (http://creativecommons.org/licenses/by-nc-nd/4.0/).,yes,caption-based classification
PMC12488066,"Durdu S, Iskar M, Isbel L, Hoerner L, Wirbelauer C, Burger L, Hess D, Iesmantavicius V, Schübeler D.",2025,Molecular Cell,Cell,10.1016/j.molcel.2025.07.005,research-article,3,all,categorical/composition,PRIVATE_REFERENCE_ONLY/corpus/PMC12488066/figures/Fig3.jpg,http://creativecommons.org/licenses/by-nc-nd/4.0/ This is an open access article under the CC BY-NC-ND license (http://creativecommons.org/licenses/by-nc-nd/4.0/).,yes,caption-based classification
PMC12488066,"Durdu S, Iskar M, Isbel L, Hoerner L, Wirbelauer C, Burger L, Hess D, Iesmantavicius V, Schübeler D.",2025,Molecular Cell,Cell,10.1016/j.molcel.2025.07.005,research-article,4,all,line/time-course|bar/group comparison|PCA/UMAP|heatmap,PRIVATE_REFERENCE_ONLY/corpus/PMC12488066/figures/Fig4.jpg,http://creativecommons.org/licenses/by-nc-nd/4.0/ This is an open access article under the CC BY-NC-ND license (http://creativecommons.org/licenses/by-nc-nd/4.0/).,yes,caption-based classification
PMC12488066,"Durdu S, Iskar M, Isbel L, Hoerner L, Wirbelauer C, Burger L, Hess D, Iesmantavicius V, Schübeler D.",2025,Molecular Cell,Cell,10.1016/j.molcel.2025.07.005,research-article,5,all,volcano/MA,PRIVATE_REFERENCE_ONLY/corpus/PMC12488066/figures/Fig5.jpg,http://creativecommons.org/licenses/by-nc-nd/4.0/ This is an open access article under the CC BY-NC-ND license (http://creativecommons.org/licenses/by-nc-nd/4.0/).,yes,caption-based classification
PMC12488066,"Durdu S, Iskar M, Isbel L, Hoerner L, Wirbelauer C, Burger L, Hess D, Iesmantavicius V, Schübeler D.",2025,Molecular Cell,Cell,10.1016/j.molcel.2025.07.005,research-article,6,all,bar/group comparison|PCA/UMAP|microscopy/other,PRIVATE_REFERENCE_ONLY/corpus/PMC12488066/figures/Fig6.jpg,http://creativecommons.org/licenses/by-nc-nd/4.0/ This is an open access article under the CC BY-NC-ND license (http://creativecommons.org/licenses/by-nc-nd/4.0/).,yes,caption-based classification
PMC12488066,"Durdu S, Iskar M, Isbel L, Hoerner L, Wirbelauer C, Burger L, Hess D, Iesmantavicius V, Schübeler D.",2025,Molecular Cell,Cell,10.1016/j.molcel.2025.07.005,research-article,7,all,scatter/regression|heatmap|microscopy/other,PRIVATE_REFERENCE_ONLY/corpus/PMC12488066/figures/Fig7.jpg,http://creativecommons.org/licenses/by-nc-nd/4.0/ This is an open access article under the CC BY-NC-ND license (http://creativecommons.org/licenses/by-nc-nd/4.0/).,yes,caption-based classification
PMC12752747,"Matake I, Yasujima T, Matsuo H, Nakayama A, Toyoda Y, Takada T, Inoue K, Yamashiro T, Yuasa H.",2025,iScience,Cell,10.1016/j.isci.2025.114249,research-article,1,all,bar/group comparison|microscopy/other,../make_my_plot/figure_library/cell/2025_Matake_ent3_a_lysosomal_urate_transporter_regul/figures/fig01_fig1.jpg,CC BY (raw: cc by),yes,"prior_harvest (make_my_plot/figure_library, scripts/harvest_library.py); caption-based classification"
PMC12752747,"Matake I, Yasujima T, Matsuo H, Nakayama A, Toyoda Y, Takada T, Inoue K, Yamashiro T, Yuasa H.",2025,iScience,Cell,10.1016/j.isci.2025.114249,research-article,2,all,line/time-course|bar/group comparison|categorical/composition,../make_my_plot/figure_library/cell/2025_Matake_ent3_a_lysosomal_urate_transporter_regul/figures/fig02_fig2.jpg,CC BY (raw: cc by),yes,"prior_harvest (make_my_plot/figure_library, scripts/harvest_library.py); caption-based classification"
PMC12752747,"Matake I, Yasujima T, Matsuo H, Nakayama A, Toyoda Y, Takada T, Inoue K, Yamashiro T, Yuasa H.",2025,iScience,Cell,10.1016/j.isci.2025.114249,research-article,3,all,bar/group comparison|microscopy/other,../make_my_plot/figure_library/cell/2025_Matake_ent3_a_lysosomal_urate_transporter_regul/figures/fig03_fig3.jpg,CC BY (raw: cc by),yes,"prior_harvest (make_my_plot/figure_library, scripts/harvest_library.py); caption-based classification"
PMC12752747,"Matake I, Yasujima T, Matsuo H, Nakayama A, Toyoda Y, Takada T, Inoue K, Yamashiro T, Yuasa H.",2025,iScience,Cell,10.1016/j.isci.2025.114249,research-article,4,all,bar/group comparison|microscopy/other,../make_my_plot/figure_library/cell/2025_Matake_ent3_a_lysosomal_urate_transporter_regul/figures/fig04_fig4.jpg,CC BY (raw: cc by),yes,"prior_harvest (make_my_plot/figure_library, scripts/harvest_library.py); caption-based classification"
PMC12767183,"Miyauchi E, Yamaoka M, Kamimura I, Mizuta M, Takenaka M, Akiyama U, Kawasumi M, Sasaki N, Ohno H, Ando S, Yamasaki S, Nishida A, Mogi K, Nagasawa M, Kikusui T.",2025,iScience,Cell,10.1016/j.isci.2025.113948,research-article,1,all,bar/group comparison,../make_my_plot/figure_library/cell/2025_Miyauchi_dog_ownership_during_adolescence_alters_/figures/fig01_fig1.jpg,CC BY (raw: cc by),yes,"prior_harvest (make_my_plot/figure_library, scripts/harvest_library.py); no explicit family keyword; stat-test present; caption-based classification"
PMC12767183,"Miyauchi E, Yamaoka M, Kamimura I, Mizuta M, Takenaka M, Akiyama U, Kawasumi M, Sasaki N, Ohno H, Ando S, Yamasaki S, Nishida A, Mogi K, Nagasawa M, Kikusui T.",2025,iScience,Cell,10.1016/j.isci.2025.113948,research-article,2,all,bar/group comparison|heatmap,../make_my_plot/figure_library/cell/2025_Miyauchi_dog_ownership_during_adolescence_alters_/figures/fig02_fig2.jpg,CC BY (raw: cc by),yes,"prior_harvest (make_my_plot/figure_library, scripts/harvest_library.py); caption-based classification"
PMC12767183,"Miyauchi E, Yamaoka M, Kamimura I, Mizuta M, Takenaka M, Akiyama U, Kawasumi M, Sasaki N, Ohno H, Ando S, Yamasaki S, Nishida A, Mogi K, Nagasawa M, Kikusui T.",2025,iScience,Cell,10.1016/j.isci.2025.113948,research-article,3,all,bar/group comparison,../make_my_plot/figure_library/cell/2025_Miyauchi_dog_ownership_during_adolescence_alters_/figures/fig03_fig3.jpg,CC BY (raw: cc by),yes,"prior_harvest (make_my_plot/figure_library, scripts/harvest_library.py); no explicit family keyword; stat-test present; caption-based classification"
PMC12767183,"Miyauchi E, Yamaoka M, Kamimura I, Mizuta M, Takenaka M, Akiyama U, Kawasumi M, Sasaki N, Ohno H, Ando S, Yamasaki S, Nishida A, Mogi K, Nagasawa M, Kikusui T.",2025,iScience,Cell,10.1016/j.isci.2025.113948,research-article,4,all,line/time-course|bar/group comparison|heatmap,../make_my_plot/figure_library/cell/2025_Miyauchi_dog_ownership_during_adolescence_alters_/figures/fig04_fig4.jpg,CC BY (raw: cc by),yes,"prior_harvest (make_my_plot/figure_library, scripts/harvest_library.py); caption-based classification"
PMC12848012,"Rasmussen T, Küspert J, Schönemann L, Geiger D, Böttcher B.",2025,Communications Biology,Nature,10.1038/s42003-025-09396-8,research-article,1,all,microscopy/other,../make_my_plot/figure_library/nature/2025_Rasmussen_the_gene_regulating_proteins_nono_and_sf/figures/fig01_Fig1.jpg,CC BY (raw: cc by),partial,"prior_harvest (make_my_plot/figure_library, scripts/harvest_library.py); prior-harvest not eligible by s5 (figs=2, quant=0, corr=False); caption-based classification"
PMC12848012,"Rasmussen T, Küspert J, Schönemann L, Geiger D, Böttcher B.",2025,Communications Biology,Nature,10.1038/s42003-025-09396-8,research-article,2,all,microscopy/other,../make_my_plot/figure_library/nature/2025_Rasmussen_the_gene_regulating_proteins_nono_and_sf/figures/fig02_Fig2.jpg,CC BY (raw: cc by),partial,"prior_harvest (make_my_plot/figure_library, scripts/harvest_library.py); prior-harvest not eligible by s5 (figs=2, quant=0, corr=False); caption-based classification"
PMC12868620,"Kielbik A, Hellwich E, Bahlinger V, Sowa P, Lambton D, Kühs M, Barcena ML, Vakhrusheva O, Proebsting H, Walz S, Schäffer TE, Fend F, Novickij V, Amend B, Tsaur I.",2025,Communications Biology,Nature,10.1038/s42003-025-09432-7,research-article,1,all,line/time-course|bar/group comparison|box/violin|forest/effect-size|categorical/composition|microscopy/other,../make_my_plot/figure_library/nature/2025_Kielbik_nanosecond_pulsed_electric_fields_induce/figures/fig01_Fig1.jpg,CC BY (raw: cc by),yes,"prior_harvest (make_my_plot/figure_library, scripts/harvest_library.py); caption-based classification"
PMC12868620,"Kielbik A, Hellwich E, Bahlinger V, Sowa P, Lambton D, Kühs M, Barcena ML, Vakhrusheva O, Proebsting H, Walz S, Schäffer TE, Fend F, Novickij V, Amend B, Tsaur I.",2025,Communications Biology,Nature,10.1038/s42003-025-09432-7,research-article,2,all,scatter/regression|line/time-course|bar/group comparison|microscopy/other,../make_my_plot/figure_library/nature/2025_Kielbik_nanosecond_pulsed_electric_fields_induce/figures/fig02_Fig2.jpg,CC BY (raw: cc by),yes,"prior_harvest (make_my_plot/figure_library, scripts/harvest_library.py); caption-based classification"
PMC12868620,"Kielbik A, Hellwich E, Bahlinger V, Sowa P, Lambton D, Kühs M, Barcena ML, Vakhrusheva O, Proebsting H, Walz S, Schäffer TE, Fend F, Novickij V, Amend B, Tsaur I.",2025,Communications Biology,Nature,10.1038/s42003-025-09432-7,research-article,3,all,box/violin|microscopy/other,../make_my_plot/figure_library/nature/2025_Kielbik_nanosecond_pulsed_electric_fields_induce/figures/fig03_Fig3.jpg,CC BY (raw: cc by),yes,"prior_harvest (make_my_plot/figure_library, scripts/harvest_library.py); caption-based classification"
PMC12868620,"Kielbik A, Hellwich E, Bahlinger V, Sowa P, Lambton D, Kühs M, Barcena ML, Vakhrusheva O, Proebsting H, Walz S, Schäffer TE, Fend F, Novickij V, Amend B, Tsaur I.",2025,Communications Biology,Nature,10.1038/s42003-025-09432-7,research-article,4,all,bar/group comparison|categorical/composition|microscopy/other,../make_my_plot/figure_library/nature/2025_Kielbik_nanosecond_pulsed_electric_fields_induce/figures/fig04_Fig4.jpg,CC BY (raw: cc by),yes,"prior_harvest (make_my_plot/figure_library, scripts/harvest_library.py); caption-based classification"
PMC12868620,"Kielbik A, Hellwich E, Bahlinger V, Sowa P, Lambton D, Kühs M, Barcena ML, Vakhrusheva O, Proebsting H, Walz S, Schäffer TE, Fend F, Novickij V, Amend B, Tsaur I.",2025,Communications Biology,Nature,10.1038/s42003-025-09432-7,research-article,5,all,scatter/regression|line/time-course|bar/group comparison|dot/bubble|microscopy/other,../make_my_plot/figure_library/nature/2025_Kielbik_nanosecond_pulsed_electric_fields_induce/figures/fig05_Fig5.jpg,CC BY (raw: cc by),yes,"prior_harvest (make_my_plot/figure_library, scripts/harvest_library.py); caption-based classification"
PMC12868620,"Kielbik A, Hellwich E, Bahlinger V, Sowa P, Lambton D, Kühs M, Barcena ML, Vakhrusheva O, Proebsting H, Walz S, Schäffer TE, Fend F, Novickij V, Amend B, Tsaur I.",2025,Communications Biology,Nature,10.1038/s42003-025-09432-7,research-article,6,all,scatter/regression|line/time-course|bar/group comparison,../make_my_plot/figure_library/nature/2025_Kielbik_nanosecond_pulsed_electric_fields_induce/figures/fig06_Fig6.jpg,CC BY (raw: cc by),yes,"prior_harvest (make_my_plot/figure_library, scripts/harvest_library.py); caption-based classification"
PMC12877018,"Grunenwald A, Boudhabhay I, Revel M, Poillerat V, Voilin E, Majdi A, Chaibi K, Gaudry S, Woodruff TM, Crambert G, Guihaire J, Zaidan M, Oniszczuk J, Frimat M, Gnemmi V, Aletti M, Nielly H, Gilardin L, Roumenina LT.",2025,Communications Biology,Nature,10.1038/s42003-025-09449-y,research-article,1,all,bar/group comparison,../make_my_plot/figure_library/nature/2025_Grunenwald_the_temporal_gene_expression_landscape_o/figures/fig01_Fig1.jpg,CC BY (raw: cc by),yes,"prior_harvest (make_my_plot/figure_library, scripts/harvest_library.py); no explicit family keyword; stat-test present; caption-based classification"
PMC12877018,"Grunenwald A, Boudhabhay I, Revel M, Poillerat V, Voilin E, Majdi A, Chaibi K, Gaudry S, Woodruff TM, Crambert G, Guihaire J, Zaidan M, Oniszczuk J, Frimat M, Gnemmi V, Aletti M, Nielly H, Gilardin L, Roumenina LT.",2025,Communications Biology,Nature,10.1038/s42003-025-09449-y,research-article,2,all,microscopy/other,../make_my_plot/figure_library/nature/2025_Grunenwald_the_temporal_gene_expression_landscape_o/figures/fig02_Fig2.jpg,CC BY (raw: cc by),partial,"prior_harvest (make_my_plot/figure_library, scripts/harvest_library.py); caption-based classification"
PMC12877018,"Grunenwald A, Boudhabhay I, Revel M, Poillerat V, Voilin E, Majdi A, Chaibi K, Gaudry S, Woodruff TM, Crambert G, Guihaire J, Zaidan M, Oniszczuk J, Frimat M, Gnemmi V, Aletti M, Nielly H, Gilardin L, Roumenina LT.",2025,Communications Biology,Nature,10.1038/s42003-025-09449-y,research-article,3,all,microscopy/other,../make_my_plot/figure_library/nature/2025_Grunenwald_the_temporal_gene_expression_landscape_o/figures/fig03_Fig3.jpg,CC BY (raw: cc by),partial,"prior_harvest (make_my_plot/figure_library, scripts/harvest_library.py); caption-based classification"
PMC12877018,"Grunenwald A, Boudhabhay I, Revel M, Poillerat V, Voilin E, Majdi A, Chaibi K, Gaudry S, Woodruff TM, Crambert G, Guihaire J, Zaidan M, Oniszczuk J, Frimat M, Gnemmi V, Aletti M, Nielly H, Gilardin L, Roumenina LT.",2025,Communications Biology,Nature,10.1038/s42003-025-09449-y,research-article,4,all,bar/group comparison,../make_my_plot/figure_library/nature/2025_Grunenwald_the_temporal_gene_expression_landscape_o/figures/fig04_Fig4.jpg,CC BY (raw: cc by),yes,"prior_harvest (make_my_plot/figure_library, scripts/harvest_library.py); no explicit family keyword; stat-test present; caption-based classification"
PMC12877018,"Grunenwald A, Boudhabhay I, Revel M, Poillerat V, Voilin E, Majdi A, Chaibi K, Gaudry S, Woodruff TM, Crambert G, Guihaire J, Zaidan M, Oniszczuk J, Frimat M, Gnemmi V, Aletti M, Nielly H, Gilardin L, Roumenina LT.",2025,Communications Biology,Nature,10.1038/s42003-025-09449-y,research-article,5,all,line/time-course|microscopy/other,../make_my_plot/figure_library/nature/2025_Grunenwald_the_temporal_gene_expression_landscape_o/figures/fig05_Fig5.jpg,CC BY (raw: cc by),partial,"prior_harvest (make_my_plot/figure_library, scripts/harvest_library.py); caption-based classification"
PMC12877018,"Grunenwald A, Boudhabhay I, Revel M, Poillerat V, Voilin E, Majdi A, Chaibi K, Gaudry S, Woodruff TM, Crambert G, Guihaire J, Zaidan M, Oniszczuk J, Frimat M, Gnemmi V, Aletti M, Nielly H, Gilardin L, Roumenina LT.",2025,Communications Biology,Nature,10.1038/s42003-025-09449-y,research-article,6,all,line/time-course|microscopy/other,../make_my_plot/figure_library/nature/2025_Grunenwald_the_temporal_gene_expression_landscape_o/figures/fig06_Fig6.jpg,CC BY (raw: cc by),yes,"prior_harvest (make_my_plot/figure_library, scripts/harvest_library.py); caption-based classification"
PMC12877018,"Grunenwald A, Boudhabhay I, Revel M, Poillerat V, Voilin E, Majdi A, Chaibi K, Gaudry S, Woodruff TM, Crambert G, Guihaire J, Zaidan M, Oniszczuk J, Frimat M, Gnemmi V, Aletti M, Nielly H, Gilardin L, Roumenina LT.",2025,Communications Biology,Nature,10.1038/s42003-025-09449-y,research-article,7,all,scatter/regression|line/time-course|bar/group comparison|box/violin,../make_my_plot/figure_library/nature/2025_Grunenwald_the_temporal_gene_expression_landscape_o/figures/fig07_Fig7.jpg,CC BY (raw: cc by),yes,"prior_harvest (make_my_plot/figure_library, scripts/harvest_library.py); caption-based classification"
PMC13518231,"Berne A, Wagner N, Matsuyama I, Goossens S, Genova A, Rovira-Navarro M, Bagheri A, Qin C, Marusiak A, Hemingway D, Lau HCP, Cheng KW, Zhong S, Nimmo F.",2026,Nature,Nature,10.1038/s41586-026-10893-x,research-article,1,all,bar/group comparison|box/violin|forest/effect-size,PRIVATE_REFERENCE_ONLY/corpus/PMC13518231/figures/Fig1.webp,"https://creativecommons.org/licenses/by/4.0/ Open Access This article is licensed under a Creative Commons Attribution 4.0 International License, which permits use, sharing, adaptation, distribution and reproduction in any medium or format, as long as you give appropriate credit to the original author(s) and the source, provide a link to the Creative Commons licence, and indicate if changes were made. The images or other third party material in this article are included in the article’s Creative Commons licence, unless indicated otherwise in a credit line to the material. If material is not included in the article’s Creative Commons licence and your intended use is not permitted by statutory regulation or exceeds the permitted use, you will need to obtain permission directly from the copyright holder. To view a copy of this licence, visit http://creativecommons.org/licenses/by/4.0/ .",yes,caption-based classification
PMC13518231,"Berne A, Wagner N, Matsuyama I, Goossens S, Genova A, Rovira-Navarro M, Bagheri A, Qin C, Marusiak A, Hemingway D, Lau HCP, Cheng KW, Zhong S, Nimmo F.",2026,Nature,Nature,10.1038/s41586-026-10893-x,research-article,2,all,forest/effect-size,PRIVATE_REFERENCE_ONLY/corpus/PMC13518231/figures/Fig2.webp,"https://creativecommons.org/licenses/by/4.0/ Open Access This article is licensed under a Creative Commons Attribution 4.0 International License, which permits use, sharing, adaptation, distribution and reproduction in any medium or format, as long as you give appropriate credit to the original author(s) and the source, provide a link to the Creative Commons licence, and indicate if changes were made. The images or other third party material in this article are included in the article’s Creative Commons licence, unless indicated otherwise in a credit line to the material. If material is not included in the article’s Creative Commons licence and your intended use is not permitted by statutory regulation or exceeds the permitted use, you will need to obtain permission directly from the copyright holder. To view a copy of this licence, visit http://creativecommons.org/licenses/by/4.0/ .",partial,caption-based classification
PMC13518231,"Berne A, Wagner N, Matsuyama I, Goossens S, Genova A, Rovira-Navarro M, Bagheri A, Qin C, Marusiak A, Hemingway D, Lau HCP, Cheng KW, Zhong S, Nimmo F.",2026,Nature,Nature,10.1038/s41586-026-10893-x,research-article,3,all,categorical/composition,PRIVATE_REFERENCE_ONLY/corpus/PMC13518231/figures/Fig3.webp,"https://creativecommons.org/licenses/by/4.0/ Open Access This article is licensed under a Creative Commons Attribution 4.0 International License, which permits use, sharing, adaptation, distribution and reproduction in any medium or format, as long as you give appropriate credit to the original author(s) and the source, provide a link to the Creative Commons licence, and indicate if changes were made. The images or other third party material in this article are included in the article’s Creative Commons licence, unless indicated otherwise in a credit line to the material. If material is not included in the article’s Creative Commons licence and your intended use is not permitted by statutory regulation or exceeds the permitted use, you will need to obtain permission directly from the copyright holder. To view a copy of this licence, visit http://creativecommons.org/licenses/by/4.0/ .",yes,caption-based classification
PMC13518231,"Berne A, Wagner N, Matsuyama I, Goossens S, Genova A, Rovira-Navarro M, Bagheri A, Qin C, Marusiak A, Hemingway D, Lau HCP, Cheng KW, Zhong S, Nimmo F.",2026,Nature,Nature,10.1038/s41586-026-10893-x,research-article,4,all,microscopy/other,PRIVATE_REFERENCE_ONLY/corpus/PMC13518231/figures/Fig4.webp,"https://creativecommons.org/licenses/by/4.0/ Open Access This article is licensed under a Creative Commons Attribution 4.0 International License, which permits use, sharing, adaptation, distribution and reproduction in any medium or format, as long as you give appropriate credit to the original author(s) and the source, provide a link to the Creative Commons licence, and indicate if changes were made. The images or other third party material in this article are included in the article’s Creative Commons licence, unless indicated otherwise in a credit line to the material. If material is not included in the article’s Creative Commons licence and your intended use is not permitted by statutory regulation or exceeds the permitted use, you will need to obtain permission directly from the copyright holder. To view a copy of this licence, visit http://creativecommons.org/licenses/by/4.0/ .",partial,caption-based classification
PMC13518241,"Wang Y, Ding Q, Li X, Ballinger TJ, Nakayama Y, Topál D, Steig EJ.",2026,Nature,Nature,10.1038/s41586-026-10912-x,research-article,1,all,microscopy/other,PRIVATE_REFERENCE_ONLY/corpus/PMC13518241/figures/Fig1.webp,"https://creativecommons.org/licenses/by/4.0/ Open Access This article is licensed under a Creative Commons Attribution 4.0 International License, which permits use, sharing, adaptation, distribution and reproduction in any medium or format, as long as you give appropriate credit to the original author(s) and the source, provide a link to the Creative Commons licence, and indicate if changes were made. The images or other third party material in this article are included in the article’s Creative Commons licence, unless indicated otherwise in a credit line to the material. If material is not included in the article’s Creative Commons licence and your intended use is not permitted by statutory regulation or exceeds the permitted use, you will need to obtain permission directly from the copyright holder. To view a copy of this licence, visit http://creativecommons.org/licenses/by/4.0/ .",partial,unclassified-quantitative; caption-based classification
PMC13518241,"Wang Y, Ding Q, Li X, Ballinger TJ, Nakayama Y, Topál D, Steig EJ.",2026,Nature,Nature,10.1038/s41586-026-10912-x,research-article,2,all,scatter/regression,PRIVATE_REFERENCE_ONLY/corpus/PMC13518241/figures/Fig2.webp,"https://creativecommons.org/licenses/by/4.0/ Open Access This article is licensed under a Creative Commons Attribution 4.0 International License, which permits use, sharing, adaptation, distribution and reproduction in any medium or format, as long as you give appropriate credit to the original author(s) and the source, provide a link to the Creative Commons licence, and indicate if changes were made. The images or other third party material in this article are included in the article’s Creative Commons licence, unless indicated otherwise in a credit line to the material. If material is not included in the article’s Creative Commons licence and your intended use is not permitted by statutory regulation or exceeds the permitted use, you will need to obtain permission directly from the copyright holder. To view a copy of this licence, visit http://creativecommons.org/licenses/by/4.0/ .",yes,caption-based classification
PMC13518241,"Wang Y, Ding Q, Li X, Ballinger TJ, Nakayama Y, Topál D, Steig EJ.",2026,Nature,Nature,10.1038/s41586-026-10912-x,research-article,3,all,microscopy/other,PRIVATE_REFERENCE_ONLY/corpus/PMC13518241/figures/Fig3.webp,"https://creativecommons.org/licenses/by/4.0/ Open Access This article is licensed under a Creative Commons Attribution 4.0 International License, which permits use, sharing, adaptation, distribution and reproduction in any medium or format, as long as you give appropriate credit to the original author(s) and the source, provide a link to the Creative Commons licence, and indicate if changes were made. The images or other third party material in this article are included in the article’s Creative Commons licence, unless indicated otherwise in a credit line to the material. If material is not included in the article’s Creative Commons licence and your intended use is not permitted by statutory regulation or exceeds the permitted use, you will need to obtain permission directly from the copyright holder. To view a copy of this licence, visit http://creativecommons.org/licenses/by/4.0/ .",partial,no quantitative marker; caption-based classification
PMC13518241,"Wang Y, Ding Q, Li X, Ballinger TJ, Nakayama Y, Topál D, Steig EJ.",2026,Nature,Nature,10.1038/s41586-026-10912-x,research-article,4,all,microscopy/other,PRIVATE_REFERENCE_ONLY/corpus/PMC13518241/figures/Fig4.webp,"https://creativecommons.org/licenses/by/4.0/ Open Access This article is licensed under a Creative Commons Attribution 4.0 International License, which permits use, sharing, adaptation, distribution and reproduction in any medium or format, as long as you give appropriate credit to the original author(s) and the source, provide a link to the Creative Commons licence, and indicate if changes were made. The images or other third party material in this article are included in the article’s Creative Commons licence, unless indicated otherwise in a credit line to the material. If material is not included in the article’s Creative Commons licence and your intended use is not permitted by statutory regulation or exceeds the permitted use, you will need to obtain permission directly from the copyright holder. To view a copy of this licence, visit http://creativecommons.org/licenses/by/4.0/ .",partial,no quantitative marker; caption-based classification
PMC13518241,"Wang Y, Ding Q, Li X, Ballinger TJ, Nakayama Y, Topál D, Steig EJ.",2026,Nature,Nature,10.1038/s41586-026-10912-x,research-article,5,all,microscopy/other,PRIVATE_REFERENCE_ONLY/corpus/PMC13518241/figures/Fig5.webp,"https://creativecommons.org/licenses/by/4.0/ Open Access This article is licensed under a Creative Commons Attribution 4.0 International License, which permits use, sharing, adaptation, distribution and reproduction in any medium or format, as long as you give appropriate credit to the original author(s) and the source, provide a link to the Creative Commons licence, and indicate if changes were made. The images or other third party material in this article are included in the article’s Creative Commons licence, unless indicated otherwise in a credit line to the material. If material is not included in the article’s Creative Commons licence and your intended use is not permitted by statutory regulation or exceeds the permitted use, you will need to obtain permission directly from the copyright holder. To view a copy of this licence, visit http://creativecommons.org/licenses/by/4.0/ .",partial,caption-based classification
PMC13518244,"Long M, Weinberger TI, Wu Z, Hansen MF, Tao R, Shrestha M, Graf D, Skourski Y, Grosche FM, Eaton AG.",2026,Nature,Nature,10.1038/s41586-026-10902-z,research-article,1,all,microscopy/other,PRIVATE_REFERENCE_ONLY/corpus/PMC13518244/figures/Fig1.webp,"https://creativecommons.org/licenses/by/4.0/ Open Access This article is licensed under a Creative Commons Attribution 4.0 International License, which permits use, sharing, adaptation, distribution and reproduction in any medium or format, as long as you give appropriate credit to the original author(s) and the source, provide a link to the Creative Commons licence, and indicate if changes were made. The images or other third party material in this article are included in the article’s Creative Commons licence, unless indicated otherwise in a credit line to the material. If material is not included in the article’s Creative Commons licence and your intended use is not permitted by statutory regulation or exceeds the permitted use, you will need to obtain permission directly from the copyright holder. To view a copy of this licence, visit http://creativecommons.org/licenses/by/4.0/ .",partial,caption-based classification
PMC13518244,"Long M, Weinberger TI, Wu Z, Hansen MF, Tao R, Shrestha M, Graf D, Skourski Y, Grosche FM, Eaton AG.",2026,Nature,Nature,10.1038/s41586-026-10902-z,research-article,2,all,line/time-course|heatmap,PRIVATE_REFERENCE_ONLY/corpus/PMC13518244/figures/Fig2.webp,"https://creativecommons.org/licenses/by/4.0/ Open Access This article is licensed under a Creative Commons Attribution 4.0 International License, which permits use, sharing, adaptation, distribution and reproduction in any medium or format, as long as you give appropriate credit to the original author(s) and the source, provide a link to the Creative Commons licence, and indicate if changes were made. The images or other third party material in this article are included in the article’s Creative Commons licence, unless indicated otherwise in a credit line to the material. If material is not included in the article’s Creative Commons licence and your intended use is not permitted by statutory regulation or exceeds the permitted use, you will need to obtain permission directly from the copyright holder. To view a copy of this licence, visit http://creativecommons.org/licenses/by/4.0/ .",yes,caption-based classification
PMC13518244,"Long M, Weinberger TI, Wu Z, Hansen MF, Tao R, Shrestha M, Graf D, Skourski Y, Grosche FM, Eaton AG.",2026,Nature,Nature,10.1038/s41586-026-10902-z,research-article,3,all,line/time-course|heatmap,PRIVATE_REFERENCE_ONLY/corpus/PMC13518244/figures/Fig3.webp,"https://creativecommons.org/licenses/by/4.0/ Open Access This article is licensed under a Creative Commons Attribution 4.0 International License, which permits use, sharing, adaptation, distribution and reproduction in any medium or format, as long as you give appropriate credit to the original author(s) and the source, provide a link to the Creative Commons licence, and indicate if changes were made. The images or other third party material in this article are included in the article’s Creative Commons licence, unless indicated otherwise in a credit line to the material. If material is not included in the article’s Creative Commons licence and your intended use is not permitted by statutory regulation or exceeds the permitted use, you will need to obtain permission directly from the copyright holder. To view a copy of this licence, visit http://creativecommons.org/licenses/by/4.0/ .",yes,caption-based classification
PMC13518244,"Long M, Weinberger TI, Wu Z, Hansen MF, Tao R, Shrestha M, Graf D, Skourski Y, Grosche FM, Eaton AG.",2026,Nature,Nature,10.1038/s41586-026-10902-z,research-article,4,all,microscopy/other,PRIVATE_REFERENCE_ONLY/corpus/PMC13518244/figures/Fig4.webp,"https://creativecommons.org/licenses/by/4.0/ Open Access This article is licensed under a Creative Commons Attribution 4.0 International License, which permits use, sharing, adaptation, distribution and reproduction in any medium or format, as long as you give appropriate credit to the original author(s) and the source, provide a link to the Creative Commons licence, and indicate if changes were made. The images or other third party material in this article are included in the article’s Creative Commons licence, unless indicated otherwise in a credit line to the material. If material is not included in the article’s Creative Commons licence and your intended use is not permitted by statutory regulation or exceeds the permitted use, you will need to obtain permission directly from the copyright holder. To view a copy of this licence, visit http://creativecommons.org/licenses/by/4.0/ .",partial,caption-based classification
PMC13538068,"Tabata K, Seki T, Susi T, Ishikawa R, Shibata N.",2026,Nature,Nature,10.1038/s41586-026-10914-9,research-article,1,all,heatmap|microscopy/other,PRIVATE_REFERENCE_ONLY/corpus/PMC13538068/figures/Fig1.webp,"https://creativecommons.org/licenses/by-nc-nd/4.0/ Open Access This article is licensed under a Creative Commons Attribution-NonCommercial-NoDerivatives 4.0 International License, which permits any non-commercial use, sharing, distribution and reproduction in any medium or format, as long as you give appropriate credit to the original author(s) and the source, provide a link to the Creative Commons licence, and indicate if you modified the licensed material. You do not have permission under this licence to share adapted material derived from this article or parts of it. The images or other third party material in this article are included in the article’s Creative Commons licence, unless indicated otherwise in a credit line to the material. If material is not included in the article’s Creative Commons licence and your intended use is not permitted by statutory regulation or exceeds the permitted use, you will need to obtain permission directly from the copyright holder. To view a copy of this licence, visit http://creativecommons.org/licenses/by-nc-nd/4.0/ .",partial,caption-based classification
PMC13538068,"Tabata K, Seki T, Susi T, Ishikawa R, Shibata N.",2026,Nature,Nature,10.1038/s41586-026-10914-9,research-article,2,all,scatter/regression|microscopy/other,PRIVATE_REFERENCE_ONLY/corpus/PMC13538068/figures/Fig2.webp,"https://creativecommons.org/licenses/by-nc-nd/4.0/ Open Access This article is licensed under a Creative Commons Attribution-NonCommercial-NoDerivatives 4.0 International License, which permits any non-commercial use, sharing, distribution and reproduction in any medium or format, as long as you give appropriate credit to the original author(s) and the source, provide a link to the Creative Commons licence, and indicate if you modified the licensed material. You do not have permission under this licence to share adapted material derived from this article or parts of it. The images or other third party material in this article are included in the article’s Creative Commons licence, unless indicated otherwise in a credit line to the material. If material is not included in the article’s Creative Commons licence and your intended use is not permitted by statutory regulation or exceeds the permitted use, you will need to obtain permission directly from the copyright holder. To view a copy of this licence, visit http://creativecommons.org/licenses/by-nc-nd/4.0/ .",yes,caption-based classification
PMC13538068,"Tabata K, Seki T, Susi T, Ishikawa R, Shibata N.",2026,Nature,Nature,10.1038/s41586-026-10914-9,research-article,3,all,scatter/regression|forest/effect-size,PRIVATE_REFERENCE_ONLY/corpus/PMC13538068/figures/Fig3.webp,"https://creativecommons.org/licenses/by-nc-nd/4.0/ Open Access This article is licensed under a Creative Commons Attribution-NonCommercial-NoDerivatives 4.0 International License, which permits any non-commercial use, sharing, distribution and reproduction in any medium or format, as long as you give appropriate credit to the original author(s) and the source, provide a link to the Creative Commons licence, and indicate if you modified the licensed material. You do not have permission under this licence to share adapted material derived from this article or parts of it. The images or other third party material in this article are included in the article’s Creative Commons licence, unless indicated otherwise in a credit line to the material. If material is not included in the article’s Creative Commons licence and your intended use is not permitted by statutory regulation or exceeds the permitted use, you will need to obtain permission directly from the copyright holder. To view a copy of this licence, visit http://creativecommons.org/licenses/by-nc-nd/4.0/ .",yes,caption-based classification
PMC13538068,"Tabata K, Seki T, Susi T, Ishikawa R, Shibata N.",2026,Nature,Nature,10.1038/s41586-026-10914-9,research-article,4,all,scatter/regression|bar/group comparison|heatmap|forest/effect-size,PRIVATE_REFERENCE_ONLY/corpus/PMC13538068/figures/Fig4.webp,"https://creativecommons.org/licenses/by-nc-nd/4.0/ Open Access This article is licensed under a Creative Commons Attribution-NonCommercial-NoDerivatives 4.0 International License, which permits any non-commercial use, sharing, distribution and reproduction in any medium or format, as long as you give appropriate credit to the original author(s) and the source, provide a link to the Creative Commons licence, and indicate if you modified the licensed material. You do not have permission under this licence to share adapted material derived from this article or parts of it. The images or other third party material in this article are included in the article’s Creative Commons licence, unless indicated otherwise in a credit line to the material. If material is not included in the article’s Creative Commons licence and your intended use is not permitted by statutory regulation or exceeds the permitted use, you will need to obtain permission directly from the copyright holder. To view a copy of this licence, visit http://creativecommons.org/licenses/by-nc-nd/4.0/ .",yes,caption-based classification
PMC13538145,"Sun X, Le Y, Naus S, Tsai RB, Picard LRB, Murciano S, Knap M, Alicea J, Endres M.",2026,Nature,Nature,10.1038/s41586-026-10904-x,research-article,1,all,line/time-course|microscopy/other,PRIVATE_REFERENCE_ONLY/corpus/PMC13538145/figures/Fig1.webp,"https://creativecommons.org/licenses/by-nc-nd/4.0/ Open Access This article is licensed under a Creative Commons Attribution-NonCommercial-NoDerivatives 4.0 International License, which permits any non-commercial use, sharing, distribution and reproduction in any medium or format, as long as you give appropriate credit to the original author(s) and the source, provide a link to the Creative Commons licence, and indicate if you modified the licensed material. You do not have permission under this licence to share adapted material derived from this article or parts of it. The images or other third party material in this article are included in the article’s Creative Commons licence, unless indicated otherwise in a credit line to the material. If material is not included in the article’s Creative Commons licence and your intended use is not permitted by statutory regulation or exceeds the permitted use, you will need to obtain permission directly from the copyright holder. To view a copy of this licence, visit http://creativecommons.org/licenses/by-nc-nd/4.0/ .",yes,caption-based classification
PMC13538145,"Sun X, Le Y, Naus S, Tsai RB, Picard LRB, Murciano S, Knap M, Alicea J, Endres M.",2026,Nature,Nature,10.1038/s41586-026-10904-x,research-article,2,all,microscopy/other,PRIVATE_REFERENCE_ONLY/corpus/PMC13538145/figures/Fig2.webp,"https://creativecommons.org/licenses/by-nc-nd/4.0/ Open Access This article is licensed under a Creative Commons Attribution-NonCommercial-NoDerivatives 4.0 International License, which permits any non-commercial use, sharing, distribution and reproduction in any medium or format, as long as you give appropriate credit to the original author(s) and the source, provide a link to the Creative Commons licence, and indicate if you modified the licensed material. You do not have permission under this licence to share adapted material derived from this article or parts of it. The images or other third party material in this article are included in the article’s Creative Commons licence, unless indicated otherwise in a credit line to the material. If material is not included in the article’s Creative Commons licence and your intended use is not permitted by statutory regulation or exceeds the permitted use, you will need to obtain permission directly from the copyright holder. To view a copy of this licence, visit http://creativecommons.org/licenses/by-nc-nd/4.0/ .",partial,unclassified-quantitative; caption-based classification
PMC13538145,"Sun X, Le Y, Naus S, Tsai RB, Picard LRB, Murciano S, Knap M, Alicea J, Endres M.",2026,Nature,Nature,10.1038/s41586-026-10904-x,research-article,3,all,microscopy/other,PRIVATE_REFERENCE_ONLY/corpus/PMC13538145/figures/Fig3.webp,"https://creativecommons.org/licenses/by-nc-nd/4.0/ Open Access This article is licensed under a Creative Commons Attribution-NonCommercial-NoDerivatives 4.0 International License, which permits any non-commercial use, sharing, distribution and reproduction in any medium or format, as long as you give appropriate credit to the original author(s) and the source, provide a link to the Creative Commons licence, and indicate if you modified the licensed material. You do not have permission under this licence to share adapted material derived from this article or parts of it. The images or other third party material in this article are included in the article’s Creative Commons licence, unless indicated otherwise in a credit line to the material. If material is not included in the article’s Creative Commons licence and your intended use is not permitted by statutory regulation or exceeds the permitted use, you will need to obtain permission directly from the copyright holder. To view a copy of this licence, visit http://creativecommons.org/licenses/by-nc-nd/4.0/ .",partial,no quantitative marker; caption-based classification
PMC13538145,"Sun X, Le Y, Naus S, Tsai RB, Picard LRB, Murciano S, Knap M, Alicea J, Endres M.",2026,Nature,Nature,10.1038/s41586-026-10904-x,research-article,4,all,microscopy/other,PRIVATE_REFERENCE_ONLY/corpus/PMC13538145/figures/Fig4.webp,"https://creativecommons.org/licenses/by-nc-nd/4.0/ Open Access This article is licensed under a Creative Commons Attribution-NonCommercial-NoDerivatives 4.0 International License, which permits any non-commercial use, sharing, distribution and reproduction in any medium or format, as long as you give appropriate credit to the original author(s) and the source, provide a link to the Creative Commons licence, and indicate if you modified the licensed material. You do not have permission under this licence to share adapted material derived from this article or parts of it. The images or other third party material in this article are included in the article’s Creative Commons licence, unless indicated otherwise in a credit line to the material. If material is not included in the article’s Creative Commons licence and your intended use is not permitted by statutory regulation or exceeds the permitted use, you will need to obtain permission directly from the copyright holder. To view a copy of this licence, visit http://creativecommons.org/licenses/by-nc-nd/4.0/ .",partial,no quantitative marker; caption-based classification
PMC13538145,"Sun X, Le Y, Naus S, Tsai RB, Picard LRB, Murciano S, Knap M, Alicea J, Endres M.",2026,Nature,Nature,10.1038/s41586-026-10904-x,research-article,5,all,microscopy/other,PRIVATE_REFERENCE_ONLY/corpus/PMC13538145/figures/Fig5.webp,"https://creativecommons.org/licenses/by-nc-nd/4.0/ Open Access This article is licensed under a Creative Commons Attribution-NonCommercial-NoDerivatives 4.0 International License, which permits any non-commercial use, sharing, distribution and reproduction in any medium or format, as long as you give appropriate credit to the original author(s) and the source, provide a link to the Creative Commons licence, and indicate if you modified the licensed material. You do not have permission under this licence to share adapted material derived from this article or parts of it. The images or other third party material in this article are included in the article’s Creative Commons licence, unless indicated otherwise in a credit line to the material. If material is not included in the article’s Creative Commons licence and your intended use is not permitted by statutory regulation or exceeds the permitted use, you will need to obtain permission directly from the copyright holder. To view a copy of this licence, visit http://creativecommons.org/licenses/by-nc-nd/4.0/ .",partial,no quantitative marker; caption-based classification
PMC13538145,"Sun X, Le Y, Naus S, Tsai RB, Picard LRB, Murciano S, Knap M, Alicea J, Endres M.",2026,Nature,Nature,10.1038/s41586-026-10904-x,research-article,6,all,microscopy/other,PRIVATE_REFERENCE_ONLY/corpus/PMC13538145/figures/Fig6.webp,"https://creativecommons.org/licenses/by-nc-nd/4.0/ Open Access This article is licensed under a Creative Commons Attribution-NonCommercial-NoDerivatives 4.0 International License, which permits any non-commercial use, sharing, distribution and reproduction in any medium or format, as long as you give appropriate credit to the original author(s) and the source, provide a link to the Creative Commons licence, and indicate if you modified the licensed material. You do not have permission under this licence to share adapted material derived from this article or parts of it. The images or other third party material in this article are included in the article’s Creative Commons licence, unless indicated otherwise in a credit line to the material. If material is not included in the article’s Creative Commons licence and your intended use is not permitted by statutory regulation or exceeds the permitted use, you will need to obtain permission directly from the copyright holder. To view a copy of this licence, visit http://creativecommons.org/licenses/by-nc-nd/4.0/ .",partial,no quantitative marker; caption-based classification
PMC13558045,"Ni Z, Li X, Ratschow AD, Jian L, Zhou X, Bista P, Cortes D, Glasser G, Luo H, Chen S, Yu J, Wang Y, Amann-Winkel K, Koynov K, Berger R, Butt HJ.",2026,Nature,Nature,10.1038/s41586-026-10941-6,research-article,1,all,microscopy/other,PRIVATE_REFERENCE_ONLY/corpus/PMC13558045/figures/Fig1.webp,"https://creativecommons.org/licenses/by/4.0/ Open Access This article is licensed under a Creative Commons Attribution 4.0 International License, which permits use, sharing, adaptation, distribution and reproduction in any medium or format, as long as you give appropriate credit to the original author(s) and the source, provide a link to the Creative Commons licence, and indicate if changes were made. The images or other third party material in this article are included in the article’s Creative Commons licence, unless indicated otherwise in a credit line to the material. If material is not included in the article’s Creative Commons licence and your intended use is not permitted by statutory regulation or exceeds the permitted use, you will need to obtain permission directly from the copyright holder. To view a copy of this licence, visit http://creativecommons.org/licenses/by/4.0/ .",partial,caption-based classification
PMC13558045,"Ni Z, Li X, Ratschow AD, Jian L, Zhou X, Bista P, Cortes D, Glasser G, Luo H, Chen S, Yu J, Wang Y, Amann-Winkel K, Koynov K, Berger R, Butt HJ.",2026,Nature,Nature,10.1038/s41586-026-10941-6,research-article,2,all,bar/group comparison|microscopy/other,PRIVATE_REFERENCE_ONLY/corpus/PMC13558045/figures/Fig2.webp,"https://creativecommons.org/licenses/by/4.0/ Open Access This article is licensed under a Creative Commons Attribution 4.0 International License, which permits use, sharing, adaptation, distribution and reproduction in any medium or format, as long as you give appropriate credit to the original author(s) and the source, provide a link to the Creative Commons licence, and indicate if changes were made. The images or other third party material in this article are included in the article’s Creative Commons licence, unless indicated otherwise in a credit line to the material. If material is not included in the article’s Creative Commons licence and your intended use is not permitted by statutory regulation or exceeds the permitted use, you will need to obtain permission directly from the copyright holder. To view a copy of this licence, visit http://creativecommons.org/licenses/by/4.0/ .",yes,caption-based classification
PMC13558045,"Ni Z, Li X, Ratschow AD, Jian L, Zhou X, Bista P, Cortes D, Glasser G, Luo H, Chen S, Yu J, Wang Y, Amann-Winkel K, Koynov K, Berger R, Butt HJ.",2026,Nature,Nature,10.1038/s41586-026-10941-6,research-article,3,all,microscopy/other,PRIVATE_REFERENCE_ONLY/corpus/PMC13558045/figures/Fig3.webp,"https://creativecommons.org/licenses/by/4.0/ Open Access This article is licensed under a Creative Commons Attribution 4.0 International License, which permits use, sharing, adaptation, distribution and reproduction in any medium or format, as long as you give appropriate credit to the original author(s) and the source, provide a link to the Creative Commons licence, and indicate if changes were made. The images or other third party material in this article are included in the article’s Creative Commons licence, unless indicated otherwise in a credit line to the material. If material is not included in the article’s Creative Commons licence and your intended use is not permitted by statutory regulation or exceeds the permitted use, you will need to obtain permission directly from the copyright holder. To view a copy of this licence, visit http://creativecommons.org/licenses/by/4.0/ .",partial,caption-based classification
PMC13558045,"Ni Z, Li X, Ratschow AD, Jian L, Zhou X, Bista P, Cortes D, Glasser G, Luo H, Chen S, Yu J, Wang Y, Amann-Winkel K, Koynov K, Berger R, Butt HJ.",2026,Nature,Nature,10.1038/s41586-026-10941-6,research-article,4,all,bar/group comparison|microscopy/other,PRIVATE_REFERENCE_ONLY/corpus/PMC13558045/figures/Fig4.webp,"https://creativecommons.org/licenses/by/4.0/ Open Access This article is licensed under a Creative Commons Attribution 4.0 International License, which permits use, sharing, adaptation, distribution and reproduction in any medium or format, as long as you give appropriate credit to the original author(s) and the source, provide a link to the Creative Commons licence, and indicate if changes were made. The images or other third party material in this article are included in the article’s Creative Commons licence, unless indicated otherwise in a credit line to the material. If material is not included in the article’s Creative Commons licence and your intended use is not permitted by statutory regulation or exceeds the permitted use, you will need to obtain permission directly from the copyright holder. To view a copy of this licence, visit http://creativecommons.org/licenses/by/4.0/ .",yes,caption-based classification
PMC13558045,"Ni Z, Li X, Ratschow AD, Jian L, Zhou X, Bista P, Cortes D, Glasser G, Luo H, Chen S, Yu J, Wang Y, Amann-Winkel K, Koynov K, Berger R, Butt HJ.",2026,Nature,Nature,10.1038/s41586-026-10941-6,research-article,5,all,microscopy/other,PRIVATE_REFERENCE_ONLY/corpus/PMC13558045/figures/Fig5.webp,"https://creativecommons.org/licenses/by/4.0/ Open Access This article is licensed under a Creative Commons Attribution 4.0 International License, which permits use, sharing, adaptation, distribution and reproduction in any medium or format, as long as you give appropriate credit to the original author(s) and the source, provide a link to the Creative Commons licence, and indicate if changes were made. The images or other third party material in this article are included in the article’s Creative Commons licence, unless indicated otherwise in a credit line to the material. If material is not included in the article’s Creative Commons licence and your intended use is not permitted by statutory regulation or exceeds the permitted use, you will need to obtain permission directly from the copyright holder. To view a copy of this licence, visit http://creativecommons.org/licenses/by/4.0/ .",partial,caption-based classification
PMC13558073,"Feng Y, Barthez M, Wang Y, Chen Y, Qiu H, Wang CL, Heydari K, Delcroix M, Rasmussen LJ, Bohr VA, Chen D.",2026,Nature,Nature,10.1038/s41586-026-10940-7,research-article,1,all,line/time-course|bar/group comparison|box/violin|survival|categorical/composition,PRIVATE_REFERENCE_ONLY/corpus/PMC13558073/figures/Fig1.webp,"https://creativecommons.org/licenses/by/4.0/ Open Access This article is licensed under a Creative Commons Attribution 4.0 International License, which permits use, sharing, adaptation, distribution and reproduction in any medium or format, as long as you give appropriate credit to the original author(s) and the source, provide a link to the Creative Commons licence, and indicate if changes were made. The images or other third party material in this article are included in the article’s Creative Commons licence, unless indicated otherwise in a credit line to the material. If material is not included in the article’s Creative Commons licence and your intended use is not permitted by statutory regulation or exceeds the permitted use, you will need to obtain permission directly from the copyright holder. To view a copy of this licence, visit http://creativecommons.org/licenses/by/4.0/ .",yes,caption-based classification
PMC13558073,"Feng Y, Barthez M, Wang Y, Chen Y, Qiu H, Wang CL, Heydari K, Delcroix M, Rasmussen LJ, Bohr VA, Chen D.",2026,Nature,Nature,10.1038/s41586-026-10940-7,research-article,2,all,bar/group comparison|microscopy/other,PRIVATE_REFERENCE_ONLY/corpus/PMC13558073/figures/Fig2.webp,"https://creativecommons.org/licenses/by/4.0/ Open Access This article is licensed under a Creative Commons Attribution 4.0 International License, which permits use, sharing, adaptation, distribution and reproduction in any medium or format, as long as you give appropriate credit to the original author(s) and the source, provide a link to the Creative Commons licence, and indicate if changes were made. The images or other third party material in this article are included in the article’s Creative Commons licence, unless indicated otherwise in a credit line to the material. If material is not included in the article’s Creative Commons licence and your intended use is not permitted by statutory regulation or exceeds the permitted use, you will need to obtain permission directly from the copyright holder. To view a copy of this licence, visit http://creativecommons.org/licenses/by/4.0/ .",yes,caption-based classification
PMC13558073,"Feng Y, Barthez M, Wang Y, Chen Y, Qiu H, Wang CL, Heydari K, Delcroix M, Rasmussen LJ, Bohr VA, Chen D.",2026,Nature,Nature,10.1038/s41586-026-10940-7,research-article,3,all,bar/group comparison,PRIVATE_REFERENCE_ONLY/corpus/PMC13558073/figures/Fig3.webp,"https://creativecommons.org/licenses/by/4.0/ Open Access This article is licensed under a Creative Commons Attribution 4.0 International License, which permits use, sharing, adaptation, distribution and reproduction in any medium or format, as long as you give appropriate credit to the original author(s) and the source, provide a link to the Creative Commons licence, and indicate if changes were made. The images or other third party material in this article are included in the article’s Creative Commons licence, unless indicated otherwise in a credit line to the material. If material is not included in the article’s Creative Commons licence and your intended use is not permitted by statutory regulation or exceeds the permitted use, you will need to obtain permission directly from the copyright holder. To view a copy of this licence, visit http://creativecommons.org/licenses/by/4.0/ .",yes,caption-based classification
PMC13558073,"Feng Y, Barthez M, Wang Y, Chen Y, Qiu H, Wang CL, Heydari K, Delcroix M, Rasmussen LJ, Bohr VA, Chen D.",2026,Nature,Nature,10.1038/s41586-026-10940-7,research-article,4,all,bar/group comparison|microscopy/other,PRIVATE_REFERENCE_ONLY/corpus/PMC13558073/figures/Fig4.webp,"https://creativecommons.org/licenses/by/4.0/ Open Access This article is licensed under a Creative Commons Attribution 4.0 International License, which permits use, sharing, adaptation, distribution and reproduction in any medium or format, as long as you give appropriate credit to the original author(s) and the source, provide a link to the Creative Commons licence, and indicate if changes were made. The images or other third party material in this article are included in the article’s Creative Commons licence, unless indicated otherwise in a credit line to the material. If material is not included in the article’s Creative Commons licence and your intended use is not permitted by statutory regulation or exceeds the permitted use, you will need to obtain permission directly from the copyright holder. To view a copy of this licence, visit http://creativecommons.org/licenses/by/4.0/ .",yes,caption-based classification
PMC13558073,"Feng Y, Barthez M, Wang Y, Chen Y, Qiu H, Wang CL, Heydari K, Delcroix M, Rasmussen LJ, Bohr VA, Chen D.",2026,Nature,Nature,10.1038/s41586-026-10940-7,research-article,5,all,bar/group comparison,PRIVATE_REFERENCE_ONLY/corpus/PMC13558073/figures/Fig5.webp,"https://creativecommons.org/licenses/by/4.0/ Open Access This article is licensed under a Creative Commons Attribution 4.0 International License, which permits use, sharing, adaptation, distribution and reproduction in any medium or format, as long as you give appropriate credit to the original author(s) and the source, provide a link to the Creative Commons licence, and indicate if changes were made. The images or other third party material in this article are included in the article’s Creative Commons licence, unless indicated otherwise in a credit line to the material. If material is not included in the article’s Creative Commons licence and your intended use is not permitted by statutory regulation or exceeds the permitted use, you will need to obtain permission directly from the copyright holder. To view a copy of this licence, visit http://creativecommons.org/licenses/by/4.0/ .",yes,caption-based classification
PMC13558076,"Petrini A, Conti C, Pierangeli D.",2026,Nature,Nature,10.1038/s41586-026-10891-z,research-article,1,all,microscopy/other,PRIVATE_REFERENCE_ONLY/corpus/PMC13558076/figures/Fig1.webp,"https://creativecommons.org/licenses/by/4.0/ Open Access This article is licensed under a Creative Commons Attribution 4.0 International License, which permits use, sharing, adaptation, distribution and reproduction in any medium or format, as long as you give appropriate credit to the original author(s) and the source, provide a link to the Creative Commons licence, and indicate if changes were made. The images or other third party material in this article are included in the article's Creative Commons licence, unless indicated otherwise in a credit line to the material. If material is not included in the article's Creative Commons licence and your intended use is not permitted by statutory regulation or exceeds the permitted use, you will need to obtain permission directly from the copyright holder. To view a copy of this licence, visit http://creativecommons.org/licenses/by/4.0/ .",partial,no quantitative marker; caption-based classification
PMC13558076,"Petrini A, Conti C, Pierangeli D.",2026,Nature,Nature,10.1038/s41586-026-10891-z,research-article,2,all,microscopy/other,PRIVATE_REFERENCE_ONLY/corpus/PMC13558076/figures/Fig2.webp,"https://creativecommons.org/licenses/by/4.0/ Open Access This article is licensed under a Creative Commons Attribution 4.0 International License, which permits use, sharing, adaptation, distribution and reproduction in any medium or format, as long as you give appropriate credit to the original author(s) and the source, provide a link to the Creative Commons licence, and indicate if changes were made. The images or other third party material in this article are included in the article's Creative Commons licence, unless indicated otherwise in a credit line to the material. If material is not included in the article's Creative Commons licence and your intended use is not permitted by statutory regulation or exceeds the permitted use, you will need to obtain permission directly from the copyright holder. To view a copy of this licence, visit http://creativecommons.org/licenses/by/4.0/ .",partial,no quantitative marker; caption-based classification
PMC13558076,"Petrini A, Conti C, Pierangeli D.",2026,Nature,Nature,10.1038/s41586-026-10891-z,research-article,3,all,microscopy/other,PRIVATE_REFERENCE_ONLY/corpus/PMC13558076/figures/Fig3.webp,"https://creativecommons.org/licenses/by/4.0/ Open Access This article is licensed under a Creative Commons Attribution 4.0 International License, which permits use, sharing, adaptation, distribution and reproduction in any medium or format, as long as you give appropriate credit to the original author(s) and the source, provide a link to the Creative Commons licence, and indicate if changes were made. The images or other third party material in this article are included in the article's Creative Commons licence, unless indicated otherwise in a credit line to the material. If material is not included in the article's Creative Commons licence and your intended use is not permitted by statutory regulation or exceeds the permitted use, you will need to obtain permission directly from the copyright holder. To view a copy of this licence, visit http://creativecommons.org/licenses/by/4.0/ .",partial,unclassified-quantitative; caption-based classification
PMC13558076,"Petrini A, Conti C, Pierangeli D.",2026,Nature,Nature,10.1038/s41586-026-10891-z,research-article,4,all,microscopy/other,PRIVATE_REFERENCE_ONLY/corpus/PMC13558076/figures/Fig4.webp,"https://creativecommons.org/licenses/by/4.0/ Open Access This article is licensed under a Creative Commons Attribution 4.0 International License, which permits use, sharing, adaptation, distribution and reproduction in any medium or format, as long as you give appropriate credit to the original author(s) and the source, provide a link to the Creative Commons licence, and indicate if changes were made. The images or other third party material in this article are included in the article's Creative Commons licence, unless indicated otherwise in a credit line to the material. If material is not included in the article's Creative Commons licence and your intended use is not permitted by statutory regulation or exceeds the permitted use, you will need to obtain permission directly from the copyright holder. To view a copy of this licence, visit http://creativecommons.org/licenses/by/4.0/ .",partial,unclassified-quantitative; caption-based classification
PMC13558076,"Petrini A, Conti C, Pierangeli D.",2026,Nature,Nature,10.1038/s41586-026-10891-z,research-article,5,all,scatter/regression|categorical/composition,PRIVATE_REFERENCE_ONLY/corpus/PMC13558076/figures/Fig5.webp,"https://creativecommons.org/licenses/by/4.0/ Open Access This article is licensed under a Creative Commons Attribution 4.0 International License, which permits use, sharing, adaptation, distribution and reproduction in any medium or format, as long as you give appropriate credit to the original author(s) and the source, provide a link to the Creative Commons licence, and indicate if changes were made. The images or other third party material in this article are included in the article's Creative Commons licence, unless indicated otherwise in a credit line to the material. If material is not included in the article's Creative Commons licence and your intended use is not permitted by statutory regulation or exceeds the permitted use, you will need to obtain permission directly from the copyright holder. To view a copy of this licence, visit http://creativecommons.org/licenses/by/4.0/ .",yes,caption-based classification
PMC13558077,"Watt AC, Ahn A, Blyth C, Dixon-Douglas JR, Ambani K, Coulson R, Taylor M, Chan KT, Dietrich C, Russ BE, Ramm S, Mahendra CA, Lu KH, Pires N, Garcia-Sannicolas J, Voulgaris O, Nunag S, Ang CS, Dawson MA, Lim E, Arnedos M, Chandarlapaty S, André F, Goel S.",2026,Nature,Nature,10.1038/s41586-026-10886-w,research-article,1,all,scatter/regression|bar/group comparison|heatmap|dot/bubble|categorical/composition,PRIVATE_REFERENCE_ONLY/corpus/PMC13558077/figures/Fig1.webp,"https://creativecommons.org/licenses/by/4.0/ Open Access This article is licensed under a Creative Commons Attribution 4.0 International License, which permits use, sharing, adaptation, distribution and reproduction in any medium or format, as long as you give appropriate credit to the original author(s) and the source, provide a link to the Creative Commons licence, and indicate if changes were made. The images or other third party material in this article are included in the article’s Creative Commons licence, unless indicated otherwise in a credit line to the material. If material is not included in the article’s Creative Commons licence and your intended use is not permitted by statutory regulation or exceeds the permitted use, you will need to obtain permission directly from the copyright holder. To view a copy of this licence, visit http://creativecommons.org/licenses/by/4.0/ .",yes,caption-based classification
PMC13558077,"Watt AC, Ahn A, Blyth C, Dixon-Douglas JR, Ambani K, Coulson R, Taylor M, Chan KT, Dietrich C, Russ BE, Ramm S, Mahendra CA, Lu KH, Pires N, Garcia-Sannicolas J, Voulgaris O, Nunag S, Ang CS, Dawson MA, Lim E, Arnedos M, Chandarlapaty S, André F, Goel S.",2026,Nature,Nature,10.1038/s41586-026-10886-w,research-article,2,all,bar/group comparison|heatmap,PRIVATE_REFERENCE_ONLY/corpus/PMC13558077/figures/Fig2.webp,"https://creativecommons.org/licenses/by/4.0/ Open Access This article is licensed under a Creative Commons Attribution 4.0 International License, which permits use, sharing, adaptation, distribution and reproduction in any medium or format, as long as you give appropriate credit to the original author(s) and the source, provide a link to the Creative Commons licence, and indicate if changes were made. The images or other third party material in this article are included in the article’s Creative Commons licence, unless indicated otherwise in a credit line to the material. If material is not included in the article’s Creative Commons licence and your intended use is not permitted by statutory regulation or exceeds the permitted use, you will need to obtain permission directly from the copyright holder. To view a copy of this licence, visit http://creativecommons.org/licenses/by/4.0/ .",yes,caption-based classification
PMC13558077,"Watt AC, Ahn A, Blyth C, Dixon-Douglas JR, Ambani K, Coulson R, Taylor M, Chan KT, Dietrich C, Russ BE, Ramm S, Mahendra CA, Lu KH, Pires N, Garcia-Sannicolas J, Voulgaris O, Nunag S, Ang CS, Dawson MA, Lim E, Arnedos M, Chandarlapaty S, André F, Goel S.",2026,Nature,Nature,10.1038/s41586-026-10886-w,research-article,3,all,bar/group comparison|heatmap|microscopy/other,PRIVATE_REFERENCE_ONLY/corpus/PMC13558077/figures/Fig3.webp,"https://creativecommons.org/licenses/by/4.0/ Open Access This article is licensed under a Creative Commons Attribution 4.0 International License, which permits use, sharing, adaptation, distribution and reproduction in any medium or format, as long as you give appropriate credit to the original author(s) and the source, provide a link to the Creative Commons licence, and indicate if changes were made. The images or other third party material in this article are included in the article’s Creative Commons licence, unless indicated otherwise in a credit line to the material. If material is not included in the article’s Creative Commons licence and your intended use is not permitted by statutory regulation or exceeds the permitted use, you will need to obtain permission directly from the copyright holder. To view a copy of this licence, visit http://creativecommons.org/licenses/by/4.0/ .",yes,caption-based classification
PMC13558077,"Watt AC, Ahn A, Blyth C, Dixon-Douglas JR, Ambani K, Coulson R, Taylor M, Chan KT, Dietrich C, Russ BE, Ramm S, Mahendra CA, Lu KH, Pires N, Garcia-Sannicolas J, Voulgaris O, Nunag S, Ang CS, Dawson MA, Lim E, Arnedos M, Chandarlapaty S, André F, Goel S.",2026,Nature,Nature,10.1038/s41586-026-10886-w,research-article,4,all,bar/group comparison|box/violin|volcano/MA|heatmap|microscopy/other,PRIVATE_REFERENCE_ONLY/corpus/PMC13558077/figures/Fig4.webp,"https://creativecommons.org/licenses/by/4.0/ Open Access This article is licensed under a Creative Commons Attribution 4.0 International License, which permits use, sharing, adaptation, distribution and reproduction in any medium or format, as long as you give appropriate credit to the original author(s) and the source, provide a link to the Creative Commons licence, and indicate if changes were made. The images or other third party material in this article are included in the article’s Creative Commons licence, unless indicated otherwise in a credit line to the material. If material is not included in the article’s Creative Commons licence and your intended use is not permitted by statutory regulation or exceeds the permitted use, you will need to obtain permission directly from the copyright holder. To view a copy of this licence, visit http://creativecommons.org/licenses/by/4.0/ .",yes,caption-based classification
PMC12951864,"Azadian MM, Kiani Shabestari S, Rajan A, Martinez PJ, Macedo N, Markarian E, Xiang Y, Yu BJ, George PM, Fame RM, Airan RD.",2026,Nature Biotechnology,Nature,10.1038/s41587-025-02866-8,research-article,1,all,box/violin|microscopy/other,PRIVATE_REFERENCE_ONLY/corpus/PMC12951864/figures/Fig1.jpg,"https://creativecommons.org/licenses/by-nc-nd/4.0/ Open Access This article is licensed under a Creative Commons Attribution-NonCommercial-NoDerivatives 4.0 International License, which permits any non-commercial use, sharing, distribution and reproduction in any medium or format, as long as you give appropriate credit to the original author(s) and the source, provide a link to the Creative Commons licence, and indicate if you modified the licensed material. You do not have permission under this licence to share adapted material derived from this article or parts of it. The images or other third party material in this article are included in the article’s Creative Commons licence, unless indicated otherwise in a credit line to the material. If material is not included in the article’s Creative Commons licence and your intended use is not permitted by statutory regulation or exceeds the permitted use, you will need to obtain permission directly from the copyright holder. To view a copy of this licence, visit http://creativecommons.org/licenses/by-nc-nd/4.0/ .",yes,caption-based classification
PMC12951864,"Azadian MM, Kiani Shabestari S, Rajan A, Martinez PJ, Macedo N, Markarian E, Xiang Y, Yu BJ, George PM, Fame RM, Airan RD.",2026,Nature Biotechnology,Nature,10.1038/s41587-025-02866-8,research-article,2,all,box/violin|microscopy/other,PRIVATE_REFERENCE_ONLY/corpus/PMC12951864/figures/Fig2.jpg,"https://creativecommons.org/licenses/by-nc-nd/4.0/ Open Access This article is licensed under a Creative Commons Attribution-NonCommercial-NoDerivatives 4.0 International License, which permits any non-commercial use, sharing, distribution and reproduction in any medium or format, as long as you give appropriate credit to the original author(s) and the source, provide a link to the Creative Commons licence, and indicate if you modified the licensed material. You do not have permission under this licence to share adapted material derived from this article or parts of it. The images or other third party material in this article are included in the article’s Creative Commons licence, unless indicated otherwise in a credit line to the material. If material is not included in the article’s Creative Commons licence and your intended use is not permitted by statutory regulation or exceeds the permitted use, you will need to obtain permission directly from the copyright holder. To view a copy of this licence, visit http://creativecommons.org/licenses/by-nc-nd/4.0/ .",yes,caption-based classification
PMC12951864,"Azadian MM, Kiani Shabestari S, Rajan A, Martinez PJ, Macedo N, Markarian E, Xiang Y, Yu BJ, George PM, Fame RM, Airan RD.",2026,Nature Biotechnology,Nature,10.1038/s41587-025-02866-8,research-article,3,all,line/time-course|bar/group comparison|box/violin|survival,PRIVATE_REFERENCE_ONLY/corpus/PMC12951864/figures/Fig3.jpg,"https://creativecommons.org/licenses/by-nc-nd/4.0/ Open Access This article is licensed under a Creative Commons Attribution-NonCommercial-NoDerivatives 4.0 International License, which permits any non-commercial use, sharing, distribution and reproduction in any medium or format, as long as you give appropriate credit to the original author(s) and the source, provide a link to the Creative Commons licence, and indicate if you modified the licensed material. You do not have permission under this licence to share adapted material derived from this article or parts of it. The images or other third party material in this article are included in the article’s Creative Commons licence, unless indicated otherwise in a credit line to the material. If material is not included in the article’s Creative Commons licence and your intended use is not permitted by statutory regulation or exceeds the permitted use, you will need to obtain permission directly from the copyright holder. To view a copy of this licence, visit http://creativecommons.org/licenses/by-nc-nd/4.0/ .",yes,caption-based classification
PMC12951864,"Azadian MM, Kiani Shabestari S, Rajan A, Martinez PJ, Macedo N, Markarian E, Xiang Y, Yu BJ, George PM, Fame RM, Airan RD.",2026,Nature Biotechnology,Nature,10.1038/s41587-025-02866-8,research-article,4,all,bar/group comparison|volcano/MA|heatmap,PRIVATE_REFERENCE_ONLY/corpus/PMC12951864/figures/Fig4.jpg,"https://creativecommons.org/licenses/by-nc-nd/4.0/ Open Access This article is licensed under a Creative Commons Attribution-NonCommercial-NoDerivatives 4.0 International License, which permits any non-commercial use, sharing, distribution and reproduction in any medium or format, as long as you give appropriate credit to the original author(s) and the source, provide a link to the Creative Commons licence, and indicate if you modified the licensed material. You do not have permission under this licence to share adapted material derived from this article or parts of it. The images or other third party material in this article are included in the article’s Creative Commons licence, unless indicated otherwise in a credit line to the material. If material is not included in the article’s Creative Commons licence and your intended use is not permitted by statutory regulation or exceeds the permitted use, you will need to obtain permission directly from the copyright holder. To view a copy of this licence, visit http://creativecommons.org/licenses/by-nc-nd/4.0/ .",yes,caption-based classification
PMC12951864,"Azadian MM, Kiani Shabestari S, Rajan A, Martinez PJ, Macedo N, Markarian E, Xiang Y, Yu BJ, George PM, Fame RM, Airan RD.",2026,Nature Biotechnology,Nature,10.1038/s41587-025-02866-8,research-article,5,all,box/violin,PRIVATE_REFERENCE_ONLY/corpus/PMC12951864/figures/Fig5.jpg,"https://creativecommons.org/licenses/by-nc-nd/4.0/ Open Access This article is licensed under a Creative Commons Attribution-NonCommercial-NoDerivatives 4.0 International License, which permits any non-commercial use, sharing, distribution and reproduction in any medium or format, as long as you give appropriate credit to the original author(s) and the source, provide a link to the Creative Commons licence, and indicate if you modified the licensed material. You do not have permission under this licence to share adapted material derived from this article or parts of it. The images or other third party material in this article are included in the article’s Creative Commons licence, unless indicated otherwise in a credit line to the material. If material is not included in the article’s Creative Commons licence and your intended use is not permitted by statutory regulation or exceeds the permitted use, you will need to obtain permission directly from the copyright holder. To view a copy of this licence, visit http://creativecommons.org/licenses/by-nc-nd/4.0/ .",yes,caption-based classification
PMC12951864,"Azadian MM, Kiani Shabestari S, Rajan A, Martinez PJ, Macedo N, Markarian E, Xiang Y, Yu BJ, George PM, Fame RM, Airan RD.",2026,Nature Biotechnology,Nature,10.1038/s41587-025-02866-8,research-article,6,all,bar/group comparison|box/violin,PRIVATE_REFERENCE_ONLY/corpus/PMC12951864/figures/Fig6.jpg,"https://creativecommons.org/licenses/by-nc-nd/4.0/ Open Access This article is licensed under a Creative Commons Attribution-NonCommercial-NoDerivatives 4.0 International License, which permits any non-commercial use, sharing, distribution and reproduction in any medium or format, as long as you give appropriate credit to the original author(s) and the source, provide a link to the Creative Commons licence, and indicate if you modified the licensed material. You do not have permission under this licence to share adapted material derived from this article or parts of it. The images or other third party material in this article are included in the article’s Creative Commons licence, unless indicated otherwise in a credit line to the material. If material is not included in the article’s Creative Commons licence and your intended use is not permitted by statutory regulation or exceeds the permitted use, you will need to obtain permission directly from the copyright holder. To view a copy of this licence, visit http://creativecommons.org/licenses/by-nc-nd/4.0/ .",yes,caption-based classification
PMC13050621,"Chen X, Guo Z, Tong X, Wang X, Liu X, Nagai H, Wu P, Lu J, Huss D, Tran M, Readhead C, Wu C, Cao L, Huang Y, Zeng Z, Feng F, Adhami N, Mor S, Lansford R, Chuong CM, Sheng G, Lois C, Ying QL.",2026,Nature Biotechnology,Nature,10.1038/s41587-025-02833-3,research-article,1,all,microscopy/other,PRIVATE_REFERENCE_ONLY/corpus/PMC13050621/figures/Fig1.webp,"https://creativecommons.org/licenses/by-nc-nd/4.0/ Open Access This article is licensed under a Creative Commons Attribution-NonCommercial-NoDerivatives 4.0 International License, which permits any non-commercial use, sharing, distribution and reproduction in any medium or format, as long as you give appropriate credit to the original author(s) and the source, provide a link to the Creative Commons licence, and indicate if you modified the licensed material. You do not have permission under this licence to share adapted material derived from this article or parts of it. The images or other third party material in this article are included in the article’s Creative Commons licence, unless indicated otherwise in a credit line to the material. If material is not included in the article’s Creative Commons licence and your intended use is not permitted by statutory regulation or exceeds the permitted use, you will need to obtain permission directly from the copyright holder. To view a copy of this licence, visit http://creativecommons.org/licenses/by-nc-nd/4.0/ .",partial,caption-based classification
PMC13050621,"Chen X, Guo Z, Tong X, Wang X, Liu X, Nagai H, Wu P, Lu J, Huss D, Tran M, Readhead C, Wu C, Cao L, Huang Y, Zeng Z, Feng F, Adhami N, Mor S, Lansford R, Chuong CM, Sheng G, Lois C, Ying QL.",2026,Nature Biotechnology,Nature,10.1038/s41587-025-02833-3,research-article,2,all,line/time-course|bar/group comparison|microscopy/other,PRIVATE_REFERENCE_ONLY/corpus/PMC13050621/figures/Fig2.webp,"https://creativecommons.org/licenses/by-nc-nd/4.0/ Open Access This article is licensed under a Creative Commons Attribution-NonCommercial-NoDerivatives 4.0 International License, which permits any non-commercial use, sharing, distribution and reproduction in any medium or format, as long as you give appropriate credit to the original author(s) and the source, provide a link to the Creative Commons licence, and indicate if you modified the licensed material. You do not have permission under this licence to share adapted material derived from this article or parts of it. The images or other third party material in this article are included in the article’s Creative Commons licence, unless indicated otherwise in a credit line to the material. If material is not included in the article’s Creative Commons licence and your intended use is not permitted by statutory regulation or exceeds the permitted use, you will need to obtain permission directly from the copyright holder. To view a copy of this licence, visit http://creativecommons.org/licenses/by-nc-nd/4.0/ .",yes,caption-based classification
PMC13050621,"Chen X, Guo Z, Tong X, Wang X, Liu X, Nagai H, Wu P, Lu J, Huss D, Tran M, Readhead C, Wu C, Cao L, Huang Y, Zeng Z, Feng F, Adhami N, Mor S, Lansford R, Chuong CM, Sheng G, Lois C, Ying QL.",2026,Nature Biotechnology,Nature,10.1038/s41587-025-02833-3,research-article,3,all,scatter/regression|bar/group comparison|box/violin|PCA/UMAP|heatmap|microscopy/other,PRIVATE_REFERENCE_ONLY/corpus/PMC13050621/figures/Fig3.webp,"https://creativecommons.org/licenses/by-nc-nd/4.0/ Open Access This article is licensed under a Creative Commons Attribution-NonCommercial-NoDerivatives 4.0 International License, which permits any non-commercial use, sharing, distribution and reproduction in any medium or format, as long as you give appropriate credit to the original author(s) and the source, provide a link to the Creative Commons licence, and indicate if you modified the licensed material. You do not have permission under this licence to share adapted material derived from this article or parts of it. The images or other third party material in this article are included in the article’s Creative Commons licence, unless indicated otherwise in a credit line to the material. If material is not included in the article’s Creative Commons licence and your intended use is not permitted by statutory regulation or exceeds the permitted use, you will need to obtain permission directly from the copyright holder. To view a copy of this licence, visit http://creativecommons.org/licenses/by-nc-nd/4.0/ .",yes,caption-based classification
PMC13050621,"Chen X, Guo Z, Tong X, Wang X, Liu X, Nagai H, Wu P, Lu J, Huss D, Tran M, Readhead C, Wu C, Cao L, Huang Y, Zeng Z, Feng F, Adhami N, Mor S, Lansford R, Chuong CM, Sheng G, Lois C, Ying QL.",2026,Nature Biotechnology,Nature,10.1038/s41587-025-02833-3,research-article,4,all,microscopy/other,PRIVATE_REFERENCE_ONLY/corpus/PMC13050621/figures/Fig4.webp,"https://creativecommons.org/licenses/by-nc-nd/4.0/ Open Access This article is licensed under a Creative Commons Attribution-NonCommercial-NoDerivatives 4.0 International License, which permits any non-commercial use, sharing, distribution and reproduction in any medium or format, as long as you give appropriate credit to the original author(s) and the source, provide a link to the Creative Commons licence, and indicate if you modified the licensed material. You do not have permission under this licence to share adapted material derived from this article or parts of it. The images or other third party material in this article are included in the article’s Creative Commons licence, unless indicated otherwise in a credit line to the material. If material is not included in the article’s Creative Commons licence and your intended use is not permitted by statutory regulation or exceeds the permitted use, you will need to obtain permission directly from the copyright holder. To view a copy of this licence, visit http://creativecommons.org/licenses/by-nc-nd/4.0/ .",partial,caption-based classification
PMC13050621,"Chen X, Guo Z, Tong X, Wang X, Liu X, Nagai H, Wu P, Lu J, Huss D, Tran M, Readhead C, Wu C, Cao L, Huang Y, Zeng Z, Feng F, Adhami N, Mor S, Lansford R, Chuong CM, Sheng G, Lois C, Ying QL.",2026,Nature Biotechnology,Nature,10.1038/s41587-025-02833-3,research-article,5,all,microscopy/other,PRIVATE_REFERENCE_ONLY/corpus/PMC13050621/figures/Fig5.webp,"https://creativecommons.org/licenses/by-nc-nd/4.0/ Open Access This article is licensed under a Creative Commons Attribution-NonCommercial-NoDerivatives 4.0 International License, which permits any non-commercial use, sharing, distribution and reproduction in any medium or format, as long as you give appropriate credit to the original author(s) and the source, provide a link to the Creative Commons licence, and indicate if you modified the licensed material. You do not have permission under this licence to share adapted material derived from this article or parts of it. The images or other third party material in this article are included in the article’s Creative Commons licence, unless indicated otherwise in a credit line to the material. If material is not included in the article’s Creative Commons licence and your intended use is not permitted by statutory regulation or exceeds the permitted use, you will need to obtain permission directly from the copyright holder. To view a copy of this licence, visit http://creativecommons.org/licenses/by-nc-nd/4.0/ .",partial,caption-based classification
PMC13050621,"Chen X, Guo Z, Tong X, Wang X, Liu X, Nagai H, Wu P, Lu J, Huss D, Tran M, Readhead C, Wu C, Cao L, Huang Y, Zeng Z, Feng F, Adhami N, Mor S, Lansford R, Chuong CM, Sheng G, Lois C, Ying QL.",2026,Nature Biotechnology,Nature,10.1038/s41587-025-02833-3,research-article,6,all,bar/group comparison|microscopy/other,PRIVATE_REFERENCE_ONLY/corpus/PMC13050621/figures/Fig6.webp,"https://creativecommons.org/licenses/by-nc-nd/4.0/ Open Access This article is licensed under a Creative Commons Attribution-NonCommercial-NoDerivatives 4.0 International License, which permits any non-commercial use, sharing, distribution and reproduction in any medium or format, as long as you give appropriate credit to the original author(s) and the source, provide a link to the Creative Commons licence, and indicate if you modified the licensed material. You do not have permission under this licence to share adapted material derived from this article or parts of it. The images or other third party material in this article are included in the article’s Creative Commons licence, unless indicated otherwise in a credit line to the material. If material is not included in the article’s Creative Commons licence and your intended use is not permitted by statutory regulation or exceeds the permitted use, you will need to obtain permission directly from the copyright holder. To view a copy of this licence, visit http://creativecommons.org/licenses/by-nc-nd/4.0/ .",yes,caption-based classification
PMC13271882,"Chen LT, Quinn Z, Dumas M, Peng C, Hong L, Lopez-Gonzalez M, Mestre A, Watson R, Vincoff S, Zhao L, Wu J, Stavrand A, Schaepers-Cheu M, Wang TZ, Srijay D, Monticello C, Vure P, Pulugurta R, Pertsemlidis S, Kholina K, Goel S, DeLisa MP, Chi JA, Truant R, Aguilar HC, Chatterjee P.",2026,Nature Biotechnology,Nature,10.1038/s41587-025-02761-2,research-article,1,all,heatmap|categorical/composition,PRIVATE_REFERENCE_ONLY/corpus/PMC13271882/figures/Fig1.jpg,"https://creativecommons.org/licenses/by-nc-nd/4.0/ Open Access This article is licensed under a Creative Commons Attribution-NonCommercial-NoDerivatives 4.0 International License, which permits any non-commercial use, sharing, distribution and reproduction in any medium or format, as long as you give appropriate credit to the original author(s) and the source, provide a link to the Creative Commons licence, and indicate if you modified the licensed material. You do not have permission under this licence to share adapted material derived from this article or parts of it. The images or other third party material in this article are included in the article’s Creative Commons licence, unless indicated otherwise in a credit line to the material. If material is not included in the article’s Creative Commons licence and your intended use is not permitted by statutory regulation or exceeds the permitted use, you will need to obtain permission directly from the copyright holder. To view a copy of this licence, visit http://creativecommons.org/licenses/by-nc-nd/4.0/ .",yes,caption-based classification
PMC13271882,"Chen LT, Quinn Z, Dumas M, Peng C, Hong L, Lopez-Gonzalez M, Mestre A, Watson R, Vincoff S, Zhao L, Wu J, Stavrand A, Schaepers-Cheu M, Wang TZ, Srijay D, Monticello C, Vure P, Pulugurta R, Pertsemlidis S, Kholina K, Goel S, DeLisa MP, Chi JA, Truant R, Aguilar HC, Chatterjee P.",2026,Nature Biotechnology,Nature,10.1038/s41587-025-02761-2,research-article,2,all,bar/group comparison|box/violin,PRIVATE_REFERENCE_ONLY/corpus/PMC13271882/figures/Fig2.jpg,"https://creativecommons.org/licenses/by-nc-nd/4.0/ Open Access This article is licensed under a Creative Commons Attribution-NonCommercial-NoDerivatives 4.0 International License, which permits any non-commercial use, sharing, distribution and reproduction in any medium or format, as long as you give appropriate credit to the original author(s) and the source, provide a link to the Creative Commons licence, and indicate if you modified the licensed material. You do not have permission under this licence to share adapted material derived from this article or parts of it. The images or other third party material in this article are included in the article’s Creative Commons licence, unless indicated otherwise in a credit line to the material. If material is not included in the article’s Creative Commons licence and your intended use is not permitted by statutory regulation or exceeds the permitted use, you will need to obtain permission directly from the copyright holder. To view a copy of this licence, visit http://creativecommons.org/licenses/by-nc-nd/4.0/ .",yes,caption-based classification
PMC13271882,"Chen LT, Quinn Z, Dumas M, Peng C, Hong L, Lopez-Gonzalez M, Mestre A, Watson R, Vincoff S, Zhao L, Wu J, Stavrand A, Schaepers-Cheu M, Wang TZ, Srijay D, Monticello C, Vure P, Pulugurta R, Pertsemlidis S, Kholina K, Goel S, DeLisa MP, Chi JA, Truant R, Aguilar HC, Chatterjee P.",2026,Nature Biotechnology,Nature,10.1038/s41587-025-02761-2,research-article,3,all,bar/group comparison|box/violin|microscopy/other,PRIVATE_REFERENCE_ONLY/corpus/PMC13271882/figures/Fig3.jpg,"https://creativecommons.org/licenses/by-nc-nd/4.0/ Open Access This article is licensed under a Creative Commons Attribution-NonCommercial-NoDerivatives 4.0 International License, which permits any non-commercial use, sharing, distribution and reproduction in any medium or format, as long as you give appropriate credit to the original author(s) and the source, provide a link to the Creative Commons licence, and indicate if you modified the licensed material. You do not have permission under this licence to share adapted material derived from this article or parts of it. The images or other third party material in this article are included in the article’s Creative Commons licence, unless indicated otherwise in a credit line to the material. If material is not included in the article’s Creative Commons licence and your intended use is not permitted by statutory regulation or exceeds the permitted use, you will need to obtain permission directly from the copyright holder. To view a copy of this licence, visit http://creativecommons.org/licenses/by-nc-nd/4.0/ .",yes,caption-based classification
PMC13271882,"Chen LT, Quinn Z, Dumas M, Peng C, Hong L, Lopez-Gonzalez M, Mestre A, Watson R, Vincoff S, Zhao L, Wu J, Stavrand A, Schaepers-Cheu M, Wang TZ, Srijay D, Monticello C, Vure P, Pulugurta R, Pertsemlidis S, Kholina K, Goel S, DeLisa MP, Chi JA, Truant R, Aguilar HC, Chatterjee P.",2026,Nature Biotechnology,Nature,10.1038/s41587-025-02761-2,research-article,4,all,line/time-course|bar/group comparison|microscopy/other,PRIVATE_REFERENCE_ONLY/corpus/PMC13271882/figures/Fig4.jpg,"https://creativecommons.org/licenses/by-nc-nd/4.0/ Open Access This article is licensed under a Creative Commons Attribution-NonCommercial-NoDerivatives 4.0 International License, which permits any non-commercial use, sharing, distribution and reproduction in any medium or format, as long as you give appropriate credit to the original author(s) and the source, provide a link to the Creative Commons licence, and indicate if you modified the licensed material. You do not have permission under this licence to share adapted material derived from this article or parts of it. The images or other third party material in this article are included in the article’s Creative Commons licence, unless indicated otherwise in a credit line to the material. If material is not included in the article’s Creative Commons licence and your intended use is not permitted by statutory regulation or exceeds the permitted use, you will need to obtain permission directly from the copyright holder. To view a copy of this licence, visit http://creativecommons.org/licenses/by-nc-nd/4.0/ .",yes,caption-based classification
PMC13368582,"Chia M, Ng AHQ, Ravikrishnan A, Mohamed Naim AN, Wearne S, Common J, Nagarajan N.",2026,Nature Biotechnology,Nature,10.1038/s41587-025-02797-4,research-article,1,all,scatter/regression|line/time-course|bar/group comparison|box/violin|categorical/composition|microscopy/other,PRIVATE_REFERENCE_ONLY/corpus/PMC13368582/figures/Fig1.jpg,"https://creativecommons.org/licenses/by-nc-nd/4.0/ Open Access This article is licensed under a Creative Commons Attribution-NonCommercial-NoDerivatives 4.0 International License, which permits any non-commercial use, sharing, distribution and reproduction in any medium or format, as long as you give appropriate credit to the original author(s) and the source, provide a link to the Creative Commons licence, and indicate if you modified the licensed material. You do not have permission under this licence to share adapted material derived from this article or parts of it. The images or other third party material in this article are included in the article’s Creative Commons licence, unless indicated otherwise in a credit line to the material. If material is not included in the article’s Creative Commons licence and your intended use is not permitted by statutory regulation or exceeds the permitted use, you will need to obtain permission directly from the copyright holder. To view a copy of this licence, visit http://creativecommons.org/licenses/by-nc-nd/4.0/ .",yes,caption-based classification
PMC13368582,"Chia M, Ng AHQ, Ravikrishnan A, Mohamed Naim AN, Wearne S, Common J, Nagarajan N.",2026,Nature Biotechnology,Nature,10.1038/s41587-025-02797-4,research-article,2,all,scatter/regression|bar/group comparison|box/violin|dot/bubble|categorical/composition,PRIVATE_REFERENCE_ONLY/corpus/PMC13368582/figures/Fig2.jpg,"https://creativecommons.org/licenses/by-nc-nd/4.0/ Open Access This article is licensed under a Creative Commons Attribution-NonCommercial-NoDerivatives 4.0 International License, which permits any non-commercial use, sharing, distribution and reproduction in any medium or format, as long as you give appropriate credit to the original author(s) and the source, provide a link to the Creative Commons licence, and indicate if you modified the licensed material. You do not have permission under this licence to share adapted material derived from this article or parts of it. The images or other third party material in this article are included in the article’s Creative Commons licence, unless indicated otherwise in a credit line to the material. If material is not included in the article’s Creative Commons licence and your intended use is not permitted by statutory regulation or exceeds the permitted use, you will need to obtain permission directly from the copyright holder. To view a copy of this licence, visit http://creativecommons.org/licenses/by-nc-nd/4.0/ .",yes,caption-based classification
PMC13368582,"Chia M, Ng AHQ, Ravikrishnan A, Mohamed Naim AN, Wearne S, Common J, Nagarajan N.",2026,Nature Biotechnology,Nature,10.1038/s41587-025-02797-4,research-article,3,all,bar/group comparison|PCA/UMAP|volcano/MA|microscopy/other,PRIVATE_REFERENCE_ONLY/corpus/PMC13368582/figures/Fig3.jpg,"https://creativecommons.org/licenses/by-nc-nd/4.0/ Open Access This article is licensed under a Creative Commons Attribution-NonCommercial-NoDerivatives 4.0 International License, which permits any non-commercial use, sharing, distribution and reproduction in any medium or format, as long as you give appropriate credit to the original author(s) and the source, provide a link to the Creative Commons licence, and indicate if you modified the licensed material. You do not have permission under this licence to share adapted material derived from this article or parts of it. The images or other third party material in this article are included in the article’s Creative Commons licence, unless indicated otherwise in a credit line to the material. If material is not included in the article’s Creative Commons licence and your intended use is not permitted by statutory regulation or exceeds the permitted use, you will need to obtain permission directly from the copyright holder. To view a copy of this licence, visit http://creativecommons.org/licenses/by-nc-nd/4.0/ .",yes,caption-based classification
PMC13368582,"Chia M, Ng AHQ, Ravikrishnan A, Mohamed Naim AN, Wearne S, Common J, Nagarajan N.",2026,Nature Biotechnology,Nature,10.1038/s41587-025-02797-4,research-article,4,all,bar/group comparison,PRIVATE_REFERENCE_ONLY/corpus/PMC13368582/figures/Fig4.jpg,"https://creativecommons.org/licenses/by-nc-nd/4.0/ Open Access This article is licensed under a Creative Commons Attribution-NonCommercial-NoDerivatives 4.0 International License, which permits any non-commercial use, sharing, distribution and reproduction in any medium or format, as long as you give appropriate credit to the original author(s) and the source, provide a link to the Creative Commons licence, and indicate if you modified the licensed material. You do not have permission under this licence to share adapted material derived from this article or parts of it. The images or other third party material in this article are included in the article’s Creative Commons licence, unless indicated otherwise in a credit line to the material. If material is not included in the article’s Creative Commons licence and your intended use is not permitted by statutory regulation or exceeds the permitted use, you will need to obtain permission directly from the copyright holder. To view a copy of this licence, visit http://creativecommons.org/licenses/by-nc-nd/4.0/ .",yes,caption-based classification
PMC13368582,"Chia M, Ng AHQ, Ravikrishnan A, Mohamed Naim AN, Wearne S, Common J, Nagarajan N.",2026,Nature Biotechnology,Nature,10.1038/s41587-025-02797-4,research-article,5,all,box/violin|heatmap,PRIVATE_REFERENCE_ONLY/corpus/PMC13368582/figures/Fig5.jpg,"https://creativecommons.org/licenses/by-nc-nd/4.0/ Open Access This article is licensed under a Creative Commons Attribution-NonCommercial-NoDerivatives 4.0 International License, which permits any non-commercial use, sharing, distribution and reproduction in any medium or format, as long as you give appropriate credit to the original author(s) and the source, provide a link to the Creative Commons licence, and indicate if you modified the licensed material. You do not have permission under this licence to share adapted material derived from this article or parts of it. The images or other third party material in this article are included in the article’s Creative Commons licence, unless indicated otherwise in a credit line to the material. If material is not included in the article’s Creative Commons licence and your intended use is not permitted by statutory regulation or exceeds the permitted use, you will need to obtain permission directly from the copyright holder. To view a copy of this licence, visit http://creativecommons.org/licenses/by-nc-nd/4.0/ .",yes,caption-based classification
PMC13368584,"Wallmann G, Skowronek P, Brennsteiner V, Lebedev M, Thielert M, Steigerwald S, Kotb M, Despard O, Heymann T, Zhou XX, Strauss MT, Ammar C, Willems S, Schwörer M, Zeng WF, Mann M.",2026,Nature Biotechnology,Nature,10.1038/s41587-025-02791-w,research-article,1,all,heatmap,PRIVATE_REFERENCE_ONLY/corpus/PMC13368584/figures/Fig1.jpg,"https://creativecommons.org/licenses/by/4.0/ Open Access This article is licensed under a Creative Commons Attribution 4.0 International License, which permits use, sharing, adaptation, distribution and reproduction in any medium or format, as long as you give appropriate credit to the original author(s) and the source, provide a link to the Creative Commons licence, and indicate if changes were made. The images or other third party material in this article are included in the article’s Creative Commons licence, unless indicated otherwise in a credit line to the material. If material is not included in the article’s Creative Commons licence and your intended use is not permitted by statutory regulation or exceeds the permitted use, you will need to obtain permission directly from the copyright holder. To view a copy of this licence, visit http://creativecommons.org/licenses/by/4.0/ .",partial,caption-based classification
PMC13368584,"Wallmann G, Skowronek P, Brennsteiner V, Lebedev M, Thielert M, Steigerwald S, Kotb M, Despard O, Heymann T, Zhou XX, Strauss MT, Ammar C, Willems S, Schwörer M, Zeng WF, Mann M.",2026,Nature Biotechnology,Nature,10.1038/s41587-025-02791-w,research-article,2,all,scatter/regression|box/violin|categorical/composition,PRIVATE_REFERENCE_ONLY/corpus/PMC13368584/figures/Fig2.jpg,"https://creativecommons.org/licenses/by/4.0/ Open Access This article is licensed under a Creative Commons Attribution 4.0 International License, which permits use, sharing, adaptation, distribution and reproduction in any medium or format, as long as you give appropriate credit to the original author(s) and the source, provide a link to the Creative Commons licence, and indicate if changes were made. The images or other third party material in this article are included in the article’s Creative Commons licence, unless indicated otherwise in a credit line to the material. If material is not included in the article’s Creative Commons licence and your intended use is not permitted by statutory regulation or exceeds the permitted use, you will need to obtain permission directly from the copyright holder. To view a copy of this licence, visit http://creativecommons.org/licenses/by/4.0/ .",yes,caption-based classification
PMC13368584,"Wallmann G, Skowronek P, Brennsteiner V, Lebedev M, Thielert M, Steigerwald S, Kotb M, Despard O, Heymann T, Zhou XX, Strauss MT, Ammar C, Willems S, Schwörer M, Zeng WF, Mann M.",2026,Nature Biotechnology,Nature,10.1038/s41587-025-02791-w,research-article,3,all,heatmap|categorical/composition,PRIVATE_REFERENCE_ONLY/corpus/PMC13368584/figures/Fig3.jpg,"https://creativecommons.org/licenses/by/4.0/ Open Access This article is licensed under a Creative Commons Attribution 4.0 International License, which permits use, sharing, adaptation, distribution and reproduction in any medium or format, as long as you give appropriate credit to the original author(s) and the source, provide a link to the Creative Commons licence, and indicate if changes were made. The images or other third party material in this article are included in the article’s Creative Commons licence, unless indicated otherwise in a credit line to the material. If material is not included in the article’s Creative Commons licence and your intended use is not permitted by statutory regulation or exceeds the permitted use, you will need to obtain permission directly from the copyright holder. To view a copy of this licence, visit http://creativecommons.org/licenses/by/4.0/ .",partial,caption-based classification
PMC13368584,"Wallmann G, Skowronek P, Brennsteiner V, Lebedev M, Thielert M, Steigerwald S, Kotb M, Despard O, Heymann T, Zhou XX, Strauss MT, Ammar C, Willems S, Schwörer M, Zeng WF, Mann M.",2026,Nature Biotechnology,Nature,10.1038/s41587-025-02791-w,research-article,4,all,box/violin,PRIVATE_REFERENCE_ONLY/corpus/PMC13368584/figures/Fig4.jpg,"https://creativecommons.org/licenses/by/4.0/ Open Access This article is licensed under a Creative Commons Attribution 4.0 International License, which permits use, sharing, adaptation, distribution and reproduction in any medium or format, as long as you give appropriate credit to the original author(s) and the source, provide a link to the Creative Commons licence, and indicate if changes were made. The images or other third party material in this article are included in the article’s Creative Commons licence, unless indicated otherwise in a credit line to the material. If material is not included in the article’s Creative Commons licence and your intended use is not permitted by statutory regulation or exceeds the permitted use, you will need to obtain permission directly from the copyright holder. To view a copy of this licence, visit http://creativecommons.org/licenses/by/4.0/ .",yes,caption-based classification
PMC13368584,"Wallmann G, Skowronek P, Brennsteiner V, Lebedev M, Thielert M, Steigerwald S, Kotb M, Despard O, Heymann T, Zhou XX, Strauss MT, Ammar C, Willems S, Schwörer M, Zeng WF, Mann M.",2026,Nature Biotechnology,Nature,10.1038/s41587-025-02791-w,research-article,5,all,box/violin|microscopy/other,PRIVATE_REFERENCE_ONLY/corpus/PMC13368584/figures/Fig5.jpg,"https://creativecommons.org/licenses/by/4.0/ Open Access This article is licensed under a Creative Commons Attribution 4.0 International License, which permits use, sharing, adaptation, distribution and reproduction in any medium or format, as long as you give appropriate credit to the original author(s) and the source, provide a link to the Creative Commons licence, and indicate if changes were made. The images or other third party material in this article are included in the article’s Creative Commons licence, unless indicated otherwise in a credit line to the material. If material is not included in the article’s Creative Commons licence and your intended use is not permitted by statutory regulation or exceeds the permitted use, you will need to obtain permission directly from the copyright holder. To view a copy of this licence, visit http://creativecommons.org/licenses/by/4.0/ .",yes,caption-based classification
PMC13368584,"Wallmann G, Skowronek P, Brennsteiner V, Lebedev M, Thielert M, Steigerwald S, Kotb M, Despard O, Heymann T, Zhou XX, Strauss MT, Ammar C, Willems S, Schwörer M, Zeng WF, Mann M.",2026,Nature Biotechnology,Nature,10.1038/s41587-025-02791-w,research-article,6,all,scatter/regression|categorical/composition,PRIVATE_REFERENCE_ONLY/corpus/PMC13368584/figures/Fig6.jpg,"https://creativecommons.org/licenses/by/4.0/ Open Access This article is licensed under a Creative Commons Attribution 4.0 International License, which permits use, sharing, adaptation, distribution and reproduction in any medium or format, as long as you give appropriate credit to the original author(s) and the source, provide a link to the Creative Commons licence, and indicate if changes were made. The images or other third party material in this article are included in the article’s Creative Commons licence, unless indicated otherwise in a credit line to the material. If material is not included in the article’s Creative Commons licence and your intended use is not permitted by statutory regulation or exceeds the permitted use, you will need to obtain permission directly from the copyright holder. To view a copy of this licence, visit http://creativecommons.org/licenses/by/4.0/ .",yes,caption-based classification
PMC13461360,"Ivančić D, Agudelo A, Lindstrom-Vautrin J, Jaraba-Wallace J, Gallo M, Das R, Ragel A, Herrero-Vicente J, Higueras I, Billeci F, Sanvicente-García M, Petazzi P, Ferruz N, Sánchez-Mejías A, Güell M.",2026,Nature Biotechnology,Nature,10.1038/s41587-025-02816-4,research-article,1,all,heatmap|forest/effect-size,PRIVATE_REFERENCE_ONLY/corpus/PMC13461360/figures/Fig1.jpg,"https://creativecommons.org/licenses/by-nc-nd/4.0/ Open Access This article is licensed under a Creative Commons Attribution-NonCommercial-NoDerivatives 4.0 International License, which permits any non-commercial use, sharing, distribution and reproduction in any medium or format, as long as you give appropriate credit to the original author(s) and the source, provide a link to the Creative Commons licence, and indicate if you modified the licensed material. You do not have permission under this licence to share adapted material derived from this article or parts of it. The images or other third party material in this article are included in the article’s Creative Commons licence, unless indicated otherwise in a credit line to the material. If material is not included in the article’s Creative Commons licence and your intended use is not permitted by statutory regulation or exceeds the permitted use, you will need to obtain permission directly from the copyright holder. To view a copy of this licence, visit http://creativecommons.org/licenses/by-nc-nd/4.0/ .",yes,caption-based classification
PMC13461360,"Ivančić D, Agudelo A, Lindstrom-Vautrin J, Jaraba-Wallace J, Gallo M, Das R, Ragel A, Herrero-Vicente J, Higueras I, Billeci F, Sanvicente-García M, Petazzi P, Ferruz N, Sánchez-Mejías A, Güell M.",2026,Nature Biotechnology,Nature,10.1038/s41587-025-02816-4,research-article,2,all,scatter/regression|line/time-course|bar/group comparison|box/violin|forest/effect-size|categorical/composition,PRIVATE_REFERENCE_ONLY/corpus/PMC13461360/figures/Fig2.jpg,"https://creativecommons.org/licenses/by-nc-nd/4.0/ Open Access This article is licensed under a Creative Commons Attribution-NonCommercial-NoDerivatives 4.0 International License, which permits any non-commercial use, sharing, distribution and reproduction in any medium or format, as long as you give appropriate credit to the original author(s) and the source, provide a link to the Creative Commons licence, and indicate if you modified the licensed material. You do not have permission under this licence to share adapted material derived from this article or parts of it. The images or other third party material in this article are included in the article’s Creative Commons licence, unless indicated otherwise in a credit line to the material. If material is not included in the article’s Creative Commons licence and your intended use is not permitted by statutory regulation or exceeds the permitted use, you will need to obtain permission directly from the copyright holder. To view a copy of this licence, visit http://creativecommons.org/licenses/by-nc-nd/4.0/ .",yes,caption-based classification
PMC13461361,"Daly AC, Cambuli F, Äijö T, Lötstedt B, Marjanovic ND, Fernandez S, Kuksenko O, Smith-Erb M, Domovic D, Van Wittenberghe N, Drokhlyansky E, Griffin GK, Phatnani H, Bonneau R, Regev A, Vickovic S.",2026,Nature Biotechnology,Nature,10.1038/s41587-025-02830-6,research-article,1,all,bar/group comparison|PCA/UMAP|categorical/composition,PRIVATE_REFERENCE_ONLY/corpus/PMC13461361/figures/Fig1.jpg,"https://creativecommons.org/licenses/by/4.0/ Open Access This article is licensed under a Creative Commons Attribution 4.0 International License, which permits use, sharing, adaptation, distribution and reproduction in any medium or format, as long as you give appropriate credit to the original author(s) and the source, provide a link to the Creative Commons licence, and indicate if changes were made. The images or other third party material in this article are included in the article’s Creative Commons licence, unless indicated otherwise in a credit line to the material. If material is not included in the article’s Creative Commons licence and your intended use is not permitted by statutory regulation or exceeds the permitted use, you will need to obtain permission directly from the copyright holder. To view a copy of this licence, visit http://creativecommons.org/licenses/by/4.0/ .",yes,caption-based classification
PMC13461361,"Daly AC, Cambuli F, Äijö T, Lötstedt B, Marjanovic ND, Fernandez S, Kuksenko O, Smith-Erb M, Domovic D, Van Wittenberghe N, Drokhlyansky E, Griffin GK, Phatnani H, Bonneau R, Regev A, Vickovic S.",2026,Nature Biotechnology,Nature,10.1038/s41587-025-02830-6,research-article,2,all,scatter/regression|forest/effect-size|categorical/composition,PRIVATE_REFERENCE_ONLY/corpus/PMC13461361/figures/Fig2.jpg,"https://creativecommons.org/licenses/by/4.0/ Open Access This article is licensed under a Creative Commons Attribution 4.0 International License, which permits use, sharing, adaptation, distribution and reproduction in any medium or format, as long as you give appropriate credit to the original author(s) and the source, provide a link to the Creative Commons licence, and indicate if changes were made. The images or other third party material in this article are included in the article’s Creative Commons licence, unless indicated otherwise in a credit line to the material. If material is not included in the article’s Creative Commons licence and your intended use is not permitted by statutory regulation or exceeds the permitted use, you will need to obtain permission directly from the copyright holder. To view a copy of this licence, visit http://creativecommons.org/licenses/by/4.0/ .",yes,caption-based classification
PMC13461361,"Daly AC, Cambuli F, Äijö T, Lötstedt B, Marjanovic ND, Fernandez S, Kuksenko O, Smith-Erb M, Domovic D, Van Wittenberghe N, Drokhlyansky E, Griffin GK, Phatnani H, Bonneau R, Regev A, Vickovic S.",2026,Nature Biotechnology,Nature,10.1038/s41587-025-02830-6,research-article,3,all,box/violin|categorical/composition,PRIVATE_REFERENCE_ONLY/corpus/PMC13461361/figures/Fig3.jpg,"https://creativecommons.org/licenses/by/4.0/ Open Access This article is licensed under a Creative Commons Attribution 4.0 International License, which permits use, sharing, adaptation, distribution and reproduction in any medium or format, as long as you give appropriate credit to the original author(s) and the source, provide a link to the Creative Commons licence, and indicate if changes were made. The images or other third party material in this article are included in the article’s Creative Commons licence, unless indicated otherwise in a credit line to the material. If material is not included in the article’s Creative Commons licence and your intended use is not permitted by statutory regulation or exceeds the permitted use, you will need to obtain permission directly from the copyright holder. To view a copy of this licence, visit http://creativecommons.org/licenses/by/4.0/ .",yes,caption-based classification
PMC13461361,"Daly AC, Cambuli F, Äijö T, Lötstedt B, Marjanovic ND, Fernandez S, Kuksenko O, Smith-Erb M, Domovic D, Van Wittenberghe N, Drokhlyansky E, Griffin GK, Phatnani H, Bonneau R, Regev A, Vickovic S.",2026,Nature Biotechnology,Nature,10.1038/s41587-025-02830-6,research-article,4,all,scatter/regression|categorical/composition,PRIVATE_REFERENCE_ONLY/corpus/PMC13461361/figures/Fig4.jpg,"https://creativecommons.org/licenses/by/4.0/ Open Access This article is licensed under a Creative Commons Attribution 4.0 International License, which permits use, sharing, adaptation, distribution and reproduction in any medium or format, as long as you give appropriate credit to the original author(s) and the source, provide a link to the Creative Commons licence, and indicate if changes were made. The images or other third party material in this article are included in the article’s Creative Commons licence, unless indicated otherwise in a credit line to the material. If material is not included in the article’s Creative Commons licence and your intended use is not permitted by statutory regulation or exceeds the permitted use, you will need to obtain permission directly from the copyright holder. To view a copy of this licence, visit http://creativecommons.org/licenses/by/4.0/ .",yes,caption-based classification
PMC13461362,"Yadav S, Lee RX, Kajale SN, Joy B, Saha M, Patel P, Bull L, Cao S, Mitragotri S, Bono D, Sarkar D.",2026,Nature Biotechnology,Nature,10.1038/s41587-025-02809-3,research-article,1,all,microscopy/other,PRIVATE_REFERENCE_ONLY/corpus/PMC13461362/figures/Fig1.jpg,"https://creativecommons.org/licenses/by/4.0/ Open Access This article is licensed under a Creative Commons Attribution 4.0 International License, which permits use, sharing, adaptation, distribution and reproduction in any medium or format, as long as you give appropriate credit to the original author(s) and the source, provide a link to the Creative Commons licence, and indicate if changes were made. The images or other third party material in this article are included in the article’s Creative Commons licence, unless indicated otherwise in a credit line to the material. If material is not included in the article’s Creative Commons licence and your intended use is not permitted by statutory regulation or exceeds the permitted use, you will need to obtain permission directly from the copyright holder. To view a copy of this licence, visit http://creativecommons.org/licenses/by/4.0/ .",partial,caption-based classification
PMC13461362,"Yadav S, Lee RX, Kajale SN, Joy B, Saha M, Patel P, Bull L, Cao S, Mitragotri S, Bono D, Sarkar D.",2026,Nature Biotechnology,Nature,10.1038/s41587-025-02809-3,research-article,2,all,line/time-course|bar/group comparison|box/violin|forest/effect-size|microscopy/other,PRIVATE_REFERENCE_ONLY/corpus/PMC13461362/figures/Fig2.jpg,"https://creativecommons.org/licenses/by/4.0/ Open Access This article is licensed under a Creative Commons Attribution 4.0 International License, which permits use, sharing, adaptation, distribution and reproduction in any medium or format, as long as you give appropriate credit to the original author(s) and the source, provide a link to the Creative Commons licence, and indicate if changes were made. The images or other third party material in this article are included in the article’s Creative Commons licence, unless indicated otherwise in a credit line to the material. If material is not included in the article’s Creative Commons licence and your intended use is not permitted by statutory regulation or exceeds the permitted use, you will need to obtain permission directly from the copyright holder. To view a copy of this licence, visit http://creativecommons.org/licenses/by/4.0/ .",yes,caption-based classification
PMC13461362,"Yadav S, Lee RX, Kajale SN, Joy B, Saha M, Patel P, Bull L, Cao S, Mitragotri S, Bono D, Sarkar D.",2026,Nature Biotechnology,Nature,10.1038/s41587-025-02809-3,research-article,3,all,scatter/regression|bar/group comparison|forest/effect-size|microscopy/other,PRIVATE_REFERENCE_ONLY/corpus/PMC13461362/figures/Fig3.jpg,"https://creativecommons.org/licenses/by/4.0/ Open Access This article is licensed under a Creative Commons Attribution 4.0 International License, which permits use, sharing, adaptation, distribution and reproduction in any medium or format, as long as you give appropriate credit to the original author(s) and the source, provide a link to the Creative Commons licence, and indicate if changes were made. The images or other third party material in this article are included in the article’s Creative Commons licence, unless indicated otherwise in a credit line to the material. If material is not included in the article’s Creative Commons licence and your intended use is not permitted by statutory regulation or exceeds the permitted use, you will need to obtain permission directly from the copyright holder. To view a copy of this licence, visit http://creativecommons.org/licenses/by/4.0/ .",yes,caption-based classification
PMC13461362,"Yadav S, Lee RX, Kajale SN, Joy B, Saha M, Patel P, Bull L, Cao S, Mitragotri S, Bono D, Sarkar D.",2026,Nature Biotechnology,Nature,10.1038/s41587-025-02809-3,research-article,4,all,scatter/regression|bar/group comparison|box/violin|PCA/UMAP|categorical/composition|microscopy/other,PRIVATE_REFERENCE_ONLY/corpus/PMC13461362/figures/Fig4.jpg,"https://creativecommons.org/licenses/by/4.0/ Open Access This article is licensed under a Creative Commons Attribution 4.0 International License, which permits use, sharing, adaptation, distribution and reproduction in any medium or format, as long as you give appropriate credit to the original author(s) and the source, provide a link to the Creative Commons licence, and indicate if changes were made. The images or other third party material in this article are included in the article’s Creative Commons licence, unless indicated otherwise in a credit line to the material. If material is not included in the article’s Creative Commons licence and your intended use is not permitted by statutory regulation or exceeds the permitted use, you will need to obtain permission directly from the copyright holder. To view a copy of this licence, visit http://creativecommons.org/licenses/by/4.0/ .",yes,caption-based classification
PMC13461362,"Yadav S, Lee RX, Kajale SN, Joy B, Saha M, Patel P, Bull L, Cao S, Mitragotri S, Bono D, Sarkar D.",2026,Nature Biotechnology,Nature,10.1038/s41587-025-02809-3,research-article,5,all,line/time-course|bar/group comparison|microscopy/other,PRIVATE_REFERENCE_ONLY/corpus/PMC13461362/figures/Fig5.jpg,"https://creativecommons.org/licenses/by/4.0/ Open Access This article is licensed under a Creative Commons Attribution 4.0 International License, which permits use, sharing, adaptation, distribution and reproduction in any medium or format, as long as you give appropriate credit to the original author(s) and the source, provide a link to the Creative Commons licence, and indicate if changes were made. The images or other third party material in this article are included in the article’s Creative Commons licence, unless indicated otherwise in a credit line to the material. If material is not included in the article’s Creative Commons licence and your intended use is not permitted by statutory regulation or exceeds the permitted use, you will need to obtain permission directly from the copyright holder. To view a copy of this licence, visit http://creativecommons.org/licenses/by/4.0/ .",yes,caption-based classification
PMC13364638,"Zollo C, Gomez Suarez D, Bararpour EP, Jenner A, Verma P, Koch J, Wilhelm S, Jüngst C, Faber L, White F, García-Sáez AJ.",2026,Nature Cell Biology,Nature,10.1038/s41556-026-01986-w,research-article,1,all,line/time-course|bar/group comparison|microscopy/other,PRIVATE_REFERENCE_ONLY/corpus/PMC13364638/figures/Fig1.jpg,"https://creativecommons.org/licenses/by/4.0/ Open Access This article is licensed under a Creative Commons Attribution 4.0 International License, which permits use, sharing, adaptation, distribution and reproduction in any medium or format, as long as you give appropriate credit to the original author(s) and the source, provide a link to the Creative Commons licence, and indicate if changes were made. The images or other third party material in this article are included in the article’s Creative Commons licence, unless indicated otherwise in a credit line to the material. If material is not included in the article’s Creative Commons licence and your intended use is not permitted by statutory regulation or exceeds the permitted use, you will need to obtain permission directly from the copyright holder. To view a copy of this licence, visit http://creativecommons.org/licenses/by/4.0/ .",yes,caption-based classification
PMC13364638,"Zollo C, Gomez Suarez D, Bararpour EP, Jenner A, Verma P, Koch J, Wilhelm S, Jüngst C, Faber L, White F, García-Sáez AJ.",2026,Nature Cell Biology,Nature,10.1038/s41556-026-01986-w,research-article,2,all,scatter/regression|line/time-course|bar/group comparison|forest/effect-size|dot/bubble|categorical/composition|microscopy/other,PRIVATE_REFERENCE_ONLY/corpus/PMC13364638/figures/Fig2.jpg,"https://creativecommons.org/licenses/by/4.0/ Open Access This article is licensed under a Creative Commons Attribution 4.0 International License, which permits use, sharing, adaptation, distribution and reproduction in any medium or format, as long as you give appropriate credit to the original author(s) and the source, provide a link to the Creative Commons licence, and indicate if changes were made. The images or other third party material in this article are included in the article’s Creative Commons licence, unless indicated otherwise in a credit line to the material. If material is not included in the article’s Creative Commons licence and your intended use is not permitted by statutory regulation or exceeds the permitted use, you will need to obtain permission directly from the copyright holder. To view a copy of this licence, visit http://creativecommons.org/licenses/by/4.0/ .",yes,caption-based classification
PMC13364638,"Zollo C, Gomez Suarez D, Bararpour EP, Jenner A, Verma P, Koch J, Wilhelm S, Jüngst C, Faber L, White F, García-Sáez AJ.",2026,Nature Cell Biology,Nature,10.1038/s41556-026-01986-w,research-article,3,all,bar/group comparison|dot/bubble|categorical/composition|microscopy/other,PRIVATE_REFERENCE_ONLY/corpus/PMC13364638/figures/Fig3.jpg,"https://creativecommons.org/licenses/by/4.0/ Open Access This article is licensed under a Creative Commons Attribution 4.0 International License, which permits use, sharing, adaptation, distribution and reproduction in any medium or format, as long as you give appropriate credit to the original author(s) and the source, provide a link to the Creative Commons licence, and indicate if changes were made. The images or other third party material in this article are included in the article’s Creative Commons licence, unless indicated otherwise in a credit line to the material. If material is not included in the article’s Creative Commons licence and your intended use is not permitted by statutory regulation or exceeds the permitted use, you will need to obtain permission directly from the copyright holder. To view a copy of this licence, visit http://creativecommons.org/licenses/by/4.0/ .",yes,caption-based classification
PMC13364638,"Zollo C, Gomez Suarez D, Bararpour EP, Jenner A, Verma P, Koch J, Wilhelm S, Jüngst C, Faber L, White F, García-Sáez AJ.",2026,Nature Cell Biology,Nature,10.1038/s41556-026-01986-w,research-article,4,all,line/time-course|bar/group comparison|forest/effect-size|microscopy/other,PRIVATE_REFERENCE_ONLY/corpus/PMC13364638/figures/Fig4.jpg,"https://creativecommons.org/licenses/by/4.0/ Open Access This article is licensed under a Creative Commons Attribution 4.0 International License, which permits use, sharing, adaptation, distribution and reproduction in any medium or format, as long as you give appropriate credit to the original author(s) and the source, provide a link to the Creative Commons licence, and indicate if changes were made. The images or other third party material in this article are included in the article’s Creative Commons licence, unless indicated otherwise in a credit line to the material. If material is not included in the article’s Creative Commons licence and your intended use is not permitted by statutory regulation or exceeds the permitted use, you will need to obtain permission directly from the copyright holder. To view a copy of this licence, visit http://creativecommons.org/licenses/by/4.0/ .",yes,caption-based classification
PMC13364638,"Zollo C, Gomez Suarez D, Bararpour EP, Jenner A, Verma P, Koch J, Wilhelm S, Jüngst C, Faber L, White F, García-Sáez AJ.",2026,Nature Cell Biology,Nature,10.1038/s41556-026-01986-w,research-article,5,all,line/time-course|bar/group comparison|box/violin|forest/effect-size|dot/bubble|microscopy/other,PRIVATE_REFERENCE_ONLY/corpus/PMC13364638/figures/Fig5.jpg,"https://creativecommons.org/licenses/by/4.0/ Open Access This article is licensed under a Creative Commons Attribution 4.0 International License, which permits use, sharing, adaptation, distribution and reproduction in any medium or format, as long as you give appropriate credit to the original author(s) and the source, provide a link to the Creative Commons licence, and indicate if changes were made. The images or other third party material in this article are included in the article’s Creative Commons licence, unless indicated otherwise in a credit line to the material. If material is not included in the article’s Creative Commons licence and your intended use is not permitted by statutory regulation or exceeds the permitted use, you will need to obtain permission directly from the copyright holder. To view a copy of this licence, visit http://creativecommons.org/licenses/by/4.0/ .",yes,caption-based classification
PMC13364638,"Zollo C, Gomez Suarez D, Bararpour EP, Jenner A, Verma P, Koch J, Wilhelm S, Jüngst C, Faber L, White F, García-Sáez AJ.",2026,Nature Cell Biology,Nature,10.1038/s41556-026-01986-w,research-article,6,all,scatter/regression|line/time-course|bar/group comparison|box/violin|forest/effect-size|dot/bubble,PRIVATE_REFERENCE_ONLY/corpus/PMC13364638/figures/Fig6.jpg,"https://creativecommons.org/licenses/by/4.0/ Open Access This article is licensed under a Creative Commons Attribution 4.0 International License, which permits use, sharing, adaptation, distribution and reproduction in any medium or format, as long as you give appropriate credit to the original author(s) and the source, provide a link to the Creative Commons licence, and indicate if changes were made. The images or other third party material in this article are included in the article’s Creative Commons licence, unless indicated otherwise in a credit line to the material. If material is not included in the article’s Creative Commons licence and your intended use is not permitted by statutory regulation or exceeds the permitted use, you will need to obtain permission directly from the copyright holder. To view a copy of this licence, visit http://creativecommons.org/licenses/by/4.0/ .",yes,caption-based classification
PMC13364638,"Zollo C, Gomez Suarez D, Bararpour EP, Jenner A, Verma P, Koch J, Wilhelm S, Jüngst C, Faber L, White F, García-Sáez AJ.",2026,Nature Cell Biology,Nature,10.1038/s41556-026-01986-w,research-article,7,all,bar/group comparison|microscopy/other,PRIVATE_REFERENCE_ONLY/corpus/PMC13364638/figures/Fig7.jpg,"https://creativecommons.org/licenses/by/4.0/ Open Access This article is licensed under a Creative Commons Attribution 4.0 International License, which permits use, sharing, adaptation, distribution and reproduction in any medium or format, as long as you give appropriate credit to the original author(s) and the source, provide a link to the Creative Commons licence, and indicate if changes were made. The images or other third party material in this article are included in the article’s Creative Commons licence, unless indicated otherwise in a credit line to the material. If material is not included in the article’s Creative Commons licence and your intended use is not permitted by statutory regulation or exceeds the permitted use, you will need to obtain permission directly from the copyright holder. To view a copy of this licence, visit http://creativecommons.org/licenses/by/4.0/ .",yes,caption-based classification
PMC13364683,"Xie Y, Lim JYS, Liu W, Gilbreath C, Sun X, Qiao K, Kim YJ, Wu S.",2026,Nature Cell Biology,Nature,10.1038/s41556-026-01982-0,research-article,1,all,bar/group comparison|heatmap|categorical/composition|microscopy/other,PRIVATE_REFERENCE_ONLY/corpus/PMC13364683/figures/Fig1.jpg,"https://creativecommons.org/licenses/by/4.0/ Open Access This article is licensed under a Creative Commons Attribution 4.0 International License, which permits use, sharing, adaptation, distribution and reproduction in any medium or format, as long as you give appropriate credit to the original author(s) and the source, provide a link to the Creative Commons licence, and indicate if changes were made. The images or other third party material in this article are included in the article’s Creative Commons licence, unless indicated otherwise in a credit line to the material. If material is not included in the article’s Creative Commons licence and your intended use is not permitted by statutory regulation or exceeds the permitted use, you will need to obtain permission directly from the copyright holder. To view a copy of this licence, visit http://creativecommons.org/licenses/by/4.0/ .",yes,caption-based classification
PMC13364683,"Xie Y, Lim JYS, Liu W, Gilbreath C, Sun X, Qiao K, Kim YJ, Wu S.",2026,Nature Cell Biology,Nature,10.1038/s41556-026-01982-0,research-article,2,all,bar/group comparison,PRIVATE_REFERENCE_ONLY/corpus/PMC13364683/figures/Fig2.jpg,"https://creativecommons.org/licenses/by/4.0/ Open Access This article is licensed under a Creative Commons Attribution 4.0 International License, which permits use, sharing, adaptation, distribution and reproduction in any medium or format, as long as you give appropriate credit to the original author(s) and the source, provide a link to the Creative Commons licence, and indicate if changes were made. The images or other third party material in this article are included in the article’s Creative Commons licence, unless indicated otherwise in a credit line to the material. If material is not included in the article’s Creative Commons licence and your intended use is not permitted by statutory regulation or exceeds the permitted use, you will need to obtain permission directly from the copyright holder. To view a copy of this licence, visit http://creativecommons.org/licenses/by/4.0/ .",yes,caption-based classification
PMC13364683,"Xie Y, Lim JYS, Liu W, Gilbreath C, Sun X, Qiao K, Kim YJ, Wu S.",2026,Nature Cell Biology,Nature,10.1038/s41556-026-01982-0,research-article,3,all,scatter/regression|bar/group comparison|microscopy/other,PRIVATE_REFERENCE_ONLY/corpus/PMC13364683/figures/Fig3.jpg,"https://creativecommons.org/licenses/by/4.0/ Open Access This article is licensed under a Creative Commons Attribution 4.0 International License, which permits use, sharing, adaptation, distribution and reproduction in any medium or format, as long as you give appropriate credit to the original author(s) and the source, provide a link to the Creative Commons licence, and indicate if changes were made. The images or other third party material in this article are included in the article’s Creative Commons licence, unless indicated otherwise in a credit line to the material. If material is not included in the article’s Creative Commons licence and your intended use is not permitted by statutory regulation or exceeds the permitted use, you will need to obtain permission directly from the copyright holder. To view a copy of this licence, visit http://creativecommons.org/licenses/by/4.0/ .",yes,caption-based classification
PMC13364683,"Xie Y, Lim JYS, Liu W, Gilbreath C, Sun X, Qiao K, Kim YJ, Wu S.",2026,Nature Cell Biology,Nature,10.1038/s41556-026-01982-0,research-article,4,all,bar/group comparison|categorical/composition|microscopy/other,PRIVATE_REFERENCE_ONLY/corpus/PMC13364683/figures/Fig4.jpg,"https://creativecommons.org/licenses/by/4.0/ Open Access This article is licensed under a Creative Commons Attribution 4.0 International License, which permits use, sharing, adaptation, distribution and reproduction in any medium or format, as long as you give appropriate credit to the original author(s) and the source, provide a link to the Creative Commons licence, and indicate if changes were made. The images or other third party material in this article are included in the article’s Creative Commons licence, unless indicated otherwise in a credit line to the material. If material is not included in the article’s Creative Commons licence and your intended use is not permitted by statutory regulation or exceeds the permitted use, you will need to obtain permission directly from the copyright holder. To view a copy of this licence, visit http://creativecommons.org/licenses/by/4.0/ .",yes,caption-based classification
PMC13364683,"Xie Y, Lim JYS, Liu W, Gilbreath C, Sun X, Qiao K, Kim YJ, Wu S.",2026,Nature Cell Biology,Nature,10.1038/s41556-026-01982-0,research-article,5,all,line/time-course|bar/group comparison|microscopy/other,PRIVATE_REFERENCE_ONLY/corpus/PMC13364683/figures/Fig5.jpg,"https://creativecommons.org/licenses/by/4.0/ Open Access This article is licensed under a Creative Commons Attribution 4.0 International License, which permits use, sharing, adaptation, distribution and reproduction in any medium or format, as long as you give appropriate credit to the original author(s) and the source, provide a link to the Creative Commons licence, and indicate if changes were made. The images or other third party material in this article are included in the article’s Creative Commons licence, unless indicated otherwise in a credit line to the material. If material is not included in the article’s Creative Commons licence and your intended use is not permitted by statutory regulation or exceeds the permitted use, you will need to obtain permission directly from the copyright holder. To view a copy of this licence, visit http://creativecommons.org/licenses/by/4.0/ .",yes,caption-based classification
PMC13364714,"Jha A, Chandra A, Farahani PE, Toettcher JE, Pasapera AM, Haugh JM, Waterman CM.",2026,Nature Cell Biology,Nature,10.1038/s41556-026-01981-1,research-article,1,all,scatter/regression|line/time-course|bar/group comparison|box/violin|forest/effect-size|categorical/composition,PRIVATE_REFERENCE_ONLY/corpus/PMC13364714/figures/Fig1.jpg,"https://creativecommons.org/licenses/by/4.0/ Open Access This article is licensed under a Creative Commons Attribution 4.0 International License, which permits use, sharing, adaptation, distribution and reproduction in any medium or format, as long as you give appropriate credit to the original author(s) and the source, provide a link to the Creative Commons licence, and indicate if changes were made. The images or other third party material in this article are included in the article’s Creative Commons licence, unless indicated otherwise in a credit line to the material. If material is not included in the article’s Creative Commons licence and your intended use is not permitted by statutory regulation or exceeds the permitted use, you will need to obtain permission directly from the copyright holder. To view a copy of this licence, visit http://creativecommons.org/licenses/by/4.0/ .",yes,caption-based classification
PMC13364714,"Jha A, Chandra A, Farahani PE, Toettcher JE, Pasapera AM, Haugh JM, Waterman CM.",2026,Nature Cell Biology,Nature,10.1038/s41556-026-01981-1,research-article,2,all,bar/group comparison|box/violin|microscopy/other,PRIVATE_REFERENCE_ONLY/corpus/PMC13364714/figures/Fig2.jpg,"https://creativecommons.org/licenses/by/4.0/ Open Access This article is licensed under a Creative Commons Attribution 4.0 International License, which permits use, sharing, adaptation, distribution and reproduction in any medium or format, as long as you give appropriate credit to the original author(s) and the source, provide a link to the Creative Commons licence, and indicate if changes were made. The images or other third party material in this article are included in the article’s Creative Commons licence, unless indicated otherwise in a credit line to the material. If material is not included in the article’s Creative Commons licence and your intended use is not permitted by statutory regulation or exceeds the permitted use, you will need to obtain permission directly from the copyright holder. To view a copy of this licence, visit http://creativecommons.org/licenses/by/4.0/ .",yes,caption-based classification
PMC13364714,"Jha A, Chandra A, Farahani PE, Toettcher JE, Pasapera AM, Haugh JM, Waterman CM.",2026,Nature Cell Biology,Nature,10.1038/s41556-026-01981-1,research-article,3,all,scatter/regression|box/violin|microscopy/other,PRIVATE_REFERENCE_ONLY/corpus/PMC13364714/figures/Fig3.jpg,"https://creativecommons.org/licenses/by/4.0/ Open Access This article is licensed under a Creative Commons Attribution 4.0 International License, which permits use, sharing, adaptation, distribution and reproduction in any medium or format, as long as you give appropriate credit to the original author(s) and the source, provide a link to the Creative Commons licence, and indicate if changes were made. The images or other third party material in this article are included in the article’s Creative Commons licence, unless indicated otherwise in a credit line to the material. If material is not included in the article’s Creative Commons licence and your intended use is not permitted by statutory regulation or exceeds the permitted use, you will need to obtain permission directly from the copyright holder. To view a copy of this licence, visit http://creativecommons.org/licenses/by/4.0/ .",yes,caption-based classification
PMC13364714,"Jha A, Chandra A, Farahani PE, Toettcher JE, Pasapera AM, Haugh JM, Waterman CM.",2026,Nature Cell Biology,Nature,10.1038/s41556-026-01981-1,research-article,4,all,line/time-course|bar/group comparison|box/violin|dot/bubble|microscopy/other,PRIVATE_REFERENCE_ONLY/corpus/PMC13364714/figures/Fig4.jpg,"https://creativecommons.org/licenses/by/4.0/ Open Access This article is licensed under a Creative Commons Attribution 4.0 International License, which permits use, sharing, adaptation, distribution and reproduction in any medium or format, as long as you give appropriate credit to the original author(s) and the source, provide a link to the Creative Commons licence, and indicate if changes were made. The images or other third party material in this article are included in the article’s Creative Commons licence, unless indicated otherwise in a credit line to the material. If material is not included in the article’s Creative Commons licence and your intended use is not permitted by statutory regulation or exceeds the permitted use, you will need to obtain permission directly from the copyright holder. To view a copy of this licence, visit http://creativecommons.org/licenses/by/4.0/ .",yes,caption-based classification
PMC13364714,"Jha A, Chandra A, Farahani PE, Toettcher JE, Pasapera AM, Haugh JM, Waterman CM.",2026,Nature Cell Biology,Nature,10.1038/s41556-026-01981-1,research-article,5,all,line/time-course|bar/group comparison|box/violin|heatmap|microscopy/other,PRIVATE_REFERENCE_ONLY/corpus/PMC13364714/figures/Fig5.jpg,"https://creativecommons.org/licenses/by/4.0/ Open Access This article is licensed under a Creative Commons Attribution 4.0 International License, which permits use, sharing, adaptation, distribution and reproduction in any medium or format, as long as you give appropriate credit to the original author(s) and the source, provide a link to the Creative Commons licence, and indicate if changes were made. The images or other third party material in this article are included in the article’s Creative Commons licence, unless indicated otherwise in a credit line to the material. If material is not included in the article’s Creative Commons licence and your intended use is not permitted by statutory regulation or exceeds the permitted use, you will need to obtain permission directly from the copyright holder. To view a copy of this licence, visit http://creativecommons.org/licenses/by/4.0/ .",yes,caption-based classification
PMC13364714,"Jha A, Chandra A, Farahani PE, Toettcher JE, Pasapera AM, Haugh JM, Waterman CM.",2026,Nature Cell Biology,Nature,10.1038/s41556-026-01981-1,research-article,6,all,line/time-course|bar/group comparison|box/violin|heatmap|microscopy/other,PRIVATE_REFERENCE_ONLY/corpus/PMC13364714/figures/Fig6.jpg,"https://creativecommons.org/licenses/by/4.0/ Open Access This article is licensed under a Creative Commons Attribution 4.0 International License, which permits use, sharing, adaptation, distribution and reproduction in any medium or format, as long as you give appropriate credit to the original author(s) and the source, provide a link to the Creative Commons licence, and indicate if changes were made. The images or other third party material in this article are included in the article’s Creative Commons licence, unless indicated otherwise in a credit line to the material. If material is not included in the article’s Creative Commons licence and your intended use is not permitted by statutory regulation or exceeds the permitted use, you will need to obtain permission directly from the copyright holder. To view a copy of this licence, visit http://creativecommons.org/licenses/by/4.0/ .",yes,caption-based classification
PMC13364714,"Jha A, Chandra A, Farahani PE, Toettcher JE, Pasapera AM, Haugh JM, Waterman CM.",2026,Nature Cell Biology,Nature,10.1038/s41556-026-01981-1,research-article,7,all,line/time-course|bar/group comparison|box/violin|microscopy/other,PRIVATE_REFERENCE_ONLY/corpus/PMC13364714/figures/Fig7.jpg,"https://creativecommons.org/licenses/by/4.0/ Open Access This article is licensed under a Creative Commons Attribution 4.0 International License, which permits use, sharing, adaptation, distribution and reproduction in any medium or format, as long as you give appropriate credit to the original author(s) and the source, provide a link to the Creative Commons licence, and indicate if changes were made. The images or other third party material in this article are included in the article’s Creative Commons licence, unless indicated otherwise in a credit line to the material. If material is not included in the article’s Creative Commons licence and your intended use is not permitted by statutory regulation or exceeds the permitted use, you will need to obtain permission directly from the copyright holder. To view a copy of this licence, visit http://creativecommons.org/licenses/by/4.0/ .",yes,caption-based classification
PMC13364725,"Diao S, Zou JY, Wang S, Chan JE, Kortlever RM, Poulain N, Ghaddar N, Kim H, Evan GI, Koumenis C, Hatzoglou M, Walter P, Sonenberg N, Le Quesne J, Tammela T, Koromilas AE.",2026,Nature Cell Biology,Nature,10.1038/s41556-026-01991-z,research-article,1,all,bar/group comparison|PCA/UMAP|heatmap|microscopy/other,PRIVATE_REFERENCE_ONLY/corpus/PMC13364725/figures/Fig1.jpg,"https://creativecommons.org/licenses/by-nc-nd/4.0/ Open Access This article is licensed under a Creative Commons Attribution-NonCommercial-NoDerivatives 4.0 International License, which permits any non-commercial use, sharing, distribution and reproduction in any medium or format, as long as you give appropriate credit to the original author(s) and the source, provide a link to the Creative Commons licence, and indicate if you modified the licensed material. You do not have permission under this licence to share adapted material derived from this article or parts of it. The images or other third party material in this article are included in the article’s Creative Commons licence, unless indicated otherwise in a credit line to the material. If material is not included in the article’s Creative Commons licence and your intended use is not permitted by statutory regulation or exceeds the permitted use, you will need to obtain permission directly from the copyright holder. To view a copy of this licence, visit http://creativecommons.org/licenses/by-nc-nd/4.0/ .",yes,caption-based classification
PMC13364725,"Diao S, Zou JY, Wang S, Chan JE, Kortlever RM, Poulain N, Ghaddar N, Kim H, Evan GI, Koumenis C, Hatzoglou M, Walter P, Sonenberg N, Le Quesne J, Tammela T, Koromilas AE.",2026,Nature Cell Biology,Nature,10.1038/s41556-026-01991-z,research-article,2,all,scatter/regression|line/time-course|bar/group comparison|box/violin|PCA/UMAP|forest/effect-size|dot/bubble,PRIVATE_REFERENCE_ONLY/corpus/PMC13364725/figures/Fig2.jpg,"https://creativecommons.org/licenses/by-nc-nd/4.0/ Open Access This article is licensed under a Creative Commons Attribution-NonCommercial-NoDerivatives 4.0 International License, which permits any non-commercial use, sharing, distribution and reproduction in any medium or format, as long as you give appropriate credit to the original author(s) and the source, provide a link to the Creative Commons licence, and indicate if you modified the licensed material. You do not have permission under this licence to share adapted material derived from this article or parts of it. The images or other third party material in this article are included in the article’s Creative Commons licence, unless indicated otherwise in a credit line to the material. If material is not included in the article’s Creative Commons licence and your intended use is not permitted by statutory regulation or exceeds the permitted use, you will need to obtain permission directly from the copyright holder. To view a copy of this licence, visit http://creativecommons.org/licenses/by-nc-nd/4.0/ .",yes,caption-based classification
PMC13364725,"Diao S, Zou JY, Wang S, Chan JE, Kortlever RM, Poulain N, Ghaddar N, Kim H, Evan GI, Koumenis C, Hatzoglou M, Walter P, Sonenberg N, Le Quesne J, Tammela T, Koromilas AE.",2026,Nature Cell Biology,Nature,10.1038/s41556-026-01991-z,research-article,3,all,bar/group comparison|PCA/UMAP|categorical/composition|microscopy/other,PRIVATE_REFERENCE_ONLY/corpus/PMC13364725/figures/Fig3.jpg,"https://creativecommons.org/licenses/by-nc-nd/4.0/ Open Access This article is licensed under a Creative Commons Attribution-NonCommercial-NoDerivatives 4.0 International License, which permits any non-commercial use, sharing, distribution and reproduction in any medium or format, as long as you give appropriate credit to the original author(s) and the source, provide a link to the Creative Commons licence, and indicate if you modified the licensed material. You do not have permission under this licence to share adapted material derived from this article or parts of it. The images or other third party material in this article are included in the article’s Creative Commons licence, unless indicated otherwise in a credit line to the material. If material is not included in the article’s Creative Commons licence and your intended use is not permitted by statutory regulation or exceeds the permitted use, you will need to obtain permission directly from the copyright holder. To view a copy of this licence, visit http://creativecommons.org/licenses/by-nc-nd/4.0/ .",yes,caption-based classification
PMC13364725,"Diao S, Zou JY, Wang S, Chan JE, Kortlever RM, Poulain N, Ghaddar N, Kim H, Evan GI, Koumenis C, Hatzoglou M, Walter P, Sonenberg N, Le Quesne J, Tammela T, Koromilas AE.",2026,Nature Cell Biology,Nature,10.1038/s41556-026-01991-z,research-article,4,all,bar/group comparison|box/violin|PCA/UMAP|heatmap|categorical/composition|microscopy/other,PRIVATE_REFERENCE_ONLY/corpus/PMC13364725/figures/Fig4.jpg,"https://creativecommons.org/licenses/by-nc-nd/4.0/ Open Access This article is licensed under a Creative Commons Attribution-NonCommercial-NoDerivatives 4.0 International License, which permits any non-commercial use, sharing, distribution and reproduction in any medium or format, as long as you give appropriate credit to the original author(s) and the source, provide a link to the Creative Commons licence, and indicate if you modified the licensed material. You do not have permission under this licence to share adapted material derived from this article or parts of it. The images or other third party material in this article are included in the article’s Creative Commons licence, unless indicated otherwise in a credit line to the material. If material is not included in the article’s Creative Commons licence and your intended use is not permitted by statutory regulation or exceeds the permitted use, you will need to obtain permission directly from the copyright holder. To view a copy of this licence, visit http://creativecommons.org/licenses/by-nc-nd/4.0/ .",yes,caption-based classification
PMC13364725,"Diao S, Zou JY, Wang S, Chan JE, Kortlever RM, Poulain N, Ghaddar N, Kim H, Evan GI, Koumenis C, Hatzoglou M, Walter P, Sonenberg N, Le Quesne J, Tammela T, Koromilas AE.",2026,Nature Cell Biology,Nature,10.1038/s41556-026-01991-z,research-article,5,all,bar/group comparison|volcano/MA|categorical/composition|microscopy/other,PRIVATE_REFERENCE_ONLY/corpus/PMC13364725/figures/Fig5.jpg,"https://creativecommons.org/licenses/by-nc-nd/4.0/ Open Access This article is licensed under a Creative Commons Attribution-NonCommercial-NoDerivatives 4.0 International License, which permits any non-commercial use, sharing, distribution and reproduction in any medium or format, as long as you give appropriate credit to the original author(s) and the source, provide a link to the Creative Commons licence, and indicate if you modified the licensed material. You do not have permission under this licence to share adapted material derived from this article or parts of it. The images or other third party material in this article are included in the article’s Creative Commons licence, unless indicated otherwise in a credit line to the material. If material is not included in the article’s Creative Commons licence and your intended use is not permitted by statutory regulation or exceeds the permitted use, you will need to obtain permission directly from the copyright holder. To view a copy of this licence, visit http://creativecommons.org/licenses/by-nc-nd/4.0/ .",yes,caption-based classification
PMC13364725,"Diao S, Zou JY, Wang S, Chan JE, Kortlever RM, Poulain N, Ghaddar N, Kim H, Evan GI, Koumenis C, Hatzoglou M, Walter P, Sonenberg N, Le Quesne J, Tammela T, Koromilas AE.",2026,Nature Cell Biology,Nature,10.1038/s41556-026-01991-z,research-article,6,all,bar/group comparison|PCA/UMAP|forest/effect-size|dot/bubble,PRIVATE_REFERENCE_ONLY/corpus/PMC13364725/figures/Fig6.jpg,"https://creativecommons.org/licenses/by-nc-nd/4.0/ Open Access This article is licensed under a Creative Commons Attribution-NonCommercial-NoDerivatives 4.0 International License, which permits any non-commercial use, sharing, distribution and reproduction in any medium or format, as long as you give appropriate credit to the original author(s) and the source, provide a link to the Creative Commons licence, and indicate if you modified the licensed material. You do not have permission under this licence to share adapted material derived from this article or parts of it. The images or other third party material in this article are included in the article’s Creative Commons licence, unless indicated otherwise in a credit line to the material. If material is not included in the article’s Creative Commons licence and your intended use is not permitted by statutory regulation or exceeds the permitted use, you will need to obtain permission directly from the copyright holder. To view a copy of this licence, visit http://creativecommons.org/licenses/by-nc-nd/4.0/ .",yes,caption-based classification
PMC13364725,"Diao S, Zou JY, Wang S, Chan JE, Kortlever RM, Poulain N, Ghaddar N, Kim H, Evan GI, Koumenis C, Hatzoglou M, Walter P, Sonenberg N, Le Quesne J, Tammela T, Koromilas AE.",2026,Nature Cell Biology,Nature,10.1038/s41556-026-01991-z,research-article,7,all,box/violin|PCA/UMAP|heatmap|survival|forest/effect-size|categorical/composition|microscopy/other,PRIVATE_REFERENCE_ONLY/corpus/PMC13364725/figures/Fig7.jpg,"https://creativecommons.org/licenses/by-nc-nd/4.0/ Open Access This article is licensed under a Creative Commons Attribution-NonCommercial-NoDerivatives 4.0 International License, which permits any non-commercial use, sharing, distribution and reproduction in any medium or format, as long as you give appropriate credit to the original author(s) and the source, provide a link to the Creative Commons licence, and indicate if you modified the licensed material. You do not have permission under this licence to share adapted material derived from this article or parts of it. The images or other third party material in this article are included in the article’s Creative Commons licence, unless indicated otherwise in a credit line to the material. If material is not included in the article’s Creative Commons licence and your intended use is not permitted by statutory regulation or exceeds the permitted use, you will need to obtain permission directly from the copyright holder. To view a copy of this licence, visit http://creativecommons.org/licenses/by-nc-nd/4.0/ .",yes,caption-based classification
PMC13457098,"Johnson KF, Dong X, Tsai YH, Wu A, Clark SG, Vallie A, Huang S, Childs CJ, Zwick RK, Glass I, Walton KD, Klein OD, Spence JR.",2026,Nature Cell Biology,Nature,10.1038/s41556-026-02027-2,research-article,1,all,bar/group comparison|PCA/UMAP|categorical/composition|microscopy/other,PRIVATE_REFERENCE_ONLY/corpus/PMC13457098/figures/Fig1.jpg,"https://creativecommons.org/licenses/by-nc-nd/4.0/ Open Access This article is licensed under a Creative Commons Attribution-NonCommercial-NoDerivatives 4.0 International License, which permits any non-commercial use, sharing, distribution and reproduction in any medium or format, as long as you give appropriate credit to the original author(s) and the source, provide a link to the Creative Commons licence, and indicate if you modified the licensed material. You do not have permission under this licence to share adapted material derived from this article or parts of it. The images or other third party material in this article are included in the article’s Creative Commons licence, unless indicated otherwise in a credit line to the material. If material is not included in the article’s Creative Commons licence and your intended use is not permitted by statutory regulation or exceeds the permitted use, you will need to obtain permission directly from the copyright holder. To view a copy of this licence, visit http://creativecommons.org/licenses/by-nc-nd/4.0/ .",yes,caption-based classification
PMC13457098,"Johnson KF, Dong X, Tsai YH, Wu A, Clark SG, Vallie A, Huang S, Childs CJ, Zwick RK, Glass I, Walton KD, Klein OD, Spence JR.",2026,Nature Cell Biology,Nature,10.1038/s41556-026-02027-2,research-article,2,all,bar/group comparison|PCA/UMAP|dot/bubble|categorical/composition,PRIVATE_REFERENCE_ONLY/corpus/PMC13457098/figures/Fig2.jpg,"https://creativecommons.org/licenses/by-nc-nd/4.0/ Open Access This article is licensed under a Creative Commons Attribution-NonCommercial-NoDerivatives 4.0 International License, which permits any non-commercial use, sharing, distribution and reproduction in any medium or format, as long as you give appropriate credit to the original author(s) and the source, provide a link to the Creative Commons licence, and indicate if you modified the licensed material. You do not have permission under this licence to share adapted material derived from this article or parts of it. The images or other third party material in this article are included in the article’s Creative Commons licence, unless indicated otherwise in a credit line to the material. If material is not included in the article’s Creative Commons licence and your intended use is not permitted by statutory regulation or exceeds the permitted use, you will need to obtain permission directly from the copyright holder. To view a copy of this licence, visit http://creativecommons.org/licenses/by-nc-nd/4.0/ .",yes,caption-based classification
PMC13457098,"Johnson KF, Dong X, Tsai YH, Wu A, Clark SG, Vallie A, Huang S, Childs CJ, Zwick RK, Glass I, Walton KD, Klein OD, Spence JR.",2026,Nature Cell Biology,Nature,10.1038/s41556-026-02027-2,research-article,3,all,bar/group comparison,PRIVATE_REFERENCE_ONLY/corpus/PMC13457098/figures/Fig3.jpg,"https://creativecommons.org/licenses/by-nc-nd/4.0/ Open Access This article is licensed under a Creative Commons Attribution-NonCommercial-NoDerivatives 4.0 International License, which permits any non-commercial use, sharing, distribution and reproduction in any medium or format, as long as you give appropriate credit to the original author(s) and the source, provide a link to the Creative Commons licence, and indicate if you modified the licensed material. You do not have permission under this licence to share adapted material derived from this article or parts of it. The images or other third party material in this article are included in the article’s Creative Commons licence, unless indicated otherwise in a credit line to the material. If material is not included in the article’s Creative Commons licence and your intended use is not permitted by statutory regulation or exceeds the permitted use, you will need to obtain permission directly from the copyright holder. To view a copy of this licence, visit http://creativecommons.org/licenses/by-nc-nd/4.0/ .",yes,caption-based classification
PMC13457098,"Johnson KF, Dong X, Tsai YH, Wu A, Clark SG, Vallie A, Huang S, Childs CJ, Zwick RK, Glass I, Walton KD, Klein OD, Spence JR.",2026,Nature Cell Biology,Nature,10.1038/s41556-026-02027-2,research-article,4,all,microscopy/other,PRIVATE_REFERENCE_ONLY/corpus/PMC13457098/figures/Fig4.jpg,"https://creativecommons.org/licenses/by-nc-nd/4.0/ Open Access This article is licensed under a Creative Commons Attribution-NonCommercial-NoDerivatives 4.0 International License, which permits any non-commercial use, sharing, distribution and reproduction in any medium or format, as long as you give appropriate credit to the original author(s) and the source, provide a link to the Creative Commons licence, and indicate if you modified the licensed material. You do not have permission under this licence to share adapted material derived from this article or parts of it. The images or other third party material in this article are included in the article’s Creative Commons licence, unless indicated otherwise in a credit line to the material. If material is not included in the article’s Creative Commons licence and your intended use is not permitted by statutory regulation or exceeds the permitted use, you will need to obtain permission directly from the copyright holder. To view a copy of this licence, visit http://creativecommons.org/licenses/by-nc-nd/4.0/ .",partial,no quantitative marker; caption-based classification
PMC13457098,"Johnson KF, Dong X, Tsai YH, Wu A, Clark SG, Vallie A, Huang S, Childs CJ, Zwick RK, Glass I, Walton KD, Klein OD, Spence JR.",2026,Nature Cell Biology,Nature,10.1038/s41556-026-02027-2,research-article,5,all,bar/group comparison|PCA/UMAP|categorical/composition|microscopy/other,PRIVATE_REFERENCE_ONLY/corpus/PMC13457098/figures/Fig5.jpg,"https://creativecommons.org/licenses/by-nc-nd/4.0/ Open Access This article is licensed under a Creative Commons Attribution-NonCommercial-NoDerivatives 4.0 International License, which permits any non-commercial use, sharing, distribution and reproduction in any medium or format, as long as you give appropriate credit to the original author(s) and the source, provide a link to the Creative Commons licence, and indicate if you modified the licensed material. You do not have permission under this licence to share adapted material derived from this article or parts of it. The images or other third party material in this article are included in the article’s Creative Commons licence, unless indicated otherwise in a credit line to the material. If material is not included in the article’s Creative Commons licence and your intended use is not permitted by statutory regulation or exceeds the permitted use, you will need to obtain permission directly from the copyright holder. To view a copy of this licence, visit http://creativecommons.org/licenses/by-nc-nd/4.0/ .",yes,caption-based classification
PMC13457098,"Johnson KF, Dong X, Tsai YH, Wu A, Clark SG, Vallie A, Huang S, Childs CJ, Zwick RK, Glass I, Walton KD, Klein OD, Spence JR.",2026,Nature Cell Biology,Nature,10.1038/s41556-026-02027-2,research-article,6,all,bar/group comparison|PCA/UMAP|dot/bubble|categorical/composition,PRIVATE_REFERENCE_ONLY/corpus/PMC13457098/figures/Fig6.jpg,"https://creativecommons.org/licenses/by-nc-nd/4.0/ Open Access This article is licensed under a Creative Commons Attribution-NonCommercial-NoDerivatives 4.0 International License, which permits any non-commercial use, sharing, distribution and reproduction in any medium or format, as long as you give appropriate credit to the original author(s) and the source, provide a link to the Creative Commons licence, and indicate if you modified the licensed material. You do not have permission under this licence to share adapted material derived from this article or parts of it. The images or other third party material in this article are included in the article’s Creative Commons licence, unless indicated otherwise in a credit line to the material. If material is not included in the article’s Creative Commons licence and your intended use is not permitted by statutory regulation or exceeds the permitted use, you will need to obtain permission directly from the copyright holder. To view a copy of this licence, visit http://creativecommons.org/licenses/by-nc-nd/4.0/ .",yes,caption-based classification
PMC13457098,"Johnson KF, Dong X, Tsai YH, Wu A, Clark SG, Vallie A, Huang S, Childs CJ, Zwick RK, Glass I, Walton KD, Klein OD, Spence JR.",2026,Nature Cell Biology,Nature,10.1038/s41556-026-02027-2,research-article,7,all,bar/group comparison|PCA/UMAP|categorical/composition|microscopy/other,PRIVATE_REFERENCE_ONLY/corpus/PMC13457098/figures/Fig7.jpg,"https://creativecommons.org/licenses/by-nc-nd/4.0/ Open Access This article is licensed under a Creative Commons Attribution-NonCommercial-NoDerivatives 4.0 International License, which permits any non-commercial use, sharing, distribution and reproduction in any medium or format, as long as you give appropriate credit to the original author(s) and the source, provide a link to the Creative Commons licence, and indicate if you modified the licensed material. You do not have permission under this licence to share adapted material derived from this article or parts of it. The images or other third party material in this article are included in the article’s Creative Commons licence, unless indicated otherwise in a credit line to the material. If material is not included in the article’s Creative Commons licence and your intended use is not permitted by statutory regulation or exceeds the permitted use, you will need to obtain permission directly from the copyright holder. To view a copy of this licence, visit http://creativecommons.org/licenses/by-nc-nd/4.0/ .",yes,caption-based classification
PMC13457098,"Johnson KF, Dong X, Tsai YH, Wu A, Clark SG, Vallie A, Huang S, Childs CJ, Zwick RK, Glass I, Walton KD, Klein OD, Spence JR.",2026,Nature Cell Biology,Nature,10.1038/s41556-026-02027-2,research-article,8,all,bar/group comparison|categorical/composition,PRIVATE_REFERENCE_ONLY/corpus/PMC13457098/figures/Fig8.jpg,"https://creativecommons.org/licenses/by-nc-nd/4.0/ Open Access This article is licensed under a Creative Commons Attribution-NonCommercial-NoDerivatives 4.0 International License, which permits any non-commercial use, sharing, distribution and reproduction in any medium or format, as long as you give appropriate credit to the original author(s) and the source, provide a link to the Creative Commons licence, and indicate if you modified the licensed material. You do not have permission under this licence to share adapted material derived from this article or parts of it. The images or other third party material in this article are included in the article’s Creative Commons licence, unless indicated otherwise in a credit line to the material. If material is not included in the article’s Creative Commons licence and your intended use is not permitted by statutory regulation or exceeds the permitted use, you will need to obtain permission directly from the copyright holder. To view a copy of this licence, visit http://creativecommons.org/licenses/by-nc-nd/4.0/ .",partial,caption-based classification
PMC13457102,"Liu RF, Huang M, Shen Y, Shao M, Jing J, Xu N, Tang L, Liu B, Shi J, Chen F, Hao ZZ, Jiang X, Liu S.",2026,Nature Cell Biology,Nature,10.1038/s41556-026-02009-4,research-article,1,all,PCA/UMAP|categorical/composition|microscopy/other,PRIVATE_REFERENCE_ONLY/corpus/PMC13457102/figures/Fig1.jpg,"https://creativecommons.org/licenses/by/4.0/ Open Access This article is licensed under a Creative Commons Attribution 4.0 International License, which permits use, sharing, adaptation, distribution and reproduction in any medium or format, as long as you give appropriate credit to the original author(s) and the source, provide a link to the Creative Commons licence, and indicate if changes were made. The images or other third party material in this article are included in the article’s Creative Commons licence, unless indicated otherwise in a credit line to the material. If material is not included in the article’s Creative Commons licence and your intended use is not permitted by statutory regulation or exceeds the permitted use, you will need to obtain permission directly from the copyright holder. To view a copy of this licence, visit http://creativecommons.org/licenses/by/4.0/ .",yes,caption-based classification
PMC13457102,"Liu RF, Huang M, Shen Y, Shao M, Jing J, Xu N, Tang L, Liu B, Shi J, Chen F, Hao ZZ, Jiang X, Liu S.",2026,Nature Cell Biology,Nature,10.1038/s41556-026-02009-4,research-article,2,all,line/time-course|bar/group comparison|box/violin|PCA/UMAP|categorical/composition,PRIVATE_REFERENCE_ONLY/corpus/PMC13457102/figures/Fig2.gif,"https://creativecommons.org/licenses/by/4.0/ Open Access This article is licensed under a Creative Commons Attribution 4.0 International License, which permits use, sharing, adaptation, distribution and reproduction in any medium or format, as long as you give appropriate credit to the original author(s) and the source, provide a link to the Creative Commons licence, and indicate if changes were made. The images or other third party material in this article are included in the article’s Creative Commons licence, unless indicated otherwise in a credit line to the material. If material is not included in the article’s Creative Commons licence and your intended use is not permitted by statutory regulation or exceeds the permitted use, you will need to obtain permission directly from the copyright holder. To view a copy of this licence, visit http://creativecommons.org/licenses/by/4.0/ .",no,thumbnail only (full-size image not served); caption-based classification
PMC13457102,"Liu RF, Huang M, Shen Y, Shao M, Jing J, Xu N, Tang L, Liu B, Shi J, Chen F, Hao ZZ, Jiang X, Liu S.",2026,Nature Cell Biology,Nature,10.1038/s41556-026-02009-4,research-article,3,all,box/violin|microscopy/other,PRIVATE_REFERENCE_ONLY/corpus/PMC13457102/figures/Fig3.jpg,"https://creativecommons.org/licenses/by/4.0/ Open Access This article is licensed under a Creative Commons Attribution 4.0 International License, which permits use, sharing, adaptation, distribution and reproduction in any medium or format, as long as you give appropriate credit to the original author(s) and the source, provide a link to the Creative Commons licence, and indicate if changes were made. The images or other third party material in this article are included in the article’s Creative Commons licence, unless indicated otherwise in a credit line to the material. If material is not included in the article’s Creative Commons licence and your intended use is not permitted by statutory regulation or exceeds the permitted use, you will need to obtain permission directly from the copyright holder. To view a copy of this licence, visit http://creativecommons.org/licenses/by/4.0/ .",yes,caption-based classification
PMC13457102,"Liu RF, Huang M, Shen Y, Shao M, Jing J, Xu N, Tang L, Liu B, Shi J, Chen F, Hao ZZ, Jiang X, Liu S.",2026,Nature Cell Biology,Nature,10.1038/s41556-026-02009-4,research-article,4,all,scatter/regression|line/time-course|bar/group comparison|box/violin,PRIVATE_REFERENCE_ONLY/corpus/PMC13457102/figures/Fig4.jpg,"https://creativecommons.org/licenses/by/4.0/ Open Access This article is licensed under a Creative Commons Attribution 4.0 International License, which permits use, sharing, adaptation, distribution and reproduction in any medium or format, as long as you give appropriate credit to the original author(s) and the source, provide a link to the Creative Commons licence, and indicate if changes were made. The images or other third party material in this article are included in the article’s Creative Commons licence, unless indicated otherwise in a credit line to the material. If material is not included in the article’s Creative Commons licence and your intended use is not permitted by statutory regulation or exceeds the permitted use, you will need to obtain permission directly from the copyright holder. To view a copy of this licence, visit http://creativecommons.org/licenses/by/4.0/ .",yes,caption-based classification
PMC13457102,"Liu RF, Huang M, Shen Y, Shao M, Jing J, Xu N, Tang L, Liu B, Shi J, Chen F, Hao ZZ, Jiang X, Liu S.",2026,Nature Cell Biology,Nature,10.1038/s41556-026-02009-4,research-article,5,all,box/violin,PRIVATE_REFERENCE_ONLY/corpus/PMC13457102/figures/Fig5.gif,"https://creativecommons.org/licenses/by/4.0/ Open Access This article is licensed under a Creative Commons Attribution 4.0 International License, which permits use, sharing, adaptation, distribution and reproduction in any medium or format, as long as you give appropriate credit to the original author(s) and the source, provide a link to the Creative Commons licence, and indicate if changes were made. The images or other third party material in this article are included in the article’s Creative Commons licence, unless indicated otherwise in a credit line to the material. If material is not included in the article’s Creative Commons licence and your intended use is not permitted by statutory regulation or exceeds the permitted use, you will need to obtain permission directly from the copyright holder. To view a copy of this licence, visit http://creativecommons.org/licenses/by/4.0/ .",no,thumbnail only (full-size image not served); caption-based classification
PMC13457102,"Liu RF, Huang M, Shen Y, Shao M, Jing J, Xu N, Tang L, Liu B, Shi J, Chen F, Hao ZZ, Jiang X, Liu S.",2026,Nature Cell Biology,Nature,10.1038/s41556-026-02009-4,research-article,6,all,bar/group comparison|box/violin|PCA/UMAP|categorical/composition|microscopy/other,PRIVATE_REFERENCE_ONLY/corpus/PMC13457102/figures/Fig6.gif,"https://creativecommons.org/licenses/by/4.0/ Open Access This article is licensed under a Creative Commons Attribution 4.0 International License, which permits use, sharing, adaptation, distribution and reproduction in any medium or format, as long as you give appropriate credit to the original author(s) and the source, provide a link to the Creative Commons licence, and indicate if changes were made. The images or other third party material in this article are included in the article’s Creative Commons licence, unless indicated otherwise in a credit line to the material. If material is not included in the article’s Creative Commons licence and your intended use is not permitted by statutory regulation or exceeds the permitted use, you will need to obtain permission directly from the copyright holder. To view a copy of this licence, visit http://creativecommons.org/licenses/by/4.0/ .",no,thumbnail only (full-size image not served); caption-based classification
PMC13457102,"Liu RF, Huang M, Shen Y, Shao M, Jing J, Xu N, Tang L, Liu B, Shi J, Chen F, Hao ZZ, Jiang X, Liu S.",2026,Nature Cell Biology,Nature,10.1038/s41556-026-02009-4,research-article,7,all,scatter/regression|forest/effect-size,PRIVATE_REFERENCE_ONLY/corpus/PMC13457102/figures/Fig7.jpg,"https://creativecommons.org/licenses/by/4.0/ Open Access This article is licensed under a Creative Commons Attribution 4.0 International License, which permits use, sharing, adaptation, distribution and reproduction in any medium or format, as long as you give appropriate credit to the original author(s) and the source, provide a link to the Creative Commons licence, and indicate if changes were made. The images or other third party material in this article are included in the article’s Creative Commons licence, unless indicated otherwise in a credit line to the material. If material is not included in the article’s Creative Commons licence and your intended use is not permitted by statutory regulation or exceeds the permitted use, you will need to obtain permission directly from the copyright holder. To view a copy of this licence, visit http://creativecommons.org/licenses/by/4.0/ .",yes,caption-based classification
PMC13457102,"Liu RF, Huang M, Shen Y, Shao M, Jing J, Xu N, Tang L, Liu B, Shi J, Chen F, Hao ZZ, Jiang X, Liu S.",2026,Nature Cell Biology,Nature,10.1038/s41556-026-02009-4,research-article,8,all,bar/group comparison|box/violin|PCA/UMAP|heatmap|forest/effect-size|microscopy/other,PRIVATE_REFERENCE_ONLY/corpus/PMC13457102/figures/Fig8.jpg,"https://creativecommons.org/licenses/by/4.0/ Open Access This article is licensed under a Creative Commons Attribution 4.0 International License, which permits use, sharing, adaptation, distribution and reproduction in any medium or format, as long as you give appropriate credit to the original author(s) and the source, provide a link to the Creative Commons licence, and indicate if changes were made. The images or other third party material in this article are included in the article’s Creative Commons licence, unless indicated otherwise in a credit line to the material. If material is not included in the article’s Creative Commons licence and your intended use is not permitted by statutory regulation or exceeds the permitted use, you will need to obtain permission directly from the copyright holder. To view a copy of this licence, visit http://creativecommons.org/licenses/by/4.0/ .",yes,caption-based classification
PMC13561862,"Peng Y, Xue L, Zhang Y, Feng S, Lu Y, Zhang H, Dong M, Wang C, Bao M, Alam W, Li Y, Ma W, Yu S, Zhang L, Yin J, He J, Koziol MJ.",2026,Nature Cell Biology,Nature,10.1038/s41556-026-02038-z,research-article,1,all,bar/group comparison|microscopy/other,PRIVATE_REFERENCE_ONLY/corpus/PMC13561862/figures/Fig1.webp,"https://creativecommons.org/licenses/by-nc-nd/4.0/ Open Access This article is licensed under a Creative Commons Attribution-NonCommercial-NoDerivatives 4.0 International License, which permits any non-commercial use, sharing, distribution and reproduction in any medium or format, as long as you give appropriate credit to the original author(s) and the source, provide a link to the Creative Commons licence, and indicate if you modified the licensed material. You do not have permission under this licence to share adapted material derived from this article or parts of it. The images or other third party material in this article are included in the article’s Creative Commons licence, unless indicated otherwise in a credit line to the material. If material is not included in the article’s Creative Commons licence and your intended use is not permitted by statutory regulation or exceeds the permitted use, you will need to obtain permission directly from the copyright holder. To view a copy of this licence, visit http://creativecommons.org/licenses/by-nc-nd/4.0/ .",yes,caption-based classification
PMC13561862,"Peng Y, Xue L, Zhang Y, Feng S, Lu Y, Zhang H, Dong M, Wang C, Bao M, Alam W, Li Y, Ma W, Yu S, Zhang L, Yin J, He J, Koziol MJ.",2026,Nature Cell Biology,Nature,10.1038/s41556-026-02038-z,research-article,2,all,bar/group comparison|categorical/composition|microscopy/other,PRIVATE_REFERENCE_ONLY/corpus/PMC13561862/figures/Fig2.webp,"https://creativecommons.org/licenses/by-nc-nd/4.0/ Open Access This article is licensed under a Creative Commons Attribution-NonCommercial-NoDerivatives 4.0 International License, which permits any non-commercial use, sharing, distribution and reproduction in any medium or format, as long as you give appropriate credit to the original author(s) and the source, provide a link to the Creative Commons licence, and indicate if you modified the licensed material. You do not have permission under this licence to share adapted material derived from this article or parts of it. The images or other third party material in this article are included in the article’s Creative Commons licence, unless indicated otherwise in a credit line to the material. If material is not included in the article’s Creative Commons licence and your intended use is not permitted by statutory regulation or exceeds the permitted use, you will need to obtain permission directly from the copyright holder. To view a copy of this licence, visit http://creativecommons.org/licenses/by-nc-nd/4.0/ .",yes,caption-based classification
PMC13561862,"Peng Y, Xue L, Zhang Y, Feng S, Lu Y, Zhang H, Dong M, Wang C, Bao M, Alam W, Li Y, Ma W, Yu S, Zhang L, Yin J, He J, Koziol MJ.",2026,Nature Cell Biology,Nature,10.1038/s41556-026-02038-z,research-article,3,all,bar/group comparison|box/violin|heatmap|microscopy/other,PRIVATE_REFERENCE_ONLY/corpus/PMC13561862/figures/Fig3.webp,"https://creativecommons.org/licenses/by-nc-nd/4.0/ Open Access This article is licensed under a Creative Commons Attribution-NonCommercial-NoDerivatives 4.0 International License, which permits any non-commercial use, sharing, distribution and reproduction in any medium or format, as long as you give appropriate credit to the original author(s) and the source, provide a link to the Creative Commons licence, and indicate if you modified the licensed material. You do not have permission under this licence to share adapted material derived from this article or parts of it. The images or other third party material in this article are included in the article’s Creative Commons licence, unless indicated otherwise in a credit line to the material. If material is not included in the article’s Creative Commons licence and your intended use is not permitted by statutory regulation or exceeds the permitted use, you will need to obtain permission directly from the copyright holder. To view a copy of this licence, visit http://creativecommons.org/licenses/by-nc-nd/4.0/ .",yes,caption-based classification
PMC13561862,"Peng Y, Xue L, Zhang Y, Feng S, Lu Y, Zhang H, Dong M, Wang C, Bao M, Alam W, Li Y, Ma W, Yu S, Zhang L, Yin J, He J, Koziol MJ.",2026,Nature Cell Biology,Nature,10.1038/s41556-026-02038-z,research-article,4,all,bar/group comparison|box/violin|heatmap,PRIVATE_REFERENCE_ONLY/corpus/PMC13561862/figures/Fig4.webp,"https://creativecommons.org/licenses/by-nc-nd/4.0/ Open Access This article is licensed under a Creative Commons Attribution-NonCommercial-NoDerivatives 4.0 International License, which permits any non-commercial use, sharing, distribution and reproduction in any medium or format, as long as you give appropriate credit to the original author(s) and the source, provide a link to the Creative Commons licence, and indicate if you modified the licensed material. You do not have permission under this licence to share adapted material derived from this article or parts of it. The images or other third party material in this article are included in the article’s Creative Commons licence, unless indicated otherwise in a credit line to the material. If material is not included in the article’s Creative Commons licence and your intended use is not permitted by statutory regulation or exceeds the permitted use, you will need to obtain permission directly from the copyright holder. To view a copy of this licence, visit http://creativecommons.org/licenses/by-nc-nd/4.0/ .",yes,caption-based classification
PMC13561862,"Peng Y, Xue L, Zhang Y, Feng S, Lu Y, Zhang H, Dong M, Wang C, Bao M, Alam W, Li Y, Ma W, Yu S, Zhang L, Yin J, He J, Koziol MJ.",2026,Nature Cell Biology,Nature,10.1038/s41556-026-02038-z,research-article,5,all,bar/group comparison|microscopy/other,PRIVATE_REFERENCE_ONLY/corpus/PMC13561862/figures/Fig5.webp,"https://creativecommons.org/licenses/by-nc-nd/4.0/ Open Access This article is licensed under a Creative Commons Attribution-NonCommercial-NoDerivatives 4.0 International License, which permits any non-commercial use, sharing, distribution and reproduction in any medium or format, as long as you give appropriate credit to the original author(s) and the source, provide a link to the Creative Commons licence, and indicate if you modified the licensed material. You do not have permission under this licence to share adapted material derived from this article or parts of it. The images or other third party material in this article are included in the article’s Creative Commons licence, unless indicated otherwise in a credit line to the material. If material is not included in the article’s Creative Commons licence and your intended use is not permitted by statutory regulation or exceeds the permitted use, you will need to obtain permission directly from the copyright holder. To view a copy of this licence, visit http://creativecommons.org/licenses/by-nc-nd/4.0/ .",yes,caption-based classification
PMC13561862,"Peng Y, Xue L, Zhang Y, Feng S, Lu Y, Zhang H, Dong M, Wang C, Bao M, Alam W, Li Y, Ma W, Yu S, Zhang L, Yin J, He J, Koziol MJ.",2026,Nature Cell Biology,Nature,10.1038/s41556-026-02038-z,research-article,6,all,bar/group comparison|microscopy/other,PRIVATE_REFERENCE_ONLY/corpus/PMC13561862/figures/Fig6.webp,"https://creativecommons.org/licenses/by-nc-nd/4.0/ Open Access This article is licensed under a Creative Commons Attribution-NonCommercial-NoDerivatives 4.0 International License, which permits any non-commercial use, sharing, distribution and reproduction in any medium or format, as long as you give appropriate credit to the original author(s) and the source, provide a link to the Creative Commons licence, and indicate if you modified the licensed material. You do not have permission under this licence to share adapted material derived from this article or parts of it. The images or other third party material in this article are included in the article’s Creative Commons licence, unless indicated otherwise in a credit line to the material. If material is not included in the article’s Creative Commons licence and your intended use is not permitted by statutory regulation or exceeds the permitted use, you will need to obtain permission directly from the copyright holder. To view a copy of this licence, visit http://creativecommons.org/licenses/by-nc-nd/4.0/ .",yes,caption-based classification
PMC13561862,"Peng Y, Xue L, Zhang Y, Feng S, Lu Y, Zhang H, Dong M, Wang C, Bao M, Alam W, Li Y, Ma W, Yu S, Zhang L, Yin J, He J, Koziol MJ.",2026,Nature Cell Biology,Nature,10.1038/s41556-026-02038-z,research-article,7,all,scatter/regression|box/violin|volcano/MA|heatmap|forest/effect-size|categorical/composition,PRIVATE_REFERENCE_ONLY/corpus/PMC13561862/figures/Fig7.webp,"https://creativecommons.org/licenses/by-nc-nd/4.0/ Open Access This article is licensed under a Creative Commons Attribution-NonCommercial-NoDerivatives 4.0 International License, which permits any non-commercial use, sharing, distribution and reproduction in any medium or format, as long as you give appropriate credit to the original author(s) and the source, provide a link to the Creative Commons licence, and indicate if you modified the licensed material. You do not have permission under this licence to share adapted material derived from this article or parts of it. The images or other third party material in this article are included in the article’s Creative Commons licence, unless indicated otherwise in a credit line to the material. If material is not included in the article’s Creative Commons licence and your intended use is not permitted by statutory regulation or exceeds the permitted use, you will need to obtain permission directly from the copyright holder. To view a copy of this licence, visit http://creativecommons.org/licenses/by-nc-nd/4.0/ .",yes,caption-based classification
PMC13561871,"Aygenli F, Huschet LA, Popp T, Ribeiro A, Barkhatova D, Jouffe C, Trozzo R, Menet JS, Rad R, Dyar KA, Lech M, Straub T, Michael AK, Robles MS.",2026,Nature Cell Biology,Nature,10.1038/s41556-026-02041-4,research-article,1,all,scatter/regression|line/time-course|volcano/MA|heatmap|microscopy/other,PRIVATE_REFERENCE_ONLY/corpus/PMC13561871/figures/Fig1.webp,"https://creativecommons.org/licenses/by/4.0/ Open Access This article is licensed under a Creative Commons Attribution 4.0 International License, which permits use, sharing, adaptation, distribution and reproduction in any medium or format, as long as you give appropriate credit to the original author(s) and the source, provide a link to the Creative Commons licence, and indicate if changes were made. The images or other third party material in this article are included in the article’s Creative Commons licence, unless indicated otherwise in a credit line to the material. If material is not included in the article’s Creative Commons licence and your intended use is not permitted by statutory regulation or exceeds the permitted use, you will need to obtain permission directly from the copyright holder. To view a copy of this licence, visit http://creativecommons.org/licenses/by/4.0/ .",yes,caption-based classification
PMC13561871,"Aygenli F, Huschet LA, Popp T, Ribeiro A, Barkhatova D, Jouffe C, Trozzo R, Menet JS, Rad R, Dyar KA, Lech M, Straub T, Michael AK, Robles MS.",2026,Nature Cell Biology,Nature,10.1038/s41556-026-02041-4,research-article,2,all,line/time-course|PCA/UMAP|heatmap|microscopy/other,PRIVATE_REFERENCE_ONLY/corpus/PMC13561871/figures/Fig2.webp,"https://creativecommons.org/licenses/by/4.0/ Open Access This article is licensed under a Creative Commons Attribution 4.0 International License, which permits use, sharing, adaptation, distribution and reproduction in any medium or format, as long as you give appropriate credit to the original author(s) and the source, provide a link to the Creative Commons licence, and indicate if changes were made. The images or other third party material in this article are included in the article’s Creative Commons licence, unless indicated otherwise in a credit line to the material. If material is not included in the article’s Creative Commons licence and your intended use is not permitted by statutory regulation or exceeds the permitted use, you will need to obtain permission directly from the copyright holder. To view a copy of this licence, visit http://creativecommons.org/licenses/by/4.0/ .",yes,caption-based classification
PMC13561871,"Aygenli F, Huschet LA, Popp T, Ribeiro A, Barkhatova D, Jouffe C, Trozzo R, Menet JS, Rad R, Dyar KA, Lech M, Straub T, Michael AK, Robles MS.",2026,Nature Cell Biology,Nature,10.1038/s41556-026-02041-4,research-article,3,all,scatter/regression|line/time-course|volcano/MA|microscopy/other,PRIVATE_REFERENCE_ONLY/corpus/PMC13561871/figures/Fig3.webp,"https://creativecommons.org/licenses/by/4.0/ Open Access This article is licensed under a Creative Commons Attribution 4.0 International License, which permits use, sharing, adaptation, distribution and reproduction in any medium or format, as long as you give appropriate credit to the original author(s) and the source, provide a link to the Creative Commons licence, and indicate if changes were made. The images or other third party material in this article are included in the article’s Creative Commons licence, unless indicated otherwise in a credit line to the material. If material is not included in the article’s Creative Commons licence and your intended use is not permitted by statutory regulation or exceeds the permitted use, you will need to obtain permission directly from the copyright holder. To view a copy of this licence, visit http://creativecommons.org/licenses/by/4.0/ .",yes,caption-based classification
PMC13561871,"Aygenli F, Huschet LA, Popp T, Ribeiro A, Barkhatova D, Jouffe C, Trozzo R, Menet JS, Rad R, Dyar KA, Lech M, Straub T, Michael AK, Robles MS.",2026,Nature Cell Biology,Nature,10.1038/s41556-026-02041-4,research-article,4,all,bar/group comparison|box/violin|dot/bubble|microscopy/other,PRIVATE_REFERENCE_ONLY/corpus/PMC13561871/figures/Fig4.webp,"https://creativecommons.org/licenses/by/4.0/ Open Access This article is licensed under a Creative Commons Attribution 4.0 International License, which permits use, sharing, adaptation, distribution and reproduction in any medium or format, as long as you give appropriate credit to the original author(s) and the source, provide a link to the Creative Commons licence, and indicate if changes were made. The images or other third party material in this article are included in the article’s Creative Commons licence, unless indicated otherwise in a credit line to the material. If material is not included in the article’s Creative Commons licence and your intended use is not permitted by statutory regulation or exceeds the permitted use, you will need to obtain permission directly from the copyright holder. To view a copy of this licence, visit http://creativecommons.org/licenses/by/4.0/ .",yes,caption-based classification
PMC13561871,"Aygenli F, Huschet LA, Popp T, Ribeiro A, Barkhatova D, Jouffe C, Trozzo R, Menet JS, Rad R, Dyar KA, Lech M, Straub T, Michael AK, Robles MS.",2026,Nature Cell Biology,Nature,10.1038/s41556-026-02041-4,research-article,5,all,scatter/regression|bar/group comparison|heatmap,PRIVATE_REFERENCE_ONLY/corpus/PMC13561871/figures/Fig5.webp,"https://creativecommons.org/licenses/by/4.0/ Open Access This article is licensed under a Creative Commons Attribution 4.0 International License, which permits use, sharing, adaptation, distribution and reproduction in any medium or format, as long as you give appropriate credit to the original author(s) and the source, provide a link to the Creative Commons licence, and indicate if changes were made. The images or other third party material in this article are included in the article’s Creative Commons licence, unless indicated otherwise in a credit line to the material. If material is not included in the article’s Creative Commons licence and your intended use is not permitted by statutory regulation or exceeds the permitted use, you will need to obtain permission directly from the copyright holder. To view a copy of this licence, visit http://creativecommons.org/licenses/by/4.0/ .",yes,caption-based classification
PMC12775072,"Furtwängler A, Rebay-Salisbury K, Neumann GU, Kanz F, Ringbauer H, Bianco RA, Schmidt T, Semerau L, Radzevičiūtė R, Barquera R, Rohland N, Stewardson K, Workman JN, Curtis E, Zalzala F, Callan K, Iliev L, Qiu L, Cheronet O, Wagner A, Bravo Morante G, Spannagel M, Teschler-Nicola M, Novotny F, Verdianu D, Pinhasi R, Reich D, Krause J, Stockhammer PW, Mittnik A.",2025,Nature Communications,Nature,10.1038/s41467-025-67906-y,research-article,1,all,microscopy/other,../make_my_plot/figure_library/nature/2025_Furtwngler_tracing_social_mechanisms_and_interregio/figures/fig01_Fig1.jpg,CC BY (raw: cc by),partial,"prior_harvest (make_my_plot/figure_library, scripts/harvest_library.py); no quantitative marker; caption-based classification"
PMC12775072,"Furtwängler A, Rebay-Salisbury K, Neumann GU, Kanz F, Ringbauer H, Bianco RA, Schmidt T, Semerau L, Radzevičiūtė R, Barquera R, Rohland N, Stewardson K, Workman JN, Curtis E, Zalzala F, Callan K, Iliev L, Qiu L, Cheronet O, Wagner A, Bravo Morante G, Spannagel M, Teschler-Nicola M, Novotny F, Verdianu D, Pinhasi R, Reich D, Krause J, Stockhammer PW, Mittnik A.",2025,Nature Communications,Nature,10.1038/s41467-025-67906-y,research-article,2,all,PCA/UMAP,../make_my_plot/figure_library/nature/2025_Furtwngler_tracing_social_mechanisms_and_interregio/figures/fig02_Fig2.jpg,CC BY (raw: cc by),yes,"prior_harvest (make_my_plot/figure_library, scripts/harvest_library.py); caption-based classification"
PMC12775072,"Furtwängler A, Rebay-Salisbury K, Neumann GU, Kanz F, Ringbauer H, Bianco RA, Schmidt T, Semerau L, Radzevičiūtė R, Barquera R, Rohland N, Stewardson K, Workman JN, Curtis E, Zalzala F, Callan K, Iliev L, Qiu L, Cheronet O, Wagner A, Bravo Morante G, Spannagel M, Teschler-Nicola M, Novotny F, Verdianu D, Pinhasi R, Reich D, Krause J, Stockhammer PW, Mittnik A.",2025,Nature Communications,Nature,10.1038/s41467-025-67906-y,research-article,3,all,microscopy/other,../make_my_plot/figure_library/nature/2025_Furtwngler_tracing_social_mechanisms_and_interregio/figures/fig03_Fig3.jpg,CC BY (raw: cc by),partial,"prior_harvest (make_my_plot/figure_library, scripts/harvest_library.py); no quantitative marker; caption-based classification"
PMC12775072,"Furtwängler A, Rebay-Salisbury K, Neumann GU, Kanz F, Ringbauer H, Bianco RA, Schmidt T, Semerau L, Radzevičiūtė R, Barquera R, Rohland N, Stewardson K, Workman JN, Curtis E, Zalzala F, Callan K, Iliev L, Qiu L, Cheronet O, Wagner A, Bravo Morante G, Spannagel M, Teschler-Nicola M, Novotny F, Verdianu D, Pinhasi R, Reich D, Krause J, Stockhammer PW, Mittnik A.",2025,Nature Communications,Nature,10.1038/s41467-025-67906-y,research-article,4,all,bar/group comparison|heatmap,../make_my_plot/figure_library/nature/2025_Furtwngler_tracing_social_mechanisms_and_interregio/figures/fig04_Fig4.jpg,CC BY (raw: cc by),yes,"prior_harvest (make_my_plot/figure_library, scripts/harvest_library.py); caption-based classification"
PMC12775072,"Furtwängler A, Rebay-Salisbury K, Neumann GU, Kanz F, Ringbauer H, Bianco RA, Schmidt T, Semerau L, Radzevičiūtė R, Barquera R, Rohland N, Stewardson K, Workman JN, Curtis E, Zalzala F, Callan K, Iliev L, Qiu L, Cheronet O, Wagner A, Bravo Morante G, Spannagel M, Teschler-Nicola M, Novotny F, Verdianu D, Pinhasi R, Reich D, Krause J, Stockhammer PW, Mittnik A.",2025,Nature Communications,Nature,10.1038/s41467-025-67906-y,research-article,5,all,microscopy/other,../make_my_plot/figure_library/nature/2025_Furtwngler_tracing_social_mechanisms_and_interregio/figures/fig05_Fig5.jpg,CC BY (raw: cc by),partial,"prior_harvest (make_my_plot/figure_library, scripts/harvest_library.py); no quantitative marker; caption-based classification"
PMC12775072,"Furtwängler A, Rebay-Salisbury K, Neumann GU, Kanz F, Ringbauer H, Bianco RA, Schmidt T, Semerau L, Radzevičiūtė R, Barquera R, Rohland N, Stewardson K, Workman JN, Curtis E, Zalzala F, Callan K, Iliev L, Qiu L, Cheronet O, Wagner A, Bravo Morante G, Spannagel M, Teschler-Nicola M, Novotny F, Verdianu D, Pinhasi R, Reich D, Krause J, Stockhammer PW, Mittnik A.",2025,Nature Communications,Nature,10.1038/s41467-025-67906-y,research-article,6,all,microscopy/other,../make_my_plot/figure_library/nature/2025_Furtwngler_tracing_social_mechanisms_and_interregio/figures/fig06_Fig6.jpg,CC BY (raw: cc by),partial,"prior_harvest (make_my_plot/figure_library, scripts/harvest_library.py); caption-based classification"
PMC12858907,"Ruan Z, Tan J, Feng Q, Yang K, Li D, Chao Y, Wang P, Ni Z, Chen J, Qiu R.",2025,Nature Communications,Nature,10.1038/s41467-025-67953-5,research-article,1,all,line/time-course|bar/group comparison|heatmap|microscopy/other,../make_my_plot/figure_library/nature/2025_Ruan_potentiators_empower_synthetic_microbiom/figures/fig01_Fig1.jpg,CC BY (raw: cc by),yes,"prior_harvest (make_my_plot/figure_library, scripts/harvest_library.py); caption-based classification"
PMC12858907,"Ruan Z, Tan J, Feng Q, Yang K, Li D, Chao Y, Wang P, Ni Z, Chen J, Qiu R.",2025,Nature Communications,Nature,10.1038/s41467-025-67953-5,research-article,2,all,scatter/regression|bar/group comparison|categorical/composition,../make_my_plot/figure_library/nature/2025_Ruan_potentiators_empower_synthetic_microbiom/figures/fig02_Fig2.jpg,CC BY (raw: cc by),yes,"prior_harvest (make_my_plot/figure_library, scripts/harvest_library.py); caption-based classification"
PMC12858907,"Ruan Z, Tan J, Feng Q, Yang K, Li D, Chao Y, Wang P, Ni Z, Chen J, Qiu R.",2025,Nature Communications,Nature,10.1038/s41467-025-67953-5,research-article,3,all,bar/group comparison|microscopy/other,../make_my_plot/figure_library/nature/2025_Ruan_potentiators_empower_synthetic_microbiom/figures/fig03_Fig3.jpg,CC BY (raw: cc by),yes,"prior_harvest (make_my_plot/figure_library, scripts/harvest_library.py); caption-based classification"
PMC12858907,"Ruan Z, Tan J, Feng Q, Yang K, Li D, Chao Y, Wang P, Ni Z, Chen J, Qiu R.",2025,Nature Communications,Nature,10.1038/s41467-025-67953-5,research-article,4,all,bar/group comparison|PCA/UMAP|microscopy/other,../make_my_plot/figure_library/nature/2025_Ruan_potentiators_empower_synthetic_microbiom/figures/fig04_Fig4.jpg,CC BY (raw: cc by),yes,"prior_harvest (make_my_plot/figure_library, scripts/harvest_library.py); caption-based classification"
PMC12858907,"Ruan Z, Tan J, Feng Q, Yang K, Li D, Chao Y, Wang P, Ni Z, Chen J, Qiu R.",2025,Nature Communications,Nature,10.1038/s41467-025-67953-5,research-article,5,all,microscopy/other,../make_my_plot/figure_library/nature/2025_Ruan_potentiators_empower_synthetic_microbiom/figures/fig05_Fig5.jpg,CC BY (raw: cc by),partial,"prior_harvest (make_my_plot/figure_library, scripts/harvest_library.py); caption-based classification"
PMC12858907,"Ruan Z, Tan J, Feng Q, Yang K, Li D, Chao Y, Wang P, Ni Z, Chen J, Qiu R.",2025,Nature Communications,Nature,10.1038/s41467-025-67953-5,research-article,6,all,line/time-course|bar/group comparison,../make_my_plot/figure_library/nature/2025_Ruan_potentiators_empower_synthetic_microbiom/figures/fig06_Fig6.jpg,CC BY (raw: cc by),yes,"prior_harvest (make_my_plot/figure_library, scripts/harvest_library.py); caption-based classification"
PMC12872613,"Li Y, Li Z, Li Q, Sun D, Ni B, Tan M, Shay AE, Wang M, Meng C, Shen G, Fu B, Shan Y, Zhang S, Tanshee RR, Zhou T, Xie Y, Chen KM, Qiao B, Dang Y, Kimball SR, Zhang G, Rajacharya GH, Singh PK, Wang X, Hao J, Yang S.",2025,Nature Communications,Nature,10.1038/s41467-025-68099-0,research-article,1,all,line/time-course|bar/group comparison|categorical/composition|microscopy/other,../make_my_plot/figure_library/nature/2025_Li_adaptation_to_cystine_limitation_stress_/figures/fig01_Fig1.jpg,CC BY (raw: cc by),yes,"prior_harvest (make_my_plot/figure_library, scripts/harvest_library.py); caption-based classification"
PMC12872613,"Li Y, Li Z, Li Q, Sun D, Ni B, Tan M, Shay AE, Wang M, Meng C, Shen G, Fu B, Shan Y, Zhang S, Tanshee RR, Zhou T, Xie Y, Chen KM, Qiao B, Dang Y, Kimball SR, Zhang G, Rajacharya GH, Singh PK, Wang X, Hao J, Yang S.",2025,Nature Communications,Nature,10.1038/s41467-025-68099-0,research-article,2,all,bar/group comparison|microscopy/other,../make_my_plot/figure_library/nature/2025_Li_adaptation_to_cystine_limitation_stress_/figures/fig02_Fig2.jpg,CC BY (raw: cc by),yes,"prior_harvest (make_my_plot/figure_library, scripts/harvest_library.py); caption-based classification"
PMC12872613,"Li Y, Li Z, Li Q, Sun D, Ni B, Tan M, Shay AE, Wang M, Meng C, Shen G, Fu B, Shan Y, Zhang S, Tanshee RR, Zhou T, Xie Y, Chen KM, Qiao B, Dang Y, Kimball SR, Zhang G, Rajacharya GH, Singh PK, Wang X, Hao J, Yang S.",2025,Nature Communications,Nature,10.1038/s41467-025-68099-0,research-article,3,all,bar/group comparison|heatmap,../make_my_plot/figure_library/nature/2025_Li_adaptation_to_cystine_limitation_stress_/figures/fig03_Fig3.jpg,CC BY (raw: cc by),yes,"prior_harvest (make_my_plot/figure_library, scripts/harvest_library.py); caption-based classification"
PMC12872613,"Li Y, Li Z, Li Q, Sun D, Ni B, Tan M, Shay AE, Wang M, Meng C, Shen G, Fu B, Shan Y, Zhang S, Tanshee RR, Zhou T, Xie Y, Chen KM, Qiao B, Dang Y, Kimball SR, Zhang G, Rajacharya GH, Singh PK, Wang X, Hao J, Yang S.",2025,Nature Communications,Nature,10.1038/s41467-025-68099-0,research-article,4,all,bar/group comparison|categorical/composition|microscopy/other,../make_my_plot/figure_library/nature/2025_Li_adaptation_to_cystine_limitation_stress_/figures/fig04_Fig4.jpg,CC BY (raw: cc by),yes,"prior_harvest (make_my_plot/figure_library, scripts/harvest_library.py); caption-based classification"
PMC12872613,"Li Y, Li Z, Li Q, Sun D, Ni B, Tan M, Shay AE, Wang M, Meng C, Shen G, Fu B, Shan Y, Zhang S, Tanshee RR, Zhou T, Xie Y, Chen KM, Qiao B, Dang Y, Kimball SR, Zhang G, Rajacharya GH, Singh PK, Wang X, Hao J, Yang S.",2025,Nature Communications,Nature,10.1038/s41467-025-68099-0,research-article,5,all,line/time-course|bar/group comparison|volcano/MA|microscopy/other,../make_my_plot/figure_library/nature/2025_Li_adaptation_to_cystine_limitation_stress_/figures/fig05_Fig5.jpg,CC BY (raw: cc by),yes,"prior_harvest (make_my_plot/figure_library, scripts/harvest_library.py); caption-based classification"
PMC12872613,"Li Y, Li Z, Li Q, Sun D, Ni B, Tan M, Shay AE, Wang M, Meng C, Shen G, Fu B, Shan Y, Zhang S, Tanshee RR, Zhou T, Xie Y, Chen KM, Qiao B, Dang Y, Kimball SR, Zhang G, Rajacharya GH, Singh PK, Wang X, Hao J, Yang S.",2025,Nature Communications,Nature,10.1038/s41467-025-68099-0,research-article,6,all,bar/group comparison|volcano/MA|heatmap|microscopy/other,../make_my_plot/figure_library/nature/2025_Li_adaptation_to_cystine_limitation_stress_/figures/fig06_Fig6.jpg,CC BY (raw: cc by),yes,"prior_harvest (make_my_plot/figure_library, scripts/harvest_library.py); caption-based classification"
PMC12872613,"Li Y, Li Z, Li Q, Sun D, Ni B, Tan M, Shay AE, Wang M, Meng C, Shen G, Fu B, Shan Y, Zhang S, Tanshee RR, Zhou T, Xie Y, Chen KM, Qiao B, Dang Y, Kimball SR, Zhang G, Rajacharya GH, Singh PK, Wang X, Hao J, Yang S.",2025,Nature Communications,Nature,10.1038/s41467-025-68099-0,research-article,7,all,bar/group comparison|volcano/MA|heatmap|survival|microscopy/other,../make_my_plot/figure_library/nature/2025_Li_adaptation_to_cystine_limitation_stress_/figures/fig07_Fig7.jpg,CC BY (raw: cc by),yes,"prior_harvest (make_my_plot/figure_library, scripts/harvest_library.py); caption-based classification"
PMC13554239,"Bump P, Brewster C, Formery L, Lubeck L, Campbell C, Morri M, Sit R, Rokhsar DS, Benham-Pyle B, Alvarado AS, Lowe CJ.",2026,Nature Communications,Nature,10.1038/s41467-026-77191-y,research-article,1,all,categorical/composition|microscopy/other,PRIVATE_REFERENCE_ONLY/corpus/PMC13554239/figures/Fig1.webp,"https://creativecommons.org/licenses/by/4.0/ Open Access This article is licensed under a Creative Commons Attribution 4.0 International License, which permits use, sharing, adaptation, distribution and reproduction in any medium or format, as long as you give appropriate credit to the original author(s) and the source, provide a link to the Creative Commons licence, and indicate if changes were made. The images or other third party material in this article are included in the article's Creative Commons licence, unless indicated otherwise in a credit line to the material. If material is not included in the article's Creative Commons licence and your intended use is not permitted by statutory regulation or exceeds the permitted use, you will need to obtain permission directly from the copyright holder. To view a copy of this licence, visit http://creativecommons.org/licenses/by/4.0/ .",partial,caption-based classification
PMC13554239,"Bump P, Brewster C, Formery L, Lubeck L, Campbell C, Morri M, Sit R, Rokhsar DS, Benham-Pyle B, Alvarado AS, Lowe CJ.",2026,Nature Communications,Nature,10.1038/s41467-026-77191-y,research-article,2,all,PCA/UMAP|categorical/composition,PRIVATE_REFERENCE_ONLY/corpus/PMC13554239/figures/Fig2.webp,"https://creativecommons.org/licenses/by/4.0/ Open Access This article is licensed under a Creative Commons Attribution 4.0 International License, which permits use, sharing, adaptation, distribution and reproduction in any medium or format, as long as you give appropriate credit to the original author(s) and the source, provide a link to the Creative Commons licence, and indicate if changes were made. The images or other third party material in this article are included in the article's Creative Commons licence, unless indicated otherwise in a credit line to the material. If material is not included in the article's Creative Commons licence and your intended use is not permitted by statutory regulation or exceeds the permitted use, you will need to obtain permission directly from the copyright holder. To view a copy of this licence, visit http://creativecommons.org/licenses/by/4.0/ .",yes,caption-based classification
PMC13554239,"Bump P, Brewster C, Formery L, Lubeck L, Campbell C, Morri M, Sit R, Rokhsar DS, Benham-Pyle B, Alvarado AS, Lowe CJ.",2026,Nature Communications,Nature,10.1038/s41467-026-77191-y,research-article,3,all,bar/group comparison|PCA/UMAP|categorical/composition,PRIVATE_REFERENCE_ONLY/corpus/PMC13554239/figures/Fig3.webp,"https://creativecommons.org/licenses/by/4.0/ Open Access This article is licensed under a Creative Commons Attribution 4.0 International License, which permits use, sharing, adaptation, distribution and reproduction in any medium or format, as long as you give appropriate credit to the original author(s) and the source, provide a link to the Creative Commons licence, and indicate if changes were made. The images or other third party material in this article are included in the article's Creative Commons licence, unless indicated otherwise in a credit line to the material. If material is not included in the article's Creative Commons licence and your intended use is not permitted by statutory regulation or exceeds the permitted use, you will need to obtain permission directly from the copyright holder. To view a copy of this licence, visit http://creativecommons.org/licenses/by/4.0/ .",yes,caption-based classification
PMC13554239,"Bump P, Brewster C, Formery L, Lubeck L, Campbell C, Morri M, Sit R, Rokhsar DS, Benham-Pyle B, Alvarado AS, Lowe CJ.",2026,Nature Communications,Nature,10.1038/s41467-026-77191-y,research-article,4,all,bar/group comparison|box/violin|heatmap|categorical/composition|microscopy/other,PRIVATE_REFERENCE_ONLY/corpus/PMC13554239/figures/Fig4.webp,"https://creativecommons.org/licenses/by/4.0/ Open Access This article is licensed under a Creative Commons Attribution 4.0 International License, which permits use, sharing, adaptation, distribution and reproduction in any medium or format, as long as you give appropriate credit to the original author(s) and the source, provide a link to the Creative Commons licence, and indicate if changes were made. The images or other third party material in this article are included in the article's Creative Commons licence, unless indicated otherwise in a credit line to the material. If material is not included in the article's Creative Commons licence and your intended use is not permitted by statutory regulation or exceeds the permitted use, you will need to obtain permission directly from the copyright holder. To view a copy of this licence, visit http://creativecommons.org/licenses/by/4.0/ .",yes,caption-based classification
PMC13554239,"Bump P, Brewster C, Formery L, Lubeck L, Campbell C, Morri M, Sit R, Rokhsar DS, Benham-Pyle B, Alvarado AS, Lowe CJ.",2026,Nature Communications,Nature,10.1038/s41467-026-77191-y,research-article,5,all,dot/bubble|categorical/composition,PRIVATE_REFERENCE_ONLY/corpus/PMC13554239/figures/Fig5.webp,"https://creativecommons.org/licenses/by/4.0/ Open Access This article is licensed under a Creative Commons Attribution 4.0 International License, which permits use, sharing, adaptation, distribution and reproduction in any medium or format, as long as you give appropriate credit to the original author(s) and the source, provide a link to the Creative Commons licence, and indicate if changes were made. The images or other third party material in this article are included in the article's Creative Commons licence, unless indicated otherwise in a credit line to the material. If material is not included in the article's Creative Commons licence and your intended use is not permitted by statutory regulation or exceeds the permitted use, you will need to obtain permission directly from the copyright holder. To view a copy of this licence, visit http://creativecommons.org/licenses/by/4.0/ .",yes,caption-based classification
PMC13554239,"Bump P, Brewster C, Formery L, Lubeck L, Campbell C, Morri M, Sit R, Rokhsar DS, Benham-Pyle B, Alvarado AS, Lowe CJ.",2026,Nature Communications,Nature,10.1038/s41467-026-77191-y,research-article,6,all,bar/group comparison|PCA/UMAP|volcano/MA,PRIVATE_REFERENCE_ONLY/corpus/PMC13554239/figures/Fig6.webp,"https://creativecommons.org/licenses/by/4.0/ Open Access This article is licensed under a Creative Commons Attribution 4.0 International License, which permits use, sharing, adaptation, distribution and reproduction in any medium or format, as long as you give appropriate credit to the original author(s) and the source, provide a link to the Creative Commons licence, and indicate if changes were made. The images or other third party material in this article are included in the article's Creative Commons licence, unless indicated otherwise in a credit line to the material. If material is not included in the article's Creative Commons licence and your intended use is not permitted by statutory regulation or exceeds the permitted use, you will need to obtain permission directly from the copyright holder. To view a copy of this licence, visit http://creativecommons.org/licenses/by/4.0/ .",yes,caption-based classification
PMC13558581,"Kiriy D, Favero F, Gerhäuser C, Heilmann J, Lutsik P, Gonzalez FGR, Locallo A, Jespersen JS, Gruber AJ, Olsen AV, Hernando B, Cheng KC, Pellegrina D, Macintyre G, Bova GS, Brewer DS, Bristow RG, Brook MN, Brors B, Butler A, Cancel-Tassin G, Corcoran NM, Cussenot O, Eeles RA, Gihawi A, Girma EG, Gnanapragasam VJ, Hamid A, Hayes VM, He HH, Hovens CM, Imada EL, Jakobsdottir GM, Jung CH, Khani F, Kote-Jarai Z, Lamy PP, Leeman G, Loda M, Marchionni L, Molania R, Papenfuss AT, Pope B, Queiroz LR, Rausch T, Robinson B, Sahli A, Sørensen KD, Uhrig S, Wedge DC, Xu Y, Yamaguchi TN, Zanettini C, Pan Prostate Cancer Group (PPCG), Cooper CS, Schlomm T, Reimand J, Weischenfeldt J.",2026,Nature Communications,Nature,10.1038/s41467-026-72182-5,research-article,1,all,scatter/regression|box/violin|forest/effect-size|categorical/composition|microscopy/other,PRIVATE_REFERENCE_ONLY/corpus/PMC13558581/figures/Fig1.webp,"https://creativecommons.org/licenses/by-nc-nd/4.0/ Open Access This article is licensed under a Creative Commons Attribution-NonCommercial-NoDerivatives 4.0 International License, which permits any non-commercial use, sharing, distribution and reproduction in any medium or format, as long as you give appropriate credit to the original author(s) and the source, provide a link to the Creative Commons licence, and indicate if you modified the licensed material. You do not have permission under this licence to share adapted material derived from this article or parts of it. The images or other third party material in this article are included in the article's Creative Commons licence, unless indicated otherwise in a credit line to the material. If material is not included in the article's Creative Commons licence and your intended use is not permitted by statutory regulation or exceeds the permitted use, you will need to obtain permission directly from the copyright holder. To view a copy of this licence, visit http://creativecommons.org/licenses/by-nc-nd/4.0/ .",yes,caption-based classification
PMC13558581,"Kiriy D, Favero F, Gerhäuser C, Heilmann J, Lutsik P, Gonzalez FGR, Locallo A, Jespersen JS, Gruber AJ, Olsen AV, Hernando B, Cheng KC, Pellegrina D, Macintyre G, Bova GS, Brewer DS, Bristow RG, Brook MN, Brors B, Butler A, Cancel-Tassin G, Corcoran NM, Cussenot O, Eeles RA, Gihawi A, Girma EG, Gnanapragasam VJ, Hamid A, Hayes VM, He HH, Hovens CM, Imada EL, Jakobsdottir GM, Jung CH, Khani F, Kote-Jarai Z, Lamy PP, Leeman G, Loda M, Marchionni L, Molania R, Papenfuss AT, Pope B, Queiroz LR, Rausch T, Robinson B, Sahli A, Sørensen KD, Uhrig S, Wedge DC, Xu Y, Yamaguchi TN, Zanettini C, Pan Prostate Cancer Group (PPCG), Cooper CS, Schlomm T, Reimand J, Weischenfeldt J.",2026,Nature Communications,Nature,10.1038/s41467-026-72182-5,research-article,2,all,scatter/regression|microscopy/other,PRIVATE_REFERENCE_ONLY/corpus/PMC13558581/figures/Fig2.webp,"https://creativecommons.org/licenses/by-nc-nd/4.0/ Open Access This article is licensed under a Creative Commons Attribution-NonCommercial-NoDerivatives 4.0 International License, which permits any non-commercial use, sharing, distribution and reproduction in any medium or format, as long as you give appropriate credit to the original author(s) and the source, provide a link to the Creative Commons licence, and indicate if you modified the licensed material. You do not have permission under this licence to share adapted material derived from this article or parts of it. The images or other third party material in this article are included in the article's Creative Commons licence, unless indicated otherwise in a credit line to the material. If material is not included in the article's Creative Commons licence and your intended use is not permitted by statutory regulation or exceeds the permitted use, you will need to obtain permission directly from the copyright holder. To view a copy of this licence, visit http://creativecommons.org/licenses/by-nc-nd/4.0/ .",yes,caption-based classification
PMC13558581,"Kiriy D, Favero F, Gerhäuser C, Heilmann J, Lutsik P, Gonzalez FGR, Locallo A, Jespersen JS, Gruber AJ, Olsen AV, Hernando B, Cheng KC, Pellegrina D, Macintyre G, Bova GS, Brewer DS, Bristow RG, Brook MN, Brors B, Butler A, Cancel-Tassin G, Corcoran NM, Cussenot O, Eeles RA, Gihawi A, Girma EG, Gnanapragasam VJ, Hamid A, Hayes VM, He HH, Hovens CM, Imada EL, Jakobsdottir GM, Jung CH, Khani F, Kote-Jarai Z, Lamy PP, Leeman G, Loda M, Marchionni L, Molania R, Papenfuss AT, Pope B, Queiroz LR, Rausch T, Robinson B, Sahli A, Sørensen KD, Uhrig S, Wedge DC, Xu Y, Yamaguchi TN, Zanettini C, Pan Prostate Cancer Group (PPCG), Cooper CS, Schlomm T, Reimand J, Weischenfeldt J.",2026,Nature Communications,Nature,10.1038/s41467-026-72182-5,research-article,3,all,scatter/regression|bar/group comparison|box/violin|heatmap|dot/bubble|categorical/composition|microscopy/other,PRIVATE_REFERENCE_ONLY/corpus/PMC13558581/figures/Fig3.webp,"https://creativecommons.org/licenses/by-nc-nd/4.0/ Open Access This article is licensed under a Creative Commons Attribution-NonCommercial-NoDerivatives 4.0 International License, which permits any non-commercial use, sharing, distribution and reproduction in any medium or format, as long as you give appropriate credit to the original author(s) and the source, provide a link to the Creative Commons licence, and indicate if you modified the licensed material. You do not have permission under this licence to share adapted material derived from this article or parts of it. The images or other third party material in this article are included in the article's Creative Commons licence, unless indicated otherwise in a credit line to the material. If material is not included in the article's Creative Commons licence and your intended use is not permitted by statutory regulation or exceeds the permitted use, you will need to obtain permission directly from the copyright holder. To view a copy of this licence, visit http://creativecommons.org/licenses/by-nc-nd/4.0/ .",yes,caption-based classification
PMC13558581,"Kiriy D, Favero F, Gerhäuser C, Heilmann J, Lutsik P, Gonzalez FGR, Locallo A, Jespersen JS, Gruber AJ, Olsen AV, Hernando B, Cheng KC, Pellegrina D, Macintyre G, Bova GS, Brewer DS, Bristow RG, Brook MN, Brors B, Butler A, Cancel-Tassin G, Corcoran NM, Cussenot O, Eeles RA, Gihawi A, Girma EG, Gnanapragasam VJ, Hamid A, Hayes VM, He HH, Hovens CM, Imada EL, Jakobsdottir GM, Jung CH, Khani F, Kote-Jarai Z, Lamy PP, Leeman G, Loda M, Marchionni L, Molania R, Papenfuss AT, Pope B, Queiroz LR, Rausch T, Robinson B, Sahli A, Sørensen KD, Uhrig S, Wedge DC, Xu Y, Yamaguchi TN, Zanettini C, Pan Prostate Cancer Group (PPCG), Cooper CS, Schlomm T, Reimand J, Weischenfeldt J.",2026,Nature Communications,Nature,10.1038/s41467-026-72182-5,research-article,4,all,line/time-course|bar/group comparison|box/violin|survival|forest/effect-size|categorical/composition,PRIVATE_REFERENCE_ONLY/corpus/PMC13558581/figures/Fig4.webp,"https://creativecommons.org/licenses/by-nc-nd/4.0/ Open Access This article is licensed under a Creative Commons Attribution-NonCommercial-NoDerivatives 4.0 International License, which permits any non-commercial use, sharing, distribution and reproduction in any medium or format, as long as you give appropriate credit to the original author(s) and the source, provide a link to the Creative Commons licence, and indicate if you modified the licensed material. You do not have permission under this licence to share adapted material derived from this article or parts of it. The images or other third party material in this article are included in the article's Creative Commons licence, unless indicated otherwise in a credit line to the material. If material is not included in the article's Creative Commons licence and your intended use is not permitted by statutory regulation or exceeds the permitted use, you will need to obtain permission directly from the copyright holder. To view a copy of this licence, visit http://creativecommons.org/licenses/by-nc-nd/4.0/ .",yes,caption-based classification
PMC13558581,"Kiriy D, Favero F, Gerhäuser C, Heilmann J, Lutsik P, Gonzalez FGR, Locallo A, Jespersen JS, Gruber AJ, Olsen AV, Hernando B, Cheng KC, Pellegrina D, Macintyre G, Bova GS, Brewer DS, Bristow RG, Brook MN, Brors B, Butler A, Cancel-Tassin G, Corcoran NM, Cussenot O, Eeles RA, Gihawi A, Girma EG, Gnanapragasam VJ, Hamid A, Hayes VM, He HH, Hovens CM, Imada EL, Jakobsdottir GM, Jung CH, Khani F, Kote-Jarai Z, Lamy PP, Leeman G, Loda M, Marchionni L, Molania R, Papenfuss AT, Pope B, Queiroz LR, Rausch T, Robinson B, Sahli A, Sørensen KD, Uhrig S, Wedge DC, Xu Y, Yamaguchi TN, Zanettini C, Pan Prostate Cancer Group (PPCG), Cooper CS, Schlomm T, Reimand J, Weischenfeldt J.",2026,Nature Communications,Nature,10.1038/s41467-026-72182-5,research-article,5,all,bar/group comparison|box/violin|categorical/composition|microscopy/other,PRIVATE_REFERENCE_ONLY/corpus/PMC13558581/figures/Fig5.webp,"https://creativecommons.org/licenses/by-nc-nd/4.0/ Open Access This article is licensed under a Creative Commons Attribution-NonCommercial-NoDerivatives 4.0 International License, which permits any non-commercial use, sharing, distribution and reproduction in any medium or format, as long as you give appropriate credit to the original author(s) and the source, provide a link to the Creative Commons licence, and indicate if you modified the licensed material. You do not have permission under this licence to share adapted material derived from this article or parts of it. The images or other third party material in this article are included in the article's Creative Commons licence, unless indicated otherwise in a credit line to the material. If material is not included in the article's Creative Commons licence and your intended use is not permitted by statutory regulation or exceeds the permitted use, you will need to obtain permission directly from the copyright holder. To view a copy of this licence, visit http://creativecommons.org/licenses/by-nc-nd/4.0/ .",yes,caption-based classification
PMC13562520,"Marx DC, Gonzalez-Hernandez AJ, Lee J, Siepe D, Weber WF, Huynh K, Gallo PN, Sharghi Moshtaghin S, Arefin A, Broichhagen J, Kalocsay M, Eliezer D, Levitz J.",2026,Nature Communications,Nature,10.1038/s41467-026-77555-4,research-article,1,all,bar/group comparison|microscopy/other,PRIVATE_REFERENCE_ONLY/corpus/PMC13562520/figures/Fig1.webp,"https://creativecommons.org/licenses/by-nc-nd/4.0/ Open Access This article is licensed under a Creative Commons Attribution-NonCommercial-NoDerivatives 4.0 International License, which permits any non-commercial use, sharing, distribution and reproduction in any medium or format, as long as you give appropriate credit to the original author(s) and the source, provide a link to the Creative Commons licence, and indicate if you modified the licensed material. You do not have permission under this licence to share adapted material derived from this article or parts of it. The images or other third party material in this article are included in the article's Creative Commons licence, unless indicated otherwise in a credit line to the material. If material is not included in the article's Creative Commons licence and your intended use is not permitted by statutory regulation or exceeds the permitted use, you will need to obtain permission directly from the copyright holder. To view a copy of this licence, visit http://creativecommons.org/licenses/by-nc-nd/4.0/ .",yes,caption-based classification
PMC13562520,"Marx DC, Gonzalez-Hernandez AJ, Lee J, Siepe D, Weber WF, Huynh K, Gallo PN, Sharghi Moshtaghin S, Arefin A, Broichhagen J, Kalocsay M, Eliezer D, Levitz J.",2026,Nature Communications,Nature,10.1038/s41467-026-77555-4,research-article,2,all,bar/group comparison|microscopy/other,PRIVATE_REFERENCE_ONLY/corpus/PMC13562520/figures/Fig2.webp,"https://creativecommons.org/licenses/by-nc-nd/4.0/ Open Access This article is licensed under a Creative Commons Attribution-NonCommercial-NoDerivatives 4.0 International License, which permits any non-commercial use, sharing, distribution and reproduction in any medium or format, as long as you give appropriate credit to the original author(s) and the source, provide a link to the Creative Commons licence, and indicate if you modified the licensed material. You do not have permission under this licence to share adapted material derived from this article or parts of it. The images or other third party material in this article are included in the article's Creative Commons licence, unless indicated otherwise in a credit line to the material. If material is not included in the article's Creative Commons licence and your intended use is not permitted by statutory regulation or exceeds the permitted use, you will need to obtain permission directly from the copyright holder. To view a copy of this licence, visit http://creativecommons.org/licenses/by-nc-nd/4.0/ .",yes,caption-based classification
PMC13562520,"Marx DC, Gonzalez-Hernandez AJ, Lee J, Siepe D, Weber WF, Huynh K, Gallo PN, Sharghi Moshtaghin S, Arefin A, Broichhagen J, Kalocsay M, Eliezer D, Levitz J.",2026,Nature Communications,Nature,10.1038/s41467-026-77555-4,research-article,3,all,scatter/regression|bar/group comparison|forest/effect-size|microscopy/other,PRIVATE_REFERENCE_ONLY/corpus/PMC13562520/figures/Fig3.webp,"https://creativecommons.org/licenses/by-nc-nd/4.0/ Open Access This article is licensed under a Creative Commons Attribution-NonCommercial-NoDerivatives 4.0 International License, which permits any non-commercial use, sharing, distribution and reproduction in any medium or format, as long as you give appropriate credit to the original author(s) and the source, provide a link to the Creative Commons licence, and indicate if you modified the licensed material. You do not have permission under this licence to share adapted material derived from this article or parts of it. The images or other third party material in this article are included in the article's Creative Commons licence, unless indicated otherwise in a credit line to the material. If material is not included in the article's Creative Commons licence and your intended use is not permitted by statutory regulation or exceeds the permitted use, you will need to obtain permission directly from the copyright holder. To view a copy of this licence, visit http://creativecommons.org/licenses/by-nc-nd/4.0/ .",yes,caption-based classification
PMC13562520,"Marx DC, Gonzalez-Hernandez AJ, Lee J, Siepe D, Weber WF, Huynh K, Gallo PN, Sharghi Moshtaghin S, Arefin A, Broichhagen J, Kalocsay M, Eliezer D, Levitz J.",2026,Nature Communications,Nature,10.1038/s41467-026-77555-4,research-article,4,all,bar/group comparison|microscopy/other,PRIVATE_REFERENCE_ONLY/corpus/PMC13562520/figures/Fig4.webp,"https://creativecommons.org/licenses/by-nc-nd/4.0/ Open Access This article is licensed under a Creative Commons Attribution-NonCommercial-NoDerivatives 4.0 International License, which permits any non-commercial use, sharing, distribution and reproduction in any medium or format, as long as you give appropriate credit to the original author(s) and the source, provide a link to the Creative Commons licence, and indicate if you modified the licensed material. You do not have permission under this licence to share adapted material derived from this article or parts of it. The images or other third party material in this article are included in the article's Creative Commons licence, unless indicated otherwise in a credit line to the material. If material is not included in the article's Creative Commons licence and your intended use is not permitted by statutory regulation or exceeds the permitted use, you will need to obtain permission directly from the copyright holder. To view a copy of this licence, visit http://creativecommons.org/licenses/by-nc-nd/4.0/ .",yes,caption-based classification
PMC13562520,"Marx DC, Gonzalez-Hernandez AJ, Lee J, Siepe D, Weber WF, Huynh K, Gallo PN, Sharghi Moshtaghin S, Arefin A, Broichhagen J, Kalocsay M, Eliezer D, Levitz J.",2026,Nature Communications,Nature,10.1038/s41467-026-77555-4,research-article,5,all,bar/group comparison|microscopy/other,PRIVATE_REFERENCE_ONLY/corpus/PMC13562520/figures/Fig5.webp,"https://creativecommons.org/licenses/by-nc-nd/4.0/ Open Access This article is licensed under a Creative Commons Attribution-NonCommercial-NoDerivatives 4.0 International License, which permits any non-commercial use, sharing, distribution and reproduction in any medium or format, as long as you give appropriate credit to the original author(s) and the source, provide a link to the Creative Commons licence, and indicate if you modified the licensed material. You do not have permission under this licence to share adapted material derived from this article or parts of it. The images or other third party material in this article are included in the article's Creative Commons licence, unless indicated otherwise in a credit line to the material. If material is not included in the article's Creative Commons licence and your intended use is not permitted by statutory regulation or exceeds the permitted use, you will need to obtain permission directly from the copyright holder. To view a copy of this licence, visit http://creativecommons.org/licenses/by-nc-nd/4.0/ .",yes,caption-based classification
PMC13562520,"Marx DC, Gonzalez-Hernandez AJ, Lee J, Siepe D, Weber WF, Huynh K, Gallo PN, Sharghi Moshtaghin S, Arefin A, Broichhagen J, Kalocsay M, Eliezer D, Levitz J.",2026,Nature Communications,Nature,10.1038/s41467-026-77555-4,research-article,6,all,bar/group comparison|microscopy/other,PRIVATE_REFERENCE_ONLY/corpus/PMC13562520/figures/Fig6.webp,"https://creativecommons.org/licenses/by-nc-nd/4.0/ Open Access This article is licensed under a Creative Commons Attribution-NonCommercial-NoDerivatives 4.0 International License, which permits any non-commercial use, sharing, distribution and reproduction in any medium or format, as long as you give appropriate credit to the original author(s) and the source, provide a link to the Creative Commons licence, and indicate if you modified the licensed material. You do not have permission under this licence to share adapted material derived from this article or parts of it. The images or other third party material in this article are included in the article's Creative Commons licence, unless indicated otherwise in a credit line to the material. If material is not included in the article's Creative Commons licence and your intended use is not permitted by statutory regulation or exceeds the permitted use, you will need to obtain permission directly from the copyright holder. To view a copy of this licence, visit http://creativecommons.org/licenses/by-nc-nd/4.0/ .",yes,caption-based classification
PMC13562520,"Marx DC, Gonzalez-Hernandez AJ, Lee J, Siepe D, Weber WF, Huynh K, Gallo PN, Sharghi Moshtaghin S, Arefin A, Broichhagen J, Kalocsay M, Eliezer D, Levitz J.",2026,Nature Communications,Nature,10.1038/s41467-026-77555-4,research-article,7,all,scatter/regression|bar/group comparison|box/violin|categorical/composition|microscopy/other,PRIVATE_REFERENCE_ONLY/corpus/PMC13562520/figures/Fig7.webp,"https://creativecommons.org/licenses/by-nc-nd/4.0/ Open Access This article is licensed under a Creative Commons Attribution-NonCommercial-NoDerivatives 4.0 International License, which permits any non-commercial use, sharing, distribution and reproduction in any medium or format, as long as you give appropriate credit to the original author(s) and the source, provide a link to the Creative Commons licence, and indicate if you modified the licensed material. You do not have permission under this licence to share adapted material derived from this article or parts of it. The images or other third party material in this article are included in the article's Creative Commons licence, unless indicated otherwise in a credit line to the material. If material is not included in the article's Creative Commons licence and your intended use is not permitted by statutory regulation or exceeds the permitted use, you will need to obtain permission directly from the copyright holder. To view a copy of this licence, visit http://creativecommons.org/licenses/by-nc-nd/4.0/ .",yes,caption-based classification
PMC13562520,"Marx DC, Gonzalez-Hernandez AJ, Lee J, Siepe D, Weber WF, Huynh K, Gallo PN, Sharghi Moshtaghin S, Arefin A, Broichhagen J, Kalocsay M, Eliezer D, Levitz J.",2026,Nature Communications,Nature,10.1038/s41467-026-77555-4,research-article,8,all,bar/group comparison|microscopy/other,PRIVATE_REFERENCE_ONLY/corpus/PMC13562520/figures/Fig8.webp,"https://creativecommons.org/licenses/by-nc-nd/4.0/ Open Access This article is licensed under a Creative Commons Attribution-NonCommercial-NoDerivatives 4.0 International License, which permits any non-commercial use, sharing, distribution and reproduction in any medium or format, as long as you give appropriate credit to the original author(s) and the source, provide a link to the Creative Commons licence, and indicate if you modified the licensed material. You do not have permission under this licence to share adapted material derived from this article or parts of it. The images or other third party material in this article are included in the article's Creative Commons licence, unless indicated otherwise in a credit line to the material. If material is not included in the article's Creative Commons licence and your intended use is not permitted by statutory regulation or exceeds the permitted use, you will need to obtain permission directly from the copyright holder. To view a copy of this licence, visit http://creativecommons.org/licenses/by-nc-nd/4.0/ .",yes,caption-based classification
PMC13562520,"Marx DC, Gonzalez-Hernandez AJ, Lee J, Siepe D, Weber WF, Huynh K, Gallo PN, Sharghi Moshtaghin S, Arefin A, Broichhagen J, Kalocsay M, Eliezer D, Levitz J.",2026,Nature Communications,Nature,10.1038/s41467-026-77555-4,research-article,9,all,microscopy/other,PRIVATE_REFERENCE_ONLY/corpus/PMC13562520/figures/Fig9.webp,"https://creativecommons.org/licenses/by-nc-nd/4.0/ Open Access This article is licensed under a Creative Commons Attribution-NonCommercial-NoDerivatives 4.0 International License, which permits any non-commercial use, sharing, distribution and reproduction in any medium or format, as long as you give appropriate credit to the original author(s) and the source, provide a link to the Creative Commons licence, and indicate if you modified the licensed material. You do not have permission under this licence to share adapted material derived from this article or parts of it. The images or other third party material in this article are included in the article's Creative Commons licence, unless indicated otherwise in a credit line to the material. If material is not included in the article's Creative Commons licence and your intended use is not permitted by statutory regulation or exceeds the permitted use, you will need to obtain permission directly from the copyright holder. To view a copy of this licence, visit http://creativecommons.org/licenses/by-nc-nd/4.0/ .",partial,caption-based classification
PMC13562587,"Jiménez-Vázquez S, Berthel A, Patsis C, Mitstorfer M, Grimm M, Butthof L, Wendler-Link L, Böse L, Wiethoff H, Hofmann I, Breuhahn K, Longerich T, Gaida MM, Schirmacher P, Feucht J, Suarez-Carmona M, Schmidt P, Klupp F, Schneider M, Wallwiener M, Jaeger D, Halama N, Breinig M, Tschaharganeh DF.",2026,Nature Communications,Nature,10.1038/s41467-026-77465-5,research-article,1,all,bar/group comparison|box/violin|volcano/MA|dot/bubble|categorical/composition|microscopy/other,PRIVATE_REFERENCE_ONLY/corpus/PMC13562587/figures/Fig1.webp,"https://creativecommons.org/licenses/by/4.0/ Open Access This article is licensed under a Creative Commons Attribution 4.0 International License, which permits use, sharing, adaptation, distribution and reproduction in any medium or format, as long as you give appropriate credit to the original author(s) and the source, provide a link to the Creative Commons licence, and indicate if changes were made. The images or other third party material in this article are included in the article’s Creative Commons licence, unless indicated otherwise in a credit line to the material. If material is not included in the article’s Creative Commons licence and your intended use is not permitted by statutory regulation or exceeds the permitted use, you will need to obtain permission directly from the copyright holder. To view a copy of this licence, visit http://creativecommons.org/licenses/by/4.0/ .",yes,caption-based classification
PMC13562587,"Jiménez-Vázquez S, Berthel A, Patsis C, Mitstorfer M, Grimm M, Butthof L, Wendler-Link L, Böse L, Wiethoff H, Hofmann I, Breuhahn K, Longerich T, Gaida MM, Schirmacher P, Feucht J, Suarez-Carmona M, Schmidt P, Klupp F, Schneider M, Wallwiener M, Jaeger D, Halama N, Breinig M, Tschaharganeh DF.",2026,Nature Communications,Nature,10.1038/s41467-026-77465-5,research-article,2,all,categorical/composition|microscopy/other,PRIVATE_REFERENCE_ONLY/corpus/PMC13562587/figures/Fig2.webp,"https://creativecommons.org/licenses/by/4.0/ Open Access This article is licensed under a Creative Commons Attribution 4.0 International License, which permits use, sharing, adaptation, distribution and reproduction in any medium or format, as long as you give appropriate credit to the original author(s) and the source, provide a link to the Creative Commons licence, and indicate if changes were made. The images or other third party material in this article are included in the article’s Creative Commons licence, unless indicated otherwise in a credit line to the material. If material is not included in the article’s Creative Commons licence and your intended use is not permitted by statutory regulation or exceeds the permitted use, you will need to obtain permission directly from the copyright holder. To view a copy of this licence, visit http://creativecommons.org/licenses/by/4.0/ .",yes,caption-based classification
PMC13562587,"Jiménez-Vázquez S, Berthel A, Patsis C, Mitstorfer M, Grimm M, Butthof L, Wendler-Link L, Böse L, Wiethoff H, Hofmann I, Breuhahn K, Longerich T, Gaida MM, Schirmacher P, Feucht J, Suarez-Carmona M, Schmidt P, Klupp F, Schneider M, Wallwiener M, Jaeger D, Halama N, Breinig M, Tschaharganeh DF.",2026,Nature Communications,Nature,10.1038/s41467-026-77465-5,research-article,3,all,bar/group comparison|microscopy/other,PRIVATE_REFERENCE_ONLY/corpus/PMC13562587/figures/Fig3.webp,"https://creativecommons.org/licenses/by/4.0/ Open Access This article is licensed under a Creative Commons Attribution 4.0 International License, which permits use, sharing, adaptation, distribution and reproduction in any medium or format, as long as you give appropriate credit to the original author(s) and the source, provide a link to the Creative Commons licence, and indicate if changes were made. The images or other third party material in this article are included in the article’s Creative Commons licence, unless indicated otherwise in a credit line to the material. If material is not included in the article’s Creative Commons licence and your intended use is not permitted by statutory regulation or exceeds the permitted use, you will need to obtain permission directly from the copyright holder. To view a copy of this licence, visit http://creativecommons.org/licenses/by/4.0/ .",yes,caption-based classification
PMC13562587,"Jiménez-Vázquez S, Berthel A, Patsis C, Mitstorfer M, Grimm M, Butthof L, Wendler-Link L, Böse L, Wiethoff H, Hofmann I, Breuhahn K, Longerich T, Gaida MM, Schirmacher P, Feucht J, Suarez-Carmona M, Schmidt P, Klupp F, Schneider M, Wallwiener M, Jaeger D, Halama N, Breinig M, Tschaharganeh DF.",2026,Nature Communications,Nature,10.1038/s41467-026-77465-5,research-article,4,all,line/time-course|bar/group comparison|microscopy/other,PRIVATE_REFERENCE_ONLY/corpus/PMC13562587/figures/Fig4.webp,"https://creativecommons.org/licenses/by/4.0/ Open Access This article is licensed under a Creative Commons Attribution 4.0 International License, which permits use, sharing, adaptation, distribution and reproduction in any medium or format, as long as you give appropriate credit to the original author(s) and the source, provide a link to the Creative Commons licence, and indicate if changes were made. The images or other third party material in this article are included in the article’s Creative Commons licence, unless indicated otherwise in a credit line to the material. If material is not included in the article’s Creative Commons licence and your intended use is not permitted by statutory regulation or exceeds the permitted use, you will need to obtain permission directly from the copyright holder. To view a copy of this licence, visit http://creativecommons.org/licenses/by/4.0/ .",yes,caption-based classification
PMC13562587,"Jiménez-Vázquez S, Berthel A, Patsis C, Mitstorfer M, Grimm M, Butthof L, Wendler-Link L, Böse L, Wiethoff H, Hofmann I, Breuhahn K, Longerich T, Gaida MM, Schirmacher P, Feucht J, Suarez-Carmona M, Schmidt P, Klupp F, Schneider M, Wallwiener M, Jaeger D, Halama N, Breinig M, Tschaharganeh DF.",2026,Nature Communications,Nature,10.1038/s41467-026-77465-5,research-article,5,all,line/time-course|bar/group comparison|box/violin|survival|microscopy/other,PRIVATE_REFERENCE_ONLY/corpus/PMC13562587/figures/Fig5.webp,"https://creativecommons.org/licenses/by/4.0/ Open Access This article is licensed under a Creative Commons Attribution 4.0 International License, which permits use, sharing, adaptation, distribution and reproduction in any medium or format, as long as you give appropriate credit to the original author(s) and the source, provide a link to the Creative Commons licence, and indicate if changes were made. The images or other third party material in this article are included in the article’s Creative Commons licence, unless indicated otherwise in a credit line to the material. If material is not included in the article’s Creative Commons licence and your intended use is not permitted by statutory regulation or exceeds the permitted use, you will need to obtain permission directly from the copyright holder. To view a copy of this licence, visit http://creativecommons.org/licenses/by/4.0/ .",yes,caption-based classification
PMC13562587,"Jiménez-Vázquez S, Berthel A, Patsis C, Mitstorfer M, Grimm M, Butthof L, Wendler-Link L, Böse L, Wiethoff H, Hofmann I, Breuhahn K, Longerich T, Gaida MM, Schirmacher P, Feucht J, Suarez-Carmona M, Schmidt P, Klupp F, Schneider M, Wallwiener M, Jaeger D, Halama N, Breinig M, Tschaharganeh DF.",2026,Nature Communications,Nature,10.1038/s41467-026-77465-5,research-article,6,all,bar/group comparison|box/violin|microscopy/other,PRIVATE_REFERENCE_ONLY/corpus/PMC13562587/figures/Fig6.webp,"https://creativecommons.org/licenses/by/4.0/ Open Access This article is licensed under a Creative Commons Attribution 4.0 International License, which permits use, sharing, adaptation, distribution and reproduction in any medium or format, as long as you give appropriate credit to the original author(s) and the source, provide a link to the Creative Commons licence, and indicate if changes were made. The images or other third party material in this article are included in the article’s Creative Commons licence, unless indicated otherwise in a credit line to the material. If material is not included in the article’s Creative Commons licence and your intended use is not permitted by statutory regulation or exceeds the permitted use, you will need to obtain permission directly from the copyright holder. To view a copy of this licence, visit http://creativecommons.org/licenses/by/4.0/ .",yes,caption-based classification
PMC13562589,"Mitlehner A, Pasos-Trejo AS, Becker M, Lan H, Berg L, Hilal T, Loll B, Kuropka B, Clementi C, Freund C.",2026,Nature Communications,Nature,10.1038/s41467-026-77731-6,research-article,1,all,line/time-course|microscopy/other,PRIVATE_REFERENCE_ONLY/corpus/PMC13562589/figures/Fig1.webp,"https://creativecommons.org/licenses/by/4.0/ Open Access This article is licensed under a Creative Commons Attribution 4.0 International License, which permits use, sharing, adaptation, distribution and reproduction in any medium or format, as long as you give appropriate credit to the original author(s) and the source, provide a link to the Creative Commons licence, and indicate if changes were made. The images or other third party material in this article are included in the article’s Creative Commons licence, unless indicated otherwise in a credit line to the material. If material is not included in the article’s Creative Commons licence and your intended use is not permitted by statutory regulation or exceeds the permitted use, you will need to obtain permission directly from the copyright holder. To view a copy of this licence, visit http://creativecommons.org/licenses/by/4.0/ .",yes,caption-based classification
PMC13562589,"Mitlehner A, Pasos-Trejo AS, Becker M, Lan H, Berg L, Hilal T, Loll B, Kuropka B, Clementi C, Freund C.",2026,Nature Communications,Nature,10.1038/s41467-026-77731-6,research-article,2,all,line/time-course|bar/group comparison|microscopy/other,PRIVATE_REFERENCE_ONLY/corpus/PMC13562589/figures/Fig2.webp,"https://creativecommons.org/licenses/by/4.0/ Open Access This article is licensed under a Creative Commons Attribution 4.0 International License, which permits use, sharing, adaptation, distribution and reproduction in any medium or format, as long as you give appropriate credit to the original author(s) and the source, provide a link to the Creative Commons licence, and indicate if changes were made. The images or other third party material in this article are included in the article’s Creative Commons licence, unless indicated otherwise in a credit line to the material. If material is not included in the article’s Creative Commons licence and your intended use is not permitted by statutory regulation or exceeds the permitted use, you will need to obtain permission directly from the copyright holder. To view a copy of this licence, visit http://creativecommons.org/licenses/by/4.0/ .",yes,caption-based classification
PMC13562589,"Mitlehner A, Pasos-Trejo AS, Becker M, Lan H, Berg L, Hilal T, Loll B, Kuropka B, Clementi C, Freund C.",2026,Nature Communications,Nature,10.1038/s41467-026-77731-6,research-article,3,all,microscopy/other,PRIVATE_REFERENCE_ONLY/corpus/PMC13562589/figures/Fig3.webp,"https://creativecommons.org/licenses/by/4.0/ Open Access This article is licensed under a Creative Commons Attribution 4.0 International License, which permits use, sharing, adaptation, distribution and reproduction in any medium or format, as long as you give appropriate credit to the original author(s) and the source, provide a link to the Creative Commons licence, and indicate if changes were made. The images or other third party material in this article are included in the article’s Creative Commons licence, unless indicated otherwise in a credit line to the material. If material is not included in the article’s Creative Commons licence and your intended use is not permitted by statutory regulation or exceeds the permitted use, you will need to obtain permission directly from the copyright holder. To view a copy of this licence, visit http://creativecommons.org/licenses/by/4.0/ .",partial,caption-based classification
PMC13562589,"Mitlehner A, Pasos-Trejo AS, Becker M, Lan H, Berg L, Hilal T, Loll B, Kuropka B, Clementi C, Freund C.",2026,Nature Communications,Nature,10.1038/s41467-026-77731-6,research-article,4,all,microscopy/other,PRIVATE_REFERENCE_ONLY/corpus/PMC13562589/figures/Fig4.webp,"https://creativecommons.org/licenses/by/4.0/ Open Access This article is licensed under a Creative Commons Attribution 4.0 International License, which permits use, sharing, adaptation, distribution and reproduction in any medium or format, as long as you give appropriate credit to the original author(s) and the source, provide a link to the Creative Commons licence, and indicate if changes were made. The images or other third party material in this article are included in the article’s Creative Commons licence, unless indicated otherwise in a credit line to the material. If material is not included in the article’s Creative Commons licence and your intended use is not permitted by statutory regulation or exceeds the permitted use, you will need to obtain permission directly from the copyright holder. To view a copy of this licence, visit http://creativecommons.org/licenses/by/4.0/ .",partial,caption-based classification
PMC13562589,"Mitlehner A, Pasos-Trejo AS, Becker M, Lan H, Berg L, Hilal T, Loll B, Kuropka B, Clementi C, Freund C.",2026,Nature Communications,Nature,10.1038/s41467-026-77731-6,research-article,5,all,heatmap,PRIVATE_REFERENCE_ONLY/corpus/PMC13562589/figures/Fig5.webp,"https://creativecommons.org/licenses/by/4.0/ Open Access This article is licensed under a Creative Commons Attribution 4.0 International License, which permits use, sharing, adaptation, distribution and reproduction in any medium or format, as long as you give appropriate credit to the original author(s) and the source, provide a link to the Creative Commons licence, and indicate if changes were made. The images or other third party material in this article are included in the article’s Creative Commons licence, unless indicated otherwise in a credit line to the material. If material is not included in the article’s Creative Commons licence and your intended use is not permitted by statutory regulation or exceeds the permitted use, you will need to obtain permission directly from the copyright holder. To view a copy of this licence, visit http://creativecommons.org/licenses/by/4.0/ .",yes,caption-based classification
PMC13562589,"Mitlehner A, Pasos-Trejo AS, Becker M, Lan H, Berg L, Hilal T, Loll B, Kuropka B, Clementi C, Freund C.",2026,Nature Communications,Nature,10.1038/s41467-026-77731-6,research-article,6,all,microscopy/other,PRIVATE_REFERENCE_ONLY/corpus/PMC13562589/figures/Fig6.webp,"https://creativecommons.org/licenses/by/4.0/ Open Access This article is licensed under a Creative Commons Attribution 4.0 International License, which permits use, sharing, adaptation, distribution and reproduction in any medium or format, as long as you give appropriate credit to the original author(s) and the source, provide a link to the Creative Commons licence, and indicate if changes were made. The images or other third party material in this article are included in the article’s Creative Commons licence, unless indicated otherwise in a credit line to the material. If material is not included in the article’s Creative Commons licence and your intended use is not permitted by statutory regulation or exceeds the permitted use, you will need to obtain permission directly from the copyright holder. To view a copy of this licence, visit http://creativecommons.org/licenses/by/4.0/ .",partial,caption-based classification
PMC13562594,"Hermens J, Lucke L, Pieles O, Maier O, Othmen H, Burghardt T, Schmidt A, Moser M, Madej MG, Schwartz U, Zaparty M, Witzgall R.",2026,Nature Communications,Nature,10.1038/s41467-026-77485-1,research-article,1,all,microscopy/other,PRIVATE_REFERENCE_ONLY/corpus/PMC13562594/figures/Fig1.webp,"https://creativecommons.org/licenses/by/4.0/ Open Access This article is licensed under a Creative Commons Attribution 4.0 International License, which permits use, sharing, adaptation, distribution and reproduction in any medium or format, as long as you give appropriate credit to the original author(s) and the source, provide a link to the Creative Commons licence, and indicate if changes were made. The images or other third party material in this article are included in the article’s Creative Commons licence, unless indicated otherwise in a credit line to the material. If material is not included in the article’s Creative Commons licence and your intended use is not permitted by statutory regulation or exceeds the permitted use, you will need to obtain permission directly from the copyright holder. To view a copy of this licence, visit http://creativecommons.org/licenses/by/4.0/ .",partial,caption-based classification
PMC13562594,"Hermens J, Lucke L, Pieles O, Maier O, Othmen H, Burghardt T, Schmidt A, Moser M, Madej MG, Schwartz U, Zaparty M, Witzgall R.",2026,Nature Communications,Nature,10.1038/s41467-026-77485-1,research-article,2,all,microscopy/other,PRIVATE_REFERENCE_ONLY/corpus/PMC13562594/figures/Fig2.webp,"https://creativecommons.org/licenses/by/4.0/ Open Access This article is licensed under a Creative Commons Attribution 4.0 International License, which permits use, sharing, adaptation, distribution and reproduction in any medium or format, as long as you give appropriate credit to the original author(s) and the source, provide a link to the Creative Commons licence, and indicate if changes were made. The images or other third party material in this article are included in the article’s Creative Commons licence, unless indicated otherwise in a credit line to the material. If material is not included in the article’s Creative Commons licence and your intended use is not permitted by statutory regulation or exceeds the permitted use, you will need to obtain permission directly from the copyright holder. To view a copy of this licence, visit http://creativecommons.org/licenses/by/4.0/ .",partial,no quantitative marker; caption-based classification
PMC13562594,"Hermens J, Lucke L, Pieles O, Maier O, Othmen H, Burghardt T, Schmidt A, Moser M, Madej MG, Schwartz U, Zaparty M, Witzgall R.",2026,Nature Communications,Nature,10.1038/s41467-026-77485-1,research-article,3,all,line/time-course|microscopy/other,PRIVATE_REFERENCE_ONLY/corpus/PMC13562594/figures/Fig3.webp,"https://creativecommons.org/licenses/by/4.0/ Open Access This article is licensed under a Creative Commons Attribution 4.0 International License, which permits use, sharing, adaptation, distribution and reproduction in any medium or format, as long as you give appropriate credit to the original author(s) and the source, provide a link to the Creative Commons licence, and indicate if changes were made. The images or other third party material in this article are included in the article’s Creative Commons licence, unless indicated otherwise in a credit line to the material. If material is not included in the article’s Creative Commons licence and your intended use is not permitted by statutory regulation or exceeds the permitted use, you will need to obtain permission directly from the copyright holder. To view a copy of this licence, visit http://creativecommons.org/licenses/by/4.0/ .",yes,caption-based classification
PMC13562594,"Hermens J, Lucke L, Pieles O, Maier O, Othmen H, Burghardt T, Schmidt A, Moser M, Madej MG, Schwartz U, Zaparty M, Witzgall R.",2026,Nature Communications,Nature,10.1038/s41467-026-77485-1,research-article,4,all,line/time-course|dot/bubble|microscopy/other,PRIVATE_REFERENCE_ONLY/corpus/PMC13562594/figures/Fig4.webp,"https://creativecommons.org/licenses/by/4.0/ Open Access This article is licensed under a Creative Commons Attribution 4.0 International License, which permits use, sharing, adaptation, distribution and reproduction in any medium or format, as long as you give appropriate credit to the original author(s) and the source, provide a link to the Creative Commons licence, and indicate if changes were made. The images or other third party material in this article are included in the article’s Creative Commons licence, unless indicated otherwise in a credit line to the material. If material is not included in the article’s Creative Commons licence and your intended use is not permitted by statutory regulation or exceeds the permitted use, you will need to obtain permission directly from the copyright holder. To view a copy of this licence, visit http://creativecommons.org/licenses/by/4.0/ .",yes,caption-based classification
PMC13562594,"Hermens J, Lucke L, Pieles O, Maier O, Othmen H, Burghardt T, Schmidt A, Moser M, Madej MG, Schwartz U, Zaparty M, Witzgall R.",2026,Nature Communications,Nature,10.1038/s41467-026-77485-1,research-article,5,all,microscopy/other,PRIVATE_REFERENCE_ONLY/corpus/PMC13562594/figures/Fig5.webp,"https://creativecommons.org/licenses/by/4.0/ Open Access This article is licensed under a Creative Commons Attribution 4.0 International License, which permits use, sharing, adaptation, distribution and reproduction in any medium or format, as long as you give appropriate credit to the original author(s) and the source, provide a link to the Creative Commons licence, and indicate if changes were made. The images or other third party material in this article are included in the article’s Creative Commons licence, unless indicated otherwise in a credit line to the material. If material is not included in the article’s Creative Commons licence and your intended use is not permitted by statutory regulation or exceeds the permitted use, you will need to obtain permission directly from the copyright holder. To view a copy of this licence, visit http://creativecommons.org/licenses/by/4.0/ .",partial,caption-based classification
PMC13562594,"Hermens J, Lucke L, Pieles O, Maier O, Othmen H, Burghardt T, Schmidt A, Moser M, Madej MG, Schwartz U, Zaparty M, Witzgall R.",2026,Nature Communications,Nature,10.1038/s41467-026-77485-1,research-article,6,all,microscopy/other,PRIVATE_REFERENCE_ONLY/corpus/PMC13562594/figures/Fig6.webp,"https://creativecommons.org/licenses/by/4.0/ Open Access This article is licensed under a Creative Commons Attribution 4.0 International License, which permits use, sharing, adaptation, distribution and reproduction in any medium or format, as long as you give appropriate credit to the original author(s) and the source, provide a link to the Creative Commons licence, and indicate if changes were made. The images or other third party material in this article are included in the article’s Creative Commons licence, unless indicated otherwise in a credit line to the material. If material is not included in the article’s Creative Commons licence and your intended use is not permitted by statutory regulation or exceeds the permitted use, you will need to obtain permission directly from the copyright holder. To view a copy of this licence, visit http://creativecommons.org/licenses/by/4.0/ .",partial,caption-based classification
PMC13562594,"Hermens J, Lucke L, Pieles O, Maier O, Othmen H, Burghardt T, Schmidt A, Moser M, Madej MG, Schwartz U, Zaparty M, Witzgall R.",2026,Nature Communications,Nature,10.1038/s41467-026-77485-1,research-article,7,all,bar/group comparison|volcano/MA|heatmap|dot/bubble|microscopy/other,PRIVATE_REFERENCE_ONLY/corpus/PMC13562594/figures/Fig7.webp,"https://creativecommons.org/licenses/by/4.0/ Open Access This article is licensed under a Creative Commons Attribution 4.0 International License, which permits use, sharing, adaptation, distribution and reproduction in any medium or format, as long as you give appropriate credit to the original author(s) and the source, provide a link to the Creative Commons licence, and indicate if changes were made. The images or other third party material in this article are included in the article’s Creative Commons licence, unless indicated otherwise in a credit line to the material. If material is not included in the article’s Creative Commons licence and your intended use is not permitted by statutory regulation or exceeds the permitted use, you will need to obtain permission directly from the copyright holder. To view a copy of this licence, visit http://creativecommons.org/licenses/by/4.0/ .",yes,caption-based classification
PMC13562594,"Hermens J, Lucke L, Pieles O, Maier O, Othmen H, Burghardt T, Schmidt A, Moser M, Madej MG, Schwartz U, Zaparty M, Witzgall R.",2026,Nature Communications,Nature,10.1038/s41467-026-77485-1,research-article,8,all,box/violin|heatmap|dot/bubble,PRIVATE_REFERENCE_ONLY/corpus/PMC13562594/figures/Fig8.webp,"https://creativecommons.org/licenses/by/4.0/ Open Access This article is licensed under a Creative Commons Attribution 4.0 International License, which permits use, sharing, adaptation, distribution and reproduction in any medium or format, as long as you give appropriate credit to the original author(s) and the source, provide a link to the Creative Commons licence, and indicate if changes were made. The images or other third party material in this article are included in the article’s Creative Commons licence, unless indicated otherwise in a credit line to the material. If material is not included in the article’s Creative Commons licence and your intended use is not permitted by statutory regulation or exceeds the permitted use, you will need to obtain permission directly from the copyright holder. To view a copy of this licence, visit http://creativecommons.org/licenses/by/4.0/ .",yes,caption-based classification
PMC13562594,"Hermens J, Lucke L, Pieles O, Maier O, Othmen H, Burghardt T, Schmidt A, Moser M, Madej MG, Schwartz U, Zaparty M, Witzgall R.",2026,Nature Communications,Nature,10.1038/s41467-026-77485-1,research-article,9,all,microscopy/other,PRIVATE_REFERENCE_ONLY/corpus/PMC13562594/figures/Fig9.webp,"https://creativecommons.org/licenses/by/4.0/ Open Access This article is licensed under a Creative Commons Attribution 4.0 International License, which permits use, sharing, adaptation, distribution and reproduction in any medium or format, as long as you give appropriate credit to the original author(s) and the source, provide a link to the Creative Commons licence, and indicate if changes were made. The images or other third party material in this article are included in the article’s Creative Commons licence, unless indicated otherwise in a credit line to the material. If material is not included in the article’s Creative Commons licence and your intended use is not permitted by statutory regulation or exceeds the permitted use, you will need to obtain permission directly from the copyright holder. To view a copy of this licence, visit http://creativecommons.org/licenses/by/4.0/ .",partial,caption-based classification
PMC13562594,"Hermens J, Lucke L, Pieles O, Maier O, Othmen H, Burghardt T, Schmidt A, Moser M, Madej MG, Schwartz U, Zaparty M, Witzgall R.",2026,Nature Communications,Nature,10.1038/s41467-026-77485-1,research-article,10,all,microscopy/other,PRIVATE_REFERENCE_ONLY/corpus/PMC13562594/figures/Fig10.webp,"https://creativecommons.org/licenses/by/4.0/ Open Access This article is licensed under a Creative Commons Attribution 4.0 International License, which permits use, sharing, adaptation, distribution and reproduction in any medium or format, as long as you give appropriate credit to the original author(s) and the source, provide a link to the Creative Commons licence, and indicate if changes were made. The images or other third party material in this article are included in the article’s Creative Commons licence, unless indicated otherwise in a credit line to the material. If material is not included in the article’s Creative Commons licence and your intended use is not permitted by statutory regulation or exceeds the permitted use, you will need to obtain permission directly from the copyright holder. To view a copy of this licence, visit http://creativecommons.org/licenses/by/4.0/ .",partial,caption-based classification
PMC13569489,"Kim H, Jo J, Woo J, Kang Y, Park S, Lee H, Park H, Ha J, Kang SJ, Kang SG, Lee JH, Ryu J.",2026,Nature Communications,Nature,10.1038/s41467-026-77291-9,research-article,1,all,scatter/regression|microscopy/other,PRIVATE_REFERENCE_ONLY/corpus/PMC13569489/figures/Fig1.webp,"https://creativecommons.org/licenses/by-nc-nd/4.0/ Open Access This article is licensed under a Creative Commons Attribution-NonCommercial-NoDerivatives 4.0 International License, which permits any non-commercial use, sharing, distribution and reproduction in any medium or format, as long as you give appropriate credit to the original author(s) and the source, provide a link to the Creative Commons licence, and indicate if you modified the licensed material. You do not have permission under this licence to share adapted material derived from this article or parts of it. The images or other third party material in this article are included in the article's Creative Commons licence, unless indicated otherwise in a credit line to the material. If material is not included in the article's Creative Commons licence and your intended use is not permitted by statutory regulation or exceeds the permitted use, you will need to obtain permission directly from the copyright holder. To view a copy of this licence, visit http://creativecommons.org/licenses/by-nc-nd/4.0/ .",yes,caption-based classification
PMC13569489,"Kim H, Jo J, Woo J, Kang Y, Park S, Lee H, Park H, Ha J, Kang SJ, Kang SG, Lee JH, Ryu J.",2026,Nature Communications,Nature,10.1038/s41467-026-77291-9,research-article,2,all,line/time-course,PRIVATE_REFERENCE_ONLY/corpus/PMC13569489/figures/Fig2.webp,"https://creativecommons.org/licenses/by-nc-nd/4.0/ Open Access This article is licensed under a Creative Commons Attribution-NonCommercial-NoDerivatives 4.0 International License, which permits any non-commercial use, sharing, distribution and reproduction in any medium or format, as long as you give appropriate credit to the original author(s) and the source, provide a link to the Creative Commons licence, and indicate if you modified the licensed material. You do not have permission under this licence to share adapted material derived from this article or parts of it. The images or other third party material in this article are included in the article's Creative Commons licence, unless indicated otherwise in a credit line to the material. If material is not included in the article's Creative Commons licence and your intended use is not permitted by statutory regulation or exceeds the permitted use, you will need to obtain permission directly from the copyright holder. To view a copy of this licence, visit http://creativecommons.org/licenses/by-nc-nd/4.0/ .",yes,caption-based classification
PMC13569489,"Kim H, Jo J, Woo J, Kang Y, Park S, Lee H, Park H, Ha J, Kang SJ, Kang SG, Lee JH, Ryu J.",2026,Nature Communications,Nature,10.1038/s41467-026-77291-9,research-article,3,all,microscopy/other,PRIVATE_REFERENCE_ONLY/corpus/PMC13569489/figures/Fig3.webp,"https://creativecommons.org/licenses/by-nc-nd/4.0/ Open Access This article is licensed under a Creative Commons Attribution-NonCommercial-NoDerivatives 4.0 International License, which permits any non-commercial use, sharing, distribution and reproduction in any medium or format, as long as you give appropriate credit to the original author(s) and the source, provide a link to the Creative Commons licence, and indicate if you modified the licensed material. You do not have permission under this licence to share adapted material derived from this article or parts of it. The images or other third party material in this article are included in the article's Creative Commons licence, unless indicated otherwise in a credit line to the material. If material is not included in the article's Creative Commons licence and your intended use is not permitted by statutory regulation or exceeds the permitted use, you will need to obtain permission directly from the copyright holder. To view a copy of this licence, visit http://creativecommons.org/licenses/by-nc-nd/4.0/ .",partial,caption-based classification
PMC13569489,"Kim H, Jo J, Woo J, Kang Y, Park S, Lee H, Park H, Ha J, Kang SJ, Kang SG, Lee JH, Ryu J.",2026,Nature Communications,Nature,10.1038/s41467-026-77291-9,research-article,4,all,microscopy/other,PRIVATE_REFERENCE_ONLY/corpus/PMC13569489/figures/Fig4.webp,"https://creativecommons.org/licenses/by-nc-nd/4.0/ Open Access This article is licensed under a Creative Commons Attribution-NonCommercial-NoDerivatives 4.0 International License, which permits any non-commercial use, sharing, distribution and reproduction in any medium or format, as long as you give appropriate credit to the original author(s) and the source, provide a link to the Creative Commons licence, and indicate if you modified the licensed material. You do not have permission under this licence to share adapted material derived from this article or parts of it. The images or other third party material in this article are included in the article's Creative Commons licence, unless indicated otherwise in a credit line to the material. If material is not included in the article's Creative Commons licence and your intended use is not permitted by statutory regulation or exceeds the permitted use, you will need to obtain permission directly from the copyright holder. To view a copy of this licence, visit http://creativecommons.org/licenses/by-nc-nd/4.0/ .",partial,caption-based classification
PMC13569489,"Kim H, Jo J, Woo J, Kang Y, Park S, Lee H, Park H, Ha J, Kang SJ, Kang SG, Lee JH, Ryu J.",2026,Nature Communications,Nature,10.1038/s41467-026-77291-9,research-article,5,all,line/time-course|microscopy/other,PRIVATE_REFERENCE_ONLY/corpus/PMC13569489/figures/Fig5.webp,"https://creativecommons.org/licenses/by-nc-nd/4.0/ Open Access This article is licensed under a Creative Commons Attribution-NonCommercial-NoDerivatives 4.0 International License, which permits any non-commercial use, sharing, distribution and reproduction in any medium or format, as long as you give appropriate credit to the original author(s) and the source, provide a link to the Creative Commons licence, and indicate if you modified the licensed material. You do not have permission under this licence to share adapted material derived from this article or parts of it. The images or other third party material in this article are included in the article's Creative Commons licence, unless indicated otherwise in a credit line to the material. If material is not included in the article's Creative Commons licence and your intended use is not permitted by statutory regulation or exceeds the permitted use, you will need to obtain permission directly from the copyright holder. To view a copy of this licence, visit http://creativecommons.org/licenses/by-nc-nd/4.0/ .",partial,caption-based classification
PMC13569845,"Cheng CH, Watanabe Y, Kajitani T, Samitsu S, Sugiyasu K.",2026,Nature Communications,Nature,10.1038/s41467-026-77392-5,research-article,1,all,microscopy/other,PRIVATE_REFERENCE_ONLY/corpus/PMC13569845/figures/Fig1.webp,"https://creativecommons.org/licenses/by-nc-nd/4.0/ Open Access This article is licensed under a Creative Commons Attribution-NonCommercial-NoDerivatives 4.0 International License, which permits any non-commercial use, sharing, distribution and reproduction in any medium or format, as long as you give appropriate credit to the original author(s) and the source, provide a link to the Creative Commons licence, and indicate if you modified the licensed material. You do not have permission under this licence to share adapted material derived from this article or parts of it. The images or other third party material in this article are included in the article’s Creative Commons licence, unless indicated otherwise in a credit line to the material. If material is not included in the article’s Creative Commons licence and your intended use is not permitted by statutory regulation or exceeds the permitted use, you will need to obtain permission directly from the copyright holder. To view a copy of this licence, visit http://creativecommons.org/licenses/by-nc-nd/4.0/ .",partial,unclassified-quantitative; caption-based classification
PMC13569845,"Cheng CH, Watanabe Y, Kajitani T, Samitsu S, Sugiyasu K.",2026,Nature Communications,Nature,10.1038/s41467-026-77392-5,research-article,2,all,line/time-course,PRIVATE_REFERENCE_ONLY/corpus/PMC13569845/figures/Fig2.webp,"https://creativecommons.org/licenses/by-nc-nd/4.0/ Open Access This article is licensed under a Creative Commons Attribution-NonCommercial-NoDerivatives 4.0 International License, which permits any non-commercial use, sharing, distribution and reproduction in any medium or format, as long as you give appropriate credit to the original author(s) and the source, provide a link to the Creative Commons licence, and indicate if you modified the licensed material. You do not have permission under this licence to share adapted material derived from this article or parts of it. The images or other third party material in this article are included in the article’s Creative Commons licence, unless indicated otherwise in a credit line to the material. If material is not included in the article’s Creative Commons licence and your intended use is not permitted by statutory regulation or exceeds the permitted use, you will need to obtain permission directly from the copyright holder. To view a copy of this licence, visit http://creativecommons.org/licenses/by-nc-nd/4.0/ .",yes,caption-based classification
PMC13569845,"Cheng CH, Watanabe Y, Kajitani T, Samitsu S, Sugiyasu K.",2026,Nature Communications,Nature,10.1038/s41467-026-77392-5,research-article,3,all,microscopy/other,PRIVATE_REFERENCE_ONLY/corpus/PMC13569845/figures/Fig3.webp,"https://creativecommons.org/licenses/by-nc-nd/4.0/ Open Access This article is licensed under a Creative Commons Attribution-NonCommercial-NoDerivatives 4.0 International License, which permits any non-commercial use, sharing, distribution and reproduction in any medium or format, as long as you give appropriate credit to the original author(s) and the source, provide a link to the Creative Commons licence, and indicate if you modified the licensed material. You do not have permission under this licence to share adapted material derived from this article or parts of it. The images or other third party material in this article are included in the article’s Creative Commons licence, unless indicated otherwise in a credit line to the material. If material is not included in the article’s Creative Commons licence and your intended use is not permitted by statutory regulation or exceeds the permitted use, you will need to obtain permission directly from the copyright holder. To view a copy of this licence, visit http://creativecommons.org/licenses/by-nc-nd/4.0/ .",partial,no quantitative marker; caption-based classification
PMC13569845,"Cheng CH, Watanabe Y, Kajitani T, Samitsu S, Sugiyasu K.",2026,Nature Communications,Nature,10.1038/s41467-026-77392-5,research-article,4,all,microscopy/other,PRIVATE_REFERENCE_ONLY/corpus/PMC13569845/figures/Fig4.webp,"https://creativecommons.org/licenses/by-nc-nd/4.0/ Open Access This article is licensed under a Creative Commons Attribution-NonCommercial-NoDerivatives 4.0 International License, which permits any non-commercial use, sharing, distribution and reproduction in any medium or format, as long as you give appropriate credit to the original author(s) and the source, provide a link to the Creative Commons licence, and indicate if you modified the licensed material. You do not have permission under this licence to share adapted material derived from this article or parts of it. The images or other third party material in this article are included in the article’s Creative Commons licence, unless indicated otherwise in a credit line to the material. If material is not included in the article’s Creative Commons licence and your intended use is not permitted by statutory regulation or exceeds the permitted use, you will need to obtain permission directly from the copyright holder. To view a copy of this licence, visit http://creativecommons.org/licenses/by-nc-nd/4.0/ .",partial,caption-based classification
PMC13569845,"Cheng CH, Watanabe Y, Kajitani T, Samitsu S, Sugiyasu K.",2026,Nature Communications,Nature,10.1038/s41467-026-77392-5,research-article,5,all,line/time-course|bar/group comparison|forest/effect-size,PRIVATE_REFERENCE_ONLY/corpus/PMC13569845/figures/Fig5.webp,"https://creativecommons.org/licenses/by-nc-nd/4.0/ Open Access This article is licensed under a Creative Commons Attribution-NonCommercial-NoDerivatives 4.0 International License, which permits any non-commercial use, sharing, distribution and reproduction in any medium or format, as long as you give appropriate credit to the original author(s) and the source, provide a link to the Creative Commons licence, and indicate if you modified the licensed material. You do not have permission under this licence to share adapted material derived from this article or parts of it. The images or other third party material in this article are included in the article’s Creative Commons licence, unless indicated otherwise in a credit line to the material. If material is not included in the article’s Creative Commons licence and your intended use is not permitted by statutory regulation or exceeds the permitted use, you will need to obtain permission directly from the copyright holder. To view a copy of this licence, visit http://creativecommons.org/licenses/by-nc-nd/4.0/ .",yes,caption-based classification
PMC13569845,"Cheng CH, Watanabe Y, Kajitani T, Samitsu S, Sugiyasu K.",2026,Nature Communications,Nature,10.1038/s41467-026-77392-5,research-article,6,all,line/time-course,PRIVATE_REFERENCE_ONLY/corpus/PMC13569845/figures/Fig6.webp,"https://creativecommons.org/licenses/by-nc-nd/4.0/ Open Access This article is licensed under a Creative Commons Attribution-NonCommercial-NoDerivatives 4.0 International License, which permits any non-commercial use, sharing, distribution and reproduction in any medium or format, as long as you give appropriate credit to the original author(s) and the source, provide a link to the Creative Commons licence, and indicate if you modified the licensed material. You do not have permission under this licence to share adapted material derived from this article or parts of it. The images or other third party material in this article are included in the article’s Creative Commons licence, unless indicated otherwise in a credit line to the material. If material is not included in the article’s Creative Commons licence and your intended use is not permitted by statutory regulation or exceeds the permitted use, you will need to obtain permission directly from the copyright holder. To view a copy of this licence, visit http://creativecommons.org/licenses/by-nc-nd/4.0/ .",partial,caption-based classification
PMC13345946,"Senarathna J, Yang D, Brill J, Das S, Bare S, Ren Y, VanNess D, Dinh V, Karim I, Banerjee AK, Thakor NV, Ying M, Linden DJ, Pathak AP.",2026,Nature Methods,Nature,10.1038/s41592-026-03111-z,research-article,1,all,box/violin|microscopy/other,PRIVATE_REFERENCE_ONLY/corpus/PMC13345946/figures/Fig1.jpg,"https://creativecommons.org/licenses/by/4.0/ Open Access This article is licensed under a Creative Commons Attribution 4.0 International License, which permits use, sharing, adaptation, distribution and reproduction in any medium or format, as long as you give appropriate credit to the original author(s) and the source, provide a link to the Creative Commons licence, and indicate if changes were made. The images or other third party material in this article are included in the article’s Creative Commons licence, unless indicated otherwise in a credit line to the material. If material is not included in the article’s Creative Commons licence and your intended use is not permitted by statutory regulation or exceeds the permitted use, you will need to obtain permission directly from the copyright holder. To view a copy of this licence, visit http://creativecommons.org/licenses/by/4.0/ .",partial,caption-based classification
PMC13345946,"Senarathna J, Yang D, Brill J, Das S, Bare S, Ren Y, VanNess D, Dinh V, Karim I, Banerjee AK, Thakor NV, Ying M, Linden DJ, Pathak AP.",2026,Nature Methods,Nature,10.1038/s41592-026-03111-z,research-article,2,all,line/time-course|bar/group comparison|microscopy/other,PRIVATE_REFERENCE_ONLY/corpus/PMC13345946/figures/Fig2.jpg,"https://creativecommons.org/licenses/by/4.0/ Open Access This article is licensed under a Creative Commons Attribution 4.0 International License, which permits use, sharing, adaptation, distribution and reproduction in any medium or format, as long as you give appropriate credit to the original author(s) and the source, provide a link to the Creative Commons licence, and indicate if changes were made. The images or other third party material in this article are included in the article’s Creative Commons licence, unless indicated otherwise in a credit line to the material. If material is not included in the article’s Creative Commons licence and your intended use is not permitted by statutory regulation or exceeds the permitted use, you will need to obtain permission directly from the copyright holder. To view a copy of this licence, visit http://creativecommons.org/licenses/by/4.0/ .",yes,caption-based classification
PMC13345946,"Senarathna J, Yang D, Brill J, Das S, Bare S, Ren Y, VanNess D, Dinh V, Karim I, Banerjee AK, Thakor NV, Ying M, Linden DJ, Pathak AP.",2026,Nature Methods,Nature,10.1038/s41592-026-03111-z,research-article,3,all,scatter/regression|forest/effect-size|categorical/composition,PRIVATE_REFERENCE_ONLY/corpus/PMC13345946/figures/Fig3.jpg,"https://creativecommons.org/licenses/by/4.0/ Open Access This article is licensed under a Creative Commons Attribution 4.0 International License, which permits use, sharing, adaptation, distribution and reproduction in any medium or format, as long as you give appropriate credit to the original author(s) and the source, provide a link to the Creative Commons licence, and indicate if changes were made. The images or other third party material in this article are included in the article’s Creative Commons licence, unless indicated otherwise in a credit line to the material. If material is not included in the article’s Creative Commons licence and your intended use is not permitted by statutory regulation or exceeds the permitted use, you will need to obtain permission directly from the copyright holder. To view a copy of this licence, visit http://creativecommons.org/licenses/by/4.0/ .",yes,caption-based classification
PMC13345946,"Senarathna J, Yang D, Brill J, Das S, Bare S, Ren Y, VanNess D, Dinh V, Karim I, Banerjee AK, Thakor NV, Ying M, Linden DJ, Pathak AP.",2026,Nature Methods,Nature,10.1038/s41592-026-03111-z,research-article,4,all,line/time-course|box/violin,PRIVATE_REFERENCE_ONLY/corpus/PMC13345946/figures/Fig4.jpg,"https://creativecommons.org/licenses/by/4.0/ Open Access This article is licensed under a Creative Commons Attribution 4.0 International License, which permits use, sharing, adaptation, distribution and reproduction in any medium or format, as long as you give appropriate credit to the original author(s) and the source, provide a link to the Creative Commons licence, and indicate if changes were made. The images or other third party material in this article are included in the article’s Creative Commons licence, unless indicated otherwise in a credit line to the material. If material is not included in the article’s Creative Commons licence and your intended use is not permitted by statutory regulation or exceeds the permitted use, you will need to obtain permission directly from the copyright holder. To view a copy of this licence, visit http://creativecommons.org/licenses/by/4.0/ .",partial,caption-based classification
PMC13345946,"Senarathna J, Yang D, Brill J, Das S, Bare S, Ren Y, VanNess D, Dinh V, Karim I, Banerjee AK, Thakor NV, Ying M, Linden DJ, Pathak AP.",2026,Nature Methods,Nature,10.1038/s41592-026-03111-z,research-article,5,all,scatter/regression|line/time-course|box/violin,PRIVATE_REFERENCE_ONLY/corpus/PMC13345946/figures/Fig5.jpg,"https://creativecommons.org/licenses/by/4.0/ Open Access This article is licensed under a Creative Commons Attribution 4.0 International License, which permits use, sharing, adaptation, distribution and reproduction in any medium or format, as long as you give appropriate credit to the original author(s) and the source, provide a link to the Creative Commons licence, and indicate if changes were made. The images or other third party material in this article are included in the article’s Creative Commons licence, unless indicated otherwise in a credit line to the material. If material is not included in the article’s Creative Commons licence and your intended use is not permitted by statutory regulation or exceeds the permitted use, you will need to obtain permission directly from the copyright holder. To view a copy of this licence, visit http://creativecommons.org/licenses/by/4.0/ .",yes,caption-based classification
PMC13345946,"Senarathna J, Yang D, Brill J, Das S, Bare S, Ren Y, VanNess D, Dinh V, Karim I, Banerjee AK, Thakor NV, Ying M, Linden DJ, Pathak AP.",2026,Nature Methods,Nature,10.1038/s41592-026-03111-z,research-article,6,all,bar/group comparison|forest/effect-size,PRIVATE_REFERENCE_ONLY/corpus/PMC13345946/figures/Fig6.jpg,"https://creativecommons.org/licenses/by/4.0/ Open Access This article is licensed under a Creative Commons Attribution 4.0 International License, which permits use, sharing, adaptation, distribution and reproduction in any medium or format, as long as you give appropriate credit to the original author(s) and the source, provide a link to the Creative Commons licence, and indicate if changes were made. The images or other third party material in this article are included in the article’s Creative Commons licence, unless indicated otherwise in a credit line to the material. If material is not included in the article’s Creative Commons licence and your intended use is not permitted by statutory regulation or exceeds the permitted use, you will need to obtain permission directly from the copyright holder. To view a copy of this licence, visit http://creativecommons.org/licenses/by/4.0/ .",partial,caption-based classification
PMC13346115,"Selin M, Ciarlo A, Pesce G, Bengtsson L, Camunas-Soler J, Sundar Rajan V, Westerlund F, Wilhelmsson LM, Pastor I, Ritort F, Smith SB, Bustamante C, Volpe G.",2026,Nature Methods,Nature,10.1038/s41592-026-03129-3,research-article,1,all,scatter/regression|microscopy/other,PRIVATE_REFERENCE_ONLY/corpus/PMC13346115/figures/Fig1.jpg,"https://creativecommons.org/licenses/by/4.0/ Open Access This article is licensed under a Creative Commons Attribution 4.0 International License, which permits use, sharing, adaptation, distribution and reproduction in any medium or format, as long as you give appropriate credit to the original author(s) and the source, provide a link to the Creative Commons licence, and indicate if changes were made. The images or other third party material in this article are included in the article’s Creative Commons licence, unless indicated otherwise in a credit line to the material. If material is not included in the article’s Creative Commons licence and your intended use is not permitted by statutory regulation or exceeds the permitted use, you will need to obtain permission directly from the copyright holder. To view a copy of this licence, visit http://creativecommons.org/licenses/by/4.0/ .",yes,caption-based classification
PMC13346115,"Selin M, Ciarlo A, Pesce G, Bengtsson L, Camunas-Soler J, Sundar Rajan V, Westerlund F, Wilhelmsson LM, Pastor I, Ritort F, Smith SB, Bustamante C, Volpe G.",2026,Nature Methods,Nature,10.1038/s41592-026-03129-3,research-article,2,all,microscopy/other,PRIVATE_REFERENCE_ONLY/corpus/PMC13346115/figures/Fig2.jpg,"https://creativecommons.org/licenses/by/4.0/ Open Access This article is licensed under a Creative Commons Attribution 4.0 International License, which permits use, sharing, adaptation, distribution and reproduction in any medium or format, as long as you give appropriate credit to the original author(s) and the source, provide a link to the Creative Commons licence, and indicate if changes were made. The images or other third party material in this article are included in the article’s Creative Commons licence, unless indicated otherwise in a credit line to the material. If material is not included in the article’s Creative Commons licence and your intended use is not permitted by statutory regulation or exceeds the permitted use, you will need to obtain permission directly from the copyright holder. To view a copy of this licence, visit http://creativecommons.org/licenses/by/4.0/ .",partial,no quantitative marker; caption-based classification
PMC13346115,"Selin M, Ciarlo A, Pesce G, Bengtsson L, Camunas-Soler J, Sundar Rajan V, Westerlund F, Wilhelmsson LM, Pastor I, Ritort F, Smith SB, Bustamante C, Volpe G.",2026,Nature Methods,Nature,10.1038/s41592-026-03129-3,research-article,3,all,categorical/composition,PRIVATE_REFERENCE_ONLY/corpus/PMC13346115/figures/Fig3.jpg,"https://creativecommons.org/licenses/by/4.0/ Open Access This article is licensed under a Creative Commons Attribution 4.0 International License, which permits use, sharing, adaptation, distribution and reproduction in any medium or format, as long as you give appropriate credit to the original author(s) and the source, provide a link to the Creative Commons licence, and indicate if changes were made. The images or other third party material in this article are included in the article’s Creative Commons licence, unless indicated otherwise in a credit line to the material. If material is not included in the article’s Creative Commons licence and your intended use is not permitted by statutory regulation or exceeds the permitted use, you will need to obtain permission directly from the copyright holder. To view a copy of this licence, visit http://creativecommons.org/licenses/by/4.0/ .",partial,caption-based classification
PMC13346115,"Selin M, Ciarlo A, Pesce G, Bengtsson L, Camunas-Soler J, Sundar Rajan V, Westerlund F, Wilhelmsson LM, Pastor I, Ritort F, Smith SB, Bustamante C, Volpe G.",2026,Nature Methods,Nature,10.1038/s41592-026-03129-3,research-article,4,all,line/time-course,PRIVATE_REFERENCE_ONLY/corpus/PMC13346115/figures/Fig4.jpg,"https://creativecommons.org/licenses/by/4.0/ Open Access This article is licensed under a Creative Commons Attribution 4.0 International License, which permits use, sharing, adaptation, distribution and reproduction in any medium or format, as long as you give appropriate credit to the original author(s) and the source, provide a link to the Creative Commons licence, and indicate if changes were made. The images or other third party material in this article are included in the article’s Creative Commons licence, unless indicated otherwise in a credit line to the material. If material is not included in the article’s Creative Commons licence and your intended use is not permitted by statutory regulation or exceeds the permitted use, you will need to obtain permission directly from the copyright holder. To view a copy of this licence, visit http://creativecommons.org/licenses/by/4.0/ .",partial,caption-based classification
PMC13346115,"Selin M, Ciarlo A, Pesce G, Bengtsson L, Camunas-Soler J, Sundar Rajan V, Westerlund F, Wilhelmsson LM, Pastor I, Ritort F, Smith SB, Bustamante C, Volpe G.",2026,Nature Methods,Nature,10.1038/s41592-026-03129-3,research-article,5,all,bar/group comparison,PRIVATE_REFERENCE_ONLY/corpus/PMC13346115/figures/Fig5.jpg,"https://creativecommons.org/licenses/by/4.0/ Open Access This article is licensed under a Creative Commons Attribution 4.0 International License, which permits use, sharing, adaptation, distribution and reproduction in any medium or format, as long as you give appropriate credit to the original author(s) and the source, provide a link to the Creative Commons licence, and indicate if changes were made. The images or other third party material in this article are included in the article’s Creative Commons licence, unless indicated otherwise in a credit line to the material. If material is not included in the article’s Creative Commons licence and your intended use is not permitted by statutory regulation or exceeds the permitted use, you will need to obtain permission directly from the copyright holder. To view a copy of this licence, visit http://creativecommons.org/licenses/by/4.0/ .",yes,caption-based classification
PMC13346115,"Selin M, Ciarlo A, Pesce G, Bengtsson L, Camunas-Soler J, Sundar Rajan V, Westerlund F, Wilhelmsson LM, Pastor I, Ritort F, Smith SB, Bustamante C, Volpe G.",2026,Nature Methods,Nature,10.1038/s41592-026-03129-3,research-article,6,all,microscopy/other,PRIVATE_REFERENCE_ONLY/corpus/PMC13346115/figures/Fig6.jpg,"https://creativecommons.org/licenses/by/4.0/ Open Access This article is licensed under a Creative Commons Attribution 4.0 International License, which permits use, sharing, adaptation, distribution and reproduction in any medium or format, as long as you give appropriate credit to the original author(s) and the source, provide a link to the Creative Commons licence, and indicate if changes were made. The images or other third party material in this article are included in the article’s Creative Commons licence, unless indicated otherwise in a credit line to the material. If material is not included in the article’s Creative Commons licence and your intended use is not permitted by statutory regulation or exceeds the permitted use, you will need to obtain permission directly from the copyright holder. To view a copy of this licence, visit http://creativecommons.org/licenses/by/4.0/ .",partial,no quantitative marker; caption-based classification
PMC13441886,"Meyer-Bender M, Vöhringer H, Schniederjohann C, Koziel S, Chung E, Popova E, Brobeil A, Griese N, Kolks N, Held LM, Munir A, Scverse Community, Dietrich S, Bruch PM, Huber W.",2026,Nature Methods,Nature,10.1038/s41592-026-03155-1,research-article,1,all,heatmap|microscopy/other,PRIVATE_REFERENCE_ONLY/corpus/PMC13441886/figures/Fig1.jpg,"https://creativecommons.org/licenses/by/4.0/ Open Access This article is licensed under a Creative Commons Attribution 4.0 International License, which permits use, sharing, adaptation, distribution and reproduction in any medium or format, as long as you give appropriate credit to the original author(s) and the source, provide a link to the Creative Commons licence, and indicate if changes were made. The images or other third party material in this article are included in the article’s Creative Commons licence, unless indicated otherwise in a credit line to the material. If material is not included in the article’s Creative Commons licence and your intended use is not permitted by statutory regulation or exceeds the permitted use, you will need to obtain permission directly from the copyright holder. To view a copy of this licence, visit http://creativecommons.org/licenses/by/4.0/ .",yes,caption-based classification
PMC13441886,"Meyer-Bender M, Vöhringer H, Schniederjohann C, Koziel S, Chung E, Popova E, Brobeil A, Griese N, Kolks N, Held LM, Munir A, Scverse Community, Dietrich S, Bruch PM, Huber W.",2026,Nature Methods,Nature,10.1038/s41592-026-03155-1,research-article,2,all,categorical/composition,PRIVATE_REFERENCE_ONLY/corpus/PMC13441886/figures/Fig2.jpg,"https://creativecommons.org/licenses/by/4.0/ Open Access This article is licensed under a Creative Commons Attribution 4.0 International License, which permits use, sharing, adaptation, distribution and reproduction in any medium or format, as long as you give appropriate credit to the original author(s) and the source, provide a link to the Creative Commons licence, and indicate if changes were made. The images or other third party material in this article are included in the article’s Creative Commons licence, unless indicated otherwise in a credit line to the material. If material is not included in the article’s Creative Commons licence and your intended use is not permitted by statutory regulation or exceeds the permitted use, you will need to obtain permission directly from the copyright holder. To view a copy of this licence, visit http://creativecommons.org/licenses/by/4.0/ .",partial,caption-based classification
PMC13441886,"Meyer-Bender M, Vöhringer H, Schniederjohann C, Koziel S, Chung E, Popova E, Brobeil A, Griese N, Kolks N, Held LM, Munir A, Scverse Community, Dietrich S, Bruch PM, Huber W.",2026,Nature Methods,Nature,10.1038/s41592-026-03155-1,research-article,3,all,bar/group comparison|forest/effect-size,PRIVATE_REFERENCE_ONLY/corpus/PMC13441886/figures/Fig3.jpg,"https://creativecommons.org/licenses/by/4.0/ Open Access This article is licensed under a Creative Commons Attribution 4.0 International License, which permits use, sharing, adaptation, distribution and reproduction in any medium or format, as long as you give appropriate credit to the original author(s) and the source, provide a link to the Creative Commons licence, and indicate if changes were made. The images or other third party material in this article are included in the article’s Creative Commons licence, unless indicated otherwise in a credit line to the material. If material is not included in the article’s Creative Commons licence and your intended use is not permitted by statutory regulation or exceeds the permitted use, you will need to obtain permission directly from the copyright holder. To view a copy of this licence, visit http://creativecommons.org/licenses/by/4.0/ .",yes,caption-based classification
PMC13441886,"Meyer-Bender M, Vöhringer H, Schniederjohann C, Koziel S, Chung E, Popova E, Brobeil A, Griese N, Kolks N, Held LM, Munir A, Scverse Community, Dietrich S, Bruch PM, Huber W.",2026,Nature Methods,Nature,10.1038/s41592-026-03155-1,research-article,4,all,microscopy/other,PRIVATE_REFERENCE_ONLY/corpus/PMC13441886/figures/Fig4.jpg,"https://creativecommons.org/licenses/by/4.0/ Open Access This article is licensed under a Creative Commons Attribution 4.0 International License, which permits use, sharing, adaptation, distribution and reproduction in any medium or format, as long as you give appropriate credit to the original author(s) and the source, provide a link to the Creative Commons licence, and indicate if changes were made. The images or other third party material in this article are included in the article’s Creative Commons licence, unless indicated otherwise in a credit line to the material. If material is not included in the article’s Creative Commons licence and your intended use is not permitted by statutory regulation or exceeds the permitted use, you will need to obtain permission directly from the copyright holder. To view a copy of this licence, visit http://creativecommons.org/licenses/by/4.0/ .",partial,unclassified-quantitative; caption-based classification
PMC13441889,"Dickscheid T, Gui X, Simsek AN, Schiffer C, Mangin JF, Leprince Y, Jirsa V, Bjaalie JG, Leergaard TB, Bludau S, Amunts K.",2026,Nature Methods,Nature,10.1038/s41592-026-03159-x,research-article,1,all,microscopy/other,PRIVATE_REFERENCE_ONLY/corpus/PMC13441889/figures/Fig1.jpg,"https://creativecommons.org/licenses/by/4.0/ Open Access This article is licensed under a Creative Commons Attribution 4.0 International License, which permits use, sharing, adaptation, distribution and reproduction in any medium or format, as long as you give appropriate credit to the original author(s) and the source, provide a link to the Creative Commons licence, and indicate if changes were made. The images or other third party material in this article are included in the article’s Creative Commons licence, unless indicated otherwise in a credit line to the material. If material is not included in the article’s Creative Commons licence and your intended use is not permitted by statutory regulation or exceeds the permitted use, you will need to obtain permission directly from the copyright holder. To view a copy of this licence, visit http://creativecommons.org/licenses/by/4.0/ .",partial,no quantitative marker; caption-based classification
PMC13441889,"Dickscheid T, Gui X, Simsek AN, Schiffer C, Mangin JF, Leprince Y, Jirsa V, Bjaalie JG, Leergaard TB, Bludau S, Amunts K.",2026,Nature Methods,Nature,10.1038/s41592-026-03159-x,research-article,2,all,microscopy/other,PRIVATE_REFERENCE_ONLY/corpus/PMC13441889/figures/Fig2.jpg,"https://creativecommons.org/licenses/by/4.0/ Open Access This article is licensed under a Creative Commons Attribution 4.0 International License, which permits use, sharing, adaptation, distribution and reproduction in any medium or format, as long as you give appropriate credit to the original author(s) and the source, provide a link to the Creative Commons licence, and indicate if changes were made. The images or other third party material in this article are included in the article’s Creative Commons licence, unless indicated otherwise in a credit line to the material. If material is not included in the article’s Creative Commons licence and your intended use is not permitted by statutory regulation or exceeds the permitted use, you will need to obtain permission directly from the copyright holder. To view a copy of this licence, visit http://creativecommons.org/licenses/by/4.0/ .",partial,no quantitative marker; caption-based classification
PMC13441889,"Dickscheid T, Gui X, Simsek AN, Schiffer C, Mangin JF, Leprince Y, Jirsa V, Bjaalie JG, Leergaard TB, Bludau S, Amunts K.",2026,Nature Methods,Nature,10.1038/s41592-026-03159-x,research-article,3,all,scatter/regression,PRIVATE_REFERENCE_ONLY/corpus/PMC13441889/figures/Fig3.jpg,"https://creativecommons.org/licenses/by/4.0/ Open Access This article is licensed under a Creative Commons Attribution 4.0 International License, which permits use, sharing, adaptation, distribution and reproduction in any medium or format, as long as you give appropriate credit to the original author(s) and the source, provide a link to the Creative Commons licence, and indicate if changes were made. The images or other third party material in this article are included in the article’s Creative Commons licence, unless indicated otherwise in a credit line to the material. If material is not included in the article’s Creative Commons licence and your intended use is not permitted by statutory regulation or exceeds the permitted use, you will need to obtain permission directly from the copyright holder. To view a copy of this licence, visit http://creativecommons.org/licenses/by/4.0/ .",yes,caption-based classification
PMC13441889,"Dickscheid T, Gui X, Simsek AN, Schiffer C, Mangin JF, Leprince Y, Jirsa V, Bjaalie JG, Leergaard TB, Bludau S, Amunts K.",2026,Nature Methods,Nature,10.1038/s41592-026-03159-x,research-article,4,all,scatter/regression|bar/group comparison|box/violin|dot/bubble,PRIVATE_REFERENCE_ONLY/corpus/PMC13441889/figures/Fig4.jpg,"https://creativecommons.org/licenses/by/4.0/ Open Access This article is licensed under a Creative Commons Attribution 4.0 International License, which permits use, sharing, adaptation, distribution and reproduction in any medium or format, as long as you give appropriate credit to the original author(s) and the source, provide a link to the Creative Commons licence, and indicate if changes were made. The images or other third party material in this article are included in the article’s Creative Commons licence, unless indicated otherwise in a credit line to the material. If material is not included in the article’s Creative Commons licence and your intended use is not permitted by statutory regulation or exceeds the permitted use, you will need to obtain permission directly from the copyright holder. To view a copy of this licence, visit http://creativecommons.org/licenses/by/4.0/ .",yes,caption-based classification
PMC13441889,"Dickscheid T, Gui X, Simsek AN, Schiffer C, Mangin JF, Leprince Y, Jirsa V, Bjaalie JG, Leergaard TB, Bludau S, Amunts K.",2026,Nature Methods,Nature,10.1038/s41592-026-03159-x,research-article,5,all,microscopy/other,PRIVATE_REFERENCE_ONLY/corpus/PMC13441889/figures/Fig5.jpg,"https://creativecommons.org/licenses/by/4.0/ Open Access This article is licensed under a Creative Commons Attribution 4.0 International License, which permits use, sharing, adaptation, distribution and reproduction in any medium or format, as long as you give appropriate credit to the original author(s) and the source, provide a link to the Creative Commons licence, and indicate if changes were made. The images or other third party material in this article are included in the article’s Creative Commons licence, unless indicated otherwise in a credit line to the material. If material is not included in the article’s Creative Commons licence and your intended use is not permitted by statutory regulation or exceeds the permitted use, you will need to obtain permission directly from the copyright holder. To view a copy of this licence, visit http://creativecommons.org/licenses/by/4.0/ .",partial,no quantitative marker; caption-based classification
PMC13441889,"Dickscheid T, Gui X, Simsek AN, Schiffer C, Mangin JF, Leprince Y, Jirsa V, Bjaalie JG, Leergaard TB, Bludau S, Amunts K.",2026,Nature Methods,Nature,10.1038/s41592-026-03159-x,research-article,6,all,scatter/regression|forest/effect-size,PRIVATE_REFERENCE_ONLY/corpus/PMC13441889/figures/Fig6.jpg,"https://creativecommons.org/licenses/by/4.0/ Open Access This article is licensed under a Creative Commons Attribution 4.0 International License, which permits use, sharing, adaptation, distribution and reproduction in any medium or format, as long as you give appropriate credit to the original author(s) and the source, provide a link to the Creative Commons licence, and indicate if changes were made. The images or other third party material in this article are included in the article’s Creative Commons licence, unless indicated otherwise in a credit line to the material. If material is not included in the article’s Creative Commons licence and your intended use is not permitted by statutory regulation or exceeds the permitted use, you will need to obtain permission directly from the copyright holder. To view a copy of this licence, visit http://creativecommons.org/licenses/by/4.0/ .",yes,caption-based classification
PMC13442000,"Roh H, Kim D, Kim B, Jeon Y, Malhotra S, Kim H, Kim Y, Jacko M, Klein PM, Lin C, Xu F, Soltesz I, Um JW, Ting AY.",2026,Nature Methods,Nature,10.1038/s41592-026-03176-w,research-article,1,all,bar/group comparison|categorical/composition|microscopy/other,PRIVATE_REFERENCE_ONLY/corpus/PMC13442000/figures/Fig1.jpg,"https://creativecommons.org/licenses/by-nc-nd/4.0/ Open Access This article is licensed under a Creative Commons Attribution-NonCommercial-NoDerivatives 4.0 International License, which permits any non-commercial use, sharing, distribution and reproduction in any medium or format, as long as you give appropriate credit to the original author(s) and the source, provide a link to the Creative Commons licence, and indicate if you modified the licensed material. You do not have permission under this licence to share adapted material derived from this article or parts of it. The images or other third party material in this article are included in the article’s Creative Commons licence, unless indicated otherwise in a credit line to the material. If material is not included in the article’s Creative Commons licence and your intended use is not permitted by statutory regulation or exceeds the permitted use, you will need to obtain permission directly from the copyright holder. To view a copy of this licence, visit http://creativecommons.org/licenses/by-nc-nd/4.0/ .",yes,caption-based classification
PMC13442000,"Roh H, Kim D, Kim B, Jeon Y, Malhotra S, Kim H, Kim Y, Jacko M, Klein PM, Lin C, Xu F, Soltesz I, Um JW, Ting AY.",2026,Nature Methods,Nature,10.1038/s41592-026-03176-w,research-article,2,all,line/time-course|bar/group comparison|microscopy/other,PRIVATE_REFERENCE_ONLY/corpus/PMC13442000/figures/Fig2.jpg,"https://creativecommons.org/licenses/by-nc-nd/4.0/ Open Access This article is licensed under a Creative Commons Attribution-NonCommercial-NoDerivatives 4.0 International License, which permits any non-commercial use, sharing, distribution and reproduction in any medium or format, as long as you give appropriate credit to the original author(s) and the source, provide a link to the Creative Commons licence, and indicate if you modified the licensed material. You do not have permission under this licence to share adapted material derived from this article or parts of it. The images or other third party material in this article are included in the article’s Creative Commons licence, unless indicated otherwise in a credit line to the material. If material is not included in the article’s Creative Commons licence and your intended use is not permitted by statutory regulation or exceeds the permitted use, you will need to obtain permission directly from the copyright holder. To view a copy of this licence, visit http://creativecommons.org/licenses/by-nc-nd/4.0/ .",yes,caption-based classification
PMC13442000,"Roh H, Kim D, Kim B, Jeon Y, Malhotra S, Kim H, Kim Y, Jacko M, Klein PM, Lin C, Xu F, Soltesz I, Um JW, Ting AY.",2026,Nature Methods,Nature,10.1038/s41592-026-03176-w,research-article,3,all,line/time-course|bar/group comparison|microscopy/other,PRIVATE_REFERENCE_ONLY/corpus/PMC13442000/figures/Fig3.jpg,"https://creativecommons.org/licenses/by-nc-nd/4.0/ Open Access This article is licensed under a Creative Commons Attribution-NonCommercial-NoDerivatives 4.0 International License, which permits any non-commercial use, sharing, distribution and reproduction in any medium or format, as long as you give appropriate credit to the original author(s) and the source, provide a link to the Creative Commons licence, and indicate if you modified the licensed material. You do not have permission under this licence to share adapted material derived from this article or parts of it. The images or other third party material in this article are included in the article’s Creative Commons licence, unless indicated otherwise in a credit line to the material. If material is not included in the article’s Creative Commons licence and your intended use is not permitted by statutory regulation or exceeds the permitted use, you will need to obtain permission directly from the copyright holder. To view a copy of this licence, visit http://creativecommons.org/licenses/by-nc-nd/4.0/ .",yes,caption-based classification
PMC13442000,"Roh H, Kim D, Kim B, Jeon Y, Malhotra S, Kim H, Kim Y, Jacko M, Klein PM, Lin C, Xu F, Soltesz I, Um JW, Ting AY.",2026,Nature Methods,Nature,10.1038/s41592-026-03176-w,research-article,4,all,bar/group comparison|heatmap|microscopy/other,PRIVATE_REFERENCE_ONLY/corpus/PMC13442000/figures/Fig4.jpg,"https://creativecommons.org/licenses/by-nc-nd/4.0/ Open Access This article is licensed under a Creative Commons Attribution-NonCommercial-NoDerivatives 4.0 International License, which permits any non-commercial use, sharing, distribution and reproduction in any medium or format, as long as you give appropriate credit to the original author(s) and the source, provide a link to the Creative Commons licence, and indicate if you modified the licensed material. You do not have permission under this licence to share adapted material derived from this article or parts of it. The images or other third party material in this article are included in the article’s Creative Commons licence, unless indicated otherwise in a credit line to the material. If material is not included in the article’s Creative Commons licence and your intended use is not permitted by statutory regulation or exceeds the permitted use, you will need to obtain permission directly from the copyright holder. To view a copy of this licence, visit http://creativecommons.org/licenses/by-nc-nd/4.0/ .",yes,caption-based classification
PMC13442000,"Roh H, Kim D, Kim B, Jeon Y, Malhotra S, Kim H, Kim Y, Jacko M, Klein PM, Lin C, Xu F, Soltesz I, Um JW, Ting AY.",2026,Nature Methods,Nature,10.1038/s41592-026-03176-w,research-article,5,all,bar/group comparison|dot/bubble|microscopy/other,PRIVATE_REFERENCE_ONLY/corpus/PMC13442000/figures/Fig5.jpg,"https://creativecommons.org/licenses/by-nc-nd/4.0/ Open Access This article is licensed under a Creative Commons Attribution-NonCommercial-NoDerivatives 4.0 International License, which permits any non-commercial use, sharing, distribution and reproduction in any medium or format, as long as you give appropriate credit to the original author(s) and the source, provide a link to the Creative Commons licence, and indicate if you modified the licensed material. You do not have permission under this licence to share adapted material derived from this article or parts of it. The images or other third party material in this article are included in the article’s Creative Commons licence, unless indicated otherwise in a credit line to the material. If material is not included in the article’s Creative Commons licence and your intended use is not permitted by statutory regulation or exceeds the permitted use, you will need to obtain permission directly from the copyright holder. To view a copy of this licence, visit http://creativecommons.org/licenses/by-nc-nd/4.0/ .",yes,caption-based classification
PMC13442000,"Roh H, Kim D, Kim B, Jeon Y, Malhotra S, Kim H, Kim Y, Jacko M, Klein PM, Lin C, Xu F, Soltesz I, Um JW, Ting AY.",2026,Nature Methods,Nature,10.1038/s41592-026-03176-w,research-article,6,all,bar/group comparison|microscopy/other,PRIVATE_REFERENCE_ONLY/corpus/PMC13442000/figures/Fig6.jpg,"https://creativecommons.org/licenses/by-nc-nd/4.0/ Open Access This article is licensed under a Creative Commons Attribution-NonCommercial-NoDerivatives 4.0 International License, which permits any non-commercial use, sharing, distribution and reproduction in any medium or format, as long as you give appropriate credit to the original author(s) and the source, provide a link to the Creative Commons licence, and indicate if you modified the licensed material. You do not have permission under this licence to share adapted material derived from this article or parts of it. The images or other third party material in this article are included in the article’s Creative Commons licence, unless indicated otherwise in a credit line to the material. If material is not included in the article’s Creative Commons licence and your intended use is not permitted by statutory regulation or exceeds the permitted use, you will need to obtain permission directly from the copyright holder. To view a copy of this licence, visit http://creativecommons.org/licenses/by-nc-nd/4.0/ .",yes,caption-based classification
PMC13541613,"Jolma A, Hernandez-Corchado A, Yang AWH, Fathi A, Laverty KU, Brechalov A, Razavi R, Albu M, Zheng H, Codebook Consortium, Kulakovskiy IV, Najafabadi HS, Hughes TR.",2026,Nature Methods,Nature,10.1038/s41592-026-03177-9,research-article,1,all,microscopy/other,PRIVATE_REFERENCE_ONLY/corpus/PMC13541613/figures/Fig1.webp,"https://creativecommons.org/licenses/by/4.0/ Open Access This article is licensed under a Creative Commons Attribution 4.0 International License, which permits use, sharing, adaptation, distribution and reproduction in any medium or format, as long as you give appropriate credit to the original author(s) and the source, provide a link to the Creative Commons licence, and indicate if changes were made. The images or other third party material in this article are included in the article’s Creative Commons licence, unless indicated otherwise in a credit line to the material. If material is not included in the article’s Creative Commons licence and your intended use is not permitted by statutory regulation or exceeds the permitted use, you will need to obtain permission directly from the copyright holder. To view a copy of this licence, visit http://creativecommons.org/licenses/by/4.0/ .",partial,caption-based classification
PMC13541613,"Jolma A, Hernandez-Corchado A, Yang AWH, Fathi A, Laverty KU, Brechalov A, Razavi R, Albu M, Zheng H, Codebook Consortium, Kulakovskiy IV, Najafabadi HS, Hughes TR.",2026,Nature Methods,Nature,10.1038/s41592-026-03177-9,research-article,2,all,scatter/regression|bar/group comparison|categorical/composition,PRIVATE_REFERENCE_ONLY/corpus/PMC13541613/figures/Fig2.webp,"https://creativecommons.org/licenses/by/4.0/ Open Access This article is licensed under a Creative Commons Attribution 4.0 International License, which permits use, sharing, adaptation, distribution and reproduction in any medium or format, as long as you give appropriate credit to the original author(s) and the source, provide a link to the Creative Commons licence, and indicate if changes were made. The images or other third party material in this article are included in the article’s Creative Commons licence, unless indicated otherwise in a credit line to the material. If material is not included in the article’s Creative Commons licence and your intended use is not permitted by statutory regulation or exceeds the permitted use, you will need to obtain permission directly from the copyright holder. To view a copy of this licence, visit http://creativecommons.org/licenses/by/4.0/ .",yes,caption-based classification
PMC13541613,"Jolma A, Hernandez-Corchado A, Yang AWH, Fathi A, Laverty KU, Brechalov A, Razavi R, Albu M, Zheng H, Codebook Consortium, Kulakovskiy IV, Najafabadi HS, Hughes TR.",2026,Nature Methods,Nature,10.1038/s41592-026-03177-9,research-article,3,all,microscopy/other,PRIVATE_REFERENCE_ONLY/corpus/PMC13541613/figures/Fig3.webp,"https://creativecommons.org/licenses/by/4.0/ Open Access This article is licensed under a Creative Commons Attribution 4.0 International License, which permits use, sharing, adaptation, distribution and reproduction in any medium or format, as long as you give appropriate credit to the original author(s) and the source, provide a link to the Creative Commons licence, and indicate if changes were made. The images or other third party material in this article are included in the article’s Creative Commons licence, unless indicated otherwise in a credit line to the material. If material is not included in the article’s Creative Commons licence and your intended use is not permitted by statutory regulation or exceeds the permitted use, you will need to obtain permission directly from the copyright holder. To view a copy of this licence, visit http://creativecommons.org/licenses/by/4.0/ .",partial,caption-based classification
PMC13541613,"Jolma A, Hernandez-Corchado A, Yang AWH, Fathi A, Laverty KU, Brechalov A, Razavi R, Albu M, Zheng H, Codebook Consortium, Kulakovskiy IV, Najafabadi HS, Hughes TR.",2026,Nature Methods,Nature,10.1038/s41592-026-03177-9,research-article,4,all,scatter/regression|categorical/composition,PRIVATE_REFERENCE_ONLY/corpus/PMC13541613/figures/Fig4.webp,"https://creativecommons.org/licenses/by/4.0/ Open Access This article is licensed under a Creative Commons Attribution 4.0 International License, which permits use, sharing, adaptation, distribution and reproduction in any medium or format, as long as you give appropriate credit to the original author(s) and the source, provide a link to the Creative Commons licence, and indicate if changes were made. The images or other third party material in this article are included in the article’s Creative Commons licence, unless indicated otherwise in a credit line to the material. If material is not included in the article’s Creative Commons licence and your intended use is not permitted by statutory regulation or exceeds the permitted use, you will need to obtain permission directly from the copyright holder. To view a copy of this licence, visit http://creativecommons.org/licenses/by/4.0/ .",yes,caption-based classification
PMC13541613,"Jolma A, Hernandez-Corchado A, Yang AWH, Fathi A, Laverty KU, Brechalov A, Razavi R, Albu M, Zheng H, Codebook Consortium, Kulakovskiy IV, Najafabadi HS, Hughes TR.",2026,Nature Methods,Nature,10.1038/s41592-026-03177-9,research-article,5,all,microscopy/other,PRIVATE_REFERENCE_ONLY/corpus/PMC13541613/figures/Fig5.webp,"https://creativecommons.org/licenses/by/4.0/ Open Access This article is licensed under a Creative Commons Attribution 4.0 International License, which permits use, sharing, adaptation, distribution and reproduction in any medium or format, as long as you give appropriate credit to the original author(s) and the source, provide a link to the Creative Commons licence, and indicate if changes were made. The images or other third party material in this article are included in the article’s Creative Commons licence, unless indicated otherwise in a credit line to the material. If material is not included in the article’s Creative Commons licence and your intended use is not permitted by statutory regulation or exceeds the permitted use, you will need to obtain permission directly from the copyright holder. To view a copy of this licence, visit http://creativecommons.org/licenses/by/4.0/ .",partial,no quantitative marker; caption-based classification
PMC13541613,"Jolma A, Hernandez-Corchado A, Yang AWH, Fathi A, Laverty KU, Brechalov A, Razavi R, Albu M, Zheng H, Codebook Consortium, Kulakovskiy IV, Najafabadi HS, Hughes TR.",2026,Nature Methods,Nature,10.1038/s41592-026-03177-9,research-article,6,all,scatter/regression|bar/group comparison,PRIVATE_REFERENCE_ONLY/corpus/PMC13541613/figures/Fig6.webp,"https://creativecommons.org/licenses/by/4.0/ Open Access This article is licensed under a Creative Commons Attribution 4.0 International License, which permits use, sharing, adaptation, distribution and reproduction in any medium or format, as long as you give appropriate credit to the original author(s) and the source, provide a link to the Creative Commons licence, and indicate if changes were made. The images or other third party material in this article are included in the article’s Creative Commons licence, unless indicated otherwise in a credit line to the material. If material is not included in the article’s Creative Commons licence and your intended use is not permitted by statutory regulation or exceeds the permitted use, you will need to obtain permission directly from the copyright holder. To view a copy of this licence, visit http://creativecommons.org/licenses/by/4.0/ .",yes,caption-based classification
PMC13541614,"Widatalla T, Borah AA, King SH, Driscoll CL, Rafailov R, Hie BL.",2026,Nature Methods,Nature,10.1038/s41592-026-03137-3,research-article,1,all,microscopy/other,PRIVATE_REFERENCE_ONLY/corpus/PMC13541614/figures/Fig1.webp,"https://creativecommons.org/licenses/by/4.0/ Open Access This article is licensed under a Creative Commons Attribution 4.0 International License, which permits use, sharing, adaptation, distribution and reproduction in any medium or format, as long as you give appropriate credit to the original author(s) and the source, provide a link to the Creative Commons licence, and indicate if changes were made. The images or other third party material in this article are included in the article’s Creative Commons licence, unless indicated otherwise in a credit line to the material. If material is not included in the article’s Creative Commons licence and your intended use is not permitted by statutory regulation or exceeds the permitted use, you will need to obtain permission directly from the copyright holder. To view a copy of this licence, visit http://creativecommons.org/licenses/by/4.0/ .",partial,no quantitative marker; caption-based classification
PMC13541614,"Widatalla T, Borah AA, King SH, Driscoll CL, Rafailov R, Hie BL.",2026,Nature Methods,Nature,10.1038/s41592-026-03137-3,research-article,2,all,scatter/regression,PRIVATE_REFERENCE_ONLY/corpus/PMC13541614/figures/Fig2.webp,"https://creativecommons.org/licenses/by/4.0/ Open Access This article is licensed under a Creative Commons Attribution 4.0 International License, which permits use, sharing, adaptation, distribution and reproduction in any medium or format, as long as you give appropriate credit to the original author(s) and the source, provide a link to the Creative Commons licence, and indicate if changes were made. The images or other third party material in this article are included in the article’s Creative Commons licence, unless indicated otherwise in a credit line to the material. If material is not included in the article’s Creative Commons licence and your intended use is not permitted by statutory regulation or exceeds the permitted use, you will need to obtain permission directly from the copyright holder. To view a copy of this licence, visit http://creativecommons.org/licenses/by/4.0/ .",yes,caption-based classification
PMC13541614,"Widatalla T, Borah AA, King SH, Driscoll CL, Rafailov R, Hie BL.",2026,Nature Methods,Nature,10.1038/s41592-026-03137-3,research-article,3,all,scatter/regression,PRIVATE_REFERENCE_ONLY/corpus/PMC13541614/figures/Fig3.webp,"https://creativecommons.org/licenses/by/4.0/ Open Access This article is licensed under a Creative Commons Attribution 4.0 International License, which permits use, sharing, adaptation, distribution and reproduction in any medium or format, as long as you give appropriate credit to the original author(s) and the source, provide a link to the Creative Commons licence, and indicate if changes were made. The images or other third party material in this article are included in the article’s Creative Commons licence, unless indicated otherwise in a credit line to the material. If material is not included in the article’s Creative Commons licence and your intended use is not permitted by statutory regulation or exceeds the permitted use, you will need to obtain permission directly from the copyright holder. To view a copy of this licence, visit http://creativecommons.org/licenses/by/4.0/ .",yes,caption-based classification
PMC13541614,"Widatalla T, Borah AA, King SH, Driscoll CL, Rafailov R, Hie BL.",2026,Nature Methods,Nature,10.1038/s41592-026-03137-3,research-article,4,all,line/time-course,PRIVATE_REFERENCE_ONLY/corpus/PMC13541614/figures/Fig4.webp,"https://creativecommons.org/licenses/by/4.0/ Open Access This article is licensed under a Creative Commons Attribution 4.0 International License, which permits use, sharing, adaptation, distribution and reproduction in any medium or format, as long as you give appropriate credit to the original author(s) and the source, provide a link to the Creative Commons licence, and indicate if changes were made. The images or other third party material in this article are included in the article’s Creative Commons licence, unless indicated otherwise in a credit line to the material. If material is not included in the article’s Creative Commons licence and your intended use is not permitted by statutory regulation or exceeds the permitted use, you will need to obtain permission directly from the copyright holder. To view a copy of this licence, visit http://creativecommons.org/licenses/by/4.0/ .",yes,caption-based classification
PMC13541614,"Widatalla T, Borah AA, King SH, Driscoll CL, Rafailov R, Hie BL.",2026,Nature Methods,Nature,10.1038/s41592-026-03137-3,research-article,5,all,heatmap,PRIVATE_REFERENCE_ONLY/corpus/PMC13541614/figures/Fig5.webp,"https://creativecommons.org/licenses/by/4.0/ Open Access This article is licensed under a Creative Commons Attribution 4.0 International License, which permits use, sharing, adaptation, distribution and reproduction in any medium or format, as long as you give appropriate credit to the original author(s) and the source, provide a link to the Creative Commons licence, and indicate if changes were made. The images or other third party material in this article are included in the article’s Creative Commons licence, unless indicated otherwise in a credit line to the material. If material is not included in the article’s Creative Commons licence and your intended use is not permitted by statutory regulation or exceeds the permitted use, you will need to obtain permission directly from the copyright holder. To view a copy of this licence, visit http://creativecommons.org/licenses/by/4.0/ .",yes,caption-based classification
PMC13545012,"Michielsen L, Prjibelski AD, Foord C, Spiegelman Y, Kim T, Hu W, Jarroux J, Hsu J, Pfeil R, Zhang X, Gan L, Tomescu AI, Hajirasouliha I, Tilgner HU.",2026,Nature Methods,Nature,10.1038/s41592-026-03211-w,research-article,1,all,microscopy/other,PRIVATE_REFERENCE_ONLY/corpus/PMC13545012/figures/Fig1.webp,"https://creativecommons.org/licenses/by/4.0/ Open Access This article is licensed under a Creative Commons Attribution 4.0 International License, which permits use, sharing, adaptation, distribution and reproduction in any medium or format, as long as you give appropriate credit to the original author(s) and the source, provide a link to the Creative Commons licence, and indicate if changes were made. The images or other third party material in this article are included in the article’s Creative Commons licence, unless indicated otherwise in a credit line to the material. If material is not included in the article’s Creative Commons licence and your intended use is not permitted by statutory regulation or exceeds the permitted use, you will need to obtain permission directly from the copyright holder. To view a copy of this licence, visit http://creativecommons.org/licenses/by/4.0/ .",partial,caption-based classification
PMC13545012,"Michielsen L, Prjibelski AD, Foord C, Spiegelman Y, Kim T, Hu W, Jarroux J, Hsu J, Pfeil R, Zhang X, Gan L, Tomescu AI, Hajirasouliha I, Tilgner HU.",2026,Nature Methods,Nature,10.1038/s41592-026-03211-w,research-article,2,all,microscopy/other,PRIVATE_REFERENCE_ONLY/corpus/PMC13545012/figures/Fig2.webp,"https://creativecommons.org/licenses/by/4.0/ Open Access This article is licensed under a Creative Commons Attribution 4.0 International License, which permits use, sharing, adaptation, distribution and reproduction in any medium or format, as long as you give appropriate credit to the original author(s) and the source, provide a link to the Creative Commons licence, and indicate if changes were made. The images or other third party material in this article are included in the article’s Creative Commons licence, unless indicated otherwise in a credit line to the material. If material is not included in the article’s Creative Commons licence and your intended use is not permitted by statutory regulation or exceeds the permitted use, you will need to obtain permission directly from the copyright holder. To view a copy of this licence, visit http://creativecommons.org/licenses/by/4.0/ .",partial,caption-based classification
PMC13545012,"Michielsen L, Prjibelski AD, Foord C, Spiegelman Y, Kim T, Hu W, Jarroux J, Hsu J, Pfeil R, Zhang X, Gan L, Tomescu AI, Hajirasouliha I, Tilgner HU.",2026,Nature Methods,Nature,10.1038/s41592-026-03211-w,research-article,3,all,bar/group comparison|box/violin|categorical/composition|microscopy/other,PRIVATE_REFERENCE_ONLY/corpus/PMC13545012/figures/Fig3.webp,"https://creativecommons.org/licenses/by/4.0/ Open Access This article is licensed under a Creative Commons Attribution 4.0 International License, which permits use, sharing, adaptation, distribution and reproduction in any medium or format, as long as you give appropriate credit to the original author(s) and the source, provide a link to the Creative Commons licence, and indicate if changes were made. The images or other third party material in this article are included in the article’s Creative Commons licence, unless indicated otherwise in a credit line to the material. If material is not included in the article’s Creative Commons licence and your intended use is not permitted by statutory regulation or exceeds the permitted use, you will need to obtain permission directly from the copyright holder. To view a copy of this licence, visit http://creativecommons.org/licenses/by/4.0/ .",yes,caption-based classification
PMC13545012,"Michielsen L, Prjibelski AD, Foord C, Spiegelman Y, Kim T, Hu W, Jarroux J, Hsu J, Pfeil R, Zhang X, Gan L, Tomescu AI, Hajirasouliha I, Tilgner HU.",2026,Nature Methods,Nature,10.1038/s41592-026-03211-w,research-article,4,all,scatter/regression|bar/group comparison|forest/effect-size|categorical/composition|microscopy/other,PRIVATE_REFERENCE_ONLY/corpus/PMC13545012/figures/Fig4.webp,"https://creativecommons.org/licenses/by/4.0/ Open Access This article is licensed under a Creative Commons Attribution 4.0 International License, which permits use, sharing, adaptation, distribution and reproduction in any medium or format, as long as you give appropriate credit to the original author(s) and the source, provide a link to the Creative Commons licence, and indicate if changes were made. The images or other third party material in this article are included in the article’s Creative Commons licence, unless indicated otherwise in a credit line to the material. If material is not included in the article’s Creative Commons licence and your intended use is not permitted by statutory regulation or exceeds the permitted use, you will need to obtain permission directly from the copyright holder. To view a copy of this licence, visit http://creativecommons.org/licenses/by/4.0/ .",yes,caption-based classification
PMC13545012,"Michielsen L, Prjibelski AD, Foord C, Spiegelman Y, Kim T, Hu W, Jarroux J, Hsu J, Pfeil R, Zhang X, Gan L, Tomescu AI, Hajirasouliha I, Tilgner HU.",2026,Nature Methods,Nature,10.1038/s41592-026-03211-w,research-article,5,all,bar/group comparison|forest/effect-size|categorical/composition|microscopy/other,PRIVATE_REFERENCE_ONLY/corpus/PMC13545012/figures/Fig5.webp,"https://creativecommons.org/licenses/by/4.0/ Open Access This article is licensed under a Creative Commons Attribution 4.0 International License, which permits use, sharing, adaptation, distribution and reproduction in any medium or format, as long as you give appropriate credit to the original author(s) and the source, provide a link to the Creative Commons licence, and indicate if changes were made. The images or other third party material in this article are included in the article’s Creative Commons licence, unless indicated otherwise in a credit line to the material. If material is not included in the article’s Creative Commons licence and your intended use is not permitted by statutory regulation or exceeds the permitted use, you will need to obtain permission directly from the copyright holder. To view a copy of this licence, visit http://creativecommons.org/licenses/by/4.0/ .",yes,caption-based classification
PMC12764989,"Hassan G, Anjum S, Ejaz S, Ashraf M, Momen A.",2025,Scientific Reports,Nature,10.1038/s41598-025-16474-8,research-article,1,all,microscopy/other,../make_my_plot/figure_library/nature/2025_Hassan_analysis_of_proteins_and_peptides_to_inv/figures/fig01_Fig1.jpg,CC BY (raw: cc by),partial,"prior_harvest (make_my_plot/figure_library, scripts/harvest_library.py); prior-harvest not eligible by s5 (figs=7, quant=0, corr=False); no quantitative marker; caption-based classification"
PMC12764989,"Hassan G, Anjum S, Ejaz S, Ashraf M, Momen A.",2025,Scientific Reports,Nature,10.1038/s41598-025-16474-8,research-article,2,all,microscopy/other,../make_my_plot/figure_library/nature/2025_Hassan_analysis_of_proteins_and_peptides_to_inv/figures/fig02_Fig2.jpg,CC BY (raw: cc by),partial,"prior_harvest (make_my_plot/figure_library, scripts/harvest_library.py); prior-harvest not eligible by s5 (figs=7, quant=0, corr=False); caption-based classification"
PMC12764989,"Hassan G, Anjum S, Ejaz S, Ashraf M, Momen A.",2025,Scientific Reports,Nature,10.1038/s41598-025-16474-8,research-article,3,all,microscopy/other,../make_my_plot/figure_library/nature/2025_Hassan_analysis_of_proteins_and_peptides_to_inv/figures/fig03_Fig3.jpg,CC BY (raw: cc by),partial,"prior_harvest (make_my_plot/figure_library, scripts/harvest_library.py); prior-harvest not eligible by s5 (figs=7, quant=0, corr=False); no quantitative marker; caption-based classification"
PMC12764989,"Hassan G, Anjum S, Ejaz S, Ashraf M, Momen A.",2025,Scientific Reports,Nature,10.1038/s41598-025-16474-8,research-article,4,all,line/time-course,../make_my_plot/figure_library/nature/2025_Hassan_analysis_of_proteins_and_peptides_to_inv/figures/fig04_Fig4.jpg,CC BY (raw: cc by),partial,"prior_harvest (make_my_plot/figure_library, scripts/harvest_library.py); prior-harvest not eligible by s5 (figs=7, quant=0, corr=False); caption-based classification"
PMC12764989,"Hassan G, Anjum S, Ejaz S, Ashraf M, Momen A.",2025,Scientific Reports,Nature,10.1038/s41598-025-16474-8,research-article,5,all,microscopy/other,../make_my_plot/figure_library/nature/2025_Hassan_analysis_of_proteins_and_peptides_to_inv/figures/fig05_Fig5.jpg,CC BY (raw: cc by),partial,"prior_harvest (make_my_plot/figure_library, scripts/harvest_library.py); prior-harvest not eligible by s5 (figs=7, quant=0, corr=False); caption-based classification"
PMC12764989,"Hassan G, Anjum S, Ejaz S, Ashraf M, Momen A.",2025,Scientific Reports,Nature,10.1038/s41598-025-16474-8,research-article,6,all,microscopy/other,../make_my_plot/figure_library/nature/2025_Hassan_analysis_of_proteins_and_peptides_to_inv/figures/fig06_Fig6.jpg,CC BY (raw: cc by),partial,"prior_harvest (make_my_plot/figure_library, scripts/harvest_library.py); prior-harvest not eligible by s5 (figs=7, quant=0, corr=False); no quantitative marker; caption-based classification"
PMC12764989,"Hassan G, Anjum S, Ejaz S, Ashraf M, Momen A.",2025,Scientific Reports,Nature,10.1038/s41598-025-16474-8,research-article,7,all,microscopy/other,../make_my_plot/figure_library/nature/2025_Hassan_analysis_of_proteins_and_peptides_to_inv/figures/fig07_Fig7.jpg,CC BY (raw: cc by),partial,"prior_harvest (make_my_plot/figure_library, scripts/harvest_library.py); prior-harvest not eligible by s5 (figs=7, quant=0, corr=False); no quantitative marker; caption-based classification"
PMC12835169,"Nguyen T, Vo VH, Le L, Luong AB, Nguyen CD, Quach PT, Trinh TT, Phan ST, Cao TN, Mai TBC, Hoang VA, Bui HH, Maldarelli F.",2025,Scientific Reports,Nature,10.1038/s41598-025-33268-0,research-article,1,all,scatter/regression,../make_my_plot/figure_library/nature/2025_Nguyen_unexpectedly_low_prevalence_of_hepatitis/figures/fig01_Fig1.jpg,CC BY (raw: cc by),yes,"prior_harvest (make_my_plot/figure_library, scripts/harvest_library.py); prior-harvest not eligible by s5 (figs=2, quant=1, corr=False); caption-based classification"
PMC12835169,"Nguyen T, Vo VH, Le L, Luong AB, Nguyen CD, Quach PT, Trinh TT, Phan ST, Cao TN, Mai TBC, Hoang VA, Bui HH, Maldarelli F.",2025,Scientific Reports,Nature,10.1038/s41598-025-33268-0,research-article,2,all,microscopy/other,../make_my_plot/figure_library/nature/2025_Nguyen_unexpectedly_low_prevalence_of_hepatitis/figures/fig02_Fig2.jpg,CC BY (raw: cc by),partial,"prior_harvest (make_my_plot/figure_library, scripts/harvest_library.py); prior-harvest not eligible by s5 (figs=2, quant=1, corr=False); no quantitative marker; caption-based classification"
PMC12835182,"Baghapour S, Zhang WQ, Warren-Smith SC, Plush SE, Afshar V S.",2025,Scientific Reports,Nature,10.1038/s41598-025-33244-8,research-article,1,all,microscopy/other,../make_my_plot/figure_library/nature/2025_Baghapour_a_rigorous_theoretical_model_of_fluoresc/figures/fig01_Fig1.jpg,CC BY (raw: cc by),partial,"prior_harvest (make_my_plot/figure_library, scripts/harvest_library.py); prior-harvest not eligible by s5 (figs=7, quant=0, corr=False); caption-based classification"
PMC12835182,"Baghapour S, Zhang WQ, Warren-Smith SC, Plush SE, Afshar V S.",2025,Scientific Reports,Nature,10.1038/s41598-025-33244-8,research-article,2,all,microscopy/other,../make_my_plot/figure_library/nature/2025_Baghapour_a_rigorous_theoretical_model_of_fluoresc/figures/fig02_Fig2.jpg,CC BY (raw: cc by),partial,"prior_harvest (make_my_plot/figure_library, scripts/harvest_library.py); prior-harvest not eligible by s5 (figs=7, quant=0, corr=False); no quantitative marker; caption-based classification"
PMC12835182,"Baghapour S, Zhang WQ, Warren-Smith SC, Plush SE, Afshar V S.",2025,Scientific Reports,Nature,10.1038/s41598-025-33244-8,research-article,3,all,microscopy/other,../make_my_plot/figure_library/nature/2025_Baghapour_a_rigorous_theoretical_model_of_fluoresc/figures/fig03_Fig3.jpg,CC BY (raw: cc by),partial,"prior_harvest (make_my_plot/figure_library, scripts/harvest_library.py); prior-harvest not eligible by s5 (figs=7, quant=0, corr=False); no quantitative marker; caption-based classification"
PMC12835182,"Baghapour S, Zhang WQ, Warren-Smith SC, Plush SE, Afshar V S.",2025,Scientific Reports,Nature,10.1038/s41598-025-33244-8,research-article,4,all,microscopy/other,../make_my_plot/figure_library/nature/2025_Baghapour_a_rigorous_theoretical_model_of_fluoresc/figures/fig04_Fig4.jpg,CC BY (raw: cc by),partial,"prior_harvest (make_my_plot/figure_library, scripts/harvest_library.py); prior-harvest not eligible by s5 (figs=7, quant=0, corr=False); no quantitative marker; caption-based classification"
PMC12835182,"Baghapour S, Zhang WQ, Warren-Smith SC, Plush SE, Afshar V S.",2025,Scientific Reports,Nature,10.1038/s41598-025-33244-8,research-article,5,all,microscopy/other,../make_my_plot/figure_library/nature/2025_Baghapour_a_rigorous_theoretical_model_of_fluoresc/figures/fig05_Fig5.jpg,CC BY (raw: cc by),partial,"prior_harvest (make_my_plot/figure_library, scripts/harvest_library.py); prior-harvest not eligible by s5 (figs=7, quant=0, corr=False); no quantitative marker; caption-based classification"
PMC12835182,"Baghapour S, Zhang WQ, Warren-Smith SC, Plush SE, Afshar V S.",2025,Scientific Reports,Nature,10.1038/s41598-025-33244-8,research-article,6,all,microscopy/other,../make_my_plot/figure_library/nature/2025_Baghapour_a_rigorous_theoretical_model_of_fluoresc/figures/fig06_Fig6.jpg,CC BY (raw: cc by),partial,"prior_harvest (make_my_plot/figure_library, scripts/harvest_library.py); prior-harvest not eligible by s5 (figs=7, quant=0, corr=False); no quantitative marker; caption-based classification"
PMC12835182,"Baghapour S, Zhang WQ, Warren-Smith SC, Plush SE, Afshar V S.",2025,Scientific Reports,Nature,10.1038/s41598-025-33244-8,research-article,7,all,microscopy/other,../make_my_plot/figure_library/nature/2025_Baghapour_a_rigorous_theoretical_model_of_fluoresc/figures/fig07_Fig7.jpg,CC BY (raw: cc by),partial,"prior_harvest (make_my_plot/figure_library, scripts/harvest_library.py); prior-harvest not eligible by s5 (figs=7, quant=0, corr=False); no quantitative marker; caption-based classification"
PMC13004167,"Chen X, Mao Z, Kolawole EM, Persechino M, Jude KM, Ogishi M, Mo KC, McLaughlin J, Cheng D, Xiang X, Yang X, Gee C, Liu S, Yang A, Obenaus M, Wang N, Noguchi M, Stoyanova T, Lee JK, Good Z, Latorraca NR, Evavold BD, Witte ON, Garcia KC.",2026,Science,Science,10.1126/science.adx3162,research-article (author manuscript),1,all,line/time-course|bar/group comparison|categorical/composition|microscopy/other,PRIVATE_REFERENCE_ONLY/corpus/PMC13004167/figures/Fig1.jpg,"https://creativecommons.org/licenses/by/4.0/ (URL inferred from license text) This work is licensed under a Creative Commons Attribution 4.0 International License, which allows reusers to distribute, remix, adapt, and build upon the material in any medium or format, so long as attribution is given to the creator. The license allows for commercial use.",partial,author manuscript; figures not publisher-typeset; caption-based classification
PMC13004167,"Chen X, Mao Z, Kolawole EM, Persechino M, Jude KM, Ogishi M, Mo KC, McLaughlin J, Cheng D, Xiang X, Yang X, Gee C, Liu S, Yang A, Obenaus M, Wang N, Noguchi M, Stoyanova T, Lee JK, Good Z, Latorraca NR, Evavold BD, Witte ON, Garcia KC.",2026,Science,Science,10.1126/science.adx3162,research-article (author manuscript),2,all,scatter/regression|line/time-course|bar/group comparison|forest/effect-size,PRIVATE_REFERENCE_ONLY/corpus/PMC13004167/figures/Fig2.jpg,"https://creativecommons.org/licenses/by/4.0/ (URL inferred from license text) This work is licensed under a Creative Commons Attribution 4.0 International License, which allows reusers to distribute, remix, adapt, and build upon the material in any medium or format, so long as attribution is given to the creator. The license allows for commercial use.",partial,author manuscript; figures not publisher-typeset; caption-based classification
PMC13004167,"Chen X, Mao Z, Kolawole EM, Persechino M, Jude KM, Ogishi M, Mo KC, McLaughlin J, Cheng D, Xiang X, Yang X, Gee C, Liu S, Yang A, Obenaus M, Wang N, Noguchi M, Stoyanova T, Lee JK, Good Z, Latorraca NR, Evavold BD, Witte ON, Garcia KC.",2026,Science,Science,10.1126/science.adx3162,research-article (author manuscript),3,all,line/time-course|bar/group comparison|categorical/composition|microscopy/other,PRIVATE_REFERENCE_ONLY/corpus/PMC13004167/figures/Fig3.jpg,"https://creativecommons.org/licenses/by/4.0/ (URL inferred from license text) This work is licensed under a Creative Commons Attribution 4.0 International License, which allows reusers to distribute, remix, adapt, and build upon the material in any medium or format, so long as attribution is given to the creator. The license allows for commercial use.",partial,author manuscript; figures not publisher-typeset; caption-based classification
PMC13004167,"Chen X, Mao Z, Kolawole EM, Persechino M, Jude KM, Ogishi M, Mo KC, McLaughlin J, Cheng D, Xiang X, Yang X, Gee C, Liu S, Yang A, Obenaus M, Wang N, Noguchi M, Stoyanova T, Lee JK, Good Z, Latorraca NR, Evavold BD, Witte ON, Garcia KC.",2026,Science,Science,10.1126/science.adx3162,research-article (author manuscript),4,all,microscopy/other,PRIVATE_REFERENCE_ONLY/corpus/PMC13004167/figures/Fig4.jpg,"https://creativecommons.org/licenses/by/4.0/ (URL inferred from license text) This work is licensed under a Creative Commons Attribution 4.0 International License, which allows reusers to distribute, remix, adapt, and build upon the material in any medium or format, so long as attribution is given to the creator. The license allows for commercial use.",partial,author manuscript; figures not publisher-typeset; caption-based classification
PMC13004167,"Chen X, Mao Z, Kolawole EM, Persechino M, Jude KM, Ogishi M, Mo KC, McLaughlin J, Cheng D, Xiang X, Yang X, Gee C, Liu S, Yang A, Obenaus M, Wang N, Noguchi M, Stoyanova T, Lee JK, Good Z, Latorraca NR, Evavold BD, Witte ON, Garcia KC.",2026,Science,Science,10.1126/science.adx3162,research-article (author manuscript),5,all,scatter/regression|box/violin|PCA/UMAP|heatmap|categorical/composition,PRIVATE_REFERENCE_ONLY/corpus/PMC13004167/figures/Fig5.jpg,"https://creativecommons.org/licenses/by/4.0/ (URL inferred from license text) This work is licensed under a Creative Commons Attribution 4.0 International License, which allows reusers to distribute, remix, adapt, and build upon the material in any medium or format, so long as attribution is given to the creator. The license allows for commercial use.",partial,author manuscript; figures not publisher-typeset; caption-based classification
PMC13004167,"Chen X, Mao Z, Kolawole EM, Persechino M, Jude KM, Ogishi M, Mo KC, McLaughlin J, Cheng D, Xiang X, Yang X, Gee C, Liu S, Yang A, Obenaus M, Wang N, Noguchi M, Stoyanova T, Lee JK, Good Z, Latorraca NR, Evavold BD, Witte ON, Garcia KC.",2026,Science,Science,10.1126/science.adx3162,research-article (author manuscript),6,all,bar/group comparison|microscopy/other,PRIVATE_REFERENCE_ONLY/corpus/PMC13004167/figures/Fig6.jpg,"https://creativecommons.org/licenses/by/4.0/ (URL inferred from license text) This work is licensed under a Creative Commons Attribution 4.0 International License, which allows reusers to distribute, remix, adapt, and build upon the material in any medium or format, so long as attribution is given to the creator. The license allows for commercial use.",partial,author manuscript; figures not publisher-typeset; caption-based classification
PMC13004167,"Chen X, Mao Z, Kolawole EM, Persechino M, Jude KM, Ogishi M, Mo KC, McLaughlin J, Cheng D, Xiang X, Yang X, Gee C, Liu S, Yang A, Obenaus M, Wang N, Noguchi M, Stoyanova T, Lee JK, Good Z, Latorraca NR, Evavold BD, Witte ON, Garcia KC.",2026,Science,Science,10.1126/science.adx3162,research-article (author manuscript),7,all,line/time-course|bar/group comparison|box/violin|heatmap,PRIVATE_REFERENCE_ONLY/corpus/PMC13004167/figures/Fig7.jpg,"https://creativecommons.org/licenses/by/4.0/ (URL inferred from license text) This work is licensed under a Creative Commons Attribution 4.0 International License, which allows reusers to distribute, remix, adapt, and build upon the material in any medium or format, so long as attribution is given to the creator. The license allows for commercial use.",partial,author manuscript; figures not publisher-typeset; caption-based classification
PMC13041778,"Remick BC, Mao JQ, Manford AG, Gutierrez-Jensen AD, Wagner A, Rape M, McFadden G, Rahman MM, Gaidt MM, Vance RE.",2026,Science,Science,10.1126/science.adw4937,research-article (author manuscript),1,all,bar/group comparison|volcano/MA|microscopy/other,PRIVATE_REFERENCE_ONLY/corpus/PMC13041778/figures/Fig1.jpg,"https://creativecommons.org/licenses/by/4.0/ (URL inferred from license text) This work is licensed under a Creative Commons Attribution 4.0 International License, which allows reusers to distribute, remix, adapt, and build upon the material in any medium or format, so long as attribution is given to the creator. The license allows for commercial use.",partial,author manuscript; figures not publisher-typeset; caption-based classification
PMC13041778,"Remick BC, Mao JQ, Manford AG, Gutierrez-Jensen AD, Wagner A, Rape M, McFadden G, Rahman MM, Gaidt MM, Vance RE.",2026,Science,Science,10.1126/science.adw4937,research-article (author manuscript),2,all,bar/group comparison|microscopy/other,PRIVATE_REFERENCE_ONLY/corpus/PMC13041778/figures/Fig2.jpg,"https://creativecommons.org/licenses/by/4.0/ (URL inferred from license text) This work is licensed under a Creative Commons Attribution 4.0 International License, which allows reusers to distribute, remix, adapt, and build upon the material in any medium or format, so long as attribution is given to the creator. The license allows for commercial use.",partial,author manuscript; figures not publisher-typeset; caption-based classification
PMC13041778,"Remick BC, Mao JQ, Manford AG, Gutierrez-Jensen AD, Wagner A, Rape M, McFadden G, Rahman MM, Gaidt MM, Vance RE.",2026,Science,Science,10.1126/science.adw4937,research-article (author manuscript),3,all,bar/group comparison|microscopy/other,PRIVATE_REFERENCE_ONLY/corpus/PMC13041778/figures/Fig3.jpg,"https://creativecommons.org/licenses/by/4.0/ (URL inferred from license text) This work is licensed under a Creative Commons Attribution 4.0 International License, which allows reusers to distribute, remix, adapt, and build upon the material in any medium or format, so long as attribution is given to the creator. The license allows for commercial use.",partial,author manuscript; figures not publisher-typeset; caption-based classification
PMC13041778,"Remick BC, Mao JQ, Manford AG, Gutierrez-Jensen AD, Wagner A, Rape M, McFadden G, Rahman MM, Gaidt MM, Vance RE.",2026,Science,Science,10.1126/science.adw4937,research-article (author manuscript),4,all,bar/group comparison|heatmap|microscopy/other,PRIVATE_REFERENCE_ONLY/corpus/PMC13041778/figures/Fig4.jpg,"https://creativecommons.org/licenses/by/4.0/ (URL inferred from license text) This work is licensed under a Creative Commons Attribution 4.0 International License, which allows reusers to distribute, remix, adapt, and build upon the material in any medium or format, so long as attribution is given to the creator. The license allows for commercial use.",partial,author manuscript; figures not publisher-typeset; caption-based classification
PMC13041778,"Remick BC, Mao JQ, Manford AG, Gutierrez-Jensen AD, Wagner A, Rape M, McFadden G, Rahman MM, Gaidt MM, Vance RE.",2026,Science,Science,10.1126/science.adw4937,research-article (author manuscript),5,all,bar/group comparison|microscopy/other,PRIVATE_REFERENCE_ONLY/corpus/PMC13041778/figures/Fig5.jpg,"https://creativecommons.org/licenses/by/4.0/ (URL inferred from license text) This work is licensed under a Creative Commons Attribution 4.0 International License, which allows reusers to distribute, remix, adapt, and build upon the material in any medium or format, so long as attribution is given to the creator. The license allows for commercial use.",partial,author manuscript; figures not publisher-typeset; caption-based classification
PMC13041778,"Remick BC, Mao JQ, Manford AG, Gutierrez-Jensen AD, Wagner A, Rape M, McFadden G, Rahman MM, Gaidt MM, Vance RE.",2026,Science,Science,10.1126/science.adw4937,research-article (author manuscript),6,all,bar/group comparison|microscopy/other,PRIVATE_REFERENCE_ONLY/corpus/PMC13041778/figures/Fig6.jpg,"https://creativecommons.org/licenses/by/4.0/ (URL inferred from license text) This work is licensed under a Creative Commons Attribution 4.0 International License, which allows reusers to distribute, remix, adapt, and build upon the material in any medium or format, so long as attribution is given to the creator. The license allows for commercial use.",partial,author manuscript; figures not publisher-typeset; caption-based classification
PMC13092281,"DeWeirdt PC, Mahoney EM, Laub MT.",2026,Science,Science,10.1126/science.adv7924,research-article (author manuscript),1,all,scatter/regression|line/time-course|bar/group comparison|box/violin|heatmap,PRIVATE_REFERENCE_ONLY/corpus/PMC13092281/figures/Fig1.jpg,"https://creativecommons.org/licenses/by/4.0/ (URL inferred from license text) This work is licensed under a Creative Commons Attribution 4.0 International License, which allows reusers to distribute, remix, adapt, and build upon the material in any medium or format, so long as attribution is given to the creator. The license allows for commercial use.",partial,author manuscript; figures not publisher-typeset; caption-based classification
PMC13092281,"DeWeirdt PC, Mahoney EM, Laub MT.",2026,Science,Science,10.1126/science.adv7924,research-article (author manuscript),2,all,line/time-course|bar/group comparison|forest/effect-size,PRIVATE_REFERENCE_ONLY/corpus/PMC13092281/figures/Fig2.jpg,"https://creativecommons.org/licenses/by/4.0/ (URL inferred from license text) This work is licensed under a Creative Commons Attribution 4.0 International License, which allows reusers to distribute, remix, adapt, and build upon the material in any medium or format, so long as attribution is given to the creator. The license allows for commercial use.",partial,author manuscript; figures not publisher-typeset; caption-based classification
PMC13092281,"DeWeirdt PC, Mahoney EM, Laub MT.",2026,Science,Science,10.1126/science.adv7924,research-article (author manuscript),3,all,scatter/regression|bar/group comparison|heatmap|forest/effect-size|dot/bubble|categorical/composition,PRIVATE_REFERENCE_ONLY/corpus/PMC13092281/figures/Fig3.jpg,"https://creativecommons.org/licenses/by/4.0/ (URL inferred from license text) This work is licensed under a Creative Commons Attribution 4.0 International License, which allows reusers to distribute, remix, adapt, and build upon the material in any medium or format, so long as attribution is given to the creator. The license allows for commercial use.",partial,author manuscript; figures not publisher-typeset; caption-based classification
PMC13092281,"DeWeirdt PC, Mahoney EM, Laub MT.",2026,Science,Science,10.1126/science.adv7924,research-article (author manuscript),4,all,scatter/regression|heatmap|categorical/composition,PRIVATE_REFERENCE_ONLY/corpus/PMC13092281/figures/Fig4.jpg,"https://creativecommons.org/licenses/by/4.0/ (URL inferred from license text) This work is licensed under a Creative Commons Attribution 4.0 International License, which allows reusers to distribute, remix, adapt, and build upon the material in any medium or format, so long as attribution is given to the creator. The license allows for commercial use.",partial,author manuscript; figures not publisher-typeset; caption-based classification
PMC13092281,"DeWeirdt PC, Mahoney EM, Laub MT.",2026,Science,Science,10.1126/science.adv7924,research-article (author manuscript),5,all,bar/group comparison,PRIVATE_REFERENCE_ONLY/corpus/PMC13092281/figures/Fig5.jpg,"https://creativecommons.org/licenses/by/4.0/ (URL inferred from license text) This work is licensed under a Creative Commons Attribution 4.0 International License, which allows reusers to distribute, remix, adapt, and build upon the material in any medium or format, so long as attribution is given to the creator. The license allows for commercial use.",partial,author manuscript; figures not publisher-typeset; caption-based classification
PMC13092281,"DeWeirdt PC, Mahoney EM, Laub MT.",2026,Science,Science,10.1126/science.adv7924,research-article (author manuscript),6,all,scatter/regression,PRIVATE_REFERENCE_ONLY/corpus/PMC13092281/figures/Fig6.jpg,"https://creativecommons.org/licenses/by/4.0/ (URL inferred from license text) This work is licensed under a Creative Commons Attribution 4.0 International License, which allows reusers to distribute, remix, adapt, and build upon the material in any medium or format, so long as attribution is given to the creator. The license allows for commercial use.",partial,author manuscript; figures not publisher-typeset; caption-based classification
PMC13107528,"Jiang X, Schaeffer L, Patni D, Russo T, Lee CZ, Aguilar C, Marques C, Jansen-West K, Hruska-Plochan M, Ray-Soni A, Lim SM, Held A, Yue M, Castellanos Otero P, Aryal S, Beaussant HDAM, Basu H, Takakuwa H, Daughrity LM, Ramesh N, Da Costa P, A A Quadros AR, Nolan M, Reyes CJF, Wheeler H, Moran LC, Griesman G, Wymann B, Trombetta BA, Lopez-De-Silanes ES, Canori M, Krishnan G, Vieira Souza Da Silva Y, Eriani G, Albers MW, Arnold SE, Song Y, Jain A, Chiu IM, Zhang YJ, Gao FB, Wainger BJ, Polymenidou M, Petrucelli L, Martin F, Lagier-Tourenne C.",2026,Science,Science,10.1126/science.adv2600,research-article (author manuscript),1,all,dot/bubble|categorical/composition|microscopy/other,PRIVATE_REFERENCE_ONLY/corpus/PMC13107528/figures/Fig1.jpg,"https://www.science.org/about/science-licenses-journal-article-reuse License information : exclusive licensee American Association for the Advancement of Science. No claim to original US government works. https://www.science.org/about/science-licenses-journal-article-reuse . This research was funded in whole or in part by Agence Nationale de la Recherche (ANR) (ANR-21-CE12-0028-01), a cOAlition S organization. The author will make the Author Accepted Manuscript (AAM) version available under a CC BY public copyright license.",partial,author manuscript; figures not publisher-typeset; non-CC publisher license (see license column); private reference only; caption-based classification
PMC13107528,"Jiang X, Schaeffer L, Patni D, Russo T, Lee CZ, Aguilar C, Marques C, Jansen-West K, Hruska-Plochan M, Ray-Soni A, Lim SM, Held A, Yue M, Castellanos Otero P, Aryal S, Beaussant HDAM, Basu H, Takakuwa H, Daughrity LM, Ramesh N, Da Costa P, A A Quadros AR, Nolan M, Reyes CJF, Wheeler H, Moran LC, Griesman G, Wymann B, Trombetta BA, Lopez-De-Silanes ES, Canori M, Krishnan G, Vieira Souza Da Silva Y, Eriani G, Albers MW, Arnold SE, Song Y, Jain A, Chiu IM, Zhang YJ, Gao FB, Wainger BJ, Polymenidou M, Petrucelli L, Martin F, Lagier-Tourenne C.",2026,Science,Science,10.1126/science.adv2600,research-article (author manuscript),2,all,bar/group comparison,PRIVATE_REFERENCE_ONLY/corpus/PMC13107528/figures/Fig2.jpg,"https://www.science.org/about/science-licenses-journal-article-reuse License information : exclusive licensee American Association for the Advancement of Science. No claim to original US government works. https://www.science.org/about/science-licenses-journal-article-reuse . This research was funded in whole or in part by Agence Nationale de la Recherche (ANR) (ANR-21-CE12-0028-01), a cOAlition S organization. The author will make the Author Accepted Manuscript (AAM) version available under a CC BY public copyright license.",partial,author manuscript; figures not publisher-typeset; no explicit family keyword; stat-test present; non-CC publisher license (see license column); private reference only; caption-based classification
PMC13107528,"Jiang X, Schaeffer L, Patni D, Russo T, Lee CZ, Aguilar C, Marques C, Jansen-West K, Hruska-Plochan M, Ray-Soni A, Lim SM, Held A, Yue M, Castellanos Otero P, Aryal S, Beaussant HDAM, Basu H, Takakuwa H, Daughrity LM, Ramesh N, Da Costa P, A A Quadros AR, Nolan M, Reyes CJF, Wheeler H, Moran LC, Griesman G, Wymann B, Trombetta BA, Lopez-De-Silanes ES, Canori M, Krishnan G, Vieira Souza Da Silva Y, Eriani G, Albers MW, Arnold SE, Song Y, Jain A, Chiu IM, Zhang YJ, Gao FB, Wainger BJ, Polymenidou M, Petrucelli L, Martin F, Lagier-Tourenne C.",2026,Science,Science,10.1126/science.adv2600,research-article (author manuscript),3,all,categorical/composition|microscopy/other,PRIVATE_REFERENCE_ONLY/corpus/PMC13107528/figures/Fig3.jpg,"https://www.science.org/about/science-licenses-journal-article-reuse License information : exclusive licensee American Association for the Advancement of Science. No claim to original US government works. https://www.science.org/about/science-licenses-journal-article-reuse . This research was funded in whole or in part by Agence Nationale de la Recherche (ANR) (ANR-21-CE12-0028-01), a cOAlition S organization. The author will make the Author Accepted Manuscript (AAM) version available under a CC BY public copyright license.",partial,author manuscript; figures not publisher-typeset; non-CC publisher license (see license column); private reference only; caption-based classification
PMC13107528,"Jiang X, Schaeffer L, Patni D, Russo T, Lee CZ, Aguilar C, Marques C, Jansen-West K, Hruska-Plochan M, Ray-Soni A, Lim SM, Held A, Yue M, Castellanos Otero P, Aryal S, Beaussant HDAM, Basu H, Takakuwa H, Daughrity LM, Ramesh N, Da Costa P, A A Quadros AR, Nolan M, Reyes CJF, Wheeler H, Moran LC, Griesman G, Wymann B, Trombetta BA, Lopez-De-Silanes ES, Canori M, Krishnan G, Vieira Souza Da Silva Y, Eriani G, Albers MW, Arnold SE, Song Y, Jain A, Chiu IM, Zhang YJ, Gao FB, Wainger BJ, Polymenidou M, Petrucelli L, Martin F, Lagier-Tourenne C.",2026,Science,Science,10.1126/science.adv2600,research-article (author manuscript),4,all,dot/bubble|categorical/composition|microscopy/other,PRIVATE_REFERENCE_ONLY/corpus/PMC13107528/figures/Fig4.jpg,"https://www.science.org/about/science-licenses-journal-article-reuse License information : exclusive licensee American Association for the Advancement of Science. No claim to original US government works. https://www.science.org/about/science-licenses-journal-article-reuse . This research was funded in whole or in part by Agence Nationale de la Recherche (ANR) (ANR-21-CE12-0028-01), a cOAlition S organization. The author will make the Author Accepted Manuscript (AAM) version available under a CC BY public copyright license.",partial,author manuscript; figures not publisher-typeset; non-CC publisher license (see license column); private reference only; caption-based classification
PMC13107528,"Jiang X, Schaeffer L, Patni D, Russo T, Lee CZ, Aguilar C, Marques C, Jansen-West K, Hruska-Plochan M, Ray-Soni A, Lim SM, Held A, Yue M, Castellanos Otero P, Aryal S, Beaussant HDAM, Basu H, Takakuwa H, Daughrity LM, Ramesh N, Da Costa P, A A Quadros AR, Nolan M, Reyes CJF, Wheeler H, Moran LC, Griesman G, Wymann B, Trombetta BA, Lopez-De-Silanes ES, Canori M, Krishnan G, Vieira Souza Da Silva Y, Eriani G, Albers MW, Arnold SE, Song Y, Jain A, Chiu IM, Zhang YJ, Gao FB, Wainger BJ, Polymenidou M, Petrucelli L, Martin F, Lagier-Tourenne C.",2026,Science,Science,10.1126/science.adv2600,research-article (author manuscript),5,all,scatter/regression|volcano/MA|categorical/composition|microscopy/other,PRIVATE_REFERENCE_ONLY/corpus/PMC13107528/figures/Fig5.jpg,"https://www.science.org/about/science-licenses-journal-article-reuse License information : exclusive licensee American Association for the Advancement of Science. No claim to original US government works. https://www.science.org/about/science-licenses-journal-article-reuse . This research was funded in whole or in part by Agence Nationale de la Recherche (ANR) (ANR-21-CE12-0028-01), a cOAlition S organization. The author will make the Author Accepted Manuscript (AAM) version available under a CC BY public copyright license.",partial,author manuscript; figures not publisher-typeset; non-CC publisher license (see license column); private reference only; caption-based classification
PMC13107528,"Jiang X, Schaeffer L, Patni D, Russo T, Lee CZ, Aguilar C, Marques C, Jansen-West K, Hruska-Plochan M, Ray-Soni A, Lim SM, Held A, Yue M, Castellanos Otero P, Aryal S, Beaussant HDAM, Basu H, Takakuwa H, Daughrity LM, Ramesh N, Da Costa P, A A Quadros AR, Nolan M, Reyes CJF, Wheeler H, Moran LC, Griesman G, Wymann B, Trombetta BA, Lopez-De-Silanes ES, Canori M, Krishnan G, Vieira Souza Da Silva Y, Eriani G, Albers MW, Arnold SE, Song Y, Jain A, Chiu IM, Zhang YJ, Gao FB, Wainger BJ, Polymenidou M, Petrucelli L, Martin F, Lagier-Tourenne C.",2026,Science,Science,10.1126/science.adv2600,research-article (author manuscript),6,all,line/time-course|bar/group comparison|dot/bubble|microscopy/other,PRIVATE_REFERENCE_ONLY/corpus/PMC13107528/figures/Fig6.jpg,"https://www.science.org/about/science-licenses-journal-article-reuse License information : exclusive licensee American Association for the Advancement of Science. No claim to original US government works. https://www.science.org/about/science-licenses-journal-article-reuse . This research was funded in whole or in part by Agence Nationale de la Recherche (ANR) (ANR-21-CE12-0028-01), a cOAlition S organization. The author will make the Author Accepted Manuscript (AAM) version available under a CC BY public copyright license.",partial,author manuscript; figures not publisher-typeset; non-CC publisher license (see license column); private reference only; caption-based classification
PMC13124201,"Zhang K, Tao H, Zhu D, Yue Z, Hu S, Wu Y, Yan N, Hu Y, Liu S, Liu M, Vahl TP, Ranard LS, Cheng X, Romanov A, Liu J, Zhang SW, Li Y, Lu C, Shen M, Lewis A, Huang K, Cheng K.",2026,Science,Science,10.1126/science.adu9394,research-article (author manuscript),1,all,bar/group comparison|microscopy/other,PRIVATE_REFERENCE_ONLY/corpus/PMC13124201/figures/Fig1.jpg,"https://www.science.org/about/science-licenses-journal-article-reuse License information: Copyright © 2026 the authors, some rights reserved; exclusive licensee American Association for the Advancement of Science. No claim to original US government works. https://www.science.org/about/science-licenses-journal-article-reuse",partial,author manuscript; figures not publisher-typeset; non-CC publisher license (see license column); private reference only; caption-based classification
PMC13124201,"Zhang K, Tao H, Zhu D, Yue Z, Hu S, Wu Y, Yan N, Hu Y, Liu S, Liu M, Vahl TP, Ranard LS, Cheng X, Romanov A, Liu J, Zhang SW, Li Y, Lu C, Shen M, Lewis A, Huang K, Cheng K.",2026,Science,Science,10.1126/science.adu9394,research-article (author manuscript),2,all,line/time-course|bar/group comparison|categorical/composition|microscopy/other,PRIVATE_REFERENCE_ONLY/corpus/PMC13124201/figures/Fig2.jpg,"https://www.science.org/about/science-licenses-journal-article-reuse License information: Copyright © 2026 the authors, some rights reserved; exclusive licensee American Association for the Advancement of Science. No claim to original US government works. https://www.science.org/about/science-licenses-journal-article-reuse",partial,author manuscript; figures not publisher-typeset; non-CC publisher license (see license column); private reference only; caption-based classification
PMC13124201,"Zhang K, Tao H, Zhu D, Yue Z, Hu S, Wu Y, Yan N, Hu Y, Liu S, Liu M, Vahl TP, Ranard LS, Cheng X, Romanov A, Liu J, Zhang SW, Li Y, Lu C, Shen M, Lewis A, Huang K, Cheng K.",2026,Science,Science,10.1126/science.adu9394,research-article (author manuscript),3,all,line/time-course|bar/group comparison|microscopy/other,PRIVATE_REFERENCE_ONLY/corpus/PMC13124201/figures/Fig3.jpg,"https://www.science.org/about/science-licenses-journal-article-reuse License information: Copyright © 2026 the authors, some rights reserved; exclusive licensee American Association for the Advancement of Science. No claim to original US government works. https://www.science.org/about/science-licenses-journal-article-reuse",partial,author manuscript; figures not publisher-typeset; non-CC publisher license (see license column); private reference only; caption-based classification
PMC13124201,"Zhang K, Tao H, Zhu D, Yue Z, Hu S, Wu Y, Yan N, Hu Y, Liu S, Liu M, Vahl TP, Ranard LS, Cheng X, Romanov A, Liu J, Zhang SW, Li Y, Lu C, Shen M, Lewis A, Huang K, Cheng K.",2026,Science,Science,10.1126/science.adu9394,research-article (author manuscript),4,all,bar/group comparison|box/violin|PCA/UMAP|volcano/MA|categorical/composition|microscopy/other,PRIVATE_REFERENCE_ONLY/corpus/PMC13124201/figures/Fig4.jpg,"https://www.science.org/about/science-licenses-journal-article-reuse License information: Copyright © 2026 the authors, some rights reserved; exclusive licensee American Association for the Advancement of Science. No claim to original US government works. https://www.science.org/about/science-licenses-journal-article-reuse",partial,author manuscript; figures not publisher-typeset; non-CC publisher license (see license column); private reference only; caption-based classification
PMC13124201,"Zhang K, Tao H, Zhu D, Yue Z, Hu S, Wu Y, Yan N, Hu Y, Liu S, Liu M, Vahl TP, Ranard LS, Cheng X, Romanov A, Liu J, Zhang SW, Li Y, Lu C, Shen M, Lewis A, Huang K, Cheng K.",2026,Science,Science,10.1126/science.adu9394,research-article (author manuscript),5,all,bar/group comparison|heatmap|microscopy/other,PRIVATE_REFERENCE_ONLY/corpus/PMC13124201/figures/Fig5.jpg,"https://www.science.org/about/science-licenses-journal-article-reuse License information: Copyright © 2026 the authors, some rights reserved; exclusive licensee American Association for the Advancement of Science. No claim to original US government works. https://www.science.org/about/science-licenses-journal-article-reuse",partial,author manuscript; figures not publisher-typeset; non-CC publisher license (see license column); private reference only; caption-based classification
PMC13286266,"El-Brolosy MA, Oak A, Hoang AT, Damergi Y, Fischer A, Saunders RA, Luo J, Balabaki A, Guez J, Whitfield TW, Goldman SR, Latifkar A, Lu YR, Stainier DYR, Karczewski KJ, Corradin O, Weissman JS.",2026,Science,Science,10.1126/science.aea1272,research-article (author manuscript),1,all,bar/group comparison|dot/bubble|categorical/composition|microscopy/other,PRIVATE_REFERENCE_ONLY/corpus/PMC13286266/figures/Fig1.jpg,"https://creativecommons.org/licenses/by/4.0/ (URL inferred from license text) This work is licensed under a Creative Commons Attribution 4.0 International License, which allows reusers to distribute, remix, adapt, and build upon the material in any medium or format, so long as attribution is given to the creator. The license allows for commercial use.",partial,author manuscript; figures not publisher-typeset; caption-based classification
PMC13286266,"El-Brolosy MA, Oak A, Hoang AT, Damergi Y, Fischer A, Saunders RA, Luo J, Balabaki A, Guez J, Whitfield TW, Goldman SR, Latifkar A, Lu YR, Stainier DYR, Karczewski KJ, Corradin O, Weissman JS.",2026,Science,Science,10.1126/science.aea1272,research-article (author manuscript),2,all,bar/group comparison|box/violin|categorical/composition|microscopy/other,PRIVATE_REFERENCE_ONLY/corpus/PMC13286266/figures/Fig2.jpg,"https://creativecommons.org/licenses/by/4.0/ (URL inferred from license text) This work is licensed under a Creative Commons Attribution 4.0 International License, which allows reusers to distribute, remix, adapt, and build upon the material in any medium or format, so long as attribution is given to the creator. The license allows for commercial use.",partial,author manuscript; figures not publisher-typeset; caption-based classification
PMC13286266,"El-Brolosy MA, Oak A, Hoang AT, Damergi Y, Fischer A, Saunders RA, Luo J, Balabaki A, Guez J, Whitfield TW, Goldman SR, Latifkar A, Lu YR, Stainier DYR, Karczewski KJ, Corradin O, Weissman JS.",2026,Science,Science,10.1126/science.aea1272,research-article (author manuscript),3,all,bar/group comparison|microscopy/other,PRIVATE_REFERENCE_ONLY/corpus/PMC13286266/figures/Fig3.jpg,"https://creativecommons.org/licenses/by/4.0/ (URL inferred from license text) This work is licensed under a Creative Commons Attribution 4.0 International License, which allows reusers to distribute, remix, adapt, and build upon the material in any medium or format, so long as attribution is given to the creator. The license allows for commercial use.",partial,author manuscript; figures not publisher-typeset; caption-based classification
PMC13286266,"El-Brolosy MA, Oak A, Hoang AT, Damergi Y, Fischer A, Saunders RA, Luo J, Balabaki A, Guez J, Whitfield TW, Goldman SR, Latifkar A, Lu YR, Stainier DYR, Karczewski KJ, Corradin O, Weissman JS.",2026,Science,Science,10.1126/science.aea1272,research-article (author manuscript),4,all,scatter/regression|bar/group comparison,PRIVATE_REFERENCE_ONLY/corpus/PMC13286266/figures/Fig4.jpg,"https://creativecommons.org/licenses/by/4.0/ (URL inferred from license text) This work is licensed under a Creative Commons Attribution 4.0 International License, which allows reusers to distribute, remix, adapt, and build upon the material in any medium or format, so long as attribution is given to the creator. The license allows for commercial use.",partial,author manuscript; figures not publisher-typeset; caption-based classification
PMC13308464,"Skelly AN, Gristick HB, Li H, Gavor E, Connell AJ, Kreider EF, Marchitto L, Hogarty MP, Newby ML, Allen JD, Liu W, West AP, Ayyanathan K, Campion MS, Winters K, Gordon CG, Osbaldeston RA, Akeley MJ, Lewis E, Li Y, Singh A, Cruickshank K, Park Y, Zhao C, Li X, Amereh K, Van Itallie E, Carey JW, Albertus A, DeLaitsch AT, Keeffe JR, Lituchy MG, Walsh AA, Morris DJ, Habib R, Bibollet-Ruche F, Mishra N, Avillion G, Koranda NS, Plante SJ, Martella CL, Lora J, Wang EJD, Lewis MG, Martin MA, Nussenzweig MC, Seaman MS, Irvine DJ, Wiehe KJ, Haynes BF, Wagh K, Korber B, Andrabi R, Crispin M, Weissman D, Bjorkman PJ, Hahn BH, Shaw GM.",2026,Science,Science,10.1126/science.aec6396,research-article (author manuscript),1,all,heatmap|dot/bubble,PRIVATE_REFERENCE_ONLY/corpus/PMC13308464/figures/Fig1.jpg,"https://creativecommons.org/licenses/by/4.0/ (URL inferred from license text) This work is licensed under a Creative Commons Attribution 4.0 International License, which allows reusers to distribute, remix, adapt, and build upon the material in any medium or format, so long as attribution is given to the creator. The license allows for commercial use.",partial,author manuscript; figures not publisher-typeset; caption-based classification
PMC13308464,"Skelly AN, Gristick HB, Li H, Gavor E, Connell AJ, Kreider EF, Marchitto L, Hogarty MP, Newby ML, Allen JD, Liu W, West AP, Ayyanathan K, Campion MS, Winters K, Gordon CG, Osbaldeston RA, Akeley MJ, Lewis E, Li Y, Singh A, Cruickshank K, Park Y, Zhao C, Li X, Amereh K, Van Itallie E, Carey JW, Albertus A, DeLaitsch AT, Keeffe JR, Lituchy MG, Walsh AA, Morris DJ, Habib R, Bibollet-Ruche F, Mishra N, Avillion G, Koranda NS, Plante SJ, Martella CL, Lora J, Wang EJD, Lewis MG, Martin MA, Nussenzweig MC, Seaman MS, Irvine DJ, Wiehe KJ, Haynes BF, Wagh K, Korber B, Andrabi R, Crispin M, Weissman D, Bjorkman PJ, Hahn BH, Shaw GM.",2026,Science,Science,10.1126/science.aec6396,research-article (author manuscript),2,all,microscopy/other,PRIVATE_REFERENCE_ONLY/corpus/PMC13308464/figures/Fig2.jpg,"https://creativecommons.org/licenses/by/4.0/ (URL inferred from license text) This work is licensed under a Creative Commons Attribution 4.0 International License, which allows reusers to distribute, remix, adapt, and build upon the material in any medium or format, so long as attribution is given to the creator. The license allows for commercial use.",partial,author manuscript; figures not publisher-typeset; caption-based classification
PMC13308464,"Skelly AN, Gristick HB, Li H, Gavor E, Connell AJ, Kreider EF, Marchitto L, Hogarty MP, Newby ML, Allen JD, Liu W, West AP, Ayyanathan K, Campion MS, Winters K, Gordon CG, Osbaldeston RA, Akeley MJ, Lewis E, Li Y, Singh A, Cruickshank K, Park Y, Zhao C, Li X, Amereh K, Van Itallie E, Carey JW, Albertus A, DeLaitsch AT, Keeffe JR, Lituchy MG, Walsh AA, Morris DJ, Habib R, Bibollet-Ruche F, Mishra N, Avillion G, Koranda NS, Plante SJ, Martella CL, Lora J, Wang EJD, Lewis MG, Martin MA, Nussenzweig MC, Seaman MS, Irvine DJ, Wiehe KJ, Haynes BF, Wagh K, Korber B, Andrabi R, Crispin M, Weissman D, Bjorkman PJ, Hahn BH, Shaw GM.",2026,Science,Science,10.1126/science.aec6396,research-article (author manuscript),3,all,line/time-course,PRIVATE_REFERENCE_ONLY/corpus/PMC13308464/figures/Fig3.jpg,"https://creativecommons.org/licenses/by/4.0/ (URL inferred from license text) This work is licensed under a Creative Commons Attribution 4.0 International License, which allows reusers to distribute, remix, adapt, and build upon the material in any medium or format, so long as attribution is given to the creator. The license allows for commercial use.",partial,author manuscript; figures not publisher-typeset; caption-based classification
PMC13308464,"Skelly AN, Gristick HB, Li H, Gavor E, Connell AJ, Kreider EF, Marchitto L, Hogarty MP, Newby ML, Allen JD, Liu W, West AP, Ayyanathan K, Campion MS, Winters K, Gordon CG, Osbaldeston RA, Akeley MJ, Lewis E, Li Y, Singh A, Cruickshank K, Park Y, Zhao C, Li X, Amereh K, Van Itallie E, Carey JW, Albertus A, DeLaitsch AT, Keeffe JR, Lituchy MG, Walsh AA, Morris DJ, Habib R, Bibollet-Ruche F, Mishra N, Avillion G, Koranda NS, Plante SJ, Martella CL, Lora J, Wang EJD, Lewis MG, Martin MA, Nussenzweig MC, Seaman MS, Irvine DJ, Wiehe KJ, Haynes BF, Wagh K, Korber B, Andrabi R, Crispin M, Weissman D, Bjorkman PJ, Hahn BH, Shaw GM.",2026,Science,Science,10.1126/science.aec6396,research-article (author manuscript),4,all,line/time-course|box/violin|heatmap|dot/bubble|categorical/composition|microscopy/other,PRIVATE_REFERENCE_ONLY/corpus/PMC13308464/figures/Fig4.jpg,"https://creativecommons.org/licenses/by/4.0/ (URL inferred from license text) This work is licensed under a Creative Commons Attribution 4.0 International License, which allows reusers to distribute, remix, adapt, and build upon the material in any medium or format, so long as attribution is given to the creator. The license allows for commercial use.",partial,author manuscript; figures not publisher-typeset; caption-based classification
PMC13308464,"Skelly AN, Gristick HB, Li H, Gavor E, Connell AJ, Kreider EF, Marchitto L, Hogarty MP, Newby ML, Allen JD, Liu W, West AP, Ayyanathan K, Campion MS, Winters K, Gordon CG, Osbaldeston RA, Akeley MJ, Lewis E, Li Y, Singh A, Cruickshank K, Park Y, Zhao C, Li X, Amereh K, Van Itallie E, Carey JW, Albertus A, DeLaitsch AT, Keeffe JR, Lituchy MG, Walsh AA, Morris DJ, Habib R, Bibollet-Ruche F, Mishra N, Avillion G, Koranda NS, Plante SJ, Martella CL, Lora J, Wang EJD, Lewis MG, Martin MA, Nussenzweig MC, Seaman MS, Irvine DJ, Wiehe KJ, Haynes BF, Wagh K, Korber B, Andrabi R, Crispin M, Weissman D, Bjorkman PJ, Hahn BH, Shaw GM.",2026,Science,Science,10.1126/science.aec6396,research-article (author manuscript),5,all,bar/group comparison|dot/bubble|microscopy/other,PRIVATE_REFERENCE_ONLY/corpus/PMC13308464/figures/Fig5.jpg,"https://creativecommons.org/licenses/by/4.0/ (URL inferred from license text) This work is licensed under a Creative Commons Attribution 4.0 International License, which allows reusers to distribute, remix, adapt, and build upon the material in any medium or format, so long as attribution is given to the creator. The license allows for commercial use.",partial,author manuscript; figures not publisher-typeset; caption-based classification
PMC13308464,"Skelly AN, Gristick HB, Li H, Gavor E, Connell AJ, Kreider EF, Marchitto L, Hogarty MP, Newby ML, Allen JD, Liu W, West AP, Ayyanathan K, Campion MS, Winters K, Gordon CG, Osbaldeston RA, Akeley MJ, Lewis E, Li Y, Singh A, Cruickshank K, Park Y, Zhao C, Li X, Amereh K, Van Itallie E, Carey JW, Albertus A, DeLaitsch AT, Keeffe JR, Lituchy MG, Walsh AA, Morris DJ, Habib R, Bibollet-Ruche F, Mishra N, Avillion G, Koranda NS, Plante SJ, Martella CL, Lora J, Wang EJD, Lewis MG, Martin MA, Nussenzweig MC, Seaman MS, Irvine DJ, Wiehe KJ, Haynes BF, Wagh K, Korber B, Andrabi R, Crispin M, Weissman D, Bjorkman PJ, Hahn BH, Shaw GM.",2026,Science,Science,10.1126/science.aec6396,research-article (author manuscript),6,all,categorical/composition,PRIVATE_REFERENCE_ONLY/corpus/PMC13308464/figures/Fig6.jpg,"https://creativecommons.org/licenses/by/4.0/ (URL inferred from license text) This work is licensed under a Creative Commons Attribution 4.0 International License, which allows reusers to distribute, remix, adapt, and build upon the material in any medium or format, so long as attribution is given to the creator. The license allows for commercial use.",partial,author manuscript; figures not publisher-typeset; caption-based classification
PMC13372101,"Zhu Z, Jiang Z, Wang Y, Nguyen K, Zhang Y, Lian CG, Mani DR, Zheng J, Ding L, Gao SM, Xia RA, Kuszpit A, Lindo S, Lopez C, Lindsey C, Groff B, Chen X, Wu J, Xia W, Li W, Liu X, Gradinaru V, Carr SA, Udeshi ND, Li J.",2026,Science,Science,10.1126/science.aea2100,research-article (author manuscript),1,all,microscopy/other,PRIVATE_REFERENCE_ONLY/corpus/PMC13372101/figures/Fig1.jpg,"https://creativecommons.org/licenses/by/4.0/ (URL inferred from license text) This work is licensed under a Creative Commons Attribution 4.0 International License, which allows reusers to distribute, remix, adapt, and build upon the material in any medium or format, so long as attribution is given to the creator. The license allows for commercial use.",partial,author manuscript; figures not publisher-typeset; caption-based classification
PMC13372101,"Zhu Z, Jiang Z, Wang Y, Nguyen K, Zhang Y, Lian CG, Mani DR, Zheng J, Ding L, Gao SM, Xia RA, Kuszpit A, Lindo S, Lopez C, Lindsey C, Groff B, Chen X, Wu J, Xia W, Li W, Liu X, Gradinaru V, Carr SA, Udeshi ND, Li J.",2026,Science,Science,10.1126/science.aea2100,research-article (author manuscript),2,all,scatter/regression|PCA/UMAP|heatmap|microscopy/other,PRIVATE_REFERENCE_ONLY/corpus/PMC13372101/figures/Fig2.jpg,"https://creativecommons.org/licenses/by/4.0/ (URL inferred from license text) This work is licensed under a Creative Commons Attribution 4.0 International License, which allows reusers to distribute, remix, adapt, and build upon the material in any medium or format, so long as attribution is given to the creator. The license allows for commercial use.",partial,author manuscript; figures not publisher-typeset; caption-based classification
PMC13372101,"Zhu Z, Jiang Z, Wang Y, Nguyen K, Zhang Y, Lian CG, Mani DR, Zheng J, Ding L, Gao SM, Xia RA, Kuszpit A, Lindo S, Lopez C, Lindsey C, Groff B, Chen X, Wu J, Xia W, Li W, Liu X, Gradinaru V, Carr SA, Udeshi ND, Li J.",2026,Science,Science,10.1126/science.aea2100,research-article (author manuscript),3,all,bar/group comparison|heatmap,PRIVATE_REFERENCE_ONLY/corpus/PMC13372101/figures/Fig3.jpg,"https://creativecommons.org/licenses/by/4.0/ (URL inferred from license text) This work is licensed under a Creative Commons Attribution 4.0 International License, which allows reusers to distribute, remix, adapt, and build upon the material in any medium or format, so long as attribution is given to the creator. The license allows for commercial use.",partial,author manuscript; figures not publisher-typeset; caption-based classification
PMC13372101,"Zhu Z, Jiang Z, Wang Y, Nguyen K, Zhang Y, Lian CG, Mani DR, Zheng J, Ding L, Gao SM, Xia RA, Kuszpit A, Lindo S, Lopez C, Lindsey C, Groff B, Chen X, Wu J, Xia W, Li W, Liu X, Gradinaru V, Carr SA, Udeshi ND, Li J.",2026,Science,Science,10.1126/science.aea2100,research-article (author manuscript),4,all,line/time-course|bar/group comparison|microscopy/other,PRIVATE_REFERENCE_ONLY/corpus/PMC13372101/figures/Fig4.jpg,"https://creativecommons.org/licenses/by/4.0/ (URL inferred from license text) This work is licensed under a Creative Commons Attribution 4.0 International License, which allows reusers to distribute, remix, adapt, and build upon the material in any medium or format, so long as attribution is given to the creator. The license allows for commercial use.",partial,author manuscript; figures not publisher-typeset; caption-based classification
PMC13372101,"Zhu Z, Jiang Z, Wang Y, Nguyen K, Zhang Y, Lian CG, Mani DR, Zheng J, Ding L, Gao SM, Xia RA, Kuszpit A, Lindo S, Lopez C, Lindsey C, Groff B, Chen X, Wu J, Xia W, Li W, Liu X, Gradinaru V, Carr SA, Udeshi ND, Li J.",2026,Science,Science,10.1126/science.aea2100,research-article (author manuscript),5,all,bar/group comparison|microscopy/other,PRIVATE_REFERENCE_ONLY/corpus/PMC13372101/figures/Fig5.jpg,"https://creativecommons.org/licenses/by/4.0/ (URL inferred from license text) This work is licensed under a Creative Commons Attribution 4.0 International License, which allows reusers to distribute, remix, adapt, and build upon the material in any medium or format, so long as attribution is given to the creator. The license allows for commercial use.",partial,author manuscript; figures not publisher-typeset; caption-based classification
PMC13372101,"Zhu Z, Jiang Z, Wang Y, Nguyen K, Zhang Y, Lian CG, Mani DR, Zheng J, Ding L, Gao SM, Xia RA, Kuszpit A, Lindo S, Lopez C, Lindsey C, Groff B, Chen X, Wu J, Xia W, Li W, Liu X, Gradinaru V, Carr SA, Udeshi ND, Li J.",2026,Science,Science,10.1126/science.aea2100,research-article (author manuscript),6,all,line/time-course|bar/group comparison|microscopy/other,PRIVATE_REFERENCE_ONLY/corpus/PMC13372101/figures/Fig6.jpg,"https://creativecommons.org/licenses/by/4.0/ (URL inferred from license text) This work is licensed under a Creative Commons Attribution 4.0 International License, which allows reusers to distribute, remix, adapt, and build upon the material in any medium or format, so long as attribution is given to the creator. The license allows for commercial use.",partial,author manuscript; figures not publisher-typeset; caption-based classification
PMC13372101,"Zhu Z, Jiang Z, Wang Y, Nguyen K, Zhang Y, Lian CG, Mani DR, Zheng J, Ding L, Gao SM, Xia RA, Kuszpit A, Lindo S, Lopez C, Lindsey C, Groff B, Chen X, Wu J, Xia W, Li W, Liu X, Gradinaru V, Carr SA, Udeshi ND, Li J.",2026,Science,Science,10.1126/science.aea2100,research-article (author manuscript),7,all,line/time-course|bar/group comparison|microscopy/other,PRIVATE_REFERENCE_ONLY/corpus/PMC13372101/figures/Fig7.jpg,"https://creativecommons.org/licenses/by/4.0/ (URL inferred from license text) This work is licensed under a Creative Commons Attribution 4.0 International License, which allows reusers to distribute, remix, adapt, and build upon the material in any medium or format, so long as attribution is given to the creator. The license allows for commercial use.",partial,author manuscript; figures not publisher-typeset; caption-based classification
PMC13403147,"Zhou X, Ling X, Sun X, Wan Z, Dwyer T, Moore TC, Li Q, Dobson HE, Wu Q, Kong X, Xie F, An X, Gan J, Wang K, Cho YS, Gong W, Dong K, Zhang J, Takahashi M, Xu C, Kodamasimham S, Xu J, Yuzbasiyan-Gurkan V, Chinn SB, Schwendeman A, Glotzer SC, Lei YL, Moon JJ.",2026,Science,Science,10.1126/science.adx1893,research-article (author manuscript),1,all,line/time-course|bar/group comparison|survival|microscopy/other,PRIVATE_REFERENCE_ONLY/corpus/PMC13403147/figures/Fig1.jpg,"https://www.science.org/about/science-licenses-journal-article-reuse License information: Copyright © 2026 the authors, some rights reserved; exclusive licensee American Association for the Advancement of Science. No claim to original US government works. https://www.science.org/about/science-licenses-journal-article-reuse",partial,author manuscript; figures not publisher-typeset; non-CC publisher license (see license column); private reference only; caption-based classification
PMC13403147,"Zhou X, Ling X, Sun X, Wan Z, Dwyer T, Moore TC, Li Q, Dobson HE, Wu Q, Kong X, Xie F, An X, Gan J, Wang K, Cho YS, Gong W, Dong K, Zhang J, Takahashi M, Xu C, Kodamasimham S, Xu J, Yuzbasiyan-Gurkan V, Chinn SB, Schwendeman A, Glotzer SC, Lei YL, Moon JJ.",2026,Science,Science,10.1126/science.adx1893,research-article (author manuscript),2,all,line/time-course|bar/group comparison|categorical/composition|microscopy/other,PRIVATE_REFERENCE_ONLY/corpus/PMC13403147/figures/Fig2.jpg,"https://www.science.org/about/science-licenses-journal-article-reuse License information: Copyright © 2026 the authors, some rights reserved; exclusive licensee American Association for the Advancement of Science. No claim to original US government works. https://www.science.org/about/science-licenses-journal-article-reuse",partial,author manuscript; figures not publisher-typeset; non-CC publisher license (see license column); private reference only; caption-based classification
PMC13403147,"Zhou X, Ling X, Sun X, Wan Z, Dwyer T, Moore TC, Li Q, Dobson HE, Wu Q, Kong X, Xie F, An X, Gan J, Wang K, Cho YS, Gong W, Dong K, Zhang J, Takahashi M, Xu C, Kodamasimham S, Xu J, Yuzbasiyan-Gurkan V, Chinn SB, Schwendeman A, Glotzer SC, Lei YL, Moon JJ.",2026,Science,Science,10.1126/science.adx1893,research-article (author manuscript),3,all,line/time-course|bar/group comparison|survival|microscopy/other,PRIVATE_REFERENCE_ONLY/corpus/PMC13403147/figures/Fig3.jpg,"https://www.science.org/about/science-licenses-journal-article-reuse License information: Copyright © 2026 the authors, some rights reserved; exclusive licensee American Association for the Advancement of Science. No claim to original US government works. https://www.science.org/about/science-licenses-journal-article-reuse",partial,author manuscript; figures not publisher-typeset; non-CC publisher license (see license column); private reference only; caption-based classification
PMC13403147,"Zhou X, Ling X, Sun X, Wan Z, Dwyer T, Moore TC, Li Q, Dobson HE, Wu Q, Kong X, Xie F, An X, Gan J, Wang K, Cho YS, Gong W, Dong K, Zhang J, Takahashi M, Xu C, Kodamasimham S, Xu J, Yuzbasiyan-Gurkan V, Chinn SB, Schwendeman A, Glotzer SC, Lei YL, Moon JJ.",2026,Science,Science,10.1126/science.adx1893,research-article (author manuscript),4,all,bar/group comparison|PCA/UMAP|categorical/composition|microscopy/other,PRIVATE_REFERENCE_ONLY/corpus/PMC13403147/figures/Fig4.jpg,"https://www.science.org/about/science-licenses-journal-article-reuse License information: Copyright © 2026 the authors, some rights reserved; exclusive licensee American Association for the Advancement of Science. No claim to original US government works. https://www.science.org/about/science-licenses-journal-article-reuse",partial,author manuscript; figures not publisher-typeset; non-CC publisher license (see license column); private reference only; caption-based classification
PMC13403147,"Zhou X, Ling X, Sun X, Wan Z, Dwyer T, Moore TC, Li Q, Dobson HE, Wu Q, Kong X, Xie F, An X, Gan J, Wang K, Cho YS, Gong W, Dong K, Zhang J, Takahashi M, Xu C, Kodamasimham S, Xu J, Yuzbasiyan-Gurkan V, Chinn SB, Schwendeman A, Glotzer SC, Lei YL, Moon JJ.",2026,Science,Science,10.1126/science.adx1893,research-article (author manuscript),5,all,line/time-course|dot/bubble,PRIVATE_REFERENCE_ONLY/corpus/PMC13403147/figures/Fig5.jpg,"https://www.science.org/about/science-licenses-journal-article-reuse License information: Copyright © 2026 the authors, some rights reserved; exclusive licensee American Association for the Advancement of Science. No claim to original US government works. https://www.science.org/about/science-licenses-journal-article-reuse",partial,author manuscript; figures not publisher-typeset; non-CC publisher license (see license column); private reference only; caption-based classification
PMC13403147,"Zhou X, Ling X, Sun X, Wan Z, Dwyer T, Moore TC, Li Q, Dobson HE, Wu Q, Kong X, Xie F, An X, Gan J, Wang K, Cho YS, Gong W, Dong K, Zhang J, Takahashi M, Xu C, Kodamasimham S, Xu J, Yuzbasiyan-Gurkan V, Chinn SB, Schwendeman A, Glotzer SC, Lei YL, Moon JJ.",2026,Science,Science,10.1126/science.adx1893,research-article (author manuscript),6,all,bar/group comparison|dot/bubble|categorical/composition,PRIVATE_REFERENCE_ONLY/corpus/PMC13403147/figures/Fig6.jpg,"https://www.science.org/about/science-licenses-journal-article-reuse License information: Copyright © 2026 the authors, some rights reserved; exclusive licensee American Association for the Advancement of Science. No claim to original US government works. https://www.science.org/about/science-licenses-journal-article-reuse",partial,author manuscript; figures not publisher-typeset; non-CC publisher license (see license column); private reference only; caption-based classification
PMC13491402,"Hanina SA, Park T, Lopez M, Rajasekhar VK, Mansilla-Soto J, Haubner S, Zhao H, Kogel F, Nataraj S, Banerjee P, Koche R, Hamard PJ, Tarcan ZC, Chi DS, Zamarin D, Healey JH, de Stanchina E, Motzer RJ, Kotecha RR, Hakimi AA, Leslie CS, Sadelain M.",2026,Science,Science,10.1126/science.adv7378,research-article (author manuscript),1,all,line/time-course|bar/group comparison|box/violin|categorical/composition|microscopy/other,PRIVATE_REFERENCE_ONLY/corpus/PMC13491402/figures/Fig1.webp,"https://www.sciencemag.org/about/science-licenses-journal-article-reuse License information: Copyright © 2026 the authors, some rights reserved; exclusive licensee American Association for the Advancement of Science. No claim to original US government works. https://www.sciencemag.org/about/science-licenses-journal-article-reuse .",partial,author manuscript; figures not publisher-typeset; non-CC publisher license (see license column); private reference only; caption-based classification
PMC13491402,"Hanina SA, Park T, Lopez M, Rajasekhar VK, Mansilla-Soto J, Haubner S, Zhao H, Kogel F, Nataraj S, Banerjee P, Koche R, Hamard PJ, Tarcan ZC, Chi DS, Zamarin D, Healey JH, de Stanchina E, Motzer RJ, Kotecha RR, Hakimi AA, Leslie CS, Sadelain M.",2026,Science,Science,10.1126/science.adv7378,research-article (author manuscript),2,all,bar/group comparison|categorical/composition|microscopy/other,PRIVATE_REFERENCE_ONLY/corpus/PMC13491402/figures/Fig2.webp,"https://www.sciencemag.org/about/science-licenses-journal-article-reuse License information: Copyright © 2026 the authors, some rights reserved; exclusive licensee American Association for the Advancement of Science. No claim to original US government works. https://www.sciencemag.org/about/science-licenses-journal-article-reuse .",partial,author manuscript; figures not publisher-typeset; non-CC publisher license (see license column); private reference only; caption-based classification
PMC13491402,"Hanina SA, Park T, Lopez M, Rajasekhar VK, Mansilla-Soto J, Haubner S, Zhao H, Kogel F, Nataraj S, Banerjee P, Koche R, Hamard PJ, Tarcan ZC, Chi DS, Zamarin D, Healey JH, de Stanchina E, Motzer RJ, Kotecha RR, Hakimi AA, Leslie CS, Sadelain M.",2026,Science,Science,10.1126/science.adv7378,research-article (author manuscript),3,all,line/time-course|bar/group comparison,PRIVATE_REFERENCE_ONLY/corpus/PMC13491402/figures/Fig3.webp,"https://www.sciencemag.org/about/science-licenses-journal-article-reuse License information: Copyright © 2026 the authors, some rights reserved; exclusive licensee American Association for the Advancement of Science. No claim to original US government works. https://www.sciencemag.org/about/science-licenses-journal-article-reuse .",partial,author manuscript; figures not publisher-typeset; non-CC publisher license (see license column); private reference only; caption-based classification
PMC13491402,"Hanina SA, Park T, Lopez M, Rajasekhar VK, Mansilla-Soto J, Haubner S, Zhao H, Kogel F, Nataraj S, Banerjee P, Koche R, Hamard PJ, Tarcan ZC, Chi DS, Zamarin D, Healey JH, de Stanchina E, Motzer RJ, Kotecha RR, Hakimi AA, Leslie CS, Sadelain M.",2026,Science,Science,10.1126/science.adv7378,research-article (author manuscript),4,all,bar/group comparison|PCA/UMAP|categorical/composition|microscopy/other,PRIVATE_REFERENCE_ONLY/corpus/PMC13491402/figures/Fig4.webp,"https://www.sciencemag.org/about/science-licenses-journal-article-reuse License information: Copyright © 2026 the authors, some rights reserved; exclusive licensee American Association for the Advancement of Science. No claim to original US government works. https://www.sciencemag.org/about/science-licenses-journal-article-reuse .",partial,author manuscript; figures not publisher-typeset; non-CC publisher license (see license column); private reference only; caption-based classification
PMC13491402,"Hanina SA, Park T, Lopez M, Rajasekhar VK, Mansilla-Soto J, Haubner S, Zhao H, Kogel F, Nataraj S, Banerjee P, Koche R, Hamard PJ, Tarcan ZC, Chi DS, Zamarin D, Healey JH, de Stanchina E, Motzer RJ, Kotecha RR, Hakimi AA, Leslie CS, Sadelain M.",2026,Science,Science,10.1126/science.adv7378,research-article (author manuscript),5,all,microscopy/other,PRIVATE_REFERENCE_ONLY/corpus/PMC13491402/figures/Fig5.webp,"https://www.sciencemag.org/about/science-licenses-journal-article-reuse License information: Copyright © 2026 the authors, some rights reserved; exclusive licensee American Association for the Advancement of Science. No claim to original US government works. https://www.sciencemag.org/about/science-licenses-journal-article-reuse .",partial,author manuscript; figures not publisher-typeset; non-CC publisher license (see license column); private reference only; caption-based classification
PMC7618491,"De Miguel C, Thorkelsson SR, Fatalska A, Hodgson G, Dalglish M, Wang C, Bertolotti A.",2026,Science,Science,10.1126/science.adw5137,research-article (author manuscript),1,all,microscopy/other,PRIVATE_REFERENCE_ONLY/corpus/PMC7618491/figures/Fig1.jpg,https://creativecommons.org/licenses/by/4.0/ This work is licensed under a BY 4.0 International license.,partial,author manuscript; figures not publisher-typeset; caption-based classification
PMC7618491,"De Miguel C, Thorkelsson SR, Fatalska A, Hodgson G, Dalglish M, Wang C, Bertolotti A.",2026,Science,Science,10.1126/science.adw5137,research-article (author manuscript),2,all,microscopy/other,PRIVATE_REFERENCE_ONLY/corpus/PMC7618491/figures/Fig2.jpg,https://creativecommons.org/licenses/by/4.0/ This work is licensed under a BY 4.0 International license.,partial,author manuscript; figures not publisher-typeset; caption-based classification
PMC7618491,"De Miguel C, Thorkelsson SR, Fatalska A, Hodgson G, Dalglish M, Wang C, Bertolotti A.",2026,Science,Science,10.1126/science.adw5137,research-article (author manuscript),3,all,microscopy/other,PRIVATE_REFERENCE_ONLY/corpus/PMC7618491/figures/Fig3.jpg,https://creativecommons.org/licenses/by/4.0/ This work is licensed under a BY 4.0 International license.,partial,author manuscript; figures not publisher-typeset; caption-based classification
PMC7618491,"De Miguel C, Thorkelsson SR, Fatalska A, Hodgson G, Dalglish M, Wang C, Bertolotti A.",2026,Science,Science,10.1126/science.adw5137,research-article (author manuscript),4,all,bar/group comparison|microscopy/other,PRIVATE_REFERENCE_ONLY/corpus/PMC7618491/figures/Fig4.jpg,https://creativecommons.org/licenses/by/4.0/ This work is licensed under a BY 4.0 International license.,partial,author manuscript; figures not publisher-typeset; caption-based classification
PMC7618491,"De Miguel C, Thorkelsson SR, Fatalska A, Hodgson G, Dalglish M, Wang C, Bertolotti A.",2026,Science,Science,10.1126/science.adw5137,research-article (author manuscript),5,all,bar/group comparison|microscopy/other,PRIVATE_REFERENCE_ONLY/corpus/PMC7618491/figures/Fig5.jpg,https://creativecommons.org/licenses/by/4.0/ This work is licensed under a BY 4.0 International license.,partial,author manuscript; figures not publisher-typeset; caption-based classification
PMC7618833,"Beale AD, Christmas MJ, Rzechorzek NM, Mihut A, Zeng A, Ellis C, James NR, Smyllie NJ, Pilorz V, Richardson R, Bertelsen MF, Fazal SV, Voysey Z, Moreau K, Pelletier J, Crosby P, Peak-Chew SY, Edgar RS, Lancaster MA, Hut RA, O'Neill JS.",2026,Science,Science,10.1126/science.ady2822,research-article (author manuscript),1,all,scatter/regression|bar/group comparison,PRIVATE_REFERENCE_ONLY/corpus/PMC7618833/figures/Fig1.jpg,https://creativecommons.org/licenses/by/4.0/ This work is licensed under a BY 4.0 International license.,partial,author manuscript; figures not publisher-typeset; caption-based classification
PMC7618833,"Beale AD, Christmas MJ, Rzechorzek NM, Mihut A, Zeng A, Ellis C, James NR, Smyllie NJ, Pilorz V, Richardson R, Bertelsen MF, Fazal SV, Voysey Z, Moreau K, Pelletier J, Crosby P, Peak-Chew SY, Edgar RS, Lancaster MA, Hut RA, O'Neill JS.",2026,Science,Science,10.1126/science.ady2822,research-article (author manuscript),2,all,scatter/regression|line/time-course|bar/group comparison|microscopy/other,PRIVATE_REFERENCE_ONLY/corpus/PMC7618833/figures/Fig2.jpg,https://creativecommons.org/licenses/by/4.0/ This work is licensed under a BY 4.0 International license.,partial,author manuscript; figures not publisher-typeset; caption-based classification
PMC7618833,"Beale AD, Christmas MJ, Rzechorzek NM, Mihut A, Zeng A, Ellis C, James NR, Smyllie NJ, Pilorz V, Richardson R, Bertelsen MF, Fazal SV, Voysey Z, Moreau K, Pelletier J, Crosby P, Peak-Chew SY, Edgar RS, Lancaster MA, Hut RA, O'Neill JS.",2026,Science,Science,10.1126/science.ady2822,research-article (author manuscript),3,all,scatter/regression|bar/group comparison|box/violin|categorical/composition,PRIVATE_REFERENCE_ONLY/corpus/PMC7618833/figures/Fig3.jpg,https://creativecommons.org/licenses/by/4.0/ This work is licensed under a BY 4.0 International license.,partial,author manuscript; figures not publisher-typeset; caption-based classification
PMC7618833,"Beale AD, Christmas MJ, Rzechorzek NM, Mihut A, Zeng A, Ellis C, James NR, Smyllie NJ, Pilorz V, Richardson R, Bertelsen MF, Fazal SV, Voysey Z, Moreau K, Pelletier J, Crosby P, Peak-Chew SY, Edgar RS, Lancaster MA, Hut RA, O'Neill JS.",2026,Science,Science,10.1126/science.ady2822,research-article (author manuscript),4,all,bar/group comparison,PRIVATE_REFERENCE_ONLY/corpus/PMC7618833/figures/Fig4.jpg,https://creativecommons.org/licenses/by/4.0/ This work is licensed under a BY 4.0 International license.,partial,author manuscript; figures not publisher-typeset; caption-based classification
PMC7618833,"Beale AD, Christmas MJ, Rzechorzek NM, Mihut A, Zeng A, Ellis C, James NR, Smyllie NJ, Pilorz V, Richardson R, Bertelsen MF, Fazal SV, Voysey Z, Moreau K, Pelletier J, Crosby P, Peak-Chew SY, Edgar RS, Lancaster MA, Hut RA, O'Neill JS.",2026,Science,Science,10.1126/science.ady2822,research-article (author manuscript),5,all,bar/group comparison|categorical/composition|microscopy/other,PRIVATE_REFERENCE_ONLY/corpus/PMC7618833/figures/Fig5.jpg,https://creativecommons.org/licenses/by/4.0/ This work is licensed under a BY 4.0 International license.,partial,author manuscript; figures not publisher-typeset; caption-based classification
PMC7618901,"Francis BA, Ludwig L, He C, Dobromylskyj M, Bertram CA, Aupperle-Lellbach H, Wong H, Foster AP, Arends MJ, Suárez-Bonnet A, Priestnall SL, Tatiersky L, Castillo-Alcala F, Rupp A, Khachadoorian A, Parlak E, Inglebert M, Umamaheswaran S, Cheema S, Del Castillo Velasco-Herrera M, Wong K, Vermes IC, Billington J, Rottenberg S, Wood GA, Adams DJ, van der Weyden L.",2026,Science,Science,10.1126/science.ady6651,research-article (author manuscript),1,all,bar/group comparison|box/violin|dot/bubble|categorical/composition,PRIVATE_REFERENCE_ONLY/corpus/PMC7618901/figures/Fig1.jpg,https://creativecommons.org/licenses/by/4.0/ This work is licensed under a CC BY 4.0 International license.,partial,author manuscript; figures not publisher-typeset; caption-based classification
PMC7618901,"Francis BA, Ludwig L, He C, Dobromylskyj M, Bertram CA, Aupperle-Lellbach H, Wong H, Foster AP, Arends MJ, Suárez-Bonnet A, Priestnall SL, Tatiersky L, Castillo-Alcala F, Rupp A, Khachadoorian A, Parlak E, Inglebert M, Umamaheswaran S, Cheema S, Del Castillo Velasco-Herrera M, Wong K, Vermes IC, Billington J, Rottenberg S, Wood GA, Adams DJ, van der Weyden L.",2026,Science,Science,10.1126/science.ady6651,research-article (author manuscript),2,all,bar/group comparison|categorical/composition,PRIVATE_REFERENCE_ONLY/corpus/PMC7618901/figures/Fig2.jpg,https://creativecommons.org/licenses/by/4.0/ This work is licensed under a CC BY 4.0 International license.,partial,author manuscript; figures not publisher-typeset; caption-based classification
PMC7618901,"Francis BA, Ludwig L, He C, Dobromylskyj M, Bertram CA, Aupperle-Lellbach H, Wong H, Foster AP, Arends MJ, Suárez-Bonnet A, Priestnall SL, Tatiersky L, Castillo-Alcala F, Rupp A, Khachadoorian A, Parlak E, Inglebert M, Umamaheswaran S, Cheema S, Del Castillo Velasco-Herrera M, Wong K, Vermes IC, Billington J, Rottenberg S, Wood GA, Adams DJ, van der Weyden L.",2026,Science,Science,10.1126/science.ady6651,research-article (author manuscript),3,all,microscopy/other,PRIVATE_REFERENCE_ONLY/corpus/PMC7618901/figures/Fig3.jpg,https://creativecommons.org/licenses/by/4.0/ This work is licensed under a CC BY 4.0 International license.,partial,author manuscript; figures not publisher-typeset; unclassified-quantitative; caption-based classification
PMC7618901,"Francis BA, Ludwig L, He C, Dobromylskyj M, Bertram CA, Aupperle-Lellbach H, Wong H, Foster AP, Arends MJ, Suárez-Bonnet A, Priestnall SL, Tatiersky L, Castillo-Alcala F, Rupp A, Khachadoorian A, Parlak E, Inglebert M, Umamaheswaran S, Cheema S, Del Castillo Velasco-Herrera M, Wong K, Vermes IC, Billington J, Rottenberg S, Wood GA, Adams DJ, van der Weyden L.",2026,Science,Science,10.1126/science.ady6651,research-article (author manuscript),4,all,line/time-course|bar/group comparison|forest/effect-size|categorical/composition,PRIVATE_REFERENCE_ONLY/corpus/PMC7618901/figures/Fig4.jpg,https://creativecommons.org/licenses/by/4.0/ This work is licensed under a CC BY 4.0 International license.,partial,author manuscript; figures not publisher-typeset; caption-based classification
PMC7619046,"Collado-Sole A, Borjini N, Zhai J, Ruiz-Pino F, Soria-Alcaide G, Folgueira C, García-Vilela C, Romero-de la Rosa B, Lopez V, Zouaghi Y, Jacobs A, Mora-Romero B, Barranco A, Yoldi G, Rizzoti K, Sabio G, Perez-Chacon G, Santamaria PG, Esteban JA, Journiac N, Prevot V, Pascual A, Fernández-Chacón R, Tena-Sempere M, Pitteloud N, Gonzalez-Suarez E.",2026,Science,Science,10.1126/science.aeb6999,research-article (author manuscript),1,all,scatter/regression|bar/group comparison|categorical/composition|microscopy/other,PRIVATE_REFERENCE_ONLY/corpus/PMC7619046/figures/Fig1.gif,https://creativecommons.org/licenses/by/4.0/ This work is licensed under a CC BY 4.0 International license.,no,author manuscript; figures not publisher-typeset; thumbnail only (full-size image not served); caption-based classification
PMC7619046,"Collado-Sole A, Borjini N, Zhai J, Ruiz-Pino F, Soria-Alcaide G, Folgueira C, García-Vilela C, Romero-de la Rosa B, Lopez V, Zouaghi Y, Jacobs A, Mora-Romero B, Barranco A, Yoldi G, Rizzoti K, Sabio G, Perez-Chacon G, Santamaria PG, Esteban JA, Journiac N, Prevot V, Pascual A, Fernández-Chacón R, Tena-Sempere M, Pitteloud N, Gonzalez-Suarez E.",2026,Science,Science,10.1126/science.aeb6999,research-article (author manuscript),2,all,bar/group comparison|categorical/composition,PRIVATE_REFERENCE_ONLY/corpus/PMC7619046/figures/Fig2.jpg,https://creativecommons.org/licenses/by/4.0/ This work is licensed under a CC BY 4.0 International license.,partial,author manuscript; figures not publisher-typeset; caption-based classification
PMC7619046,"Collado-Sole A, Borjini N, Zhai J, Ruiz-Pino F, Soria-Alcaide G, Folgueira C, García-Vilela C, Romero-de la Rosa B, Lopez V, Zouaghi Y, Jacobs A, Mora-Romero B, Barranco A, Yoldi G, Rizzoti K, Sabio G, Perez-Chacon G, Santamaria PG, Esteban JA, Journiac N, Prevot V, Pascual A, Fernández-Chacón R, Tena-Sempere M, Pitteloud N, Gonzalez-Suarez E.",2026,Science,Science,10.1126/science.aeb6999,research-article (author manuscript),3,all,bar/group comparison|box/violin|PCA/UMAP|volcano/MA|dot/bubble|microscopy/other,PRIVATE_REFERENCE_ONLY/corpus/PMC7619046/figures/Fig3.jpg,https://creativecommons.org/licenses/by/4.0/ This work is licensed under a CC BY 4.0 International license.,partial,author manuscript; figures not publisher-typeset; caption-based classification
PMC7619046,"Collado-Sole A, Borjini N, Zhai J, Ruiz-Pino F, Soria-Alcaide G, Folgueira C, García-Vilela C, Romero-de la Rosa B, Lopez V, Zouaghi Y, Jacobs A, Mora-Romero B, Barranco A, Yoldi G, Rizzoti K, Sabio G, Perez-Chacon G, Santamaria PG, Esteban JA, Journiac N, Prevot V, Pascual A, Fernández-Chacón R, Tena-Sempere M, Pitteloud N, Gonzalez-Suarez E.",2026,Science,Science,10.1126/science.aeb6999,research-article (author manuscript),4,all,line/time-course|bar/group comparison|box/violin|categorical/composition|microscopy/other,PRIVATE_REFERENCE_ONLY/corpus/PMC7619046/figures/Fig4.jpg,https://creativecommons.org/licenses/by/4.0/ This work is licensed under a CC BY 4.0 International license.,partial,author manuscript; figures not publisher-typeset; caption-based classification
PMC7619062,"Hu H, Neumann H, Teplitz GM, Franco-Echevarría E, Chartrand P, Wellinger RJ, Nguyen THD.",2026,Science,Science,10.1126/science.adz5344,research-article (author manuscript),1,all,microscopy/other,PRIVATE_REFERENCE_ONLY/corpus/PMC7619062/figures/Fig1.jpg,https://creativecommons.org/licenses/by/4.0/ This work is licensed under a CC BY 4.0 International license.,partial,author manuscript; figures not publisher-typeset; caption-based classification
PMC7619062,"Hu H, Neumann H, Teplitz GM, Franco-Echevarría E, Chartrand P, Wellinger RJ, Nguyen THD.",2026,Science,Science,10.1126/science.adz5344,research-article (author manuscript),2,all,bar/group comparison|microscopy/other,PRIVATE_REFERENCE_ONLY/corpus/PMC7619062/figures/Fig2.jpg,https://creativecommons.org/licenses/by/4.0/ This work is licensed under a CC BY 4.0 International license.,partial,author manuscript; figures not publisher-typeset; caption-based classification
PMC7619062,"Hu H, Neumann H, Teplitz GM, Franco-Echevarría E, Chartrand P, Wellinger RJ, Nguyen THD.",2026,Science,Science,10.1126/science.adz5344,research-article (author manuscript),3,all,microscopy/other,PRIVATE_REFERENCE_ONLY/corpus/PMC7619062/figures/Fig3.jpg,https://creativecommons.org/licenses/by/4.0/ This work is licensed under a CC BY 4.0 International license.,partial,author manuscript; figures not publisher-typeset; caption-based classification
PMC7619062,"Hu H, Neumann H, Teplitz GM, Franco-Echevarría E, Chartrand P, Wellinger RJ, Nguyen THD.",2026,Science,Science,10.1126/science.adz5344,research-article (author manuscript),4,all,bar/group comparison|microscopy/other,PRIVATE_REFERENCE_ONLY/corpus/PMC7619062/figures/Fig4.jpg,https://creativecommons.org/licenses/by/4.0/ This work is licensed under a CC BY 4.0 International license.,partial,author manuscript; figures not publisher-typeset; caption-based classification
PMC7619062,"Hu H, Neumann H, Teplitz GM, Franco-Echevarría E, Chartrand P, Wellinger RJ, Nguyen THD.",2026,Science,Science,10.1126/science.adz5344,research-article (author manuscript),5,all,bar/group comparison|microscopy/other,PRIVATE_REFERENCE_ONLY/corpus/PMC7619062/figures/Fig5.jpg,https://creativecommons.org/licenses/by/4.0/ This work is licensed under a CC BY 4.0 International license.,partial,author manuscript; figures not publisher-typeset; caption-based classification
PMC7619443,"Tsansizi LI, Guan SY, Aramburu IV, Punatar RS, Williams TJ, Qiao Y, Reed A, Armstrong-James D, West SC, Papayannopoulos V.",2026,Science,Science,10.1126/science.aed9286,research-article (author manuscript),1,all,scatter/regression|line/time-course|bar/group comparison|dot/bubble|categorical/composition|microscopy/other,PRIVATE_REFERENCE_ONLY/corpus/PMC7619443/figures/Fig1.webp,https://creativecommons.org/licenses/by/4.0/ This work is licensed under a CC BY 4.0 International license.,partial,author manuscript; figures not publisher-typeset; caption-based classification
PMC7619443,"Tsansizi LI, Guan SY, Aramburu IV, Punatar RS, Williams TJ, Qiao Y, Reed A, Armstrong-James D, West SC, Papayannopoulos V.",2026,Science,Science,10.1126/science.aed9286,research-article (author manuscript),2,all,bar/group comparison|microscopy/other,PRIVATE_REFERENCE_ONLY/corpus/PMC7619443/figures/Fig2.webp,https://creativecommons.org/licenses/by/4.0/ This work is licensed under a CC BY 4.0 International license.,partial,author manuscript; figures not publisher-typeset; caption-based classification
PMC7619443,"Tsansizi LI, Guan SY, Aramburu IV, Punatar RS, Williams TJ, Qiao Y, Reed A, Armstrong-James D, West SC, Papayannopoulos V.",2026,Science,Science,10.1126/science.aed9286,research-article (author manuscript),3,all,line/time-course|bar/group comparison|microscopy/other,PRIVATE_REFERENCE_ONLY/corpus/PMC7619443/figures/Fig3.webp,https://creativecommons.org/licenses/by/4.0/ This work is licensed under a CC BY 4.0 International license.,partial,author manuscript; figures not publisher-typeset; caption-based classification
PMC7619443,"Tsansizi LI, Guan SY, Aramburu IV, Punatar RS, Williams TJ, Qiao Y, Reed A, Armstrong-James D, West SC, Papayannopoulos V.",2026,Science,Science,10.1126/science.aed9286,research-article (author manuscript),4,all,bar/group comparison|categorical/composition|microscopy/other,PRIVATE_REFERENCE_ONLY/corpus/PMC7619443/figures/Fig4.webp,https://creativecommons.org/licenses/by/4.0/ This work is licensed under a CC BY 4.0 International license.,partial,author manuscript; figures not publisher-typeset; caption-based classification
PMC7619443,"Tsansizi LI, Guan SY, Aramburu IV, Punatar RS, Williams TJ, Qiao Y, Reed A, Armstrong-James D, West SC, Papayannopoulos V.",2026,Science,Science,10.1126/science.aed9286,research-article (author manuscript),5,all,scatter/regression,PRIVATE_REFERENCE_ONLY/corpus/PMC7619443/figures/Fig5.webp,https://creativecommons.org/licenses/by/4.0/ This work is licensed under a CC BY 4.0 International license.,partial,author manuscript; figures not publisher-typeset; caption-based classification
PMC7619443,"Tsansizi LI, Guan SY, Aramburu IV, Punatar RS, Williams TJ, Qiao Y, Reed A, Armstrong-James D, West SC, Papayannopoulos V.",2026,Science,Science,10.1126/science.aed9286,research-article (author manuscript),6,all,bar/group comparison|microscopy/other,PRIVATE_REFERENCE_ONLY/corpus/PMC7619443/figures/Fig6.webp,https://creativecommons.org/licenses/by/4.0/ This work is licensed under a CC BY 4.0 International license.,partial,author manuscript; figures not publisher-typeset; caption-based classification
PMC12716425,"Yudin D, Jaskolowski M, Fan Z, Burg N, Chandrasekar S, Lentzsch AM, Scaiola A, Bothe A, Deuerling E, Gamerdinger M, Shan SO, Ban N.",2025,Science Advances,Science,10.1126/sciadv.aeb1017,research-article,1,all,bar/group comparison|categorical/composition|microscopy/other,../make_my_plot/figure_library/science/2025_Yudin_mechanism_of_cotranslational_modificatio/figures/fig01_F1.jpg,CC BY (raw: cc by),yes,"prior_harvest (make_my_plot/figure_library, scripts/harvest_library.py); caption-based classification"
PMC12716425,"Yudin D, Jaskolowski M, Fan Z, Burg N, Chandrasekar S, Lentzsch AM, Scaiola A, Bothe A, Deuerling E, Gamerdinger M, Shan SO, Ban N.",2025,Science Advances,Science,10.1126/sciadv.aeb1017,research-article,2,all,microscopy/other,../make_my_plot/figure_library/science/2025_Yudin_mechanism_of_cotranslational_modificatio/figures/fig02_F2.jpg,CC BY (raw: cc by),partial,"prior_harvest (make_my_plot/figure_library, scripts/harvest_library.py); caption-based classification"
PMC12716425,"Yudin D, Jaskolowski M, Fan Z, Burg N, Chandrasekar S, Lentzsch AM, Scaiola A, Bothe A, Deuerling E, Gamerdinger M, Shan SO, Ban N.",2025,Science Advances,Science,10.1126/sciadv.aeb1017,research-article,3,all,bar/group comparison|categorical/composition|microscopy/other,../make_my_plot/figure_library/science/2025_Yudin_mechanism_of_cotranslational_modificatio/figures/fig03_F3.jpg,CC BY (raw: cc by),yes,"prior_harvest (make_my_plot/figure_library, scripts/harvest_library.py); caption-based classification"
PMC12716425,"Yudin D, Jaskolowski M, Fan Z, Burg N, Chandrasekar S, Lentzsch AM, Scaiola A, Bothe A, Deuerling E, Gamerdinger M, Shan SO, Ban N.",2025,Science Advances,Science,10.1126/sciadv.aeb1017,research-article,4,all,bar/group comparison|microscopy/other,../make_my_plot/figure_library/science/2025_Yudin_mechanism_of_cotranslational_modificatio/figures/fig04_F4.jpg,CC BY (raw: cc by),yes,"prior_harvest (make_my_plot/figure_library, scripts/harvest_library.py); caption-based classification"
PMC12716425,"Yudin D, Jaskolowski M, Fan Z, Burg N, Chandrasekar S, Lentzsch AM, Scaiola A, Bothe A, Deuerling E, Gamerdinger M, Shan SO, Ban N.",2025,Science Advances,Science,10.1126/sciadv.aeb1017,research-article,5,all,microscopy/other,../make_my_plot/figure_library/science/2025_Yudin_mechanism_of_cotranslational_modificatio/figures/fig05_F5.jpg,CC BY (raw: cc by),partial,"prior_harvest (make_my_plot/figure_library, scripts/harvest_library.py); no quantitative marker; caption-based classification"
PMC12716426,"Li H, Bai J, Ma X, Li L, Liu Y, Liu X, Shen S, Lim C.",2025,Science Advances,Science,10.1126/sciadv.aea6007,research-article,1,all,microscopy/other,../make_my_plot/figure_library/science/2025_Li_advances_in_machine_learning_enhanced_mi/figures/fig01_F1.jpg,CC BY (raw: cc by),partial,"prior_harvest (make_my_plot/figure_library, scripts/harvest_library.py); no quantitative marker; caption-based classification"
PMC12716426,"Li H, Bai J, Ma X, Li L, Liu Y, Liu X, Shen S, Lim C.",2025,Science Advances,Science,10.1126/sciadv.aea6007,research-article,2,all,microscopy/other,../make_my_plot/figure_library/science/2025_Li_advances_in_machine_learning_enhanced_mi/figures/fig02_F2.jpg,CC BY (raw: cc by),partial,"prior_harvest (make_my_plot/figure_library, scripts/harvest_library.py); unclassified-quantitative; caption-based classification"
PMC12716426,"Li H, Bai J, Ma X, Li L, Liu Y, Liu X, Shen S, Lim C.",2025,Science Advances,Science,10.1126/sciadv.aea6007,research-article,3,all,microscopy/other,../make_my_plot/figure_library/science/2025_Li_advances_in_machine_learning_enhanced_mi/figures/fig03_F3.jpg,CC BY (raw: cc by),partial,"prior_harvest (make_my_plot/figure_library, scripts/harvest_library.py); caption-based classification"
PMC12716426,"Li H, Bai J, Ma X, Li L, Liu Y, Liu X, Shen S, Lim C.",2025,Science Advances,Science,10.1126/sciadv.aea6007,research-article,4,all,microscopy/other,../make_my_plot/figure_library/science/2025_Li_advances_in_machine_learning_enhanced_mi/figures/fig04_F4.jpg,CC BY (raw: cc by),partial,"prior_harvest (make_my_plot/figure_library, scripts/harvest_library.py); caption-based classification"
PMC12716426,"Li H, Bai J, Ma X, Li L, Liu Y, Liu X, Shen S, Lim C.",2025,Science Advances,Science,10.1126/sciadv.aea6007,research-article,5,all,microscopy/other,../make_my_plot/figure_library/science/2025_Li_advances_in_machine_learning_enhanced_mi/figures/fig05_F5.jpg,CC BY (raw: cc by),partial,"prior_harvest (make_my_plot/figure_library, scripts/harvest_library.py); caption-based classification"
PMC12716426,"Li H, Bai J, Ma X, Li L, Liu Y, Liu X, Shen S, Lim C.",2025,Science Advances,Science,10.1126/sciadv.aea6007,research-article,6,all,line/time-course|PCA/UMAP,../make_my_plot/figure_library/science/2025_Li_advances_in_machine_learning_enhanced_mi/figures/fig06_F6.jpg,CC BY (raw: cc by),yes,"prior_harvest (make_my_plot/figure_library, scripts/harvest_library.py); caption-based classification"
PMC12716426,"Li H, Bai J, Ma X, Li L, Liu Y, Liu X, Shen S, Lim C.",2025,Science Advances,Science,10.1126/sciadv.aea6007,research-article,7,all,scatter/regression,../make_my_plot/figure_library/science/2025_Li_advances_in_machine_learning_enhanced_mi/figures/fig07_F7.jpg,CC BY (raw: cc by),yes,"prior_harvest (make_my_plot/figure_library, scripts/harvest_library.py); caption-based classification"
PMC13564803,"Mason KS, Kiker MT, Xu Z, Price TC, Sproul E, Mejia EB, Fowler HE, Suslick BA, Stolpen FA, Juba BW, Zhu L, Ko K, Xia Y, Johnson JA, Appelhans LN, Moore JS, Sottos NR, Page ZA, Leguizamon SC.",2026,Science Advances,Science,10.1126/sciadv.aef4204,research-article,1,all,microscopy/other,PRIVATE_REFERENCE_ONLY/corpus/PMC13564803/figures/Fig1.webp,"https://creativecommons.org/licenses/by-nc/4.0/ This is an open-access article distributed under the terms of the Creative Commons Attribution-NonCommercial license , which permits use, distribution, and reproduction in any medium, so long as the resultant use is not for commercial advantage and provided the original work is properly cited.",partial,no quantitative marker; caption-based classification
PMC13564803,"Mason KS, Kiker MT, Xu Z, Price TC, Sproul E, Mejia EB, Fowler HE, Suslick BA, Stolpen FA, Juba BW, Zhu L, Ko K, Xia Y, Johnson JA, Appelhans LN, Moore JS, Sottos NR, Page ZA, Leguizamon SC.",2026,Science Advances,Science,10.1126/sciadv.aef4204,research-article,2,all,line/time-course,PRIVATE_REFERENCE_ONLY/corpus/PMC13564803/figures/Fig2.webp,"https://creativecommons.org/licenses/by-nc/4.0/ This is an open-access article distributed under the terms of the Creative Commons Attribution-NonCommercial license , which permits use, distribution, and reproduction in any medium, so long as the resultant use is not for commercial advantage and provided the original work is properly cited.",yes,caption-based classification
PMC13564803,"Mason KS, Kiker MT, Xu Z, Price TC, Sproul E, Mejia EB, Fowler HE, Suslick BA, Stolpen FA, Juba BW, Zhu L, Ko K, Xia Y, Johnson JA, Appelhans LN, Moore JS, Sottos NR, Page ZA, Leguizamon SC.",2026,Science Advances,Science,10.1126/sciadv.aef4204,research-article,3,all,microscopy/other,PRIVATE_REFERENCE_ONLY/corpus/PMC13564803/figures/Fig3.webp,"https://creativecommons.org/licenses/by-nc/4.0/ This is an open-access article distributed under the terms of the Creative Commons Attribution-NonCommercial license , which permits use, distribution, and reproduction in any medium, so long as the resultant use is not for commercial advantage and provided the original work is properly cited.",partial,no quantitative marker; caption-based classification
PMC13564803,"Mason KS, Kiker MT, Xu Z, Price TC, Sproul E, Mejia EB, Fowler HE, Suslick BA, Stolpen FA, Juba BW, Zhu L, Ko K, Xia Y, Johnson JA, Appelhans LN, Moore JS, Sottos NR, Page ZA, Leguizamon SC.",2026,Science Advances,Science,10.1126/sciadv.aef4204,research-article,4,all,bar/group comparison|categorical/composition,PRIVATE_REFERENCE_ONLY/corpus/PMC13564803/figures/Fig4.webp,"https://creativecommons.org/licenses/by-nc/4.0/ This is an open-access article distributed under the terms of the Creative Commons Attribution-NonCommercial license , which permits use, distribution, and reproduction in any medium, so long as the resultant use is not for commercial advantage and provided the original work is properly cited.",yes,caption-based classification
PMC13564803,"Mason KS, Kiker MT, Xu Z, Price TC, Sproul E, Mejia EB, Fowler HE, Suslick BA, Stolpen FA, Juba BW, Zhu L, Ko K, Xia Y, Johnson JA, Appelhans LN, Moore JS, Sottos NR, Page ZA, Leguizamon SC.",2026,Science Advances,Science,10.1126/sciadv.aef4204,research-article,5,all,microscopy/other,PRIVATE_REFERENCE_ONLY/corpus/PMC13564803/figures/Fig5.webp,"https://creativecommons.org/licenses/by-nc/4.0/ This is an open-access article distributed under the terms of the Creative Commons Attribution-NonCommercial license , which permits use, distribution, and reproduction in any medium, so long as the resultant use is not for commercial advantage and provided the original work is properly cited.",partial,caption-based classification
PMC13564807,"Kramer L, Dai Z, Corbin J, Ringquist R, Bhatia E, Petersen I, Ghoshal D, Jain R, Juarez VM, Zhong Z, Agarwal S, Lee FE, Goudy S, Singh A, Roy K.",2026,Science Advances,Science,10.1126/sciadv.adz3976,research-article,1,all,categorical/composition|microscopy/other,PRIVATE_REFERENCE_ONLY/corpus/PMC13564807/figures/Fig1.webp,"https://creativecommons.org/licenses/by/4.0/ This is an open-access article distributed under the terms of the Creative Commons Attribution license , which permits unrestricted use, distribution, and reproduction in any medium, provided the original work is properly cited.",partial,caption-based classification
PMC13564807,"Kramer L, Dai Z, Corbin J, Ringquist R, Bhatia E, Petersen I, Ghoshal D, Jain R, Juarez VM, Zhong Z, Agarwal S, Lee FE, Goudy S, Singh A, Roy K.",2026,Science Advances,Science,10.1126/sciadv.adz3976,research-article,2,all,microscopy/other,PRIVATE_REFERENCE_ONLY/corpus/PMC13564807/figures/Fig2.webp,"https://creativecommons.org/licenses/by/4.0/ This is an open-access article distributed under the terms of the Creative Commons Attribution license , which permits unrestricted use, distribution, and reproduction in any medium, provided the original work is properly cited.",partial,caption-based classification
PMC13564807,"Kramer L, Dai Z, Corbin J, Ringquist R, Bhatia E, Petersen I, Ghoshal D, Jain R, Juarez VM, Zhong Z, Agarwal S, Lee FE, Goudy S, Singh A, Roy K.",2026,Science Advances,Science,10.1126/sciadv.adz3976,research-article,3,all,bar/group comparison|categorical/composition,PRIVATE_REFERENCE_ONLY/corpus/PMC13564807/figures/Fig3.webp,"https://creativecommons.org/licenses/by/4.0/ This is an open-access article distributed under the terms of the Creative Commons Attribution license , which permits unrestricted use, distribution, and reproduction in any medium, provided the original work is properly cited.",yes,caption-based classification
PMC13564807,"Kramer L, Dai Z, Corbin J, Ringquist R, Bhatia E, Petersen I, Ghoshal D, Jain R, Juarez VM, Zhong Z, Agarwal S, Lee FE, Goudy S, Singh A, Roy K.",2026,Science Advances,Science,10.1126/sciadv.adz3976,research-article,4,all,bar/group comparison,PRIVATE_REFERENCE_ONLY/corpus/PMC13564807/figures/Fig4.webp,"https://creativecommons.org/licenses/by/4.0/ This is an open-access article distributed under the terms of the Creative Commons Attribution license , which permits unrestricted use, distribution, and reproduction in any medium, provided the original work is properly cited.",yes,caption-based classification
PMC13564807,"Kramer L, Dai Z, Corbin J, Ringquist R, Bhatia E, Petersen I, Ghoshal D, Jain R, Juarez VM, Zhong Z, Agarwal S, Lee FE, Goudy S, Singh A, Roy K.",2026,Science Advances,Science,10.1126/sciadv.adz3976,research-article,5,all,bar/group comparison|categorical/composition|microscopy/other,PRIVATE_REFERENCE_ONLY/corpus/PMC13564807/figures/Fig5.webp,"https://creativecommons.org/licenses/by/4.0/ This is an open-access article distributed under the terms of the Creative Commons Attribution license , which permits unrestricted use, distribution, and reproduction in any medium, provided the original work is properly cited.",yes,caption-based classification
PMC13564807,"Kramer L, Dai Z, Corbin J, Ringquist R, Bhatia E, Petersen I, Ghoshal D, Jain R, Juarez VM, Zhong Z, Agarwal S, Lee FE, Goudy S, Singh A, Roy K.",2026,Science Advances,Science,10.1126/sciadv.adz3976,research-article,6,all,PCA/UMAP,PRIVATE_REFERENCE_ONLY/corpus/PMC13564807/figures/Fig6.webp,"https://creativecommons.org/licenses/by/4.0/ This is an open-access article distributed under the terms of the Creative Commons Attribution license , which permits unrestricted use, distribution, and reproduction in any medium, provided the original work is properly cited.",yes,caption-based classification
PMC13564810,"Gu X, Zhu Y, Xu L, Xu X, Jin K, Cho WC, Fang Q.",2026,Science Advances,Science,10.1126/sciadv.aef1694,research-article,1,all,bar/group comparison|dot/bubble|microscopy/other,PRIVATE_REFERENCE_ONLY/corpus/PMC13564810/figures/Fig1.webp,"https://creativecommons.org/licenses/by/4.0/ This is an open-access article distributed under the terms of the Creative Commons Attribution license , which permits unrestricted use, distribution, and reproduction in any medium, provided the original work is properly cited.",yes,caption-based classification
PMC13564810,"Gu X, Zhu Y, Xu L, Xu X, Jin K, Cho WC, Fang Q.",2026,Science Advances,Science,10.1126/sciadv.aef1694,research-article,2,all,dot/bubble|microscopy/other,PRIVATE_REFERENCE_ONLY/corpus/PMC13564810/figures/Fig2.webp,"https://creativecommons.org/licenses/by/4.0/ This is an open-access article distributed under the terms of the Creative Commons Attribution license , which permits unrestricted use, distribution, and reproduction in any medium, provided the original work is properly cited.",yes,caption-based classification
PMC13564810,"Gu X, Zhu Y, Xu L, Xu X, Jin K, Cho WC, Fang Q.",2026,Science Advances,Science,10.1126/sciadv.aef1694,research-article,3,all,volcano/MA|heatmap|dot/bubble|microscopy/other,PRIVATE_REFERENCE_ONLY/corpus/PMC13564810/figures/Fig3.webp,"https://creativecommons.org/licenses/by/4.0/ This is an open-access article distributed under the terms of the Creative Commons Attribution license , which permits unrestricted use, distribution, and reproduction in any medium, provided the original work is properly cited.",yes,caption-based classification
PMC13564810,"Gu X, Zhu Y, Xu L, Xu X, Jin K, Cho WC, Fang Q.",2026,Science Advances,Science,10.1126/sciadv.aef1694,research-article,4,all,bar/group comparison|dot/bubble|microscopy/other,PRIVATE_REFERENCE_ONLY/corpus/PMC13564810/figures/Fig4.webp,"https://creativecommons.org/licenses/by/4.0/ This is an open-access article distributed under the terms of the Creative Commons Attribution license , which permits unrestricted use, distribution, and reproduction in any medium, provided the original work is properly cited.",yes,caption-based classification
PMC13564810,"Gu X, Zhu Y, Xu L, Xu X, Jin K, Cho WC, Fang Q.",2026,Science Advances,Science,10.1126/sciadv.aef1694,research-article,5,all,bar/group comparison|volcano/MA|dot/bubble|microscopy/other,PRIVATE_REFERENCE_ONLY/corpus/PMC13564810/figures/Fig5.webp,"https://creativecommons.org/licenses/by/4.0/ This is an open-access article distributed under the terms of the Creative Commons Attribution license , which permits unrestricted use, distribution, and reproduction in any medium, provided the original work is properly cited.",yes,caption-based classification
PMC13564810,"Gu X, Zhu Y, Xu L, Xu X, Jin K, Cho WC, Fang Q.",2026,Science Advances,Science,10.1126/sciadv.aef1694,research-article,6,all,bar/group comparison|dot/bubble|microscopy/other,PRIVATE_REFERENCE_ONLY/corpus/PMC13564810/figures/Fig6.webp,"https://creativecommons.org/licenses/by/4.0/ This is an open-access article distributed under the terms of the Creative Commons Attribution license , which permits unrestricted use, distribution, and reproduction in any medium, provided the original work is properly cited.",yes,caption-based classification
PMC13564810,"Gu X, Zhu Y, Xu L, Xu X, Jin K, Cho WC, Fang Q.",2026,Science Advances,Science,10.1126/sciadv.aef1694,research-article,7,all,survival|dot/bubble|microscopy/other,PRIVATE_REFERENCE_ONLY/corpus/PMC13564810/figures/Fig7.webp,"https://creativecommons.org/licenses/by/4.0/ This is an open-access article distributed under the terms of the Creative Commons Attribution license , which permits unrestricted use, distribution, and reproduction in any medium, provided the original work is properly cited.",yes,caption-based classification
PMC13564810,"Gu X, Zhu Y, Xu L, Xu X, Jin K, Cho WC, Fang Q.",2026,Science Advances,Science,10.1126/sciadv.aef1694,research-article,8,all,heatmap,PRIVATE_REFERENCE_ONLY/corpus/PMC13564810/figures/Fig8.webp,"https://creativecommons.org/licenses/by/4.0/ This is an open-access article distributed under the terms of the Creative Commons Attribution license , which permits unrestricted use, distribution, and reproduction in any medium, provided the original work is properly cited.",partial,caption-based classification
PMC13564813,"Chen R, Xu L, Staudacher AH, Wang X, Jia R, Finnie JW, Wang X, Whelan DM, Brown MP, Zhao CX.",2026,Science Advances,Science,10.1126/sciadv.aed9568,research-article,1,all,microscopy/other,PRIVATE_REFERENCE_ONLY/corpus/PMC13564813/figures/Fig1.webp,"https://creativecommons.org/licenses/by-nc/4.0/ This is an open-access article distributed under the terms of the Creative Commons Attribution-NonCommercial license , which permits use, distribution, and reproduction in any medium, so long as the resultant use is not for commercial advantage and provided the original work is properly cited.",partial,caption-based classification
PMC13564813,"Chen R, Xu L, Staudacher AH, Wang X, Jia R, Finnie JW, Wang X, Whelan DM, Brown MP, Zhao CX.",2026,Science Advances,Science,10.1126/sciadv.aed9568,research-article,2,all,bar/group comparison,PRIVATE_REFERENCE_ONLY/corpus/PMC13564813/figures/Fig2.webp,"https://creativecommons.org/licenses/by-nc/4.0/ This is an open-access article distributed under the terms of the Creative Commons Attribution-NonCommercial license , which permits use, distribution, and reproduction in any medium, so long as the resultant use is not for commercial advantage and provided the original work is properly cited.",yes,no explicit family keyword; stat-test present; caption-based classification
PMC13564813,"Chen R, Xu L, Staudacher AH, Wang X, Jia R, Finnie JW, Wang X, Whelan DM, Brown MP, Zhao CX.",2026,Science Advances,Science,10.1126/sciadv.aed9568,research-article,3,all,line/time-course|categorical/composition|microscopy/other,PRIVATE_REFERENCE_ONLY/corpus/PMC13564813/figures/Fig3.webp,"https://creativecommons.org/licenses/by-nc/4.0/ This is an open-access article distributed under the terms of the Creative Commons Attribution-NonCommercial license , which permits use, distribution, and reproduction in any medium, so long as the resultant use is not for commercial advantage and provided the original work is properly cited.",yes,caption-based classification
PMC13564813,"Chen R, Xu L, Staudacher AH, Wang X, Jia R, Finnie JW, Wang X, Whelan DM, Brown MP, Zhao CX.",2026,Science Advances,Science,10.1126/sciadv.aed9568,research-article,4,all,microscopy/other,PRIVATE_REFERENCE_ONLY/corpus/PMC13564813/figures/Fig4.webp,"https://creativecommons.org/licenses/by-nc/4.0/ This is an open-access article distributed under the terms of the Creative Commons Attribution-NonCommercial license , which permits use, distribution, and reproduction in any medium, so long as the resultant use is not for commercial advantage and provided the original work is properly cited.",partial,caption-based classification
PMC13564813,"Chen R, Xu L, Staudacher AH, Wang X, Jia R, Finnie JW, Wang X, Whelan DM, Brown MP, Zhao CX.",2026,Science Advances,Science,10.1126/sciadv.aed9568,research-article,5,all,dot/bubble|microscopy/other,PRIVATE_REFERENCE_ONLY/corpus/PMC13564813/figures/Fig5.webp,"https://creativecommons.org/licenses/by-nc/4.0/ This is an open-access article distributed under the terms of the Creative Commons Attribution-NonCommercial license , which permits use, distribution, and reproduction in any medium, so long as the resultant use is not for commercial advantage and provided the original work is properly cited.",yes,caption-based classification
PMC13564813,"Chen R, Xu L, Staudacher AH, Wang X, Jia R, Finnie JW, Wang X, Whelan DM, Brown MP, Zhao CX.",2026,Science Advances,Science,10.1126/sciadv.aed9568,research-article,6,all,bar/group comparison|dot/bubble,PRIVATE_REFERENCE_ONLY/corpus/PMC13564813/figures/Fig6.webp,"https://creativecommons.org/licenses/by-nc/4.0/ This is an open-access article distributed under the terms of the Creative Commons Attribution-NonCommercial license , which permits use, distribution, and reproduction in any medium, so long as the resultant use is not for commercial advantage and provided the original work is properly cited.",yes,caption-based classification
PMC13564813,"Chen R, Xu L, Staudacher AH, Wang X, Jia R, Finnie JW, Wang X, Whelan DM, Brown MP, Zhao CX.",2026,Science Advances,Science,10.1126/sciadv.aed9568,research-article,7,all,dot/bubble,PRIVATE_REFERENCE_ONLY/corpus/PMC13564813/figures/Fig7.webp,"https://creativecommons.org/licenses/by-nc/4.0/ This is an open-access article distributed under the terms of the Creative Commons Attribution-NonCommercial license , which permits use, distribution, and reproduction in any medium, so long as the resultant use is not for commercial advantage and provided the original work is properly cited.",yes,caption-based classification
PMC13564824,"Zhao Z, Gu X, Yu J, Chen X, Zhang L, Zhao T, Ye W, Cheng H.",2026,Science Advances,Science,10.1126/sciadv.aef3957,research-article,1,all,scatter/regression|bar/group comparison|forest/effect-size,PRIVATE_REFERENCE_ONLY/corpus/PMC13564824/figures/Fig1.webp,"https://creativecommons.org/licenses/by/4.0/ This is an open-access article distributed under the terms of the Creative Commons Attribution license , which permits unrestricted use, distribution, and reproduction in any medium, provided the original work is properly cited.",yes,caption-based classification
PMC13564824,"Zhao Z, Gu X, Yu J, Chen X, Zhang L, Zhao T, Ye W, Cheng H.",2026,Science Advances,Science,10.1126/sciadv.aef3957,research-article,2,all,scatter/regression|bar/group comparison|forest/effect-size|microscopy/other,PRIVATE_REFERENCE_ONLY/corpus/PMC13564824/figures/Fig2.webp,"https://creativecommons.org/licenses/by/4.0/ This is an open-access article distributed under the terms of the Creative Commons Attribution license , which permits unrestricted use, distribution, and reproduction in any medium, provided the original work is properly cited.",yes,caption-based classification
PMC13564824,"Zhao Z, Gu X, Yu J, Chen X, Zhang L, Zhao T, Ye W, Cheng H.",2026,Science Advances,Science,10.1126/sciadv.aef3957,research-article,3,all,microscopy/other,PRIVATE_REFERENCE_ONLY/corpus/PMC13564824/figures/Fig3.webp,"https://creativecommons.org/licenses/by/4.0/ This is an open-access article distributed under the terms of the Creative Commons Attribution license , which permits unrestricted use, distribution, and reproduction in any medium, provided the original work is properly cited.",partial,caption-based classification
PMC13564824,"Zhao Z, Gu X, Yu J, Chen X, Zhang L, Zhao T, Ye W, Cheng H.",2026,Science Advances,Science,10.1126/sciadv.aef3957,research-article,4,all,bar/group comparison|categorical/composition,PRIVATE_REFERENCE_ONLY/corpus/PMC13564824/figures/Fig4.webp,"https://creativecommons.org/licenses/by/4.0/ This is an open-access article distributed under the terms of the Creative Commons Attribution license , which permits unrestricted use, distribution, and reproduction in any medium, provided the original work is properly cited.",yes,caption-based classification
PMC13564824,"Zhao Z, Gu X, Yu J, Chen X, Zhang L, Zhao T, Ye W, Cheng H.",2026,Science Advances,Science,10.1126/sciadv.aef3957,research-article,5,all,bar/group comparison,PRIVATE_REFERENCE_ONLY/corpus/PMC13564824/figures/Fig5.webp,"https://creativecommons.org/licenses/by/4.0/ This is an open-access article distributed under the terms of the Creative Commons Attribution license , which permits unrestricted use, distribution, and reproduction in any medium, provided the original work is properly cited.",yes,caption-based classification
PMC13564824,"Zhao Z, Gu X, Yu J, Chen X, Zhang L, Zhao T, Ye W, Cheng H.",2026,Science Advances,Science,10.1126/sciadv.aef3957,research-article,6,all,bar/group comparison,PRIVATE_REFERENCE_ONLY/corpus/PMC13564824/figures/Fig6.webp,"https://creativecommons.org/licenses/by/4.0/ This is an open-access article distributed under the terms of the Creative Commons Attribution license , which permits unrestricted use, distribution, and reproduction in any medium, provided the original work is properly cited.",yes,caption-based classification
PMC13564824,"Zhao Z, Gu X, Yu J, Chen X, Zhang L, Zhao T, Ye W, Cheng H.",2026,Science Advances,Science,10.1126/sciadv.aef3957,research-article,7,all,microscopy/other,PRIVATE_REFERENCE_ONLY/corpus/PMC13564824/figures/Fig7.webp,"https://creativecommons.org/licenses/by/4.0/ This is an open-access article distributed under the terms of the Creative Commons Attribution license , which permits unrestricted use, distribution, and reproduction in any medium, provided the original work is properly cited.",partial,no quantitative marker; caption-based classification
PMC13564827,"Xiao Y, Zhu J, Dutta A, Song C, Zhang Y, Huang C, Li G, Zhang S, Qiu D, Zhong J, Yang H, Hu T, Yin S, Bi P, Cheng Y, Huang Z, Gao M, Pan T, Yang J, Cheng H, Lin Y.",2026,Science Advances,Science,10.1126/sciadv.aed4474,research-article,1,all,microscopy/other,PRIVATE_REFERENCE_ONLY/corpus/PMC13564827/figures/Fig1.webp,"https://creativecommons.org/licenses/by-nc/4.0/ This is an open-access article distributed under the terms of the Creative Commons Attribution-NonCommercial license , which permits use, distribution, and reproduction in any medium, so long as the resultant use is not for commercial advantage and provided the original work is properly cited.",partial,caption-based classification
PMC13564827,"Xiao Y, Zhu J, Dutta A, Song C, Zhang Y, Huang C, Li G, Zhang S, Qiu D, Zhong J, Yang H, Hu T, Yin S, Bi P, Cheng Y, Huang Z, Gao M, Pan T, Yang J, Cheng H, Lin Y.",2026,Science Advances,Science,10.1126/sciadv.aed4474,research-article,2,all,bar/group comparison|microscopy/other,PRIVATE_REFERENCE_ONLY/corpus/PMC13564827/figures/Fig2.webp,"https://creativecommons.org/licenses/by-nc/4.0/ This is an open-access article distributed under the terms of the Creative Commons Attribution-NonCommercial license , which permits use, distribution, and reproduction in any medium, so long as the resultant use is not for commercial advantage and provided the original work is properly cited.",yes,caption-based classification
PMC13564827,"Xiao Y, Zhu J, Dutta A, Song C, Zhang Y, Huang C, Li G, Zhang S, Qiu D, Zhong J, Yang H, Hu T, Yin S, Bi P, Cheng Y, Huang Z, Gao M, Pan T, Yang J, Cheng H, Lin Y.",2026,Science Advances,Science,10.1126/sciadv.aed4474,research-article,3,all,microscopy/other,PRIVATE_REFERENCE_ONLY/corpus/PMC13564827/figures/Fig3.webp,"https://creativecommons.org/licenses/by-nc/4.0/ This is an open-access article distributed under the terms of the Creative Commons Attribution-NonCommercial license , which permits use, distribution, and reproduction in any medium, so long as the resultant use is not for commercial advantage and provided the original work is properly cited.",partial,caption-based classification
PMC13564827,"Xiao Y, Zhu J, Dutta A, Song C, Zhang Y, Huang C, Li G, Zhang S, Qiu D, Zhong J, Yang H, Hu T, Yin S, Bi P, Cheng Y, Huang Z, Gao M, Pan T, Yang J, Cheng H, Lin Y.",2026,Science Advances,Science,10.1126/sciadv.aed4474,research-article,4,all,microscopy/other,PRIVATE_REFERENCE_ONLY/corpus/PMC13564827/figures/Fig4.webp,"https://creativecommons.org/licenses/by-nc/4.0/ This is an open-access article distributed under the terms of the Creative Commons Attribution-NonCommercial license , which permits use, distribution, and reproduction in any medium, so long as the resultant use is not for commercial advantage and provided the original work is properly cited.",partial,caption-based classification
PMC13564827,"Xiao Y, Zhu J, Dutta A, Song C, Zhang Y, Huang C, Li G, Zhang S, Qiu D, Zhong J, Yang H, Hu T, Yin S, Bi P, Cheng Y, Huang Z, Gao M, Pan T, Yang J, Cheng H, Lin Y.",2026,Science Advances,Science,10.1126/sciadv.aed4474,research-article,5,all,line/time-course|categorical/composition|microscopy/other,PRIVATE_REFERENCE_ONLY/corpus/PMC13564827/figures/Fig5.webp,"https://creativecommons.org/licenses/by-nc/4.0/ This is an open-access article distributed under the terms of the Creative Commons Attribution-NonCommercial license , which permits use, distribution, and reproduction in any medium, so long as the resultant use is not for commercial advantage and provided the original work is properly cited.",partial,caption-based classification
PMC13564827,"Xiao Y, Zhu J, Dutta A, Song C, Zhang Y, Huang C, Li G, Zhang S, Qiu D, Zhong J, Yang H, Hu T, Yin S, Bi P, Cheng Y, Huang Z, Gao M, Pan T, Yang J, Cheng H, Lin Y.",2026,Science Advances,Science,10.1126/sciadv.aed4474,research-article,6,all,line/time-course|microscopy/other,PRIVATE_REFERENCE_ONLY/corpus/PMC13564827/figures/Fig6.webp,"https://creativecommons.org/licenses/by-nc/4.0/ This is an open-access article distributed under the terms of the Creative Commons Attribution-NonCommercial license , which permits use, distribution, and reproduction in any medium, so long as the resultant use is not for commercial advantage and provided the original work is properly cited.",partial,caption-based classification
PMC13564832,"Xu H, Chen Y, Zhang D.",2026,Science Advances,Science,10.1126/sciadv.aec0989,research-article,1,all,forest/effect-size|microscopy/other,PRIVATE_REFERENCE_ONLY/corpus/PMC13564832/figures/Fig1.webp,"https://creativecommons.org/licenses/by-nc/4.0/ This is an open-access article distributed under the terms of the Creative Commons Attribution-NonCommercial license , which permits use, distribution, and reproduction in any medium, so long as the resultant use is not for commercial advantage and provided the original work is properly cited.",partial,caption-based classification
PMC13564832,"Xu H, Chen Y, Zhang D.",2026,Science Advances,Science,10.1126/sciadv.aec0989,research-article,2,all,scatter/regression|line/time-course|categorical/composition,PRIVATE_REFERENCE_ONLY/corpus/PMC13564832/figures/Fig2.webp,"https://creativecommons.org/licenses/by-nc/4.0/ This is an open-access article distributed under the terms of the Creative Commons Attribution-NonCommercial license , which permits use, distribution, and reproduction in any medium, so long as the resultant use is not for commercial advantage and provided the original work is properly cited.",yes,caption-based classification
PMC13564832,"Xu H, Chen Y, Zhang D.",2026,Science Advances,Science,10.1126/sciadv.aec0989,research-article,3,all,scatter/regression|line/time-course|categorical/composition,PRIVATE_REFERENCE_ONLY/corpus/PMC13564832/figures/Fig3.webp,"https://creativecommons.org/licenses/by-nc/4.0/ This is an open-access article distributed under the terms of the Creative Commons Attribution-NonCommercial license , which permits use, distribution, and reproduction in any medium, so long as the resultant use is not for commercial advantage and provided the original work is properly cited.",yes,caption-based classification
PMC13564832,"Xu H, Chen Y, Zhang D.",2026,Science Advances,Science,10.1126/sciadv.aec0989,research-article,4,all,scatter/regression|line/time-course,PRIVATE_REFERENCE_ONLY/corpus/PMC13564832/figures/Fig4.webp,"https://creativecommons.org/licenses/by-nc/4.0/ This is an open-access article distributed under the terms of the Creative Commons Attribution-NonCommercial license , which permits use, distribution, and reproduction in any medium, so long as the resultant use is not for commercial advantage and provided the original work is properly cited.",yes,caption-based classification
PMC13564832,"Xu H, Chen Y, Zhang D.",2026,Science Advances,Science,10.1126/sciadv.aec0989,research-article,5,all,scatter/regression|line/time-course,PRIVATE_REFERENCE_ONLY/corpus/PMC13564832/figures/Fig5.webp,"https://creativecommons.org/licenses/by-nc/4.0/ This is an open-access article distributed under the terms of the Creative Commons Attribution-NonCommercial license , which permits use, distribution, and reproduction in any medium, so long as the resultant use is not for commercial advantage and provided the original work is properly cited.",yes,caption-based classification
PMC13564832,"Xu H, Chen Y, Zhang D.",2026,Science Advances,Science,10.1126/sciadv.aec0989,research-article,6,all,scatter/regression|line/time-course,PRIVATE_REFERENCE_ONLY/corpus/PMC13564832/figures/Fig6.webp,"https://creativecommons.org/licenses/by-nc/4.0/ This is an open-access article distributed under the terms of the Creative Commons Attribution-NonCommercial license , which permits use, distribution, and reproduction in any medium, so long as the resultant use is not for commercial advantage and provided the original work is properly cited.",yes,caption-based classification
PMC13564844,"Houtain A, Dupré ML, Hespeels B, Nicolas É, Simion P, Virgo J, Heuskin AC, Lenormand T, Hallet B, Van Doninck K.",2026,Science Advances,Science,10.1126/sciadv.aee0891,research-article,1,all,scatter/regression|categorical/composition,PRIVATE_REFERENCE_ONLY/corpus/PMC13564844/figures/Fig1.webp,"https://creativecommons.org/licenses/by/4.0/ This is an open-access article distributed under the terms of the Creative Commons Attribution license , which permits unrestricted use, distribution, and reproduction in any medium, provided the original work is properly cited.",yes,caption-based classification
PMC13564844,"Houtain A, Dupré ML, Hespeels B, Nicolas É, Simion P, Virgo J, Heuskin AC, Lenormand T, Hallet B, Van Doninck K.",2026,Science Advances,Science,10.1126/sciadv.aee0891,research-article,2,all,microscopy/other,PRIVATE_REFERENCE_ONLY/corpus/PMC13564844/figures/Fig2.webp,"https://creativecommons.org/licenses/by/4.0/ This is an open-access article distributed under the terms of the Creative Commons Attribution license , which permits unrestricted use, distribution, and reproduction in any medium, provided the original work is properly cited.",partial,no quantitative marker; caption-based classification
PMC13564844,"Houtain A, Dupré ML, Hespeels B, Nicolas É, Simion P, Virgo J, Heuskin AC, Lenormand T, Hallet B, Van Doninck K.",2026,Science Advances,Science,10.1126/sciadv.aee0891,research-article,3,all,microscopy/other,PRIVATE_REFERENCE_ONLY/corpus/PMC13564844/figures/Fig3.webp,"https://creativecommons.org/licenses/by/4.0/ This is an open-access article distributed under the terms of the Creative Commons Attribution license , which permits unrestricted use, distribution, and reproduction in any medium, provided the original work is properly cited.",partial,caption-based classification
PMC13564844,"Houtain A, Dupré ML, Hespeels B, Nicolas É, Simion P, Virgo J, Heuskin AC, Lenormand T, Hallet B, Van Doninck K.",2026,Science Advances,Science,10.1126/sciadv.aee0891,research-article,4,all,microscopy/other,PRIVATE_REFERENCE_ONLY/corpus/PMC13564844/figures/Fig4.webp,"https://creativecommons.org/licenses/by/4.0/ This is an open-access article distributed under the terms of the Creative Commons Attribution license , which permits unrestricted use, distribution, and reproduction in any medium, provided the original work is properly cited.",partial,no quantitative marker; caption-based classification
PMC13564844,"Houtain A, Dupré ML, Hespeels B, Nicolas É, Simion P, Virgo J, Heuskin AC, Lenormand T, Hallet B, Van Doninck K.",2026,Science Advances,Science,10.1126/sciadv.aee0891,research-article,5,all,bar/group comparison,PRIVATE_REFERENCE_ONLY/corpus/PMC13564844/figures/Fig5.webp,"https://creativecommons.org/licenses/by/4.0/ This is an open-access article distributed under the terms of the Creative Commons Attribution license , which permits unrestricted use, distribution, and reproduction in any medium, provided the original work is properly cited.",yes,no explicit family keyword; stat-test present; caption-based classification
PMC13564844,"Houtain A, Dupré ML, Hespeels B, Nicolas É, Simion P, Virgo J, Heuskin AC, Lenormand T, Hallet B, Van Doninck K.",2026,Science Advances,Science,10.1126/sciadv.aee0891,research-article,6,all,scatter/regression|box/violin|microscopy/other,PRIVATE_REFERENCE_ONLY/corpus/PMC13564844/figures/Fig6.webp,"https://creativecommons.org/licenses/by/4.0/ This is an open-access article distributed under the terms of the Creative Commons Attribution license , which permits unrestricted use, distribution, and reproduction in any medium, provided the original work is properly cited.",yes,caption-based classification
PMC13564844,"Houtain A, Dupré ML, Hespeels B, Nicolas É, Simion P, Virgo J, Heuskin AC, Lenormand T, Hallet B, Van Doninck K.",2026,Science Advances,Science,10.1126/sciadv.aee0891,research-article,7,all,microscopy/other,PRIVATE_REFERENCE_ONLY/corpus/PMC13564844/figures/Fig7.webp,"https://creativecommons.org/licenses/by/4.0/ This is an open-access article distributed under the terms of the Creative Commons Attribution license , which permits unrestricted use, distribution, and reproduction in any medium, provided the original work is properly cited.",partial,no quantitative marker; caption-based classification
PMC13564881,"Wang L, Zhang X, Su H, Long X, Dai C, Cao B, Han L, Zhou Y, Deng Y, Yu C, Sun T, Chen Z, Zhu P, Zhu S, Dai Y, Zhao Q, Liu N.",2026,Science Advances,Science,10.1126/sciadv.aef1504,research-article,1,all,microscopy/other,PRIVATE_REFERENCE_ONLY/corpus/PMC13564881/figures/Fig1.webp,"https://creativecommons.org/licenses/by-nc/4.0/ This is an open-access article distributed under the terms of the Creative Commons Attribution-NonCommercial license , which permits use, distribution, and reproduction in any medium, so long as the resultant use is not for commercial advantage and provided the original work is properly cited.",partial,caption-based classification
PMC13564881,"Wang L, Zhang X, Su H, Long X, Dai C, Cao B, Han L, Zhou Y, Deng Y, Yu C, Sun T, Chen Z, Zhu P, Zhu S, Dai Y, Zhao Q, Liu N.",2026,Science Advances,Science,10.1126/sciadv.aef1504,research-article,2,all,line/time-course,PRIVATE_REFERENCE_ONLY/corpus/PMC13564881/figures/Fig2.webp,"https://creativecommons.org/licenses/by-nc/4.0/ This is an open-access article distributed under the terms of the Creative Commons Attribution-NonCommercial license , which permits use, distribution, and reproduction in any medium, so long as the resultant use is not for commercial advantage and provided the original work is properly cited.",partial,caption-based classification
PMC13564881,"Wang L, Zhang X, Su H, Long X, Dai C, Cao B, Han L, Zhou Y, Deng Y, Yu C, Sun T, Chen Z, Zhu P, Zhu S, Dai Y, Zhao Q, Liu N.",2026,Science Advances,Science,10.1126/sciadv.aef1504,research-article,3,all,microscopy/other,PRIVATE_REFERENCE_ONLY/corpus/PMC13564881/figures/Fig3.webp,"https://creativecommons.org/licenses/by-nc/4.0/ This is an open-access article distributed under the terms of the Creative Commons Attribution-NonCommercial license , which permits use, distribution, and reproduction in any medium, so long as the resultant use is not for commercial advantage and provided the original work is properly cited.",partial,unclassified-quantitative; caption-based classification
PMC13564881,"Wang L, Zhang X, Su H, Long X, Dai C, Cao B, Han L, Zhou Y, Deng Y, Yu C, Sun T, Chen Z, Zhu P, Zhu S, Dai Y, Zhao Q, Liu N.",2026,Science Advances,Science,10.1126/sciadv.aef1504,research-article,4,all,line/time-course|bar/group comparison|microscopy/other,PRIVATE_REFERENCE_ONLY/corpus/PMC13564881/figures/Fig4.webp,"https://creativecommons.org/licenses/by-nc/4.0/ This is an open-access article distributed under the terms of the Creative Commons Attribution-NonCommercial license , which permits use, distribution, and reproduction in any medium, so long as the resultant use is not for commercial advantage and provided the original work is properly cited.",yes,caption-based classification
PMC13564881,"Wang L, Zhang X, Su H, Long X, Dai C, Cao B, Han L, Zhou Y, Deng Y, Yu C, Sun T, Chen Z, Zhu P, Zhu S, Dai Y, Zhao Q, Liu N.",2026,Science Advances,Science,10.1126/sciadv.aef1504,research-article,5,all,microscopy/other,PRIVATE_REFERENCE_ONLY/corpus/PMC13564881/figures/Fig5.webp,"https://creativecommons.org/licenses/by-nc/4.0/ This is an open-access article distributed under the terms of the Creative Commons Attribution-NonCommercial license , which permits use, distribution, and reproduction in any medium, so long as the resultant use is not for commercial advantage and provided the original work is properly cited.",partial,caption-based classification
PMC13564881,"Wang L, Zhang X, Su H, Long X, Dai C, Cao B, Han L, Zhou Y, Deng Y, Yu C, Sun T, Chen Z, Zhu P, Zhu S, Dai Y, Zhao Q, Liu N.",2026,Science Advances,Science,10.1126/sciadv.aef1504,research-article,6,all,volcano/MA|heatmap|microscopy/other,PRIVATE_REFERENCE_ONLY/corpus/PMC13564881/figures/Fig6.webp,"https://creativecommons.org/licenses/by-nc/4.0/ This is an open-access article distributed under the terms of the Creative Commons Attribution-NonCommercial license , which permits use, distribution, and reproduction in any medium, so long as the resultant use is not for commercial advantage and provided the original work is properly cited.",yes,caption-based classification
PMC13564881,"Wang L, Zhang X, Su H, Long X, Dai C, Cao B, Han L, Zhou Y, Deng Y, Yu C, Sun T, Chen Z, Zhu P, Zhu S, Dai Y, Zhao Q, Liu N.",2026,Science Advances,Science,10.1126/sciadv.aef1504,research-article,7,all,bar/group comparison|microscopy/other,PRIVATE_REFERENCE_ONLY/corpus/PMC13564881/figures/Fig7.webp,"https://creativecommons.org/licenses/by-nc/4.0/ This is an open-access article distributed under the terms of the Creative Commons Attribution-NonCommercial license , which permits use, distribution, and reproduction in any medium, so long as the resultant use is not for commercial advantage and provided the original work is properly cited.",yes,caption-based classification
PMC13564900,"Kelly T, Döngi M, Rodriguez-Gatica JE, Ofer N, Wert-Carvajal C, Cissewski N, Barboni M, Bethge P, Godale CM, Yaser S, Herde MK, Tillmann J, Peter SI, Dupraz S, Koch H, Stein V, Bradke F, Danzer SC, Tchumatchenko T, Schwarz MK, Kubitscheck U, Nägerl UV, Beck H.",2026,Science Advances,Science,10.1126/sciadv.aec4911,research-article,1,all,line/time-course|microscopy/other,PRIVATE_REFERENCE_ONLY/corpus/PMC13564900/figures/Fig1.webp,"https://creativecommons.org/licenses/by/4.0/ This is an open-access article distributed under the terms of the Creative Commons Attribution license , which permits unrestricted use, distribution, and reproduction in any medium, provided the original work is properly cited.",yes,caption-based classification
PMC13564900,"Kelly T, Döngi M, Rodriguez-Gatica JE, Ofer N, Wert-Carvajal C, Cissewski N, Barboni M, Bethge P, Godale CM, Yaser S, Herde MK, Tillmann J, Peter SI, Dupraz S, Koch H, Stein V, Bradke F, Danzer SC, Tchumatchenko T, Schwarz MK, Kubitscheck U, Nägerl UV, Beck H.",2026,Science Advances,Science,10.1126/sciadv.aec4911,research-article,2,all,line/time-course|bar/group comparison,PRIVATE_REFERENCE_ONLY/corpus/PMC13564900/figures/Fig2.webp,"https://creativecommons.org/licenses/by/4.0/ This is an open-access article distributed under the terms of the Creative Commons Attribution license , which permits unrestricted use, distribution, and reproduction in any medium, provided the original work is properly cited.",yes,caption-based classification
PMC13564900,"Kelly T, Döngi M, Rodriguez-Gatica JE, Ofer N, Wert-Carvajal C, Cissewski N, Barboni M, Bethge P, Godale CM, Yaser S, Herde MK, Tillmann J, Peter SI, Dupraz S, Koch H, Stein V, Bradke F, Danzer SC, Tchumatchenko T, Schwarz MK, Kubitscheck U, Nägerl UV, Beck H.",2026,Science Advances,Science,10.1126/sciadv.aec4911,research-article,3,all,microscopy/other,PRIVATE_REFERENCE_ONLY/corpus/PMC13564900/figures/Fig3.webp,"https://creativecommons.org/licenses/by/4.0/ This is an open-access article distributed under the terms of the Creative Commons Attribution license , which permits unrestricted use, distribution, and reproduction in any medium, provided the original work is properly cited.",partial,caption-based classification
PMC13564900,"Kelly T, Döngi M, Rodriguez-Gatica JE, Ofer N, Wert-Carvajal C, Cissewski N, Barboni M, Bethge P, Godale CM, Yaser S, Herde MK, Tillmann J, Peter SI, Dupraz S, Koch H, Stein V, Bradke F, Danzer SC, Tchumatchenko T, Schwarz MK, Kubitscheck U, Nägerl UV, Beck H.",2026,Science Advances,Science,10.1126/sciadv.aec4911,research-article,4,all,bar/group comparison,PRIVATE_REFERENCE_ONLY/corpus/PMC13564900/figures/Fig4.webp,"https://creativecommons.org/licenses/by/4.0/ This is an open-access article distributed under the terms of the Creative Commons Attribution license , which permits unrestricted use, distribution, and reproduction in any medium, provided the original work is properly cited.",yes,caption-based classification
PMC13564900,"Kelly T, Döngi M, Rodriguez-Gatica JE, Ofer N, Wert-Carvajal C, Cissewski N, Barboni M, Bethge P, Godale CM, Yaser S, Herde MK, Tillmann J, Peter SI, Dupraz S, Koch H, Stein V, Bradke F, Danzer SC, Tchumatchenko T, Schwarz MK, Kubitscheck U, Nägerl UV, Beck H.",2026,Science Advances,Science,10.1126/sciadv.aec4911,research-article,5,all,bar/group comparison,PRIVATE_REFERENCE_ONLY/corpus/PMC13564900/figures/Fig5.webp,"https://creativecommons.org/licenses/by/4.0/ This is an open-access article distributed under the terms of the Creative Commons Attribution license , which permits unrestricted use, distribution, and reproduction in any medium, provided the original work is properly cited.",yes,caption-based classification
PMC13564907,"Sil P, van Zanten TS, Jahnavi S, Bansal A, Razmazma H, Saha S, Mahajan B, Kumar M, Stansfeld PJ, Singh PP, Rao M, Mayor S.",2026,Science Advances,Science,10.1126/sciadv.aeb8889,research-article,1,all,bar/group comparison|microscopy/other,PRIVATE_REFERENCE_ONLY/corpus/PMC13564907/figures/Fig1.webp,"https://creativecommons.org/licenses/by/4.0/ This is an open-access article distributed under the terms of the Creative Commons Attribution license , which permits unrestricted use, distribution, and reproduction in any medium, provided the original work is properly cited.",yes,caption-based classification
PMC13564907,"Sil P, van Zanten TS, Jahnavi S, Bansal A, Razmazma H, Saha S, Mahajan B, Kumar M, Stansfeld PJ, Singh PP, Rao M, Mayor S.",2026,Science Advances,Science,10.1126/sciadv.aeb8889,research-article,2,all,bar/group comparison,PRIVATE_REFERENCE_ONLY/corpus/PMC13564907/figures/Fig2.webp,"https://creativecommons.org/licenses/by/4.0/ This is an open-access article distributed under the terms of the Creative Commons Attribution license , which permits unrestricted use, distribution, and reproduction in any medium, provided the original work is properly cited.",yes,caption-based classification
PMC13564907,"Sil P, van Zanten TS, Jahnavi S, Bansal A, Razmazma H, Saha S, Mahajan B, Kumar M, Stansfeld PJ, Singh PP, Rao M, Mayor S.",2026,Science Advances,Science,10.1126/sciadv.aeb8889,research-article,3,all,bar/group comparison,PRIVATE_REFERENCE_ONLY/corpus/PMC13564907/figures/Fig3.webp,"https://creativecommons.org/licenses/by/4.0/ This is an open-access article distributed under the terms of the Creative Commons Attribution license , which permits unrestricted use, distribution, and reproduction in any medium, provided the original work is properly cited.",yes,caption-based classification
PMC13564907,"Sil P, van Zanten TS, Jahnavi S, Bansal A, Razmazma H, Saha S, Mahajan B, Kumar M, Stansfeld PJ, Singh PP, Rao M, Mayor S.",2026,Science Advances,Science,10.1126/sciadv.aeb8889,research-article,4,all,scatter/regression|bar/group comparison|forest/effect-size|microscopy/other,PRIVATE_REFERENCE_ONLY/corpus/PMC13564907/figures/Fig4.webp,"https://creativecommons.org/licenses/by/4.0/ This is an open-access article distributed under the terms of the Creative Commons Attribution license , which permits unrestricted use, distribution, and reproduction in any medium, provided the original work is properly cited.",yes,caption-based classification
PMC13564907,"Sil P, van Zanten TS, Jahnavi S, Bansal A, Razmazma H, Saha S, Mahajan B, Kumar M, Stansfeld PJ, Singh PP, Rao M, Mayor S.",2026,Science Advances,Science,10.1126/sciadv.aeb8889,research-article,5,all,bar/group comparison,PRIVATE_REFERENCE_ONLY/corpus/PMC13564907/figures/Fig5.webp,"https://creativecommons.org/licenses/by/4.0/ This is an open-access article distributed under the terms of the Creative Commons Attribution license , which permits unrestricted use, distribution, and reproduction in any medium, provided the original work is properly cited.",yes,no explicit family keyword; stat-test present; caption-based classification
PMC13564907,"Sil P, van Zanten TS, Jahnavi S, Bansal A, Razmazma H, Saha S, Mahajan B, Kumar M, Stansfeld PJ, Singh PP, Rao M, Mayor S.",2026,Science Advances,Science,10.1126/sciadv.aeb8889,research-article,6,all,scatter/regression|bar/group comparison|heatmap|microscopy/other,PRIVATE_REFERENCE_ONLY/corpus/PMC13564907/figures/Fig6.webp,"https://creativecommons.org/licenses/by/4.0/ This is an open-access article distributed under the terms of the Creative Commons Attribution license , which permits unrestricted use, distribution, and reproduction in any medium, provided the original work is properly cited.",yes,caption-based classification
PMC13564907,"Sil P, van Zanten TS, Jahnavi S, Bansal A, Razmazma H, Saha S, Mahajan B, Kumar M, Stansfeld PJ, Singh PP, Rao M, Mayor S.",2026,Science Advances,Science,10.1126/sciadv.aeb8889,research-article,7,all,microscopy/other,PRIVATE_REFERENCE_ONLY/corpus/PMC13564907/figures/Fig7.webp,"https://creativecommons.org/licenses/by/4.0/ This is an open-access article distributed under the terms of the Creative Commons Attribution license , which permits unrestricted use, distribution, and reproduction in any medium, provided the original work is properly cited.",partial,caption-based classification
PMC13564907,"Sil P, van Zanten TS, Jahnavi S, Bansal A, Razmazma H, Saha S, Mahajan B, Kumar M, Stansfeld PJ, Singh PP, Rao M, Mayor S.",2026,Science Advances,Science,10.1126/sciadv.aeb8889,research-article,8,all,microscopy/other,PRIVATE_REFERENCE_ONLY/corpus/PMC13564907/figures/Fig8.webp,"https://creativecommons.org/licenses/by/4.0/ This is an open-access article distributed under the terms of the Creative Commons Attribution license , which permits unrestricted use, distribution, and reproduction in any medium, provided the original work is properly cited.",partial,caption-based classification
PMC13564907,"Sil P, van Zanten TS, Jahnavi S, Bansal A, Razmazma H, Saha S, Mahajan B, Kumar M, Stansfeld PJ, Singh PP, Rao M, Mayor S.",2026,Science Advances,Science,10.1126/sciadv.aeb8889,research-article,9,all,bar/group comparison,PRIVATE_REFERENCE_ONLY/corpus/PMC13564907/figures/Fig9.webp,"https://creativecommons.org/licenses/by/4.0/ This is an open-access article distributed under the terms of the Creative Commons Attribution license , which permits unrestricted use, distribution, and reproduction in any medium, provided the original work is properly cited.",yes,caption-based classification
PMC13564909,"Adams BA, Cooper FJ, Walsh C, Cashman KV.",2026,Science Advances,Science,10.1126/sciadv.aee5374,research-article,1,all,scatter/regression,PRIVATE_REFERENCE_ONLY/corpus/PMC13564909/figures/Fig1.webp,"https://creativecommons.org/licenses/by-nc/4.0/ This is an open-access article distributed under the terms of the Creative Commons Attribution-NonCommercial license , which permits use, distribution, and reproduction in any medium, so long as the resultant use is not for commercial advantage and provided the original work is properly cited.",yes,caption-based classification
PMC13564909,"Adams BA, Cooper FJ, Walsh C, Cashman KV.",2026,Science Advances,Science,10.1126/sciadv.aee5374,research-article,2,all,scatter/regression|line/time-course,PRIVATE_REFERENCE_ONLY/corpus/PMC13564909/figures/Fig2.webp,"https://creativecommons.org/licenses/by-nc/4.0/ This is an open-access article distributed under the terms of the Creative Commons Attribution-NonCommercial license , which permits use, distribution, and reproduction in any medium, so long as the resultant use is not for commercial advantage and provided the original work is properly cited.",yes,caption-based classification
PMC13564909,"Adams BA, Cooper FJ, Walsh C, Cashman KV.",2026,Science Advances,Science,10.1126/sciadv.aee5374,research-article,3,all,scatter/regression,PRIVATE_REFERENCE_ONLY/corpus/PMC13564909/figures/Fig3.webp,"https://creativecommons.org/licenses/by-nc/4.0/ This is an open-access article distributed under the terms of the Creative Commons Attribution-NonCommercial license , which permits use, distribution, and reproduction in any medium, so long as the resultant use is not for commercial advantage and provided the original work is properly cited.",yes,caption-based classification
PMC13564909,"Adams BA, Cooper FJ, Walsh C, Cashman KV.",2026,Science Advances,Science,10.1126/sciadv.aee5374,research-article,4,all,microscopy/other,PRIVATE_REFERENCE_ONLY/corpus/PMC13564909/figures/Fig4.webp,"https://creativecommons.org/licenses/by-nc/4.0/ This is an open-access article distributed under the terms of the Creative Commons Attribution-NonCommercial license , which permits use, distribution, and reproduction in any medium, so long as the resultant use is not for commercial advantage and provided the original work is properly cited.",partial,no quantitative marker; caption-based classification
PMC13564915,"Kim Y, Caldwell S, Long M, Abrahams D, Baldwin M, DeNicola GM.",2026,Science Advances,Science,10.1126/sciadv.aeg1157,research-article,1,all,bar/group comparison|volcano/MA|heatmap|categorical/composition|microscopy/other,PRIVATE_REFERENCE_ONLY/corpus/PMC13564915/figures/Fig1.webp,"https://creativecommons.org/licenses/by/4.0/ This is an open-access article distributed under the terms of the Creative Commons Attribution license , which permits unrestricted use, distribution, and reproduction in any medium, provided the original work is properly cited.",yes,caption-based classification
PMC13564915,"Kim Y, Caldwell S, Long M, Abrahams D, Baldwin M, DeNicola GM.",2026,Science Advances,Science,10.1126/sciadv.aeg1157,research-article,2,all,bar/group comparison|volcano/MA|heatmap,PRIVATE_REFERENCE_ONLY/corpus/PMC13564915/figures/Fig2.webp,"https://creativecommons.org/licenses/by/4.0/ This is an open-access article distributed under the terms of the Creative Commons Attribution license , which permits unrestricted use, distribution, and reproduction in any medium, provided the original work is properly cited.",yes,caption-based classification
PMC13564915,"Kim Y, Caldwell S, Long M, Abrahams D, Baldwin M, DeNicola GM.",2026,Science Advances,Science,10.1126/sciadv.aeg1157,research-article,3,all,bar/group comparison|microscopy/other,PRIVATE_REFERENCE_ONLY/corpus/PMC13564915/figures/Fig3.webp,"https://creativecommons.org/licenses/by/4.0/ This is an open-access article distributed under the terms of the Creative Commons Attribution license , which permits unrestricted use, distribution, and reproduction in any medium, provided the original work is properly cited.",yes,caption-based classification
PMC13564915,"Kim Y, Caldwell S, Long M, Abrahams D, Baldwin M, DeNicola GM.",2026,Science Advances,Science,10.1126/sciadv.aeg1157,research-article,4,all,bar/group comparison|microscopy/other,PRIVATE_REFERENCE_ONLY/corpus/PMC13564915/figures/Fig4.webp,"https://creativecommons.org/licenses/by/4.0/ This is an open-access article distributed under the terms of the Creative Commons Attribution license , which permits unrestricted use, distribution, and reproduction in any medium, provided the original work is properly cited.",yes,caption-based classification
PMC13564927,"Dickey RM, Selvam E, Andini E, Nain P, Vlachos DG, Kunjapur AM.",2026,Science Advances,Science,10.1126/sciadv.aee5415,research-article,1,all,microscopy/other,PRIVATE_REFERENCE_ONLY/corpus/PMC13564927/figures/Fig1.webp,"https://creativecommons.org/licenses/by-nc/4.0/ This is an open-access article distributed under the terms of the Creative Commons Attribution-NonCommercial license , which permits use, distribution, and reproduction in any medium, so long as the resultant use is not for commercial advantage and provided the original work is properly cited.",partial,no quantitative marker; caption-based classification
PMC13564927,"Dickey RM, Selvam E, Andini E, Nain P, Vlachos DG, Kunjapur AM.",2026,Science Advances,Science,10.1126/sciadv.aee5415,research-article,2,all,line/time-course|bar/group comparison,PRIVATE_REFERENCE_ONLY/corpus/PMC13564927/figures/Fig2.webp,"https://creativecommons.org/licenses/by-nc/4.0/ This is an open-access article distributed under the terms of the Creative Commons Attribution-NonCommercial license , which permits use, distribution, and reproduction in any medium, so long as the resultant use is not for commercial advantage and provided the original work is properly cited.",yes,caption-based classification
PMC13564927,"Dickey RM, Selvam E, Andini E, Nain P, Vlachos DG, Kunjapur AM.",2026,Science Advances,Science,10.1126/sciadv.aee5415,research-article,3,all,bar/group comparison,PRIVATE_REFERENCE_ONLY/corpus/PMC13564927/figures/Fig3.webp,"https://creativecommons.org/licenses/by-nc/4.0/ This is an open-access article distributed under the terms of the Creative Commons Attribution-NonCommercial license , which permits use, distribution, and reproduction in any medium, so long as the resultant use is not for commercial advantage and provided the original work is properly cited.",yes,caption-based classification
PMC13564927,"Dickey RM, Selvam E, Andini E, Nain P, Vlachos DG, Kunjapur AM.",2026,Science Advances,Science,10.1126/sciadv.aee5415,research-article,4,all,bar/group comparison,PRIVATE_REFERENCE_ONLY/corpus/PMC13564927/figures/Fig4.webp,"https://creativecommons.org/licenses/by-nc/4.0/ This is an open-access article distributed under the terms of the Creative Commons Attribution-NonCommercial license , which permits use, distribution, and reproduction in any medium, so long as the resultant use is not for commercial advantage and provided the original work is properly cited.",yes,caption-based classification
PMC13564927,"Dickey RM, Selvam E, Andini E, Nain P, Vlachos DG, Kunjapur AM.",2026,Science Advances,Science,10.1126/sciadv.aee5415,research-article,5,all,bar/group comparison,PRIVATE_REFERENCE_ONLY/corpus/PMC13564927/figures/Fig5.webp,"https://creativecommons.org/licenses/by-nc/4.0/ This is an open-access article distributed under the terms of the Creative Commons Attribution-NonCommercial license , which permits use, distribution, and reproduction in any medium, so long as the resultant use is not for commercial advantage and provided the original work is properly cited.",yes,caption-based classification
PMC13564951,"Liu X, Gong Z, Zeng Z, Yang K, Wu B, Li B, Ho D.",2026,Science Advances,Science,10.1126/sciadv.aee4501,research-article,1,all,microscopy/other,PRIVATE_REFERENCE_ONLY/corpus/PMC13564951/figures/Fig1.webp,"https://creativecommons.org/licenses/by/4.0/ This is an open-access article distributed under the terms of the Creative Commons Attribution license , which permits unrestricted use, distribution, and reproduction in any medium, provided the original work is properly cited.",partial,caption-based classification
PMC13564951,"Liu X, Gong Z, Zeng Z, Yang K, Wu B, Li B, Ho D.",2026,Science Advances,Science,10.1126/sciadv.aee4501,research-article,2,all,scatter/regression|line/time-course|categorical/composition|microscopy/other,PRIVATE_REFERENCE_ONLY/corpus/PMC13564951/figures/Fig2.webp,"https://creativecommons.org/licenses/by/4.0/ This is an open-access article distributed under the terms of the Creative Commons Attribution license , which permits unrestricted use, distribution, and reproduction in any medium, provided the original work is properly cited.",yes,caption-based classification
PMC13564951,"Liu X, Gong Z, Zeng Z, Yang K, Wu B, Li B, Ho D.",2026,Science Advances,Science,10.1126/sciadv.aee4501,research-article,3,all,line/time-course|bar/group comparison|categorical/composition|microscopy/other,PRIVATE_REFERENCE_ONLY/corpus/PMC13564951/figures/Fig3.webp,"https://creativecommons.org/licenses/by/4.0/ This is an open-access article distributed under the terms of the Creative Commons Attribution license , which permits unrestricted use, distribution, and reproduction in any medium, provided the original work is properly cited.",yes,caption-based classification
PMC13564951,"Liu X, Gong Z, Zeng Z, Yang K, Wu B, Li B, Ho D.",2026,Science Advances,Science,10.1126/sciadv.aee4501,research-article,4,all,line/time-course|forest/effect-size,PRIVATE_REFERENCE_ONLY/corpus/PMC13564951/figures/Fig4.webp,"https://creativecommons.org/licenses/by/4.0/ This is an open-access article distributed under the terms of the Creative Commons Attribution license , which permits unrestricted use, distribution, and reproduction in any medium, provided the original work is properly cited.",yes,caption-based classification
PMC13564951,"Liu X, Gong Z, Zeng Z, Yang K, Wu B, Li B, Ho D.",2026,Science Advances,Science,10.1126/sciadv.aee4501,research-article,5,all,bar/group comparison|box/violin|categorical/composition,PRIVATE_REFERENCE_ONLY/corpus/PMC13564951/figures/Fig5.webp,"https://creativecommons.org/licenses/by/4.0/ This is an open-access article distributed under the terms of the Creative Commons Attribution license , which permits unrestricted use, distribution, and reproduction in any medium, provided the original work is properly cited.",yes,caption-based classification
PMC13564977,"Supplee JG, Costa-Pinheiro P, Wessendorf-Rodriguez K, Stransky S, Yang Q, Demetriadou C, Murali N, Li J, Pennise JL, Marcinkiewicz MM, Sidoli S, Snyder NW, Metallo CM, Marmorstein R, Wellen KE.",2026,Science Advances,Science,10.1126/sciadv.aee4935,research-article,1,all,microscopy/other,PRIVATE_REFERENCE_ONLY/corpus/PMC13564977/figures/Fig1.webp,"https://creativecommons.org/licenses/by-nc/4.0/ This is an open-access article distributed under the terms of the Creative Commons Attribution-NonCommercial license , which permits use, distribution, and reproduction in any medium, so long as the resultant use is not for commercial advantage and provided the original work is properly cited.",partial,caption-based classification
PMC13564977,"Supplee JG, Costa-Pinheiro P, Wessendorf-Rodriguez K, Stransky S, Yang Q, Demetriadou C, Murali N, Li J, Pennise JL, Marcinkiewicz MM, Sidoli S, Snyder NW, Metallo CM, Marmorstein R, Wellen KE.",2026,Science Advances,Science,10.1126/sciadv.aee4935,research-article,2,all,bar/group comparison|categorical/composition|microscopy/other,PRIVATE_REFERENCE_ONLY/corpus/PMC13564977/figures/Fig2.webp,"https://creativecommons.org/licenses/by-nc/4.0/ This is an open-access article distributed under the terms of the Creative Commons Attribution-NonCommercial license , which permits use, distribution, and reproduction in any medium, so long as the resultant use is not for commercial advantage and provided the original work is properly cited.",yes,caption-based classification
PMC13564977,"Supplee JG, Costa-Pinheiro P, Wessendorf-Rodriguez K, Stransky S, Yang Q, Demetriadou C, Murali N, Li J, Pennise JL, Marcinkiewicz MM, Sidoli S, Snyder NW, Metallo CM, Marmorstein R, Wellen KE.",2026,Science Advances,Science,10.1126/sciadv.aee4935,research-article,3,all,heatmap|microscopy/other,PRIVATE_REFERENCE_ONLY/corpus/PMC13564977/figures/Fig3.webp,"https://creativecommons.org/licenses/by-nc/4.0/ This is an open-access article distributed under the terms of the Creative Commons Attribution-NonCommercial license , which permits use, distribution, and reproduction in any medium, so long as the resultant use is not for commercial advantage and provided the original work is properly cited.",yes,caption-based classification
PMC13564977,"Supplee JG, Costa-Pinheiro P, Wessendorf-Rodriguez K, Stransky S, Yang Q, Demetriadou C, Murali N, Li J, Pennise JL, Marcinkiewicz MM, Sidoli S, Snyder NW, Metallo CM, Marmorstein R, Wellen KE.",2026,Science Advances,Science,10.1126/sciadv.aee4935,research-article,4,all,bar/group comparison|categorical/composition|microscopy/other,PRIVATE_REFERENCE_ONLY/corpus/PMC13564977/figures/Fig4.webp,"https://creativecommons.org/licenses/by-nc/4.0/ This is an open-access article distributed under the terms of the Creative Commons Attribution-NonCommercial license , which permits use, distribution, and reproduction in any medium, so long as the resultant use is not for commercial advantage and provided the original work is properly cited.",yes,caption-based classification
PMC13564977,"Supplee JG, Costa-Pinheiro P, Wessendorf-Rodriguez K, Stransky S, Yang Q, Demetriadou C, Murali N, Li J, Pennise JL, Marcinkiewicz MM, Sidoli S, Snyder NW, Metallo CM, Marmorstein R, Wellen KE.",2026,Science Advances,Science,10.1126/sciadv.aee4935,research-article,5,all,bar/group comparison|heatmap|microscopy/other,PRIVATE_REFERENCE_ONLY/corpus/PMC13564977/figures/Fig5.webp,"https://creativecommons.org/licenses/by-nc/4.0/ This is an open-access article distributed under the terms of the Creative Commons Attribution-NonCommercial license , which permits use, distribution, and reproduction in any medium, so long as the resultant use is not for commercial advantage and provided the original work is properly cited.",yes,caption-based classification
PMC13564977,"Supplee JG, Costa-Pinheiro P, Wessendorf-Rodriguez K, Stransky S, Yang Q, Demetriadou C, Murali N, Li J, Pennise JL, Marcinkiewicz MM, Sidoli S, Snyder NW, Metallo CM, Marmorstein R, Wellen KE.",2026,Science Advances,Science,10.1126/sciadv.aee4935,research-article,6,all,microscopy/other,PRIVATE_REFERENCE_ONLY/corpus/PMC13564977/figures/Fig6.webp,"https://creativecommons.org/licenses/by-nc/4.0/ This is an open-access article distributed under the terms of the Creative Commons Attribution-NonCommercial license , which permits use, distribution, and reproduction in any medium, so long as the resultant use is not for commercial advantage and provided the original work is properly cited.",partial,no quantitative marker; caption-based classification
PMC12490786,"Radtke S, Fields E, Swing K, Kanestrom G, Yen JS, Pande D, Enstrom MR, Humbert O, Weiss MJ, Liu DR, Newby GA, Kiem HP.",2025,Science Translational Medicine,Science,10.1126/scitranslmed.adn2601,research-article (author manuscript),1,all,microscopy/other,PRIVATE_REFERENCE_ONLY/corpus/PMC12490786/figures/Fig1.jpg,"https://creativecommons.org/licenses/by/4.0/ (URL inferred from license text) This work is licensed under a Creative Commons Attribution 4.0 International License, which allows reusers to distribute, remix, adapt, and build upon the material in any medium or format, so long as attribution is given to the creator. The license allows for commercial use.",partial,author manuscript; figures not publisher-typeset; unclassified-quantitative; caption-based classification
PMC12490786,"Radtke S, Fields E, Swing K, Kanestrom G, Yen JS, Pande D, Enstrom MR, Humbert O, Weiss MJ, Liu DR, Newby GA, Kiem HP.",2025,Science Translational Medicine,Science,10.1126/scitranslmed.adn2601,research-article (author manuscript),2,all,microscopy/other,PRIVATE_REFERENCE_ONLY/corpus/PMC12490786/figures/Fig2.jpg,"https://creativecommons.org/licenses/by/4.0/ (URL inferred from license text) This work is licensed under a Creative Commons Attribution 4.0 International License, which allows reusers to distribute, remix, adapt, and build upon the material in any medium or format, so long as attribution is given to the creator. The license allows for commercial use.",partial,author manuscript; figures not publisher-typeset; no quantitative marker; caption-based classification
PMC12490786,"Radtke S, Fields E, Swing K, Kanestrom G, Yen JS, Pande D, Enstrom MR, Humbert O, Weiss MJ, Liu DR, Newby GA, Kiem HP.",2025,Science Translational Medicine,Science,10.1126/scitranslmed.adn2601,research-article (author manuscript),3,all,bar/group comparison|categorical/composition,PRIVATE_REFERENCE_ONLY/corpus/PMC12490786/figures/Fig3.jpg,"https://creativecommons.org/licenses/by/4.0/ (URL inferred from license text) This work is licensed under a Creative Commons Attribution 4.0 International License, which allows reusers to distribute, remix, adapt, and build upon the material in any medium or format, so long as attribution is given to the creator. The license allows for commercial use.",partial,author manuscript; figures not publisher-typeset; caption-based classification
PMC12490786,"Radtke S, Fields E, Swing K, Kanestrom G, Yen JS, Pande D, Enstrom MR, Humbert O, Weiss MJ, Liu DR, Newby GA, Kiem HP.",2025,Science Translational Medicine,Science,10.1126/scitranslmed.adn2601,research-article (author manuscript),4,all,line/time-course,PRIVATE_REFERENCE_ONLY/corpus/PMC12490786/figures/Fig4.jpg,"https://creativecommons.org/licenses/by/4.0/ (URL inferred from license text) This work is licensed under a Creative Commons Attribution 4.0 International License, which allows reusers to distribute, remix, adapt, and build upon the material in any medium or format, so long as attribution is given to the creator. The license allows for commercial use.",partial,author manuscript; figures not publisher-typeset; caption-based classification
PMC12490786,"Radtke S, Fields E, Swing K, Kanestrom G, Yen JS, Pande D, Enstrom MR, Humbert O, Weiss MJ, Liu DR, Newby GA, Kiem HP.",2025,Science Translational Medicine,Science,10.1126/scitranslmed.adn2601,research-article (author manuscript),5,all,microscopy/other,PRIVATE_REFERENCE_ONLY/corpus/PMC12490786/figures/Fig5.jpg,"https://creativecommons.org/licenses/by/4.0/ (URL inferred from license text) This work is licensed under a Creative Commons Attribution 4.0 International License, which allows reusers to distribute, remix, adapt, and build upon the material in any medium or format, so long as attribution is given to the creator. The license allows for commercial use.",partial,author manuscript; figures not publisher-typeset; no quantitative marker; caption-based classification
PMC12490786,"Radtke S, Fields E, Swing K, Kanestrom G, Yen JS, Pande D, Enstrom MR, Humbert O, Weiss MJ, Liu DR, Newby GA, Kiem HP.",2025,Science Translational Medicine,Science,10.1126/scitranslmed.adn2601,research-article (author manuscript),6,all,microscopy/other,PRIVATE_REFERENCE_ONLY/corpus/PMC12490786/figures/Fig6.jpg,"https://creativecommons.org/licenses/by/4.0/ (URL inferred from license text) This work is licensed under a Creative Commons Attribution 4.0 International License, which allows reusers to distribute, remix, adapt, and build upon the material in any medium or format, so long as attribution is given to the creator. The license allows for commercial use.",partial,author manuscript; figures not publisher-typeset; no quantitative marker; caption-based classification
PMC12490786,"Radtke S, Fields E, Swing K, Kanestrom G, Yen JS, Pande D, Enstrom MR, Humbert O, Weiss MJ, Liu DR, Newby GA, Kiem HP.",2025,Science Translational Medicine,Science,10.1126/scitranslmed.adn2601,research-article (author manuscript),7,all,line/time-course,PRIVATE_REFERENCE_ONLY/corpus/PMC12490786/figures/Fig7.jpg,"https://creativecommons.org/licenses/by/4.0/ (URL inferred from license text) This work is licensed under a Creative Commons Attribution 4.0 International License, which allows reusers to distribute, remix, adapt, and build upon the material in any medium or format, so long as attribution is given to the creator. The license allows for commercial use.",partial,author manuscript; figures not publisher-typeset; caption-based classification
PMC12870020,"Greenstein T, Via LE, Moraes MP, Weiner DM, Dayao EK, Walker AM, Abdi A, Fleegle JD, Gomez F, Repoli KM, Woodcock MJ, Boshoff HIM, Egbelowo O, Gausi K, Denti P, Kaya F, Zimmerman M, Miller EL, Dartois VA, Barry CE, Aldridge BB.",2026,Science Translational Medicine,Science,10.1126/scitranslmed.ado9383,research-article (author manuscript),1,all,box/violin|heatmap,PRIVATE_REFERENCE_ONLY/corpus/PMC12870020/figures/Fig1.jpg,"https://creativecommons.org/licenses/by/4.0/ (URL inferred from license text) This work is licensed under a Creative Commons Attribution 4.0 International License, which allows reusers to distribute, remix, adapt, and build upon the material in any medium or format, so long as attribution is given to the creator. The license allows for commercial use.",partial,author manuscript; figures not publisher-typeset; caption-based classification
PMC12870020,"Greenstein T, Via LE, Moraes MP, Weiner DM, Dayao EK, Walker AM, Abdi A, Fleegle JD, Gomez F, Repoli KM, Woodcock MJ, Boshoff HIM, Egbelowo O, Gausi K, Denti P, Kaya F, Zimmerman M, Miller EL, Dartois VA, Barry CE, Aldridge BB.",2026,Science Translational Medicine,Science,10.1126/scitranslmed.ado9383,research-article (author manuscript),2,all,forest/effect-size|categorical/composition,PRIVATE_REFERENCE_ONLY/corpus/PMC12870020/figures/Fig2.jpg,"https://creativecommons.org/licenses/by/4.0/ (URL inferred from license text) This work is licensed under a Creative Commons Attribution 4.0 International License, which allows reusers to distribute, remix, adapt, and build upon the material in any medium or format, so long as attribution is given to the creator. The license allows for commercial use.",partial,author manuscript; figures not publisher-typeset; caption-based classification
PMC12870020,"Greenstein T, Via LE, Moraes MP, Weiner DM, Dayao EK, Walker AM, Abdi A, Fleegle JD, Gomez F, Repoli KM, Woodcock MJ, Boshoff HIM, Egbelowo O, Gausi K, Denti P, Kaya F, Zimmerman M, Miller EL, Dartois VA, Barry CE, Aldridge BB.",2026,Science Translational Medicine,Science,10.1126/scitranslmed.ado9383,research-article (author manuscript),3,all,box/violin|heatmap,PRIVATE_REFERENCE_ONLY/corpus/PMC12870020/figures/Fig3.jpg,"https://creativecommons.org/licenses/by/4.0/ (URL inferred from license text) This work is licensed under a Creative Commons Attribution 4.0 International License, which allows reusers to distribute, remix, adapt, and build upon the material in any medium or format, so long as attribution is given to the creator. The license allows for commercial use.",partial,author manuscript; figures not publisher-typeset; caption-based classification
PMC12870020,"Greenstein T, Via LE, Moraes MP, Weiner DM, Dayao EK, Walker AM, Abdi A, Fleegle JD, Gomez F, Repoli KM, Woodcock MJ, Boshoff HIM, Egbelowo O, Gausi K, Denti P, Kaya F, Zimmerman M, Miller EL, Dartois VA, Barry CE, Aldridge BB.",2026,Science Translational Medicine,Science,10.1126/scitranslmed.ado9383,research-article (author manuscript),4,all,forest/effect-size|categorical/composition,PRIVATE_REFERENCE_ONLY/corpus/PMC12870020/figures/Fig4.jpg,"https://creativecommons.org/licenses/by/4.0/ (URL inferred from license text) This work is licensed under a Creative Commons Attribution 4.0 International License, which allows reusers to distribute, remix, adapt, and build upon the material in any medium or format, so long as attribution is given to the creator. The license allows for commercial use.",partial,author manuscript; figures not publisher-typeset; caption-based classification
PMC12870020,"Greenstein T, Via LE, Moraes MP, Weiner DM, Dayao EK, Walker AM, Abdi A, Fleegle JD, Gomez F, Repoli KM, Woodcock MJ, Boshoff HIM, Egbelowo O, Gausi K, Denti P, Kaya F, Zimmerman M, Miller EL, Dartois VA, Barry CE, Aldridge BB.",2026,Science Translational Medicine,Science,10.1126/scitranslmed.ado9383,research-article (author manuscript),5,all,bar/group comparison|categorical/composition,PRIVATE_REFERENCE_ONLY/corpus/PMC12870020/figures/Fig5.jpg,"https://creativecommons.org/licenses/by/4.0/ (URL inferred from license text) This work is licensed under a Creative Commons Attribution 4.0 International License, which allows reusers to distribute, remix, adapt, and build upon the material in any medium or format, so long as attribution is given to the creator. The license allows for commercial use.",partial,author manuscript; figures not publisher-typeset; caption-based classification
PMC13035345,"Hendricks GG, Grigoryan L, Navarro MJ, Catanzaro NJ, Hubbard ML, Powers JM, Mattocks M, Treichel C, Walls AC, Lee J, Ellis D, Wang JYJ, Cheng S, Miranda MC, Valdez A, Chao CW, Chan S, Men C, Johnson MR, Zepeda SK, Ols S, Hui H, Wu SY, Lujan V, Muramatsu H, Lin PJC, Sung MMH, Tam YK, Leaf EM, Pardi N, Baric RS, Pulendran B, Veesler D, Schäfer A, King NP.",2025,Science Translational Medicine,Science,10.1126/scitranslmed.adu2085,research-article (author manuscript),1,all,scatter/regression|microscopy/other,PRIVATE_REFERENCE_ONLY/corpus/PMC13035345/figures/Fig1.jpg,"https://creativecommons.org/licenses/by/4.0/ (URL inferred from license text) This work is licensed under a Creative Commons Attribution 4.0 International License, which allows reusers to distribute, remix, adapt, and build upon the material in any medium or format, so long as attribution is given to the creator. The license allows for commercial use.",partial,author manuscript; figures not publisher-typeset; caption-based classification
PMC13035345,"Hendricks GG, Grigoryan L, Navarro MJ, Catanzaro NJ, Hubbard ML, Powers JM, Mattocks M, Treichel C, Walls AC, Lee J, Ellis D, Wang JYJ, Cheng S, Miranda MC, Valdez A, Chao CW, Chan S, Men C, Johnson MR, Zepeda SK, Ols S, Hui H, Wu SY, Lujan V, Muramatsu H, Lin PJC, Sung MMH, Tam YK, Leaf EM, Pardi N, Baric RS, Pulendran B, Veesler D, Schäfer A, King NP.",2025,Science Translational Medicine,Science,10.1126/scitranslmed.adu2085,research-article (author manuscript),2,all,bar/group comparison,PRIVATE_REFERENCE_ONLY/corpus/PMC13035345/figures/Fig2.jpg,"https://creativecommons.org/licenses/by/4.0/ (URL inferred from license text) This work is licensed under a Creative Commons Attribution 4.0 International License, which allows reusers to distribute, remix, adapt, and build upon the material in any medium or format, so long as attribution is given to the creator. The license allows for commercial use.",partial,author manuscript; figures not publisher-typeset; no explicit family keyword; stat-test present; caption-based classification
PMC13035345,"Hendricks GG, Grigoryan L, Navarro MJ, Catanzaro NJ, Hubbard ML, Powers JM, Mattocks M, Treichel C, Walls AC, Lee J, Ellis D, Wang JYJ, Cheng S, Miranda MC, Valdez A, Chao CW, Chan S, Men C, Johnson MR, Zepeda SK, Ols S, Hui H, Wu SY, Lujan V, Muramatsu H, Lin PJC, Sung MMH, Tam YK, Leaf EM, Pardi N, Baric RS, Pulendran B, Veesler D, Schäfer A, King NP.",2025,Science Translational Medicine,Science,10.1126/scitranslmed.adu2085,research-article (author manuscript),3,all,bar/group comparison|categorical/composition|microscopy/other,PRIVATE_REFERENCE_ONLY/corpus/PMC13035345/figures/Fig3.jpg,"https://creativecommons.org/licenses/by/4.0/ (URL inferred from license text) This work is licensed under a Creative Commons Attribution 4.0 International License, which allows reusers to distribute, remix, adapt, and build upon the material in any medium or format, so long as attribution is given to the creator. The license allows for commercial use.",partial,author manuscript; figures not publisher-typeset; caption-based classification
PMC13035345,"Hendricks GG, Grigoryan L, Navarro MJ, Catanzaro NJ, Hubbard ML, Powers JM, Mattocks M, Treichel C, Walls AC, Lee J, Ellis D, Wang JYJ, Cheng S, Miranda MC, Valdez A, Chao CW, Chan S, Men C, Johnson MR, Zepeda SK, Ols S, Hui H, Wu SY, Lujan V, Muramatsu H, Lin PJC, Sung MMH, Tam YK, Leaf EM, Pardi N, Baric RS, Pulendran B, Veesler D, Schäfer A, King NP.",2025,Science Translational Medicine,Science,10.1126/scitranslmed.adu2085,research-article (author manuscript),4,all,line/time-course|bar/group comparison,PRIVATE_REFERENCE_ONLY/corpus/PMC13035345/figures/Fig4.jpg,"https://creativecommons.org/licenses/by/4.0/ (URL inferred from license text) This work is licensed under a Creative Commons Attribution 4.0 International License, which allows reusers to distribute, remix, adapt, and build upon the material in any medium or format, so long as attribution is given to the creator. The license allows for commercial use.",partial,author manuscript; figures not publisher-typeset; caption-based classification
PMC13035345,"Hendricks GG, Grigoryan L, Navarro MJ, Catanzaro NJ, Hubbard ML, Powers JM, Mattocks M, Treichel C, Walls AC, Lee J, Ellis D, Wang JYJ, Cheng S, Miranda MC, Valdez A, Chao CW, Chan S, Men C, Johnson MR, Zepeda SK, Ols S, Hui H, Wu SY, Lujan V, Muramatsu H, Lin PJC, Sung MMH, Tam YK, Leaf EM, Pardi N, Baric RS, Pulendran B, Veesler D, Schäfer A, King NP.",2025,Science Translational Medicine,Science,10.1126/scitranslmed.adu2085,research-article (author manuscript),5,all,line/time-course|bar/group comparison,PRIVATE_REFERENCE_ONLY/corpus/PMC13035345/figures/Fig5.jpg,"https://creativecommons.org/licenses/by/4.0/ (URL inferred from license text) This work is licensed under a Creative Commons Attribution 4.0 International License, which allows reusers to distribute, remix, adapt, and build upon the material in any medium or format, so long as attribution is given to the creator. The license allows for commercial use.",partial,author manuscript; figures not publisher-typeset; caption-based classification
PMC13035345,"Hendricks GG, Grigoryan L, Navarro MJ, Catanzaro NJ, Hubbard ML, Powers JM, Mattocks M, Treichel C, Walls AC, Lee J, Ellis D, Wang JYJ, Cheng S, Miranda MC, Valdez A, Chao CW, Chan S, Men C, Johnson MR, Zepeda SK, Ols S, Hui H, Wu SY, Lujan V, Muramatsu H, Lin PJC, Sung MMH, Tam YK, Leaf EM, Pardi N, Baric RS, Pulendran B, Veesler D, Schäfer A, King NP.",2025,Science Translational Medicine,Science,10.1126/scitranslmed.adu2085,research-article (author manuscript),6,all,microscopy/other,PRIVATE_REFERENCE_ONLY/corpus/PMC13035345/figures/Fig6.jpg,"https://creativecommons.org/licenses/by/4.0/ (URL inferred from license text) This work is licensed under a Creative Commons Attribution 4.0 International License, which allows reusers to distribute, remix, adapt, and build upon the material in any medium or format, so long as attribution is given to the creator. The license allows for commercial use.",partial,author manuscript; figures not publisher-typeset; caption-based classification
PMC13061089,"Tirumala HP, Wang L, Li Y, Bajikar SS, Anderson AG, Wang W, Trostle AJ, Zahabiyon M, Bajic A, Kim JJ, Chen H, Liu Z, Zoghbi HY.",2026,Science Translational Medicine,Science,10.1126/scitranslmed.adq4529,research-article (author manuscript),1,all,bar/group comparison|microscopy/other,PRIVATE_REFERENCE_ONLY/corpus/PMC13061089/figures/Fig1.jpg,"https://creativecommons.org/licenses/by/4.0/ (URL inferred from license text) This work is licensed under a Creative Commons Attribution 4.0 International License, which allows reusers to distribute, remix, adapt, and build upon the material in any medium or format, so long as attribution is given to the creator. The license allows for commercial use.",partial,author manuscript; figures not publisher-typeset; caption-based classification
PMC13061089,"Tirumala HP, Wang L, Li Y, Bajikar SS, Anderson AG, Wang W, Trostle AJ, Zahabiyon M, Bajic A, Kim JJ, Chen H, Liu Z, Zoghbi HY.",2026,Science Translational Medicine,Science,10.1126/scitranslmed.adq4529,research-article (author manuscript),2,all,bar/group comparison|microscopy/other,PRIVATE_REFERENCE_ONLY/corpus/PMC13061089/figures/Fig2.jpg,"https://creativecommons.org/licenses/by/4.0/ (URL inferred from license text) This work is licensed under a Creative Commons Attribution 4.0 International License, which allows reusers to distribute, remix, adapt, and build upon the material in any medium or format, so long as attribution is given to the creator. The license allows for commercial use.",partial,author manuscript; figures not publisher-typeset; caption-based classification
PMC13061089,"Tirumala HP, Wang L, Li Y, Bajikar SS, Anderson AG, Wang W, Trostle AJ, Zahabiyon M, Bajic A, Kim JJ, Chen H, Liu Z, Zoghbi HY.",2026,Science Translational Medicine,Science,10.1126/scitranslmed.adq4529,research-article (author manuscript),3,all,bar/group comparison|categorical/composition|microscopy/other,PRIVATE_REFERENCE_ONLY/corpus/PMC13061089/figures/Fig3.jpg,"https://creativecommons.org/licenses/by/4.0/ (URL inferred from license text) This work is licensed under a Creative Commons Attribution 4.0 International License, which allows reusers to distribute, remix, adapt, and build upon the material in any medium or format, so long as attribution is given to the creator. The license allows for commercial use.",partial,author manuscript; figures not publisher-typeset; caption-based classification
PMC13061089,"Tirumala HP, Wang L, Li Y, Bajikar SS, Anderson AG, Wang W, Trostle AJ, Zahabiyon M, Bajic A, Kim JJ, Chen H, Liu Z, Zoghbi HY.",2026,Science Translational Medicine,Science,10.1126/scitranslmed.adq4529,research-article (author manuscript),4,all,bar/group comparison|volcano/MA|dot/bubble,PRIVATE_REFERENCE_ONLY/corpus/PMC13061089/figures/Fig4.jpg,"https://creativecommons.org/licenses/by/4.0/ (URL inferred from license text) This work is licensed under a Creative Commons Attribution 4.0 International License, which allows reusers to distribute, remix, adapt, and build upon the material in any medium or format, so long as attribution is given to the creator. The license allows for commercial use.",partial,author manuscript; figures not publisher-typeset; caption-based classification
PMC13061089,"Tirumala HP, Wang L, Li Y, Bajikar SS, Anderson AG, Wang W, Trostle AJ, Zahabiyon M, Bajic A, Kim JJ, Chen H, Liu Z, Zoghbi HY.",2026,Science Translational Medicine,Science,10.1126/scitranslmed.adq4529,research-article (author manuscript),5,all,bar/group comparison|box/violin,PRIVATE_REFERENCE_ONLY/corpus/PMC13061089/figures/Fig5.jpg,"https://creativecommons.org/licenses/by/4.0/ (URL inferred from license text) This work is licensed under a Creative Commons Attribution 4.0 International License, which allows reusers to distribute, remix, adapt, and build upon the material in any medium or format, so long as attribution is given to the creator. The license allows for commercial use.",partial,author manuscript; figures not publisher-typeset; caption-based classification
PMC13061089,"Tirumala HP, Wang L, Li Y, Bajikar SS, Anderson AG, Wang W, Trostle AJ, Zahabiyon M, Bajic A, Kim JJ, Chen H, Liu Z, Zoghbi HY.",2026,Science Translational Medicine,Science,10.1126/scitranslmed.adq4529,research-article (author manuscript),6,all,bar/group comparison|microscopy/other,PRIVATE_REFERENCE_ONLY/corpus/PMC13061089/figures/Fig6.jpg,"https://creativecommons.org/licenses/by/4.0/ (URL inferred from license text) This work is licensed under a Creative Commons Attribution 4.0 International License, which allows reusers to distribute, remix, adapt, and build upon the material in any medium or format, so long as attribution is given to the creator. The license allows for commercial use.",partial,author manuscript; figures not publisher-typeset; caption-based classification
PMC13246279,"Chang AL, Reiss JD, Culos A, Becker M, Mayo JA, Marić I, De Francesco D, Phongpreecha T, Espinosa CA, Mataraso SJ, Berson E, Kim Y, Xue L, Xie F, Shu CH, Fallahzadeh R, Bidoki NH, Xenochristou M, Zhang M, Profit J, Lee HC, Gaudillière B, Angst MS, Hawken S, Wilson K, Stevenson DK, Shaw GM, Sylvester KG, Aghaeepour N.",2026,Science Translational Medicine,Science,10.1126/scitranslmed.adv4942,research-article (author manuscript),1,all,scatter/regression|PCA/UMAP|categorical/composition|microscopy/other,PRIVATE_REFERENCE_ONLY/corpus/PMC13246279/figures/Fig1.jpg,"https://creativecommons.org/licenses/by/4.0/ (URL inferred from license text) This work is licensed under a Creative Commons Attribution 4.0 International License, which allows reusers to distribute, remix, adapt, and build upon the material in any medium or format, so long as attribution is given to the creator. The license allows for commercial use.",partial,author manuscript; figures not publisher-typeset; caption-based classification
PMC13246279,"Chang AL, Reiss JD, Culos A, Becker M, Mayo JA, Marić I, De Francesco D, Phongpreecha T, Espinosa CA, Mataraso SJ, Berson E, Kim Y, Xue L, Xie F, Shu CH, Fallahzadeh R, Bidoki NH, Xenochristou M, Zhang M, Profit J, Lee HC, Gaudillière B, Angst MS, Hawken S, Wilson K, Stevenson DK, Shaw GM, Sylvester KG, Aghaeepour N.",2026,Science Translational Medicine,Science,10.1126/scitranslmed.adv4942,research-article (author manuscript),2,all,scatter/regression|line/time-course|forest/effect-size|categorical/composition,PRIVATE_REFERENCE_ONLY/corpus/PMC13246279/figures/Fig2.jpg,"https://creativecommons.org/licenses/by/4.0/ (URL inferred from license text) This work is licensed under a Creative Commons Attribution 4.0 International License, which allows reusers to distribute, remix, adapt, and build upon the material in any medium or format, so long as attribution is given to the creator. The license allows for commercial use.",partial,author manuscript; figures not publisher-typeset; caption-based classification
PMC13246279,"Chang AL, Reiss JD, Culos A, Becker M, Mayo JA, Marić I, De Francesco D, Phongpreecha T, Espinosa CA, Mataraso SJ, Berson E, Kim Y, Xue L, Xie F, Shu CH, Fallahzadeh R, Bidoki NH, Xenochristou M, Zhang M, Profit J, Lee HC, Gaudillière B, Angst MS, Hawken S, Wilson K, Stevenson DK, Shaw GM, Sylvester KG, Aghaeepour N.",2026,Science Translational Medicine,Science,10.1126/scitranslmed.adv4942,research-article (author manuscript),3,all,scatter/regression|line/time-course|categorical/composition,PRIVATE_REFERENCE_ONLY/corpus/PMC13246279/figures/Fig3.jpg,"https://creativecommons.org/licenses/by/4.0/ (URL inferred from license text) This work is licensed under a Creative Commons Attribution 4.0 International License, which allows reusers to distribute, remix, adapt, and build upon the material in any medium or format, so long as attribution is given to the creator. The license allows for commercial use.",partial,author manuscript; figures not publisher-typeset; caption-based classification
PMC13246279,"Chang AL, Reiss JD, Culos A, Becker M, Mayo JA, Marić I, De Francesco D, Phongpreecha T, Espinosa CA, Mataraso SJ, Berson E, Kim Y, Xue L, Xie F, Shu CH, Fallahzadeh R, Bidoki NH, Xenochristou M, Zhang M, Profit J, Lee HC, Gaudillière B, Angst MS, Hawken S, Wilson K, Stevenson DK, Shaw GM, Sylvester KG, Aghaeepour N.",2026,Science Translational Medicine,Science,10.1126/scitranslmed.adv4942,research-article (author manuscript),4,all,scatter/regression|PCA/UMAP|dot/bubble,PRIVATE_REFERENCE_ONLY/corpus/PMC13246279/figures/Fig4.jpg,"https://creativecommons.org/licenses/by/4.0/ (URL inferred from license text) This work is licensed under a Creative Commons Attribution 4.0 International License, which allows reusers to distribute, remix, adapt, and build upon the material in any medium or format, so long as attribution is given to the creator. The license allows for commercial use.",partial,author manuscript; figures not publisher-typeset; caption-based classification
PMC7615567,"Hinchcliffe JK, Stuart SA, Wood CM, Bartlett J, Kamenish K, Arban R, Thomas CW, Selimbeyoglu A, Hurley S, Hengerer B, Gilmour G, Robinson ESJ.",2024,Science Translational Medicine,Science,10.1126/scitranslmed.adi2403,research-article (author manuscript),1,all,bar/group comparison|dot/bubble,PRIVATE_REFERENCE_ONLY/corpus/PMC7615567/figures/Fig1.jpg,https://creativecommons.org/licenses/by/4.0/ This work is licensed under a BY 4.0 International license.,partial,author manuscript; figures not publisher-typeset; caption-based classification
PMC7615567,"Hinchcliffe JK, Stuart SA, Wood CM, Bartlett J, Kamenish K, Arban R, Thomas CW, Selimbeyoglu A, Hurley S, Hengerer B, Gilmour G, Robinson ESJ.",2024,Science Translational Medicine,Science,10.1126/scitranslmed.adi2403,research-article (author manuscript),2,all,line/time-course|bar/group comparison|dot/bubble,PRIVATE_REFERENCE_ONLY/corpus/PMC7615567/figures/Fig2.jpg,https://creativecommons.org/licenses/by/4.0/ This work is licensed under a BY 4.0 International license.,partial,author manuscript; figures not publisher-typeset; caption-based classification
PMC7615567,"Hinchcliffe JK, Stuart SA, Wood CM, Bartlett J, Kamenish K, Arban R, Thomas CW, Selimbeyoglu A, Hurley S, Hengerer B, Gilmour G, Robinson ESJ.",2024,Science Translational Medicine,Science,10.1126/scitranslmed.adi2403,research-article (author manuscript),3,all,line/time-course|bar/group comparison|dot/bubble,PRIVATE_REFERENCE_ONLY/corpus/PMC7615567/figures/Fig3.jpg,https://creativecommons.org/licenses/by/4.0/ This work is licensed under a BY 4.0 International license.,partial,author manuscript; figures not publisher-typeset; caption-based classification
PMC7615567,"Hinchcliffe JK, Stuart SA, Wood CM, Bartlett J, Kamenish K, Arban R, Thomas CW, Selimbeyoglu A, Hurley S, Hengerer B, Gilmour G, Robinson ESJ.",2024,Science Translational Medicine,Science,10.1126/scitranslmed.adi2403,research-article (author manuscript),4,all,line/time-course|bar/group comparison|dot/bubble,PRIVATE_REFERENCE_ONLY/corpus/PMC7615567/figures/Fig4.jpg,https://creativecommons.org/licenses/by/4.0/ This work is licensed under a BY 4.0 International license.,partial,author manuscript; figures not publisher-typeset; caption-based classification
PMC7615651,"Lana-Elola E, Aoidi R, Llorian M, Gibbins D, Buechsenschuetz C, Bussi C, Flynn H, Gilmore T, Watson-Scales S, Haugsten Hansen M, Hayward D, Song OR, Brault V, Herault Y, Deau E, Meijer L, Snijders AP, Gutierrez MG, Fisher EMC, Tybulewicz VLJ.",2024,Science Translational Medicine,Science,10.1126/scitranslmed.add6883,research-article (author manuscript),1,all,bar/group comparison|volcano/MA|heatmap,PRIVATE_REFERENCE_ONLY/corpus/PMC7615651/figures/Fig1.jpg,https://creativecommons.org/licenses/by/4.0/ This work is licensed under a BY 4.0 International license.,partial,author manuscript; figures not publisher-typeset; caption-based classification
PMC7615651,"Lana-Elola E, Aoidi R, Llorian M, Gibbins D, Buechsenschuetz C, Bussi C, Flynn H, Gilmore T, Watson-Scales S, Haugsten Hansen M, Hayward D, Song OR, Brault V, Herault Y, Deau E, Meijer L, Snijders AP, Gutierrez MG, Fisher EMC, Tybulewicz VLJ.",2024,Science Translational Medicine,Science,10.1126/scitranslmed.add6883,research-article (author manuscript),2,all,box/violin|PCA/UMAP|dot/bubble|categorical/composition,PRIVATE_REFERENCE_ONLY/corpus/PMC7615651/figures/Fig2.jpg,https://creativecommons.org/licenses/by/4.0/ This work is licensed under a BY 4.0 International license.,partial,author manuscript; figures not publisher-typeset; caption-based classification
PMC7615651,"Lana-Elola E, Aoidi R, Llorian M, Gibbins D, Buechsenschuetz C, Bussi C, Flynn H, Gilmore T, Watson-Scales S, Haugsten Hansen M, Hayward D, Song OR, Brault V, Herault Y, Deau E, Meijer L, Snijders AP, Gutierrez MG, Fisher EMC, Tybulewicz VLJ.",2024,Science Translational Medicine,Science,10.1126/scitranslmed.add6883,research-article (author manuscript),3,all,bar/group comparison|categorical/composition|microscopy/other,PRIVATE_REFERENCE_ONLY/corpus/PMC7615651/figures/Fig3.jpg,https://creativecommons.org/licenses/by/4.0/ This work is licensed under a BY 4.0 International license.,partial,author manuscript; figures not publisher-typeset; caption-based classification
PMC7615651,"Lana-Elola E, Aoidi R, Llorian M, Gibbins D, Buechsenschuetz C, Bussi C, Flynn H, Gilmore T, Watson-Scales S, Haugsten Hansen M, Hayward D, Song OR, Brault V, Herault Y, Deau E, Meijer L, Snijders AP, Gutierrez MG, Fisher EMC, Tybulewicz VLJ.",2024,Science Translational Medicine,Science,10.1126/scitranslmed.add6883,research-article (author manuscript),4,all,bar/group comparison|box/violin|categorical/composition|microscopy/other,PRIVATE_REFERENCE_ONLY/corpus/PMC7615651/figures/Fig4.jpg,https://creativecommons.org/licenses/by/4.0/ This work is licensed under a BY 4.0 International license.,partial,author manuscript; figures not publisher-typeset; caption-based classification
PMC7615651,"Lana-Elola E, Aoidi R, Llorian M, Gibbins D, Buechsenschuetz C, Bussi C, Flynn H, Gilmore T, Watson-Scales S, Haugsten Hansen M, Hayward D, Song OR, Brault V, Herault Y, Deau E, Meijer L, Snijders AP, Gutierrez MG, Fisher EMC, Tybulewicz VLJ.",2024,Science Translational Medicine,Science,10.1126/scitranslmed.add6883,research-article (author manuscript),5,all,categorical/composition,PRIVATE_REFERENCE_ONLY/corpus/PMC7615651/figures/Fig5.jpg,https://creativecommons.org/licenses/by/4.0/ This work is licensed under a BY 4.0 International license.,partial,author manuscript; figures not publisher-typeset; caption-based classification
PMC7615651,"Lana-Elola E, Aoidi R, Llorian M, Gibbins D, Buechsenschuetz C, Bussi C, Flynn H, Gilmore T, Watson-Scales S, Haugsten Hansen M, Hayward D, Song OR, Brault V, Herault Y, Deau E, Meijer L, Snijders AP, Gutierrez MG, Fisher EMC, Tybulewicz VLJ.",2024,Science Translational Medicine,Science,10.1126/scitranslmed.add6883,research-article (author manuscript),6,all,bar/group comparison|volcano/MA,PRIVATE_REFERENCE_ONLY/corpus/PMC7615651/figures/Fig6.jpg,https://creativecommons.org/licenses/by/4.0/ This work is licensed under a BY 4.0 International license.,partial,author manuscript; figures not publisher-typeset; caption-based classification
PMC7615651,"Lana-Elola E, Aoidi R, Llorian M, Gibbins D, Buechsenschuetz C, Bussi C, Flynn H, Gilmore T, Watson-Scales S, Haugsten Hansen M, Hayward D, Song OR, Brault V, Herault Y, Deau E, Meijer L, Snijders AP, Gutierrez MG, Fisher EMC, Tybulewicz VLJ.",2024,Science Translational Medicine,Science,10.1126/scitranslmed.add6883,research-article (author manuscript),7,all,box/violin|microscopy/other,PRIVATE_REFERENCE_ONLY/corpus/PMC7615651/figures/Fig7.jpg,https://creativecommons.org/licenses/by/4.0/ This work is licensed under a BY 4.0 International license.,partial,author manuscript; figures not publisher-typeset; caption-based classification
PMC7615651,"Lana-Elola E, Aoidi R, Llorian M, Gibbins D, Buechsenschuetz C, Bussi C, Flynn H, Gilmore T, Watson-Scales S, Haugsten Hansen M, Hayward D, Song OR, Brault V, Herault Y, Deau E, Meijer L, Snijders AP, Gutierrez MG, Fisher EMC, Tybulewicz VLJ.",2024,Science Translational Medicine,Science,10.1126/scitranslmed.add6883,research-article (author manuscript),8,all,scatter/regression|line/time-course|bar/group comparison|box/violin|categorical/composition|microscopy/other,PRIVATE_REFERENCE_ONLY/corpus/PMC7615651/figures/Fig8.jpg,https://creativecommons.org/licenses/by/4.0/ This work is licensed under a BY 4.0 International license.,partial,author manuscript; figures not publisher-typeset; caption-based classification
PMC7615785,"Sturgeon JP, Tome J, Dumbura C, Majo FD, Ngosa D, Mutasa K, Zyambo K, Besa E, Chandwe K, Kapoma C, Mwapenya B, Nathoo KJ, Bourke CD, Ntozini R, Chasekwa B, Smuk M, Bwakura-Dangarembizi M, Amadi B, Kelly P, Prendergast AJ.",2024,Science Translational Medicine,Science,10.1126/scitranslmed.adh0673,research-article (author manuscript),1,all,line/time-course|microscopy/other,PRIVATE_REFERENCE_ONLY/corpus/PMC7615785/figures/Fig1.jpg,https://creativecommons.org/licenses/by/4.0/ This work is licensed under a BY 4.0 International license.,partial,author manuscript; figures not publisher-typeset; caption-based classification
PMC7615785,"Sturgeon JP, Tome J, Dumbura C, Majo FD, Ngosa D, Mutasa K, Zyambo K, Besa E, Chandwe K, Kapoma C, Mwapenya B, Nathoo KJ, Bourke CD, Ntozini R, Chasekwa B, Smuk M, Bwakura-Dangarembizi M, Amadi B, Kelly P, Prendergast AJ.",2024,Science Translational Medicine,Science,10.1126/scitranslmed.adh0673,research-article (author manuscript),2,all,scatter/regression,PRIVATE_REFERENCE_ONLY/corpus/PMC7615785/figures/Fig2.jpg,https://creativecommons.org/licenses/by/4.0/ This work is licensed under a BY 4.0 International license.,partial,author manuscript; figures not publisher-typeset; caption-based classification
PMC7615785,"Sturgeon JP, Tome J, Dumbura C, Majo FD, Ngosa D, Mutasa K, Zyambo K, Besa E, Chandwe K, Kapoma C, Mwapenya B, Nathoo KJ, Bourke CD, Ntozini R, Chasekwa B, Smuk M, Bwakura-Dangarembizi M, Amadi B, Kelly P, Prendergast AJ.",2024,Science Translational Medicine,Science,10.1126/scitranslmed.adh0673,research-article (author manuscript),3,all,line/time-course|forest/effect-size,PRIVATE_REFERENCE_ONLY/corpus/PMC7615785/figures/Fig3.jpg,https://creativecommons.org/licenses/by/4.0/ This work is licensed under a BY 4.0 International license.,partial,author manuscript; figures not publisher-typeset; caption-based classification
PMC7615785,"Sturgeon JP, Tome J, Dumbura C, Majo FD, Ngosa D, Mutasa K, Zyambo K, Besa E, Chandwe K, Kapoma C, Mwapenya B, Nathoo KJ, Bourke CD, Ntozini R, Chasekwa B, Smuk M, Bwakura-Dangarembizi M, Amadi B, Kelly P, Prendergast AJ.",2024,Science Translational Medicine,Science,10.1126/scitranslmed.adh0673,research-article (author manuscript),4,all,PCA/UMAP,PRIVATE_REFERENCE_ONLY/corpus/PMC7615785/figures/Fig4.jpg,https://creativecommons.org/licenses/by/4.0/ This work is licensed under a BY 4.0 International license.,partial,author manuscript; figures not publisher-typeset; caption-based classification
PMC7615785,"Sturgeon JP, Tome J, Dumbura C, Majo FD, Ngosa D, Mutasa K, Zyambo K, Besa E, Chandwe K, Kapoma C, Mwapenya B, Nathoo KJ, Bourke CD, Ntozini R, Chasekwa B, Smuk M, Bwakura-Dangarembizi M, Amadi B, Kelly P, Prendergast AJ.",2024,Science Translational Medicine,Science,10.1126/scitranslmed.adh0673,research-article (author manuscript),5,all,line/time-course|heatmap|categorical/composition|microscopy/other,PRIVATE_REFERENCE_ONLY/corpus/PMC7615785/figures/Fig5.jpg,https://creativecommons.org/licenses/by/4.0/ This work is licensed under a BY 4.0 International license.,partial,author manuscript; figures not publisher-typeset; caption-based classification
PMC7615785,"Sturgeon JP, Tome J, Dumbura C, Majo FD, Ngosa D, Mutasa K, Zyambo K, Besa E, Chandwe K, Kapoma C, Mwapenya B, Nathoo KJ, Bourke CD, Ntozini R, Chasekwa B, Smuk M, Bwakura-Dangarembizi M, Amadi B, Kelly P, Prendergast AJ.",2024,Science Translational Medicine,Science,10.1126/scitranslmed.adh0673,research-article (author manuscript),6,all,bar/group comparison|PCA/UMAP|forest/effect-size,PRIVATE_REFERENCE_ONLY/corpus/PMC7615785/figures/Fig6.jpg,https://creativecommons.org/licenses/by/4.0/ This work is licensed under a BY 4.0 International license.,partial,author manuscript; figures not publisher-typeset; caption-based classification
PMC7616771,"Li R, Colombo M, Wang G, Rodriguez-Romera A, Benlabiod C, Jooss NJ, O'Sullivan J, Brierley CK, Clark SA, Pérez Sáez JM, Fernández PA, Schoof EM, Porse B, Meng Y, Khan AO, Wen S, Dong P, Zhou W, Sousos N, Murphy L, Clarke M, Olijnik AA, Wong ZC, Karali CS, Sirinukunwattana K, Ryou H, Norfo R, Cheng Q, Carrelha J, Ren Z, Thongjuea S, Rathinam VA, Krishnan A, Royston D, Rabinovich GA, Mead AJ, Psaila B.",2024,Science Translational Medicine,Science,10.1126/scitranslmed.adj7552,research-article (author manuscript),1,all,bar/group comparison|dot/bubble|microscopy/other,PRIVATE_REFERENCE_ONLY/corpus/PMC7616771/figures/Fig1.jpg,https://creativecommons.org/licenses/by/4.0/ This work is licensed under a BY 4.0 International license.,partial,author manuscript; figures not publisher-typeset; caption-based classification
PMC7616771,"Li R, Colombo M, Wang G, Rodriguez-Romera A, Benlabiod C, Jooss NJ, O'Sullivan J, Brierley CK, Clark SA, Pérez Sáez JM, Fernández PA, Schoof EM, Porse B, Meng Y, Khan AO, Wen S, Dong P, Zhou W, Sousos N, Murphy L, Clarke M, Olijnik AA, Wong ZC, Karali CS, Sirinukunwattana K, Ryou H, Norfo R, Cheng Q, Carrelha J, Ren Z, Thongjuea S, Rathinam VA, Krishnan A, Royston D, Rabinovich GA, Mead AJ, Psaila B.",2024,Science Translational Medicine,Science,10.1126/scitranslmed.adj7552,research-article (author manuscript),2,all,box/violin|heatmap,PRIVATE_REFERENCE_ONLY/corpus/PMC7616771/figures/Fig2.jpg,https://creativecommons.org/licenses/by/4.0/ This work is licensed under a BY 4.0 International license.,partial,author manuscript; figures not publisher-typeset; caption-based classification
PMC7616771,"Li R, Colombo M, Wang G, Rodriguez-Romera A, Benlabiod C, Jooss NJ, O'Sullivan J, Brierley CK, Clark SA, Pérez Sáez JM, Fernández PA, Schoof EM, Porse B, Meng Y, Khan AO, Wen S, Dong P, Zhou W, Sousos N, Murphy L, Clarke M, Olijnik AA, Wong ZC, Karali CS, Sirinukunwattana K, Ryou H, Norfo R, Cheng Q, Carrelha J, Ren Z, Thongjuea S, Rathinam VA, Krishnan A, Royston D, Rabinovich GA, Mead AJ, Psaila B.",2024,Science Translational Medicine,Science,10.1126/scitranslmed.adj7552,research-article (author manuscript),3,all,box/violin|PCA/UMAP|volcano/MA,PRIVATE_REFERENCE_ONLY/corpus/PMC7616771/figures/Fig3.jpg,https://creativecommons.org/licenses/by/4.0/ This work is licensed under a BY 4.0 International license.,partial,author manuscript; figures not publisher-typeset; caption-based classification
PMC7616771,"Li R, Colombo M, Wang G, Rodriguez-Romera A, Benlabiod C, Jooss NJ, O'Sullivan J, Brierley CK, Clark SA, Pérez Sáez JM, Fernández PA, Schoof EM, Porse B, Meng Y, Khan AO, Wen S, Dong P, Zhou W, Sousos N, Murphy L, Clarke M, Olijnik AA, Wong ZC, Karali CS, Sirinukunwattana K, Ryou H, Norfo R, Cheng Q, Carrelha J, Ren Z, Thongjuea S, Rathinam VA, Krishnan A, Royston D, Rabinovich GA, Mead AJ, Psaila B.",2024,Science Translational Medicine,Science,10.1126/scitranslmed.adj7552,research-article (author manuscript),4,all,line/time-course|PCA/UMAP,PRIVATE_REFERENCE_ONLY/corpus/PMC7616771/figures/Fig4.jpg,https://creativecommons.org/licenses/by/4.0/ This work is licensed under a BY 4.0 International license.,partial,author manuscript; figures not publisher-typeset; caption-based classification
PMC7616771,"Li R, Colombo M, Wang G, Rodriguez-Romera A, Benlabiod C, Jooss NJ, O'Sullivan J, Brierley CK, Clark SA, Pérez Sáez JM, Fernández PA, Schoof EM, Porse B, Meng Y, Khan AO, Wen S, Dong P, Zhou W, Sousos N, Murphy L, Clarke M, Olijnik AA, Wong ZC, Karali CS, Sirinukunwattana K, Ryou H, Norfo R, Cheng Q, Carrelha J, Ren Z, Thongjuea S, Rathinam VA, Krishnan A, Royston D, Rabinovich GA, Mead AJ, Psaila B.",2024,Science Translational Medicine,Science,10.1126/scitranslmed.adj7552,research-article (author manuscript),5,all,box/violin|volcano/MA|heatmap|categorical/composition|microscopy/other,PRIVATE_REFERENCE_ONLY/corpus/PMC7616771/figures/Fig5.jpg,https://creativecommons.org/licenses/by/4.0/ This work is licensed under a BY 4.0 International license.,partial,author manuscript; figures not publisher-typeset; caption-based classification
PMC7616771,"Li R, Colombo M, Wang G, Rodriguez-Romera A, Benlabiod C, Jooss NJ, O'Sullivan J, Brierley CK, Clark SA, Pérez Sáez JM, Fernández PA, Schoof EM, Porse B, Meng Y, Khan AO, Wen S, Dong P, Zhou W, Sousos N, Murphy L, Clarke M, Olijnik AA, Wong ZC, Karali CS, Sirinukunwattana K, Ryou H, Norfo R, Cheng Q, Carrelha J, Ren Z, Thongjuea S, Rathinam VA, Krishnan A, Royston D, Rabinovich GA, Mead AJ, Psaila B.",2024,Science Translational Medicine,Science,10.1126/scitranslmed.adj7552,research-article (author manuscript),6,all,bar/group comparison|microscopy/other,PRIVATE_REFERENCE_ONLY/corpus/PMC7616771/figures/Fig6.jpg,https://creativecommons.org/licenses/by/4.0/ This work is licensed under a BY 4.0 International license.,partial,author manuscript; figures not publisher-typeset; caption-based classification
PMC7616771,"Li R, Colombo M, Wang G, Rodriguez-Romera A, Benlabiod C, Jooss NJ, O'Sullivan J, Brierley CK, Clark SA, Pérez Sáez JM, Fernández PA, Schoof EM, Porse B, Meng Y, Khan AO, Wen S, Dong P, Zhou W, Sousos N, Murphy L, Clarke M, Olijnik AA, Wong ZC, Karali CS, Sirinukunwattana K, Ryou H, Norfo R, Cheng Q, Carrelha J, Ren Z, Thongjuea S, Rathinam VA, Krishnan A, Royston D, Rabinovich GA, Mead AJ, Psaila B.",2024,Science Translational Medicine,Science,10.1126/scitranslmed.adj7552,research-article (author manuscript),7,all,scatter/regression|line/time-course|bar/group comparison|box/violin|PCA/UMAP|survival|forest/effect-size|categorical/composition|microscopy/other,PRIVATE_REFERENCE_ONLY/corpus/PMC7616771/figures/Fig7.jpg,https://creativecommons.org/licenses/by/4.0/ This work is licensed under a BY 4.0 International license.,partial,author manuscript; figures not publisher-typeset; caption-based classification
PMC7617732,"Khalek IS, Senji Laxme RR, Nguyen YTK, Khochare S, Patel RN, Woehl J, Smith JM, Saye-Francisco K, Kim Y, Misson Mindrebo L, Tran Q, Kędzior M, Boré E, Limbo O, Verma M, Stanfield RL, Menzies SK, Ainsworth S, Harrison RA, Burton DR, Sok D, Wilson IA, Casewell NR, Sunagar K, Jardine JG.",2024,Science Translational Medicine,Science,10.1126/scitranslmed.adk1867,research-article (author manuscript),1,all,categorical/composition|microscopy/other,PRIVATE_REFERENCE_ONLY/corpus/PMC7617732/figures/Fig1.jpg,exclusive licensee American Association for the Advancement of Science. No claim to original U.S. Government Works,partial,author manuscript; figures not publisher-typeset; non-CC publisher license (see license column); private reference only; caption-based classification
PMC7617732,"Khalek IS, Senji Laxme RR, Nguyen YTK, Khochare S, Patel RN, Woehl J, Smith JM, Saye-Francisco K, Kim Y, Misson Mindrebo L, Tran Q, Kędzior M, Boré E, Limbo O, Verma M, Stanfield RL, Menzies SK, Ainsworth S, Harrison RA, Burton DR, Sok D, Wilson IA, Casewell NR, Sunagar K, Jardine JG.",2024,Science Translational Medicine,Science,10.1126/scitranslmed.adk1867,research-article (author manuscript),2,all,bar/group comparison|box/violin,PRIVATE_REFERENCE_ONLY/corpus/PMC7617732/figures/Fig2.jpg,exclusive licensee American Association for the Advancement of Science. No claim to original U.S. Government Works,partial,author manuscript; figures not publisher-typeset; non-CC publisher license (see license column); private reference only; caption-based classification
PMC7617732,"Khalek IS, Senji Laxme RR, Nguyen YTK, Khochare S, Patel RN, Woehl J, Smith JM, Saye-Francisco K, Kim Y, Misson Mindrebo L, Tran Q, Kędzior M, Boré E, Limbo O, Verma M, Stanfield RL, Menzies SK, Ainsworth S, Harrison RA, Burton DR, Sok D, Wilson IA, Casewell NR, Sunagar K, Jardine JG.",2024,Science Translational Medicine,Science,10.1126/scitranslmed.adk1867,research-article (author manuscript),3,all,categorical/composition,PRIVATE_REFERENCE_ONLY/corpus/PMC7617732/figures/Fig3.jpg,exclusive licensee American Association for the Advancement of Science. No claim to original U.S. Government Works,partial,author manuscript; figures not publisher-typeset; non-CC publisher license (see license column); private reference only; caption-based classification
PMC7617732,"Khalek IS, Senji Laxme RR, Nguyen YTK, Khochare S, Patel RN, Woehl J, Smith JM, Saye-Francisco K, Kim Y, Misson Mindrebo L, Tran Q, Kędzior M, Boré E, Limbo O, Verma M, Stanfield RL, Menzies SK, Ainsworth S, Harrison RA, Burton DR, Sok D, Wilson IA, Casewell NR, Sunagar K, Jardine JG.",2024,Science Translational Medicine,Science,10.1126/scitranslmed.adk1867,research-article (author manuscript),4,all,bar/group comparison,PRIVATE_REFERENCE_ONLY/corpus/PMC7617732/figures/Fig4.jpg,exclusive licensee American Association for the Advancement of Science. No claim to original U.S. Government Works,partial,author manuscript; figures not publisher-typeset; non-CC publisher license (see license column); private reference only; caption-based classification
PMC7617732,"Khalek IS, Senji Laxme RR, Nguyen YTK, Khochare S, Patel RN, Woehl J, Smith JM, Saye-Francisco K, Kim Y, Misson Mindrebo L, Tran Q, Kędzior M, Boré E, Limbo O, Verma M, Stanfield RL, Menzies SK, Ainsworth S, Harrison RA, Burton DR, Sok D, Wilson IA, Casewell NR, Sunagar K, Jardine JG.",2024,Science Translational Medicine,Science,10.1126/scitranslmed.adk1867,research-article (author manuscript),5,all,microscopy/other,PRIVATE_REFERENCE_ONLY/corpus/PMC7617732/figures/Fig5.jpg,exclusive licensee American Association for the Advancement of Science. No claim to original U.S. Government Works,partial,author manuscript; figures not publisher-typeset; non-CC publisher license (see license column); private reference only; caption-based classification
PMC7617978,"Tulloch LB, Tawell H, Taylor AE, Lima ML, Dawson A, Carvalho S, Wall RJ, Corpas-Lopez V, Dey G, Duggan J, Magalhaes LG, Torrie LS, Frame L, Robinson D, Patterson S, Tinti M, Weaver GW, Robinson WJ, Cal M, Kaiser M, Mäser P, Sjö P, Perry B, Kelly JM, Francisco AF, Bhambra AS, Wyllie S.",2025,Science Translational Medicine,Science,10.1126/scitranslmed.adu4564,research-article (author manuscript),1,all,microscopy/other,PRIVATE_REFERENCE_ONLY/corpus/PMC7617978/figures/Fig1.jpg,https://creativecommons.org/licenses/by/4.0/ This work is licensed under a BY 4.0 International license.,partial,author manuscript; figures not publisher-typeset; caption-based classification
PMC7617978,"Tulloch LB, Tawell H, Taylor AE, Lima ML, Dawson A, Carvalho S, Wall RJ, Corpas-Lopez V, Dey G, Duggan J, Magalhaes LG, Torrie LS, Frame L, Robinson D, Patterson S, Tinti M, Weaver GW, Robinson WJ, Cal M, Kaiser M, Mäser P, Sjö P, Perry B, Kelly JM, Francisco AF, Bhambra AS, Wyllie S.",2025,Science Translational Medicine,Science,10.1126/scitranslmed.adu4564,research-article (author manuscript),2,all,microscopy/other,PRIVATE_REFERENCE_ONLY/corpus/PMC7617978/figures/Fig2.jpg,https://creativecommons.org/licenses/by/4.0/ This work is licensed under a BY 4.0 International license.,partial,author manuscript; figures not publisher-typeset; no quantitative marker; caption-based classification
PMC7617978,"Tulloch LB, Tawell H, Taylor AE, Lima ML, Dawson A, Carvalho S, Wall RJ, Corpas-Lopez V, Dey G, Duggan J, Magalhaes LG, Torrie LS, Frame L, Robinson D, Patterson S, Tinti M, Weaver GW, Robinson WJ, Cal M, Kaiser M, Mäser P, Sjö P, Perry B, Kelly JM, Francisco AF, Bhambra AS, Wyllie S.",2025,Science Translational Medicine,Science,10.1126/scitranslmed.adu4564,research-article (author manuscript),3,all,bar/group comparison,PRIVATE_REFERENCE_ONLY/corpus/PMC7617978/figures/Fig3.jpg,https://creativecommons.org/licenses/by/4.0/ This work is licensed under a BY 4.0 International license.,partial,author manuscript; figures not publisher-typeset; caption-based classification
PMC7617978,"Tulloch LB, Tawell H, Taylor AE, Lima ML, Dawson A, Carvalho S, Wall RJ, Corpas-Lopez V, Dey G, Duggan J, Magalhaes LG, Torrie LS, Frame L, Robinson D, Patterson S, Tinti M, Weaver GW, Robinson WJ, Cal M, Kaiser M, Mäser P, Sjö P, Perry B, Kelly JM, Francisco AF, Bhambra AS, Wyllie S.",2025,Science Translational Medicine,Science,10.1126/scitranslmed.adu4564,research-article (author manuscript),4,all,microscopy/other,PRIVATE_REFERENCE_ONLY/corpus/PMC7617978/figures/Fig4.jpg,https://creativecommons.org/licenses/by/4.0/ This work is licensed under a BY 4.0 International license.,partial,author manuscript; figures not publisher-typeset; caption-based classification
PMC7617978,"Tulloch LB, Tawell H, Taylor AE, Lima ML, Dawson A, Carvalho S, Wall RJ, Corpas-Lopez V, Dey G, Duggan J, Magalhaes LG, Torrie LS, Frame L, Robinson D, Patterson S, Tinti M, Weaver GW, Robinson WJ, Cal M, Kaiser M, Mäser P, Sjö P, Perry B, Kelly JM, Francisco AF, Bhambra AS, Wyllie S.",2025,Science Translational Medicine,Science,10.1126/scitranslmed.adu4564,research-article (author manuscript),5,all,line/time-course|bar/group comparison|heatmap|microscopy/other,PRIVATE_REFERENCE_ONLY/corpus/PMC7617978/figures/Fig5.jpg,https://creativecommons.org/licenses/by/4.0/ This work is licensed under a BY 4.0 International license.,partial,author manuscript; figures not publisher-typeset; caption-based classification
PMC7617989,"Chafe SC, Zhai K, Aghaei N, Miletic P, Huang Z, Brown KR, Mobilio D, Young D, Suk Y, Grewal S, McKenna D, Alizada Z, Kieliszek AM, Lam FC, Escudero L, Huang Q, Huebner A, Lu J, Ang P, Anand A, Custers S, Apel E, Slassi S, Brakel B, Kim J, Liu JKC, Bassey-Archibong BI, Abdo R, Shargall Y, Lu JQ, Cutz JC, Zhang Q, Li SS, Venugopal C, Hynds RE, Dufour A, Moffat J, Swanton C, Bao S, Singh SK.",2025,Science Translational Medicine,Science,10.1126/scitranslmed.adu2459,research-article (author manuscript),1,all,bar/group comparison|box/violin|categorical/composition|microscopy/other,PRIVATE_REFERENCE_ONLY/corpus/PMC7617989/figures/Fig1.jpg,https://creativecommons.org/licenses/by/4.0/ This work is licensed under a BY 4.0 International license.,partial,author manuscript; figures not publisher-typeset; caption-based classification
PMC7617989,"Chafe SC, Zhai K, Aghaei N, Miletic P, Huang Z, Brown KR, Mobilio D, Young D, Suk Y, Grewal S, McKenna D, Alizada Z, Kieliszek AM, Lam FC, Escudero L, Huang Q, Huebner A, Lu J, Ang P, Anand A, Custers S, Apel E, Slassi S, Brakel B, Kim J, Liu JKC, Bassey-Archibong BI, Abdo R, Shargall Y, Lu JQ, Cutz JC, Zhang Q, Li SS, Venugopal C, Hynds RE, Dufour A, Moffat J, Swanton C, Bao S, Singh SK.",2025,Science Translational Medicine,Science,10.1126/scitranslmed.adu2459,research-article (author manuscript),2,all,line/time-course|box/violin|survival|forest/effect-size|categorical/composition|microscopy/other,PRIVATE_REFERENCE_ONLY/corpus/PMC7617989/figures/Fig2.jpg,https://creativecommons.org/licenses/by/4.0/ This work is licensed under a BY 4.0 International license.,partial,author manuscript; figures not publisher-typeset; caption-based classification
PMC7617989,"Chafe SC, Zhai K, Aghaei N, Miletic P, Huang Z, Brown KR, Mobilio D, Young D, Suk Y, Grewal S, McKenna D, Alizada Z, Kieliszek AM, Lam FC, Escudero L, Huang Q, Huebner A, Lu J, Ang P, Anand A, Custers S, Apel E, Slassi S, Brakel B, Kim J, Liu JKC, Bassey-Archibong BI, Abdo R, Shargall Y, Lu JQ, Cutz JC, Zhang Q, Li SS, Venugopal C, Hynds RE, Dufour A, Moffat J, Swanton C, Bao S, Singh SK.",2025,Science Translational Medicine,Science,10.1126/scitranslmed.adu2459,research-article (author manuscript),3,all,bar/group comparison|microscopy/other,PRIVATE_REFERENCE_ONLY/corpus/PMC7617989/figures/Fig3.jpg,https://creativecommons.org/licenses/by/4.0/ This work is licensed under a BY 4.0 International license.,partial,author manuscript; figures not publisher-typeset; caption-based classification
PMC7617989,"Chafe SC, Zhai K, Aghaei N, Miletic P, Huang Z, Brown KR, Mobilio D, Young D, Suk Y, Grewal S, McKenna D, Alizada Z, Kieliszek AM, Lam FC, Escudero L, Huang Q, Huebner A, Lu J, Ang P, Anand A, Custers S, Apel E, Slassi S, Brakel B, Kim J, Liu JKC, Bassey-Archibong BI, Abdo R, Shargall Y, Lu JQ, Cutz JC, Zhang Q, Li SS, Venugopal C, Hynds RE, Dufour A, Moffat J, Swanton C, Bao S, Singh SK.",2025,Science Translational Medicine,Science,10.1126/scitranslmed.adu2459,research-article (author manuscript),4,all,bar/group comparison|microscopy/other,PRIVATE_REFERENCE_ONLY/corpus/PMC7617989/figures/Fig4.jpg,https://creativecommons.org/licenses/by/4.0/ This work is licensed under a BY 4.0 International license.,partial,author manuscript; figures not publisher-typeset; caption-based classification
PMC7617989,"Chafe SC, Zhai K, Aghaei N, Miletic P, Huang Z, Brown KR, Mobilio D, Young D, Suk Y, Grewal S, McKenna D, Alizada Z, Kieliszek AM, Lam FC, Escudero L, Huang Q, Huebner A, Lu J, Ang P, Anand A, Custers S, Apel E, Slassi S, Brakel B, Kim J, Liu JKC, Bassey-Archibong BI, Abdo R, Shargall Y, Lu JQ, Cutz JC, Zhang Q, Li SS, Venugopal C, Hynds RE, Dufour A, Moffat J, Swanton C, Bao S, Singh SK.",2025,Science Translational Medicine,Science,10.1126/scitranslmed.adu2459,research-article (author manuscript),5,all,line/time-course|bar/group comparison|survival,PRIVATE_REFERENCE_ONLY/corpus/PMC7617989/figures/Fig5.jpg,https://creativecommons.org/licenses/by/4.0/ This work is licensed under a BY 4.0 International license.,partial,author manuscript; figures not publisher-typeset; caption-based classification
PMC7617989,"Chafe SC, Zhai K, Aghaei N, Miletic P, Huang Z, Brown KR, Mobilio D, Young D, Suk Y, Grewal S, McKenna D, Alizada Z, Kieliszek AM, Lam FC, Escudero L, Huang Q, Huebner A, Lu J, Ang P, Anand A, Custers S, Apel E, Slassi S, Brakel B, Kim J, Liu JKC, Bassey-Archibong BI, Abdo R, Shargall Y, Lu JQ, Cutz JC, Zhang Q, Li SS, Venugopal C, Hynds RE, Dufour A, Moffat J, Swanton C, Bao S, Singh SK.",2025,Science Translational Medicine,Science,10.1126/scitranslmed.adu2459,research-article (author manuscript),6,all,bar/group comparison|categorical/composition|microscopy/other,PRIVATE_REFERENCE_ONLY/corpus/PMC7617989/figures/Fig6.jpg,https://creativecommons.org/licenses/by/4.0/ This work is licensed under a BY 4.0 International license.,partial,author manuscript; figures not publisher-typeset; caption-based classification
PMC7617989,"Chafe SC, Zhai K, Aghaei N, Miletic P, Huang Z, Brown KR, Mobilio D, Young D, Suk Y, Grewal S, McKenna D, Alizada Z, Kieliszek AM, Lam FC, Escudero L, Huang Q, Huebner A, Lu J, Ang P, Anand A, Custers S, Apel E, Slassi S, Brakel B, Kim J, Liu JKC, Bassey-Archibong BI, Abdo R, Shargall Y, Lu JQ, Cutz JC, Zhang Q, Li SS, Venugopal C, Hynds RE, Dufour A, Moffat J, Swanton C, Bao S, Singh SK.",2025,Science Translational Medicine,Science,10.1126/scitranslmed.adu2459,research-article (author manuscript),7,all,bar/group comparison|microscopy/other,PRIVATE_REFERENCE_ONLY/corpus/PMC7617989/figures/Fig7.jpg,https://creativecommons.org/licenses/by/4.0/ This work is licensed under a BY 4.0 International license.,partial,author manuscript; figures not publisher-typeset; caption-based classification
PMC7618036,"Bahri M, Al-Adhami T, Demirel E, Sarkar J, Feehan KT, Anstee JE, Cheung TS, Sosnowska D, Woodman CA, Macmorland W, Yang DD, Rosekilly J, Gitsaki-Taylor R, Gillett CE, Scudamore CL, Spicer J, Rahman KM, Arnold JN.",2025,Science Translational Medicine,Science,10.1126/scitranslmed.ads3085,research-article (author manuscript),1,all,scatter/regression|line/time-course|bar/group comparison|box/violin|dot/bubble|microscopy/other,PRIVATE_REFERENCE_ONLY/corpus/PMC7618036/figures/Fig1.jpg,https://creativecommons.org/licenses/by/4.0/ This work is licensed under a BY 4.0 International license.,partial,author manuscript; figures not publisher-typeset; caption-based classification
PMC7618036,"Bahri M, Al-Adhami T, Demirel E, Sarkar J, Feehan KT, Anstee JE, Cheung TS, Sosnowska D, Woodman CA, Macmorland W, Yang DD, Rosekilly J, Gitsaki-Taylor R, Gillett CE, Scudamore CL, Spicer J, Rahman KM, Arnold JN.",2025,Science Translational Medicine,Science,10.1126/scitranslmed.ads3085,research-article (author manuscript),2,all,bar/group comparison|heatmap|dot/bubble|microscopy/other,PRIVATE_REFERENCE_ONLY/corpus/PMC7618036/figures/Fig2.jpg,https://creativecommons.org/licenses/by/4.0/ This work is licensed under a BY 4.0 International license.,partial,author manuscript; figures not publisher-typeset; caption-based classification
PMC7618036,"Bahri M, Al-Adhami T, Demirel E, Sarkar J, Feehan KT, Anstee JE, Cheung TS, Sosnowska D, Woodman CA, Macmorland W, Yang DD, Rosekilly J, Gitsaki-Taylor R, Gillett CE, Scudamore CL, Spicer J, Rahman KM, Arnold JN.",2025,Science Translational Medicine,Science,10.1126/scitranslmed.ads3085,research-article (author manuscript),3,all,line/time-course|microscopy/other,PRIVATE_REFERENCE_ONLY/corpus/PMC7618036/figures/Fig3.jpg,https://creativecommons.org/licenses/by/4.0/ This work is licensed under a BY 4.0 International license.,partial,author manuscript; figures not publisher-typeset; caption-based classification
PMC7618036,"Bahri M, Al-Adhami T, Demirel E, Sarkar J, Feehan KT, Anstee JE, Cheung TS, Sosnowska D, Woodman CA, Macmorland W, Yang DD, Rosekilly J, Gitsaki-Taylor R, Gillett CE, Scudamore CL, Spicer J, Rahman KM, Arnold JN.",2025,Science Translational Medicine,Science,10.1126/scitranslmed.ads3085,research-article (author manuscript),4,all,bar/group comparison|dot/bubble|categorical/composition|microscopy/other,PRIVATE_REFERENCE_ONLY/corpus/PMC7618036/figures/Fig4.jpg,https://creativecommons.org/licenses/by/4.0/ This work is licensed under a BY 4.0 International license.,partial,author manuscript; figures not publisher-typeset; caption-based classification
PMC7618036,"Bahri M, Al-Adhami T, Demirel E, Sarkar J, Feehan KT, Anstee JE, Cheung TS, Sosnowska D, Woodman CA, Macmorland W, Yang DD, Rosekilly J, Gitsaki-Taylor R, Gillett CE, Scudamore CL, Spicer J, Rahman KM, Arnold JN.",2025,Science Translational Medicine,Science,10.1126/scitranslmed.ads3085,research-article (author manuscript),5,all,volcano/MA|heatmap|microscopy/other,PRIVATE_REFERENCE_ONLY/corpus/PMC7618036/figures/Fig5.jpg,https://creativecommons.org/licenses/by/4.0/ This work is licensed under a BY 4.0 International license.,partial,author manuscript; figures not publisher-typeset; caption-based classification
PMC7618036,"Bahri M, Al-Adhami T, Demirel E, Sarkar J, Feehan KT, Anstee JE, Cheung TS, Sosnowska D, Woodman CA, Macmorland W, Yang DD, Rosekilly J, Gitsaki-Taylor R, Gillett CE, Scudamore CL, Spicer J, Rahman KM, Arnold JN.",2025,Science Translational Medicine,Science,10.1126/scitranslmed.ads3085,research-article (author manuscript),6,all,line/time-course|bar/group comparison|dot/bubble|microscopy/other,PRIVATE_REFERENCE_ONLY/corpus/PMC7618036/figures/Fig6.jpg,https://creativecommons.org/licenses/by/4.0/ This work is licensed under a BY 4.0 International license.,partial,author manuscript; figures not publisher-typeset; caption-based classification
PMC7618742,"Malherbe ST, Chen RY, Yu X, Smith B, Liu X, Gao J, Diacon AH, Dawson R, Tameris M, Zhu H, Qu Y, Jin H, Pan S, Dodd LE, Wang J, Goldfeder LC, Cai Y, Arora K, Vincent J, Narunsky K, Serole K, Goliath RT, Da Costa L, Taliep A, Aziz S, Daroowala R, Thienemann F, Mukasa S, Court R, Sossen B, Ahlers P, Mendelsohn SC, White L, Gouel A, Lau CY, Hassan S, Liang L, Duan H, Moghaddam GK, Paripati P, Lahouar S, Harris M, Wollenberg K, Jeffrey B, Tartakovsky M, Rosenthal A, Duvenhage M, Armstrong DT, Song T, Winter J, Gao Q, Via LE, Wilkinson RJ, Walzl G, Barry CE.",2026,Science Translational Medicine,Science,10.1126/scitranslmed.adt5626,research-article (author manuscript),1,all,microscopy/other,PRIVATE_REFERENCE_ONLY/corpus/PMC7618742/figures/Fig1.jpg,https://creativecommons.org/licenses/by/4.0/ This work is licensed under a BY 4.0 International license.,partial,author manuscript; figures not publisher-typeset; caption-based classification
PMC7618742,"Malherbe ST, Chen RY, Yu X, Smith B, Liu X, Gao J, Diacon AH, Dawson R, Tameris M, Zhu H, Qu Y, Jin H, Pan S, Dodd LE, Wang J, Goldfeder LC, Cai Y, Arora K, Vincent J, Narunsky K, Serole K, Goliath RT, Da Costa L, Taliep A, Aziz S, Daroowala R, Thienemann F, Mukasa S, Court R, Sossen B, Ahlers P, Mendelsohn SC, White L, Gouel A, Lau CY, Hassan S, Liang L, Duan H, Moghaddam GK, Paripati P, Lahouar S, Harris M, Wollenberg K, Jeffrey B, Tartakovsky M, Rosenthal A, Duvenhage M, Armstrong DT, Song T, Winter J, Gao Q, Via LE, Wilkinson RJ, Walzl G, Barry CE.",2026,Science Translational Medicine,Science,10.1126/scitranslmed.adt5626,research-article (author manuscript),2,all,survival|categorical/composition,PRIVATE_REFERENCE_ONLY/corpus/PMC7618742/figures/Fig2.jpg,https://creativecommons.org/licenses/by/4.0/ This work is licensed under a BY 4.0 International license.,partial,author manuscript; figures not publisher-typeset; caption-based classification
PMC7618742,"Malherbe ST, Chen RY, Yu X, Smith B, Liu X, Gao J, Diacon AH, Dawson R, Tameris M, Zhu H, Qu Y, Jin H, Pan S, Dodd LE, Wang J, Goldfeder LC, Cai Y, Arora K, Vincent J, Narunsky K, Serole K, Goliath RT, Da Costa L, Taliep A, Aziz S, Daroowala R, Thienemann F, Mukasa S, Court R, Sossen B, Ahlers P, Mendelsohn SC, White L, Gouel A, Lau CY, Hassan S, Liang L, Duan H, Moghaddam GK, Paripati P, Lahouar S, Harris M, Wollenberg K, Jeffrey B, Tartakovsky M, Rosenthal A, Duvenhage M, Armstrong DT, Song T, Winter J, Gao Q, Via LE, Wilkinson RJ, Walzl G, Barry CE.",2026,Science Translational Medicine,Science,10.1126/scitranslmed.adt5626,research-article (author manuscript),3,all,microscopy/other,PRIVATE_REFERENCE_ONLY/corpus/PMC7618742/figures/Fig3.jpg,https://creativecommons.org/licenses/by/4.0/ This work is licensed under a BY 4.0 International license.,partial,author manuscript; figures not publisher-typeset; no quantitative marker; caption-based classification
PMC7618742,"Malherbe ST, Chen RY, Yu X, Smith B, Liu X, Gao J, Diacon AH, Dawson R, Tameris M, Zhu H, Qu Y, Jin H, Pan S, Dodd LE, Wang J, Goldfeder LC, Cai Y, Arora K, Vincent J, Narunsky K, Serole K, Goliath RT, Da Costa L, Taliep A, Aziz S, Daroowala R, Thienemann F, Mukasa S, Court R, Sossen B, Ahlers P, Mendelsohn SC, White L, Gouel A, Lau CY, Hassan S, Liang L, Duan H, Moghaddam GK, Paripati P, Lahouar S, Harris M, Wollenberg K, Jeffrey B, Tartakovsky M, Rosenthal A, Duvenhage M, Armstrong DT, Song T, Winter J, Gao Q, Via LE, Wilkinson RJ, Walzl G, Barry CE.",2026,Science Translational Medicine,Science,10.1126/scitranslmed.adt5626,research-article (author manuscript),4,all,bar/group comparison|heatmap,PRIVATE_REFERENCE_ONLY/corpus/PMC7618742/figures/Fig4.jpg,https://creativecommons.org/licenses/by/4.0/ This work is licensed under a BY 4.0 International license.,partial,author manuscript; figures not publisher-typeset; caption-based classification
PMC9765455,"Sasaki M, Tabata K, Kishimoto M, Itakura Y, Kobayashi H, Ariizumi T, Uemura K, Toba S, Kusakabe S, Maruyama Y, Iida S, Nakajima N, Suzuki T, Yoshida S, Nobori H, Sanaki T, Kato T, Shishido T, Hall WW, Orba Y, Sato A, Sawa H.",2023,Science Translational Medicine,Science,10.1126/scitranslmed.abq4064,research-article,1,all,line/time-course|bar/group comparison|microscopy/other,PRIVATE_REFERENCE_ONLY/corpus/PMC9765455/figures/Fig1.jpg,"https://creativecommons.org/licenses/by/4.0/ This is an open-access article distributed under the terms of the Creative Commons Attribution license , which permits unrestricted use, distribution, and reproduction in any medium, provided the original work is properly cited.",yes,caption-based classification
PMC9765455,"Sasaki M, Tabata K, Kishimoto M, Itakura Y, Kobayashi H, Ariizumi T, Uemura K, Toba S, Kusakabe S, Maruyama Y, Iida S, Nakajima N, Suzuki T, Yoshida S, Nobori H, Sanaki T, Kato T, Shishido T, Hall WW, Orba Y, Sato A, Sawa H.",2023,Science Translational Medicine,Science,10.1126/scitranslmed.abq4064,research-article,2,all,line/time-course|bar/group comparison|microscopy/other,PRIVATE_REFERENCE_ONLY/corpus/PMC9765455/figures/Fig2.jpg,"https://creativecommons.org/licenses/by/4.0/ This is an open-access article distributed under the terms of the Creative Commons Attribution license , which permits unrestricted use, distribution, and reproduction in any medium, provided the original work is properly cited.",yes,caption-based classification
PMC9765455,"Sasaki M, Tabata K, Kishimoto M, Itakura Y, Kobayashi H, Ariizumi T, Uemura K, Toba S, Kusakabe S, Maruyama Y, Iida S, Nakajima N, Suzuki T, Yoshida S, Nobori H, Sanaki T, Kato T, Shishido T, Hall WW, Orba Y, Sato A, Sawa H.",2023,Science Translational Medicine,Science,10.1126/scitranslmed.abq4064,research-article,3,all,line/time-course|bar/group comparison,PRIVATE_REFERENCE_ONLY/corpus/PMC9765455/figures/Fig3.jpg,"https://creativecommons.org/licenses/by/4.0/ This is an open-access article distributed under the terms of the Creative Commons Attribution license , which permits unrestricted use, distribution, and reproduction in any medium, provided the original work is properly cited.",yes,caption-based classification
PMC9765455,"Sasaki M, Tabata K, Kishimoto M, Itakura Y, Kobayashi H, Ariizumi T, Uemura K, Toba S, Kusakabe S, Maruyama Y, Iida S, Nakajima N, Suzuki T, Yoshida S, Nobori H, Sanaki T, Kato T, Shishido T, Hall WW, Orba Y, Sato A, Sawa H.",2023,Science Translational Medicine,Science,10.1126/scitranslmed.abq4064,research-article,4,all,line/time-course|bar/group comparison,PRIVATE_REFERENCE_ONLY/corpus/PMC9765455/figures/Fig4.jpg,"https://creativecommons.org/licenses/by/4.0/ This is an open-access article distributed under the terms of the Creative Commons Attribution license , which permits unrestricted use, distribution, and reproduction in any medium, provided the original work is properly cited.",yes,caption-based classification
PMC9765455,"Sasaki M, Tabata K, Kishimoto M, Itakura Y, Kobayashi H, Ariizumi T, Uemura K, Toba S, Kusakabe S, Maruyama Y, Iida S, Nakajima N, Suzuki T, Yoshida S, Nobori H, Sanaki T, Kato T, Shishido T, Hall WW, Orba Y, Sato A, Sawa H.",2023,Science Translational Medicine,Science,10.1126/scitranslmed.abq4064,research-article,5,all,line/time-course|box/violin|categorical/composition|microscopy/other,PRIVATE_REFERENCE_ONLY/corpus/PMC9765455/figures/Fig5.jpg,"https://creativecommons.org/licenses/by/4.0/ This is an open-access article distributed under the terms of the Creative Commons Attribution license , which permits unrestricted use, distribution, and reproduction in any medium, provided the original work is properly cited.",yes,caption-based classification
PMC9765459,"Milligan EC, Olstad K, Williams CA, Mallory M, Cano P, Cross KA, Munt JE, Garrido C, Lindesmith L, Watanabe J, Usachenko JL, Hopkins L, Immareddy R, Shaan Lakshmanappa Y, Elizaldi SR, Roh JW, Sammak RL, Pollard RE, Yee JL, Herbek S, Scobey T, Miehlke D, Fouda G, Ferrari G, Gao H, Shen X, Kozlowski PA, Montefiori D, Hudgens MG, Edwards DK, Carfi A, Corbett KS, Graham BS, Fox CB, Tomai M, Iyer SS, Baric R, Reader R, Dittmer DP, Van Rompay KKA, Permar SR, De Paris K.",2023,Science Translational Medicine,Science,10.1126/scitranslmed.add6383,research-article,1,all,microscopy/other,PRIVATE_REFERENCE_ONLY/corpus/PMC9765459/figures/Fig1.jpg,"https://creativecommons.org/licenses/by/4.0/ This is an open-access article distributed under the terms of the Creative Commons Attribution license , which permits unrestricted use, distribution, and reproduction in any medium, provided the original work is properly cited.",partial,unclassified-quantitative; caption-based classification
PMC9765459,"Milligan EC, Olstad K, Williams CA, Mallory M, Cano P, Cross KA, Munt JE, Garrido C, Lindesmith L, Watanabe J, Usachenko JL, Hopkins L, Immareddy R, Shaan Lakshmanappa Y, Elizaldi SR, Roh JW, Sammak RL, Pollard RE, Yee JL, Herbek S, Scobey T, Miehlke D, Fouda G, Ferrari G, Gao H, Shen X, Kozlowski PA, Montefiori D, Hudgens MG, Edwards DK, Carfi A, Corbett KS, Graham BS, Fox CB, Tomai M, Iyer SS, Baric R, Reader R, Dittmer DP, Van Rompay KKA, Permar SR, De Paris K.",2023,Science Translational Medicine,Science,10.1126/scitranslmed.add6383,research-article,2,all,line/time-course|bar/group comparison|box/violin,PRIVATE_REFERENCE_ONLY/corpus/PMC9765459/figures/Fig2.jpg,"https://creativecommons.org/licenses/by/4.0/ This is an open-access article distributed under the terms of the Creative Commons Attribution license , which permits unrestricted use, distribution, and reproduction in any medium, provided the original work is properly cited.",yes,caption-based classification
PMC9765459,"Milligan EC, Olstad K, Williams CA, Mallory M, Cano P, Cross KA, Munt JE, Garrido C, Lindesmith L, Watanabe J, Usachenko JL, Hopkins L, Immareddy R, Shaan Lakshmanappa Y, Elizaldi SR, Roh JW, Sammak RL, Pollard RE, Yee JL, Herbek S, Scobey T, Miehlke D, Fouda G, Ferrari G, Gao H, Shen X, Kozlowski PA, Montefiori D, Hudgens MG, Edwards DK, Carfi A, Corbett KS, Graham BS, Fox CB, Tomai M, Iyer SS, Baric R, Reader R, Dittmer DP, Van Rompay KKA, Permar SR, De Paris K.",2023,Science Translational Medicine,Science,10.1126/scitranslmed.add6383,research-article,3,all,line/time-course|box/violin|heatmap,PRIVATE_REFERENCE_ONLY/corpus/PMC9765459/figures/Fig3.jpg,"https://creativecommons.org/licenses/by/4.0/ This is an open-access article distributed under the terms of the Creative Commons Attribution license , which permits unrestricted use, distribution, and reproduction in any medium, provided the original work is properly cited.",yes,caption-based classification
PMC9765459,"Milligan EC, Olstad K, Williams CA, Mallory M, Cano P, Cross KA, Munt JE, Garrido C, Lindesmith L, Watanabe J, Usachenko JL, Hopkins L, Immareddy R, Shaan Lakshmanappa Y, Elizaldi SR, Roh JW, Sammak RL, Pollard RE, Yee JL, Herbek S, Scobey T, Miehlke D, Fouda G, Ferrari G, Gao H, Shen X, Kozlowski PA, Montefiori D, Hudgens MG, Edwards DK, Carfi A, Corbett KS, Graham BS, Fox CB, Tomai M, Iyer SS, Baric R, Reader R, Dittmer DP, Van Rompay KKA, Permar SR, De Paris K.",2023,Science Translational Medicine,Science,10.1126/scitranslmed.add6383,research-article,4,all,bar/group comparison|box/violin|forest/effect-size,PRIVATE_REFERENCE_ONLY/corpus/PMC9765459/figures/Fig4.jpg,"https://creativecommons.org/licenses/by/4.0/ This is an open-access article distributed under the terms of the Creative Commons Attribution license , which permits unrestricted use, distribution, and reproduction in any medium, provided the original work is properly cited.",yes,caption-based classification
PMC9765459,"Milligan EC, Olstad K, Williams CA, Mallory M, Cano P, Cross KA, Munt JE, Garrido C, Lindesmith L, Watanabe J, Usachenko JL, Hopkins L, Immareddy R, Shaan Lakshmanappa Y, Elizaldi SR, Roh JW, Sammak RL, Pollard RE, Yee JL, Herbek S, Scobey T, Miehlke D, Fouda G, Ferrari G, Gao H, Shen X, Kozlowski PA, Montefiori D, Hudgens MG, Edwards DK, Carfi A, Corbett KS, Graham BS, Fox CB, Tomai M, Iyer SS, Baric R, Reader R, Dittmer DP, Van Rompay KKA, Permar SR, De Paris K.",2023,Science Translational Medicine,Science,10.1126/scitranslmed.add6383,research-article,5,all,line/time-course|bar/group comparison|box/violin|categorical/composition,PRIVATE_REFERENCE_ONLY/corpus/PMC9765459/figures/Fig5.jpg,"https://creativecommons.org/licenses/by/4.0/ This is an open-access article distributed under the terms of the Creative Commons Attribution license , which permits unrestricted use, distribution, and reproduction in any medium, provided the original work is properly cited.",yes,caption-based classification
PMC9765459,"Milligan EC, Olstad K, Williams CA, Mallory M, Cano P, Cross KA, Munt JE, Garrido C, Lindesmith L, Watanabe J, Usachenko JL, Hopkins L, Immareddy R, Shaan Lakshmanappa Y, Elizaldi SR, Roh JW, Sammak RL, Pollard RE, Yee JL, Herbek S, Scobey T, Miehlke D, Fouda G, Ferrari G, Gao H, Shen X, Kozlowski PA, Montefiori D, Hudgens MG, Edwards DK, Carfi A, Corbett KS, Graham BS, Fox CB, Tomai M, Iyer SS, Baric R, Reader R, Dittmer DP, Van Rompay KKA, Permar SR, De Paris K.",2023,Science Translational Medicine,Science,10.1126/scitranslmed.add6383,research-article,6,all,line/time-course,PRIVATE_REFERENCE_ONLY/corpus/PMC9765459/figures/Fig6.jpg,"https://creativecommons.org/licenses/by/4.0/ This is an open-access article distributed under the terms of the Creative Commons Attribution license , which permits unrestricted use, distribution, and reproduction in any medium, provided the original work is properly cited.",yes,caption-based classification
PMC9765459,"Milligan EC, Olstad K, Williams CA, Mallory M, Cano P, Cross KA, Munt JE, Garrido C, Lindesmith L, Watanabe J, Usachenko JL, Hopkins L, Immareddy R, Shaan Lakshmanappa Y, Elizaldi SR, Roh JW, Sammak RL, Pollard RE, Yee JL, Herbek S, Scobey T, Miehlke D, Fouda G, Ferrari G, Gao H, Shen X, Kozlowski PA, Montefiori D, Hudgens MG, Edwards DK, Carfi A, Corbett KS, Graham BS, Fox CB, Tomai M, Iyer SS, Baric R, Reader R, Dittmer DP, Van Rompay KKA, Permar SR, De Paris K.",2023,Science Translational Medicine,Science,10.1126/scitranslmed.add6383,research-article,7,all,bar/group comparison|box/violin,PRIVATE_REFERENCE_ONLY/corpus/PMC9765459/figures/Fig7.jpg,"https://creativecommons.org/licenses/by/4.0/ This is an open-access article distributed under the terms of the Creative Commons Attribution license , which permits unrestricted use, distribution, and reproduction in any medium, provided the original work is properly cited.",yes,caption-based classification
PMC9765459,"Milligan EC, Olstad K, Williams CA, Mallory M, Cano P, Cross KA, Munt JE, Garrido C, Lindesmith L, Watanabe J, Usachenko JL, Hopkins L, Immareddy R, Shaan Lakshmanappa Y, Elizaldi SR, Roh JW, Sammak RL, Pollard RE, Yee JL, Herbek S, Scobey T, Miehlke D, Fouda G, Ferrari G, Gao H, Shen X, Kozlowski PA, Montefiori D, Hudgens MG, Edwards DK, Carfi A, Corbett KS, Graham BS, Fox CB, Tomai M, Iyer SS, Baric R, Reader R, Dittmer DP, Van Rompay KKA, Permar SR, De Paris K.",2023,Science Translational Medicine,Science,10.1126/scitranslmed.add6383,research-article,8,all,scatter/regression,PRIVATE_REFERENCE_ONLY/corpus/PMC9765459/figures/Fig8.jpg,"https://creativecommons.org/licenses/by/4.0/ This is an open-access article distributed under the terms of the Creative Commons Attribution license , which permits unrestricted use, distribution, and reproduction in any medium, provided the original work is properly cited.",partial,caption-based classification
