paper_id,authors,year,journal,journal_family,DOI,article_type,figure_number,panel,plot_family,local_source,license,usable_for_measurement,notes
PMC10791582,Gao L et al.,2024,Nature Cell Biology,Nature-family,10.1038/s41556-023-01317-3,research-article,Fig. 4,c (hiPSC),scatter/regression,/mnt/c/Users/spoudel1/OneDrive - St. Jude Children's Research Hospital/MakeMyFigure_manuscript_final/PRIVATE_REFERENCE_ONLY/Figure2_published_panels/Panel_A_published_figure_full.png; /mnt/c/Users/spoudel1/OneDrive - St. Jude Children's Research Hospital/MakeMyFigure_manuscript_final/PRIVATE_REFERENCE_ONLY/Figure2_published_panels/Panel_A_published_reference_panel.png; /mnt/c/Users/spoudel1/OneDrive - St. Jude Children's Research Hospital/MakeMyFigure_submission_final/03_supplementary_figures/Supplementary_Figure_1_redesign/PRIVATE_REFERENCE_ONLY/untouched_originals/Panel_A_published_figure_full.png; /mnt/c/Users/spoudel1/OneDrive - St. Jude Children's Research Hospital/MakeMyFigure_submission_final/03_supplementary_figures/Supplementary_Figure_1_redesign/published_crops/Panel_A_published_crop.png; /mnt/c/Users/spoudel1/OneDrive - St. Jude Children's Research Hospital/MakeMyFigure_manuscript_final/04_figure_evidence/Figure2/supplementary_comparison/Panel_A_comparison.png; /mnt/c/Users/spoudel1/OneDrive - St. Jude Children's Research Hospital/make_my_plot_task2/manuscriptv3/Figure2/reference_panels/Panel_A/published_figure_full.png; /mnt/c/Users/spoudel1/OneDrive - St. Jude Children's Research Hospital/MakeMyFigure_manuscript_final/04_figure_evidence/Figure2/data/Panel_A/metadata/PMC10791582_fullTextXML.xml; /mnt/c/Users/spoudel1/OneDrive - St. Jude Children's Research Hospital/MakeMyFigure_manuscript_final/04_figure_evidence/Figure2/reference_panels/Panel_A/paper_metadata.json; /mnt/c/Users/spoudel1/OneDrive - St. Jude Children's Research Hospital/MakeMyFigure_manuscript_final/04_figure_evidence/Figure2/data/Panel_A/download_manifest.json; /mnt/c/Users/spoudel1/OneDrive - St. Jude Children's Research Hospital/make_my_plot_task2/manuscriptv3/Figure2/data/Panel_A/raw/41556_2023_1317_MOESM7_ESM.xlsx,"CC BY 4.0 (creativecommons.org/licenses/by/4.0/, from article full-text XML <license>)",yes,"Figure 2a reference. Publisher PNG 2168x1738 + clean crop 870x415 of whole Fig. 4c (both sub-panels, r2 annotations). Best-quality Nature Cell Biology scatter exemplar."
PMC11078746,Ferretti S et al.,2024,Nature,Nature-family,10.1038/s41586-024-07350-y,research-article,Fig. 4,a (left),line/time-course,/mnt/c/Users/spoudel1/OneDrive - St. Jude Children's Research Hospital/MakeMyFigure_manuscript_final/PRIVATE_REFERENCE_ONLY/Figure2_published_panels/Panel_B_published_figure_full.png; /mnt/c/Users/spoudel1/OneDrive - St. Jude Children's Research Hospital/MakeMyFigure_manuscript_final/PRIVATE_REFERENCE_ONLY/Figure2_published_panels/Panel_B_published_reference_panel.png; /mnt/c/Users/spoudel1/OneDrive - St. Jude Children's Research Hospital/MakeMyFigure_submission_final/03_supplementary_figures/Supplementary_Figure_1_redesign/PRIVATE_REFERENCE_ONLY/untouched_originals/Panel_B_published_figure_full.png; /mnt/c/Users/spoudel1/OneDrive - St. Jude Children's Research Hospital/MakeMyFigure_submission_final/03_supplementary_figures/Supplementary_Figure_1_redesign/published_crops/Panel_B_published_crop.png; /mnt/c/Users/spoudel1/OneDrive - St. Jude Children's Research Hospital/MakeMyFigure_manuscript_final/04_figure_evidence/Figure2/supplementary_comparison/Panel_B_comparison.png; /mnt/c/Users/spoudel1/OneDrive - St. Jude Children's Research Hospital/make_my_plot_task2/manuscriptv3/Figure2/reference_panels/Panel_B/published_figure_full.png; /mnt/c/Users/spoudel1/OneDrive - St. Jude Children's Research Hospital/MakeMyFigure_manuscript_final/04_figure_evidence/Figure2/data/Panel_B/metadata/PMC11078746_fullTextXML.xml; /mnt/c/Users/spoudel1/OneDrive - St. Jude Children's Research Hospital/MakeMyFigure_manuscript_final/04_figure_evidence/Figure2/reference_panels/Panel_B/paper_metadata.json; /mnt/c/Users/spoudel1/OneDrive - St. Jude Children's Research Hospital/MakeMyFigure_manuscript_final/04_figure_evidence/Figure2/data/Panel_B/download_manifest.json; /mnt/c/Users/spoudel1/OneDrive - St. Jude Children's Research Hospital/make_my_plot_task2/manuscriptv3/Figure2/data/Panel_B/raw/41586_2024_7350_MOESM4_ESM.xlsx,"CC BY 4.0 (creativecommons.org/licenses/by/4.0/, from article full-text XML <license>)",yes,Figure 2b reference. Publisher PNG 2148x1934 + crop 635x346. Only flagship-Nature panel image in the whole corpus; 5-arm xenograft time course with error bars + legend.
PMC11779630,Link JM et al.,2025,Nature Cancer,Nature-family,10.1038/s43018-024-00881-3,research-article,Fig. 2,h,oncoprint/categorical,/mnt/c/Users/spoudel1/OneDrive - St. Jude Children's Research Hospital/MakeMyFigure_manuscript_final/PRIVATE_REFERENCE_ONLY/Figure2_published_panels/Panel_C_published_figure_full.png; /mnt/c/Users/spoudel1/OneDrive - St. Jude Children's Research Hospital/MakeMyFigure_manuscript_final/PRIVATE_REFERENCE_ONLY/Figure2_published_panels/Panel_C_published_reference_panel.png; /mnt/c/Users/spoudel1/OneDrive - St. Jude Children's Research Hospital/MakeMyFigure_submission_final/03_supplementary_figures/Supplementary_Figure_1_redesign/PRIVATE_REFERENCE_ONLY/untouched_originals/Panel_C_published_figure_full.png; /mnt/c/Users/spoudel1/OneDrive - St. Jude Children's Research Hospital/MakeMyFigure_submission_final/03_supplementary_figures/Supplementary_Figure_1_redesign/published_crops/Panel_C_published_crop.png; /mnt/c/Users/spoudel1/OneDrive - St. Jude Children's Research Hospital/MakeMyFigure_manuscript_final/04_figure_evidence/Figure2/supplementary_comparison/Panel_C_comparison.png; /mnt/c/Users/spoudel1/OneDrive - St. Jude Children's Research Hospital/make_my_plot_task2/manuscriptv3/Figure2/reference_panels/Panel_C/published_figure_full.png; /mnt/c/Users/spoudel1/OneDrive - St. Jude Children's Research Hospital/MakeMyFigure_manuscript_final/04_figure_evidence/Figure2/data/Panel_C/metadata/PMC11779630_fullTextXML.xml; /mnt/c/Users/spoudel1/OneDrive - St. Jude Children's Research Hospital/MakeMyFigure_manuscript_final/04_figure_evidence/Figure2/reference_panels/Panel_C/paper_metadata.json; /mnt/c/Users/spoudel1/OneDrive - St. Jude Children's Research Hospital/MakeMyFigure_manuscript_final/04_figure_evidence/Figure2/data/Panel_C/download_manifest.json; /mnt/c/Users/spoudel1/OneDrive - St. Jude Children's Research Hospital/make_my_plot_task2/manuscriptv3/Figure2/data/Panel_C/raw/43018_2024_881_MOESM3_ESM.xlsx,"CC BY 4.0 (creativecommons.org/licenses/by/4.0/, from article full-text XML <license>)",yes,"Figure 2c reference. Crop 561x487 keeps per-sample bars, oncoprint, per-gene % labels. Stored full Fig. 2 PNG also contains 2a/2g/2i/2j (survival + other families) usable as extra style samples."
PMC11779630,Link JM et al.,2025,Nature Cancer,Nature-family,10.1038/s43018-024-00881-3,research-article,Fig. 2,a (left),survival,/mnt/c/Users/spoudel1/OneDrive - St. Jude Children's Research Hospital/MakeMyFigure_manuscript_final/04_figure_evidence/Figure2/audits/v2_candidate_panel_search.csv; /mnt/c/Users/spoudel1/OneDrive - St. Jude Children's Research Hospital/MakeMyFigure_manuscript_final/PRIVATE_REFERENCE_ONLY/Figure2_published_panels/Panel_C_published_figure_full.png,"CC BY 4.0 (creativecommons.org/licenses/by/4.0/, from article full-text XML <license>)",yes,"Shortlist-reserve panel (not recreated). Visible inside the stored full Fig. 2 publisher PNG, so KM style can still be measured."
PMC12006393,Daugelaite K et al.,2025,Nature Communications,Nature-family,10.1038/s41467-025-58451-9,research-article,Fig. 3,d,heatmap,/mnt/c/Users/spoudel1/OneDrive - St. Jude Children's Research Hospital/MakeMyFigure_manuscript_final/PRIVATE_REFERENCE_ONLY/Figure2_published_panels/Panel_D_published_figure_full.png; /mnt/c/Users/spoudel1/OneDrive - St. Jude Children's Research Hospital/MakeMyFigure_manuscript_final/PRIVATE_REFERENCE_ONLY/Figure2_published_panels/Panel_D_published_reference_panel.png; /mnt/c/Users/spoudel1/OneDrive - St. Jude Children's Research Hospital/MakeMyFigure_submission_final/03_supplementary_figures/Supplementary_Figure_1_redesign/PRIVATE_REFERENCE_ONLY/untouched_originals/Panel_D_published_figure_full.png; /mnt/c/Users/spoudel1/OneDrive - St. Jude Children's Research Hospital/MakeMyFigure_submission_final/03_supplementary_figures/Supplementary_Figure_1_redesign/published_crops/Panel_D_published_crop.png; /mnt/c/Users/spoudel1/OneDrive - St. Jude Children's Research Hospital/MakeMyFigure_manuscript_final/04_figure_evidence/Figure2/supplementary_comparison/Panel_D_comparison.png; /mnt/c/Users/spoudel1/OneDrive - St. Jude Children's Research Hospital/make_my_plot_task2/manuscriptv3/Figure2/reference_panels/Panel_D/published_figure_full.png; /mnt/c/Users/spoudel1/OneDrive - St. Jude Children's Research Hospital/MakeMyFigure_manuscript_final/04_figure_evidence/Figure2/data/Panel_D/metadata/PMC12006393_fullTextXML.xml; /mnt/c/Users/spoudel1/OneDrive - St. Jude Children's Research Hospital/MakeMyFigure_manuscript_final/04_figure_evidence/Figure2/reference_panels/Panel_D/paper_metadata.json; /mnt/c/Users/spoudel1/OneDrive - St. Jude Children's Research Hospital/MakeMyFigure_manuscript_final/04_figure_evidence/Figure2/data/Panel_D/download_manifest.json; /mnt/c/Users/spoudel1/OneDrive - St. Jude Children's Research Hospital/MakeMyFigure_manuscript_final/04_figure_evidence/Figure2/_superseded_2026-09-04/source_data_trace/Panel_D/raw/41467_2025_58451_MOESM15_ESM.xlsx; /mnt/c/Users/spoudel1/OneDrive - St. Jude Children's Research Hospital/MakeMyFigure_manuscript_final/04_figure_evidence/Figure2/_superseded_2026-09-04/reference_panels/PRIVATE_REFERENCE_ONLY/Panel_D/published_figure_full.png,"CC BY 4.0 (creativecommons.org/licenses/by/4.0/, from article full-text XML <license>)",yes,"Figure 2d reference; the only paper/panel kept across both the superseded Nat Commun six and the final cross-journal six. Crop 1060x1402 with dendrogram, tracks, colour bar."
PMC12006393,Daugelaite K et al.,2025,Nature Communications,Nature-family,10.1038/s41467-025-58451-9,research-article,Fig. 2,a,volcano/MA,/mnt/c/Users/spoudel1/OneDrive - St. Jude Children's Research Hospital/MakeMyFigure_manuscript_final/04_figure_evidence/Figure2/audits/candidate_published_panels.csv,CC BY 4.0 (recorded in local metadata/candidate CSV; no local XML),no,MA plot candidate (reserve) from the same article; no panel image stored.
PMC12006393,Daugelaite K et al.,2025,Nature Communications,Nature-family,10.1038/s41467-025-58451-9,research-article,Fig. 3,b,PCA/UMAP,/mnt/c/Users/spoudel1/OneDrive - St. Jude Children's Research Hospital/MakeMyFigure_manuscript_final/04_figure_evidence/Figure2/audits/candidate_published_panels.csv,CC BY 4.0 (recorded in local metadata/candidate CSV; no local XML),no,PCA scores candidate (reserve) from the same article; no panel image stored.
PMC8893321,Secchia S et al.,2022,Developmental Cell,Cell-family,10.1016/j.devcel.2022.01.016,research-article,Figure 1,D,PCA/UMAP,/mnt/c/Users/spoudel1/OneDrive - St. Jude Children's Research Hospital/MakeMyFigure_manuscript_final/PRIVATE_REFERENCE_ONLY/Figure2_published_panels/Panel_E_published_figure_full.png; /mnt/c/Users/spoudel1/OneDrive - St. Jude Children's Research Hospital/MakeMyFigure_manuscript_final/PRIVATE_REFERENCE_ONLY/Figure2_published_panels/Panel_E_published_reference_panel.png; /mnt/c/Users/spoudel1/OneDrive - St. Jude Children's Research Hospital/MakeMyFigure_submission_final/03_supplementary_figures/Supplementary_Figure_1_redesign/PRIVATE_REFERENCE_ONLY/untouched_originals/Panel_E_published_figure_full.png; /mnt/c/Users/spoudel1/OneDrive - St. Jude Children's Research Hospital/MakeMyFigure_submission_final/03_supplementary_figures/Supplementary_Figure_1_redesign/published_crops/Panel_E_published_crop.png; /mnt/c/Users/spoudel1/OneDrive - St. Jude Children's Research Hospital/MakeMyFigure_manuscript_final/04_figure_evidence/Figure2/supplementary_comparison/Panel_E_comparison.png; /mnt/c/Users/spoudel1/OneDrive - St. Jude Children's Research Hospital/make_my_plot_task2/manuscriptv3/Figure2/reference_panels/Panel_E/published_figure_full.png; /mnt/c/Users/spoudel1/OneDrive - St. Jude Children's Research Hospital/MakeMyFigure_manuscript_final/04_figure_evidence/Figure2/data/Panel_E/metadata/PMC8893321_fullTextXML.xml; /mnt/c/Users/spoudel1/OneDrive - St. Jude Children's Research Hospital/MakeMyFigure_manuscript_final/04_figure_evidence/Figure2/reference_panels/Panel_E/paper_metadata.json; /mnt/c/Users/spoudel1/OneDrive - St. Jude Children's Research Hospital/MakeMyFigure_manuscript_final/04_figure_evidence/Figure2/data/Panel_E/download_manifest.json; /mnt/c/Users/spoudel1/OneDrive - St. Jude Children's Research Hospital/MakeMyFigure_submission_final/03_supplementary_figures/Supplementary_Figure_1_redesign/PRIVATE_REFERENCE_ONLY/untouched_originals/Panel_E_published_figure_full_highres_gr1_lrg.jpg; /mnt/c/Users/spoudel1/OneDrive - St. Jude Children's Research Hospital/make_my_plot_task2/manuscriptv3/Figure2/data/Panel_E/raw/mmc2.xlsx,"CC BY 4.0 (creativecommons.org/licenses/by/4.0/, from article full-text XML <license>)",yes,"Figure 2e reference. Only Cell-family (Elsevier) panel with a stored image, and the only publisher full-resolution JPEG (3336x2902, gr1_lrg.jpg) - highest-fidelity source for Cell-press style measurement."
PMC12283384,Milotay G et al.,2025,Nature Medicine,Nature-family,10.1038/s41591-025-03647-1,research-article,Fig. 2,d,survival,/mnt/c/Users/spoudel1/OneDrive - St. Jude Children's Research Hospital/MakeMyFigure_manuscript_final/PRIVATE_REFERENCE_ONLY/Figure2_published_panels/Panel_F_published_figure_full.png; /mnt/c/Users/spoudel1/OneDrive - St. Jude Children's Research Hospital/MakeMyFigure_manuscript_final/PRIVATE_REFERENCE_ONLY/Figure2_published_panels/Panel_F_published_reference_panel.png; /mnt/c/Users/spoudel1/OneDrive - St. Jude Children's Research Hospital/MakeMyFigure_submission_final/03_supplementary_figures/Supplementary_Figure_1_redesign/PRIVATE_REFERENCE_ONLY/untouched_originals/Panel_F_published_figure_full.png; /mnt/c/Users/spoudel1/OneDrive - St. Jude Children's Research Hospital/MakeMyFigure_submission_final/03_supplementary_figures/Supplementary_Figure_1_redesign/published_crops/Panel_F_published_crop.png; /mnt/c/Users/spoudel1/OneDrive - St. Jude Children's Research Hospital/MakeMyFigure_manuscript_final/04_figure_evidence/Figure2/supplementary_comparison/Panel_F_comparison.png; /mnt/c/Users/spoudel1/OneDrive - St. Jude Children's Research Hospital/make_my_plot_task2/manuscriptv3/Figure2/reference_panels/Panel_F/published_figure_full.png; /mnt/c/Users/spoudel1/OneDrive - St. Jude Children's Research Hospital/MakeMyFigure_manuscript_final/04_figure_evidence/Figure2/data/Panel_F/metadata/PMC12283384_fullTextXML.xml; /mnt/c/Users/spoudel1/OneDrive - St. Jude Children's Research Hospital/MakeMyFigure_manuscript_final/04_figure_evidence/Figure2/reference_panels/Panel_F/paper_metadata.json; /mnt/c/Users/spoudel1/OneDrive - St. Jude Children's Research Hospital/MakeMyFigure_manuscript_final/04_figure_evidence/Figure2/data/Panel_F/download_manifest.json; /mnt/c/Users/spoudel1/OneDrive - St. Jude Children's Research Hospital/make_my_plot_task2/manuscriptv3/Figure2/data/Panel_F/raw/41591_2025_3647_MOESM5_ESM.xlsx; /mnt/c/Users/spoudel1/OneDrive - St. Jude Children's Research Hospital/MakeMyFigure_manuscript_final/PRIVATE_REFERENCE_ONLY/Figure2_published_panels/published_figure_full.png,"CC BY 4.0 (creativecommons.org/licenses/by/4.0/, from article full-text XML <license>)",yes,"Figure 2f reference. Crop 854x841 keeps legend, HR/log-rank annotation, number-at-risk table. The unlabelled published_figure_full.png / published_reference_panel.png in the same folder are byte-identical duplicates of Panel_F."
PMC12283384,Milotay G et al.,2025,Nature Medicine,Nature-family,10.1038/s41591-025-03647-1,research-article,Fig. 1,a,box/violin,/mnt/c/Users/spoudel1/OneDrive - St. Jude Children's Research Hospital/MakeMyFigure_manuscript_final/04_figure_evidence/Figure2/audits/v2_candidate_panel_search.csv,CC BY 4.0 (recorded in local metadata/candidate CSV; no local XML),no,Shortlist-reserve box plot (229 patients); no image of Fig. 1 stored.
PMC12283384,Milotay G et al.,2025,Nature Medicine,Nature-family,10.1038/s41591-025-03647-1,research-article,Fig. 3,d,forest,/mnt/c/Users/spoudel1/OneDrive - St. Jude Children's Research Hospital/MakeMyFigure_manuscript_final/04_figure_evidence/Figure2/audits/v2_candidate_panel_search.csv,CC BY 4.0 (recorded in local metadata/candidate CSV; no local XML),no,Shortlist-reserve forest (11 organ-specific ORs); no image of Fig. 3 stored.
PMC12475165,Donahue DA et al.,2025,Nature Communications,Nature-family,10.1038/s41467-025-63392-4,research-article,Fig. 3,c,scatter/regression,/mnt/c/Users/spoudel1/OneDrive - St. Jude Children's Research Hospital/MakeMyFigure_manuscript_final/04_figure_evidence/Figure2/_superseded_2026-09-04/reference_panels/PRIVATE_REFERENCE_ONLY/Panel_A/published_figure_full.png; /mnt/c/Users/spoudel1/OneDrive - St. Jude Children's Research Hospital/MakeMyFigure_manuscript_final/04_figure_evidence/Figure2/_superseded_2026-09-04/reference_panels/PRIVATE_REFERENCE_ONLY/Panel_A/published_reference_panel.png; /mnt/c/Users/spoudel1/OneDrive - St. Jude Children's Research Hospital/make_my_plot_task2/manuscriptv3/_archive/Figure2_natcommun_six_2026-09-08/reference_panels/Panel_A/published_figure_full.png; /mnt/c/Users/spoudel1/OneDrive - St. Jude Children's Research Hospital/MakeMyFigure_manuscript_final/04_figure_evidence/Figure2/_superseded_2026-09-04/source_data_trace/Panel_A/metadata/PMC12475165_fullTextXML.xml; /mnt/c/Users/spoudel1/OneDrive - St. Jude Children's Research Hospital/MakeMyFigure_manuscript_final/04_figure_evidence/Figure2/_superseded_2026-09-04/source_data_trace/Panel_A/raw/41467_2025_63392_MOESM14_ESM.xlsx,"CC BY 4.0 (creativecommons.org/licenses/by/4.0/, from article full-text XML <license>)",yes,"Superseded Figure 2a (Nat Commun six, 2026-09-04). Small-n regression with R2/p annotation."
PMC12350745,Patel N et al.,2025,Nature Communications,Nature-family,10.1038/s41467-025-62517-z,research-article,Fig. 7,D,box/violin,/mnt/c/Users/spoudel1/OneDrive - St. Jude Children's Research Hospital/MakeMyFigure_manuscript_final/04_figure_evidence/Figure2/_superseded_2026-09-04/reference_panels/PRIVATE_REFERENCE_ONLY/Panel_B/published_figure_full.png; /mnt/c/Users/spoudel1/OneDrive - St. Jude Children's Research Hospital/MakeMyFigure_manuscript_final/04_figure_evidence/Figure2/_superseded_2026-09-04/reference_panels/PRIVATE_REFERENCE_ONLY/Panel_B/published_reference_panel.png; /mnt/c/Users/spoudel1/OneDrive - St. Jude Children's Research Hospital/make_my_plot_task2/manuscriptv3/_archive/Figure2_natcommun_six_2026-09-08/reference_panels/Panel_B/published_figure_full.png; /mnt/c/Users/spoudel1/OneDrive - St. Jude Children's Research Hospital/MakeMyFigure_manuscript_final/04_figure_evidence/Figure2/_superseded_2026-09-04/source_data_trace/Panel_B/metadata/PMC12350745_fullTextXML.xml; /mnt/c/Users/spoudel1/OneDrive - St. Jude Children's Research Hospital/MakeMyFigure_manuscript_final/04_figure_evidence/Figure2/_superseded_2026-09-04/source_data_trace/Panel_B/raw/41467_2025_62517_MOESM9_ESM.xlsx,"CC BY 4.0 (creativecommons.org/licenses/by/4.0/, from article full-text XML <license>)",yes,"Superseded Figure 2b. Violin + points, two groups - the only box/violin panel with a stored publisher image in the manuscript corpus."
PMC10646113,Dudek M et al.,2023,Nature Communications,Nature-family,10.1038/s41467-023-42056-1,research-article,Fig. 4,d,volcano/MA,/mnt/c/Users/spoudel1/OneDrive - St. Jude Children's Research Hospital/MakeMyFigure_manuscript_final/04_figure_evidence/Figure2/_superseded_2026-09-04/reference_panels/PRIVATE_REFERENCE_ONLY/Panel_C/published_figure_full.png; /mnt/c/Users/spoudel1/OneDrive - St. Jude Children's Research Hospital/MakeMyFigure_manuscript_final/04_figure_evidence/Figure2/_superseded_2026-09-04/reference_panels/PRIVATE_REFERENCE_ONLY/Panel_C/published_reference_panel.png; /mnt/c/Users/spoudel1/OneDrive - St. Jude Children's Research Hospital/make_my_plot_task2/manuscriptv3/_archive/Figure2_natcommun_six_2026-09-08/reference_panels/Panel_C/published_figure_full.png; /mnt/c/Users/spoudel1/OneDrive - St. Jude Children's Research Hospital/MakeMyFigure_manuscript_final/04_figure_evidence/Figure2/_superseded_2026-09-04/source_data_trace/Panel_C/metadata/PMC10646113_fullTextXML.xml; /mnt/c/Users/spoudel1/OneDrive - St. Jude Children's Research Hospital/MakeMyFigure_manuscript_final/04_figure_evidence/Figure2/_superseded_2026-09-04/source_data_trace/Panel_C/raw/41467_2023_42056_MOESM4_ESM.xlsx,"CC BY 4.0 (creativecommons.org/licenses/by/4.0/, from article full-text XML <license>)",yes,Superseded Figure 2c. Volcano with published thresholds; Fig. 4f of the same article is a second volcano (noted in candidate CSV).
PMC11143299,Lu J et al.,2024,Nature Communications,Nature-family,10.1038/s41467-024-49013-6,research-article,Fig. 2,(single-panel figure),survival,/mnt/c/Users/spoudel1/OneDrive - St. Jude Children's Research Hospital/MakeMyFigure_manuscript_final/04_figure_evidence/Figure2/_superseded_2026-09-04/reference_panels/PRIVATE_REFERENCE_ONLY/Panel_E/published_figure_full.png; /mnt/c/Users/spoudel1/OneDrive - St. Jude Children's Research Hospital/MakeMyFigure_manuscript_final/04_figure_evidence/Figure2/_superseded_2026-09-04/reference_panels/PRIVATE_REFERENCE_ONLY/Panel_E/published_reference_panel.png; /mnt/c/Users/spoudel1/OneDrive - St. Jude Children's Research Hospital/make_my_plot_task2/manuscriptv3/_archive/Figure2_natcommun_six_2026-09-08/reference_panels/Panel_E/published_figure_full.png; /mnt/c/Users/spoudel1/OneDrive - St. Jude Children's Research Hospital/MakeMyFigure_manuscript_final/04_figure_evidence/Figure2/_superseded_2026-09-04/source_data_trace/Panel_E/metadata/PMC11143299_fullTextXML.xml; /mnt/c/Users/spoudel1/OneDrive - St. Jude Children's Research Hospital/MakeMyFigure_manuscript_final/04_figure_evidence/Figure2/_superseded_2026-09-04/source_data_trace/Panel_E/raw/41467_2024_49013_MOESM4_ESM.xlsx,"CC BY 4.0 (creativecommons.org/licenses/by/4.0/, from article full-text XML <license>)",yes,Superseded Figure 2e. RCT Kaplan-Meier with 95% CI bands and risk table.
PMC10275881,Zhou Y et al.,2023,Nature Communications,Nature-family,10.1038/s41467-023-39035-x,research-article,Fig. 5,b,line/time-course,/mnt/c/Users/spoudel1/OneDrive - St. Jude Children's Research Hospital/MakeMyFigure_manuscript_final/04_figure_evidence/Figure2/_superseded_2026-09-04/reference_panels/PRIVATE_REFERENCE_ONLY/Panel_F/published_figure_full.png; /mnt/c/Users/spoudel1/OneDrive - St. Jude Children's Research Hospital/MakeMyFigure_manuscript_final/04_figure_evidence/Figure2/_superseded_2026-09-04/reference_panels/PRIVATE_REFERENCE_ONLY/Panel_F/published_reference_panel.png; /mnt/c/Users/spoudel1/OneDrive - St. Jude Children's Research Hospital/make_my_plot_task2/manuscriptv3/_archive/Figure2_natcommun_six_2026-09-08/reference_panels/Panel_F/published_figure_full.png; /mnt/c/Users/spoudel1/OneDrive - St. Jude Children's Research Hospital/MakeMyFigure_manuscript_final/04_figure_evidence/Figure2/_superseded_2026-09-04/source_data_trace/Panel_F/metadata/PMC10275881_fullTextXML.xml; /mnt/c/Users/spoudel1/OneDrive - St. Jude Children's Research Hospital/MakeMyFigure_manuscript_final/04_figure_evidence/Figure2/_superseded_2026-09-04/source_data_trace/Panel_F/raw/41467_2023_39035_MOESM3_ESM.xlsx,"CC BY 4.0 (creativecommons.org/licenses/by/4.0/, from article full-text XML <license>)",yes,"Superseded Figure 2f. Tumour-growth curves, mean +- SD, four arms."
PMC12638258,You J et al.,2025,Nature Metabolism,Nature-family,10.1038/s42255-025-01371-1,research-article,Fig. 5,a,heatmap,/mnt/c/Users/spoudel1/OneDrive - St. Jude Children's Research Hospital/make_my_plot_task2/manuscriptv3/_archive/Figure2_panelD_natmetab_you_2026-09-08/reference_panels/Panel_D/published_figure_full.png; /mnt/c/Users/spoudel1/OneDrive - St. Jude Children's Research Hospital/make_my_plot_task2/manuscriptv3/_archive/Figure2_panelD_natmetab_you_2026-09-08/reference_panels/Panel_D/published_reference_panel.png; /mnt/c/Users/spoudel1/OneDrive - St. Jude Children's Research Hospital/make_my_plot_task2/manuscriptv3/_archive/Figure2_panelD_natmetab_you_2026-09-08/data/Panel_D/metadata/PMC12638258_fullTextXML.xml; /mnt/c/Users/spoudel1/OneDrive - St. Jude Children's Research Hospital/make_my_plot_task2/manuscriptv3/_archive/Figure2_panelD_natmetab_you_2026-09-08/data/Panel_D/raw/42255_2025_1371_MOESM7_ESM.xlsx,"CC BY 4.0 (creativecommons.org/licenses/by/4.0/, from article full-text XML <license>)",yes,"Reserve panel dropped from Figure 2 on 2026-09-08 at author request; images, XML and workbook all retained. Only Nature Metabolism exemplar."
PMC11802457,Wu Y et al.,2025,Nature Neuroscience,Nature-family,10.1038/s41593-024-01848-4,research-article,Fig. 4,h,bar,/mnt/c/Users/spoudel1/OneDrive - St. Jude Children's Research Hospital/make_my_plot_figure3/manuscriptv3/Figure3/data/published_statistics/PMC11802457_NatNeurosci2025_DG_microglia/metadata/PMC11802457_fullTextXML.xml; /mnt/c/Users/spoudel1/OneDrive - St. Jude Children's Research Hospital/MakeMyFigure_manuscript_final/04_figure_evidence/Figure3/data/published_statistics/PMC11802457_NatNeurosci2025_DG_microglia/metadata/PMC11802457_fullTextXML.xml; /mnt/c/Users/spoudel1/OneDrive - St. Jude Children's Research Hospital/make_my_plot_figure3/manuscriptv3/Figure3/data/published_statistics/PMC11802457_NatNeurosci2025_DG_microglia/raw/41593_2024_1848_MOESM11_ESM.xlsx; /mnt/c/Users/spoudel1/OneDrive - St. Jude Children's Research Hospital/Manuscript_reorganization_091026/06_Source_Data/Figure3_published_data_trace.csv,"CC BY 4.0 (creativecommons.org/licenses/by/4.0/, from article full-text XML <license>)",no,"Figure 3c/6c reference (Welch t, n=6/6/7). source_figure_reference.md: 'figure image not retrievable programmatically' - no image anywhere. Fig. 4i is a second bar/dot analysis in the candidate CSV."
PMC10667107,Wilton DK et al.,2023,Nature Medicine,Nature-family,10.1038/s41591-023-02566-3,research-article,Fig. 6,a,bar,/mnt/c/Users/spoudel1/OneDrive - St. Jude Children's Research Hospital/make_my_plot_figure3/manuscriptv3/Figure3/data/published_statistics/PMC10667107_NatMed2023_HD_CSF_C3/metadata/PMC10667107_fullTextXML.xml; /mnt/c/Users/spoudel1/OneDrive - St. Jude Children's Research Hospital/MakeMyFigure_manuscript_final/04_figure_evidence/Figure3/data/published_statistics/PMC10667107_NatMed2023_HD_CSF_C3/metadata/PMC10667107_fullTextXML.xml; /mnt/c/Users/spoudel1/OneDrive - St. Jude Children's Research Hospital/make_my_plot_figure3/manuscriptv3/Figure3/data/published_statistics/PMC10667107_NatMed2023_HD_CSF_C3/raw/41591_2023_2566_MOESM11_ESM.xlsx; /mnt/c/Users/spoudel1/OneDrive - St. Jude Children's Research Hospital/Manuscript_reorganization_091026/06_Source_Data/Figure3_published_data_trace.csv,"CC BY 4.0 (creativecommons.org/licenses/by/4.0/, from article full-text XML <license>)",no,"Figure 3d/6d reference (Kruskal-Wallis + Dunn, n=13/18/32). No figure image stored."
PMC10667107,Wilton DK et al.,2023,Nature Medicine,Nature-family,10.1038/s41591-023-02566-3,research-article,Fig. 6,c; d,scatter/regression,/mnt/c/Users/spoudel1/OneDrive - St. Jude Children's Research Hospital/make_my_plot_figure3/manuscriptv3/Figure3/audit/published_statistics_candidate_search.csv; /mnt/c/Users/spoudel1/OneDrive - St. Jude Children's Research Hospital/make_my_plot_figure3/manuscriptv3/Figure3/audit/candidate_evidence/D1_PMC10667107.md,"CC BY 4.0 (creativecommons.org/licenses/by/4.0/, from article full-text XML <license>)",no,"Spearman correlation sub-panels of the same figure, recorded in the candidate list but not recreated; no image."
PMC12652319,Lucero K et al.,2025,Science Advances,Science-family,10.1126/sciadv.ady5507,research-article,Fig. 4,A,volcano/MA,/mnt/c/Users/spoudel1/OneDrive - St. Jude Children's Research Hospital/make_my_plot_figure3/manuscriptv3/Figure3/data/published_DE/PMC12652319_SciAdv2025_CTCF/metadata/PMC12652319_fullTextXML.xml; /mnt/c/Users/spoudel1/OneDrive - St. Jude Children's Research Hospital/MakeMyFigure_manuscript_final/06_references/source_papers/PMC12652319_fullTextXML.xml; /mnt/c/Users/spoudel1/OneDrive - St. Jude Children's Research Hospital/make_my_plot_figure3/manuscriptv3/Figure3/data/published_DE/PMC12652319_SciAdv2025_CTCF/raw/ady5507_table_s4.xlsx,"CC BY 4.0 (creativecommons.org/licenses/by/4.0/, from article full-text XML <license>)",no,Figure 3e/6e reference (volcano of published DESeq2). Only Science-family article in the used set and it has NO image - Supplementary Fig. 3 uses a citation placeholder for it. fig. S8A is a second volcano.
PMC11233636,Till JE et al.,2024,Nature Communications,Nature-family,10.1038/s41467-024-49915-5,research-article,Fig. 2,A,survival,/mnt/c/Users/spoudel1/OneDrive - St. Jude Children's Research Hospital/MakeMyFigure_manuscript_final/PRIVATE_REFERENCE_ONLY/Figure3_published_panels/PMC11233636_NatCommun2024_ctKRAS__published_reference_panel.png; /mnt/c/Users/spoudel1/OneDrive - St. Jude Children's Research Hospital/make_my_plot_figure3/manuscriptv3/Figure3/reference_panels/published_survival_or_effect/PMC11233636_NatCommun2024_ctKRAS/published_reference_panel.png; /mnt/c/Users/spoudel1/OneDrive - St. Jude Children's Research Hospital/make_my_plot_figure3/manuscriptv3/Figure3/data/published_survival_or_effect/PMC11233636_NatCommun2024_ctKRAS/metadata/PMC11233636_fullTextXML.xml; /mnt/c/Users/spoudel1/OneDrive - St. Jude Children's Research Hospital/make_my_plot_figure3/manuscriptv3/Figure3/data/published_survival_or_effect/PMC11233636_NatCommun2024_ctKRAS/raw/41467_2024_49915_MOESM4_ESM.xlsx,"CC BY 4.0 (creativecommons.org/licenses/by/4.0/, from article full-text XML <license>)",yes,"Figure 3f/6f reference. Stored PNG is the WHOLE published Fig. 2 (panels A-D, all KM) at 57 kB - four survival panels measurable from one image."
PMC12125367,Schwaemmle H et al.,2025,Nature Communications,Nature-family,10.1038/s41467-025-60424-x,research-article,Fig. 5,d,volcano/MA,/mnt/c/Users/spoudel1/OneDrive - St. Jude Children's Research Hospital/MakeMyFigure_manuscript_final/PRIVATE_REFERENCE_ONLY/Figure3_published_panels/PMC12125367_NatCommun2025_SWI-SNF__published_reference_panel.png; /mnt/c/Users/spoudel1/OneDrive - St. Jude Children's Research Hospital/make_my_plot_figure3/manuscriptv3/Figure3/reference_panels/published_DE/PMC12125367_NatCommun2025_SWI-SNF/published_reference_panel.png; /mnt/c/Users/spoudel1/OneDrive - St. Jude Children's Research Hospital/make_my_plot_figure3/manuscriptv3/Figure3/data/published_DE/PMC12125367_NatCommun2025_SWI-SNF/metadata/PMC12125367_fullTextXML.xml; /mnt/c/Users/spoudel1/OneDrive - St. Jude Children's Research Hospital/make_my_plot_figure3/manuscriptv3/Figure3/data/published_DE/PMC12125367_NatCommun2025_SWI-SNF/raw/41467_2025_60424_MOESM6_ESM.xlsx,"CC BY 4.0 (creativecommons.org/licenses/by/4.0/, from article full-text XML <license>)",yes,Retired from the main figure at v3; now Supplementary Fig. 3.2e. Stored PNG is the whole published Fig. 5 (474 kB) so both 5d and 5e are measurable.
PMC12125367,Schwaemmle H et al.,2025,Nature Communications,Nature-family,10.1038/s41467-025-60424-x,research-article,Fig. 5,e,volcano/MA,/mnt/c/Users/spoudel1/OneDrive - St. Jude Children's Research Hospital/MakeMyFigure_manuscript_final/PRIVATE_REFERENCE_ONLY/Figure3_published_panels/PMC12125367_NatCommun2025_SWI-SNF__published_reference_panel.png; /mnt/c/Users/spoudel1/OneDrive - St. Jude Children's Research Hospital/make_my_plot_figure3/manuscriptv3/Figure3/data/published_DE/PMC12125367_NatCommun2025_SWI-SNF/processed/m6Aseq_KO_vs_NT_DESeq2.csv,"CC BY 4.0 (creativecommons.org/licenses/by/4.0/, from article full-text XML <license>)",yes,MA plot in the same stored Fig. 5 image.
PMC11879047,English L et al.,2025,Nucleic Acids Research,other,10.1093/nar/gkae1223,research-article,Fig. 3,A (2 h / 6 h / 24 h),volcano/MA,/mnt/c/Users/spoudel1/OneDrive - St. Jude Children's Research Hospital/make_my_plot_figure3/manuscriptv3/Figure3/data/published_DE/PMC11879047_NAR2025_HDAC1/metadata/PMC11879047_fullTextXML.xml; /mnt/c/Users/spoudel1/OneDrive - St. Jude Children's Research Hospital/MakeMyFigure_manuscript_final/06_references/source_papers/PMC11879047_fullTextXML.xml; /mnt/c/Users/spoudel1/OneDrive - St. Jude Children's Research Hospital/make_my_plot_figure3/manuscriptv3/Figure3/data/published_DE/PMC11879047_NAR2025_HDAC1/raw/Table S3 .xlsx,"CC BY 4.0 (creativecommons.org/licenses/by/4.0/, from article full-text XML <license>)",no,Only Nucleic Acids Research / non-Nature-non-Cell article with a local XML; used for DE count reconciliation only. No image (source_figure_reference.md: 'no image URL').
PMC12527911,Boada-Romero E et al.,2025,Nature Cell Biology,Nature-family,10.1038/s41556-025-01749-z,research-article (no local XML),n/a,n/a,other,/mnt/c/Users/spoudel1/OneDrive - St. Jude Children's Research Hospital/make_my_plot/benchmarks/r_validation/source_publication_audit.md; /mnt/c/Users/spoudel1/OneDrive - St. Jude Children's Research Hospital/make_my_plot/benchmarks/r_validation/benchmark_manifest.json,"CC BY-NC-ND 4.0 (Crossref license URL, recorded in local audit)",no,Data-only reference (GEO GSE299655 counts). Audit states no figure/text/supplementary artefact is reproduced. Excluded from any figure reuse by licence.
no PMCID recorded,"Gorman KB, Williams TD, Fraser WR",2014,PLoS ONE,other,10.1371/journal.pone.0090081,unknown (no local XML),Fig 3 (pone.0090081.g003),whole figure,scatter/regression,/mnt/c/Users/spoudel1/OneDrive - St. Jude Children's Research Hospital/make_my_plot/benchmarks/ten_publication_recreation/publications/gorman2014_penguins/reference_figures/gorman2014_penguins/reference_panel.png; /mnt/c/Users/spoudel1/OneDrive - St. Jude Children's Research Hospital/make_my_plot/benchmarks/ten_publication_recreation/publications/gorman2014_penguins/reference_figures/gorman2014_penguins/crop_metadata.json; /mnt/c/Users/spoudel1/OneDrive - St. Jude Children's Research Hospital/make_my_plot/benchmarks/ten_publication_recreation/publications/gorman2014_penguins/reference_figures/gorman2014_penguins/license.txt; /mnt/c/Users/spoudel1/OneDrive - St. Jude Children's Research Hospital/make_my_plot/benchmarks/ten_publication_recreation/publications/gorman2014_penguins/source/paper_metadata.json; /mnt/c/Users/spoudel1/OneDrive - St. Jude Children's Research Hospital/make_my_plot/benchmarks/ten_publication_recreation/publications/gorman2014_penguins/source/figure_targets.md; /mnt/c/Users/spoudel1/OneDrive - St. Jude Children's Research Hospital/make_my_plot/benchmarks/ten_publication_recreation/publications/gorman2014_penguins/raw_data/penguins_raw.csv; /mnt/c/Users/spoudel1/OneDrive - St. Jude Children's Research Hospital/make_my_plot/benchmarks/ten_publication_recreation/side_by_side/gorman2014_penguins.png ; mirrored byte-identically at /mnt/c/Users/spoudel1/OneDrive - St. Jude Children's Research Hospital/make_my_plot_figure4/benchmarks/ten_publication_recreation and /mnt/c/Users/spoudel1/OneDrive - St. Jude Children's Research Hospital/make_my_plot_figure5/benchmarks/ten_publication_recreation,CC BY 4.0 (license.txt: 'CC BY 4.0 (https://creativecommons.org/licenses/by/4.0/)'; no local XML); data CC0 1.0 (palmerpenguins),yes,"Full uncropped published figure (296 kB PNG). Same data feeds Figure 4a/4c-A and Figure 5a-d,f. Local license_notes.md wrongly claims no figure image is stored."
no PMCID recorded,"Thommen A, Werner S, Frank O, Philipp J, et al.",2019,eLife,other,10.7554/eLife.38187,unknown (no local XML),Figure 1,B,scatter/regression,/mnt/c/Users/spoudel1/OneDrive - St. Jude Children's Research Hospital/make_my_plot/benchmarks/ten_publication_recreation/publications/thommen2019_planaria/reference_figures/thommen2019_planaria/reference_panel.png; /mnt/c/Users/spoudel1/OneDrive - St. Jude Children's Research Hospital/make_my_plot/benchmarks/ten_publication_recreation/publications/thommen2019_planaria/reference_figures/thommen2019_planaria/crop_metadata.json; /mnt/c/Users/spoudel1/OneDrive - St. Jude Children's Research Hospital/make_my_plot/benchmarks/ten_publication_recreation/publications/thommen2019_planaria/reference_figures/thommen2019_planaria/license.txt; /mnt/c/Users/spoudel1/OneDrive - St. Jude Children's Research Hospital/make_my_plot/benchmarks/ten_publication_recreation/publications/thommen2019_planaria/source/paper_metadata.json; /mnt/c/Users/spoudel1/OneDrive - St. Jude Children's Research Hospital/make_my_plot/benchmarks/ten_publication_recreation/publications/thommen2019_planaria/source/figure_targets.md; /mnt/c/Users/spoudel1/OneDrive - St. Jude Children's Research Hospital/make_my_plot/benchmarks/ten_publication_recreation/publications/thommen2019_planaria/raw_data/elife-38187-fig1-data1.csv; /mnt/c/Users/spoudel1/OneDrive - St. Jude Children's Research Hospital/make_my_plot/benchmarks/ten_publication_recreation/side_by_side/thommen2019_planaria.png ; mirrored byte-identically at /mnt/c/Users/spoudel1/OneDrive - St. Jude Children's Research Hospital/make_my_plot_figure4/benchmarks/ten_publication_recreation and /mnt/c/Users/spoudel1/OneDrive - St. Jude Children's Research Hospital/make_my_plot_figure5/benchmarks/ten_publication_recreation,CC BY 4.0 (license.txt: 'CC BY 4.0 (https://creativecommons.org/licenses/by/4.0/)'; no local XML) (verified against eLife API copyright.license = CC-BY-4.0),yes,Log-log allometry panel crop (box fractions 0/0.335/0.455/0.625).
no PMCID recorded,"Guo W, Zhu L, Zhu R, Chen Q, et al.",2019,eLife,other,10.7554/eLife.44310,unknown (no local XML),Figure 2,A,other,/mnt/c/Users/spoudel1/OneDrive - St. Jude Children's Research Hospital/make_my_plot/benchmarks/ten_publication_recreation/publications/guo2019_melanoma_roc/reference_figures/guo2019_melanoma_roc/reference_panel.png; /mnt/c/Users/spoudel1/OneDrive - St. Jude Children's Research Hospital/make_my_plot/benchmarks/ten_publication_recreation/publications/guo2019_melanoma_roc/reference_figures/guo2019_melanoma_roc/crop_metadata.json; /mnt/c/Users/spoudel1/OneDrive - St. Jude Children's Research Hospital/make_my_plot/benchmarks/ten_publication_recreation/publications/guo2019_melanoma_roc/reference_figures/guo2019_melanoma_roc/license.txt; /mnt/c/Users/spoudel1/OneDrive - St. Jude Children's Research Hospital/make_my_plot/benchmarks/ten_publication_recreation/publications/guo2019_melanoma_roc/source/paper_metadata.json; /mnt/c/Users/spoudel1/OneDrive - St. Jude Children's Research Hospital/make_my_plot/benchmarks/ten_publication_recreation/publications/guo2019_melanoma_roc/source/figure_targets.md; /mnt/c/Users/spoudel1/OneDrive - St. Jude Children's Research Hospital/make_my_plot/benchmarks/ten_publication_recreation/publications/guo2019_melanoma_roc/raw_data/elife-44310-fig2-data1-training.csv ; mirrored byte-identically at /mnt/c/Users/spoudel1/OneDrive - St. Jude Children's Research Hospital/make_my_plot_figure4/benchmarks/ten_publication_recreation and /mnt/c/Users/spoudel1/OneDrive - St. Jude Children's Research Hospital/make_my_plot_figure5/benchmarks/ten_publication_recreation,CC BY 4.0 (license.txt: 'CC BY 4.0 (https://creativecommons.org/licenses/by/4.0/)'; no local XML),yes,"ROC curve (diagnostic-curve family, not in the requested taxonomy). Top-left quadrant crop of a 4-panel figure."
no PMCID recorded,"Guo W, Zhu L, Zhu R, Chen Q, et al.",2019,eLife,other,10.7554/eLife.44310,unknown (no local XML),Figure 2,C,survival,/mnt/c/Users/spoudel1/OneDrive - St. Jude Children's Research Hospital/make_my_plot/benchmarks/ten_publication_recreation/publications/guo2019_melanoma_methylation/reference_figures/guo2019_melanoma_methylation/reference_panel.png; /mnt/c/Users/spoudel1/OneDrive - St. Jude Children's Research Hospital/make_my_plot/benchmarks/ten_publication_recreation/publications/guo2019_melanoma_methylation/reference_figures/guo2019_melanoma_methylation/crop_metadata.json; /mnt/c/Users/spoudel1/OneDrive - St. Jude Children's Research Hospital/make_my_plot/benchmarks/ten_publication_recreation/publications/guo2019_melanoma_methylation/reference_figures/guo2019_melanoma_methylation/license.txt; /mnt/c/Users/spoudel1/OneDrive - St. Jude Children's Research Hospital/make_my_plot/benchmarks/ten_publication_recreation/publications/guo2019_melanoma_methylation/source/paper_metadata.json; /mnt/c/Users/spoudel1/OneDrive - St. Jude Children's Research Hospital/make_my_plot/benchmarks/ten_publication_recreation/publications/guo2019_melanoma_methylation/source/figure_targets.md; /mnt/c/Users/spoudel1/OneDrive - St. Jude Children's Research Hospital/make_my_plot/benchmarks/ten_publication_recreation/publications/guo2019_melanoma_methylation/raw_data/elife-44310-fig2-data3.csv; /mnt/c/Users/spoudel1/OneDrive - St. Jude Children's Research Hospital/make_my_plot/benchmarks/ten_publication_recreation/side_by_side/guo2019_melanoma_methylation.png ; mirrored byte-identically at /mnt/c/Users/spoudel1/OneDrive - St. Jude Children's Research Hospital/make_my_plot_figure4/benchmarks/ten_publication_recreation and /mnt/c/Users/spoudel1/OneDrive - St. Jude Children's Research Hospital/make_my_plot_figure5/benchmarks/ten_publication_recreation,CC BY 4.0 (license.txt: 'CC BY 4.0 (https://creativecommons.org/licenses/by/4.0/)'; no local XML),yes,"KM with censoring ticks, GEO GSE51547 n=47. Also the data source for Figure 4c-C and Figure 5b-d,f."
no PMCID recorded,"Kume M, Koguchi-Yoshioka H, Nakai S, et al.",2024,eLife (Reviewed Preprint RP97654),other,10.7554/eLife.97654,unknown (no local XML),Figure 5,A,volcano/MA,/mnt/c/Users/spoudel1/OneDrive - St. Jude Children's Research Hospital/make_my_plot/benchmarks/ten_publication_recreation/publications/kume2024_psoriasis_semaphorin/reference_figures/kume2024_psoriasis_semaphorin/reference_panel.png; /mnt/c/Users/spoudel1/OneDrive - St. Jude Children's Research Hospital/make_my_plot/benchmarks/ten_publication_recreation/publications/kume2024_psoriasis_semaphorin/reference_figures/kume2024_psoriasis_semaphorin/crop_metadata.json; /mnt/c/Users/spoudel1/OneDrive - St. Jude Children's Research Hospital/make_my_plot/benchmarks/ten_publication_recreation/publications/kume2024_psoriasis_semaphorin/reference_figures/kume2024_psoriasis_semaphorin/license.txt; /mnt/c/Users/spoudel1/OneDrive - St. Jude Children's Research Hospital/make_my_plot/benchmarks/ten_publication_recreation/publications/kume2024_psoriasis_semaphorin/source/paper_metadata.json; /mnt/c/Users/spoudel1/OneDrive - St. Jude Children's Research Hospital/make_my_plot/benchmarks/ten_publication_recreation/publications/kume2024_psoriasis_semaphorin/source/figure_targets.md; /mnt/c/Users/spoudel1/OneDrive - St. Jude Children's Research Hospital/make_my_plot/benchmarks/ten_publication_recreation/publications/kume2024_psoriasis_semaphorin/raw_data/elife-97654-fig5A-source.csv ; mirrored byte-identically at /mnt/c/Users/spoudel1/OneDrive - St. Jude Children's Research Hospital/make_my_plot_figure4/benchmarks/ten_publication_recreation and /mnt/c/Users/spoudel1/OneDrive - St. Jude Children's Research Hospital/make_my_plot_figure5/benchmarks/ten_publication_recreation,CC BY 4.0 (license.txt: 'CC BY 4.0 (https://creativecommons.org/licenses/by/4.0/)'; no local XML),yes,"Volcano crop (0/0/0.44/0.285 of a 6-panel figure), 9,999 genes."
no PMCID recorded,"Kume M, Koguchi-Yoshioka H, Nakai S, et al.",2024,eLife (Reviewed Preprint RP97654),other,10.7554/eLife.97654,unknown (no local XML),Figure 5,C (KRT16 sub-panel),dot/bubble,/mnt/c/Users/spoudel1/OneDrive - St. Jude Children's Research Hospital/make_my_plot/benchmarks/ten_publication_recreation/publications/kume2024_keratin_dotplot/reference_figures/kume2024_keratin_dotplot/reference_panel.png; /mnt/c/Users/spoudel1/OneDrive - St. Jude Children's Research Hospital/make_my_plot/benchmarks/ten_publication_recreation/publications/kume2024_keratin_dotplot/reference_figures/kume2024_keratin_dotplot/crop_metadata.json; /mnt/c/Users/spoudel1/OneDrive - St. Jude Children's Research Hospital/make_my_plot/benchmarks/ten_publication_recreation/publications/kume2024_keratin_dotplot/reference_figures/kume2024_keratin_dotplot/license.txt; /mnt/c/Users/spoudel1/OneDrive - St. Jude Children's Research Hospital/make_my_plot/benchmarks/ten_publication_recreation/publications/kume2024_keratin_dotplot/source/paper_metadata.json; /mnt/c/Users/spoudel1/OneDrive - St. Jude Children's Research Hospital/make_my_plot/benchmarks/ten_publication_recreation/publications/kume2024_keratin_dotplot/source/figure_targets.md; /mnt/c/Users/spoudel1/OneDrive - St. Jude Children's Research Hospital/make_my_plot/benchmarks/ten_publication_recreation/publications/kume2024_keratin_dotplot/raw_data/elife-97654-fig5-data1-v1.xlsx ; mirrored byte-identically at /mnt/c/Users/spoudel1/OneDrive - St. Jude Children's Research Hospital/make_my_plot_figure4/benchmarks/ten_publication_recreation and /mnt/c/Users/spoudel1/OneDrive - St. Jude Children's Research Hospital/make_my_plot_figure5/benchmarks/ten_publication_recreation,CC BY 4.0 (license.txt: 'CC BY 4.0 (https://creativecommons.org/licenses/by/4.0/)'; no local XML),yes,"Dot-strip with mean+-SD, n=38 Ctl / 27 NL; also Figure 4c-D. WARNING: the two Kume entries record different titles and author lists for the same DOI."
no PMCID recorded,"Liu L, He G-J, Chen L, Zheng J, et al.",2018,eLife,other,10.7554/eLife.38683,unknown (no local XML),Figure 2,A,box/violin,/mnt/c/Users/spoudel1/OneDrive - St. Jude Children's Research Hospital/make_my_plot/benchmarks/ten_publication_recreation/publications/liu2018_cryptococcus_meiosis/reference_figures/liu2018_cryptococcus_meiosis/reference_panel.png; /mnt/c/Users/spoudel1/OneDrive - St. Jude Children's Research Hospital/make_my_plot/benchmarks/ten_publication_recreation/publications/liu2018_cryptococcus_meiosis/reference_figures/liu2018_cryptococcus_meiosis/crop_metadata.json; /mnt/c/Users/spoudel1/OneDrive - St. Jude Children's Research Hospital/make_my_plot/benchmarks/ten_publication_recreation/publications/liu2018_cryptococcus_meiosis/reference_figures/liu2018_cryptococcus_meiosis/license.txt; /mnt/c/Users/spoudel1/OneDrive - St. Jude Children's Research Hospital/make_my_plot/benchmarks/ten_publication_recreation/publications/liu2018_cryptococcus_meiosis/source/paper_metadata.json; /mnt/c/Users/spoudel1/OneDrive - St. Jude Children's Research Hospital/make_my_plot/benchmarks/ten_publication_recreation/publications/liu2018_cryptococcus_meiosis/source/figure_targets.md; /mnt/c/Users/spoudel1/OneDrive - St. Jude Children's Research Hospital/make_my_plot/benchmarks/ten_publication_recreation/publications/liu2018_cryptococcus_meiosis/raw_data/elife-38683-fig2-data1-v2.xlsx ; mirrored byte-identically at /mnt/c/Users/spoudel1/OneDrive - St. Jude Children's Research Hospital/make_my_plot_figure4/benchmarks/ten_publication_recreation and /mnt/c/Users/spoudel1/OneDrive - St. Jude Children's Research Hospital/make_my_plot_figure5/benchmarks/ten_publication_recreation,CC BY 4.0 (license.txt: 'CC BY 4.0 (https://creativecommons.org/licenses/by/4.0/)'; no local XML),yes,"Violins, 5 strains x 2 conditions, n=150 each; crop 0/0/0.57/0.34 of 4252x3679. Also Figure 4c-B."
no PMCID recorded,"Penha RCC, Smith-Byrne K, Atkins JR, et al.",2023,eLife,other,10.7554/eLife.83118,unknown (no local XML),Figure 2,whole figure (single panel),forest,/mnt/c/Users/spoudel1/OneDrive - St. Jude Children's Research Hospital/make_my_plot/benchmarks/ten_publication_recreation/publications/penha2023_telomere_lungcancer/reference_figures/penha2023_telomere_lungcancer/reference_panel.png; /mnt/c/Users/spoudel1/OneDrive - St. Jude Children's Research Hospital/make_my_plot/benchmarks/ten_publication_recreation/publications/penha2023_telomere_lungcancer/reference_figures/penha2023_telomere_lungcancer/crop_metadata.json; /mnt/c/Users/spoudel1/OneDrive - St. Jude Children's Research Hospital/make_my_plot/benchmarks/ten_publication_recreation/publications/penha2023_telomere_lungcancer/reference_figures/penha2023_telomere_lungcancer/license.txt; /mnt/c/Users/spoudel1/OneDrive - St. Jude Children's Research Hospital/make_my_plot/benchmarks/ten_publication_recreation/publications/penha2023_telomere_lungcancer/source/paper_metadata.json; /mnt/c/Users/spoudel1/OneDrive - St. Jude Children's Research Hospital/make_my_plot/benchmarks/ten_publication_recreation/publications/penha2023_telomere_lungcancer/source/figure_targets.md; /mnt/c/Users/spoudel1/OneDrive - St. Jude Children's Research Hospital/make_my_plot/benchmarks/ten_publication_recreation/publications/penha2023_telomere_lungcancer/processed_data/ltl_lungcancer_mr_or.csv ; mirrored byte-identically at /mnt/c/Users/spoudel1/OneDrive - St. Jude Children's Research Hospital/make_my_plot_figure4/benchmarks/ten_publication_recreation and /mnt/c/Users/spoudel1/OneDrive - St. Jude Children's Research Hospital/make_my_plot_figure5/benchmarks/ten_publication_recreation,CC BY 4.0 (license.txt: 'CC BY 4.0 (https://creativecommons.org/licenses/by/4.0/)'; no local XML),yes,Only forest-plot IMAGE in the entire local corpus. No source-data file: the 6 OR/95%CI rows were transcribed from the published image.
no PMCID recorded (PMID 37155670),"Osipovich AB, Dudek KD, Trinh LT, et al.",2023,PLOS Genetics,other,10.1371/journal.pgen.1010729,unknown (no local XML),none (S2 Table only),n/a,volcano/MA,/mnt/c/Users/spoudel1/OneDrive - St. Jude Children's Research Hospital/make_my_plot/benchmarks/ten_publication_recreation/publications/osipovich2023_zfp92_islet/provenance.json; /mnt/c/Users/spoudel1/OneDrive - St. Jude Children's Research Hospital/make_my_plot/benchmarks/ten_publication_recreation/publications/osipovich2023_zfp92_islet/raw_data/pgen.1010729.s012.xlsx; /mnt/c/Users/spoudel1/OneDrive - St. Jude Children's Research Hospital/make_my_plot_figure5/manuscriptv3/Figure5/data/platform_tests/zfp92_ko_vs_wt_deseq2.provenance.json; /mnt/c/Users/spoudel1/OneDrive - St. Jude Children's Research Hospital/Manuscript_reorganization_091026/05_Extended_Validation/tables/Extended_Table_08.csv,"CC BY 4.0 ('(c) 2023 Osipovich et al. ... Creative Commons Attribution License', recorded in provenance.json)",no,"DESeq2 table only, used as the zfp92 volcano input for Figure 5a-d,f and as an input-format fixture. Provenance explicitly states 'no published figure image is redistributed'. Orphan entry: absent from the benchmark manifest."
"n/a (dataset, not a paper)",Gapminder Foundation,2007,gapminder.org,other,none,n/a,n/a,n/a,scatter/regression,/mnt/c/Users/spoudel1/OneDrive - St. Jude Children's Research Hospital/make_my_plot_figure4/manuscriptv3/Figure4/data/dataset_B/gapminder_2007.csv; /mnt/c/Users/spoudel1/OneDrive - St. Jude Children's Research Hospital/make_my_plot/benchmarks/publication_recreation/datasets/gapminder/provenance.json,CC BY 4.0 (gapminder.org free material),no,Figure 4b preset-reuse dataset. Not a publication; listed only so the Figure 4 data provenance is complete.
no PMCID recorded,Keller BA et al. (Vitessce),2024,Nature Methods,Nature-family,10.1038/s41592-024-02436-x,unknown (not recorded locally),main view-config figure,whole figure,other,/mnt/c/Users/spoudel1/OneDrive - St. Jude Children's Research Hospital/make_my_plot_figure4/manuscriptv3/Figure4/audit/high_impact_figure_design_notes.md; /mnt/c/Users/spoudel1/OneDrive - St. Jude Children's Research Hospital/MakeMyFigure_manuscript_final/04_figure_evidence/Figure4/audit/high_impact_figure_design_notes.md,unknown (not recorded locally),no,"Figure 4 layout/design reference (high_impact_figure_design_notes.md). DOI-only citation: no image, no XML, no licence recorded locally."
no PMCID recorded,L'Yi S et al. (Chromoscope),2023,Nature Methods,Nature-family,10.1038/s41592-023-02056-x,unknown (not recorded locally),overview figure,whole figure,other,/mnt/c/Users/spoudel1/OneDrive - St. Jude Children's Research Hospital/make_my_plot_figure4/manuscriptv3/Figure4/audit/high_impact_figure_design_notes.md; /mnt/c/Users/spoudel1/OneDrive - St. Jude Children's Research Hospital/MakeMyFigure_manuscript_final/04_figure_evidence/Figure4/audit/high_impact_figure_design_notes.md,unknown (not recorded locally),no,"Figure 4 layout/design reference (high_impact_figure_design_notes.md). DOI-only citation: no image, no XML, no licence recorded locally."
no PMCID recorded,Kerpedjiev P et al. (HiGlass),2018,Genome Biology,other,10.1186/s13059-018-1486-1,unknown (not recorded locally),view-configuration figure,whole figure,heatmap,/mnt/c/Users/spoudel1/OneDrive - St. Jude Children's Research Hospital/make_my_plot_figure4/manuscriptv3/Figure4/audit/high_impact_figure_design_notes.md; /mnt/c/Users/spoudel1/OneDrive - St. Jude Children's Research Hospital/MakeMyFigure_manuscript_final/04_figure_evidence/Figure4/audit/high_impact_figure_design_notes.md,unknown (not recorded locally),no,"Figure 4 layout/design reference (high_impact_figure_design_notes.md). DOI-only citation: no image, no XML, no licence recorded locally."
no PMCID recorded,Satyanarayan A et al. (Vega-Lite),2017,IEEE TVCG,other,10.1109/TVCG.2016.2599030,unknown (not recorded locally),spec-to-chart examples,multiple,other,/mnt/c/Users/spoudel1/OneDrive - St. Jude Children's Research Hospital/make_my_plot_figure4/manuscriptv3/Figure4/audit/high_impact_figure_design_notes.md; /mnt/c/Users/spoudel1/OneDrive - St. Jude Children's Research Hospital/MakeMyFigure_manuscript_final/04_figure_evidence/Figure4/audit/high_impact_figure_design_notes.md,unknown (not recorded locally),no,"Figure 4 layout/design reference (high_impact_figure_design_notes.md). DOI-only citation: no image, no XML, no licence recorded locally."
no PMCID recorded,L'Yi S et al. (Gosling),2022,IEEE TVCG,other,10.1109/TVCG.2021.3114876,unknown (not recorded locally),grammar/spec gallery,multiple,other,/mnt/c/Users/spoudel1/OneDrive - St. Jude Children's Research Hospital/make_my_plot_figure4/manuscriptv3/Figure4/audit/high_impact_figure_design_notes.md; /mnt/c/Users/spoudel1/OneDrive - St. Jude Children's Research Hospital/MakeMyFigure_manuscript_final/04_figure_evidence/Figure4/audit/high_impact_figure_design_notes.md,unknown (not recorded locally),no,"Figure 4 layout/design reference (high_impact_figure_design_notes.md). DOI-only citation: no image, no XML, no licence recorded locally."
no PMCID recorded,Galaxy Community,2024,Nucleic Acids Research,other,10.1093/nar/gkae410,unknown (not recorded locally),workflow/history provenance figure,whole figure,other,/mnt/c/Users/spoudel1/OneDrive - St. Jude Children's Research Hospital/make_my_plot_figure4/manuscriptv3/Figure4/audit/high_impact_figure_design_notes.md; /mnt/c/Users/spoudel1/OneDrive - St. Jude Children's Research Hospital/MakeMyFigure_manuscript_final/04_figure_evidence/Figure4/audit/high_impact_figure_design_notes.md,unknown (not recorded locally),no,"Figure 4 layout/design reference (high_impact_figure_design_notes.md). DOI-only citation: no image, no XML, no licence recorded locally."
no PMCID recorded,Di Tommaso P et al. (Nextflow),2017,Nature Biotechnology,Nature-family,10.1038/nbt.3820,unknown (not recorded locally),reproducibility comparison figure,whole figure,other,/mnt/c/Users/spoudel1/OneDrive - St. Jude Children's Research Hospital/make_my_plot_figure4/manuscriptv3/Figure4/audit/high_impact_figure_design_notes.md; /mnt/c/Users/spoudel1/OneDrive - St. Jude Children's Research Hospital/MakeMyFigure_manuscript_final/04_figure_evidence/Figure4/audit/high_impact_figure_design_notes.md,unknown (not recorded locally),no,"Figure 4 layout/design reference (high_impact_figure_design_notes.md). DOI-only citation: no image, no XML, no licence recorded locally."
no PMCID recorded,Moelder F et al. (Snakemake),2021,F1000Research,other,10.12688/f1000research.29032.2,unknown (not recorded locally),workflow DAG / report,whole figure,other,/mnt/c/Users/spoudel1/OneDrive - St. Jude Children's Research Hospital/make_my_plot_figure4/manuscriptv3/Figure4/audit/high_impact_figure_design_notes.md; /mnt/c/Users/spoudel1/OneDrive - St. Jude Children's Research Hospital/MakeMyFigure_manuscript_final/04_figure_evidence/Figure4/audit/high_impact_figure_design_notes.md,unknown (not recorded locally),no,"Figure 4 layout/design reference (high_impact_figure_design_notes.md). DOI-only citation: no image, no XML, no licence recorded locally."
no PMCID recorded,Allan C et al. (OMERO),2012,Nature Methods,Nature-family,10.1038/nmeth.1896,unknown (not recorded locally),data-model figure,whole figure,other,/mnt/c/Users/spoudel1/OneDrive - St. Jude Children's Research Hospital/make_my_plot_figure4/manuscriptv3/Figure4/audit/high_impact_figure_design_notes.md; /mnt/c/Users/spoudel1/OneDrive - St. Jude Children's Research Hospital/MakeMyFigure_manuscript_final/04_figure_evidence/Figure4/audit/high_impact_figure_design_notes.md,unknown (not recorded locally),no,"Figure 4 layout/design reference (high_impact_figure_design_notes.md). DOI-only citation: no image, no XML, no licence recorded locally."
no PMCID recorded,"Graumann J, Cotton RJ (multipanelfigure)",2018,Journal of Statistical Software,other,10.18637/jss.v084.c03,unknown (not recorded locally),compound-figure examples,multiple,other,/mnt/c/Users/spoudel1/OneDrive - St. Jude Children's Research Hospital/make_my_plot_figure4/manuscriptv3/Figure4/audit/high_impact_figure_design_notes.md; /mnt/c/Users/spoudel1/OneDrive - St. Jude Children's Research Hospital/MakeMyFigure_manuscript_final/04_figure_evidence/Figure4/audit/high_impact_figure_design_notes.md,unknown (not recorded locally),no,"Figure 4 layout/design reference (high_impact_figure_design_notes.md). DOI-only citation: no image, no XML, no licence recorded locally."
no PMCID recorded,Durant G et al.,2022,PLOS Computational Biology,other,10.1371/journal.pcbi.1010622,unknown (not recorded locally),rules summary figure,whole figure,other,/mnt/c/Users/spoudel1/OneDrive - St. Jude Children's Research Hospital/make_my_plot_figure4/manuscriptv3/Figure4/audit/high_impact_figure_design_notes.md; /mnt/c/Users/spoudel1/OneDrive - St. Jude Children's Research Hospital/MakeMyFigure_manuscript_final/04_figure_evidence/Figure4/audit/high_impact_figure_design_notes.md,unknown (not recorded locally),no,"Figure 4 layout/design reference (high_impact_figure_design_notes.md). DOI-only citation: no image, no XML, no licence recorded locally."
no PMCID recorded,Ewels P et al. (MultiQC),2016,Bioinformatics,other,10.1093/bioinformatics/btw354,unknown (not recorded locally),report overview figure,whole figure,bar,/mnt/c/Users/spoudel1/OneDrive - St. Jude Children's Research Hospital/make_my_plot_figure4/manuscriptv3/Figure4/audit/high_impact_figure_design_notes.md; /mnt/c/Users/spoudel1/OneDrive - St. Jude Children's Research Hospital/MakeMyFigure_manuscript_final/04_figure_evidence/Figure4/audit/high_impact_figure_design_notes.md,unknown (not recorded locally),no,"Figure 4 layout/design reference (high_impact_figure_design_notes.md). DOI-only citation: no image, no XML, no licence recorded locally."
no PMCID recorded,Virshup I et al. (scverse),2023,Nature Biotechnology,Nature-family,10.1038/s41587-023-01733-8,unknown (not recorded locally),ecosystem overview figure,whole figure,other,/mnt/c/Users/spoudel1/OneDrive - St. Jude Children's Research Hospital/make_my_plot_figure4/manuscriptv3/Figure4/audit/high_impact_figure_design_notes.md; /mnt/c/Users/spoudel1/OneDrive - St. Jude Children's Research Hospital/MakeMyFigure_manuscript_final/04_figure_evidence/Figure4/audit/high_impact_figure_design_notes.md,unknown (not recorded locally),no,"Figure 4 layout/design reference (high_impact_figure_design_notes.md). DOI-only citation: no image, no XML, no licence recorded locally."
no PMCID recorded,"Wolf FA, Angerer P, Theis FJ (SCANPY)",2018,Genome Biology,other,10.1186/s13059-017-1382-0,unknown (not recorded locally),Fig. 1,b; c,bar,/mnt/c/Users/spoudel1/OneDrive - St. Jude Children's Research Hospital/make_my_plot_figure5/manuscriptv3/Figure5/audit/high_impact_technical_figure_notes.md; /mnt/c/Users/spoudel1/OneDrive - St. Jude Children's Research Hospital/MakeMyFigure_manuscript_final/04_figure_evidence/Figure5/audit/high_impact_technical_figure_notes.md,unknown (not recorded locally),no,"Figure 5 technical-figure style reference (high_impact_technical_figure_notes.md); panel letters verified in that file. DOI-only: no image, no XML, no licence recorded locally."
no PMCID recorded,Korsunsky I et al. (Harmony),2019,Nature Methods,Nature-family,10.1038/s41592-019-0619-0,unknown (not recorded locally),Fig. 3,A; B,line/time-course,/mnt/c/Users/spoudel1/OneDrive - St. Jude Children's Research Hospital/make_my_plot_figure5/manuscriptv3/Figure5/audit/high_impact_technical_figure_notes.md; /mnt/c/Users/spoudel1/OneDrive - St. Jude Children's Research Hospital/MakeMyFigure_manuscript_final/04_figure_evidence/Figure5/audit/high_impact_technical_figure_notes.md,unknown (not recorded locally),no,"Figure 5 technical-figure style reference (high_impact_technical_figure_notes.md); panel letters verified in that file. DOI-only: no image, no XML, no licence recorded locally."
no PMCID recorded,Kim D et al. (HISAT2),2019,Nature Biotechnology,Nature-family,10.1038/s41587-019-0201-4,unknown (not recorded locally),Fig. 5,whole figure,bar,/mnt/c/Users/spoudel1/OneDrive - St. Jude Children's Research Hospital/make_my_plot_figure5/manuscriptv3/Figure5/audit/high_impact_technical_figure_notes.md; /mnt/c/Users/spoudel1/OneDrive - St. Jude Children's Research Hospital/MakeMyFigure_manuscript_final/04_figure_evidence/Figure5/audit/high_impact_technical_figure_notes.md,unknown (not recorded locally),no,"Figure 5 technical-figure style reference (high_impact_technical_figure_notes.md); panel letters verified in that file. DOI-only: no image, no XML, no licence recorded locally."
no PMCID recorded,"Wood DE, Lu J, Langmead B (Kraken 2)",2019,Genome Biology,other,10.1186/s13059-019-1891-0,unknown (not recorded locally),Fig. 2; Fig. 1,2a; 1d,bar,/mnt/c/Users/spoudel1/OneDrive - St. Jude Children's Research Hospital/make_my_plot_figure5/manuscriptv3/Figure5/audit/high_impact_technical_figure_notes.md; /mnt/c/Users/spoudel1/OneDrive - St. Jude Children's Research Hospital/MakeMyFigure_manuscript_final/04_figure_evidence/Figure5/audit/high_impact_technical_figure_notes.md,unknown (not recorded locally),no,"Figure 5 technical-figure style reference (high_impact_technical_figure_notes.md); panel letters verified in that file. DOI-only: no image, no XML, no licence recorded locally."
no PMCID recorded,Melsted P et al. (kallisto|bustools),2021,Nature Biotechnology,Nature-family,10.1038/s41587-021-00870-2,unknown (not recorded locally),Fig. 1,e; f,line/time-course,/mnt/c/Users/spoudel1/OneDrive - St. Jude Children's Research Hospital/make_my_plot_figure5/manuscriptv3/Figure5/audit/high_impact_technical_figure_notes.md; /mnt/c/Users/spoudel1/OneDrive - St. Jude Children's Research Hospital/MakeMyFigure_manuscript_final/04_figure_evidence/Figure5/audit/high_impact_technical_figure_notes.md,unknown (not recorded locally),no,"Figure 5 technical-figure style reference (high_impact_technical_figure_notes.md); panel letters verified in that file. DOI-only: no image, no XML, no licence recorded locally."
no PMCID recorded,Stuart T et al. (Signac),2021,Nature Methods,Nature-family,10.1038/s41592-021-01282-5,unknown (not recorded locally),Fig. 5,b; c; e; f,line/time-course,/mnt/c/Users/spoudel1/OneDrive - St. Jude Children's Research Hospital/make_my_plot_figure5/manuscriptv3/Figure5/audit/high_impact_technical_figure_notes.md; /mnt/c/Users/spoudel1/OneDrive - St. Jude Children's Research Hospital/MakeMyFigure_manuscript_final/04_figure_evidence/Figure5/audit/high_impact_technical_figure_notes.md,unknown (not recorded locally),no,"Figure 5 technical-figure style reference (high_impact_technical_figure_notes.md); panel letters verified in that file. DOI-only: no image, no XML, no licence recorded locally."
no PMCID recorded,He D et al. (Alevin-fry),2022,Nature Methods,Nature-family,10.1038/s41592-022-01408-3,unknown (not recorded locally),Fig. 2,d; e,bar,/mnt/c/Users/spoudel1/OneDrive - St. Jude Children's Research Hospital/make_my_plot_figure5/manuscriptv3/Figure5/audit/high_impact_technical_figure_notes.md; /mnt/c/Users/spoudel1/OneDrive - St. Jude Children's Research Hospital/MakeMyFigure_manuscript_final/04_figure_evidence/Figure5/audit/high_impact_technical_figure_notes.md,unknown (not recorded locally),no,"Figure 5 technical-figure style reference (high_impact_technical_figure_notes.md); panel letters verified in that file. DOI-only: no image, no XML, no licence recorded locally."
no PMCID recorded,Zhang K et al. (SnapATAC2),2024,Nature Methods,Nature-family,10.1038/s41592-023-02139-9,unknown (not recorded locally),Fig. 1,c; d; e,line/time-course,/mnt/c/Users/spoudel1/OneDrive - St. Jude Children's Research Hospital/make_my_plot_figure5/manuscriptv3/Figure5/audit/high_impact_technical_figure_notes.md; /mnt/c/Users/spoudel1/OneDrive - St. Jude Children's Research Hospital/MakeMyFigure_manuscript_final/04_figure_evidence/Figure5/audit/high_impact_technical_figure_notes.md,unknown (not recorded locally),no,"Figure 5 technical-figure style reference (high_impact_technical_figure_notes.md); panel letters verified in that file. DOI-only: no image, no XML, no licence recorded locally."
no PMCID recorded,Muzellec B et al. (PyDESeq2),2023,Bioinformatics,other,10.1093/bioinformatics/btad547,unknown (not recorded locally),Fig. 1,a; c; d,box/violin,/mnt/c/Users/spoudel1/OneDrive - St. Jude Children's Research Hospital/make_my_plot_figure5/manuscriptv3/Figure5/audit/high_impact_technical_figure_notes.md; /mnt/c/Users/spoudel1/OneDrive - St. Jude Children's Research Hospital/MakeMyFigure_manuscript_final/04_figure_evidence/Figure5/audit/high_impact_technical_figure_notes.md,unknown (not recorded locally),no,"Figure 5 technical-figure style reference (high_impact_technical_figure_notes.md); panel letters verified in that file. DOI-only: no image, no XML, no licence recorded locally."
no PMCID recorded,Behdenna A et al. (pyComBat),2023,BMC Bioinformatics,other,10.1186/s12859-023-05578-5,unknown (not recorded locally),Fig. 1,A; B-D,box/violin,/mnt/c/Users/spoudel1/OneDrive - St. Jude Children's Research Hospital/make_my_plot_figure5/manuscriptv3/Figure5/audit/high_impact_technical_figure_notes.md; /mnt/c/Users/spoudel1/OneDrive - St. Jude Children's Research Hospital/MakeMyFigure_manuscript_final/04_figure_evidence/Figure5/audit/high_impact_technical_figure_notes.md,unknown (not recorded locally),no,"Figure 5 technical-figure style reference (high_impact_technical_figure_notes.md); panel letters verified in that file. DOI-only: no image, no XML, no licence recorded locally."
no PMCID recorded,Bonfield JK et al. (HTSlib),2021,GigaScience,other,10.1093/gigascience/giab007,unknown (not recorded locally),Fig. 2; Fig. 3,whole figures,bar,/mnt/c/Users/spoudel1/OneDrive - St. Jude Children's Research Hospital/make_my_plot_figure5/manuscriptv3/Figure5/audit/high_impact_technical_figure_notes.md; /mnt/c/Users/spoudel1/OneDrive - St. Jude Children's Research Hospital/MakeMyFigure_manuscript_final/04_figure_evidence/Figure5/audit/high_impact_technical_figure_notes.md,unknown (not recorded locally),no,"Figure 5 technical-figure style reference (high_impact_technical_figure_notes.md); panel letters verified in that file. DOI-only: no image, no XML, no licence recorded locally."
no PMCID recorded,Di Tommaso P et al. (Nextflow),2017,Nature Biotechnology,Nature-family,10.1038/nbt.3820,unknown (not recorded locally),Fig. 1,a; b,other,/mnt/c/Users/spoudel1/OneDrive - St. Jude Children's Research Hospital/make_my_plot_figure5/manuscriptv3/Figure5/audit/high_impact_technical_figure_notes.md; /mnt/c/Users/spoudel1/OneDrive - St. Jude Children's Research Hospital/MakeMyFigure_manuscript_final/04_figure_evidence/Figure5/audit/high_impact_technical_figure_notes.md,unknown (not recorded locally),no,"Figure 5 technical-figure style reference (high_impact_technical_figure_notes.md); panel letters verified in that file. DOI-only: no image, no XML, no licence recorded locally."
no PMCID recorded,"Beaulieu-Jones BK, Greene CS",2017,Nature Biotechnology,Nature-family,10.1038/nbt.3780,unknown (not recorded locally),Fig. 2,A; B,bar,/mnt/c/Users/spoudel1/OneDrive - St. Jude Children's Research Hospital/make_my_plot_figure5/manuscriptv3/Figure5/audit/high_impact_technical_figure_notes.md; /mnt/c/Users/spoudel1/OneDrive - St. Jude Children's Research Hospital/MakeMyFigure_manuscript_final/04_figure_evidence/Figure5/audit/high_impact_technical_figure_notes.md,unknown (not recorded locally),no,"Figure 5 technical-figure style reference (high_impact_technical_figure_notes.md); panel letters verified in that file. DOI-only: no image, no XML, no licence recorded locally."
no PMCID recorded,Glatard T et al.,2015,Frontiers in Neuroinformatics,other,10.3389/fninf.2015.00012,unknown (not recorded locally),Fig. 4; Fig. 9,whole figures,other,/mnt/c/Users/spoudel1/OneDrive - St. Jude Children's Research Hospital/make_my_plot_figure5/manuscriptv3/Figure5/audit/high_impact_technical_figure_notes.md; /mnt/c/Users/spoudel1/OneDrive - St. Jude Children's Research Hospital/MakeMyFigure_manuscript_final/04_figure_evidence/Figure5/audit/high_impact_technical_figure_notes.md,unknown (not recorded locally),no,"Figure 5 technical-figure style reference (high_impact_technical_figure_notes.md); panel letters verified in that file. DOI-only: no image, no XML, no licence recorded locally."
no PMCID recorded,Gayoso A et al. (scvi-tools),2022,Nature Biotechnology,Nature-family,10.1038/s41587-021-01206-w,unknown (not recorded locally),Supp. Fig. 2; Fig. 3; Fig. 6,S2; 3f; 6g,line/time-course,/mnt/c/Users/spoudel1/OneDrive - St. Jude Children's Research Hospital/make_my_plot_figure5/manuscriptv3/Figure5/audit/high_impact_technical_figure_notes.md; /mnt/c/Users/spoudel1/OneDrive - St. Jude Children's Research Hospital/MakeMyFigure_manuscript_final/04_figure_evidence/Figure5/audit/high_impact_technical_figure_notes.md,unknown (not recorded locally),no,"Figure 5 technical-figure style reference (high_impact_technical_figure_notes.md); panel letters verified in that file. DOI-only: no image, no XML, no licence recorded locally."
no PMCID recorded,Pan Y et al.,2024,Nature Communications,Nature-family,10.1038/s41467-024-50199-y,unknown (no local XML),Fig. 3,(30 subgroups x 3 outcomes),forest,/mnt/c/Users/spoudel1/OneDrive - St. Jude Children's Research Hospital/MakeMyFigure_manuscript_final/04_figure_evidence/Figure2/audits/candidate_published_panels.csv; /mnt/c/Users/spoudel1/OneDrive - St. Jude Children's Research Hospital/make_my_plot_task2/manuscriptv3/Figure2/audit/candidate_published_panels.csv,CC BY 4.0 (stated in the candidate CSV; no local XML),no,"Figure 2 candidate screen (never downloaded; no image, no XML). reserve: too many rows for one cell"
no PMCID recorded,Shetty R et al.,2024,Nature Communications,Nature-family,10.1038/s41467-024-50231-1,unknown (no local XML),Fig. 4,(5 outcomes),forest,/mnt/c/Users/spoudel1/OneDrive - St. Jude Children's Research Hospital/MakeMyFigure_manuscript_final/04_figure_evidence/Figure2/audits/candidate_published_panels.csv; /mnt/c/Users/spoudel1/OneDrive - St. Jude Children's Research Hospital/make_my_plot_task2/manuscriptv3/Figure2/audit/candidate_published_panels.csv,CC BY 4.0 (stated in the candidate CSV; no local XML),no,"Figure 2 candidate screen (never downloaded; no image, no XML). reserve: exact but only five rows"
no PMCID recorded,Pouyiourou M et al.,2023,Nature Communications,Nature-family,10.1038/s41467-023-42400-5,unknown (no local XML),Fig. 2,a,survival,/mnt/c/Users/spoudel1/OneDrive - St. Jude Children's Research Hospital/MakeMyFigure_manuscript_final/04_figure_evidence/Figure2/audits/candidate_published_panels.csv; /mnt/c/Users/spoudel1/OneDrive - St. Jude Children's Research Hospital/make_my_plot_task2/manuscriptv3/Figure2/audit/candidate_published_panels.csv,CC BY 4.0 (stated in the candidate CSV; no local XML),no,"Figure 2 candidate screen (never downloaded; no image, no XML). reserve: smaller than the selected KM (31 patients)"
no PMCID recorded,Ellison C et al.,2025,Nature Communications,Nature-family,10.1038/s41467-025-64245-w,unknown (no local XML),Fig. 5,A,other,/mnt/c/Users/spoudel1/OneDrive - St. Jude Children's Research Hospital/MakeMyFigure_manuscript_final/04_figure_evidence/Figure2/audits/candidate_published_panels.csv; /mnt/c/Users/spoudel1/OneDrive - St. Jude Children's Research Hospital/make_my_plot_task2/manuscriptv3/Figure2/audit/candidate_published_panels.csv,CC BY 4.0 (stated in the candidate CSV; no local XML),no,"Figure 2 candidate screen (never downloaded; no image, no XML). dose-response small multiples (22 curves); reserve"
no PMCID recorded,Sake SM et al.,2024,Nature Communications,Nature-family,10.1038/s41467-024-45241-y,unknown (no local XML),Fig. 3,A,other,/mnt/c/Users/spoudel1/OneDrive - St. Jude Children's Research Hospital/MakeMyFigure_manuscript_final/04_figure_evidence/Figure2/audits/candidate_published_panels.csv; /mnt/c/Users/spoudel1/OneDrive - St. Jude Children's Research Hospital/make_my_plot_task2/manuscriptv3/Figure2/audit/candidate_published_panels.csv,CC BY 4.0 (stated in the candidate CSV; no local XML),no,"Figure 2 candidate screen (never downloaded; no image, no XML). dose-response, 6 isolates; reserve"
no PMCID recorded,Maddamsetti R et al.,2025,Nature Communications,Nature-family,10.1038/s41467-025-61205-2,unknown (no local XML),Fig. 1,B,scatter/regression,/mnt/c/Users/spoudel1/OneDrive - St. Jude Children's Research Hospital/MakeMyFigure_manuscript_final/04_figure_evidence/Figure2/audits/candidate_published_panels.csv; /mnt/c/Users/spoudel1/OneDrive - St. Jude Children's Research Hospital/make_my_plot_task2/manuscriptv3/Figure2/audit/candidate_published_panels.csv,CC BY 4.0 (stated in the candidate CSV; no local XML),no,"Figure 2 candidate screen (never downloaded; no image, no XML). rejected: segmented regression unsupported (12,006 rows, log-log)"
no PMCID recorded,Koerber RM et al.,2025,Nature Communications,Nature-family,10.1038/s41467-025-65673-4,unknown (no local XML),Fig. 2,c,scatter/regression,/mnt/c/Users/spoudel1/OneDrive - St. Jude Children's Research Hospital/MakeMyFigure_manuscript_final/04_figure_evidence/Figure2/audits/candidate_published_panels.csv; /mnt/c/Users/spoudel1/OneDrive - St. Jude Children's Research Hospital/make_my_plot_task2/manuscriptv3/Figure2/audit/candidate_published_panels.csv,CC BY 4.0 (stated in the candidate CSV; no local XML),no,"Figure 2 candidate screen (never downloaded; no image, no XML). rejected: published fit is pooled, renderer fits per group"
no PMCID recorded,Koerber RM et al.,2025,Nature Communications,Nature-family,10.1038/s41467-025-65673-4,unknown (no local XML),Fig. 1,b,dot/bubble,/mnt/c/Users/spoudel1/OneDrive - St. Jude Children's Research Hospital/MakeMyFigure_manuscript_final/04_figure_evidence/Figure2/audits/candidate_published_panels.csv; /mnt/c/Users/spoudel1/OneDrive - St. Jude Children's Research Hospital/make_my_plot_task2/manuscriptv3/Figure2/audit/candidate_published_panels.csv,CC BY 4.0 (stated in the candidate CSV; no local XML),no,"Figure 2 candidate screen (never downloaded; no image, no XML). reserve: three cytokine sub-panels in one"
no PMCID recorded,Yadav P et al.,2025,Nature Communications,Nature-family,10.1038/s41467-025-64258-5,unknown (no local XML),Fig. 3,e,bar,/mnt/c/Users/spoudel1/OneDrive - St. Jude Children's Research Hospital/MakeMyFigure_manuscript_final/04_figure_evidence/Figure2/audits/candidate_published_panels.csv; /mnt/c/Users/spoudel1/OneDrive - St. Jude Children's Research Hospital/make_my_plot_task2/manuscriptv3/Figure2/audit/candidate_published_panels.csv,CC BY 4.0 (stated in the candidate CSV; no local XML),no,"Figure 2 candidate screen (never downloaded; no image, no XML). reserve: tiny (4 bars, n=3). One of only two bar-chart candidates recorded anywhere."
no PMCID recorded,Dollar B et al.,2025,Nature Communications,Nature-family,10.1038/s41467-025-66428-x,unknown (no local XML),Fig. 1,a,oncoprint/categorical,/mnt/c/Users/spoudel1/OneDrive - St. Jude Children's Research Hospital/MakeMyFigure_manuscript_final/04_figure_evidence/Figure2/audits/candidate_published_panels.csv; /mnt/c/Users/spoudel1/OneDrive - St. Jude Children's Research Hospital/make_my_plot_task2/manuscriptv3/Figure2/audit/candidate_published_panels.csv,CC BY 4.0 (stated in the candidate CSV; no local XML),no,"Figure 2 candidate screen (never downloaded; no image, no XML). rejected: clinical tracks unsupported, sample order unstated (1,140 tumours)"
no PMCID recorded,Chen J et al.,2025,Nature Communications,Nature-family,10.1038/s41467-025-67643-2,unknown (no local XML),Fig. 1,B,other,/mnt/c/Users/spoudel1/OneDrive - St. Jude Children's Research Hospital/MakeMyFigure_manuscript_final/04_figure_evidence/Figure2/audits/candidate_published_panels.csv; /mnt/c/Users/spoudel1/OneDrive - St. Jude Children's Research Hospital/make_my_plot_task2/manuscriptv3/Figure2/audit/candidate_published_panels.csv,CC BY 4.0 (stated in the candidate CSV; no local XML),no,"Figure 2 candidate screen (never downloaded; no image, no XML). lollipop mutation plot; rejected (protein-domain track not in source data)"
no PMCID recorded,Donahue DA et al.,2025,Nature Communications,Nature-family,10.1038/s41467-025-63392-4,unknown (no local XML),Fig. 2,a,other,/mnt/c/Users/spoudel1/OneDrive - St. Jude Children's Research Hospital/MakeMyFigure_manuscript_final/04_figure_evidence/Figure2/audits/candidate_published_panels.csv; /mnt/c/Users/spoudel1/OneDrive - St. Jude Children's Research Hospital/make_my_plot_task2/manuscriptv3/Figure2/audit/candidate_published_panels.csv,CC BY 4.0 (stated in the candidate CSV; no local XML),no,"Figure 2 candidate screen (never downloaded; no image, no XML). network graph; rejected (441 edges not reproducible). Same article as the stored Fig. 3c scatter."
no PMCID recorded,Makris G et al.,2025,Nature Communications,Nature-family,10.1038/s41467-025-67228-z,unknown (no local XML),Fig. 1,c,volcano/MA,/mnt/c/Users/spoudel1/OneDrive - St. Jude Children's Research Hospital/MakeMyFigure_manuscript_final/04_figure_evidence/Figure2/audits/candidate_published_panels.csv; /mnt/c/Users/spoudel1/OneDrive - St. Jude Children's Research Hospital/make_my_plot_task2/manuscriptv3/Figure2/audit/candidate_published_panels.csv,CC BY 4.0 (stated in the candidate CSV; no local XML),no,"Figure 2 candidate screen (never downloaded; no image, no XML). reserve: only significant genes deposited"
no PMCID recorded,Walsh ME et al.,2025,Nature Communications,Nature-family,10.1038/s41467-025-67357-5,unknown (no local XML),Fig. 2,a,volcano/MA,/mnt/c/Users/spoudel1/OneDrive - St. Jude Children's Research Hospital/MakeMyFigure_manuscript_final/04_figure_evidence/Figure2/audits/candidate_published_panels.csv; /mnt/c/Users/spoudel1/OneDrive - St. Jude Children's Research Hospital/make_my_plot_task2/manuscriptv3/Figure2/audit/candidate_published_panels.csv,CC BY 4.0 (stated in the candidate CSV; no local XML),no,"Figure 2 candidate screen (never downloaded; no image, no XML). reserve: pre-filtered DE table (8,480 genes)"
no PMCID recorded,van Olst L et al.,2025,Nature Medicine,Nature-family,10.1038/s41591-025-03574-1,unknown (no local XML),Fig. 1,g,volcano/MA,/mnt/c/Users/spoudel1/OneDrive - St. Jude Children's Research Hospital/MakeMyFigure_manuscript_final/04_figure_evidence/Figure2/audits/candidate_published_panels.csv; /mnt/c/Users/spoudel1/OneDrive - St. Jude Children's Research Hospital/make_my_plot_task2/manuscriptv3/Figure2/audit/candidate_published_panels.csv,CC BY 4.0 (stated in the candidate CSV; no local XML),no,"Figure 2 candidate screen (never downloaded; no image, no XML). reserve: comparison-specific colour rule unsupported"
no PMCID recorded,Li Y et al.,2023,Nature Communications,Nature-family,10.1038/s41467-023-38528-z,unknown (no local XML),Fig. 4,b,PCA/UMAP,/mnt/c/Users/spoudel1/OneDrive - St. Jude Children's Research Hospital/MakeMyFigure_manuscript_final/04_figure_evidence/Figure2/audits/candidate_published_panels.csv; /mnt/c/Users/spoudel1/OneDrive - St. Jude Children's Research Hospital/make_my_plot_task2/manuscriptv3/Figure2/audit/candidate_published_panels.csv,CC BY 4.0 (stated in the candidate CSV; no local XML),no,"Figure 2 candidate screen (never downloaded; no image, no XML). reserve: scores-only, ellipses not derivable"
no PMCID recorded,Xiao G et al.,2023,Nature Communications,Nature-family,10.1038/s41467-023-44081-6,unknown (no local XML),Fig. 5,g,volcano/MA,/mnt/c/Users/spoudel1/OneDrive - St. Jude Children's Research Hospital/MakeMyFigure_manuscript_final/04_figure_evidence/Figure2/audits/candidate_published_panels.csv; /mnt/c/Users/spoudel1/OneDrive - St. Jude Children's Research Hospital/make_my_plot_task2/manuscriptv3/Figure2/audit/candidate_published_panels.csv,CC BY 4.0 (stated in the candidate CSV; no local XML),no,"Figure 2 candidate screen (never downloaded; no image, no XML). rejected: CTCF highlight groups not in the sheet"
no PMCID recorded,Romero R et al.,2024,Nature Cancer,Nature-family,10.1038/s43018-024-00838-6,unknown (no local XML),Fig. 2,d,heatmap,/mnt/c/Users/spoudel1/OneDrive - St. Jude Children's Research Hospital/MakeMyFigure_manuscript_final/04_figure_evidence/Figure2/audits/v2_candidate_panel_search.csv; /mnt/c/Users/spoudel1/OneDrive - St. Jude Children's Research Hospital/make_my_plot_task2/manuscriptv3/Figure2/audit/v2_candidate_panel_search.csv,CC BY 4.0 (stated in the candidate CSV; no local XML),no,"Figure 2 v2 cross-journal candidate screen (never downloaded; no image, no XML). shortlist reserve: 51 genes x 18 samples, row z"
no PMCID recorded,Kleist AB et al.,2025,Cell,Cell-family,10.1016/j.cell.2025.03.046,unknown (no local XML),Figure 1,D,other,/mnt/c/Users/spoudel1/OneDrive - St. Jude Children's Research Hospital/MakeMyFigure_manuscript_final/04_figure_evidence/Figure2/audits/v2_candidate_panel_search.csv; /mnt/c/Users/spoudel1/OneDrive - St. Jude Children's Research Hospital/make_my_plot_task2/manuscriptv3/Figure2/audit/v2_candidate_panel_search.csv,CC BY 4.0 (stated in the candidate CSV; no local XML),no,"Figure 2 v2 cross-journal candidate screen (never downloaded; no image, no XML). bipartite network; SELECTED in an intermediate version, later replaced"
no PMCID recorded,Yang L et al.,2024,Science,Science-family,10.1126/science.ado4298,unknown (no local XML),Fig. 2,N,box/violin,/mnt/c/Users/spoudel1/OneDrive - St. Jude Children's Research Hospital/MakeMyFigure_manuscript_final/04_figure_evidence/Figure2/audits/v2_candidate_panel_search.csv; /mnt/c/Users/spoudel1/OneDrive - St. Jude Children's Research Hospital/make_my_plot_task2/manuscriptv3/Figure2/audit/v2_candidate_panel_search.csv,CC BY 4.0 (stated in the candidate CSV; no local XML),no,"Figure 2 v2 cross-journal candidate screen (never downloaded; no image, no XML). shortlist: only flagship-Science candidate anywhere in the corpus (CC BY 4.0 author manuscript)"
no PMCID recorded,Link JM et al.,2025,Nature Cancer,Nature-family,10.1038/s43018-024-00881-3,unknown (no local XML),Fig. 2,h,oncoprint/categorical,/mnt/c/Users/spoudel1/OneDrive - St. Jude Children's Research Hospital/MakeMyFigure_manuscript_final/04_figure_evidence/Figure2/audits/v2_candidate_panel_search.csv; /mnt/c/Users/spoudel1/OneDrive - St. Jude Children's Research Hospital/make_my_plot_task2/manuscriptv3/Figure2/audit/v2_candidate_panel_search.csv,CC BY 4.0 (stated in the candidate CSV; no local XML),no,"Figure 2 v2 cross-journal candidate screen (never downloaded; no image, no XML). duplicate of the selected Figure 2c panel, listed again in the v2 screen"
no PMCID recorded,Biswas A et al.,2025,Nature Cancer,Nature-family,10.1038/s43018-024-00883-1,unknown (no local XML),Fig. 2,a,survival,/mnt/c/Users/spoudel1/OneDrive - St. Jude Children's Research Hospital/MakeMyFigure_manuscript_final/04_figure_evidence/Figure2/audits/v2_candidate_panel_search.csv; /mnt/c/Users/spoudel1/OneDrive - St. Jude Children's Research Hospital/make_my_plot_task2/manuscriptv3/Figure2/audit/v2_candidate_panel_search.csv,CC BY 4.0 (stated in the candidate CSV; no local XML),no,"Figure 2 v2 cross-journal candidate screen (never downloaded; no image, no XML). shortlist reserve: 3-group KM, 158 patients"
no PMCID recorded,Dotsenko V et al.,2024,Nature Immunology,Nature-family,10.1038/s41590-024-01867-0,unknown (no local XML),Fig. 1,a,PCA/UMAP,/mnt/c/Users/spoudel1/OneDrive - St. Jude Children's Research Hospital/MakeMyFigure_manuscript_final/04_figure_evidence/Figure2/audits/v2_candidate_panel_search.csv; /mnt/c/Users/spoudel1/OneDrive - St. Jude Children's Research Hospital/make_my_plot_task2/manuscriptv3/Figure2/audit/v2_candidate_panel_search.csv,CC BY 4.0 (stated in the candidate CSV; no local XML),no,"Figure 2 v2 cross-journal candidate screen (never downloaded; no image, no XML). shortlist reserve: 115 samples, 4 groups"
no PMCID recorded,Kjaergaard SF et al.,2025,Cell Reports Medicine,Cell-family,10.1016/j.xcrm.2025.102163,unknown (no local XML),Figure 5,F,scatter/regression,/mnt/c/Users/spoudel1/OneDrive - St. Jude Children's Research Hospital/MakeMyFigure_manuscript_final/04_figure_evidence/Figure2/audits/v2_candidate_panel_search.csv; /mnt/c/Users/spoudel1/OneDrive - St. Jude Children's Research Hospital/make_my_plot_task2/manuscriptv3/Figure2/audit/v2_candidate_panel_search.csv,CC BY 4.0 (stated in the candidate CSV; no local XML),no,"Figure 2 v2 cross-journal candidate screen (never downloaded; no image, no XML). reserve: per-group regression, n=19"
no PMCID recorded,Mannes PZ et al.,2024,Science Advances,Science-family,10.1126/sciadv.adm9817,unknown (no local XML),Fig. 6,C,scatter/regression,/mnt/c/Users/spoudel1/OneDrive - St. Jude Children's Research Hospital/MakeMyFigure_manuscript_final/04_figure_evidence/Figure2/audits/v2_candidate_panel_search.csv; /mnt/c/Users/spoudel1/OneDrive - St. Jude Children's Research Hospital/make_my_plot_task2/manuscriptv3/Figure2/audit/v2_candidate_panel_search.csv,CC BY 4.0 (stated in the candidate CSV; no local XML),no,"Figure 2 v2 cross-journal candidate screen (never downloaded; no image, no XML). reserve: small n=18"
no PMCID recorded,Zhou P et al.,2022,Science Translational Medicine,Science-family,10.1126/scitranslmed.abi9215,unknown (no local XML),Fig. 4,A,heatmap,/mnt/c/Users/spoudel1/OneDrive - St. Jude Children's Research Hospital/MakeMyFigure_manuscript_final/04_figure_evidence/Figure2/audits/v2_candidate_panel_search.csv; /mnt/c/Users/spoudel1/OneDrive - St. Jude Children's Research Hospital/make_my_plot_task2/manuscriptv3/Figure2/audit/v2_candidate_panel_search.csv,CC BY 4.0 (stated in the candidate CSV; no local XML),no,"Figure 2 v2 cross-journal candidate screen (never downloaded; no image, no XML). candidate: 7 antigens x 61 sera"
no PMCID recorded,You J et al.,2025,Nature Metabolism,Nature-family,10.1038/s42255-025-01371-1,unknown (no local XML),Fig. 5,a,heatmap,/mnt/c/Users/spoudel1/OneDrive - St. Jude Children's Research Hospital/MakeMyFigure_manuscript_final/04_figure_evidence/Figure2/audits/v2_candidate_panel_search.csv; /mnt/c/Users/spoudel1/OneDrive - St. Jude Children's Research Hospital/make_my_plot_task2/manuscriptv3/Figure2/audit/v2_candidate_panel_search.csv,CC BY 4.0 (stated in the candidate CSV; no local XML),no,"Figure 2 v2 cross-journal candidate screen (never downloaded; no image, no XML). candidate row for the article whose images ARE stored in the task2 archive (see the PMC12638258 row)"
no PMCID recorded,Karlsson F et al.,2024,Nature Methods,Nature-family,10.1038/s41592-024-02268-9,unknown (no local XML),Fig. 2,b,heatmap,/mnt/c/Users/spoudel1/OneDrive - St. Jude Children's Research Hospital/MakeMyFigure_manuscript_final/04_figure_evidence/Figure2/audits/v2_candidate_panel_search.csv; /mnt/c/Users/spoudel1/OneDrive - St. Jude Children's Research Hospital/make_my_plot_task2/manuscriptv3/Figure2/audit/v2_candidate_panel_search.csv,CC BY 4.0 (stated in the candidate CSV; no local XML),no,"Figure 2 v2 cross-journal candidate screen (never downloaded; no image, no XML). candidate: 7 clusters x 33 proteins"
no PMCID recorded,Karlsson F et al.,2024,Nature Methods,Nature-family,10.1038/s41592-024-02268-9,unknown (no local XML),Fig. 2,a,PCA/UMAP,/mnt/c/Users/spoudel1/OneDrive - St. Jude Children's Research Hospital/MakeMyFigure_manuscript_final/04_figure_evidence/Figure2/audits/v2_candidate_panel_search.csv; /mnt/c/Users/spoudel1/OneDrive - St. Jude Children's Research Hospital/make_my_plot_task2/manuscriptv3/Figure2/audit/v2_candidate_panel_search.csv,CC BY 4.0 (stated in the candidate CSV; no local XML),no,"Figure 2 v2 cross-journal candidate screen (never downloaded; no image, no XML). candidate: PBMC UMAP, 819 cells; cluster identity partly unrecoverable"
no PMCID recorded,Roider T et al.,2024,Nature Cell Biology,Nature-family,10.1038/s41556-024-01358-2,unknown (no local XML),Fig. 3,b,PCA/UMAP,/mnt/c/Users/spoudel1/OneDrive - St. Jude Children's Research Hospital/MakeMyFigure_manuscript_final/04_figure_evidence/Figure2/audits/v2_candidate_panel_search.csv; /mnt/c/Users/spoudel1/OneDrive - St. Jude Children's Research Hospital/make_my_plot_task2/manuscriptv3/Figure2/audit/v2_candidate_panel_search.csv,CC BY 4.0 (stated in the candidate CSV; no local XML),no,"Figure 2 v2 cross-journal candidate screen (never downloaded; no image, no XML). candidate: 101 patients; variance explained not deposited"
no PMCID recorded,Roider T et al.,2024,Nature Cell Biology,Nature-family,10.1038/s41556-024-01358-2,unknown (no local XML),Fig. 3,g,scatter/regression,/mnt/c/Users/spoudel1/OneDrive - St. Jude Children's Research Hospital/MakeMyFigure_manuscript_final/04_figure_evidence/Figure2/audits/v2_candidate_panel_search.csv; /mnt/c/Users/spoudel1/OneDrive - St. Jude Children's Research Hospital/make_my_plot_task2/manuscriptv3/Figure2/audit/v2_candidate_panel_search.csv,CC BY 4.0 (stated in the candidate CSV; no local XML),no,"Figure 2 v2 cross-journal candidate screen (never downloaded; no image, no XML). candidate: weak correlation (r -0.23)"
no PMCID recorded,Arnoldus S et al.,2025,Nature Genetics,Nature-family,10.1038/s41588-025-02221-2,unknown (no local XML),Fig. 2,a,scatter/regression,/mnt/c/Users/spoudel1/OneDrive - St. Jude Children's Research Hospital/MakeMyFigure_manuscript_final/04_figure_evidence/Figure2/audits/v2_candidate_panel_search.csv; /mnt/c/Users/spoudel1/OneDrive - St. Jude Children's Research Hospital/make_my_plot_task2/manuscriptv3/Figure2/audit/v2_candidate_panel_search.csv,CC BY 4.0 (stated in the candidate CSV; no local XML),no,"Figure 2 v2 cross-journal candidate screen (never downloaded; no image, no XML). candidate: 913 cell lines; only Nature Genetics candidate"
no PMCID recorded,Goldberg D et al.,2025,Cell Genomics,Cell-family,10.1016/j.xgen.2025.100929,unknown (no local XML),Figure 2,B,heatmap,/mnt/c/Users/spoudel1/OneDrive - St. Jude Children's Research Hospital/MakeMyFigure_manuscript_final/04_figure_evidence/Figure2/audits/v2_candidate_panel_search.csv; /mnt/c/Users/spoudel1/OneDrive - St. Jude Children's Research Hospital/make_my_plot_task2/manuscriptv3/Figure2/audit/v2_candidate_panel_search.csv,CC BY 4.0 (stated in the candidate CSV; no local XML),no,"Figure 2 v2 cross-journal candidate screen (never downloaded; no image, no XML). candidate: 135 samples x 33 cell types"
no PMCID recorded,Lin H et al.,2024,Cancer Cell,Cell-family,10.1016/j.ccell.2024.02.016,unknown (no local XML),Figure 2,B,survival,/mnt/c/Users/spoudel1/OneDrive - St. Jude Children's Research Hospital/MakeMyFigure_manuscript_final/04_figure_evidence/Figure2/audits/v2_candidate_panel_search.csv; /mnt/c/Users/spoudel1/OneDrive - St. Jude Children's Research Hospital/make_my_plot_task2/manuscriptv3/Figure2/audit/v2_candidate_panel_search.csv,CC BY 4.0 (stated in the candidate CSV; no local XML),no,"Figure 2 v2 cross-journal candidate screen (never downloaded; no image, no XML). candidate: tertile KM, 42 patients"
no PMCID recorded,Lassen FH et al.,2024,Cell Genomics,Cell-family,10.1016/j.xgen.2024.100602,unknown (no local XML),Figure 4,B,forest,/mnt/c/Users/spoudel1/OneDrive - St. Jude Children's Research Hospital/MakeMyFigure_manuscript_final/04_figure_evidence/Figure2/audits/v2_candidate_panel_search.csv; /mnt/c/Users/spoudel1/OneDrive - St. Jude Children's Research Hospital/make_my_plot_task2/manuscriptv3/Figure2/audit/v2_candidate_panel_search.csv,CC BY 4.0 (stated in the candidate CSV; no local XML),no,"Figure 2 v2 cross-journal candidate screen (never downloaded; no image, no XML). candidate: 7 Cox HR rows"
no PMCID recorded,van Eijck CWF et al.,2024,Cell Reports Medicine,Cell-family,10.1016/j.xcrm.2024.101557,unknown (no local XML),Figure 3,B,forest,/mnt/c/Users/spoudel1/OneDrive - St. Jude Children's Research Hospital/MakeMyFigure_manuscript_final/04_figure_evidence/Figure2/audits/v2_candidate_panel_search.csv; /mnt/c/Users/spoudel1/OneDrive - St. Jude Children's Research Hospital/make_my_plot_task2/manuscriptv3/Figure2/audit/v2_candidate_panel_search.csv,CC BY 4.0 (stated in the candidate CSV; no local XML),no,"Figure 2 v2 cross-journal candidate screen (never downloaded; no image, no XML). candidate: 6 GATA6 Cox rows"
no PMCID recorded,Fernandez-Mateos J et al.,2024,Nature Cancer,Nature-family,10.1038/s43018-024-00787-0,unknown (no local XML),Fig. 3,d,forest,/mnt/c/Users/spoudel1/OneDrive - St. Jude Children's Research Hospital/MakeMyFigure_manuscript_final/04_figure_evidence/Figure2/audits/v2_candidate_panel_search.csv; /mnt/c/Users/spoudel1/OneDrive - St. Jude Children's Research Hospital/make_my_plot_task2/manuscriptv3/Figure2/audit/v2_candidate_panel_search.csv,CC BY 4.0 (stated in the candidate CSV; no local XML),no,"Figure 2 v2 cross-journal candidate screen (never downloaded; no image, no XML). candidate: 10 Cox HR rows"
no PMCID recorded,Phelps GA et al.,2025,Nature Microbiology,Nature-family,10.1038/s41564-025-02147-9,unknown (no local XML),Fig. 1,a,other,/mnt/c/Users/spoudel1/OneDrive - St. Jude Children's Research Hospital/MakeMyFigure_manuscript_final/04_figure_evidence/Figure2/audits/v2_candidate_panel_search.csv; /mnt/c/Users/spoudel1/OneDrive - St. Jude Children's Research Hospital/make_my_plot_task2/manuscriptv3/Figure2/audit/v2_candidate_panel_search.csv,CC BY 4.0 (stated in the candidate CSV; no local XML),no,"Figure 2 v2 cross-journal candidate screen (never downloaded; no image, no XML). dose-response, 9 curves; candidate"
no PMCID recorded,Miyazaki I et al.,2023,Nature Cancer,Nature-family,10.1038/s43018-023-00630-y,unknown (no local XML),Fig. 6,a (left),line/time-course,/mnt/c/Users/spoudel1/OneDrive - St. Jude Children's Research Hospital/MakeMyFigure_manuscript_final/04_figure_evidence/Figure2/audits/v2_candidate_panel_search.csv; /mnt/c/Users/spoudel1/OneDrive - St. Jude Children's Research Hospital/make_my_plot_task2/manuscriptv3/Figure2/audit/v2_candidate_panel_search.csv,CC BY 4.0 (stated in the candidate CSV; no local XML),no,"Figure 2 v2 cross-journal candidate screen (never downloaded; no image, no XML). candidate: PDX time course; Ferretti (Nature) preferred instead"
no PMCID recorded,Jiang J et al.,2024,Cancer Discovery,other,10.1158/2159-8290.CD-24-0027,unknown (no local XML),Fig. 5,A,other,/mnt/c/Users/spoudel1/OneDrive - St. Jude Children's Research Hospital/MakeMyFigure_manuscript_final/04_figure_evidence/Figure2/audits/v2_candidate_panel_search.csv; /mnt/c/Users/spoudel1/OneDrive - St. Jude Children's Research Hospital/make_my_plot_task2/manuscriptv3/Figure2/audit/v2_candidate_panel_search.csv,CC BY 4.0 (stated in the candidate CSV; no local XML),no,"Figure 2 v2 cross-journal candidate screen (never downloaded; no image, no XML). exposure-response; candidate"
no PMCID recorded,Heilmann E et al.,2022,Science Translational Medicine,Science-family,10.1126/scitranslmed.abq7360,unknown (no local XML),Fig. 1; Fig. 3,A; A-H,other,/mnt/c/Users/spoudel1/OneDrive - St. Jude Children's Research Hospital/MakeMyFigure_manuscript_final/04_figure_evidence/Figure2/audits/v2_candidate_panel_search.csv; /mnt/c/Users/spoudel1/OneDrive - St. Jude Children's Research Hospital/make_my_plot_task2/manuscriptv3/Figure2/audit/v2_candidate_panel_search.csv,CC BY 4.0 (stated in the candidate CSV; no local XML),no,"Figure 2 v2 cross-journal candidate screen (never downloaded; no image, no XML). dose-response / time course; candidate"
no PMCID recorded,Schiesaro I et al.,2025,PNAS,other,10.1073/pnas.2521198122,unknown (no local XML),Fig. 2,B-E,other,/mnt/c/Users/spoudel1/OneDrive - St. Jude Children's Research Hospital/MakeMyFigure_manuscript_final/04_figure_evidence/Figure2/audits/v2_candidate_panel_search.csv; /mnt/c/Users/spoudel1/OneDrive - St. Jude Children's Research Hospital/make_my_plot_task2/manuscriptv3/Figure2/audit/v2_candidate_panel_search.csv,CC BY 4.0 (stated in the candidate CSV; no local XML),no,"Figure 2 v2 cross-journal candidate screen (never downloaded; no image, no XML). fungal GPCR dose-response; candidate"
no PMCID recorded,Salloum S et al.,2025,EMBO Journal,other,10.1038/s44318-025-00588-w,unknown (no local XML),Fig. 7,D,survival,/mnt/c/Users/spoudel1/OneDrive - St. Jude Children's Research Hospital/MakeMyFigure_manuscript_final/04_figure_evidence/Figure2/audits/v2_candidate_panel_search.csv; /mnt/c/Users/spoudel1/OneDrive - St. Jude Children's Research Hospital/make_my_plot_task2/manuscriptv3/Figure2/audit/v2_candidate_panel_search.csv,CC BY 4.0 (stated in the candidate CSV; no local XML),no,"Figure 2 v2 cross-journal candidate screen (never downloaded; no image, no XML). candidate: larval survival; group-count mismatch (175 vs 177)"
no PMCID recorded,Frere JJ et al.,2022,Science Translational Medicine,Science-family,10.1126/scitranslmed.abq3059,unknown (no local XML),Fig. 6,A,survival,/mnt/c/Users/spoudel1/OneDrive - St. Jude Children's Research Hospital/MakeMyFigure_manuscript_final/04_figure_evidence/Figure2/audits/v2_candidate_panel_search.csv; /mnt/c/Users/spoudel1/OneDrive - St. Jude Children's Research Hospital/make_my_plot_task2/manuscriptv3/Figure2/audit/v2_candidate_panel_search.csv,CC BY 4.0 (stated in the candidate CSV; no local XML),no,"Figure 2 v2 cross-journal candidate screen (never downloaded; no image, no XML). candidate: time-to-event; censoring rule unstated"
no PMCID recorded,Ghasemi F et al.,2024,Science Advances,Science-family,10.1126/sciadv.adj7681,unknown (no local XML),Fig. 1,D,survival,/mnt/c/Users/spoudel1/OneDrive - St. Jude Children's Research Hospital/MakeMyFigure_manuscript_final/04_figure_evidence/Figure2/audits/v2_candidate_panel_search.csv; /mnt/c/Users/spoudel1/OneDrive - St. Jude Children's Research Hospital/make_my_plot_task2/manuscriptv3/Figure2/audit/v2_candidate_panel_search.csv,CC BY 4.0 (stated in the candidate CSV; no local XML),no,"Figure 2 v2 cross-journal candidate screen (never downloaded; no image, no XML). candidate: actin branch-lifetime survival curves"
no PMCID recorded,Muter J et al.,2025,Science Advances,Science-family,10.1126/sciadv.adv1988,unknown (no local XML),Fig. 4,A-C,dot/bubble,/mnt/c/Users/spoudel1/OneDrive - St. Jude Children's Research Hospital/MakeMyFigure_manuscript_final/04_figure_evidence/Figure2/audits/v2_candidate_panel_search.csv; /mnt/c/Users/spoudel1/OneDrive - St. Jude Children's Research Hospital/make_my_plot_task2/manuscriptv3/Figure2/audit/v2_candidate_panel_search.csv,CC BY 4.0 (stated in the candidate CSV; no local XML),no,"Figure 2 v2 cross-journal candidate screen (never downloaded; no image, no XML). candidate: 663 subjects; binning to be derived"
no PMCID recorded,Schafer JA et al.,2022,Molecular Cell,Cell-family,10.1016/j.molcel.2021.11.004,unknown (no local XML),Figure 2,C,box/violin,/mnt/c/Users/spoudel1/OneDrive - St. Jude Children's Research Hospital/MakeMyFigure_manuscript_final/04_figure_evidence/Figure2/audits/v2_candidate_panel_search.csv; /mnt/c/Users/spoudel1/OneDrive - St. Jude Children's Research Hospital/make_my_plot_task2/manuscriptv3/Figure2/audit/v2_candidate_panel_search.csv,CC BY 4.0 (stated in the candidate CSV; no local XML),no,"Figure 2 v2 cross-journal candidate screen (never downloaded; no image, no XML). candidate: half-violin, single group, 775 proteins"
no PMCID recorded,Klotz L et al.,2025,Nature Medicine,Nature-family,10.1038/s41591-025-03625-7,unknown (no local XML),Fig. 2,e,box/violin,/mnt/c/Users/spoudel1/OneDrive - St. Jude Children's Research Hospital/MakeMyFigure_manuscript_final/04_figure_evidence/Figure2/audits/v2_candidate_panel_search.csv; /mnt/c/Users/spoudel1/OneDrive - St. Jude Children's Research Hospital/make_my_plot_task2/manuscriptv3/Figure2/audit/v2_candidate_panel_search.csv,CC BY 4.0 (stated in the candidate CSV; no local XML),no,"Figure 2 v2 cross-journal candidate screen (never downloaded; no image, no XML). candidate: violin, 29 vs 26; unexplained missing values"
no PMCID recorded,Tenthorey JL et al.,2025,Cell Genomics,Cell-family,10.1016/j.xgen.2025.100818,unknown (no local XML),Figure 1,C,scatter/regression,/mnt/c/Users/spoudel1/OneDrive - St. Jude Children's Research Hospital/MakeMyFigure_manuscript_final/04_figure_evidence/Figure2/audits/v2_candidate_panel_search.csv; /mnt/c/Users/spoudel1/OneDrive - St. Jude Children's Research Hospital/make_my_plot_task2/manuscriptv3/Figure2/audit/v2_candidate_panel_search.csv,CC BY 4.0 (stated in the candidate CSV; no local XML),no,"Figure 2 v2 cross-journal candidate screen (never downloaded; no image, no XML). candidate: DMS replicate concordance, 220 variants, no fit"
no PMCID recorded,Ahn HS et al.,2023,Science Advances,Science-family,10.1126/sciadv.adg6194,unknown (no local XML),Fig. 2,A,forest,/mnt/c/Users/spoudel1/OneDrive - St. Jude Children's Research Hospital/MakeMyFigure_manuscript_final/04_figure_evidence/Figure2/audits/v2_candidate_panel_search.csv; /mnt/c/Users/spoudel1/OneDrive - St. Jude Children's Research Hospital/make_my_plot_task2/manuscriptv3/Figure2/audit/v2_candidate_panel_search.csv,CC BY-NC 4.0 (stated in the candidate CSV),no,Figure 2 v2 screen; REJECTED on licence (NC clause). The only explicitly non-CC-BY candidate recorded with a panel.
"various (7 + 7 articles, not individually named)",various,2023-2025,Nature Communications / Cell Press,mixed,various,unknown,various,various,other,/mnt/c/Users/spoudel1/OneDrive - St. Jude Children's Research Hospital/MakeMyFigure_manuscript_final/04_figure_evidence/Figure2/audits/candidate_published_panels.csv; /mnt/c/Users/spoudel1/OneDrive - St. Jude Children's Research Hospital/make_my_plot_task2/manuscriptv3/Figure2/audit/candidate_published_panels.csv; /mnt/c/Users/spoudel1/OneDrive - St. Jude Children's Research Hospital/MakeMyFigure_manuscript_final/04_figure_evidence/Figure2/audits/v2_candidate_panel_search.csv; /mnt/c/Users/spoudel1/OneDrive - St. Jude Children's Research Hospital/make_my_plot_task2/manuscriptv3/Figure2/audit/v2_candidate_panel_search.csv,CC BY-NC-ND 4.0 (stated in both candidate CSVs),no,"Two bulk rows in the candidate CSVs covering ~14 articles rejected solely because the licence is CC BY-NC-ND. Individual DOIs were not recorded, so these cannot be re-identified locally."
PMC9046088,not recorded (candidate CSV has no author column),2022,Nature Metabolism,Nature-family,10.1038/s42255-022-00558-0,unknown (no local XML),Fig. 4,b; c; e; k,bar,/mnt/c/Users/spoudel1/OneDrive - St. Jude Children's Research Hospital/make_my_plot_figure3/manuscriptv3/Figure3/audit/published_statistics_candidate_search.csv; /mnt/c/Users/spoudel1/OneDrive - St. Jude Children's Research Hospital/MakeMyFigure_manuscript_final/04_figure_evidence/Figure3/audits/published_statistics_candidate_search.csv; /mnt/c/Users/spoudel1/OneDrive - St. Jude Children's Research Hospital/make_my_plot_figure3/manuscriptv3/Figure3/audit/published_statistics_search_report.md; /mnt/c/Users/spoudel1/OneDrive - St. Jude Children's Research Hospital/make_my_plot_figure3/manuscriptv3/Figure3/audit/candidate_evidence/C2_PMC9046088.md,CC BY 4.0 (licence and licence_url columns of the candidate CSV; no local XML),no,"Figure 3 statistics candidate screen (66 analyses / 27 articles); not downloaded - no XML, no workbook, no image. 5 analyses; Mann-Whitney / unpaired t / two-way ANOVA"
PMC10447243,not recorded (candidate CSV has no author column),2023,Nature Metabolism,Nature-family,10.1038/s42255-023-00838-3,unknown (no local XML),Fig. 4,d; g; j,bar,/mnt/c/Users/spoudel1/OneDrive - St. Jude Children's Research Hospital/make_my_plot_figure3/manuscriptv3/Figure3/audit/published_statistics_candidate_search.csv; /mnt/c/Users/spoudel1/OneDrive - St. Jude Children's Research Hospital/MakeMyFigure_manuscript_final/04_figure_evidence/Figure3/audits/published_statistics_candidate_search.csv; /mnt/c/Users/spoudel1/OneDrive - St. Jude Children's Research Hospital/make_my_plot_figure3/manuscriptv3/Figure3/audit/published_statistics_search_report.md; /mnt/c/Users/spoudel1/OneDrive - St. Jude Children's Research Hospital/make_my_plot_figure3/manuscriptv3/Figure3/audit/candidate_evidence/C3_PMC10447243.md,CC BY 4.0 (licence and licence_url columns of the candidate CSV; no local XML),no,"Figure 3 statistics candidate screen (66 analyses / 27 articles); not downloaded - no XML, no workbook, no image. 6 analyses; Shapiro-gated t / Mann-Whitney"
PMC9630119,not recorded (candidate CSV has no author column),2022,Nature Neuroscience,Nature-family,10.1038/s41593-022-01183-6,unknown (no local XML),Fig. 2,a; b; e,bar,/mnt/c/Users/spoudel1/OneDrive - St. Jude Children's Research Hospital/make_my_plot_figure3/manuscriptv3/Figure3/audit/published_statistics_candidate_search.csv; /mnt/c/Users/spoudel1/OneDrive - St. Jude Children's Research Hospital/MakeMyFigure_manuscript_final/04_figure_evidence/Figure3/audits/published_statistics_candidate_search.csv; /mnt/c/Users/spoudel1/OneDrive - St. Jude Children's Research Hospital/make_my_plot_figure3/manuscriptv3/Figure3/audit/published_statistics_search_report.md,CC BY 4.0 (licence and licence_url columns of the candidate CSV; no local XML),no,"Figure 3 statistics candidate screen (66 analyses / 27 articles); not downloaded - no XML, no workbook, no image. 5 analyses; Student t / Mann-Whitney"
PMC11779641,not recorded (candidate CSV has no author column),2025,Nature Cancer,Nature-family,10.1038/s43018-024-00882-2,unknown (no local XML),Fig. 3,a-d; j; k,bar,/mnt/c/Users/spoudel1/OneDrive - St. Jude Children's Research Hospital/make_my_plot_figure3/manuscriptv3/Figure3/audit/published_statistics_candidate_search.csv; /mnt/c/Users/spoudel1/OneDrive - St. Jude Children's Research Hospital/MakeMyFigure_manuscript_final/04_figure_evidence/Figure3/audits/published_statistics_candidate_search.csv; /mnt/c/Users/spoudel1/OneDrive - St. Jude Children's Research Hospital/make_my_plot_figure3/manuscriptv3/Figure3/audit/published_statistics_search_report.md,CC BY 4.0 (licence and licence_url columns of the candidate CSV; no local XML),no,"Figure 3 statistics candidate screen (66 analyses / 27 articles); not downloaded - no XML, no workbook, no image. 4 analyses; Mann-Whitney / two-way ANOVA"
PMC11303255,not recorded (candidate CSV has no author column),2024,Nature Neuroscience,Nature-family,10.1038/s41593-024-01714-3,unknown (no local XML),Extended Data Fig. 6,b; f; h,bar,/mnt/c/Users/spoudel1/OneDrive - St. Jude Children's Research Hospital/make_my_plot_figure3/manuscriptv3/Figure3/audit/published_statistics_candidate_search.csv; /mnt/c/Users/spoudel1/OneDrive - St. Jude Children's Research Hospital/MakeMyFigure_manuscript_final/04_figure_evidence/Figure3/audits/published_statistics_candidate_search.csv; /mnt/c/Users/spoudel1/OneDrive - St. Jude Children's Research Hospital/make_my_plot_figure3/manuscriptv3/Figure3/audit/published_statistics_search_report.md,CC BY 4.0 (licence and licence_url columns of the candidate CSV; no local XML),no,"Figure 3 statistics candidate screen (66 analyses / 27 articles); not downloaded - no XML, no workbook, no image. rejected: P mismatch"
PMC10545539,not recorded (candidate CSV has no author column),2023,Nature Neuroscience,Nature-family,10.1038/s41593-023-01435-z,unknown (no local XML),Fig. 1,b; c; f,bar,/mnt/c/Users/spoudel1/OneDrive - St. Jude Children's Research Hospital/make_my_plot_figure3/manuscriptv3/Figure3/audit/published_statistics_candidate_search.csv; /mnt/c/Users/spoudel1/OneDrive - St. Jude Children's Research Hospital/MakeMyFigure_manuscript_final/04_figure_evidence/Figure3/audits/published_statistics_candidate_search.csv; /mnt/c/Users/spoudel1/OneDrive - St. Jude Children's Research Hospital/make_my_plot_figure3/manuscriptv3/Figure3/audit/published_statistics_search_report.md,CC BY 4.0 (licence and licence_url columns of the candidate CSV; no local XML),no,"Figure 3 statistics candidate screen (66 analyses / 27 articles); not downloaded - no XML, no workbook, no image. mixed-effects / Mann-Whitney"
PMC8938266,not recorded (candidate CSV has no author column),2022,Nature Medicine,Nature-family,10.1038/s41591-022-01696-4,unknown (no local XML),Fig. 1,d (LT-HSC; MPP),bar,/mnt/c/Users/spoudel1/OneDrive - St. Jude Children's Research Hospital/make_my_plot_figure3/manuscriptv3/Figure3/audit/published_statistics_candidate_search.csv; /mnt/c/Users/spoudel1/OneDrive - St. Jude Children's Research Hospital/MakeMyFigure_manuscript_final/04_figure_evidence/Figure3/audits/published_statistics_candidate_search.csv; /mnt/c/Users/spoudel1/OneDrive - St. Jude Children's Research Hospital/make_my_plot_figure3/manuscriptv3/Figure3/audit/published_statistics_search_report.md,CC BY 4.0 (licence and licence_url columns of the candidate CSV; no local XML),no,"Figure 3 statistics candidate screen (66 analyses / 27 articles); not downloaded - no XML, no workbook, no image. only P<0.0001 printed"
PMC10244174,not recorded (candidate CSV has no author column),2023,Nature Neuroscience,Nature-family,10.1038/s41593-023-01326-3,unknown (no local XML),Extended Data Fig. 7,b,bar,/mnt/c/Users/spoudel1/OneDrive - St. Jude Children's Research Hospital/make_my_plot_figure3/manuscriptv3/Figure3/audit/published_statistics_candidate_search.csv; /mnt/c/Users/spoudel1/OneDrive - St. Jude Children's Research Hospital/MakeMyFigure_manuscript_final/04_figure_evidence/Figure3/audits/published_statistics_candidate_search.csv; /mnt/c/Users/spoudel1/OneDrive - St. Jude Children's Research Hospital/make_my_plot_figure3/manuscriptv3/Figure3/audit/published_statistics_search_report.md; /mnt/c/Users/spoudel1/OneDrive - St. Jude Children's Research Hospital/make_my_plot_figure3/manuscriptv3/Figure3/audit/candidate_evidence/D2_PMC10244174.md,CC BY 4.0 (licence and licence_url columns of the candidate CSV; no local XML),no,"Figure 3 statistics candidate screen (66 analyses / 27 articles); not downloaded - no XML, no workbook, no image. Kruskal-Wallis + Dunn/Bonferroni"
PMC9477743,not recorded (candidate CSV has no author column),2022,Nature Immunology,Nature-family,10.1038/s41590-022-01290-3,unknown (no local XML),Fig. 3,a (MCA205 CD44H),bar,/mnt/c/Users/spoudel1/OneDrive - St. Jude Children's Research Hospital/make_my_plot_figure3/manuscriptv3/Figure3/audit/published_statistics_candidate_search.csv; /mnt/c/Users/spoudel1/OneDrive - St. Jude Children's Research Hospital/MakeMyFigure_manuscript_final/04_figure_evidence/Figure3/audits/published_statistics_candidate_search.csv; /mnt/c/Users/spoudel1/OneDrive - St. Jude Children's Research Hospital/make_my_plot_figure3/manuscriptv3/Figure3/audit/published_statistics_search_report.md; /mnt/c/Users/spoudel1/OneDrive - St. Jude Children's Research Hospital/make_my_plot_figure3/manuscriptv3/Figure3/audit/candidate_evidence/D3_PMC9477743.md,CC BY 4.0 (licence and licence_url columns of the candidate CSV; no local XML),no,"Figure 3 statistics candidate screen (66 analyses / 27 articles); not downloaded - no XML, no workbook, no image. one-way ANOVA + Bonferroni, 10 groups"
PMC12148934,not recorded (candidate CSV has no author column),2025,Nature Neuroscience,Nature-family,10.1038/s41593-025-01955-w,unknown (no local XML),Fig. 7,b; c; d; i,bar,/mnt/c/Users/spoudel1/OneDrive - St. Jude Children's Research Hospital/make_my_plot_figure3/manuscriptv3/Figure3/audit/published_statistics_candidate_search.csv; /mnt/c/Users/spoudel1/OneDrive - St. Jude Children's Research Hospital/MakeMyFigure_manuscript_final/04_figure_evidence/Figure3/audits/published_statistics_candidate_search.csv; /mnt/c/Users/spoudel1/OneDrive - St. Jude Children's Research Hospital/make_my_plot_figure3/manuscriptv3/Figure3/audit/published_statistics_search_report.md,CC BY 4.0 (licence and licence_url columns of the candidate CSV; no local XML),no,"Figure 3 statistics candidate screen (66 analyses / 27 articles); not downloaded - no XML, no workbook, no image. rejected: F mismatch"
PMC9398908,not recorded (candidate CSV has no author column),2022,Nature Metabolism,Nature-family,10.1038/s42255-022-00617-6,unknown (no local XML),Fig. 2,a; d; e; f; m,bar,/mnt/c/Users/spoudel1/OneDrive - St. Jude Children's Research Hospital/make_my_plot_figure3/manuscriptv3/Figure3/audit/published_statistics_candidate_search.csv; /mnt/c/Users/spoudel1/OneDrive - St. Jude Children's Research Hospital/MakeMyFigure_manuscript_final/04_figure_evidence/Figure3/audits/published_statistics_candidate_search.csv; /mnt/c/Users/spoudel1/OneDrive - St. Jude Children's Research Hospital/make_my_plot_figure3/manuscriptv3/Figure3/audit/published_statistics_search_report.md,CC BY 4.0 (licence and licence_url columns of the candidate CSV; no local XML),no,"Figure 3 statistics candidate screen (66 analyses / 27 articles); not downloaded - no XML, no workbook, no image. rejected: Grubbs outlier removal"
PMC9481466,not recorded (candidate CSV has no author column),2022,Nature Cell Biology,Nature-family,10.1038/s41556-022-00974-0,unknown (no local XML),Fig. 3,b,bar,/mnt/c/Users/spoudel1/OneDrive - St. Jude Children's Research Hospital/make_my_plot_figure3/manuscriptv3/Figure3/audit/published_statistics_candidate_search.csv; /mnt/c/Users/spoudel1/OneDrive - St. Jude Children's Research Hospital/MakeMyFigure_manuscript_final/04_figure_evidence/Figure3/audits/published_statistics_candidate_search.csv; /mnt/c/Users/spoudel1/OneDrive - St. Jude Children's Research Hospital/make_my_plot_figure3/manuscriptv3/Figure3/audit/published_statistics_search_report.md,CC BY 4.0 (licence and licence_url columns of the candidate CSV; no local XML),no,"Figure 3 statistics candidate screen (66 analyses / 27 articles); not downloaded - no XML, no workbook, no image. only P<0.0001 printed"
PMC12283384,not recorded (candidate CSV has no author column),2025,Nature Medicine,Nature-family,10.1038/s41591-025-03647-1,unknown (no local XML),Fig. 2,c; d; f,survival,/mnt/c/Users/spoudel1/OneDrive - St. Jude Children's Research Hospital/make_my_plot_figure3/manuscriptv3/Figure3/audit/published_statistics_candidate_search.csv; /mnt/c/Users/spoudel1/OneDrive - St. Jude Children's Research Hospital/MakeMyFigure_manuscript_final/04_figure_evidence/Figure3/audits/published_statistics_candidate_search.csv; /mnt/c/Users/spoudel1/OneDrive - St. Jude Children's Research Hospital/make_my_plot_figure3/manuscriptv3/Figure3/audit/published_statistics_search_report.md; /mnt/c/Users/spoudel1/OneDrive - St. Jude Children's Research Hospital/make_my_plot_figure3/manuscriptv3/Figure3/audit/candidate_evidence/F1_PMC12283384.md,CC BY 4.0 (licence and licence_url columns of the candidate CSV; no local XML),no,"Figure 3 statistics candidate screen (66 analyses / 27 articles); not downloaded - no XML, no workbook, no image. two-sided log-rank; SAME article as the stored Figure 2f panel image"
PMC12586148,not recorded (candidate CSV has no author column),2025,Nature Neuroscience,Nature-family,10.1038/s41593-025-02078-y,unknown (no local XML),Fig. 3,c,scatter/regression,/mnt/c/Users/spoudel1/OneDrive - St. Jude Children's Research Hospital/make_my_plot_figure3/manuscriptv3/Figure3/audit/published_statistics_candidate_search.csv; /mnt/c/Users/spoudel1/OneDrive - St. Jude Children's Research Hospital/MakeMyFigure_manuscript_final/04_figure_evidence/Figure3/audits/published_statistics_candidate_search.csv; /mnt/c/Users/spoudel1/OneDrive - St. Jude Children's Research Hospital/make_my_plot_figure3/manuscriptv3/Figure3/audit/published_statistics_search_report.md; /mnt/c/Users/spoudel1/OneDrive - St. Jude Children's Research Hospital/make_my_plot_figure3/manuscriptv3/Figure3/audit/candidate_evidence/F2_PMC12586148.md,CC BY 4.0 (licence and licence_url columns of the candidate CSV; no local XML),no,"Figure 3 statistics candidate screen (66 analyses / 27 articles); not downloaded - no XML, no workbook, no image. Pearson correlation"
PMC10689243,not recorded (candidate CSV has no author column),2023,Nature Neuroscience,Nature-family,10.1038/s41593-023-01451-z,unknown (no local XML),Fig. 3,h,scatter/regression,/mnt/c/Users/spoudel1/OneDrive - St. Jude Children's Research Hospital/make_my_plot_figure3/manuscriptv3/Figure3/audit/published_statistics_candidate_search.csv; /mnt/c/Users/spoudel1/OneDrive - St. Jude Children's Research Hospital/MakeMyFigure_manuscript_final/04_figure_evidence/Figure3/audits/published_statistics_candidate_search.csv; /mnt/c/Users/spoudel1/OneDrive - St. Jude Children's Research Hospital/make_my_plot_figure3/manuscriptv3/Figure3/audit/published_statistics_search_report.md,CC BY 4.0 (licence and licence_url columns of the candidate CSV; no local XML),no,"Figure 3 statistics candidate screen (66 analyses / 27 articles); not downloaded - no XML, no workbook, no image. rejected: only 10 x/y pairs"
PMC12680438,not recorded (candidate CSV has no author column),2025,Nature Cell Biology,Nature-family,10.1038/s41556-025-01814-7,unknown (no local XML),Fig. 3,c; d,bar,/mnt/c/Users/spoudel1/OneDrive - St. Jude Children's Research Hospital/make_my_plot_figure3/manuscriptv3/Figure3/audit/published_statistics_candidate_search.csv; /mnt/c/Users/spoudel1/OneDrive - St. Jude Children's Research Hospital/MakeMyFigure_manuscript_final/04_figure_evidence/Figure3/audits/published_statistics_candidate_search.csv; /mnt/c/Users/spoudel1/OneDrive - St. Jude Children's Research Hospital/make_my_plot_figure3/manuscriptv3/Figure3/audit/published_statistics_search_report.md,CC BY 4.0 (licence and licence_url columns of the candidate CSV; no local XML),no,"Figure 3 statistics candidate screen (66 analyses / 27 articles); not downloaded - no XML, no workbook, no image. rejected: linear mixed-effects"
PMC10963273,not recorded (candidate CSV has no author column),2024,Nature Metabolism,Nature-family,10.1038/s42255-024-00987-z,unknown (no local XML),Fig. 1,(unspecified),bar,/mnt/c/Users/spoudel1/OneDrive - St. Jude Children's Research Hospital/make_my_plot_figure3/manuscriptv3/Figure3/audit/published_statistics_candidate_search.csv; /mnt/c/Users/spoudel1/OneDrive - St. Jude Children's Research Hospital/MakeMyFigure_manuscript_final/04_figure_evidence/Figure3/audits/published_statistics_candidate_search.csv; /mnt/c/Users/spoudel1/OneDrive - St. Jude Children's Research Hospital/make_my_plot_figure3/manuscriptv3/Figure3/audit/published_statistics_search_report.md,CC BY 4.0 (licence and licence_url columns of the candidate CSV; no local XML),no,"Figure 3 statistics candidate screen (66 analyses / 27 articles); not downloaded - no XML, no workbook, no image. rejected"
PMC11065695,not recorded (candidate CSV has no author column),2024,Nature Immunology,Nature-family,10.1038/s41590-024-01798-w,unknown (no local XML),Extended Data Fig. 4; 6,(unspecified),bar,/mnt/c/Users/spoudel1/OneDrive - St. Jude Children's Research Hospital/make_my_plot_figure3/manuscriptv3/Figure3/audit/published_statistics_candidate_search.csv; /mnt/c/Users/spoudel1/OneDrive - St. Jude Children's Research Hospital/MakeMyFigure_manuscript_final/04_figure_evidence/Figure3/audits/published_statistics_candidate_search.csv; /mnt/c/Users/spoudel1/OneDrive - St. Jude Children's Research Hospital/make_my_plot_figure3/manuscriptv3/Figure3/audit/published_statistics_search_report.md,CC BY 4.0 (licence and licence_url columns of the candidate CSV; no local XML),no,"Figure 3 statistics candidate screen (66 analyses / 27 articles); not downloaded - no XML, no workbook, no image. rejected: no spreadsheet"
PMC10786726,not recorded (candidate CSV has no author column),2024,Nature Genetics,Nature-family,10.1038/s41588-023-01592-8,unknown (no local XML),Fig. 3; Extended Data Fig. 1,(unspecified),box/violin,/mnt/c/Users/spoudel1/OneDrive - St. Jude Children's Research Hospital/make_my_plot_figure3/manuscriptv3/Figure3/audit/published_statistics_candidate_search.csv; /mnt/c/Users/spoudel1/OneDrive - St. Jude Children's Research Hospital/MakeMyFigure_manuscript_final/04_figure_evidence/Figure3/audits/published_statistics_candidate_search.csv; /mnt/c/Users/spoudel1/OneDrive - St. Jude Children's Research Hospital/make_my_plot_figure3/manuscriptv3/Figure3/audit/published_statistics_search_report.md,CC BY 4.0 (licence and licence_url columns of the candidate CSV; no local XML),no,"Figure 3 statistics candidate screen (66 analyses / 27 articles); not downloaded - no XML, no workbook, no image. rejected: source data is PDF"
PMC11362016,not recorded (candidate CSV has no author column),2024,Nature Immunology,Nature-family,10.1038/s41590-024-01915-9,unknown (no local XML),Fig. 5,(unspecified),bar,/mnt/c/Users/spoudel1/OneDrive - St. Jude Children's Research Hospital/make_my_plot_figure3/manuscriptv3/Figure3/audit/published_statistics_candidate_search.csv; /mnt/c/Users/spoudel1/OneDrive - St. Jude Children's Research Hospital/MakeMyFigure_manuscript_final/04_figure_evidence/Figure3/audits/published_statistics_candidate_search.csv; /mnt/c/Users/spoudel1/OneDrive - St. Jude Children's Research Hospital/make_my_plot_figure3/manuscriptv3/Figure3/audit/published_statistics_search_report.md,CC BY 4.0 (licence and licence_url columns of the candidate CSV; no local XML),no,"Figure 3 statistics candidate screen (66 analyses / 27 articles); not downloaded - no XML, no workbook, no image. rejected: no spreadsheet"
PMC10232372,not recorded (candidate CSV has no author column),2023,Nature Immunology,Nature-family,10.1038/s41590-023-01508-y,unknown (no local XML),Fig. 4,b; c,line/time-course,/mnt/c/Users/spoudel1/OneDrive - St. Jude Children's Research Hospital/make_my_plot_figure3/manuscriptv3/Figure3/audit/published_statistics_candidate_search.csv; /mnt/c/Users/spoudel1/OneDrive - St. Jude Children's Research Hospital/MakeMyFigure_manuscript_final/04_figure_evidence/Figure3/audits/published_statistics_candidate_search.csv; /mnt/c/Users/spoudel1/OneDrive - St. Jude Children's Research Hospital/make_my_plot_figure3/manuscriptv3/Figure3/audit/published_statistics_search_report.md,CC BY 4.0 (licence and licence_url columns of the candidate CSV; no local XML),no,"Figure 3 statistics candidate screen (66 analyses / 27 articles); not downloaded - no XML, no workbook, no image. rejected"
PMC10322719,not recorded (candidate CSV has no author column),2023,Nature Neuroscience,Nature-family,10.1038/s41593-023-01367-8,unknown (no local XML),Fig. 4,f; g,bar,/mnt/c/Users/spoudel1/OneDrive - St. Jude Children's Research Hospital/make_my_plot_figure3/manuscriptv3/Figure3/audit/published_statistics_candidate_search.csv; /mnt/c/Users/spoudel1/OneDrive - St. Jude Children's Research Hospital/MakeMyFigure_manuscript_final/04_figure_evidence/Figure3/audits/published_statistics_candidate_search.csv; /mnt/c/Users/spoudel1/OneDrive - St. Jude Children's Research Hospital/make_my_plot_figure3/manuscriptv3/Figure3/audit/published_statistics_search_report.md,CC BY 4.0 (licence and licence_url columns of the candidate CSV; no local XML),no,"Figure 3 statistics candidate screen (66 analyses / 27 articles); not downloaded - no XML, no workbook, no image. rejected: trial blocks"
PMC9236901,not recorded (candidate CSV has no author column),2022,Nature Cancer,Nature-family,10.1038/s43018-022-00376-z,unknown (no local XML),Fig. 3,h,box/violin,/mnt/c/Users/spoudel1/OneDrive - St. Jude Children's Research Hospital/make_my_plot_figure3/manuscriptv3/Figure3/audit/published_statistics_candidate_search.csv; /mnt/c/Users/spoudel1/OneDrive - St. Jude Children's Research Hospital/MakeMyFigure_manuscript_final/04_figure_evidence/Figure3/audits/published_statistics_candidate_search.csv; /mnt/c/Users/spoudel1/OneDrive - St. Jude Children's Research Hospital/make_my_plot_figure3/manuscriptv3/Figure3/audit/published_statistics_search_report.md,CC BY 4.0 (licence and licence_url columns of the candidate CSV; no local XML),no,"Figure 3 statistics candidate screen (66 analyses / 27 articles); not downloaded - no XML, no workbook, no image. rejected"
PMC9859760,not recorded (candidate CSV has no author column),2023,Nature Cell Biology,Nature-family,10.1038/s41556-022-01034-3,unknown (no local XML),Fig. 6,D,bar,/mnt/c/Users/spoudel1/OneDrive - St. Jude Children's Research Hospital/make_my_plot_figure3/manuscriptv3/Figure3/audit/published_statistics_candidate_search.csv; /mnt/c/Users/spoudel1/OneDrive - St. Jude Children's Research Hospital/MakeMyFigure_manuscript_final/04_figure_evidence/Figure3/audits/published_statistics_candidate_search.csv; /mnt/c/Users/spoudel1/OneDrive - St. Jude Children's Research Hospital/make_my_plot_figure3/manuscriptv3/Figure3/audit/published_statistics_search_report.md,CC BY 4.0 (licence and licence_url columns of the candidate CSV; no local XML),no,"Figure 3 statistics candidate screen (66 analyses / 27 articles); not downloaded - no XML, no workbook, no image. rejected: 122-column sheet"
PMC8737330,not recorded (candidate CSV has no author column),2022,Nature Neuroscience,Nature-family,10.1038/s41593-021-00951-0,unknown (no local XML),Fig. 2,c,bar,/mnt/c/Users/spoudel1/OneDrive - St. Jude Children's Research Hospital/make_my_plot_figure3/manuscriptv3/Figure3/audit/published_statistics_candidate_search.csv; /mnt/c/Users/spoudel1/OneDrive - St. Jude Children's Research Hospital/MakeMyFigure_manuscript_final/04_figure_evidence/Figure3/audits/published_statistics_candidate_search.csv; /mnt/c/Users/spoudel1/OneDrive - St. Jude Children's Research Hospital/make_my_plot_figure3/manuscriptv3/Figure3/audit/published_statistics_search_report.md,CC BY 4.0 (licence and licence_url columns of the candidate CSV; no local XML),no,"Figure 3 statistics candidate screen (66 analyses / 27 articles); not downloaded - no XML, no workbook, no image. rejected: mixed raw/summary"
PMC12900649,not recorded,2026,Nature Genetics,Nature-family,10.1038/s41588-025-02489-4,unknown (no local XML),Fig. 1; Fig. 4,1e; 4d,volcano/MA,/mnt/c/Users/spoudel1/OneDrive - St. Jude Children's Research Hospital/make_my_plot_figure3/manuscriptv3/Figure3/audit/dataset_search_report.md; /mnt/c/Users/spoudel1/OneDrive - St. Jude Children's Research Hospital/MakeMyFigure_manuscript_final/04_figure_evidence/Figure3/audits/dataset_search_report.md,unknown (not recorded in the search report),no,Figure 3 DE/survival Europe PMC sweep (241 + 80 candidates); named but not downloaded. verified tertiary volcano candidate
PMC12816580,not recorded,2025,Nature Communications,Nature-family,10.1038/s41467-025-67357-5,unknown (no local XML),Fig. 2; Fig. 6,2a; 6a,volcano/MA,/mnt/c/Users/spoudel1/OneDrive - St. Jude Children's Research Hospital/make_my_plot_figure3/manuscriptv3/Figure3/audit/dataset_search_report.md; /mnt/c/Users/spoudel1/OneDrive - St. Jude Children's Research Hospital/MakeMyFigure_manuscript_final/04_figure_evidence/Figure3/audits/dataset_search_report.md,unknown (not recorded in the search report),no,Figure 3 DE/survival Europe PMC sweep (241 + 80 candidates); named but not downloaded. verified (889 vs 890 count discrepancy); same DOI as the Walsh candidate in the Figure 2 screen
PMC11487165,not recorded,2024,Nature Communications,Nature-family,10.1038/s41467-024-53164-x,unknown (no local XML),Fig. 1; Fig. 2; Fig. 5,1d; 1e; 2e; 5g,survival,/mnt/c/Users/spoudel1/OneDrive - St. Jude Children's Research Hospital/make_my_plot_figure3/manuscriptv3/Figure3/audit/dataset_search_report.md; /mnt/c/Users/spoudel1/OneDrive - St. Jude Children's Research Hospital/MakeMyFigure_manuscript_final/04_figure_evidence/Figure3/audits/dataset_search_report.md,unknown (not recorded in the search report),no,Figure 3 DE/survival Europe PMC sweep (241 + 80 candidates); named but not downloaded. verified secondary KM candidate
PMC10359308,not recorded,2023,Nature Communications,Nature-family,10.1038/s41467-023-39817-3,unknown (no local XML),Fig. 5; Fig. 6,5f-h; 6e; 6i,survival,/mnt/c/Users/spoudel1/OneDrive - St. Jude Children's Research Hospital/make_my_plot_figure3/manuscriptv3/Figure3/audit/dataset_search_report.md; /mnt/c/Users/spoudel1/OneDrive - St. Jude Children's Research Hospital/MakeMyFigure_manuscript_final/04_figure_evidence/Figure3/audits/dataset_search_report.md,unknown (not recorded in the search report),no,Figure 3 DE/survival Europe PMC sweep (241 + 80 candidates); named but not downloaded. alternate KM; p-values only on-figure
PMC10147683; PMC6318318; PMC7368010; PMC10562403; PMC10244377; PMC10954618; PMC12589118; PMC11186758; PMC10724271; PMC9474545; PMC8894430; PMC12002129; PMC12204135; PMC11317166; PMC10985093,not recorded,2019-2025,various (Nature Communications / Nature),Nature-family,not recorded,unknown,not recorded,not recorded,volcano/MA,/mnt/c/Users/spoudel1/OneDrive - St. Jude Children's Research Hospital/make_my_plot_figure3/manuscriptv3/Figure3/audit/dataset_search_report.md; /mnt/c/Users/spoudel1/OneDrive - St. Jude Children's Research Hospital/MakeMyFigure_manuscript_final/04_figure_evidence/Figure3/audits/dataset_search_report.md,unknown,no,"Bulk row: 15 rejected/unverified Target-1 volcano hits from the Figure 3 sweep, recorded as PMCIDs only."
PMC10876971; PMC11183137; PMC10499981; PMC10837126; PMC10033905; PMC12354865,not recorded,2023-2025,various,Nature-family,not recorded,unknown,not recorded,not recorded,survival,/mnt/c/Users/spoudel1/OneDrive - St. Jude Children's Research Hospital/make_my_plot_figure3/manuscriptv3/Figure3/audit/dataset_search_report.md; /mnt/c/Users/spoudel1/OneDrive - St. Jude Children's Research Hospital/MakeMyFigure_manuscript_final/04_figure_evidence/Figure3/audits/dataset_search_report.md,unknown,no,"Bulk row: 6 partially verified Target-2 Kaplan-Meier hits from the Figure 3 sweep, recorded as PMCIDs only."
