paper_id,journal,journal_family,figure_number,panel,plot_family,spines,tick_direction,grid,background,error_bar_style,points_overlaid,marker_fill,marker_size_class,line_weight_class,axis_line_weight_class,legend_position,legend_frame,legend_entries,n_categorical_colours,palette_class,sequential_cmap_class,colourbar_position,panel_label_case,panel_label_weight,panel_label_size_class,font_class,axis_label_weight,title_present,significance_style,brackets,n_stated_in_panel,tick_label_density,x_tick_rotation,panel_aspect_class,confidence,notes,image_path,reviewer
PMC11687419,Molecular Cell,Cell,1,D,heatmap,box,out,none,white,na,na,na,na,heavy,UNKNOWN,none,na,na,1,sequential,other,bottom,upper,bold,larger,sans,regular,yes,na,na,yes,sparse,0,tall,medium,white-to-red cmap; average profile line above heatmap; axis_line_weight UNKNOWN because 735 px,/mnt/c/Users/spoudel1/OneDrive - St. Jude Children's Research Hospital/make_my_plot_journal_presets/PRIVATE_REFERENCE_ONLY/corpus/PMC11687419/figures/Fig1.jpg,cell_2
PMC11687419,Molecular Cell,Cell,1,E,other_quant,L,UNKNOWN,none,white,none,na,na,na,na,UNKNOWN,below,no,2,3,saturated,na,na,upper,bold,larger,sans,regular,no,na,na,no,sparse,na,square,low,genome browser signal tracks; strand key as coloured text below; tick_direction UNKNOWN because small,/mnt/c/Users/spoudel1/OneDrive - St. Jude Children's Research Hospital/make_my_plot_journal_presets/PRIVATE_REFERENCE_ONLY/corpus/PMC11687419/figures/Fig1.jpg,cell_2
PMC11687419,Molecular Cell,Cell,1,F,grouped_bar,LB,out,none,white,none,no,na,na,na,UNKNOWN,inside,no,3,3,saturated,na,na,upper,bold,larger,sans,regular,no,none,no,no,sparse,0,wide,high,,/mnt/c/Users/spoudel1/OneDrive - St. Jude Children's Research Hospital/make_my_plot_journal_presets/PRIVATE_REFERENCE_ONLY/corpus/PMC11687419/figures/Fig1.jpg,cell_2
PMC11687419,Molecular Cell,Cell,3,A,box,box,out,none,white,box_whisker,yes,filled,small,na,UNKNOWN,below,no,7,7,muted,na,na,upper,bold,larger,sans,regular,yes,none,no,no,dense,45,wide,high,jittered points behind boxes; two sub-panels sharing y axis,/mnt/c/Users/spoudel1/OneDrive - St. Jude Children's Research Hospital/make_my_plot_journal_presets/PRIVATE_REFERENCE_ONLY/corpus/PMC11687419/figures/Fig3.jpg,cell_2
PMC11687419,Molecular Cell,Cell,3,B,other_quant,none,none,none,white,na,na,na,na,na,UNKNOWN,none,na,na,3,muted,na,na,upper,bold,larger,sans,regular,no,na,na,yes,sparse,na,square,medium,area-proportional Venn diagram with counts printed inside,/mnt/c/Users/spoudel1/OneDrive - St. Jude Children's Research Hospital/make_my_plot_journal_presets/PRIVATE_REFERENCE_ONLY/corpus/PMC11687419/figures/Fig3.jpg,cell_2
PMC11687419,Molecular Cell,Cell,3,C,heatmap,none,out,none,white,na,na,na,na,na,UNKNOWN,none,na,na,0,diverging,blue_red,none,upper,bold,larger,sans,regular,yes,na,na,yes,normal,45,square,high,values printed in cells; no colourbar,/mnt/c/Users/spoudel1/OneDrive - St. Jude Children's Research Hospital/make_my_plot_journal_presets/PRIVATE_REFERENCE_ONLY/corpus/PMC11687419/figures/Fig3.jpg,cell_2
PMC11687419,Molecular Cell,Cell,3,D,heatmap,box,out,none,white,na,na,na,na,heavy,UNKNOWN,inside,no,2,2,mixed,other,bottom,upper,bold,larger,sans,regular,yes,na,na,yes,sparse,0,square,medium,"four different white-to-colour cmaps (magenta, green, orange-red, blue); profile lines above heatmaps",/mnt/c/Users/spoudel1/OneDrive - St. Jude Children's Research Hospital/make_my_plot_journal_presets/PRIVATE_REFERENCE_ONLY/corpus/PMC11687419/figures/Fig3.jpg,cell_2
PMC11687419,Molecular Cell,Cell,3,E,other_quant,L,UNKNOWN,none,white,none,na,na,na,na,UNKNOWN,none,na,na,4,muted,na,na,upper,bold,larger,sans,regular,no,na,na,no,sparse,na,square,low,genome browser tracks with shaded highlight regions; tick_direction UNKNOWN because small,/mnt/c/Users/spoudel1/OneDrive - St. Jude Children's Research Hospital/make_my_plot_journal_presets/PRIVATE_REFERENCE_ONLY/corpus/PMC11687419/figures/Fig3.jpg,cell_2
PMC11687419,Molecular Cell,Cell,3,F,scatter,box,out,none,white,none,na,mixed,medium,na,UNKNOWN,inside,no,3,3,muted,na,na,upper,bold,larger,sans,regular,no,na,na,no,sparse,0,wide,medium,grey open circles with three filled highlighted points; text labels on outliers,/mnt/c/Users/spoudel1/OneDrive - St. Jude Children's Research Hospital/make_my_plot_journal_presets/PRIVATE_REFERENCE_ONLY/corpus/PMC11687419/figures/Fig3.jpg,cell_2
PMC11687419,Molecular Cell,Cell,4,A,sankey,B,none,none,white,na,na,na,na,na,UNKNOWN,outside_top,no,2,3,saturated,na,na,upper,bold,larger,sans,regular,no,na,na,yes,sparse,0,tall,medium,counts printed inside nodes,/mnt/c/Users/spoudel1/OneDrive - St. Jude Children's Research Hospital/make_my_plot_journal_presets/PRIVATE_REFERENCE_ONLY/corpus/PMC11687419/figures/Fig4.jpg,cell_2
PMC11687419,Molecular Cell,Cell,4,B,box,LB,out,none,white,box_whisker,yes,filled,medium,hairline,UNKNOWN,inside,no,2,2,muted,na,na,upper,bold,larger,sans,regular,yes,none,no,no,sparse,0,tall,medium,bottom half of panel only (top half is a circular schematic); paired points joined by thin grey lines,/mnt/c/Users/spoudel1/OneDrive - St. Jude Children's Research Hospital/make_my_plot_journal_presets/PRIVATE_REFERENCE_ONLY/corpus/PMC11687419/figures/Fig4.jpg,cell_2
PMC11687419,Molecular Cell,Cell,4,D,heatmap,none,out,none,white,na,na,na,na,na,UNKNOWN,none,na,na,0,diverging,other,right,upper,bold,larger,sans,regular,yes,na,na,no,normal,45,tall,high,green-white-pink diverging cmap; values printed in cells,/mnt/c/Users/spoudel1/OneDrive - St. Jude Children's Research Hospital/make_my_plot_journal_presets/PRIVATE_REFERENCE_ONLY/corpus/PMC11687419/figures/Fig4.jpg,cell_2
PMC11687419,Molecular Cell,Cell,4,E,scatter,box,out,none,white,none,na,filled,small,na,UNKNOWN,none,na,na,1,saturated,na,na,upper,bold,larger,sans,regular,yes,none,na,no,sparse,0,wide,medium,three square sub-panels; dashed zero lines; r printed in corner,/mnt/c/Users/spoudel1/OneDrive - St. Jude Children's Research Hospital/make_my_plot_journal_presets/PRIVATE_REFERENCE_ONLY/corpus/PMC11687419/figures/Fig4.jpg,cell_2
PMC11687419,Molecular Cell,Cell,4,F,heatmap,none,out,none,white,na,na,na,na,na,UNKNOWN,none,na,na,0,diverging,other,right,upper,bold,larger,sans,regular,yes,na,na,no,normal,45,tall,high,green-white-pink diverging cmap; values printed in cells,/mnt/c/Users/spoudel1/OneDrive - St. Jude Children's Research Hospital/make_my_plot_journal_presets/PRIVATE_REFERENCE_ONLY/corpus/PMC11687419/figures/Fig4.jpg,cell_2
PMC11738662,Cell Systems,Cell,1,B,stacked_bar,none,none,none,white,none,no,na,na,na,UNKNOWN,inside,no,3,3,saturated,na,na,upper,bold,larger,sans,regular,yes,none,no,no,normal,0,wide,high,ggplot-style with grey header strip; no axis lines or ticks; last bar highlighted with blue shaded box,/mnt/c/Users/spoudel1/OneDrive - St. Jude Children's Research Hospital/make_my_plot_journal_presets/PRIVATE_REFERENCE_ONLY/corpus/PMC11738662/figures/Fig1.jpg,cell_2
PMC11738662,Cell Systems,Cell,1,C,scatter,box,out,none,white,none,na,filled,medium,na,regular,inside,no,na,0,sequential,viridis_like,inside,upper,bold,larger,sans,regular,yes,na,na,no,sparse,0,square,medium,hexbin density scatter; four square sub-panels sharing axes; inset in one sub-panel,/mnt/c/Users/spoudel1/OneDrive - St. Jude Children's Research Hospital/make_my_plot_journal_presets/PRIVATE_REFERENCE_ONLY/corpus/PMC11738662/figures/Fig1.jpg,cell_2
PMC11738662,Cell Systems,Cell,1,D,grouped_bar,box,out,none,white,bars,no,na,na,na,regular,inside,yes,2,2,saturated,na,na,upper,bold,larger,sans,regular,no,none,no,no,normal,0,wide,high,two stacked sub-panels sharing x axis; grey vs blue; legend has title,/mnt/c/Users/spoudel1/OneDrive - St. Jude Children's Research Hospital/make_my_plot_journal_presets/PRIVATE_REFERENCE_ONLY/corpus/PMC11738662/figures/Fig1.jpg,cell_2
PMC11738662,Cell Systems,Cell,1,E,heatmap,none,out,none,white,na,na,na,na,na,UNKNOWN,none,na,na,0,diverging,blue_white_red,right,upper,bold,larger,sans,regular,no,na,na,no,normal,90,square,high,,/mnt/c/Users/spoudel1/OneDrive - St. Jude Children's Research Hospital/make_my_plot_journal_presets/PRIVATE_REFERENCE_ONLY/corpus/PMC11738662/figures/Fig1.jpg,cell_2
PMC11738662,Cell Systems,Cell,1,F,heatmap,none,out,none,white,na,na,na,na,na,UNKNOWN,none,na,na,0,diverging,blue_white_red,right,upper,bold,larger,sans,regular,no,na,na,no,normal,90,square,high,,/mnt/c/Users/spoudel1/OneDrive - St. Jude Children's Research Hospital/make_my_plot_journal_presets/PRIVATE_REFERENCE_ONLY/corpus/PMC11738662/figures/Fig1.jpg,cell_2
PMC11738662,Cell Systems,Cell,2,A,dot_bubble,box,out,none,white,none,na,filled,large,regular,regular,inside,yes,5,3,muted,na,na,upper,bold,larger,sans,regular,no,na,na,no,sparse,0,wide,medium,log-log axes; dashed grey reference line; text labels beside bubbles; more panels not reviewed,/mnt/c/Users/spoudel1/OneDrive - St. Jude Children's Research Hospital/make_my_plot_journal_presets/PRIVATE_REFERENCE_ONLY/corpus/PMC11738662/figures/Fig2.jpg,cell_2
PMC11738662,Cell Systems,Cell,2,B,heatmap_clustered,none,none,none,white,na,na,na,na,na,UNKNOWN,none,na,na,0,diverging,other,left,upper,bold,larger,sans,regular,no,na,na,no,normal,na,square,medium,blue-black-orange cmap; row dendrogram and colour strip at left; no column labels; more panels not reviewed,/mnt/c/Users/spoudel1/OneDrive - St. Jude Children's Research Hospital/make_my_plot_journal_presets/PRIVATE_REFERENCE_ONLY/corpus/PMC11738662/figures/Fig2.jpg,cell_2
PMC11738662,Cell Systems,Cell,2,C,heatmap_clustered,none,none,none,white,na,na,na,na,na,UNKNOWN,none,na,na,0,diverging,other,none,upper,bold,larger,sans,regular,no,na,na,no,normal,na,square,medium,shares colourbar with B; more panels not reviewed,/mnt/c/Users/spoudel1/OneDrive - St. Jude Children's Research Hospital/make_my_plot_journal_presets/PRIVATE_REFERENCE_ONLY/corpus/PMC11738662/figures/Fig2.jpg,cell_2
PMC11738662,Cell Systems,Cell,2,D,heatmap_clustered,none,none,none,white,na,na,na,na,na,UNKNOWN,none,na,na,0,diverging,blue_white_red,left,upper,bold,larger,sans,regular,no,na,na,yes,normal,0,square,medium,count annotation bars above; row dendrogram and colour strip left; axis arrows in corner; more panels not reviewed,/mnt/c/Users/spoudel1/OneDrive - St. Jude Children's Research Hospital/make_my_plot_journal_presets/PRIVATE_REFERENCE_ONLY/corpus/PMC11738662/figures/Fig2.jpg,cell_2
PMC11738662,Cell Systems,Cell,2,E,heatmap,none,none,none,white,na,na,na,na,na,UNKNOWN,outside_right,no,7,0,sequential,other,right,upper,bold,larger,sans,regular,no,na,na,no,dense,90,wide,medium,two sequential cmaps (mako-like and rocket-like) in one panel; categorical annotation bar above; more panels not reviewed,/mnt/c/Users/spoudel1/OneDrive - St. Jude Children's Research Hospital/make_my_plot_journal_presets/PRIVATE_REFERENCE_ONLY/corpus/PMC11738662/figures/Fig2.jpg,cell_2
PMC11738662,Cell Systems,Cell,2,F,other_quant,box,none,none,white,none,na,na,na,na,UNKNOWN,none,na,na,2,muted,na,na,upper,bold,larger,sans,regular,no,na,na,no,sparse,0,wide,low,genome browser coverage tracks with shaded highlight and annotation boxes; more panels not reviewed,/mnt/c/Users/spoudel1/OneDrive - St. Jude Children's Research Hospital/make_my_plot_journal_presets/PRIVATE_REFERENCE_ONLY/corpus/PMC11738662/figures/Fig2.jpg,cell_2
PMC11738662,Cell Systems,Cell,2,G,other_quant,box,none,none,white,none,na,na,na,na,UNKNOWN,none,na,na,2,muted,na,na,upper,bold,larger,sans,regular,no,na,na,no,sparse,0,wide,low,genome browser coverage tracks with shaded highlight and annotation boxes; more panels not reviewed,/mnt/c/Users/spoudel1/OneDrive - St. Jude Children's Research Hospital/make_my_plot_journal_presets/PRIVATE_REFERENCE_ONLY/corpus/PMC11738662/figures/Fig2.jpg,cell_2
PMC11738662,Cell Systems,Cell,2,H,heatmap,none,none,none,white,na,na,na,na,na,UNKNOWN,none,na,na,0,sequential,other,none,upper,bold,larger,sans,regular,no,na,na,no,normal,90,square,medium,shares colourbars and key with E; more panels not reviewed,/mnt/c/Users/spoudel1/OneDrive - St. Jude Children's Research Hospital/make_my_plot_journal_presets/PRIVATE_REFERENCE_ONLY/corpus/PMC11738662/figures/Fig2.jpg,cell_2
PMC11913779,Cancer Cell,Cell,1,B,survival,LB,out,none,white,none,na,na,na,regular,UNKNOWN,outside_top,no,1,1,muted,na,na,upper,bold,larger,sans,regular,yes,none,na,yes,sparse,0,square,medium,dashed median line; number-at-risk table below plot; censor ticks on curve,/mnt/c/Users/spoudel1/OneDrive - St. Jude Children's Research Hospital/make_my_plot_journal_presets/PRIVATE_REFERENCE_ONLY/corpus/PMC11913779/figures/Fig1.jpg,cell_2
PMC11913779,Cancer Cell,Cell,1,C,survival,LB,out,none,white,none,na,na,na,regular,UNKNOWN,outside_top,no,1,1,muted,na,na,upper,bold,larger,sans,regular,yes,none,na,yes,sparse,0,square,medium,dashed median line; number-at-risk table below plot; censor ticks on curve,/mnt/c/Users/spoudel1/OneDrive - St. Jude Children's Research Hospital/make_my_plot_journal_presets/PRIVATE_REFERENCE_ONLY/corpus/PMC11913779/figures/Fig1.jpg,cell_2
PMC11913779,Cancer Cell,Cell,1,D,bar,LB,out,none,white,none,no,na,na,na,UNKNOWN,outside_right,no,4,4,saturated,na,na,upper,bold,larger,sans,regular,no,none,no,no,sparse,na,wide,medium,waterfall plot; ggplot default hue colours; dashed threshold lines; x ticks without labels; asterisks are footnote markers,/mnt/c/Users/spoudel1/OneDrive - St. Jude Children's Research Hospital/make_my_plot_journal_presets/PRIVATE_REFERENCE_ONLY/corpus/PMC11913779/figures/Fig1.jpg,cell_2
PMC11913779,Cancer Cell,Cell,1,E,line,LB,out,none,white,none,na,na,na,regular,UNKNOWN,outside_right,no,4,4,saturated,na,na,upper,bold,larger,sans,regular,no,none,no,no,sparse,0,wide,medium,spider plot; dashed threshold lines; phase labels with bars above plot,/mnt/c/Users/spoudel1/OneDrive - St. Jude Children's Research Hospital/make_my_plot_journal_presets/PRIVATE_REFERENCE_ONLY/corpus/PMC11913779/figures/Fig1.jpg,cell_2
PMC11913779,Cancer Cell,Cell,2,B,volcano,LB,out,none,white,none,na,filled,small,na,UNKNOWN,none,na,na,2,saturated,na,na,upper,bold,larger,sans,regular,yes,none,na,no,sparse,0,square,medium,red vs grey points; many gene labels with leader lines; inset paired line plot with grey facet strips; direction arrows along x axis,/mnt/c/Users/spoudel1/OneDrive - St. Jude Children's Research Hospital/make_my_plot_journal_presets/PRIVATE_REFERENCE_ONLY/corpus/PMC11913779/figures/Fig2.jpg,cell_2
PMC11913779,Cancer Cell,Cell,2,C,scatter_regression,LB,out,none,white,band,na,filled,medium,heavy,UNKNOWN,outside_top,no,4,4,saturated,na,na,upper,bold,larger,sans,regular,no,p_values,no,no,sparse,0,square,medium,grey confidence band; dashed reference lines; R and p printed in corner; coloured bracket labels above plot,/mnt/c/Users/spoudel1/OneDrive - St. Jude Children's Research Hospital/make_my_plot_journal_presets/PRIVATE_REFERENCE_ONLY/corpus/PMC11913779/figures/Fig2.jpg,cell_2
PMC11913779,Cancer Cell,Cell,2,D,bar,L,out,major,white,none,no,na,na,na,UNKNOWN,none,na,na,2,diverging,na,none,upper,bold,larger,sans,regular,yes,p_values,no,no,dense,0,square,medium,horizontal diverging bars; dashed horizontal separators counted as grid; bars shaded by adjusted p; p values printed on bars; gene lists beside bars,/mnt/c/Users/spoudel1/OneDrive - St. Jude Children's Research Hospital/make_my_plot_journal_presets/PRIVATE_REFERENCE_ONLY/corpus/PMC11913779/figures/Fig2.jpg,cell_2
PMC11913779,Cancer Cell,Cell,2,E,bar,L,out,major,white,none,no,na,na,na,UNKNOWN,none,na,na,2,diverging,na,none,upper,bold,larger,sans,regular,yes,p_values,no,no,dense,0,square,low,same design as D; very small text,/mnt/c/Users/spoudel1/OneDrive - St. Jude Children's Research Hospital/make_my_plot_journal_presets/PRIVATE_REFERENCE_ONLY/corpus/PMC11913779/figures/Fig2.jpg,cell_2
PMC11913779,Cancer Cell,Cell,2,F,bar,L,out,major,white,none,no,na,na,na,UNKNOWN,none,na,na,2,diverging,na,none,upper,bold,larger,sans,regular,yes,p_values,no,no,dense,0,square,low,same design as D; very small text,/mnt/c/Users/spoudel1/OneDrive - St. Jude Children's Research Hospital/make_my_plot_journal_presets/PRIVATE_REFERENCE_ONLY/corpus/PMC11913779/figures/Fig2.jpg,cell_2
PMC11913779,Cancer Cell,Cell,3,A,bar,LB,out,major,white,none,no,na,na,na,UNKNOWN,none,na,na,2,diverging,na,none,upper,bold,larger,sans,regular,no,p_values,no,no,normal,0,wide,medium,horizontal diverging bars; dashed separators counted as grid; p values printed on bars,/mnt/c/Users/spoudel1/OneDrive - St. Jude Children's Research Hospital/make_my_plot_journal_presets/PRIVATE_REFERENCE_ONLY/corpus/PMC11913779/figures/Fig3.jpg,cell_2
PMC11913779,Cancer Cell,Cell,3,B,heatmap,none,none,none,white,na,na,na,na,na,UNKNOWN,outside_right,no,6,0,sequential,viridis_like,right,upper,bold,larger,sans,regular,no,na,na,no,dense,na,tall,medium,inferno-like cmap; categorical annotation bars top and left; row blocks separated by gaps; no column labels,/mnt/c/Users/spoudel1/OneDrive - St. Jude Children's Research Hospital/make_my_plot_journal_presets/PRIVATE_REFERENCE_ONLY/corpus/PMC11913779/figures/Fig3.jpg,cell_2
PMC11913779,Cancer Cell,Cell,3,D,sankey,none,none,none,white,na,na,na,na,na,UNKNOWN,none,na,na,4,mixed,na,na,upper,bold,larger,sans,regular,no,na,na,no,dense,na,tall,low,four central node colours plus many small coloured side nodes; grey ribbons,/mnt/c/Users/spoudel1/OneDrive - St. Jude Children's Research Hospital/make_my_plot_journal_presets/PRIVATE_REFERENCE_ONLY/corpus/PMC11913779/figures/Fig3.jpg,cell_2
PMC11913779,Cancer Cell,Cell,3,E,pca_umap,LB,out,none,white,none,na,filled,small,na,UNKNOWN,inside,no,4,4,saturated,na,na,upper,bold,larger,sans,regular,yes,na,na,no,sparse,0,square,high,coloured text labels on plot serve as legend; ggplot default hue colours,/mnt/c/Users/spoudel1/OneDrive - St. Jude Children's Research Hospital/make_my_plot_journal_presets/PRIVATE_REFERENCE_ONLY/corpus/PMC11913779/figures/Fig3.jpg,cell_2
PMC11913779,Cancer Cell,Cell,3,F,dot_bubble,LB,out,none,white,none,na,filled,medium,na,UNKNOWN,outside_right,no,5,0,sequential,other,right,upper,bold,larger,sans,regular,no,na,na,no,dense,45,tall,medium,light grey to purple-blue cmap; size legend plus colourbar,/mnt/c/Users/spoudel1/OneDrive - St. Jude Children's Research Hospital/make_my_plot_journal_presets/PRIVATE_REFERENCE_ONLY/corpus/PMC11913779/figures/Fig3.jpg,cell_2
PMC11922821,Cell Systems,Cell,1,B,line,LB,out,none,white,none,na,filled,medium,heavy,UNKNOWN,inside,no,2,2,saturated,na,na,upper,bold,larger,sans,regular,no,none,no,no,sparse,0,square,low,right sub-panel only; left part is a UMAP overview with schematic; one series dashed; more panels not reviewed,/mnt/c/Users/spoudel1/OneDrive - St. Jude Children's Research Hospital/make_my_plot_journal_presets/PRIVATE_REFERENCE_ONLY/corpus/PMC11922821/figures/Fig1.jpg,cell_2
PMC11922821,Cell Systems,Cell,1,E,line,LB,out,none,white,bars_caps,yes,open,medium,regular,UNKNOWN,outside_top,no,2,2,saturated,na,na,upper,bold,larger,sans,regular,no,p_values,yes,no,sparse,0,wide,medium,left sub-panel line with open markers; right sub-panel bar with points (x labels rotated 90); more panels not reviewed,/mnt/c/Users/spoudel1/OneDrive - St. Jude Children's Research Hospital/make_my_plot_journal_presets/PRIVATE_REFERENCE_ONLY/corpus/PMC11922821/figures/Fig1.jpg,cell_2
PMC11922821,Cell Systems,Cell,1,G,violin,LB,out,none,white,na,yes,open,small,na,UNKNOWN,none,na,na,0,monochrome_black,na,na,upper,bold,larger,sans,regular,no,p_values,yes,no,normal,45,tall,medium,broken y axis; black outline violins with open points; more panels not reviewed,/mnt/c/Users/spoudel1/OneDrive - St. Jude Children's Research Hospital/make_my_plot_journal_presets/PRIVATE_REFERENCE_ONLY/corpus/PMC11922821/figures/Fig1.jpg,cell_2
PMC11922821,Cell Systems,Cell,1,I,line,LB,out,none,white,bars_caps,na,filled,small,regular,UNKNOWN,outside_top,no,2,1,muted,na,na,upper,bold,larger,sans,regular,yes,p_values,yes,no,sparse,0,wide,medium,two sub-panels; header with icon acts as title; symbol key above; more panels not reviewed,/mnt/c/Users/spoudel1/OneDrive - St. Jude Children's Research Hospital/make_my_plot_journal_presets/PRIVATE_REFERENCE_ONLY/corpus/PMC11922821/figures/Fig1.jpg,cell_2
PMC11922821,Cell Systems,Cell,1,J,line,LB,out,none,white,bars_caps,na,filled,small,regular,UNKNOWN,none,na,na,1,muted,na,na,upper,bold,larger,sans,regular,yes,p_values,yes,no,sparse,0,wide,medium,two sub-panels; header with icon acts as title; more panels not reviewed,/mnt/c/Users/spoudel1/OneDrive - St. Jude Children's Research Hospital/make_my_plot_journal_presets/PRIVATE_REFERENCE_ONLY/corpus/PMC11922821/figures/Fig1.jpg,cell_2
PMC11922821,Cell Systems,Cell,1,K,line,LB,out,none,white,bars_caps,na,filled,small,regular,UNKNOWN,none,na,na,1,muted,na,na,upper,bold,larger,sans,regular,yes,p_values,yes,no,sparse,0,wide,medium,two sub-panels; header with icon acts as title; partly cropped at figure bottom; more panels not reviewed,/mnt/c/Users/spoudel1/OneDrive - St. Jude Children's Research Hospital/make_my_plot_journal_presets/PRIVATE_REFERENCE_ONLY/corpus/PMC11922821/figures/Fig1.jpg,cell_2
PMC11922821,Cell Systems,Cell,1,N,dot_strip,LB,out,none,white,bars_caps,yes,open,small,na,UNKNOWN,none,na,na,0,monochrome_black,na,na,upper,bold,larger,sans,regular,no,p_values,yes,no,normal,45,tall,medium,mean line with error bars over open points; more panels not reviewed,/mnt/c/Users/spoudel1/OneDrive - St. Jude Children's Research Hospital/make_my_plot_journal_presets/PRIVATE_REFERENCE_ONLY/corpus/PMC11922821/figures/Fig1.jpg,cell_2
PMC11922821,Cell Systems,Cell,1,O,dot_strip,LB,out,none,white,bars_caps,yes,open,small,na,UNKNOWN,none,na,na,0,monochrome_black,na,na,upper,bold,larger,sans,regular,no,p_values,yes,no,normal,45,tall,medium,mean line with error bars over open points; more panels not reviewed,/mnt/c/Users/spoudel1/OneDrive - St. Jude Children's Research Hospital/make_my_plot_journal_presets/PRIVATE_REFERENCE_ONLY/corpus/PMC11922821/figures/Fig1.jpg,cell_2
PMC11922821,Cell Systems,Cell,3,B,box,LB,out,none,white,box_whisker,yes,filled,medium,na,UNKNOWN,none,na,na,0,monochrome_black,na,na,upper,bold,larger,sans,regular,no,p_values,yes,no,normal,90,tall,high,three sub-panels; black boxes with black points,/mnt/c/Users/spoudel1/OneDrive - St. Jude Children's Research Hospital/make_my_plot_journal_presets/PRIVATE_REFERENCE_ONLY/corpus/PMC11922821/figures/Fig3.jpg,cell_2
PMC11922821,Cell Systems,Cell,3,D,bar,LB,out,none,white,bars_caps,yes,open,small,na,UNKNOWN,none,na,na,2,saturated,na,na,upper,bold,larger,sans,regular,yes,ns_marks,no,no,sparse,0,tall,medium,right sub-panel only (left is histology); open outlined bars; dashed reference line at 1,/mnt/c/Users/spoudel1/OneDrive - St. Jude Children's Research Hospital/make_my_plot_journal_presets/PRIVATE_REFERENCE_ONLY/corpus/PMC11922821/figures/Fig3.jpg,cell_2
PMC11922821,Cell Systems,Cell,3,E,bar,LB,out,none,white,bars_caps,yes,open,small,na,UNKNOWN,none,na,na,2,saturated,na,na,upper,bold,larger,sans,regular,yes,p_values,no,no,sparse,0,tall,medium,right sub-panel only (left is histology); open outlined bars; dashed reference line at 1,/mnt/c/Users/spoudel1/OneDrive - St. Jude Children's Research Hospital/make_my_plot_journal_presets/PRIVATE_REFERENCE_ONLY/corpus/PMC11922821/figures/Fig3.jpg,cell_2
PMC11922821,Cell Systems,Cell,3,F,heatmap,box,none,none,white,na,na,na,na,na,UNKNOWN,none,na,na,0,diverging,blue_white_red,none,upper,bold,larger,sans,regular,yes,na,na,no,sparse,0,wide,medium,thin black frame; group labels coloured red/blue; colourbar shared with G,/mnt/c/Users/spoudel1/OneDrive - St. Jude Children's Research Hospital/make_my_plot_journal_presets/PRIVATE_REFERENCE_ONLY/corpus/PMC11922821/figures/Fig3.jpg,cell_2
PMC11922821,Cell Systems,Cell,3,G,heatmap,box,none,none,white,na,na,na,na,na,UNKNOWN,none,na,na,0,diverging,blue_white_red,bottom,upper,bold,larger,sans,regular,yes,na,na,no,sparse,0,wide,medium,thin black frame; small colourbar at bottom right,/mnt/c/Users/spoudel1/OneDrive - St. Jude Children's Research Hospital/make_my_plot_journal_presets/PRIVATE_REFERENCE_ONLY/corpus/PMC11922821/figures/Fig3.jpg,cell_2
PMC11922821,Cell Systems,Cell,3,H,other_quant,none,none,none,white,na,na,na,na,na,UNKNOWN,outside_top,no,2,2,saturated,na,na,upper,bold,larger,sans,regular,yes,na,na,no,dense,90,wide,medium,hierarchical clustering dendrograms; leaf labels coloured by group with symbols,/mnt/c/Users/spoudel1/OneDrive - St. Jude Children's Research Hospital/make_my_plot_journal_presets/PRIVATE_REFERENCE_ONLY/corpus/PMC11922821/figures/Fig3.jpg,cell_2
PMC11922821,Cell Systems,Cell,3,I,scatter,LB,out,none,white,bars_caps,na,open,large,heavy,UNKNOWN,inside,no,2,2,saturated,na,na,upper,bold,larger,sans,regular,no,none,no,no,sparse,0,square,medium,points joined by lines with direction arrows; error bars on both axes; dashed reference lines; coloured text legend,/mnt/c/Users/spoudel1/OneDrive - St. Jude Children's Research Hospital/make_my_plot_journal_presets/PRIVATE_REFERENCE_ONLY/corpus/PMC11922821/figures/Fig3.jpg,cell_2
PMC11922821,Cell Systems,Cell,3,J,dot_strip,LB,out,none,white,bars_caps,yes,open,small,na,UNKNOWN,inside,no,2,2,saturated,na,na,upper,bold,larger,sans,regular,yes,p_values,yes,no,sparse,0,tall,medium,two stacked sub-panels; fold change printed with p values,/mnt/c/Users/spoudel1/OneDrive - St. Jude Children's Research Hospital/make_my_plot_journal_presets/PRIVATE_REFERENCE_ONLY/corpus/PMC11922821/figures/Fig3.jpg,cell_2
PMC11922821,Cell Systems,Cell,4,A,scatter,none,none,none,white,none,na,filled,small,na,UNKNOWN,inside,no,2,2,saturated,na,na,upper,bold,larger,sans,regular,yes,na,na,no,sparse,na,square,medium,archetype polytope scatter; vertex text labels; icon plus title above; more panels not reviewed,/mnt/c/Users/spoudel1/OneDrive - St. Jude Children's Research Hospital/make_my_plot_journal_presets/PRIVATE_REFERENCE_ONLY/corpus/PMC11922821/figures/Fig4.jpg,cell_2
PMC11922821,Cell Systems,Cell,4,B,scatter,box,UNKNOWN,none,white,bars_caps,na,filled,small,regular,UNKNOWN,below,no,5,5,mixed,rainbow,bottom,upper,bold,larger,sans,regular,yes,na,na,no,normal,0,wide,low,five polytope scatters coloured by jet-like cmap with boxed line sub-panels below; gene names as titles; tiny text; more panels not reviewed,/mnt/c/Users/spoudel1/OneDrive - St. Jude Children's Research Hospital/make_my_plot_journal_presets/PRIVATE_REFERENCE_ONLY/corpus/PMC11922821/figures/Fig4.jpg,cell_2
PMC11922821,Cell Systems,Cell,4,C,bar,LB,out,none,white,none,yes,filled,small,na,UNKNOWN,inside,no,2,2,mixed,na,na,upper,bold,larger,sans,regular,no,none,no,no,dense,45,tall,medium,grey bars with black/green points; inset polytope schematics; more panels not reviewed,/mnt/c/Users/spoudel1/OneDrive - St. Jude Children's Research Hospital/make_my_plot_journal_presets/PRIVATE_REFERENCE_ONLY/corpus/PMC11922821/figures/Fig4.jpg,cell_2
PMC11922821,Cell Systems,Cell,4,D,scatter,none,none,none,white,none,na,filled,small,na,UNKNOWN,inside,no,2,2,saturated,na,na,upper,bold,larger,sans,regular,yes,na,na,no,sparse,na,square,medium,archetype polytope scatter; vertex text labels; more panels not reviewed,/mnt/c/Users/spoudel1/OneDrive - St. Jude Children's Research Hospital/make_my_plot_journal_presets/PRIVATE_REFERENCE_ONLY/corpus/PMC11922821/figures/Fig4.jpg,cell_2
PMC11922821,Cell Systems,Cell,4,E,scatter,box,UNKNOWN,none,white,bars_caps,na,filled,small,regular,UNKNOWN,none,na,na,5,mixed,rainbow,none,upper,bold,larger,sans,regular,yes,na,na,no,normal,0,wide,low,same design as B; shares keys with B; more panels not reviewed,/mnt/c/Users/spoudel1/OneDrive - St. Jude Children's Research Hospital/make_my_plot_journal_presets/PRIVATE_REFERENCE_ONLY/corpus/PMC11922821/figures/Fig4.jpg,cell_2
PMC11922821,Cell Systems,Cell,4,F,bar,LB,out,none,white,none,yes,filled,small,na,UNKNOWN,inside,no,2,2,mixed,na,na,upper,bold,larger,sans,regular,no,none,no,no,dense,45,tall,medium,grey bars with black/green points; inset polytope schematics; more panels not reviewed,/mnt/c/Users/spoudel1/OneDrive - St. Jude Children's Research Hospital/make_my_plot_journal_presets/PRIVATE_REFERENCE_ONLY/corpus/PMC11922821/figures/Fig4.jpg,cell_2
PMC11922821,Cell Systems,Cell,4,G,scatter,none,none,none,white,none,na,filled,small,na,UNKNOWN,inside,no,2,2,saturated,na,na,upper,bold,larger,sans,regular,yes,na,na,no,sparse,na,square,medium,archetype polytope scatter; black and red points; more panels not reviewed,/mnt/c/Users/spoudel1/OneDrive - St. Jude Children's Research Hospital/make_my_plot_journal_presets/PRIVATE_REFERENCE_ONLY/corpus/PMC11922821/figures/Fig4.jpg,cell_2
PMC11922821,Cell Systems,Cell,4,H,scatter,box,UNKNOWN,none,white,bars_caps,na,filled,small,regular,UNKNOWN,below,no,4,4,mixed,rainbow,bottom,upper,bold,larger,sans,regular,yes,na,na,no,normal,0,wide,low,four polytope scatters with boxed line sub-panels; more panels not reviewed,/mnt/c/Users/spoudel1/OneDrive - St. Jude Children's Research Hospital/make_my_plot_journal_presets/PRIVATE_REFERENCE_ONLY/corpus/PMC11922821/figures/Fig4.jpg,cell_2
PMC12137002,Cell Metabolism,Cell,2,A,bar,LB,out,none,white,bars_caps,yes,filled,medium,na,UNKNOWN,none,na,na,1,saturated,na,na,upper,bold,larger,sans,regular,yes,none,no,no,normal,45,tall,medium,Prism-style; light blue points on orange bar; more panels not reviewed,/mnt/c/Users/spoudel1/OneDrive - St. Jude Children's Research Hospital/make_my_plot_journal_presets/PRIVATE_REFERENCE_ONLY/corpus/PMC12137002/figures/Fig2.jpg,cell_2
PMC12137002,Cell Metabolism,Cell,2,B,bar,LB,out,none,white,bars_caps,yes,filled,medium,na,UNKNOWN,none,na,na,3,saturated,na,na,upper,bold,larger,sans,regular,no,p_values,yes,no,normal,0,tall,medium,lower half of panel only (upper half is blot); more panels not reviewed,/mnt/c/Users/spoudel1/OneDrive - St. Jude Children's Research Hospital/make_my_plot_journal_presets/PRIVATE_REFERENCE_ONLY/corpus/PMC12137002/figures/Fig2.jpg,cell_2
PMC12137002,Cell Metabolism,Cell,2,D,bar,LB,out,none,white,bars_caps,yes,filled,medium,na,UNKNOWN,none,na,na,2,saturated,na,na,upper,bold,larger,sans,regular,no,p_values,yes,no,normal,45,tall,medium,lower half of panel only (upper half is blot); more panels not reviewed,/mnt/c/Users/spoudel1/OneDrive - St. Jude Children's Research Hospital/make_my_plot_journal_presets/PRIVATE_REFERENCE_ONLY/corpus/PMC12137002/figures/Fig2.jpg,cell_2
PMC12137002,Cell Metabolism,Cell,2,E,line_band,LB,out,none,white,band,na,filled,small,regular,UNKNOWN,inside,no,2,2,saturated,na,na,upper,bold,larger,sans,bold,yes,p_values,yes,no,sparse,0,wide,medium,traces drawn as dense markers with shaded band; arrow annotation; more panels not reviewed,/mnt/c/Users/spoudel1/OneDrive - St. Jude Children's Research Hospital/make_my_plot_journal_presets/PRIVATE_REFERENCE_ONLY/corpus/PMC12137002/figures/Fig2.jpg,cell_2
PMC12137002,Cell Metabolism,Cell,2,F,bar,LB,out,none,white,bars_caps,yes,filled,medium,na,UNKNOWN,none,na,na,2,saturated,na,na,upper,bold,larger,sans,regular,yes,p_values,yes,no,normal,45,tall,medium,bold title above; more panels not reviewed,/mnt/c/Users/spoudel1/OneDrive - St. Jude Children's Research Hospital/make_my_plot_journal_presets/PRIVATE_REFERENCE_ONLY/corpus/PMC12137002/figures/Fig2.jpg,cell_2
PMC12137002,Cell Metabolism,Cell,2,G,bar,LB,out,none,white,bars_caps,yes,filled,medium,na,UNKNOWN,none,na,na,2,saturated,na,na,upper,bold,larger,sans,regular,yes,p_values,yes,no,normal,45,tall,medium,bold title above; more panels not reviewed,/mnt/c/Users/spoudel1/OneDrive - St. Jude Children's Research Hospital/make_my_plot_journal_presets/PRIVATE_REFERENCE_ONLY/corpus/PMC12137002/figures/Fig2.jpg,cell_2
PMC12137002,Cell Metabolism,Cell,2,H,bar,LB,out,none,white,bars_caps,yes,filled,medium,na,UNKNOWN,none,na,na,2,saturated,na,na,upper,bold,larger,sans,regular,yes,p_values,yes,no,normal,45,tall,medium,bold title above; more panels not reviewed,/mnt/c/Users/spoudel1/OneDrive - St. Jude Children's Research Hospital/make_my_plot_journal_presets/PRIVATE_REFERENCE_ONLY/corpus/PMC12137002/figures/Fig2.jpg,cell_2
PMC12137002,Cell Metabolism,Cell,2,I,line_band,LB,out,none,white,band,na,filled,small,regular,UNKNOWN,inside,no,4,4,saturated,na,na,upper,bold,larger,sans,bold,yes,p_values,yes,no,sparse,0,wide,medium,left line_band sub-panel plus right bar sub-panel with points; bold title; more panels not reviewed,/mnt/c/Users/spoudel1/OneDrive - St. Jude Children's Research Hospital/make_my_plot_journal_presets/PRIVATE_REFERENCE_ONLY/corpus/PMC12137002/figures/Fig2.jpg,cell_2
PMC12137002,Cell Metabolism,Cell,5,A,dot_bubble,box,out,major,white,none,na,filled,medium,na,UNKNOWN,outside_right,no,4,0,sequential,blue_red,right,upper,bold,larger,sans,regular,no,na,na,no,normal,0,tall,medium,ggplot theme_bw style with light grey grid; size legend plus colourbar,/mnt/c/Users/spoudel1/OneDrive - St. Jude Children's Research Hospital/make_my_plot_journal_presets/PRIVATE_REFERENCE_ONLY/corpus/PMC12137002/figures/Fig5.jpg,cell_2
PMC12137002,Cell Metabolism,Cell,5,B,heatmap,none,none,none,white,na,na,na,na,na,UNKNOWN,outside_right,no,3,0,diverging,blue_white_red,bottom,upper,bold,larger,sans,regular,no,p_values,na,no,dense,0,wide,medium,q values printed as column beside heatmap; group colour bar below; pathway annotation strips right,/mnt/c/Users/spoudel1/OneDrive - St. Jude Children's Research Hospital/make_my_plot_journal_presets/PRIVATE_REFERENCE_ONLY/corpus/PMC12137002/figures/Fig5.jpg,cell_2
PMC12137002,Cell Metabolism,Cell,5,C,line,box,out,none,white,bars_caps,na,filled,small,regular,UNKNOWN,inside,no,2,2,saturated,na,na,upper,bold,larger,sans,regular,no,none,no,no,normal,0,wide,medium,grey shaded bands mark dark phases; spines uncertain at this resolution,/mnt/c/Users/spoudel1/OneDrive - St. Jude Children's Research Hospital/make_my_plot_journal_presets/PRIVATE_REFERENCE_ONLY/corpus/PMC12137002/figures/Fig5.jpg,cell_2
PMC12137002,Cell Metabolism,Cell,5,D,grouped_bar,LB,out,none,white,bars_caps,yes,filled,small,na,UNKNOWN,outside_right,no,2,2,saturated,na,na,upper,bold,larger,sans,regular,no,p_values,yes,no,normal,0,tall,low,very small tick labels; dotted brackets,/mnt/c/Users/spoudel1/OneDrive - St. Jude Children's Research Hospital/make_my_plot_journal_presets/PRIVATE_REFERENCE_ONLY/corpus/PMC12137002/figures/Fig5.jpg,cell_2
PMC12332847,Cell Systems,Cell,1,C,line_band,LB,out,none,white,band,yes,filled,medium,regular,regular,none,na,na,1,saturated,na,na,upper,bold,much_larger,sans,regular,no,none,no,no,sparse,0,wide,high,more panels not reviewed; inset scatter with fit lines inside panel,/mnt/c/Users/spoudel1/OneDrive - St. Jude Children's Research Hospital/make_my_plot_journal_presets/PRIVATE_REFERENCE_ONLY/corpus/PMC12332847/figures/Fig1.jpg,cell_2
PMC12332847,Cell Systems,Cell,1,D,line_band,LB,out,none,white,band,yes,filled,medium,regular,regular,none,na,na,1,saturated,na,na,upper,bold,much_larger,sans,regular,no,none,no,no,sparse,0,wide,high,more panels not reviewed; inset scatter inside panel,/mnt/c/Users/spoudel1/OneDrive - St. Jude Children's Research Hospital/make_my_plot_journal_presets/PRIVATE_REFERENCE_ONLY/corpus/PMC12332847/figures/Fig1.jpg,cell_2
PMC12332847,Cell Systems,Cell,1,E,line_band,LB,out,none,white,band,yes,filled,medium,regular,regular,none,na,na,1,saturated,na,na,upper,bold,much_larger,sans,regular,no,none,no,no,sparse,0,wide,high,more panels not reviewed; inset scatter inside panel,/mnt/c/Users/spoudel1/OneDrive - St. Jude Children's Research Hospital/make_my_plot_journal_presets/PRIVATE_REFERENCE_ONLY/corpus/PMC12332847/figures/Fig1.jpg,cell_2
PMC12332847,Cell Systems,Cell,1,F,line_band,LB,out,none,white,band,yes,filled,medium,regular,regular,none,na,na,1,monochrome_black,na,na,upper,bold,much_larger,sans,regular,no,none,no,no,sparse,0,wide,high,more panels not reviewed; inset scatter inside panel,/mnt/c/Users/spoudel1/OneDrive - St. Jude Children's Research Hospital/make_my_plot_journal_presets/PRIVATE_REFERENCE_ONLY/corpus/PMC12332847/figures/Fig1.jpg,cell_2
PMC12332847,Cell Systems,Cell,1,G,line_band,LB,out,none,white,band,no,na,na,regular,regular,inside,no,4,4,saturated,na,na,upper,bold,much_larger,sans,regular,no,none,no,no,sparse,0,wide,medium,more panels not reviewed; legend as coloured text labels; inset plot inside panel,/mnt/c/Users/spoudel1/OneDrive - St. Jude Children's Research Hospital/make_my_plot_journal_presets/PRIVATE_REFERENCE_ONLY/corpus/PMC12332847/figures/Fig1.jpg,cell_2
PMC12332847,Cell Systems,Cell,1,J,line,LB,out,none,white,none,na,na,na,regular,regular,inside,no,2,2,saturated,na,na,upper,bold,much_larger,sans,regular,no,none,no,no,sparse,0,wide,high,more panels not reviewed; dashed vs solid linestyle encodes group; colour labels as text,/mnt/c/Users/spoudel1/OneDrive - St. Jude Children's Research Hospital/make_my_plot_journal_presets/PRIVATE_REFERENCE_ONLY/corpus/PMC12332847/figures/Fig1.jpg,cell_2
PMC12332847,Cell Systems,Cell,1,M,line_band,LB,out,none,white,band,yes,filled,medium,regular,regular,none,na,na,1,saturated,na,na,upper,bold,much_larger,sans,regular,no,none,no,no,sparse,0,wide,high,more panels not reviewed,/mnt/c/Users/spoudel1/OneDrive - St. Jude Children's Research Hospital/make_my_plot_journal_presets/PRIVATE_REFERENCE_ONLY/corpus/PMC12332847/figures/Fig1.jpg,cell_2
PMC12332847,Cell Systems,Cell,1,N,line_band,LB,out,none,white,band,no,na,na,regular,regular,inside,no,3,3,saturated,na,na,upper,bold,much_larger,sans,regular,yes,none,no,no,sparse,0,wide,medium,more panels not reviewed; legend as coloured text labels; schematic inset inside panel,/mnt/c/Users/spoudel1/OneDrive - St. Jude Children's Research Hospital/make_my_plot_journal_presets/PRIVATE_REFERENCE_ONLY/corpus/PMC12332847/figures/Fig1.jpg,cell_2
PMC12332847,Cell Systems,Cell,2,B,line_band,LB,out,none,white,band,yes,filled,small,regular,regular,none,na,na,1,saturated,na,na,upper,bold,much_larger,sans,regular,no,none,no,no,sparse,0,wide,high,more panels not reviewed; small schematic inset inside panel,/mnt/c/Users/spoudel1/OneDrive - St. Jude Children's Research Hospital/make_my_plot_journal_presets/PRIVATE_REFERENCE_ONLY/corpus/PMC12332847/figures/Fig2.jpg,cell_2
PMC12332847,Cell Systems,Cell,2,C,line_band,LB,out,none,white,band,yes,filled,small,regular,regular,none,na,na,1,saturated,na,na,upper,bold,much_larger,sans,regular,no,none,no,no,sparse,0,wide,high,more panels not reviewed; small schematic inset inside panel,/mnt/c/Users/spoudel1/OneDrive - St. Jude Children's Research Hospital/make_my_plot_journal_presets/PRIVATE_REFERENCE_ONLY/corpus/PMC12332847/figures/Fig2.jpg,cell_2
PMC12332847,Cell Systems,Cell,2,D,line_band,LB,out,none,white,band,yes,filled,small,regular,regular,none,na,na,1,monochrome_black,na,na,upper,bold,much_larger,sans,regular,no,none,no,no,sparse,0,wide,high,more panels not reviewed,/mnt/c/Users/spoudel1/OneDrive - St. Jude Children's Research Hospital/make_my_plot_journal_presets/PRIVATE_REFERENCE_ONLY/corpus/PMC12332847/figures/Fig2.jpg,cell_2
PMC12332847,Cell Systems,Cell,2,E,line,LB,out,none,white,bars,yes,filled,small,regular,regular,inside,no,2,1,saturated,na,na,upper,bold,much_larger,sans,regular,no,none,no,no,sparse,0,wide,high,more panels not reviewed; solid vs dotted linestyle encodes series; text labels as legend,/mnt/c/Users/spoudel1/OneDrive - St. Jude Children's Research Hospital/make_my_plot_journal_presets/PRIVATE_REFERENCE_ONLY/corpus/PMC12332847/figures/Fig2.jpg,cell_2
PMC12332847,Cell Systems,Cell,2,F,line,LB,out,none,white,bars,yes,filled,small,regular,regular,inside,no,2,1,saturated,na,na,upper,bold,much_larger,sans,regular,no,none,no,no,sparse,0,wide,high,more panels not reviewed; solid vs dotted linestyle encodes series; text labels as legend,/mnt/c/Users/spoudel1/OneDrive - St. Jude Children's Research Hospital/make_my_plot_journal_presets/PRIVATE_REFERENCE_ONLY/corpus/PMC12332847/figures/Fig2.jpg,cell_2
PMC12332847,Cell Systems,Cell,2,G,line,LB,out,none,white,bars,yes,filled,small,regular,regular,inside,no,2,2,saturated,na,na,upper,bold,much_larger,sans,regular,no,none,no,no,sparse,0,wide,high,more panels not reviewed; dashed zero reference line; text labels with arrows as legend,/mnt/c/Users/spoudel1/OneDrive - St. Jude Children's Research Hospital/make_my_plot_journal_presets/PRIVATE_REFERENCE_ONLY/corpus/PMC12332847/figures/Fig2.jpg,cell_2
PMC12332847,Cell Systems,Cell,2,I,line_band,LB,out,none,white,band,yes,filled,small,regular,regular,none,na,na,1,saturated,na,na,upper,bold,much_larger,sans,regular,no,none,no,no,normal,0,wide,high,more panels not reviewed; dashed reference line; text annotation inside panel,/mnt/c/Users/spoudel1/OneDrive - St. Jude Children's Research Hospital/make_my_plot_journal_presets/PRIVATE_REFERENCE_ONLY/corpus/PMC12332847/figures/Fig2.jpg,cell_2
PMC12332847,Cell Systems,Cell,2,J,line_band,LB,out,none,white,band,no,na,na,regular,regular,outside_right,no,6,6,mixed,na,na,upper,bold,much_larger,sans,regular,no,none,no,no,sparse,0,wide,medium,more panels not reviewed; legend keys are filled boxes with centre line; schematic inset above plot,/mnt/c/Users/spoudel1/OneDrive - St. Jude Children's Research Hospital/make_my_plot_journal_presets/PRIVATE_REFERENCE_ONLY/corpus/PMC12332847/figures/Fig2.jpg,cell_2
PMC12332847,Cell Systems,Cell,3,A,stacked_bar,LB,out,none,white,none,no,na,na,na,regular,outside_right,no,7,7,saturated,na,na,upper,bold,much_larger,sans,regular,no,none,no,yes,normal,0,tall,high,more panels not reviewed; n values printed beneath bars alongside schematic,/mnt/c/Users/spoudel1/OneDrive - St. Jude Children's Research Hospital/make_my_plot_journal_presets/PRIVATE_REFERENCE_ONLY/corpus/PMC12332847/figures/Fig3.jpg,cell_2
PMC12332847,Cell Systems,Cell,3,B,pca_umap,LB,none,none,white,na,na,filled,small,na,regular,inside,no,7,7,saturated,na,na,upper,bold,much_larger,sans,regular,no,na,na,no,sparse,na,square,high,more panels not reviewed; corner-arrow UMAP axes with no tick labels; cluster names as text labels,/mnt/c/Users/spoudel1/OneDrive - St. Jude Children's Research Hospital/make_my_plot_journal_presets/PRIVATE_REFERENCE_ONLY/corpus/PMC12332847/figures/Fig3.jpg,cell_2
PMC12332847,Cell Systems,Cell,3,C,pca_umap,LB,none,none,white,na,na,filled,small,na,regular,none,na,na,0,sequential,other,right,upper,bold,much_larger,sans,regular,yes,na,na,no,sparse,na,wide,medium,"more panels not reviewed; six small feature UMAPs, white-to-magenta cmap, one colourbar each; corner-arrow axes",/mnt/c/Users/spoudel1/OneDrive - St. Jude Children's Research Hospital/make_my_plot_journal_presets/PRIVATE_REFERENCE_ONLY/corpus/PMC12332847/figures/Fig3.jpg,cell_2
PMC12332847,Cell Systems,Cell,3,D,pca_umap,LB,none,none,white,na,na,filled,small,na,regular,none,na,na,0,sequential,other,right,upper,bold,much_larger,sans,regular,yes,na,na,no,sparse,na,square,medium,more panels not reviewed; dashed outline annotations and framed inset UMAP inside panel; corner-arrow axes,/mnt/c/Users/spoudel1/OneDrive - St. Jude Children's Research Hospital/make_my_plot_journal_presets/PRIVATE_REFERENCE_ONLY/corpus/PMC12332847/figures/Fig3.jpg,cell_2
PMC12332847,Cell Systems,Cell,3,E,pca_umap,LB,none,none,white,na,na,filled,small,na,regular,inside,no,4,4,saturated,na,na,upper,bold,much_larger,sans,regular,yes,na,na,no,sparse,na,tall,medium,"more panels not reviewed; two stacked UMAPs; upper uses text labels, lower a dot legend of 4 entries; corner-arrow axes",/mnt/c/Users/spoudel1/OneDrive - St. Jude Children's Research Hospital/make_my_plot_journal_presets/PRIVATE_REFERENCE_ONLY/corpus/PMC12332847/figures/Fig3.jpg,cell_2
PMC12332847,Cell Systems,Cell,3,F,pca_umap,LB,none,none,white,na,na,filled,small,na,regular,none,na,na,0,sequential,other,right,upper,bold,much_larger,sans,regular,yes,na,na,no,sparse,na,tall,medium,more panels not reviewed; two stacked feature UMAPs each with own colourbar; corner-arrow axes,/mnt/c/Users/spoudel1/OneDrive - St. Jude Children's Research Hospital/make_my_plot_journal_presets/PRIVATE_REFERENCE_ONLY/corpus/PMC12332847/figures/Fig3.jpg,cell_2
PMC12332847,Cell Systems,Cell,3,G,dot_bubble,LB,out,none,white,na,na,filled,medium,na,regular,outside_right,no,4,0,sequential,other,right,upper,bold,much_larger,sans,regular,no,na,na,no,normal,0,tall,high,more panels not reviewed; row labels coloured by gene group with side brackets; size legend of 4 entries plus colourbar,/mnt/c/Users/spoudel1/OneDrive - St. Jude Children's Research Hospital/make_my_plot_journal_presets/PRIVATE_REFERENCE_ONLY/corpus/PMC12332847/figures/Fig3.jpg,cell_2
PMC12332847,Cell Systems,Cell,3,H,dot_bubble,LB,out,none,white,na,na,filled,medium,na,regular,outside_right,no,4,0,sequential,other,right,upper,bold,much_larger,sans,regular,no,na,na,no,normal,0,tall,high,more panels not reviewed; row labels coloured by gene group; grouped x-axis underline labels; size legend plus colourbar,/mnt/c/Users/spoudel1/OneDrive - St. Jude Children's Research Hospital/make_my_plot_journal_presets/PRIVATE_REFERENCE_ONLY/corpus/PMC12332847/figures/Fig3.jpg,cell_2
PMC12416865,Cancer Cell,Cell,1,B,pca_umap,box,out,none,white,none,na,filled,small,heavy,UNKNOWN,inside,no,7,7,pastel,na,na,upper,bold,larger,sans,regular,no,na,na,no,sparse,0,wide,medium,thick coloured trajectory arrows over PCA points; dotted ellipses; text labels as legend; axis_line_weight UNKNOWN because ~740 px,/mnt/c/Users/spoudel1/OneDrive - St. Jude Children's Research Hospital/make_my_plot_journal_presets/PRIVATE_REFERENCE_ONLY/corpus/PMC12416865/figures/Fig1.jpg,cell_2
PMC12416865,Cancer Cell,Cell,1,C,heatmap_clustered,box,none,none,white,na,na,na,na,na,UNKNOWN,none,na,na,0,diverging,blue_white_red,left,upper,bold,larger,sans,regular,no,na,na,no,sparse,0,square,medium,row and column dendrograms; colourbar placed at top-left outside heatmap; x labels coloured by group,/mnt/c/Users/spoudel1/OneDrive - St. Jude Children's Research Hospital/make_my_plot_journal_presets/PRIVATE_REFERENCE_ONLY/corpus/PMC12416865/figures/Fig1.jpg,cell_2
PMC12416865,Cancer Cell,Cell,1,D,bar,LB,out,none,white,none,no,na,na,na,UNKNOWN,none,na,na,1,pastel,na,na,upper,bold,larger,sans,regular,yes,none,no,no,normal,0,square,high,horizontal bars with category names printed inside bars,/mnt/c/Users/spoudel1/OneDrive - St. Jude Children's Research Hospital/make_my_plot_journal_presets/PRIVATE_REFERENCE_ONLY/corpus/PMC12416865/figures/Fig1.jpg,cell_2
PMC12416865,Cancer Cell,Cell,1,E,line,box,out,none,white,none,no,na,na,UNKNOWN,UNKNOWN,none,na,na,1,saturated,na,na,upper,bold,larger,sans,regular,yes,p_values,no,no,normal,0,tall,medium,two stacked GSEA plots each with hit barcode strip; NES/P/Q printed inside; line_weight UNKNOWN because ~740 px,/mnt/c/Users/spoudel1/OneDrive - St. Jude Children's Research Hospital/make_my_plot_journal_presets/PRIVATE_REFERENCE_ONLY/corpus/PMC12416865/figures/Fig1.jpg,cell_2
PMC12416865,Cancer Cell,Cell,1,F,volcano,box,out,major,white,na,na,filled,small,na,UNKNOWN,none,na,na,2,pastel,na,na,upper,bold,larger,sans,regular,no,none,no,no,sparse,0,square,medium,faint major grid; dashed threshold lines; group arrows above panel; one gene labelled,/mnt/c/Users/spoudel1/OneDrive - St. Jude Children's Research Hospital/make_my_plot_journal_presets/PRIVATE_REFERENCE_ONLY/corpus/PMC12416865/figures/Fig1.jpg,cell_2
PMC12416865,Cancer Cell,Cell,1,G,dot_strip,LB,out,none,white,none,na,filled,small,na,UNKNOWN,none,na,na,2,muted,na,na,upper,bold,larger,sans,regular,yes,none,no,no,dense,90,wide,medium,dotted zero line; highlight colour on subset of points,/mnt/c/Users/spoudel1/OneDrive - St. Jude Children's Research Hospital/make_my_plot_journal_presets/PRIVATE_REFERENCE_ONLY/corpus/PMC12416865/figures/Fig1.jpg,cell_2
PMC12416865,Cancer Cell,Cell,1,H,dot_strip,LB,out,none,white,none,na,filled,small,na,UNKNOWN,none,na,na,2,muted,na,na,upper,bold,larger,sans,regular,yes,none,no,no,normal,90,square,medium,highlight colour on subset of points,/mnt/c/Users/spoudel1/OneDrive - St. Jude Children's Research Hospital/make_my_plot_journal_presets/PRIVATE_REFERENCE_ONLY/corpus/PMC12416865/figures/Fig1.jpg,cell_2
PMC12416865,Cancer Cell,Cell,1,I,box,LB,out,none,white,box_whisker,yes,filled,small,na,UNKNOWN,none,na,na,2,pastel,na,na,upper,bold,larger,sans,regular,no,stars,yes,no,sparse,0,square,medium,box plot occupies lower-right of a panel otherwise made of schematic and micrographs,/mnt/c/Users/spoudel1/OneDrive - St. Jude Children's Research Hospital/make_my_plot_journal_presets/PRIVATE_REFERENCE_ONLY/corpus/PMC12416865/figures/Fig1.jpg,cell_2
PMC12416865,Cancer Cell,Cell,7,A,survival,box,out,none,white,none,na,filled,small,UNKNOWN,UNKNOWN,inside,no,2,2,saturated,na,na,upper,bold,larger,sans,regular,yes,p_values,no,yes,normal,0,square,medium,two side-by-side KM plots; censor marks on curves; HR/chi-square/P text inside; numbers-at-risk table below; comma decimal separators,/mnt/c/Users/spoudel1/OneDrive - St. Jude Children's Research Hospital/make_my_plot_journal_presets/PRIVATE_REFERENCE_ONLY/corpus/PMC12416865/figures/Fig7.jpg,cell_2
PMC12416865,Cancer Cell,Cell,7,B,survival,box,out,none,white,none,na,filled,small,UNKNOWN,UNKNOWN,inside,no,2,2,saturated,na,na,upper,bold,larger,sans,regular,yes,p_values,no,yes,normal,0,square,medium,censor marks; statistics text inside; numbers-at-risk table below,/mnt/c/Users/spoudel1/OneDrive - St. Jude Children's Research Hospital/make_my_plot_journal_presets/PRIVATE_REFERENCE_ONLY/corpus/PMC12416865/figures/Fig7.jpg,cell_2
PMC12416865,Cancer Cell,Cell,7,C,violin,LB,out,none,white,none,yes,filled,small,na,UNKNOWN,none,na,na,2,saturated,na,na,upper,bold,larger,sans,regular,no,stars,yes,yes,sparse,0,square,medium,n printed in x tick labels,/mnt/c/Users/spoudel1/OneDrive - St. Jude Children's Research Hospital/make_my_plot_journal_presets/PRIVATE_REFERENCE_ONLY/corpus/PMC12416865/figures/Fig7.jpg,cell_2
PMC12416865,Cancer Cell,Cell,7,D,forest,B,out,none,other,bars_caps,na,filled,medium,na,UNKNOWN,none,na,na,1,muted,na,na,upper,bold,larger,sans,regular,no,p_values,no,no,normal,0,wide,medium,alternating light-blue row shading; P and HR (95%CI) table columns to the right; dotted reference line at HR=1; square markers,/mnt/c/Users/spoudel1/OneDrive - St. Jude Children's Research Hospital/make_my_plot_journal_presets/PRIVATE_REFERENCE_ONLY/corpus/PMC12416865/figures/Fig7.jpg,cell_2
PMC12416865,Cancer Cell,Cell,7,E,box,LB,out,none,white,box_whisker,yes,filled,small,na,UNKNOWN,outside_top,no,2,2,saturated,na,na,upper,bold,larger,sans,regular,no,none,no,no,sparse,0,square,low,log y axis; floating boxes with median line and points; plot occupies right third of a panel with schematic and photographs,/mnt/c/Users/spoudel1/OneDrive - St. Jude Children's Research Hospital/make_my_plot_journal_presets/PRIVATE_REFERENCE_ONLY/corpus/PMC12416865/figures/Fig7.jpg,cell_2
PMC12416865,Cancer Cell,Cell,7,F,line,LB,out,none,white,bars,yes,filled,small,UNKNOWN,UNKNOWN,inside,no,2,2,saturated,na,na,upper,bold,larger,sans,regular,no,stars,yes,yes,normal,0,square,low,"shaded phase regions with text; arrow annotations; second sub-plot is a stacked bar (2 colours, legend above, counts inside bars, take-rate n below with star); error bar caps unclear at ~750 px",/mnt/c/Users/spoudel1/OneDrive - St. Jude Children's Research Hospital/make_my_plot_journal_presets/PRIVATE_REFERENCE_ONLY/corpus/PMC12416865/figures/Fig7.jpg,cell_2
PMC12456964,Cell,Cell,3,A,box,LB,out,none,white,box_whisker,no,na,na,na,UNKNOWN,none,na,na,4,saturated,na,na,upper,bold,larger,sans,regular,no,none,no,no,normal,0,wide,high,dotted zero line; group labels under horizontal rules below x axis; two-line x tick labels,/mnt/c/Users/spoudel1/OneDrive - St. Jude Children's Research Hospital/make_my_plot_journal_presets/PRIVATE_REFERENCE_ONLY/corpus/PMC12456964/figures/Fig3.jpg,cell_2
PMC12456964,Cell,Cell,3,B,pie_donut,none,none,none,white,na,na,na,na,na,UNKNOWN,below,no,6,6,saturated,na,na,upper,bold,larger,sans,regular,yes,na,na,no,sparse,na,square,high,two-column legend below pie,/mnt/c/Users/spoudel1/OneDrive - St. Jude Children's Research Hospital/make_my_plot_journal_presets/PRIVATE_REFERENCE_ONLY/corpus/PMC12456964/figures/Fig3.jpg,cell_2
PMC12456964,Cell,Cell,3,C,line_band,LB,out,none,white,band,no,na,na,heavy,UNKNOWN,inside,yes,4,4,saturated,na,na,upper,bold,larger,sans,regular,no,na,na,no,normal,0,wide,medium,legend entries as coloured text in framed box; dashed vertical region markers with label above plot,/mnt/c/Users/spoudel1/OneDrive - St. Jude Children's Research Hospital/make_my_plot_journal_presets/PRIVATE_REFERENCE_ONLY/corpus/PMC12456964/figures/Fig3.jpg,cell_2
PMC12456964,Cell,Cell,3,D,volcano,LB,out,major,white,na,na,mixed,small,na,UNKNOWN,inside,yes,3,3,pastel,na,na,upper,bold,larger,sans,regular,no,none,no,no,normal,0,square,medium,horizontal major grid; log-scale y ticks; highlighted points with dark outline,/mnt/c/Users/spoudel1/OneDrive - St. Jude Children's Research Hospital/make_my_plot_journal_presets/PRIVATE_REFERENCE_ONLY/corpus/PMC12456964/figures/Fig3.jpg,cell_2
PMC12456964,Cell,Cell,3,E,box,LB,out,none,white,box_whisker,no,na,na,na,UNKNOWN,none,na,na,3,sequential,na,na,upper,bold,larger,sans,regular,yes,stars,yes,no,normal,0,tall,high,ns mark also present; dashed zero line; two-line x tick labels,/mnt/c/Users/spoudel1/OneDrive - St. Jude Children's Research Hospital/make_my_plot_journal_presets/PRIVATE_REFERENCE_ONLY/corpus/PMC12456964/figures/Fig3.jpg,cell_2
PMC12456964,Cell,Cell,3,F,box,LB,out,none,white,box_whisker,no,na,na,na,UNKNOWN,none,na,na,2,saturated,na,na,upper,bold,larger,sans,regular,yes,stars,yes,no,sparse,0,tall,high,"one box unfilled white, one filled blue",/mnt/c/Users/spoudel1/OneDrive - St. Jude Children's Research Hospital/make_my_plot_journal_presets/PRIVATE_REFERENCE_ONLY/corpus/PMC12456964/figures/Fig3.jpg,cell_2
PMC12456964,Cell,Cell,3,G,scatter,LB,out,none,white,na,na,filled,small,na,UNKNOWN,none,na,na,2,saturated,na,na,upper,bold,larger,sans,regular,yes,none,no,no,normal,0,wide,medium,two side-by-side scatter sub-plots; log-scale x ticks; dashed horizontal and dotted vertical threshold lines,/mnt/c/Users/spoudel1/OneDrive - St. Jude Children's Research Hospital/make_my_plot_journal_presets/PRIVATE_REFERENCE_ONLY/corpus/PMC12456964/figures/Fig3.jpg,cell_2
PMC12488066,Molecular Cell,Cell,1,B,pca_umap,LB,out,none,white,none,na,filled,medium,heavy,UNKNOWN,inside,no,4,4,muted,na,na,upper,bold,larger,sans,regular,yes,na,na,no,sparse,0,wide,medium,PCA trajectory: thick smoothed coloured lines through time-point markers; text labels and small cell cartoons as legend,/mnt/c/Users/spoudel1/OneDrive - St. Jude Children's Research Hospital/make_my_plot_journal_presets/PRIVATE_REFERENCE_ONLY/corpus/PMC12488066/figures/Fig1.jpg,cell_2
PMC12488066,Molecular Cell,Cell,1,C,other_quant,none,UNKNOWN,none,white,na,na,na,na,na,UNKNOWN,none,na,na,2,saturated,na,na,upper,bold,larger,sans,regular,no,na,na,no,sparse,na,wide,low,genome browser signal tracks with printed data ranges and coordinate ruler on top; gene model below,/mnt/c/Users/spoudel1/OneDrive - St. Jude Children's Research Hospital/make_my_plot_journal_presets/PRIVATE_REFERENCE_ONLY/corpus/PMC12488066/figures/Fig1.jpg,cell_2
PMC12488066,Molecular Cell,Cell,2,A,scatter,box,out,none,white,na,na,filled,small,na,UNKNOWN,none,na,na,0,sequential,rainbow,bottom,upper,bold,larger,sans,regular,no,none,no,yes,normal,0,square,medium,more panels not reviewed; density-coloured point cloud; dashed quadrant lines with percentages printed inside; quadrant labels outside frame,/mnt/c/Users/spoudel1/OneDrive - St. Jude Children's Research Hospital/make_my_plot_journal_presets/PRIVATE_REFERENCE_ONLY/corpus/PMC12488066/figures/Fig2.jpg,cell_2
PMC12488066,Molecular Cell,Cell,2,B,other_quant,box,none,none,other,na,na,na,na,na,UNKNOWN,none,na,na,4,saturated,na,na,upper,bold,larger,sans,regular,yes,na,na,no,sparse,na,tall,low,more panels not reviewed; genome browser track snapshots at four loci in framed boxes with pale green/pink column shading,/mnt/c/Users/spoudel1/OneDrive - St. Jude Children's Research Hospital/make_my_plot_journal_presets/PRIVATE_REFERENCE_ONLY/corpus/PMC12488066/figures/Fig2.jpg,cell_2
PMC12488066,Molecular Cell,Cell,2,C,bar,LB,out,none,white,none,no,na,na,na,UNKNOWN,none,na,na,1,muted,na,na,upper,bold,larger,sans,regular,yes,none,no,no,normal,0,tall,high,more panels not reviewed; values printed above bars; coloured subtitle text,/mnt/c/Users/spoudel1/OneDrive - St. Jude Children's Research Hospital/make_my_plot_journal_presets/PRIVATE_REFERENCE_ONLY/corpus/PMC12488066/figures/Fig2.jpg,cell_2
PMC12488066,Molecular Cell,Cell,2,D,bar,LB,out,none,white,none,no,na,na,na,UNKNOWN,none,na,na,1,muted,na,na,upper,bold,larger,sans,regular,yes,none,no,no,normal,0,tall,high,more panels not reviewed; values printed above bars; coloured subtitle text,/mnt/c/Users/spoudel1/OneDrive - St. Jude Children's Research Hospital/make_my_plot_journal_presets/PRIVATE_REFERENCE_ONLY/corpus/PMC12488066/figures/Fig2.jpg,cell_2
PMC12488066,Molecular Cell,Cell,2,E,stacked_bar,L,out,none,white,none,no,na,na,na,UNKNOWN,outside_top,no,3,3,sequential,na,na,upper,bold,larger,sans,regular,yes,none,no,yes,normal,90,tall,medium,more panels not reviewed; legend is coloured numerals at top-left beside y axis; grey remainder fill; group headers with rules above bars; n printed vertically at right,/mnt/c/Users/spoudel1/OneDrive - St. Jude Children's Research Hospital/make_my_plot_journal_presets/PRIVATE_REFERENCE_ONLY/corpus/PMC12488066/figures/Fig2.jpg,cell_2
PMC12488066,Molecular Cell,Cell,2,F,stacked_bar,L,out,none,white,none,no,na,na,na,UNKNOWN,outside_top,no,3,3,sequential,na,na,upper,bold,larger,sans,regular,no,none,no,yes,normal,90,tall,medium,more panels not reviewed; same layout as E; n printed vertically at right,/mnt/c/Users/spoudel1/OneDrive - St. Jude Children's Research Hospital/make_my_plot_journal_presets/PRIVATE_REFERENCE_ONLY/corpus/PMC12488066/figures/Fig2.jpg,cell_2
PMC12488066,Molecular Cell,Cell,2,G,line_band,LB,out,none,white,band,no,na,na,UNKNOWN,UNKNOWN,inside,no,4,4,saturated,na,na,upper,bold,larger,sans,regular,yes,na,na,no,sparse,0,wide,medium,more panels not reviewed; legend keys are small squares with two-letter labels; text annotation inside; band very faint; line_weight UNKNOWN because ~740 px,/mnt/c/Users/spoudel1/OneDrive - St. Jude Children's Research Hospital/make_my_plot_journal_presets/PRIVATE_REFERENCE_ONLY/corpus/PMC12488066/figures/Fig2.jpg,cell_2
PMC12488066,Molecular Cell,Cell,2,H,line_band,LB,out,none,white,band,no,na,na,UNKNOWN,UNKNOWN,inside,no,3,3,saturated,na,na,upper,bold,larger,sans,regular,no,na,na,no,sparse,0,wide,medium,more panels not reviewed; legend keys are small squares with two-letter labels; text annotation inside,/mnt/c/Users/spoudel1/OneDrive - St. Jude Children's Research Hospital/make_my_plot_journal_presets/PRIVATE_REFERENCE_ONLY/corpus/PMC12488066/figures/Fig2.jpg,cell_2
PMC12488066,Molecular Cell,Cell,4,A,pca_umap,none,none,none,white,na,na,filled,small,na,UNKNOWN,none,na,na,0,diverging,blue_white_red,right,upper,bold,larger,sans,regular,yes,na,na,yes,sparse,na,wide,medium,grid of ten feature UMAPs with no axes; small colourbar at lower right of each; dotted region outlines and coloured arcs; n printed under first UMAP,/mnt/c/Users/spoudel1/OneDrive - St. Jude Children's Research Hospital/make_my_plot_journal_presets/PRIVATE_REFERENCE_ONLY/corpus/PMC12488066/figures/Fig4.jpg,cell_2
PMC12488066,Molecular Cell,Cell,4,B,other_quant,none,UNKNOWN,none,white,na,na,na,na,na,UNKNOWN,none,na,na,4,saturated,na,na,upper,bold,larger,sans,regular,no,na,na,no,sparse,na,tall,low,genome browser signal tracks with printed ranges; grey vertical highlight columns; coordinate printed on top,/mnt/c/Users/spoudel1/OneDrive - St. Jude Children's Research Hospital/make_my_plot_journal_presets/PRIVATE_REFERENCE_ONLY/corpus/PMC12488066/figures/Fig4.jpg,cell_2
PMC12488066,Molecular Cell,Cell,4,C,heatmap,none,none,none,grey,na,na,na,na,na,UNKNOWN,none,na,na,0,sequential,other,bottom,upper,bold,larger,sans,regular,yes,na,na,no,sparse,0,wide,medium,three stacked heatmap strips on light grey bands; spectral-like blue-yellow-red cmap; black rectangle highlights; three colourbars below,/mnt/c/Users/spoudel1/OneDrive - St. Jude Children's Research Hospital/make_my_plot_journal_presets/PRIVATE_REFERENCE_ONLY/corpus/PMC12488066/figures/Fig4.jpg,cell_2
PMC12488066,Molecular Cell,Cell,4,D,heatmap,none,none,none,grey,na,na,na,na,na,UNKNOWN,none,na,na,0,sequential,other,bottom,upper,bold,larger,sans,regular,yes,na,na,no,normal,90,wide,medium,two stacked heatmap strips; coloured letter tick labels; black rectangle highlights; colourbars below,/mnt/c/Users/spoudel1/OneDrive - St. Jude Children's Research Hospital/make_my_plot_journal_presets/PRIVATE_REFERENCE_ONLY/corpus/PMC12488066/figures/Fig4.jpg,cell_2
PMC12488066,Molecular Cell,Cell,4,E,heatmap,none,none,none,grey,na,na,na,na,na,UNKNOWN,none,na,na,0,sequential,other,bottom,upper,bold,larger,sans,regular,yes,na,na,no,normal,90,wide,medium,two stacked heatmap strips; coloured letter tick labels; black rectangle highlights; colourbar below,/mnt/c/Users/spoudel1/OneDrive - St. Jude Children's Research Hospital/make_my_plot_journal_presets/PRIVATE_REFERENCE_ONLY/corpus/PMC12488066/figures/Fig4.jpg,cell_2
PMC12488066,Molecular Cell,Cell,4,F,heatmap,box,none,none,white,na,na,na,na,na,UNKNOWN,none,na,na,0,sequential,other,right,upper,bold,larger,sans,regular,yes,na,na,no,sparse,0,tall,medium,two framed heatmap blocks per column; schematic above; coloured row labels; spectral-like cmap,/mnt/c/Users/spoudel1/OneDrive - St. Jude Children's Research Hospital/make_my_plot_journal_presets/PRIVATE_REFERENCE_ONLY/corpus/PMC12488066/figures/Fig4.jpg,cell_2
PMC12647348,Cell reports,Cell,1,,non-quantitative,,,,,,,,,,,,,,,,,,,,,,,,,,,,,,,,/mnt/c/Users/spoudel1/OneDrive - St. Jude Children's Research Hospital/make_my_plot/figure_library/cell/2025_Maric_ufd1_npl4_recruit_cdc48_for_disassembly_/figures/fig01_dfig1.jpg,cell_2
PMC12727680,Cell reports,Cell,1,A,line,box,UNKNOWN,major,white,none,na,na,na,regular,UNKNOWN,below,yes,2,2,mixed,na,none,upper,bold,much_larger,sans,regular,yes,p_values,no,no,dense,0,wide,medium,five GSEA subplots inside one lettered panel; tick_direction UNKNOWN because subplot axes too small,/mnt/c/Users/spoudel1/OneDrive - St. Jude Children's Research Hospital/make_my_plot/figure_library/cell/2025_Giuntini_myc_inhibition_by_omomyc_causes_dna_dama/figures/fig01_fig1.jpg,cell_2
PMC12727680,Cell reports,Cell,1,B,heatmap_clustered,box,none,none,white,na,na,na,na,na,UNKNOWN,outside_right,no,2,2,diverging,other,right,upper,bold,much_larger,sans,regular,no,none,no,no,normal,na,wide,medium,"diverging red-yellow-blue map, cmap_class other because midpoint is yellow not white",/mnt/c/Users/spoudel1/OneDrive - St. Jude Children's Research Hospital/make_my_plot/figure_library/cell/2025_Giuntini_myc_inhibition_by_omomyc_causes_dna_dama/figures/fig01_fig1.jpg,cell_2
PMC12727680,Cell reports,Cell,1,D,bar,LB,out,none,white,bars,no,na,na,na,UNKNOWN,none,na,na,1,pastel,na,na,upper,bold,much_larger,sans,regular,yes,stars,yes,no,normal,45,wide,medium,six bar subplots inside one lettered panel,/mnt/c/Users/spoudel1/OneDrive - St. Jude Children's Research Hospital/make_my_plot/figure_library/cell/2025_Giuntini_myc_inhibition_by_omomyc_causes_dna_dama/figures/fig01_fig1.jpg,cell_2
PMC12727680,Cell reports,Cell,2,A,other_quant,box,out,none,white,na,na,na,na,hairline,UNKNOWN,none,na,na,0,diverging,other,right,upper,bold,much_larger,sans,regular,yes,none,no,no,normal,45,square,medium,3D surface plot; diverging green-white-red colourbar so cmap_class other,/mnt/c/Users/spoudel1/OneDrive - St. Jude Children's Research Hospital/make_my_plot/figure_library/cell/2025_Giuntini_myc_inhibition_by_omomyc_causes_dna_dama/figures/fig02_fig2.jpg,cell_2
PMC12727680,Cell reports,Cell,2,B,other_quant,box,out,none,white,na,na,na,na,hairline,UNKNOWN,none,na,na,0,diverging,other,right,upper,bold,much_larger,sans,regular,yes,none,no,no,normal,45,square,medium,3D surface plot; diverging green-white-red colourbar so cmap_class other,/mnt/c/Users/spoudel1/OneDrive - St. Jude Children's Research Hospital/make_my_plot/figure_library/cell/2025_Giuntini_myc_inhibition_by_omomyc_causes_dna_dama/figures/fig02_fig2.jpg,cell_2
PMC12727680,Cell reports,Cell,2,C,other_quant,box,out,none,white,na,na,na,na,hairline,UNKNOWN,none,na,na,0,diverging,other,right,upper,bold,much_larger,sans,regular,yes,none,no,no,normal,45,square,medium,3D surface plot; diverging green-white-red colourbar so cmap_class other,/mnt/c/Users/spoudel1/OneDrive - St. Jude Children's Research Hospital/make_my_plot/figure_library/cell/2025_Giuntini_myc_inhibition_by_omomyc_causes_dna_dama/figures/fig02_fig2.jpg,cell_2
PMC12727680,Cell reports,Cell,2,D,bar,LB,out,none,white,bars,no,na,na,na,UNKNOWN,none,na,na,1,pastel,na,na,upper,bold,much_larger,sans,regular,yes,stars,yes,no,normal,45,wide,medium,two bar subplots inside one lettered panel; micrograph strip below not reviewed,/mnt/c/Users/spoudel1/OneDrive - St. Jude Children's Research Hospital/make_my_plot/figure_library/cell/2025_Giuntini_myc_inhibition_by_omomyc_causes_dna_dama/figures/fig02_fig2.jpg,cell_2
PMC12727680,Cell reports,Cell,2,E,bar,LB,out,none,white,bars,no,na,na,na,UNKNOWN,none,na,na,1,pastel,na,na,upper,bold,much_larger,sans,regular,yes,stars,yes,no,normal,45,wide,medium,two bar subplots inside one lettered panel; micrograph strip below not reviewed,/mnt/c/Users/spoudel1/OneDrive - St. Jude Children's Research Hospital/make_my_plot/figure_library/cell/2025_Giuntini_myc_inhibition_by_omomyc_causes_dna_dama/figures/fig02_fig2.jpg,cell_2
PMC12727680,Cell reports,Cell,2,F,bar,LB,out,none,white,bars,no,na,na,na,UNKNOWN,none,na,na,1,pastel,na,na,upper,bold,much_larger,sans,regular,yes,stars,yes,no,normal,45,wide,medium,two bar subplots inside one lettered panel; micrograph strip below not reviewed,/mnt/c/Users/spoudel1/OneDrive - St. Jude Children's Research Hospital/make_my_plot/figure_library/cell/2025_Giuntini_myc_inhibition_by_omomyc_causes_dna_dama/figures/fig02_fig2.jpg,cell_2
PMC12727680,Cell reports,Cell,3,A,grouped_bar,LB,out,none,white,bars_caps,no,na,na,na,UNKNOWN,inside,no,3,3,sequential,na,na,upper,bold,much_larger,sans,regular,yes,stars,yes,no,normal,45,wide,medium,three bar subplots inside one lettered panel; three purple shades,/mnt/c/Users/spoudel1/OneDrive - St. Jude Children's Research Hospital/make_my_plot/figure_library/cell/2025_Giuntini_myc_inhibition_by_omomyc_causes_dna_dama/figures/fig03_fig3.jpg,cell_2
PMC12752747,iScience,Cell,1,A,bar,LB,out,none,white,bars_caps,yes,open,small,na,UNKNOWN,none,na,na,2,greys,na,na,upper,bold,larger,sans,regular,no,stars,yes,no,normal,0,tall,medium,grey and white bar fills with black outline; +/- x labels,/mnt/c/Users/spoudel1/OneDrive - St. Jude Children's Research Hospital/make_my_plot/figure_library/cell/2025_Matake_ent3_a_lysosomal_urate_transporter_regul/figures/fig01_fig1.jpg,cell_2
PMC12752747,iScience,Cell,1,D,bar,LB,out,none,white,bars_caps,yes,open,small,na,UNKNOWN,none,na,na,2,greys,na,na,upper,bold,larger,sans,regular,no,stars,no,no,normal,45,tall,medium,grey and white bar fills with black outline,/mnt/c/Users/spoudel1/OneDrive - St. Jude Children's Research Hospital/make_my_plot/figure_library/cell/2025_Matake_ent3_a_lysosomal_urate_transporter_regul/figures/fig01_fig1.jpg,cell_2
PMC12752747,iScience,Cell,1,E,bar,LB,out,none,white,bars_caps,yes,open,small,na,UNKNOWN,none,na,na,2,greys,na,na,upper,bold,larger,sans,regular,no,stars,no,no,normal,45,tall,medium,grey and white bar fills with black outline,/mnt/c/Users/spoudel1/OneDrive - St. Jude Children's Research Hospital/make_my_plot/figure_library/cell/2025_Matake_ent3_a_lysosomal_urate_transporter_regul/figures/fig01_fig1.jpg,cell_2
PMC12752747,iScience,Cell,2,A,line,LB,out,none,white,bars_caps,na,mixed,medium,regular,UNKNOWN,inside,no,2,0,monochrome_black,na,na,upper,bold,larger,sans,regular,no,stars,no,no,normal,0,wide,medium,open and filled circle markers,/mnt/c/Users/spoudel1/OneDrive - St. Jude Children's Research Hospital/make_my_plot/figure_library/cell/2025_Matake_ent3_a_lysosomal_urate_transporter_regul/figures/fig02_fig2.jpg,cell_2
PMC12752747,iScience,Cell,2,B,bar,LB,out,none,white,bars_caps,yes,open,small,na,UNKNOWN,none,na,na,2,greys,na,na,upper,bold,larger,sans,regular,no,stars,no,no,normal,0,wide,medium,"horizontal bars; grey control bar, white treatment bars",/mnt/c/Users/spoudel1/OneDrive - St. Jude Children's Research Hospital/make_my_plot/figure_library/cell/2025_Matake_ent3_a_lysosomal_urate_transporter_regul/figures/fig02_fig2.jpg,cell_2
PMC12752747,iScience,Cell,2,C,bar,LB,out,none,white,bars_caps,yes,open,small,na,UNKNOWN,none,na,na,2,greys,na,na,upper,bold,larger,sans,regular,no,stars,no,no,normal,0,wide,medium,"horizontal bars; grey control bar, white treatment bars",/mnt/c/Users/spoudel1/OneDrive - St. Jude Children's Research Hospital/make_my_plot/figure_library/cell/2025_Matake_ent3_a_lysosomal_urate_transporter_regul/figures/fig02_fig2.jpg,cell_2
PMC12752747,iScience,Cell,2,D,line,LB,out,none,white,bars_caps,na,mixed,medium,regular,UNKNOWN,inside,no,2,0,monochrome_black,na,na,upper,bold,larger,sans,regular,no,none,no,no,normal,0,wide,medium,open and filled circle markers,/mnt/c/Users/spoudel1/OneDrive - St. Jude Children's Research Hospital/make_my_plot/figure_library/cell/2025_Matake_ent3_a_lysosomal_urate_transporter_regul/figures/fig02_fig2.jpg,cell_2
PMC12752747,iScience,Cell,2,E,scatter_regression,LB,out,none,white,bars_caps,na,open,medium,regular,UNKNOWN,none,na,na,0,monochrome_black,na,na,upper,bold,larger,sans,regular,no,none,no,no,normal,0,wide,medium,fitted curve through points with error bars,/mnt/c/Users/spoudel1/OneDrive - St. Jude Children's Research Hospital/make_my_plot/figure_library/cell/2025_Matake_ent3_a_lysosomal_urate_transporter_regul/figures/fig02_fig2.jpg,cell_2
PMC12752747,iScience,Cell,2,F,scatter_regression,LB,out,none,white,bars_caps,na,mixed,medium,regular,UNKNOWN,inside,no,2,0,monochrome_black,na,na,upper,bold,larger,sans,regular,no,none,no,no,normal,0,wide,medium,fitted sigmoid curves; log x axis,/mnt/c/Users/spoudel1/OneDrive - St. Jude Children's Research Hospital/make_my_plot/figure_library/cell/2025_Matake_ent3_a_lysosomal_urate_transporter_regul/figures/fig02_fig2.jpg,cell_2
PMC12752747,iScience,Cell,2,G,bar,LB,out,none,white,bars_caps,yes,open,small,na,UNKNOWN,none,na,na,2,greys,na,na,upper,bold,larger,sans,regular,no,stars,no,no,dense,0,tall,medium,horizontal bars with many category labels,/mnt/c/Users/spoudel1/OneDrive - St. Jude Children's Research Hospital/make_my_plot/figure_library/cell/2025_Matake_ent3_a_lysosomal_urate_transporter_regul/figures/fig02_fig2.jpg,cell_2
PMC12752747,iScience,Cell,3,A,bar,LB,out,none,white,bars_caps,yes,open,small,na,UNKNOWN,none,na,na,2,greys,na,na,upper,bold,larger,sans,regular,no,stars,no,no,dense,0,tall,medium,"horizontal bars; grey control bar, white bars; ND text labels for zero values",/mnt/c/Users/spoudel1/OneDrive - St. Jude Children's Research Hospital/make_my_plot/figure_library/cell/2025_Matake_ent3_a_lysosomal_urate_transporter_regul/figures/fig03_fig3.jpg,cell_2
PMC12767183,iScience,Cell,1,p1,box,box,out,none,white,box_whisker,yes,filled,small,na,UNKNOWN,outside_top,no,2,2,pastel,na,na,none,UNKNOWN,UNKNOWN,sans,regular,yes,stars,yes,no,normal,0,square,medium,unlettered subplots numbered in reading order; grey violin density behind boxes; shared figure legend at top right; panel_label_weight/size UNKNOWN because no panel letters printed,/mnt/c/Users/spoudel1/OneDrive - St. Jude Children's Research Hospital/make_my_plot/figure_library/cell/2025_Miyauchi_dog_ownership_during_adolescence_alters_/figures/fig01_fig1.jpg,cell_2
PMC12767183,iScience,Cell,1,p2,box,box,out,none,white,box_whisker,yes,filled,small,na,UNKNOWN,outside_top,no,2,2,pastel,na,na,none,UNKNOWN,UNKNOWN,sans,regular,yes,none,no,no,normal,0,square,medium,unlettered subplots numbered in reading order; grey violin density behind boxes; shared figure legend at top right; panel_label_weight/size UNKNOWN because no panel letters printed,/mnt/c/Users/spoudel1/OneDrive - St. Jude Children's Research Hospital/make_my_plot/figure_library/cell/2025_Miyauchi_dog_ownership_during_adolescence_alters_/figures/fig01_fig1.jpg,cell_2
PMC12767183,iScience,Cell,1,p3,box,box,out,none,white,box_whisker,yes,filled,small,na,UNKNOWN,outside_top,no,2,2,pastel,na,na,none,UNKNOWN,UNKNOWN,sans,regular,yes,none,no,no,normal,0,square,medium,unlettered subplots numbered in reading order; grey violin density behind boxes; shared figure legend at top right; panel_label_weight/size UNKNOWN because no panel letters printed,/mnt/c/Users/spoudel1/OneDrive - St. Jude Children's Research Hospital/make_my_plot/figure_library/cell/2025_Miyauchi_dog_ownership_during_adolescence_alters_/figures/fig01_fig1.jpg,cell_2
PMC12767183,iScience,Cell,1,p4,box,box,out,none,white,box_whisker,yes,filled,small,na,UNKNOWN,outside_top,no,2,2,pastel,na,na,none,UNKNOWN,UNKNOWN,sans,regular,yes,stars,yes,no,normal,0,square,medium,unlettered subplots numbered in reading order; grey violin density behind boxes; shared figure legend at top right; panel_label_weight/size UNKNOWN because no panel letters printed,/mnt/c/Users/spoudel1/OneDrive - St. Jude Children's Research Hospital/make_my_plot/figure_library/cell/2025_Miyauchi_dog_ownership_during_adolescence_alters_/figures/fig01_fig1.jpg,cell_2
PMC12767183,iScience,Cell,1,p5,box,box,out,none,white,box_whisker,yes,filled,small,na,UNKNOWN,outside_top,no,2,2,pastel,na,na,none,UNKNOWN,UNKNOWN,sans,regular,yes,stars,yes,no,normal,0,square,medium,unlettered subplots numbered in reading order; grey violin density behind boxes; shared figure legend at top right; panel_label_weight/size UNKNOWN because no panel letters printed,/mnt/c/Users/spoudel1/OneDrive - St. Jude Children's Research Hospital/make_my_plot/figure_library/cell/2025_Miyauchi_dog_ownership_during_adolescence_alters_/figures/fig01_fig1.jpg,cell_2
PMC12767183,iScience,Cell,1,p6,box,box,out,none,white,box_whisker,yes,filled,small,na,UNKNOWN,outside_top,no,2,2,pastel,na,na,none,UNKNOWN,UNKNOWN,sans,regular,yes,none,no,no,normal,0,square,medium,unlettered subplots numbered in reading order; grey violin density behind boxes; shared figure legend at top right; panel_label_weight/size UNKNOWN because no panel letters printed,/mnt/c/Users/spoudel1/OneDrive - St. Jude Children's Research Hospital/make_my_plot/figure_library/cell/2025_Miyauchi_dog_ownership_during_adolescence_alters_/figures/fig01_fig1.jpg,cell_2
PMC12767183,iScience,Cell,1,p7,box,box,out,none,white,box_whisker,yes,filled,small,na,UNKNOWN,outside_top,no,2,2,pastel,na,na,none,UNKNOWN,UNKNOWN,sans,regular,yes,stars,yes,no,normal,0,square,medium,unlettered subplots numbered in reading order; grey violin density behind boxes; shared figure legend at top right; panel_label_weight/size UNKNOWN because no panel letters printed,/mnt/c/Users/spoudel1/OneDrive - St. Jude Children's Research Hospital/make_my_plot/figure_library/cell/2025_Miyauchi_dog_ownership_during_adolescence_alters_/figures/fig01_fig1.jpg,cell_2
PMC12767183,iScience,Cell,1,p8,box,box,out,none,white,box_whisker,yes,filled,small,na,UNKNOWN,outside_top,no,2,2,pastel,na,na,none,UNKNOWN,UNKNOWN,sans,regular,yes,stars,yes,no,normal,0,square,medium,unlettered subplots numbered in reading order; grey violin density behind boxes; shared figure legend at top right; panel_label_weight/size UNKNOWN because no panel letters printed,/mnt/c/Users/spoudel1/OneDrive - St. Jude Children's Research Hospital/make_my_plot/figure_library/cell/2025_Miyauchi_dog_ownership_during_adolescence_alters_/figures/fig01_fig1.jpg,cell_2
PMC12767183,iScience,Cell,2,A,stacked_bar,UNKNOWN,UNKNOWN,none,white,na,na,na,na,na,UNKNOWN,outside_right,no,16,16,mixed,na,na,upper,bold,larger,sans,regular,yes,none,no,no,sparse,na,wide,medium,spines and tick_direction UNKNOWN because only the left axis is clearly resolvable; no x tick labels,/mnt/c/Users/spoudel1/OneDrive - St. Jude Children's Research Hospital/make_my_plot/figure_library/cell/2025_Miyauchi_dog_ownership_during_adolescence_alters_/figures/fig02_fig2.jpg,cell_2
PMC12767183,iScience,Cell,2,B,violin,box,out,major,white,box_whisker,yes,filled,small,na,UNKNOWN,none,na,na,2,muted,na,na,upper,bold,larger,sans,regular,no,none,no,no,normal,0,square,medium,two violin subplots with inner boxplots inside one lettered panel,/mnt/c/Users/spoudel1/OneDrive - St. Jude Children's Research Hospital/make_my_plot/figure_library/cell/2025_Miyauchi_dog_ownership_during_adolescence_alters_/figures/fig02_fig2.jpg,cell_2
PMC12767183,iScience,Cell,2,C,pca_umap,box,out,major,white,na,na,filled,small,na,UNKNOWN,inside,no,2,2,muted,na,na,upper,bold,larger,sans,regular,no,none,no,no,normal,0,square,medium,marginal density curves on top and right edges,/mnt/c/Users/spoudel1/OneDrive - St. Jude Children's Research Hospital/make_my_plot/figure_library/cell/2025_Miyauchi_dog_ownership_during_adolescence_alters_/figures/fig02_fig2.jpg,cell_2
PMC12767183,iScience,Cell,2,D,bar,B,out,major,white,bars,no,na,na,na,UNKNOWN,outside_top,no,2,2,muted,na,na,upper,bold,larger,sans,regular,no,none,no,no,sparse,0,square,medium,horizontal bars; dashed vertical gridlines; legend lists two colours but only blue bars drawn,/mnt/c/Users/spoudel1/OneDrive - St. Jude Children's Research Hospital/make_my_plot/figure_library/cell/2025_Miyauchi_dog_ownership_during_adolescence_alters_/figures/fig02_fig2.jpg,cell_2
PMC12767183,iScience,Cell,2,E,heatmap_clustered,box,none,none,white,na,na,na,na,na,UNKNOWN,none,na,na,0,diverging,blue_white_red,bottom,upper,bold,larger,sans,regular,no,stars,no,no,normal,45,tall,medium,row dendrogram at left; stars printed inside cells,/mnt/c/Users/spoudel1/OneDrive - St. Jude Children's Research Hospital/make_my_plot/figure_library/cell/2025_Miyauchi_dog_ownership_during_adolescence_alters_/figures/fig02_fig2.jpg,cell_2
PMC12767183,iScience,Cell,3,A,box,box,out,none,white,box_whisker,yes,filled,small,na,UNKNOWN,outside_right,no,2,2,pastel,na,na,upper,bold,larger,sans,regular,yes,stars,yes,no,normal,0,square,medium,shared figure legend at right; jittered points beside boxes,/mnt/c/Users/spoudel1/OneDrive - St. Jude Children's Research Hospital/make_my_plot/figure_library/cell/2025_Miyauchi_dog_ownership_during_adolescence_alters_/figures/fig03_fig3.jpg,cell_2
PMC12767183,iScience,Cell,3,B,box,box,out,none,white,box_whisker,yes,filled,small,na,UNKNOWN,outside_right,no,2,2,pastel,na,na,upper,bold,larger,sans,regular,yes,stars,yes,no,normal,0,square,medium,shared figure legend at right; jittered points beside boxes,/mnt/c/Users/spoudel1/OneDrive - St. Jude Children's Research Hospital/make_my_plot/figure_library/cell/2025_Miyauchi_dog_ownership_during_adolescence_alters_/figures/fig03_fig3.jpg,cell_2
PMC12767183,iScience,Cell,3,C,box,box,out,none,white,box_whisker,yes,filled,small,na,UNKNOWN,outside_right,no,2,2,pastel,na,na,upper,bold,larger,sans,regular,yes,stars,yes,no,normal,0,square,medium,shared figure legend at right; jittered points beside boxes,/mnt/c/Users/spoudel1/OneDrive - St. Jude Children's Research Hospital/make_my_plot/figure_library/cell/2025_Miyauchi_dog_ownership_during_adolescence_alters_/figures/fig03_fig3.jpg,cell_2
PMC12767183,iScience,Cell,3,D,box,box,out,none,white,box_whisker,yes,filled,small,na,UNKNOWN,outside_right,no,2,2,pastel,na,na,upper,bold,larger,sans,regular,yes,stars,yes,no,normal,0,square,medium,shared figure legend at right; jittered points beside boxes,/mnt/c/Users/spoudel1/OneDrive - St. Jude Children's Research Hospital/make_my_plot/figure_library/cell/2025_Miyauchi_dog_ownership_during_adolescence_alters_/figures/fig03_fig3.jpg,cell_2
PMC12767183,iScience,Cell,3,E,box,box,out,none,white,box_whisker,yes,filled,small,na,UNKNOWN,outside_right,no,2,2,pastel,na,na,upper,bold,larger,sans,regular,yes,stars,yes,no,normal,0,square,medium,shared figure legend at right; jittered points beside boxes,/mnt/c/Users/spoudel1/OneDrive - St. Jude Children's Research Hospital/make_my_plot/figure_library/cell/2025_Miyauchi_dog_ownership_during_adolescence_alters_/figures/fig03_fig3.jpg,cell_2
PMC12767183,iScience,Cell,3,F,box,box,out,none,white,box_whisker,yes,filled,small,na,UNKNOWN,outside_right,no,2,2,pastel,na,na,upper,bold,larger,sans,regular,yes,none,no,no,normal,0,square,medium,shared figure legend at right; jittered points beside boxes,/mnt/c/Users/spoudel1/OneDrive - St. Jude Children's Research Hospital/make_my_plot/figure_library/cell/2025_Miyauchi_dog_ownership_during_adolescence_alters_/figures/fig03_fig3.jpg,cell_2
PMC12916471,Cell Systems,Cell,1,D,stacked_bar,LB,out,none,white,none,no,na,na,na,UNKNOWN,inside,no,4,4,mixed,na,na,upper,bold,larger,sans,regular,no,none,no,no,normal,0,square,medium,grey plus three teal shades,/mnt/c/Users/spoudel1/OneDrive - St. Jude Children's Research Hospital/make_my_plot_journal_presets/PRIVATE_REFERENCE_ONLY/corpus/PMC12916471/figures/Fig1.jpg,cell_2
PMC12916471,Cell Systems,Cell,1,E,line,LB,out,none,white,bars_caps,na,filled,small,regular,UNKNOWN,inside,no,2,2,muted,na,na,upper,bold,larger,sans,regular,no,none,no,no,dense,0,square,medium,log y axis with exponent tick labels,/mnt/c/Users/spoudel1/OneDrive - St. Jude Children's Research Hospital/make_my_plot_journal_presets/PRIVATE_REFERENCE_ONLY/corpus/PMC12916471/figures/Fig1.jpg,cell_2
PMC12916471,Cell Systems,Cell,1,F,line,LB,out,none,white,bars_caps,na,filled,small,regular,UNKNOWN,inside,no,2,2,muted,na,na,upper,bold,larger,sans,regular,no,none,no,no,dense,0,square,medium,log y axis with exponent tick labels,/mnt/c/Users/spoudel1/OneDrive - St. Jude Children's Research Hospital/make_my_plot_journal_presets/PRIVATE_REFERENCE_ONLY/corpus/PMC12916471/figures/Fig1.jpg,cell_2
PMC12916471,Cell Systems,Cell,1,I,line,LB,out,none,white,none,na,na,na,hairline,UNKNOWN,none,na,na,5,sequential,na,na,upper,bold,larger,sans,regular,no,none,no,no,normal,0,wide,medium,multiple single-cell traces in blue-teal shades; dotted horizontal reference line,/mnt/c/Users/spoudel1/OneDrive - St. Jude Children's Research Hospital/make_my_plot_journal_presets/PRIVATE_REFERENCE_ONLY/corpus/PMC12916471/figures/Fig1.jpg,cell_2
PMC13124994,Cell Reports,Cell,1,E,box,LB,out,major_minor,white,box_whisker,no,na,na,na,UNKNOWN,none,na,na,1,saturated,na,na,upper,bold,larger,sans,regular,no,none,no,no,normal,0,wide,medium,horizontal box plot; UNKNOWN axis_line_weight_class because ~700 px wide,/mnt/c/Users/spoudel1/OneDrive - St. Jude Children's Research Hospital/make_my_plot_journal_presets/PRIVATE_REFERENCE_ONLY/corpus/PMC13124994/figures/Fig1.jpg,cell_2
PMC13124994,Cell Reports,Cell,1,F,pie_donut,none,none,none,white,none,na,na,na,na,UNKNOWN,below,no,2,2,saturated,na,na,upper,bold,larger,sans,regular,yes,none,no,no,sparse,na,wide,medium,three donuts in one panel,/mnt/c/Users/spoudel1/OneDrive - St. Jude Children's Research Hospital/make_my_plot_journal_presets/PRIVATE_REFERENCE_ONLY/corpus/PMC13124994/figures/Fig1.jpg,cell_2
PMC13124994,Cell Reports,Cell,1,G,volcano,LB,out,none,white,none,na,filled,small,na,UNKNOWN,none,na,na,4,mixed,na,na,upper,bold,larger,sans,regular,no,none,no,no,normal,0,square,medium,dashed threshold lines present,/mnt/c/Users/spoudel1/OneDrive - St. Jude Children's Research Hospital/make_my_plot_journal_presets/PRIVATE_REFERENCE_ONLY/corpus/PMC13124994/figures/Fig1.jpg,cell_2
PMC13124994,Cell Reports,Cell,1,H,volcano,LB,out,none,white,none,na,filled,small,na,UNKNOWN,none,na,na,4,mixed,na,na,upper,bold,larger,sans,regular,no,none,no,no,normal,0,square,medium,dashed threshold lines present,/mnt/c/Users/spoudel1/OneDrive - St. Jude Children's Research Hospital/make_my_plot_journal_presets/PRIVATE_REFERENCE_ONLY/corpus/PMC13124994/figures/Fig1.jpg,cell_2
PMC13124994,Cell Reports,Cell,1,I,other_quant,none,none,none,white,none,na,na,na,na,UNKNOWN,none,na,na,2,pastel,na,na,upper,bold,larger,sans,regular,no,none,no,no,sparse,na,square,medium,two-set Venn diagram with counts,/mnt/c/Users/spoudel1/OneDrive - St. Jude Children's Research Hospital/make_my_plot_journal_presets/PRIVATE_REFERENCE_ONLY/corpus/PMC13124994/figures/Fig1.jpg,cell_2
PMC13124994,Cell Reports,Cell,1,J,bar,LB,out,none,white,none,na,na,na,na,UNKNOWN,none,na,na,4,mixed,na,na,upper,bold,larger,sans,regular,no,none,no,no,normal,0,wide,medium,horizontal bars with black outlines,/mnt/c/Users/spoudel1/OneDrive - St. Jude Children's Research Hospital/make_my_plot_journal_presets/PRIVATE_REFERENCE_ONLY/corpus/PMC13124994/figures/Fig1.jpg,cell_2
PMC13125397,Cell Reports,Cell,1,D,bar,LB,out,none,white,bars_caps,yes,filled,small,na,regular,none,na,na,0,greys,na,na,upper,bold,larger,sans,bold,no,stars,no,no,normal,0,tall,medium,"open bars with black outline, grey jittered points",/mnt/c/Users/spoudel1/OneDrive - St. Jude Children's Research Hospital/make_my_plot_journal_presets/PRIVATE_REFERENCE_ONLY/corpus/PMC13125397/figures/Fig1.jpg,cell_2
PMC13125397,Cell Reports,Cell,1,E,bar,LB,out,none,white,bars_caps,yes,filled,small,na,regular,none,na,na,0,greys,na,na,upper,bold,larger,sans,bold,no,stars,no,no,normal,0,tall,medium,"open bars with black outline, grey jittered points",/mnt/c/Users/spoudel1/OneDrive - St. Jude Children's Research Hospital/make_my_plot_journal_presets/PRIVATE_REFERENCE_ONLY/corpus/PMC13125397/figures/Fig1.jpg,cell_2
PMC13125401,Cell Reports,Cell,1,A,heatmap,none,UNKNOWN,none,white,na,na,na,na,na,UNKNOWN,none,na,na,0,sequential,other,inside,upper,bold,larger,sans,regular,no,none,no,no,sparse,0,wide,medium,white-to-red Hi-C triangle; framed colourbar at upper left within panel; UNKNOWN tick_direction because ticks too small at this resolution,/mnt/c/Users/spoudel1/OneDrive - St. Jude Children's Research Hospital/make_my_plot_journal_presets/PRIVATE_REFERENCE_ONLY/corpus/PMC13125401/figures/Fig1.jpg,cell_2
PMC13125401,Cell Reports,Cell,1,B,heatmap,box,out,none,white,na,na,na,na,na,UNKNOWN,none,na,na,0,diverging,other,right,upper,bold,larger,sans,regular,no,none,no,no,normal,45,tall,medium,"green-to-red colour map, framed colourbar",/mnt/c/Users/spoudel1/OneDrive - St. Jude Children's Research Hospital/make_my_plot_journal_presets/PRIVATE_REFERENCE_ONLY/corpus/PMC13125401/figures/Fig1.jpg,cell_2
PMC13125401,Cell Reports,Cell,1,C,other_quant,B,none,none,white,na,na,na,na,UNKNOWN,UNKNOWN,none,na,na,0,monochrome_black,na,na,upper,bold,larger,sans,regular,no,none,no,no,sparse,na,wide,medium,"stacked genome-browser signal tracks, filled black area marks",/mnt/c/Users/spoudel1/OneDrive - St. Jude Children's Research Hospital/make_my_plot_journal_presets/PRIVATE_REFERENCE_ONLY/corpus/PMC13125401/figures/Fig1.jpg,cell_2
PMC13125401,Cell Reports,Cell,1,D,other_quant,B,none,none,white,na,na,na,na,UNKNOWN,UNKNOWN,none,na,na,3,saturated,na,na,upper,bold,larger,sans,regular,no,none,no,no,sparse,na,wide,medium,stacked genome-browser signal tracks in green/blue/red,/mnt/c/Users/spoudel1/OneDrive - St. Jude Children's Research Hospital/make_my_plot_journal_presets/PRIVATE_REFERENCE_ONLY/corpus/PMC13125401/figures/Fig1.jpg,cell_2
PMC13125401,Cell Reports,Cell,2,D,bar,LB,out,none,white,bars_caps,no,na,na,na,regular,below,no,2,3,saturated,na,na,upper,bold,larger,sans,bold,no,stars,yes,no,normal,45,square,medium,broken y axis; legend swatches sit under the schematic half of the panel,/mnt/c/Users/spoudel1/OneDrive - St. Jude Children's Research Hospital/make_my_plot_journal_presets/PRIVATE_REFERENCE_ONLY/corpus/PMC13125401/figures/Fig2.jpg,cell_2
PMC13125401,Cell Reports,Cell,4,B,bar,LB,out,none,white,bars_caps,yes,filled,small,na,regular,none,na,na,3,saturated,na,na,upper,bold,larger,sans,bold,no,stars,yes,no,normal,45,tall,medium,,/mnt/c/Users/spoudel1/OneDrive - St. Jude Children's Research Hospital/make_my_plot_journal_presets/PRIVATE_REFERENCE_ONLY/corpus/PMC13125401/figures/Fig4.jpg,cell_2
PMC13125401,Cell Reports,Cell,4,D,grouped_bar,LB,out,none,white,bars_caps,yes,filled,medium,na,regular,outside_right,no,2,2,muted,na,na,upper,bold,larger,sans,bold,no,stars,yes,no,normal,45,square,medium,,/mnt/c/Users/spoudel1/OneDrive - St. Jude Children's Research Hospital/make_my_plot_journal_presets/PRIVATE_REFERENCE_ONLY/corpus/PMC13125401/figures/Fig4.jpg,cell_2
PMC13125401,Cell Reports,Cell,4,G,bar,LB,out,none,white,bars_caps,yes,filled,small,na,regular,none,na,na,3,saturated,na,na,upper,bold,larger,sans,bold,no,stars,yes,no,normal,45,tall,medium,two sub-charts under one letter; points overlaid only on the right sub-chart,/mnt/c/Users/spoudel1/OneDrive - St. Jude Children's Research Hospital/make_my_plot_journal_presets/PRIVATE_REFERENCE_ONLY/corpus/PMC13125401/figures/Fig4.jpg,cell_2
PMC13125401,Cell Reports,Cell,4,I,bar,LB,out,none,white,bars_caps,no,na,na,na,regular,none,na,na,3,saturated,na,na,upper,bold,larger,sans,bold,no,stars,yes,no,normal,45,tall,medium,,/mnt/c/Users/spoudel1/OneDrive - St. Jude Children's Research Hospital/make_my_plot_journal_presets/PRIVATE_REFERENCE_ONLY/corpus/PMC13125401/figures/Fig4.jpg,cell_2
PMC13237580,Cell Metabolism,Cell,1,A,bar,LB,out,none,white,none,yes,filled,medium,hairline,regular,none,na,na,2,saturated,na,na,upper,bold,larger,sans,bold,yes,p_values,yes,no,normal,0,square,high,,/mnt/c/Users/spoudel1/OneDrive - St. Jude Children's Research Hospital/make_my_plot_journal_presets/PRIVATE_REFERENCE_ONLY/corpus/PMC13237580/figures/Fig1.jpg,cell_2
PMC13237580,Cell Metabolism,Cell,1,B,bar,LB,out,none,white,none,yes,filled,medium,hairline,regular,outside_right,no,2,2,saturated,na,na,upper,bold,larger,sans,bold,yes,p_values,yes,no,normal,0,square,high,,/mnt/c/Users/spoudel1/OneDrive - St. Jude Children's Research Hospital/make_my_plot_journal_presets/PRIVATE_REFERENCE_ONLY/corpus/PMC13237580/figures/Fig1.jpg,cell_2
PMC13237580,Cell Metabolism,Cell,1,C,bar,LB,out,none,white,none,yes,filled,medium,hairline,regular,none,na,na,2,saturated,na,na,upper,bold,larger,sans,bold,yes,p_values,yes,no,normal,0,square,high,,/mnt/c/Users/spoudel1/OneDrive - St. Jude Children's Research Hospital/make_my_plot_journal_presets/PRIVATE_REFERENCE_ONLY/corpus/PMC13237580/figures/Fig1.jpg,cell_2
PMC13237580,Cell Metabolism,Cell,1,D,bar,LB,out,none,white,none,yes,filled,medium,hairline,regular,none,na,na,2,saturated,na,na,upper,bold,larger,sans,bold,yes,p_values,yes,no,normal,0,square,high,,/mnt/c/Users/spoudel1/OneDrive - St. Jude Children's Research Hospital/make_my_plot_journal_presets/PRIVATE_REFERENCE_ONLY/corpus/PMC13237580/figures/Fig1.jpg,cell_2
PMC13237580,Cell Metabolism,Cell,2,A,bar,LB,out,none,white,none,yes,filled,medium,hairline,regular,none,na,na,2,saturated,na,na,upper,bold,larger,sans,bold,yes,p_values,yes,no,normal,0,square,high,,/mnt/c/Users/spoudel1/OneDrive - St. Jude Children's Research Hospital/make_my_plot_journal_presets/PRIVATE_REFERENCE_ONLY/corpus/PMC13237580/figures/Fig2.jpg,cell_2
PMC13237580,Cell Metabolism,Cell,2,B,bar,LB,out,none,white,none,yes,filled,medium,hairline,regular,outside_right,no,2,2,saturated,na,na,upper,bold,larger,sans,bold,yes,p_values,yes,no,normal,0,square,high,,/mnt/c/Users/spoudel1/OneDrive - St. Jude Children's Research Hospital/make_my_plot_journal_presets/PRIVATE_REFERENCE_ONLY/corpus/PMC13237580/figures/Fig2.jpg,cell_2
PMC13237580,Cell Metabolism,Cell,2,C,bar,LB,out,none,white,none,yes,filled,medium,hairline,regular,none,na,na,2,saturated,na,na,upper,bold,larger,sans,bold,yes,p_values,yes,no,normal,0,square,high,,/mnt/c/Users/spoudel1/OneDrive - St. Jude Children's Research Hospital/make_my_plot_journal_presets/PRIVATE_REFERENCE_ONLY/corpus/PMC13237580/figures/Fig2.jpg,cell_2
PMC13237580,Cell Metabolism,Cell,2,D,bar,LB,out,none,white,none,yes,filled,medium,hairline,regular,none,na,na,2,saturated,na,na,upper,bold,larger,sans,bold,yes,none,no,no,normal,0,square,high,,/mnt/c/Users/spoudel1/OneDrive - St. Jude Children's Research Hospital/make_my_plot_journal_presets/PRIVATE_REFERENCE_ONLY/corpus/PMC13237580/figures/Fig2.jpg,cell_2
PMC13237580,Cell Metabolism,Cell,2,E,line,LB,out,none,white,bars_caps,na,filled,medium,regular,regular,inside,no,4,2,saturated,na,na,upper,bold,larger,sans,bold,yes,none,no,no,normal,0,wide,high,"fitted curves drawn in black, markers coloured by group",/mnt/c/Users/spoudel1/OneDrive - St. Jude Children's Research Hospital/make_my_plot_journal_presets/PRIVATE_REFERENCE_ONLY/corpus/PMC13237580/figures/Fig2.jpg,cell_2
PMC13237580,Cell Metabolism,Cell,2,F,bar,LB,out,none,white,none,yes,filled,medium,hairline,regular,none,na,na,2,saturated,na,na,upper,bold,larger,sans,bold,yes,p_values,yes,no,normal,0,square,high,,/mnt/c/Users/spoudel1/OneDrive - St. Jude Children's Research Hospital/make_my_plot_journal_presets/PRIVATE_REFERENCE_ONLY/corpus/PMC13237580/figures/Fig2.jpg,cell_2
PMC13237580,Cell Metabolism,Cell,3,A,bar,LB,out,none,white,none,yes,filled,medium,hairline,regular,none,na,na,2,saturated,na,na,upper,bold,larger,sans,bold,yes,none,no,no,normal,0,square,high,,/mnt/c/Users/spoudel1/OneDrive - St. Jude Children's Research Hospital/make_my_plot_journal_presets/PRIVATE_REFERENCE_ONLY/corpus/PMC13237580/figures/Fig3.jpg,cell_2
PMC13237580,Cell Metabolism,Cell,3,B,bar,LB,out,none,white,none,yes,filled,medium,hairline,regular,outside_right,no,2,2,saturated,na,na,upper,bold,larger,sans,bold,yes,p_values,yes,no,normal,0,square,high,,/mnt/c/Users/spoudel1/OneDrive - St. Jude Children's Research Hospital/make_my_plot_journal_presets/PRIVATE_REFERENCE_ONLY/corpus/PMC13237580/figures/Fig3.jpg,cell_2
PMC13237580,Cell Metabolism,Cell,3,C,bar,LB,out,none,white,none,yes,filled,medium,hairline,regular,none,na,na,2,saturated,na,na,upper,bold,larger,sans,bold,yes,p_values,yes,no,normal,0,square,high,,/mnt/c/Users/spoudel1/OneDrive - St. Jude Children's Research Hospital/make_my_plot_journal_presets/PRIVATE_REFERENCE_ONLY/corpus/PMC13237580/figures/Fig3.jpg,cell_2
PMC13237580,Cell Metabolism,Cell,3,D,bar,LB,out,none,white,none,yes,filled,medium,hairline,regular,none,na,na,2,saturated,na,na,upper,bold,larger,sans,bold,yes,p_values,yes,no,normal,0,square,high,,/mnt/c/Users/spoudel1/OneDrive - St. Jude Children's Research Hospital/make_my_plot_journal_presets/PRIVATE_REFERENCE_ONLY/corpus/PMC13237580/figures/Fig3.jpg,cell_2
PMC13237580,Cell Metabolism,Cell,3,E,bar,LB,out,none,white,none,yes,filled,medium,hairline,regular,none,na,na,2,saturated,na,na,upper,bold,larger,sans,bold,yes,p_values,yes,no,normal,0,square,high,,/mnt/c/Users/spoudel1/OneDrive - St. Jude Children's Research Hospital/make_my_plot_journal_presets/PRIVATE_REFERENCE_ONLY/corpus/PMC13237580/figures/Fig3.jpg,cell_2
PMC13237580,Cell Metabolism,Cell,3,F,bar,LB,out,none,white,none,yes,filled,medium,hairline,regular,none,na,na,2,saturated,na,na,upper,bold,larger,sans,bold,yes,p_values,yes,no,normal,0,square,high,,/mnt/c/Users/spoudel1/OneDrive - St. Jude Children's Research Hospital/make_my_plot_journal_presets/PRIVATE_REFERENCE_ONLY/corpus/PMC13237580/figures/Fig3.jpg,cell_2
PMC13291444,Cell Reports,Cell,1,D,stacked_bar,LB,out,none,white,bars_caps,no,na,na,na,regular,outside_right,no,2,2,greys,na,na,upper,bold,larger,sans,bold,no,stars,no,no,normal,45,tall,high,chart occupies the right half of the panel; left half is a blot,/mnt/c/Users/spoudel1/OneDrive - St. Jude Children's Research Hospital/make_my_plot_journal_presets/PRIVATE_REFERENCE_ONLY/corpus/PMC13291444/figures/Fig1.jpg,cell_2
PMC13291444,Cell Reports,Cell,1,E,bar,LB,out,none,white,bars_caps,no,na,na,na,regular,none,na,na,4,muted,na,na,upper,bold,larger,sans,bold,yes,both,no,no,normal,45,tall,high,three sub-charts under one letter; dotted reference line at 1,/mnt/c/Users/spoudel1/OneDrive - St. Jude Children's Research Hospital/make_my_plot_journal_presets/PRIVATE_REFERENCE_ONLY/corpus/PMC13291444/figures/Fig1.jpg,cell_2
PMC13291444,Cell Reports,Cell,1,F,bar,LB,out,none,white,bars_caps,no,na,na,na,regular,none,na,na,4,muted,na,na,upper,bold,larger,sans,bold,yes,stars,no,no,normal,45,tall,high,two sub-charts under one letter; dotted reference line at 1,/mnt/c/Users/spoudel1/OneDrive - St. Jude Children's Research Hospital/make_my_plot_journal_presets/PRIVATE_REFERENCE_ONLY/corpus/PMC13291444/figures/Fig1.jpg,cell_2
PMC13291444,Cell Reports,Cell,2,A,dot_strip,LB,out,none,white,bars,na,filled,small,na,regular,none,na,na,2,muted,na,na,upper,bold,larger,sans,bold,yes,none,no,no,normal,45,tall,medium,two sub-charts under one letter; dotted line at zero,/mnt/c/Users/spoudel1/OneDrive - St. Jude Children's Research Hospital/make_my_plot_journal_presets/PRIVATE_REFERENCE_ONLY/corpus/PMC13291444/figures/Fig2.jpg,cell_2
PMC13291444,Cell Reports,Cell,2,B,dot_strip,LB,out,none,white,bars,na,filled,small,na,regular,none,na,na,2,muted,na,na,upper,bold,larger,sans,bold,yes,both,yes,no,normal,45,tall,medium,five sub-charts under one letter,/mnt/c/Users/spoudel1/OneDrive - St. Jude Children's Research Hospital/make_my_plot_journal_presets/PRIVATE_REFERENCE_ONLY/corpus/PMC13291444/figures/Fig2.jpg,cell_2
PMC13291444,Cell Reports,Cell,2,C,heatmap_clustered,none,none,none,white,na,na,na,na,na,UNKNOWN,none,na,na,0,diverging,blue_white_red,bottom,upper,bold,larger,sans,bold,no,none,no,no,sparse,0,tall,medium,dendrograms top and left with coloured cluster bars,/mnt/c/Users/spoudel1/OneDrive - St. Jude Children's Research Hospital/make_my_plot_journal_presets/PRIVATE_REFERENCE_ONLY/corpus/PMC13291444/figures/Fig2.jpg,cell_2
PMC13291444,Cell Reports,Cell,2,D,dot_bubble,LB,out,none,white,none,na,filled,large,na,regular,outside_right,no,3,0,sequential,viridis_like,right,upper,bold,larger,sans,bold,yes,none,no,no,normal,0,wide,medium,six sub-charts under one letter; shared colourbar and bubble-size key at right,/mnt/c/Users/spoudel1/OneDrive - St. Jude Children's Research Hospital/make_my_plot_journal_presets/PRIVATE_REFERENCE_ONLY/corpus/PMC13291444/figures/Fig2.jpg,cell_2
PMC13291444,Cell Reports,Cell,2,E,scatter_regression,LB,UNKNOWN,none,white,none,na,filled,small,regular,regular,none,na,na,1,muted,na,na,upper,bold,larger,sans,bold,yes,none,no,no,normal,0,wide,medium,four sub-charts under one letter; axes cross at the origin; UNKNOWN tick_direction because x ticks read inward and y ticks outward at this resolution,/mnt/c/Users/spoudel1/OneDrive - St. Jude Children's Research Hospital/make_my_plot_journal_presets/PRIVATE_REFERENCE_ONLY/corpus/PMC13291444/figures/Fig2.jpg,cell_2
PMC13396705,Cell Metabolism,Cell,2,B,volcano,none,out,none,white,na,na,filled,small,na,UNKNOWN,inside,no,3,3,mixed,na,na,upper,bold,larger,sans,regular,yes,none,no,no,normal,0,square,medium,legend sits left of the axes; no outside_left category available. axis_line_weight UNKNOWN because no spines drawn,/mnt/c/Users/spoudel1/OneDrive - St. Jude Children's Research Hospital/make_my_plot_journal_presets/PRIVATE_REFERENCE_ONLY/corpus/PMC13396705/figures/Fig2.jpg,cell_2
PMC13396705,Cell Metabolism,Cell,2,C,other_quant,none,none,none,white,na,na,na,na,na,UNKNOWN,inside,no,2,2,pastel,na,na,upper,bold,larger,sans,regular,yes,none,no,yes,sparse,na,wide,medium,Venn diagrams with counts printed,/mnt/c/Users/spoudel1/OneDrive - St. Jude Children's Research Hospital/make_my_plot_journal_presets/PRIVATE_REFERENCE_ONLY/corpus/PMC13396705/figures/Fig2.jpg,cell_2
PMC13396705,Cell Metabolism,Cell,2,D,heatmap_clustered,box,none,none,white,na,na,na,na,na,UNKNOWN,outside_right,no,2,2,diverging,other,right,upper,bold,larger,sans,regular,yes,none,no,no,sparse,0,tall,medium,orange-white-purple Z-score map; row dendrogram at left,/mnt/c/Users/spoudel1/OneDrive - St. Jude Children's Research Hospital/make_my_plot_journal_presets/PRIVATE_REFERENCE_ONLY/corpus/PMC13396705/figures/Fig2.jpg,cell_2
PMC13396705,Cell Metabolism,Cell,2,E,bar,none,none,none,white,none,no,na,na,na,UNKNOWN,none,na,na,2,saturated,na,na,upper,bold,larger,sans,regular,yes,none,no,no,sparse,0,wide,medium,horizontal bars with black outline,/mnt/c/Users/spoudel1/OneDrive - St. Jude Children's Research Hospital/make_my_plot_journal_presets/PRIVATE_REFERENCE_ONLY/corpus/PMC13396705/figures/Fig2.jpg,cell_2
PMC13396705,Cell Metabolism,Cell,2,F,bar,none,none,none,white,none,no,na,na,na,UNKNOWN,none,na,na,2,saturated,na,na,upper,bold,larger,sans,regular,yes,none,no,no,sparse,0,wide,medium,horizontal bars with black outline,/mnt/c/Users/spoudel1/OneDrive - St. Jude Children's Research Hospital/make_my_plot_journal_presets/PRIVATE_REFERENCE_ONLY/corpus/PMC13396705/figures/Fig2.jpg,cell_2
PMC13396705,Cell Metabolism,Cell,2,G,line,none,UNKNOWN,major,white,none,no,na,na,UNKNOWN,UNKNOWN,outside_top,no,3,3,muted,na,na,upper,bold,larger,sans,regular,yes,p_values,no,no,normal,0,wide,medium,faint vertical major gridlines; NES/p-value table printed under the panel,/mnt/c/Users/spoudel1/OneDrive - St. Jude Children's Research Hospital/make_my_plot_journal_presets/PRIVATE_REFERENCE_ONLY/corpus/PMC13396705/figures/Fig2.jpg,cell_2
PMC13396705,Cell Metabolism,Cell,2,H,line,none,UNKNOWN,major,white,none,no,na,na,UNKNOWN,UNKNOWN,outside_top,no,3,3,muted,na,na,upper,bold,larger,sans,regular,yes,p_values,no,no,normal,0,wide,medium,shares the legend printed above panel G,/mnt/c/Users/spoudel1/OneDrive - St. Jude Children's Research Hospital/make_my_plot_journal_presets/PRIVATE_REFERENCE_ONLY/corpus/PMC13396705/figures/Fig2.jpg,cell_2
PMC13396705,Cell Metabolism,Cell,3,B,pca_umap,box,none,major,white,na,na,filled,medium,na,UNKNOWN,below,no,4,2,mixed,na,na,upper,bold,larger,sans,regular,yes,none,no,no,sparse,na,square,medium,more panels not reviewed,/mnt/c/Users/spoudel1/OneDrive - St. Jude Children's Research Hospital/make_my_plot_journal_presets/PRIVATE_REFERENCE_ONLY/corpus/PMC13396705/figures/Fig3.jpg,cell_2
PMC13396705,Cell Metabolism,Cell,3,C,ma,box,out,none,white,na,na,filled,small,na,UNKNOWN,none,na,na,2,mixed,na,na,upper,bold,larger,sans,regular,no,none,no,no,normal,0,wide,medium,more panels not reviewed,/mnt/c/Users/spoudel1/OneDrive - St. Jude Children's Research Hospital/make_my_plot_journal_presets/PRIVATE_REFERENCE_ONLY/corpus/PMC13396705/figures/Fig3.jpg,cell_2
PMC13396705,Cell Metabolism,Cell,3,D,pca_umap,box,none,major,white,na,na,filled,medium,na,UNKNOWN,below,no,4,2,mixed,na,na,upper,bold,larger,sans,regular,yes,none,no,no,sparse,na,wide,medium,more panels not reviewed,/mnt/c/Users/spoudel1/OneDrive - St. Jude Children's Research Hospital/make_my_plot_journal_presets/PRIVATE_REFERENCE_ONLY/corpus/PMC13396705/figures/Fig3.jpg,cell_2
PMC13396705,Cell Metabolism,Cell,3,E,other_quant,none,none,none,white,na,na,na,na,na,UNKNOWN,inside,no,2,2,pastel,na,na,upper,bold,larger,sans,regular,yes,none,no,yes,sparse,na,wide,medium,more panels not reviewed,/mnt/c/Users/spoudel1/OneDrive - St. Jude Children's Research Hospital/make_my_plot_journal_presets/PRIVATE_REFERENCE_ONLY/corpus/PMC13396705/figures/Fig3.jpg,cell_2
PMC13396705,Cell Metabolism,Cell,3,F,line,none,UNKNOWN,none,white,none,no,na,na,UNKNOWN,UNKNOWN,inside,no,1,1,monochrome_black,na,na,upper,bold,larger,sans,regular,no,p_values,no,no,sparse,na,wide,medium,more panels not reviewed,/mnt/c/Users/spoudel1/OneDrive - St. Jude Children's Research Hospital/make_my_plot_journal_presets/PRIVATE_REFERENCE_ONLY/corpus/PMC13396705/figures/Fig3.jpg,cell_2
PMC13396705,Cell Metabolism,Cell,3,H,line,none,UNKNOWN,none,white,none,no,na,na,UNKNOWN,UNKNOWN,inside,no,1,1,monochrome_black,na,na,upper,bold,larger,sans,regular,no,p_values,no,no,sparse,na,wide,medium,more panels not reviewed,/mnt/c/Users/spoudel1/OneDrive - St. Jude Children's Research Hospital/make_my_plot_journal_presets/PRIVATE_REFERENCE_ONLY/corpus/PMC13396705/figures/Fig3.jpg,cell_2
PMC13396705,Cell Metabolism,Cell,3,J,bar,LB,out,none,white,none,yes,filled,medium,hairline,UNKNOWN,none,na,na,2,mixed,na,na,upper,bold,larger,sans,regular,yes,p_values,yes,no,sparse,0,tall,medium,more panels not reviewed; colour key printed in the adjacent schematic panel,/mnt/c/Users/spoudel1/OneDrive - St. Jude Children's Research Hospital/make_my_plot_journal_presets/PRIVATE_REFERENCE_ONLY/corpus/PMC13396705/figures/Fig3.jpg,cell_2
PMC13396705,Cell Metabolism,Cell,3,K,histogram_density,box,out,none,white,na,na,na,na,UNKNOWN,UNKNOWN,outside_top,no,2,2,mixed,na,na,upper,bold,larger,sans,regular,no,none,no,no,sparse,na,square,medium,more panels not reviewed,/mnt/c/Users/spoudel1/OneDrive - St. Jude Children's Research Hospital/make_my_plot_journal_presets/PRIVATE_REFERENCE_ONLY/corpus/PMC13396705/figures/Fig3.jpg,cell_2
PMC13471043,Cancer Cell,Cell,2,B,dot_strip,LB,out,none,white,none,na,mixed,small,na,UNKNOWN,inside,no,4,3,saturated,na,na,upper,bold,larger,sans,regular,yes,p_values,yes,yes,sparse,0,wide,medium,panel B also holds a line kinetics subplot with capped mean error bars,/mnt/c/Users/spoudel1/OneDrive - St. Jude Children's Research Hospital/make_my_plot_journal_presets/PRIVATE_REFERENCE_ONLY/corpus/PMC13471043/figures/Fig2.jpg,cell_2
PMC13471043,Cancer Cell,Cell,2,C,line,LB,out,none,white,none,no,filled,small,regular,UNKNOWN,none,na,na,4,saturated,na,na,upper,bold,larger,sans,regular,yes,p_values,yes,yes,sparse,0,wide,medium,italic p values and ns labels next to short vertical comparison bars,/mnt/c/Users/spoudel1/OneDrive - St. Jude Children's Research Hospital/make_my_plot_journal_presets/PRIVATE_REFERENCE_ONLY/corpus/PMC13471043/figures/Fig2.jpg,cell_2
PMC13471043,Cancer Cell,Cell,2,D,dot_strip,LB,out,none,white,bars_caps,na,mixed,small,na,UNKNOWN,none,na,na,3,saturated,na,na,upper,bold,larger,sans,regular,yes,p_values,yes,yes,sparse,0,tall,medium,,/mnt/c/Users/spoudel1/OneDrive - St. Jude Children's Research Hospital/make_my_plot_journal_presets/PRIVATE_REFERENCE_ONLY/corpus/PMC13471043/figures/Fig2.jpg,cell_2
PMC13471043,Cancer Cell,Cell,2,E,line,LB,out,none,white,bars_caps,no,filled,small,regular,UNKNOWN,inside,no,6,5,saturated,na,na,upper,bold,larger,sans,regular,no,p_values,yes,yes,sparse,0,wide,medium,,/mnt/c/Users/spoudel1/OneDrive - St. Jude Children's Research Hospital/make_my_plot_journal_presets/PRIVATE_REFERENCE_ONLY/corpus/PMC13471043/figures/Fig2.jpg,cell_2
PMC13471043,Cancer Cell,Cell,2,F,line,LB,out,none,white,none,no,filled,small,regular,UNKNOWN,none,na,na,3,saturated,na,na,upper,bold,larger,sans,regular,yes,p_values,yes,yes,sparse,0,tall,medium,two stacked subplots; ns labels used alongside p values,/mnt/c/Users/spoudel1/OneDrive - St. Jude Children's Research Hospital/make_my_plot_journal_presets/PRIVATE_REFERENCE_ONLY/corpus/PMC13471043/figures/Fig2.jpg,cell_2
PMC13471043,Cancer Cell,Cell,2,G,heatmap,box,none,none,white,na,na,na,na,na,UNKNOWN,none,na,na,4,diverging,blue_white_red,bottom,upper,bold,larger,sans,regular,yes,stars,no,no,dense,0,wide,medium,colour-coded group annotation bar above each heatmap,/mnt/c/Users/spoudel1/OneDrive - St. Jude Children's Research Hospital/make_my_plot_journal_presets/PRIVATE_REFERENCE_ONLY/corpus/PMC13471043/figures/Fig2.jpg,cell_2
PMC13471043,Cancer Cell,Cell,2,H,volcano,LB,out,major,white,na,na,filled,small,na,UNKNOWN,none,na,na,3,mixed,na,na,upper,bold,larger,sans,regular,yes,none,no,no,normal,0,square,medium,faint vertical gridlines; points labelled with text in plot,/mnt/c/Users/spoudel1/OneDrive - St. Jude Children's Research Hospital/make_my_plot_journal_presets/PRIVATE_REFERENCE_ONLY/corpus/PMC13471043/figures/Fig2.jpg,cell_2
PMC13471043,Cancer Cell,Cell,4,A,dot_strip,LB,out,none,white,bars_caps,na,filled,medium,na,UNKNOWN,none,na,na,5,saturated,na,na,upper,bold,larger,sans,regular,yes,p_values,yes,no,sparse,0,tall,medium,"more panels not reviewed; shared colour key printed at the top of the figure, not in the panel",/mnt/c/Users/spoudel1/OneDrive - St. Jude Children's Research Hospital/make_my_plot_journal_presets/PRIVATE_REFERENCE_ONLY/corpus/PMC13471043/figures/Fig4.jpg,cell_2
PMC13471043,Cancer Cell,Cell,4,B,dot_strip,LB,out,none,white,bars_caps,na,filled,medium,na,UNKNOWN,none,na,na,5,saturated,na,na,upper,bold,larger,sans,regular,yes,p_values,yes,no,sparse,0,tall,medium,more panels not reviewed,/mnt/c/Users/spoudel1/OneDrive - St. Jude Children's Research Hospital/make_my_plot_journal_presets/PRIVATE_REFERENCE_ONLY/corpus/PMC13471043/figures/Fig4.jpg,cell_2
PMC13471043,Cancer Cell,Cell,4,C,dot_strip,LB,out,none,white,bars_caps,na,filled,medium,na,UNKNOWN,none,na,na,5,saturated,na,na,upper,bold,larger,sans,regular,yes,p_values,yes,no,sparse,0,tall,medium,more panels not reviewed,/mnt/c/Users/spoudel1/OneDrive - St. Jude Children's Research Hospital/make_my_plot_journal_presets/PRIVATE_REFERENCE_ONLY/corpus/PMC13471043/figures/Fig4.jpg,cell_2
PMC13471043,Cancer Cell,Cell,4,D,dot_strip,LB,out,none,white,bars_caps,na,filled,medium,na,UNKNOWN,none,na,na,4,saturated,na,na,upper,bold,larger,sans,regular,yes,p_values,yes,no,sparse,0,tall,medium,more panels not reviewed,/mnt/c/Users/spoudel1/OneDrive - St. Jude Children's Research Hospital/make_my_plot_journal_presets/PRIVATE_REFERENCE_ONLY/corpus/PMC13471043/figures/Fig4.jpg,cell_2
PMC13471043,Cancer Cell,Cell,4,E,dot_strip,LB,out,none,white,bars_caps,na,mixed,medium,na,UNKNOWN,none,na,na,4,saturated,na,na,upper,bold,larger,sans,regular,yes,p_values,yes,no,sparse,0,tall,medium,more panels not reviewed,/mnt/c/Users/spoudel1/OneDrive - St. Jude Children's Research Hospital/make_my_plot_journal_presets/PRIVATE_REFERENCE_ONLY/corpus/PMC13471043/figures/Fig4.jpg,cell_2
PMC13471043,Cancer Cell,Cell,4,F,dot_strip,LB,out,none,white,bars_caps,na,mixed,medium,na,UNKNOWN,none,na,na,4,saturated,na,na,upper,bold,larger,sans,regular,yes,p_values,yes,no,sparse,0,tall,medium,more panels not reviewed,/mnt/c/Users/spoudel1/OneDrive - St. Jude Children's Research Hospital/make_my_plot_journal_presets/PRIVATE_REFERENCE_ONLY/corpus/PMC13471043/figures/Fig4.jpg,cell_2
PMC13471043,Cancer Cell,Cell,4,G,dot_strip,LB,out,none,white,bars_caps,na,mixed,medium,na,UNKNOWN,none,na,na,4,saturated,na,na,upper,bold,larger,sans,regular,yes,p_values,yes,no,sparse,0,tall,medium,more panels not reviewed,/mnt/c/Users/spoudel1/OneDrive - St. Jude Children's Research Hospital/make_my_plot_journal_presets/PRIVATE_REFERENCE_ONLY/corpus/PMC13471043/figures/Fig4.jpg,cell_2
PMC13471043,Cancer Cell,Cell,4,H,violin,box,out,none,white,box_whisker,yes,filled,small,na,UNKNOWN,none,na,na,4,saturated,na,na,upper,bold,larger,sans,regular,yes,p_values,yes,no,sparse,0,square,medium,more panels not reviewed; grey panel frame; boxplot drawn inside each violin,/mnt/c/Users/spoudel1/OneDrive - St. Jude Children's Research Hospital/make_my_plot_journal_presets/PRIVATE_REFERENCE_ONLY/corpus/PMC13471043/figures/Fig4.jpg,cell_2
PMC13471043,Cancer Cell,Cell,7,B,survival,LB,out,none,white,none,no,na,na,regular,UNKNOWN,below,no,2,2,mixed,na,na,upper,bold,larger,sans,regular,yes,p_values,no,yes,normal,0,wide,medium,HR/CI and p value printed inside the axes; numbers-at-risk table below doubles as the colour key,/mnt/c/Users/spoudel1/OneDrive - St. Jude Children's Research Hospital/make_my_plot_journal_presets/PRIVATE_REFERENCE_ONLY/corpus/PMC13471043/figures/Fig7.jpg,cell_2
PMC13471043,Cancer Cell,Cell,7,C,survival,LB,out,none,white,none,no,na,na,regular,UNKNOWN,below,no,2,2,mixed,na,na,upper,bold,larger,sans,regular,yes,p_values,no,yes,normal,0,wide,medium,,/mnt/c/Users/spoudel1/OneDrive - St. Jude Children's Research Hospital/make_my_plot_journal_presets/PRIVATE_REFERENCE_ONLY/corpus/PMC13471043/figures/Fig7.jpg,cell_2
PMC13471043,Cancer Cell,Cell,7,D,survival,LB,out,none,white,none,no,na,na,regular,UNKNOWN,below,no,2,2,mixed,na,na,upper,bold,larger,sans,regular,yes,p_values,no,yes,normal,0,wide,medium,,/mnt/c/Users/spoudel1/OneDrive - St. Jude Children's Research Hospital/make_my_plot_journal_presets/PRIVATE_REFERENCE_ONLY/corpus/PMC13471043/figures/Fig7.jpg,cell_2
PMC13471043,Cancer Cell,Cell,7,E,survival,LB,out,none,white,none,no,na,na,regular,UNKNOWN,below,no,2,2,mixed,na,na,upper,bold,larger,sans,regular,yes,p_values,no,yes,normal,0,wide,medium,,/mnt/c/Users/spoudel1/OneDrive - St. Jude Children's Research Hospital/make_my_plot_journal_presets/PRIVATE_REFERENCE_ONLY/corpus/PMC13471043/figures/Fig7.jpg,cell_2
PMC13471043,Cancer Cell,Cell,7,F,survival,LB,out,none,white,none,no,na,na,regular,UNKNOWN,below,no,2,2,mixed,na,na,upper,bold,larger,sans,regular,yes,p_values,no,yes,normal,0,wide,medium,two side-by-side survival subplots under one letter,/mnt/c/Users/spoudel1/OneDrive - St. Jude Children's Research Hospital/make_my_plot_journal_presets/PRIVATE_REFERENCE_ONLY/corpus/PMC13471043/figures/Fig7.jpg,cell_2
PMC13471043,Cancer Cell,Cell,7,G,survival,LB,out,none,white,none,no,na,na,regular,UNKNOWN,below,no,2,2,mixed,na,na,upper,bold,larger,sans,regular,yes,p_values,no,yes,normal,0,wide,medium,two side-by-side survival subplots under one letter,/mnt/c/Users/spoudel1/OneDrive - St. Jude Children's Research Hospital/make_my_plot_journal_presets/PRIVATE_REFERENCE_ONLY/corpus/PMC13471043/figures/Fig7.jpg,cell_2
PMC13471043,Cancer Cell,Cell,7,H,bar,LB,out,none,white,none,no,filled,small,hairline,UNKNOWN,inside,no,2,2,saturated,na,na,upper,bold,larger,sans,regular,no,p_values,yes,no,normal,0,wide,medium,"left subplot dense bars, right subplot paired points joined by hairlines; log y axis",/mnt/c/Users/spoudel1/OneDrive - St. Jude Children's Research Hospital/make_my_plot_journal_presets/PRIVATE_REFERENCE_ONLY/corpus/PMC13471043/figures/Fig7.jpg,cell_2
PMC13471043,Cancer Cell,Cell,7,I,heatmap,none,none,none,white,na,na,na,na,na,UNKNOWN,none,na,na,0,diverging,blue_white_red,left,upper,bold,larger,sans,regular,no,stars,no,no,dense,0,tall,medium,row labels printed to the right of the cells,/mnt/c/Users/spoudel1/OneDrive - St. Jude Children's Research Hospital/make_my_plot_journal_presets/PRIVATE_REFERENCE_ONLY/corpus/PMC13471043/figures/Fig7.jpg,cell_2
PMC13506674,Cell Reports,Cell,1,,non-quantitative,,,,,,,,,,,,,,,,,,,,,,,,,,,,,,,conceptual framework schematic; the box plots and scatter inside panel A are illustrative drawings with no numeric axes,/mnt/c/Users/spoudel1/OneDrive - St. Jude Children's Research Hospital/make_my_plot_journal_presets/PRIVATE_REFERENCE_ONLY/corpus/PMC13506674/figures/Fig1.webp,cell_2
PMC13506674,Cell Reports,Cell,2,A,box,box,out,none,white,box_whisker,yes,filled,small,hairline,heavy,none,na,na,3,muted,na,na,upper,bold,larger,sans,regular,yes,stars,yes,no,sparse,45,square,high,heavy black frame on all four sides; grey hairlines join paired points across boxes; dashed line marks the mean inside each box,/mnt/c/Users/spoudel1/OneDrive - St. Jude Children's Research Hospital/make_my_plot_journal_presets/PRIVATE_REFERENCE_ONLY/corpus/PMC13506674/figures/Fig2.webp,cell_2
PMC13506674,Cell Reports,Cell,2,B,box,box,out,none,white,box_whisker,yes,filled,small,hairline,heavy,none,na,na,3,muted,na,na,upper,bold,larger,sans,regular,yes,stars,yes,no,sparse,45,square,high,heavy black frame on all four sides; grey hairlines join paired points across boxes,/mnt/c/Users/spoudel1/OneDrive - St. Jude Children's Research Hospital/make_my_plot_journal_presets/PRIVATE_REFERENCE_ONLY/corpus/PMC13506674/figures/Fig2.webp,cell_2
PMC13506674,Cell Reports,Cell,2,C,scatter_regression,box,out,none,white,band,na,filled,small,regular,heavy,outside_right,no,3,3,muted,na,na,upper,bold,larger,sans,regular,yes,p_values,no,no,normal,0,square,high,pale blue confidence band around the fit; correlation statistics printed top left inside the axes,/mnt/c/Users/spoudel1/OneDrive - St. Jude Children's Research Hospital/make_my_plot_journal_presets/PRIVATE_REFERENCE_ONLY/corpus/PMC13506674/figures/Fig2.webp,cell_2
PMC13506674,Cell Reports,Cell,3,A,box,box,out,none,white,box_whisker,yes,filled,small,hairline,heavy,none,na,na,5,muted,na,na,upper,bold,larger,sans,regular,yes,p_values,no,no,sparse,45,wide,high,two boxed subplots under one letter; AROC and rho printed inside the upper-left of each subplot; grey hairlines join paired points,/mnt/c/Users/spoudel1/OneDrive - St. Jude Children's Research Hospital/make_my_plot_journal_presets/PRIVATE_REFERENCE_ONLY/corpus/PMC13506674/figures/Fig3.webp,cell_2
PMC13506674,Cell Reports,Cell,3,B,box,box,out,none,white,box_whisker,yes,filled,small,hairline,heavy,none,na,na,5,muted,na,na,upper,bold,larger,sans,regular,yes,p_values,no,no,sparse,45,wide,high,two boxed subplots under one letter; grey hairlines join paired points,/mnt/c/Users/spoudel1/OneDrive - St. Jude Children's Research Hospital/make_my_plot_journal_presets/PRIVATE_REFERENCE_ONLY/corpus/PMC13506674/figures/Fig3.webp,cell_2
PMC13506674,Cell Reports,Cell,3,C,scatter_regression,box,out,none,white,band,na,filled,small,regular,heavy,outside_right,no,5,5,muted,na,na,upper,bold,larger,sans,regular,yes,p_values,no,no,normal,0,square,high,pale blue confidence band around the fit; correlation statistics printed top left inside the axes,/mnt/c/Users/spoudel1/OneDrive - St. Jude Children's Research Hospital/make_my_plot_journal_presets/PRIVATE_REFERENCE_ONLY/corpus/PMC13506674/figures/Fig3.webp,cell_2
PMC13506674,Cell Reports,Cell,4,A,box,box,out,none,white,box_whisker,yes,filled,small,na,heavy,none,na,na,2,muted,na,na,upper,bold,larger,sans,regular,yes,stars,yes,no,sparse,45,square,high,heavy black frame on all four sides; dashed line marks the mean inside each box,/mnt/c/Users/spoudel1/OneDrive - St. Jude Children's Research Hospital/make_my_plot_journal_presets/PRIVATE_REFERENCE_ONLY/corpus/PMC13506674/figures/Fig4.webp,cell_2
PMC13506674,Cell Reports,Cell,4,B,box,box,out,none,white,box_whisker,yes,filled,small,na,heavy,none,na,na,2,muted,na,na,upper,bold,larger,sans,regular,yes,stars,yes,no,sparse,45,square,high,heavy black frame on all four sides; dashed line marks the mean inside each box,/mnt/c/Users/spoudel1/OneDrive - St. Jude Children's Research Hospital/make_my_plot_journal_presets/PRIVATE_REFERENCE_ONLY/corpus/PMC13506674/figures/Fig4.webp,cell_2
PMC13506674,Cell Reports,Cell,4,C,scatter_regression,box,out,none,white,band,na,filled,small,regular,heavy,outside_right,no,2,2,muted,na,na,upper,bold,larger,sans,regular,yes,p_values,no,no,normal,0,wide,high,pale blue confidence band; correlation statistics printed top left inside the axes,/mnt/c/Users/spoudel1/OneDrive - St. Jude Children's Research Hospital/make_my_plot_journal_presets/PRIVATE_REFERENCE_ONLY/corpus/PMC13506674/figures/Fig4.webp,cell_2
PMC13506674,Cell Reports,Cell,4,D,scatter_regression,box,out,none,white,band,na,filled,small,regular,heavy,outside_right,no,2,2,muted,na,na,upper,bold,larger,sans,regular,yes,p_values,no,no,normal,0,wide,high,pale blue confidence band; correlation statistics printed top left inside the axes,/mnt/c/Users/spoudel1/OneDrive - St. Jude Children's Research Hospital/make_my_plot_journal_presets/PRIVATE_REFERENCE_ONLY/corpus/PMC13506674/figures/Fig4.webp,cell_2
PMC13083267,Cell Systems,Cell,1,A,bar,LB,out,none,white,none,no,na,na,na,UNKNOWN,none,na,na,3,muted,na,na,upper,bold,larger,sans,regular,yes,none,no,no,normal,45,square,medium,three boxed facet strip titles; narrow dark bar overlaid on light bar; percentage text labels with curved arrows,/mnt/c/Users/spoudel1/OneDrive - St. Jude Children's Research Hospital/make_my_plot_journal_presets/PRIVATE_REFERENCE_ONLY/corpus/PMC13083267/figures/Fig1.jpg,cell_2
PMC13083267,Cell Systems,Cell,1,B,other_quant,LB,out,none,white,none,na,na,na,hairline,UNKNOWN,outside_top,no,12,12,mixed,na,na,upper,bold,larger,sans,regular,yes,none,no,no,normal,0,wide,low,three stacked stick mass spectra inside one lettered panel; colour count read from the ion legend,/mnt/c/Users/spoudel1/OneDrive - St. Jude Children's Research Hospital/make_my_plot_journal_presets/PRIVATE_REFERENCE_ONLY/corpus/PMC13083267/figures/Fig1.jpg,cell_2
PMC13083267,Cell Systems,Cell,1,C,box,LB,out,none,white,box_whisker,no,na,na,na,UNKNOWN,none,na,na,5,saturated,na,na,upper,bold,larger,sans,regular,yes,none,no,no,normal,0,square,medium,three boxed facet strip titles,/mnt/c/Users/spoudel1/OneDrive - St. Jude Children's Research Hospital/make_my_plot_journal_presets/PRIVATE_REFERENCE_ONLY/corpus/PMC13083267/figures/Fig1.jpg,cell_2
PMC13291444,Cell Reports,Cell,3,A,box,LB,out,none,white,box_whisker,no,na,na,na,regular,none,na,na,3,muted,na,na,upper,bold,larger,sans,bold,yes,stars,no,no,normal,45,tall,high,five sub-charts under one letter; min-to-max whiskers without caps,/mnt/c/Users/spoudel1/OneDrive - St. Jude Children's Research Hospital/make_my_plot_journal_presets/PRIVATE_REFERENCE_ONLY/corpus/PMC13291444/figures/Fig3.jpg,cell_2
PMC13291444,Cell Reports,Cell,3,B,volcano,LB,out,none,white,none,na,filled,small,na,regular,none,na,na,3,mixed,na,na,upper,bold,larger,sans,bold,yes,none,no,no,normal,0,square,medium,"two sub-charts under one letter; black, yellow and red point classes",/mnt/c/Users/spoudel1/OneDrive - St. Jude Children's Research Hospital/make_my_plot_journal_presets/PRIVATE_REFERENCE_ONLY/corpus/PMC13291444/figures/Fig3.jpg,cell_2
PMC13291444,Cell Reports,Cell,3,C,other_quant,none,none,none,white,none,na,na,na,na,UNKNOWN,none,na,na,2,muted,na,na,upper,bold,larger,sans,bold,no,none,no,no,sparse,na,wide,medium,two-set Venn diagram with counts,/mnt/c/Users/spoudel1/OneDrive - St. Jude Children's Research Hospital/make_my_plot_journal_presets/PRIVATE_REFERENCE_ONLY/corpus/PMC13291444/figures/Fig3.jpg,cell_2
PMC13291444,Cell Reports,Cell,3,D,dot_bubble,LB,out,none,white,none,na,filled,large,na,regular,outside_right,no,3,0,sequential,viridis_like,right,upper,bold,larger,sans,bold,yes,none,no,no,normal,0,wide,medium,colourbar and bubble-size key at right,/mnt/c/Users/spoudel1/OneDrive - St. Jude Children's Research Hospital/make_my_plot_journal_presets/PRIVATE_REFERENCE_ONLY/corpus/PMC13291444/figures/Fig3.jpg,cell_2
PMC13291444,Cell Reports,Cell,3,F,bar,LB,out,none,white,bars_caps,no,na,na,na,regular,none,na,na,2,muted,na,na,upper,bold,larger,sans,bold,yes,stars,no,no,normal,45,tall,high,chart occupies the right part of the panel; dotted reference line at 1,/mnt/c/Users/spoudel1/OneDrive - St. Jude Children's Research Hospital/make_my_plot_journal_presets/PRIVATE_REFERENCE_ONLY/corpus/PMC13291444/figures/Fig3.jpg,cell_2
PMC13506676,Cell Reports,Cell,2,D,dot_strip,LB,out,none,white,bars_caps,na,filled,medium,na,heavy,none,na,na,2,saturated,na,na,upper,bold,larger,sans,bold,yes,stars,yes,no,sparse,0,tall,high,GraphPad-style panel embedded among micrographs; mean with SD caps drawn over the points,/mnt/c/Users/spoudel1/OneDrive - St. Jude Children's Research Hospital/make_my_plot_journal_presets/PRIVATE_REFERENCE_ONLY/corpus/PMC13506676/figures/Fig2.webp,cell_2
PMC13506676,Cell Reports,Cell,6,A,dot_strip,LB,out,none,white,bars_caps,na,filled,small,na,heavy,outside_right,no,5,5,saturated,na,na,upper,bold,larger,sans,bold,no,stars,yes,no,normal,0,wide,high,dotted vertical divider lines separate the five marker groups; legend swatches are filled squares,/mnt/c/Users/spoudel1/OneDrive - St. Jude Children's Research Hospital/make_my_plot_journal_presets/PRIVATE_REFERENCE_ONLY/corpus/PMC13506676/figures/Fig6.webp,cell_2
PMC13506676,Cell Reports,Cell,6,J,grouped_bar,B,UNKNOWN,major,white,none,no,na,na,na,hairline,in_title_or_caption,na,2,2,saturated,na,na,upper,bold,larger,sans,regular,yes,none,no,no,normal,0,wide,medium,"spreadsheet-default look: light grey horizontal gridlines, no left spine; genotypes colour-coded in the shared title",/mnt/c/Users/spoudel1/OneDrive - St. Jude Children's Research Hospital/make_my_plot_journal_presets/PRIVATE_REFERENCE_ONLY/corpus/PMC13506676/figures/Fig6.webp,cell_2
PMC13506676,Cell Reports,Cell,6,K,grouped_bar,B,UNKNOWN,major,white,none,no,na,na,na,hairline,in_title_or_caption,na,2,2,saturated,na,na,upper,bold,larger,sans,regular,yes,none,no,no,dense,0,wide,low,very small panel; tick labels hard to read,/mnt/c/Users/spoudel1/OneDrive - St. Jude Children's Research Hospital/make_my_plot_journal_presets/PRIVATE_REFERENCE_ONLY/corpus/PMC13506676/figures/Fig6.webp,cell_2
PMC13506677,Cell Reports,Cell,1,A,bar,LB,out,none,white,bars_caps,yes,filled,small,na,regular,none,na,na,4,pastel,na,na,upper,bold,larger,sans,regular,no,stars,yes,yes,sparse,45,wide,high,two sex subplots under one letter; bars use pastel fills plus dot hatching; ns labels used alongside stars,/mnt/c/Users/spoudel1/OneDrive - St. Jude Children's Research Hospital/make_my_plot_journal_presets/PRIVATE_REFERENCE_ONLY/corpus/PMC13506677/figures/Fig1.webp,cell_2
PMC13506677,Cell Reports,Cell,1,B,line_band,box,out,major,white,band,no,filled,small,regular,hairline,outside_right,no,6,6,saturated,na,na,upper,bold,larger,sans,regular,no,none,no,yes,dense,45,wide,high,light grey frame and gridlines; n printed in the legend entries,/mnt/c/Users/spoudel1/OneDrive - St. Jude Children's Research Hospital/make_my_plot_journal_presets/PRIVATE_REFERENCE_ONLY/corpus/PMC13506677/figures/Fig1.webp,cell_2
PMC13506677,Cell Reports,Cell,1,C,survival,box,out,major,white,none,no,na,na,regular,hairline,outside_right,no,6,6,saturated,na,na,upper,bold,larger,sans,regular,no,stars,yes,yes,normal,0,wide,high,significance brackets stacked to the right of the legend; dashed median-survival guides inside the axes,/mnt/c/Users/spoudel1/OneDrive - St. Jude Children's Research Hospital/make_my_plot_journal_presets/PRIVATE_REFERENCE_ONLY/corpus/PMC13506677/figures/Fig1.webp,cell_2
PMC13506677,Cell Reports,Cell,2,B,stacked_bar,LB,out,major,white,none,no,na,na,na,regular,outside_right,no,4,4,mixed,na,na,upper,bold,larger,sans,regular,yes,none,no,no,normal,45,wide,high,two sex subplots share one legend placed to their right; light grey horizontal gridlines only,/mnt/c/Users/spoudel1/OneDrive - St. Jude Children's Research Hospital/make_my_plot_journal_presets/PRIVATE_REFERENCE_ONLY/corpus/PMC13506677/figures/Fig2.webp,cell_2
PMC13506677,Cell Reports,Cell,2,C,bar,LB,out,none,white,bars_caps,yes,filled,small,na,regular,none,na,na,4,pastel,na,na,upper,bold,larger,sans,regular,no,stars,yes,no,sparse,45,wide,high,pastel bar fills with dot hatching on two of four bars; ns labels used alongside stars,/mnt/c/Users/spoudel1/OneDrive - St. Jude Children's Research Hospital/make_my_plot_journal_presets/PRIVATE_REFERENCE_ONLY/corpus/PMC13506677/figures/Fig2.webp,cell_2
PMC13506677,Cell Reports,Cell,2,E,bar,LB,out,none,white,bars_caps,yes,filled,small,na,regular,none,na,na,4,pastel,na,na,upper,bold,larger,sans,regular,no,stars,yes,no,sparse,45,wide,high,four subplots under one letter; pastel fills with dot hatching; ns labels used alongside stars,/mnt/c/Users/spoudel1/OneDrive - St. Jude Children's Research Hospital/make_my_plot_journal_presets/PRIVATE_REFERENCE_ONLY/corpus/PMC13506677/figures/Fig2.webp,cell_2
PMC13506677,Cell Reports,Cell,3,A,stacked_bar,box,out,major,white,none,no,na,na,na,regular,outside_right,no,4,4,mixed,na,na,upper,bold,larger,sans,regular,no,none,no,no,normal,45,wide,high,quantitative chart sits under the micrograph montage in the same panel; grey horizontal gridlines inside a boxed plot area,/mnt/c/Users/spoudel1/OneDrive - St. Jude Children's Research Hospital/make_my_plot_journal_presets/PRIVATE_REFERENCE_ONLY/corpus/PMC13506677/figures/Fig3.webp,cell_2
PMC13506677,Cell Reports,Cell,3,B,bar,LB,out,none,white,bars_caps,yes,filled,small,na,regular,none,na,na,4,pastel,na,na,upper,bold,larger,sans,regular,no,stars,yes,no,sparse,45,wide,high,chart sits under the micrograph montage; pastel fills with dot hatching; ns labels used alongside stars,/mnt/c/Users/spoudel1/OneDrive - St. Jude Children's Research Hospital/make_my_plot_journal_presets/PRIVATE_REFERENCE_ONLY/corpus/PMC13506677/figures/Fig3.webp,cell_2
PMC13506677,Cell Reports,Cell,3,C,bar,LB,out,none,white,bars_caps,yes,filled,small,na,regular,none,na,na,4,pastel,na,na,upper,bold,larger,sans,regular,no,stars,yes,no,sparse,45,wide,high,chart sits under the micrograph montage; pastel fills with dot hatching; ns labels used alongside stars,/mnt/c/Users/spoudel1/OneDrive - St. Jude Children's Research Hospital/make_my_plot_journal_presets/PRIVATE_REFERENCE_ONLY/corpus/PMC13506677/figures/Fig3.webp,cell_2
PMC13506677,Cell Reports,Cell,3,D,bar,LB,out,none,white,bars_caps,yes,filled,small,na,regular,none,na,na,4,pastel,na,na,upper,bold,larger,sans,regular,no,stars,yes,no,sparse,45,wide,high,chart sits under the micrograph montage; pastel fills with dot hatching; ns labels used alongside stars,/mnt/c/Users/spoudel1/OneDrive - St. Jude Children's Research Hospital/make_my_plot_journal_presets/PRIVATE_REFERENCE_ONLY/corpus/PMC13506677/figures/Fig3.webp,cell_2
PMC11687419,Molecular Cell,Cell,2,,other_quant,UNKNOWN,UNKNOWN,UNKNOWN,,,,,,,UNKNOWN,,,,,,,,UNKNOWN,UNKNOWN,UNKNOWN,UNKNOWN,UNKNOWN,,,,,,,,low,figure not reviewable: only a 100x85 px thumbnail is available locally; plot_family and all style fields UNKNOWN,/mnt/c/Users/spoudel1/OneDrive - St. Jude Children's Research Hospital/make_my_plot_journal_presets/PRIVATE_REFERENCE_ONLY/corpus/PMC11687419/figures/Fig2.gif,cell_2
PMC11922821,Cell Systems,Cell,2,,other_quant,UNKNOWN,UNKNOWN,UNKNOWN,,,,,,,UNKNOWN,,,,,,,,UNKNOWN,UNKNOWN,UNKNOWN,UNKNOWN,UNKNOWN,,,,,,,,low,figure not reviewable: only a 100x94 px thumbnail is available locally; plot_family and all style fields UNKNOWN,/mnt/c/Users/spoudel1/OneDrive - St. Jude Children's Research Hospital/make_my_plot_journal_presets/PRIVATE_REFERENCE_ONLY/corpus/PMC11922821/figures/Fig2.gif,cell_2
PMC12137002,Cell Metabolism,Cell,1,,other_quant,UNKNOWN,UNKNOWN,UNKNOWN,,,,,,,UNKNOWN,,,,,,,,UNKNOWN,UNKNOWN,UNKNOWN,UNKNOWN,UNKNOWN,,,,,,,,low,figure not reviewable: only a 100x110 px thumbnail is available locally; plot_family and all style fields UNKNOWN,/mnt/c/Users/spoudel1/OneDrive - St. Jude Children's Research Hospital/make_my_plot_journal_presets/PRIVATE_REFERENCE_ONLY/corpus/PMC12137002/figures/Fig1.gif,cell_2
PMC12137002,Cell Metabolism,Cell,3,,other_quant,UNKNOWN,UNKNOWN,UNKNOWN,,,,,,,UNKNOWN,,,,,,,,UNKNOWN,UNKNOWN,UNKNOWN,UNKNOWN,UNKNOWN,,,,,,,,low,figure not reviewable: only a 100x110 px thumbnail is available locally; plot_family and all style fields UNKNOWN,/mnt/c/Users/spoudel1/OneDrive - St. Jude Children's Research Hospital/make_my_plot_journal_presets/PRIVATE_REFERENCE_ONLY/corpus/PMC12137002/figures/Fig3.gif,cell_2
PMC12137002,Cell Metabolism,Cell,4,,other_quant,UNKNOWN,UNKNOWN,UNKNOWN,,,,,,,UNKNOWN,,,,,,,,UNKNOWN,UNKNOWN,UNKNOWN,UNKNOWN,UNKNOWN,,,,,,,,low,figure not reviewable: only a 102x79 px thumbnail is available locally; plot_family and all style fields UNKNOWN,/mnt/c/Users/spoudel1/OneDrive - St. Jude Children's Research Hospital/make_my_plot_journal_presets/PRIVATE_REFERENCE_ONLY/corpus/PMC12137002/figures/Fig4.gif,cell_2
PMC12137002,Cell Metabolism,Cell,6,,other_quant,UNKNOWN,UNKNOWN,UNKNOWN,,,,,,,UNKNOWN,,,,,,,,UNKNOWN,UNKNOWN,UNKNOWN,UNKNOWN,UNKNOWN,,,,,,,,low,figure not reviewable: only a 104x80 px thumbnail is available locally; plot_family and all style fields UNKNOWN,/mnt/c/Users/spoudel1/OneDrive - St. Jude Children's Research Hospital/make_my_plot_journal_presets/PRIVATE_REFERENCE_ONLY/corpus/PMC12137002/figures/Fig6.gif,cell_2
PMC12416865,Cancer Cell,Cell,2,,other_quant,UNKNOWN,UNKNOWN,UNKNOWN,,,,,,,UNKNOWN,,,,,,,,UNKNOWN,UNKNOWN,UNKNOWN,UNKNOWN,UNKNOWN,,,,,,,,low,figure not reviewable: only a 100x105 px thumbnail is available locally; plot_family and all style fields UNKNOWN,/mnt/c/Users/spoudel1/OneDrive - St. Jude Children's Research Hospital/make_my_plot_journal_presets/PRIVATE_REFERENCE_ONLY/corpus/PMC12416865/figures/Fig2.gif,cell_2
PMC12416865,Cancer Cell,Cell,3,,other_quant,UNKNOWN,UNKNOWN,UNKNOWN,,,,,,,UNKNOWN,,,,,,,,UNKNOWN,UNKNOWN,UNKNOWN,UNKNOWN,UNKNOWN,,,,,,,,low,figure not reviewable: only a 100x104 px thumbnail is available locally; plot_family and all style fields UNKNOWN,/mnt/c/Users/spoudel1/OneDrive - St. Jude Children's Research Hospital/make_my_plot_journal_presets/PRIVATE_REFERENCE_ONLY/corpus/PMC12416865/figures/Fig3.gif,cell_2
PMC12416865,Cancer Cell,Cell,4,,other_quant,UNKNOWN,UNKNOWN,UNKNOWN,,,,,,,UNKNOWN,,,,,,,,UNKNOWN,UNKNOWN,UNKNOWN,UNKNOWN,UNKNOWN,,,,,,,,low,figure not reviewable: only a 100x128 px thumbnail is available locally; plot_family and all style fields UNKNOWN,/mnt/c/Users/spoudel1/OneDrive - St. Jude Children's Research Hospital/make_my_plot_journal_presets/PRIVATE_REFERENCE_ONLY/corpus/PMC12416865/figures/Fig4.gif,cell_2
PMC12416865,Cancer Cell,Cell,5,,other_quant,UNKNOWN,UNKNOWN,UNKNOWN,,,,,,,UNKNOWN,,,,,,,,UNKNOWN,UNKNOWN,UNKNOWN,UNKNOWN,UNKNOWN,,,,,,,,low,figure not reviewable: only a 100x126 px thumbnail is available locally; plot_family and all style fields UNKNOWN,/mnt/c/Users/spoudel1/OneDrive - St. Jude Children's Research Hospital/make_my_plot_journal_presets/PRIVATE_REFERENCE_ONLY/corpus/PMC12416865/figures/Fig5.gif,cell_2
PMC12416865,Cancer Cell,Cell,6,,other_quant,UNKNOWN,UNKNOWN,UNKNOWN,,,,,,,UNKNOWN,,,,,,,,UNKNOWN,UNKNOWN,UNKNOWN,UNKNOWN,UNKNOWN,,,,,,,,low,figure not reviewable: only a 100x101 px thumbnail is available locally; plot_family and all style fields UNKNOWN,/mnt/c/Users/spoudel1/OneDrive - St. Jude Children's Research Hospital/make_my_plot_journal_presets/PRIVATE_REFERENCE_ONLY/corpus/PMC12416865/figures/Fig6.gif,cell_2
PMC12456964,Cell,Cell,1,,other_quant,UNKNOWN,UNKNOWN,UNKNOWN,,,,,,,UNKNOWN,,,,,,,,UNKNOWN,UNKNOWN,UNKNOWN,UNKNOWN,UNKNOWN,,,,,,,,low,figure not reviewable: only a 100x99 px thumbnail is available locally; plot_family and all style fields UNKNOWN,/mnt/c/Users/spoudel1/OneDrive - St. Jude Children's Research Hospital/make_my_plot_journal_presets/PRIVATE_REFERENCE_ONLY/corpus/PMC12456964/figures/Fig1.gif,cell_2
PMC12456964,Cell,Cell,2,,other_quant,UNKNOWN,UNKNOWN,UNKNOWN,,,,,,,UNKNOWN,,,,,,,,UNKNOWN,UNKNOWN,UNKNOWN,UNKNOWN,UNKNOWN,,,,,,,,low,figure not reviewable: only a 100x92 px thumbnail is available locally; plot_family and all style fields UNKNOWN,/mnt/c/Users/spoudel1/OneDrive - St. Jude Children's Research Hospital/make_my_plot_journal_presets/PRIVATE_REFERENCE_ONLY/corpus/PMC12456964/figures/Fig2.gif,cell_2
PMC12456964,Cell,Cell,4,,other_quant,UNKNOWN,UNKNOWN,UNKNOWN,,,,,,,UNKNOWN,,,,,,,,UNKNOWN,UNKNOWN,UNKNOWN,UNKNOWN,UNKNOWN,,,,,,,,low,figure not reviewable: only a 124x80 px thumbnail is available locally; plot_family and all style fields UNKNOWN,/mnt/c/Users/spoudel1/OneDrive - St. Jude Children's Research Hospital/make_my_plot_journal_presets/PRIVATE_REFERENCE_ONLY/corpus/PMC12456964/figures/Fig4.gif,cell_2
PMC12456964,Cell,Cell,5,,other_quant,UNKNOWN,UNKNOWN,UNKNOWN,,,,,,,UNKNOWN,,,,,,,,UNKNOWN,UNKNOWN,UNKNOWN,UNKNOWN,UNKNOWN,,,,,,,,low,figure not reviewable: only a 100x88 px thumbnail is available locally; plot_family and all style fields UNKNOWN,/mnt/c/Users/spoudel1/OneDrive - St. Jude Children's Research Hospital/make_my_plot_journal_presets/PRIVATE_REFERENCE_ONLY/corpus/PMC12456964/figures/Fig5.gif,cell_2
PMC12456964,Cell,Cell,6,,other_quant,UNKNOWN,UNKNOWN,UNKNOWN,,,,,,,UNKNOWN,,,,,,,,UNKNOWN,UNKNOWN,UNKNOWN,UNKNOWN,UNKNOWN,,,,,,,,low,figure not reviewable: only a 100x117 px thumbnail is available locally; plot_family and all style fields UNKNOWN,/mnt/c/Users/spoudel1/OneDrive - St. Jude Children's Research Hospital/make_my_plot_journal_presets/PRIVATE_REFERENCE_ONLY/corpus/PMC12456964/figures/Fig6.gif,cell_2
PMC12456964,Cell,Cell,7,,other_quant,UNKNOWN,UNKNOWN,UNKNOWN,,,,,,,UNKNOWN,,,,,,,,UNKNOWN,UNKNOWN,UNKNOWN,UNKNOWN,UNKNOWN,,,,,,,,low,figure not reviewable: only a 119x80 px thumbnail is available locally; plot_family and all style fields UNKNOWN,/mnt/c/Users/spoudel1/OneDrive - St. Jude Children's Research Hospital/make_my_plot_journal_presets/PRIVATE_REFERENCE_ONLY/corpus/PMC12456964/figures/Fig7.gif,cell_2
PMC12488066,Molecular Cell,Cell,3,,other_quant,UNKNOWN,UNKNOWN,UNKNOWN,,,,,,,UNKNOWN,,,,,,,,UNKNOWN,UNKNOWN,UNKNOWN,UNKNOWN,UNKNOWN,,,,,,,,low,figure not reviewable: only a 100x119 px thumbnail is available locally; plot_family and all style fields UNKNOWN,/mnt/c/Users/spoudel1/OneDrive - St. Jude Children's Research Hospital/make_my_plot_journal_presets/PRIVATE_REFERENCE_ONLY/corpus/PMC12488066/figures/Fig3.gif,cell_2
PMC12916471,Cell Systems,Cell,2,,other_quant,UNKNOWN,UNKNOWN,UNKNOWN,,,,,,,UNKNOWN,,,,,,,,UNKNOWN,UNKNOWN,UNKNOWN,UNKNOWN,UNKNOWN,,,,,,,,low,figure not reviewable: only a 199x79 px thumbnail is available locally; plot_family and all style fields UNKNOWN,/mnt/c/Users/spoudel1/OneDrive - St. Jude Children's Research Hospital/make_my_plot_journal_presets/PRIVATE_REFERENCE_ONLY/corpus/PMC12916471/figures/Fig2.gif,cell_2
PMC12916471,Cell Systems,Cell,3,,other_quant,UNKNOWN,UNKNOWN,UNKNOWN,,,,,,,UNKNOWN,,,,,,,,UNKNOWN,UNKNOWN,UNKNOWN,UNKNOWN,UNKNOWN,,,,,,,,low,figure not reviewable: only a 107x80 px thumbnail is available locally; plot_family and all style fields UNKNOWN,/mnt/c/Users/spoudel1/OneDrive - St. Jude Children's Research Hospital/make_my_plot_journal_presets/PRIVATE_REFERENCE_ONLY/corpus/PMC12916471/figures/Fig3.gif,cell_2
PMC12916471,Cell Systems,Cell,4,,other_quant,UNKNOWN,UNKNOWN,UNKNOWN,,,,,,,UNKNOWN,,,,,,,,UNKNOWN,UNKNOWN,UNKNOWN,UNKNOWN,UNKNOWN,,,,,,,,low,figure not reviewable: only a 100x88 px thumbnail is available locally; plot_family and all style fields UNKNOWN,/mnt/c/Users/spoudel1/OneDrive - St. Jude Children's Research Hospital/make_my_plot_journal_presets/PRIVATE_REFERENCE_ONLY/corpus/PMC12916471/figures/Fig4.gif,cell_2
PMC12916471,Cell Systems,Cell,5,,other_quant,UNKNOWN,UNKNOWN,UNKNOWN,,,,,,,UNKNOWN,,,,,,,,UNKNOWN,UNKNOWN,UNKNOWN,UNKNOWN,UNKNOWN,,,,,,,,low,figure not reviewable: only a 100x93 px thumbnail is available locally; plot_family and all style fields UNKNOWN,/mnt/c/Users/spoudel1/OneDrive - St. Jude Children's Research Hospital/make_my_plot_journal_presets/PRIVATE_REFERENCE_ONLY/corpus/PMC12916471/figures/Fig5.gif,cell_2
PMC12916471,Cell Systems,Cell,6,,other_quant,UNKNOWN,UNKNOWN,UNKNOWN,,,,,,,UNKNOWN,,,,,,,,UNKNOWN,UNKNOWN,UNKNOWN,UNKNOWN,UNKNOWN,,,,,,,,low,figure not reviewable: only a 100x101 px thumbnail is available locally; plot_family and all style fields UNKNOWN,/mnt/c/Users/spoudel1/OneDrive - St. Jude Children's Research Hospital/make_my_plot_journal_presets/PRIVATE_REFERENCE_ONLY/corpus/PMC12916471/figures/Fig6.gif,cell_2
PMC13083267,Cell Systems,Cell,2,,other_quant,UNKNOWN,UNKNOWN,UNKNOWN,,,,,,,UNKNOWN,,,,,,,,UNKNOWN,UNKNOWN,UNKNOWN,UNKNOWN,UNKNOWN,,,,,,,,low,figure not reviewable: only a 113x79 px thumbnail is available locally; plot_family and all style fields UNKNOWN,/mnt/c/Users/spoudel1/OneDrive - St. Jude Children's Research Hospital/make_my_plot_journal_presets/PRIVATE_REFERENCE_ONLY/corpus/PMC13083267/figures/Fig2.gif,cell_2
PMC13083267,Cell Systems,Cell,3,,other_quant,UNKNOWN,UNKNOWN,UNKNOWN,,,,,,,UNKNOWN,,,,,,,,UNKNOWN,UNKNOWN,UNKNOWN,UNKNOWN,UNKNOWN,,,,,,,,low,figure not reviewable: only a 99x85 px thumbnail is available locally; plot_family and all style fields UNKNOWN,/mnt/c/Users/spoudel1/OneDrive - St. Jude Children's Research Hospital/make_my_plot_journal_presets/PRIVATE_REFERENCE_ONLY/corpus/PMC13083267/figures/Fig3.gif,cell_2
PMC13083267,Cell Systems,Cell,4,,other_quant,UNKNOWN,UNKNOWN,UNKNOWN,,,,,,,UNKNOWN,,,,,,,,UNKNOWN,UNKNOWN,UNKNOWN,UNKNOWN,UNKNOWN,,,,,,,,low,figure not reviewable: only a 100x105 px thumbnail is available locally; plot_family and all style fields UNKNOWN,/mnt/c/Users/spoudel1/OneDrive - St. Jude Children's Research Hospital/make_my_plot_journal_presets/PRIVATE_REFERENCE_ONLY/corpus/PMC13083267/figures/Fig4.gif,cell_2
PMC13124994,Cell Reports,Cell,2,,other_quant,UNKNOWN,UNKNOWN,UNKNOWN,,,,,,,UNKNOWN,,,,,,,,UNKNOWN,UNKNOWN,UNKNOWN,UNKNOWN,UNKNOWN,,,,,,,,low,figure not reviewable: only a 100x126 px thumbnail is available locally; plot_family and all style fields UNKNOWN,/mnt/c/Users/spoudel1/OneDrive - St. Jude Children's Research Hospital/make_my_plot_journal_presets/PRIVATE_REFERENCE_ONLY/corpus/PMC13124994/figures/Fig2.gif,cell_2
PMC13124994,Cell Reports,Cell,3,,other_quant,UNKNOWN,UNKNOWN,UNKNOWN,,,,,,,UNKNOWN,,,,,,,,UNKNOWN,UNKNOWN,UNKNOWN,UNKNOWN,UNKNOWN,,,,,,,,low,figure not reviewable: only a 100x132 px thumbnail is available locally; plot_family and all style fields UNKNOWN,/mnt/c/Users/spoudel1/OneDrive - St. Jude Children's Research Hospital/make_my_plot_journal_presets/PRIVATE_REFERENCE_ONLY/corpus/PMC13124994/figures/Fig3.gif,cell_2
PMC13124994,Cell Reports,Cell,4,,other_quant,UNKNOWN,UNKNOWN,UNKNOWN,,,,,,,UNKNOWN,,,,,,,,UNKNOWN,UNKNOWN,UNKNOWN,UNKNOWN,UNKNOWN,,,,,,,,low,figure not reviewable: only a 100x134 px thumbnail is available locally; plot_family and all style fields UNKNOWN,/mnt/c/Users/spoudel1/OneDrive - St. Jude Children's Research Hospital/make_my_plot_journal_presets/PRIVATE_REFERENCE_ONLY/corpus/PMC13124994/figures/Fig4.gif,cell_2
PMC13124994,Cell Reports,Cell,5,,other_quant,UNKNOWN,UNKNOWN,UNKNOWN,,,,,,,UNKNOWN,,,,,,,,UNKNOWN,UNKNOWN,UNKNOWN,UNKNOWN,UNKNOWN,,,,,,,,low,figure not reviewable: only a 100x144 px thumbnail is available locally; plot_family and all style fields UNKNOWN,/mnt/c/Users/spoudel1/OneDrive - St. Jude Children's Research Hospital/make_my_plot_journal_presets/PRIVATE_REFERENCE_ONLY/corpus/PMC13124994/figures/Fig5.gif,cell_2
PMC13125397,Cell Reports,Cell,2,,other_quant,UNKNOWN,UNKNOWN,UNKNOWN,,,,,,,UNKNOWN,,,,,,,,UNKNOWN,UNKNOWN,UNKNOWN,UNKNOWN,UNKNOWN,,,,,,,,low,figure not reviewable: only a 100x85 px thumbnail is available locally; plot_family and all style fields UNKNOWN,/mnt/c/Users/spoudel1/OneDrive - St. Jude Children's Research Hospital/make_my_plot_journal_presets/PRIVATE_REFERENCE_ONLY/corpus/PMC13125397/figures/Fig2.gif,cell_2
PMC13125397,Cell Reports,Cell,3,,other_quant,UNKNOWN,UNKNOWN,UNKNOWN,,,,,,,UNKNOWN,,,,,,,,UNKNOWN,UNKNOWN,UNKNOWN,UNKNOWN,UNKNOWN,,,,,,,,low,figure not reviewable: only a 104x80 px thumbnail is available locally; plot_family and all style fields UNKNOWN,/mnt/c/Users/spoudel1/OneDrive - St. Jude Children's Research Hospital/make_my_plot_journal_presets/PRIVATE_REFERENCE_ONLY/corpus/PMC13125397/figures/Fig3.gif,cell_2
PMC13125397,Cell Reports,Cell,4,,other_quant,UNKNOWN,UNKNOWN,UNKNOWN,,,,,,,UNKNOWN,,,,,,,,UNKNOWN,UNKNOWN,UNKNOWN,UNKNOWN,UNKNOWN,,,,,,,,low,figure not reviewable: only a 100x82 px thumbnail is available locally; plot_family and all style fields UNKNOWN,/mnt/c/Users/spoudel1/OneDrive - St. Jude Children's Research Hospital/make_my_plot_journal_presets/PRIVATE_REFERENCE_ONLY/corpus/PMC13125397/figures/Fig4.gif,cell_2
PMC13125397,Cell Reports,Cell,5,,other_quant,UNKNOWN,UNKNOWN,UNKNOWN,,,,,,,UNKNOWN,,,,,,,,UNKNOWN,UNKNOWN,UNKNOWN,UNKNOWN,UNKNOWN,,,,,,,,low,figure not reviewable: only a 105x80 px thumbnail is available locally; plot_family and all style fields UNKNOWN,/mnt/c/Users/spoudel1/OneDrive - St. Jude Children's Research Hospital/make_my_plot_journal_presets/PRIVATE_REFERENCE_ONLY/corpus/PMC13125397/figures/Fig5.gif,cell_2
PMC13125397,Cell Reports,Cell,6,,other_quant,UNKNOWN,UNKNOWN,UNKNOWN,,,,,,,UNKNOWN,,,,,,,,UNKNOWN,UNKNOWN,UNKNOWN,UNKNOWN,UNKNOWN,,,,,,,,low,figure not reviewable: only a 107x80 px thumbnail is available locally; plot_family and all style fields UNKNOWN,/mnt/c/Users/spoudel1/OneDrive - St. Jude Children's Research Hospital/make_my_plot_journal_presets/PRIVATE_REFERENCE_ONLY/corpus/PMC13125397/figures/Fig6.gif,cell_2
PMC13125401,Cell Reports,Cell,3,,other_quant,UNKNOWN,UNKNOWN,UNKNOWN,,,,,,,UNKNOWN,,,,,,,,UNKNOWN,UNKNOWN,UNKNOWN,UNKNOWN,UNKNOWN,,,,,,,,low,figure not reviewable: only a 100x157 px thumbnail is available locally; plot_family and all style fields UNKNOWN,/mnt/c/Users/spoudel1/OneDrive - St. Jude Children's Research Hospital/make_my_plot_journal_presets/PRIVATE_REFERENCE_ONLY/corpus/PMC13125401/figures/Fig3.gif,cell_2
PMC13396705,Cell Metabolism,Cell,1,,other_quant,UNKNOWN,UNKNOWN,UNKNOWN,,,,,,,UNKNOWN,,,,,,,,UNKNOWN,UNKNOWN,UNKNOWN,UNKNOWN,UNKNOWN,,,,,,,,low,figure not reviewable: only a 100x103 px thumbnail is available locally; plot_family and all style fields UNKNOWN,/mnt/c/Users/spoudel1/OneDrive - St. Jude Children's Research Hospital/make_my_plot_journal_presets/PRIVATE_REFERENCE_ONLY/corpus/PMC13396705/figures/Fig1.gif,cell_2
PMC13396705,Cell Metabolism,Cell,4,,other_quant,UNKNOWN,UNKNOWN,UNKNOWN,,,,,,,UNKNOWN,,,,,,,,UNKNOWN,UNKNOWN,UNKNOWN,UNKNOWN,UNKNOWN,,,,,,,,low,figure not reviewable: only a 100x126 px thumbnail is available locally; plot_family and all style fields UNKNOWN,/mnt/c/Users/spoudel1/OneDrive - St. Jude Children's Research Hospital/make_my_plot_journal_presets/PRIVATE_REFERENCE_ONLY/corpus/PMC13396705/figures/Fig4.gif,cell_2
PMC13471043,Cancer Cell,Cell,1,,other_quant,UNKNOWN,UNKNOWN,UNKNOWN,,,,,,,UNKNOWN,,,,,,,,UNKNOWN,UNKNOWN,UNKNOWN,UNKNOWN,UNKNOWN,,,,,,,,low,figure not reviewable: only a 100x111 px thumbnail is available locally; plot_family and all style fields UNKNOWN,/mnt/c/Users/spoudel1/OneDrive - St. Jude Children's Research Hospital/make_my_plot_journal_presets/PRIVATE_REFERENCE_ONLY/corpus/PMC13471043/figures/Fig1.gif,cell_2
PMC13471043,Cancer Cell,Cell,3,,other_quant,UNKNOWN,UNKNOWN,UNKNOWN,,,,,,,UNKNOWN,,,,,,,,UNKNOWN,UNKNOWN,UNKNOWN,UNKNOWN,UNKNOWN,,,,,,,,low,figure not reviewable: only a 100x103 px thumbnail is available locally; plot_family and all style fields UNKNOWN,/mnt/c/Users/spoudel1/OneDrive - St. Jude Children's Research Hospital/make_my_plot_journal_presets/PRIVATE_REFERENCE_ONLY/corpus/PMC13471043/figures/Fig3.gif,cell_2
PMC13471043,Cancer Cell,Cell,5,,other_quant,UNKNOWN,UNKNOWN,UNKNOWN,,,,,,,UNKNOWN,,,,,,,,UNKNOWN,UNKNOWN,UNKNOWN,UNKNOWN,UNKNOWN,,,,,,,,low,figure not reviewable: only a 100x100 px thumbnail is available locally; plot_family and all style fields UNKNOWN,/mnt/c/Users/spoudel1/OneDrive - St. Jude Children's Research Hospital/make_my_plot_journal_presets/PRIVATE_REFERENCE_ONLY/corpus/PMC13471043/figures/Fig5.gif,cell_2
PMC13471043,Cancer Cell,Cell,6,,other_quant,UNKNOWN,UNKNOWN,UNKNOWN,,,,,,,UNKNOWN,,,,,,,,UNKNOWN,UNKNOWN,UNKNOWN,UNKNOWN,UNKNOWN,,,,,,,,low,figure not reviewable: only a 100x113 px thumbnail is available locally; plot_family and all style fields UNKNOWN,/mnt/c/Users/spoudel1/OneDrive - St. Jude Children's Research Hospital/make_my_plot_journal_presets/PRIVATE_REFERENCE_ONLY/corpus/PMC13471043/figures/Fig6.gif,cell_2
