paper_id,journal,journal_family,figure_number,panel,plot_family,spines,tick_direction,grid,background,error_bar_style,points_overlaid,marker_fill,marker_size_class,line_weight_class,axis_line_weight_class,legend_position,legend_frame,legend_entries,n_categorical_colours,palette_class,sequential_cmap_class,colourbar_position,panel_label_case,panel_label_weight,panel_label_size_class,font_class,axis_label_weight,title_present,significance_style,brackets,n_stated_in_panel,tick_label_density,x_tick_rotation,panel_aspect_class,confidence,notes,image_path,reviewer
PMC13564881,Science Advances,Science,1,B,line,box,in,none,white,none,na,na,na,regular,regular,inside,no,4,4,saturated,na,na,upper,bold,larger,sans,bold,no,none,na,no,normal,0,square,medium,Origin-style boxed axes; ticks read as inward,PRIVATE_REFERENCE_ONLY/corpus/PMC13564881/figures/Fig1.webp,science_2
PMC13564881,Science Advances,Science,1,C,line,box,in,none,white,none,na,na,na,regular,regular,inside,no,1,1,saturated,na,na,upper,bold,larger,sans,bold,no,none,na,no,normal,0,square,medium,single red trace; legend is one label inside top right,PRIVATE_REFERENCE_ONLY/corpus/PMC13564881/figures/Fig1.webp,science_2
PMC13564881,Science Advances,Science,1,D,scatter_regression,box,in,none,white,bars_caps,na,filled,small,regular,regular,none,na,na,2,mixed,na,na,upper,bold,larger,sans,bold,no,none,na,no,normal,0,square,medium,black markers + red linear fit; regression equation annotated inside; greyscale inset photo with Max/Min bar,PRIVATE_REFERENCE_ONLY/corpus/PMC13564881/figures/Fig1.webp,science_2
PMC13564881,Science Advances,Science,2,A,grouped_bar,LB,out,none,white,bars,no,na,na,na,regular,inside,no,3,3,muted,na,na,upper,bold,much_larger,sans,bold,no,none,no,no,normal,0,wide,medium,,PRIVATE_REFERENCE_ONLY/corpus/PMC13564881/figures/Fig2.webp,science_2
PMC13564881,Science Advances,Science,2,B,grouped_bar,LB,out,none,white,bars,no,na,na,na,regular,inside,no,3,3,muted,na,na,upper,bold,much_larger,sans,bold,yes,none,no,no,normal,0,wide,medium,'OGD/R' printed as title inside top left,PRIVATE_REFERENCE_ONLY/corpus/PMC13564881/figures/Fig2.webp,science_2
PMC13564881,Science Advances,Science,2,E,bar,LB,out,none,white,bars_caps,yes,open,small,na,regular,outside_right,no,4,4,muted,na,na,upper,bold,much_larger,sans,bold,no,p_values,yes,no,normal,0,tall,medium,exact P values and 'ns' over brackets,PRIVATE_REFERENCE_ONLY/corpus/PMC13564881/figures/Fig2.webp,science_2
PMC13564881,Science Advances,Science,2,F,line,none,none,none,white,none,na,na,na,regular,UNKNOWN,none,na,na,5,mixed,na,na,upper,bold,much_larger,sans,regular,no,none,na,no,sparse,na,wide,medium,"no axis lines, only x and y scale bars; traces labelled directly at right; axis_line_weight UNKNOWN because no axis drawn",PRIVATE_REFERENCE_ONLY/corpus/PMC13564881/figures/Fig2.webp,science_2
PMC13564881,Science Advances,Science,2,G,bar,LB,out,none,white,bars_caps,yes,open,small,na,regular,outside_right,no,5,5,muted,na,na,upper,bold,much_larger,sans,bold,no,p_values,yes,no,normal,0,tall,medium,one panel letter over four side-by-side bar charts sharing one legend,PRIVATE_REFERENCE_ONLY/corpus/PMC13564881/figures/Fig2.webp,science_2
PMC13564881,Science Advances,Science,2,I,line,LB,out,none,white,none,na,na,na,regular,regular,none,na,na,4,mixed,na,na,upper,bold,much_larger,sans,bold,no,none,na,no,sparse,na,wide,medium,one panel letter over five trace plots; no numeric tick labels (a.u.); group names below each plot,PRIVATE_REFERENCE_ONLY/corpus/PMC13564881/figures/Fig2.webp,science_2
PMC13564881,Science Advances,Science,3,B,line,box,in,none,white,none,na,filled,small,regular,regular,none,na,na,2,mixed,na,na,upper,bold,larger,sans,bold,no,none,na,no,normal,0,square,medium,black line+square markers with red Gaussian fit and annotated width arrow,PRIVATE_REFERENCE_ONLY/corpus/PMC13564881/figures/Fig3.webp,science_2
PMC13564881,Science Advances,Science,3,C,line,box,in,none,white,none,na,filled,small,regular,regular,none,na,na,2,mixed,na,na,upper,bold,larger,sans,bold,no,none,na,no,normal,0,square,medium,as panel B,PRIVATE_REFERENCE_ONLY/corpus/PMC13564881/figures/Fig3.webp,science_2
PMC13564881,Science Advances,Science,3,E,line,LB,UNKNOWN,none,white,bars_caps,na,filled,small,regular,regular,inside,no,2,2,mixed,na,na,upper,bold,much_larger,sans,bold,no,p_values,no,no,normal,0,square,medium,tick_direction UNKNOWN because ticks not resolvable; single P value annotated inside,PRIVATE_REFERENCE_ONLY/corpus/PMC13564881/figures/Fig3.webp,science_2
PMC13564881,Science Advances,Science,3,H,bar,LB,out,none,white,bars_caps,yes,open,small,na,regular,outside_right,no,3,3,muted,na,na,upper,bold,much_larger,sans,bold,no,p_values,yes,no,normal,0,tall,medium,one panel letter over three bar charts sharing a legend; 'ns' marks used,PRIVATE_REFERENCE_ONLY/corpus/PMC13564881/figures/Fig3.webp,science_2
PMC13564900,Science Advances,Science,1,D,line,LB,out,none,white,none,na,na,na,regular,regular,inside,no,3,4,mixed,na,na,upper,bold,much_larger,sans,regular,no,none,na,no,normal,0,square,high,cumulative distribution curves; black/blue/red group curves over grey individual curves; small red schematic icon inside top left,PRIVATE_REFERENCE_ONLY/corpus/PMC13564900/figures/Fig1.webp,science_2
PMC13564900,Science Advances,Science,1,E,line,LB,out,none,white,none,na,na,na,regular,regular,inside,no,3,4,mixed,na,na,upper,bold,much_larger,sans,regular,no,none,na,no,normal,0,square,high,cumulative distribution curves; black/blue/red group curves over grey individual curves; small red schematic icon inside top left,PRIVATE_REFERENCE_ONLY/corpus/PMC13564900/figures/Fig1.webp,science_2
PMC13564900,Science Advances,Science,1,F,line,LB,out,none,white,none,na,na,na,regular,regular,none,na,na,2,greys,na,na,upper,bold,much_larger,sans,regular,no,none,na,no,normal,0,square,high,black mean curve over grey individual curves; schematic icon inside top left,PRIVATE_REFERENCE_ONLY/corpus/PMC13564900/figures/Fig1.webp,science_2
PMC13564900,Science Advances,Science,1,G,line,LB,out,none,white,none,na,na,na,regular,regular,none,na,na,3,greys,na,na,upper,bold,much_larger,sans,regular,no,none,na,no,normal,0,square,high,black plus two grey tones; schematic icon inside top left,PRIVATE_REFERENCE_ONLY/corpus/PMC13564900/figures/Fig1.webp,science_2
PMC13564900,Science Advances,Science,2,B,line,LB,out,none,white,none,na,na,na,regular,regular,none,na,na,2,greys,na,na,upper,bold,much_larger,sans,regular,no,none,na,no,normal,0,square,high,cumulative distribution; black mean curve over grey individual curves,PRIVATE_REFERENCE_ONLY/corpus/PMC13564900/figures/Fig2.webp,science_2
PMC13564900,Science Advances,Science,2,C,line,LB,out,none,white,none,na,na,na,regular,regular,none,na,na,2,greys,na,na,upper,bold,much_larger,sans,regular,no,none,na,no,normal,0,square,high,cumulative distribution; black mean curve over grey individual curves,PRIVATE_REFERENCE_ONLY/corpus/PMC13564900/figures/Fig2.webp,science_2
PMC13564900,Science Advances,Science,2,D,line,LB,out,none,white,none,na,na,na,regular,regular,none,na,na,2,greys,na,na,upper,bold,much_larger,sans,regular,no,none,na,no,normal,0,square,high,cumulative distribution; black mean curve over grey individual curves,PRIVATE_REFERENCE_ONLY/corpus/PMC13564900/figures/Fig2.webp,science_2
PMC13564900,Science Advances,Science,2,G,line,LB,out,none,white,none,na,na,na,regular,regular,none,na,na,2,greys,na,na,upper,bold,much_larger,sans,regular,no,none,na,no,normal,0,square,high,cumulative distribution; black mean curve over grey individual curves,PRIVATE_REFERENCE_ONLY/corpus/PMC13564900/figures/Fig2.webp,science_2
PMC13564900,Science Advances,Science,2,H,line,LB,out,none,white,none,na,na,na,regular,regular,none,na,na,2,greys,na,na,upper,bold,much_larger,sans,regular,no,none,na,no,normal,0,square,high,cumulative distribution; black mean curve over grey individual curves,PRIVATE_REFERENCE_ONLY/corpus/PMC13564900/figures/Fig2.webp,science_2
PMC13564900,Science Advances,Science,2,I,line,LB,out,none,white,none,na,na,na,regular,regular,none,na,na,2,greys,na,na,upper,bold,much_larger,sans,regular,no,none,na,no,normal,0,square,high,cumulative distribution; black mean curve over grey individual curves,PRIVATE_REFERENCE_ONLY/corpus/PMC13564900/figures/Fig2.webp,science_2
PMC13564900,Science Advances,Science,2,E,dot_strip,LB,out,none,white,bars,yes,filled,medium,hairline,regular,none,na,na,2,saturated,na,na,upper,bold,much_larger,sans,regular,no,none,no,no,sparse,0,square,medium,"paired blue/green points with vertical SD bars, thin grey pairing lines and black horizontal group mean",PRIVATE_REFERENCE_ONLY/corpus/PMC13564900/figures/Fig2.webp,science_2
PMC13564900,Science Advances,Science,2,J,dot_strip,LB,out,none,white,bars,yes,filled,medium,hairline,regular,none,na,na,2,saturated,na,na,upper,bold,much_larger,sans,regular,no,none,no,no,sparse,0,square,medium,"paired blue/green points with vertical SD bars, thin grey pairing lines and black horizontal group mean",PRIVATE_REFERENCE_ONLY/corpus/PMC13564900/figures/Fig2.webp,science_2
PMC13564900,Science Advances,Science,3,A,line,none,none,none,white,none,na,na,na,regular,UNKNOWN,none,na,na,3,mixed,na,na,upper,bold,much_larger,sans,regular,no,none,na,no,sparse,na,tall,medium,model schematic plus voltage traces with mV/ms scale bars only; traces labelled directly; axis_line_weight UNKNOWN because no axes drawn,PRIVATE_REFERENCE_ONLY/corpus/PMC13564900/figures/Fig3.webp,science_2
PMC13564900,Science Advances,Science,3,B,line,LB,out,none,white,none,na,na,na,regular,regular,inside,no,8,8,saturated,na,na,upper,bold,much_larger,sans,regular,no,none,na,no,normal,0,square,high,split x axis (Zc and Zin) sharing one y axis; tab10-like colour cycle,PRIVATE_REFERENCE_ONLY/corpus/PMC13564900/figures/Fig3.webp,science_2
PMC13564900,Science Advances,Science,3,C,line,none,none,none,white,none,na,na,na,regular,UNKNOWN,inside,no,4,4,saturated,na,na,upper,bold,much_larger,sans,regular,no,none,na,no,sparse,na,wide,medium,traces with mV/ms scale bars only; axis_line_weight UNKNOWN because no axes drawn,PRIVATE_REFERENCE_ONLY/corpus/PMC13564900/figures/Fig3.webp,science_2
PMC13564900,Science Advances,Science,3,D,line,none,none,none,white,none,na,na,na,regular,UNKNOWN,inside,no,2,3,mixed,na,na,upper,bold,much_larger,sans,regular,no,none,na,no,sparse,na,tall,medium,"solid vs dashed traces, scale bars only; synapse counts annotated inside; axis_line_weight UNKNOWN because no axes drawn",PRIVATE_REFERENCE_ONLY/corpus/PMC13564900/figures/Fig3.webp,science_2
PMC13564900,Science Advances,Science,3,E,line,LB,out,none,white,none,na,na,na,regular,regular,inside,no,4,4,saturated,na,na,upper,bold,much_larger,sans,regular,no,none,na,no,normal,0,square,high,inset dot plot inside top left; grey vertical reference band and dashed guide lines,PRIVATE_REFERENCE_ONLY/corpus/PMC13564900/figures/Fig3.webp,science_2
PMC13564900,Science Advances,Science,3,F,line,LB,out,none,white,none,na,na,na,regular,regular,none,na,na,4,saturated,na,na,upper,bold,much_larger,sans,regular,no,none,na,no,normal,0,square,high,two stacked sub-plots under one panel letter,PRIVATE_REFERENCE_ONLY/corpus/PMC13564900/figures/Fig3.webp,science_2
PMC13564900,Science Advances,Science,3,G,line,LB,out,none,white,none,na,na,na,regular,regular,none,na,na,4,saturated,na,na,upper,bold,much_larger,sans,regular,no,none,na,no,normal,0,square,high,two stacked sub-plots under one panel letter,PRIVATE_REFERENCE_ONLY/corpus/PMC13564900/figures/Fig3.webp,science_2
PMC13564907,Science Advances,Science,3,B,bar,LB,out,none,white,bars_caps,yes,filled,small,na,regular,none,na,na,3,pastel,na,na,upper,bold,much_larger,sans,regular,no,stars,yes,no,normal,na,tall,high,pale grey/blue/red bars with hundreds of black dots overlaid; white SD bars with caps drawn inside the bars; group names carried by a cartoon above the axes so no x tick labels,PRIVATE_REFERENCE_ONLY/corpus/PMC13564907/figures/Fig3.webp,science_2
PMC13564907,Science Advances,Science,3,C,bar,LB,out,none,white,bars_caps,yes,filled,small,na,regular,none,na,na,1,mixed,na,na,upper,bold,much_larger,sans,regular,no,stars,no,no,normal,0,tall,medium,"near-zero bar, red mean+-SD bars with caps, black dots; bottom axis line sits at y=0 inside the data",PRIVATE_REFERENCE_ONLY/corpus/PMC13564907/figures/Fig3.webp,science_2
PMC13564907,Science Advances,Science,3,E,bar,LB,out,none,white,bars_caps,yes,filled,small,na,regular,none,na,na,3,pastel,na,na,upper,bold,much_larger,sans,regular,no,stars,yes,no,normal,na,tall,high,as panel B; 'ns' also used,PRIVATE_REFERENCE_ONLY/corpus/PMC13564907/figures/Fig3.webp,science_2
PMC13564907,Science Advances,Science,3,F,bar,LB,out,none,white,bars_caps,yes,filled,small,na,regular,none,na,na,1,mixed,na,na,upper,bold,much_larger,sans,regular,no,ns_marks,no,no,normal,0,tall,medium,grey bar with red mean+-SD and black dots,PRIVATE_REFERENCE_ONLY/corpus/PMC13564907/figures/Fig3.webp,science_2
PMC13564907,Science Advances,Science,4,C,bar,LB,out,none,white,bars_caps,no,na,na,na,regular,none,na,na,2,greys,na,na,upper,bold,much_larger,sans,regular,no,stars,yes,no,normal,90,square,high,"grey and white (open) bars, upper-only SD bars with caps; x category labels printed vertically inside the plotting area; 'ns' also used",PRIVATE_REFERENCE_ONLY/corpus/PMC13564907/figures/Fig4.webp,science_2
PMC13564907,Science Advances,Science,4,F,bar,LB,out,none,white,bars_caps,no,na,na,na,regular,none,na,na,2,greys,na,na,upper,bold,much_larger,sans,regular,no,stars,yes,no,normal,90,square,high,"grey/white bars, upper-only SD caps, dashed vertical divider; x labels vertical in a green tinted strip below the axis; coloured bait/prey banner strips act as group key",PRIVATE_REFERENCE_ONLY/corpus/PMC13564907/figures/Fig4.webp,science_2
PMC13564907,Science Advances,Science,6,A,scatter,LB,out,none,white,bars_caps,na,open,medium,na,regular,inside,no,2,2,mixed,na,na,upper,bold,much_larger,sans,regular,no,none,na,no,normal,0,wide,medium,schematic at left plus scatter at right under one letter; binned open square/circle means with SD bars over a translucent point cloud; log x axis; dashed trend guides; direct text labels act as the key,PRIVATE_REFERENCE_ONLY/corpus/PMC13564907/figures/Fig6.webp,science_2
PMC13564907,Science Advances,Science,6,B,histogram_density,LB,out,none,white,none,na,na,na,regular,regular,none,na,na,2,greys,na,na,upper,bold,much_larger,sans,regular,no,none,na,no,normal,0,wide,medium,"two step histograms (black, grey) under one letter; arrows link curves to inset anisotropy images",PRIVATE_REFERENCE_ONLY/corpus/PMC13564907/figures/Fig6.webp,science_2
PMC13564907,Science Advances,Science,6,F,dot_strip,L,out,none,white,none,yes,filled,medium,na,regular,none,na,na,3,saturated,na,na,upper,bold,much_larger,sans,regular,no,stars,yes,no,sparse,90,tall,medium,jittered dots with black horizontal mean line and dashed zero line; no bottom spine; coloured multi-line x labels printed vertically,PRIVATE_REFERENCE_ONLY/corpus/PMC13564907/figures/Fig6.webp,science_2
PMC13564909,Science Advances,Science,1,C,line,box,none,none,white,none,na,na,na,regular,regular,none,na,na,3,mixed,na,na,upper,bold,much_larger,sans,bold,no,none,na,no,sparse,na,wide,medium,conceptual profile plot with unlabelled axes; magenta/grey/black curves labelled directly; panels A and B of this figure are 3D landscape renderings (non-quantitative),PRIVATE_REFERENCE_ONLY/corpus/PMC13564909/figures/Fig1.webp,science_2
PMC13564909,Science Advances,Science,2,p1,line,box,out,none,white,none,na,na,na,regular,regular,inside,no,3,3,muted,na,na,none,UNKNOWN,UNKNOWN,sans,bold,no,none,na,no,normal,0,tall,medium,"single unlettered panel so panel=p1 and panel_label_weight/size UNKNOWN; twin x axes (Distance bottom, chi top); inside legend plus a second boxed line-style key strip at the right with vertical text; solid/dashed/dotted line styles encode series type",PRIVATE_REFERENCE_ONLY/corpus/PMC13564909/figures/Fig2.webp,science_2
PMC13564909,Science Advances,Science,3,A,dot_bubble,box,out,none,white,none,na,open,medium,na,regular,inside,no,na,0,sequential,other,inside,upper,bold,much_larger,sans,bold,no,none,na,no,normal,0,wide,medium,open circles sized by rock uplift rate and coloured by a continuous erodibility scale; size key and horizontal log colourbar both drawn inside the plotting area; regression equation and R2 annotated inside,PRIVATE_REFERENCE_ONLY/corpus/PMC13564909/figures/Fig3.webp,science_2
PMC13564909,Science Advances,Science,3,B,line,box,out,none,white,none,na,na,na,regular,regular,none,na,na,6,sequential,na,none,upper,bold,much_larger,sans,bold,no,none,na,no,normal,0,square,medium,"solid/dashed pairs coloured by the same sequential scale, labelled directly; two grey shaded regions with annotation text and arrows; log y axis",PRIVATE_REFERENCE_ONLY/corpus/PMC13564909/figures/Fig3.webp,science_2
PMC13564909,Science Advances,Science,3,C,scatter,box,out,none,white,none,na,filled,medium,na,regular,none,na,na,0,sequential,other,inside,upper,bold,much_larger,sans,bold,no,none,na,no,normal,0,tall,medium,"log-log scatter, filled circles on a continuous colour scale with horizontal colourbar inside bottom left; three groups outlined by thin rotated boxes labelled 0.5/1.0/1.5 deg",PRIVATE_REFERENCE_ONLY/corpus/PMC13564909/figures/Fig3.webp,science_2
PMC13564915,Science Advances,Science,2,A,volcano,LB,out,none,white,none,na,filled,small,na,regular,none,na,na,3,mixed,na,na,upper,bold,much_larger,sans,regular,yes,none,na,no,normal,0,square,high,grey non-significant points with red (up) and blue (down) highlights; selected metabolites labelled with leader-free text inside; tissue name printed as panel title,PRIVATE_REFERENCE_ONLY/corpus/PMC13564915/figures/Fig2.webp,science_2
PMC13564915,Science Advances,Science,2,B,volcano,LB,out,none,white,none,na,filled,small,na,regular,none,na,na,3,mixed,na,na,upper,bold,much_larger,sans,regular,yes,none,na,no,normal,0,square,high,grey non-significant points with red (up) and blue (down) highlights; selected metabolites labelled with leader-free text inside; tissue name printed as panel title,PRIVATE_REFERENCE_ONLY/corpus/PMC13564915/figures/Fig2.webp,science_2
PMC13564915,Science Advances,Science,2,C,volcano,LB,out,none,white,none,na,filled,small,na,regular,none,na,na,3,mixed,na,na,upper,bold,much_larger,sans,regular,yes,none,na,no,normal,0,square,high,grey non-significant points with red (up) and blue (down) highlights; selected metabolites labelled with leader-free text inside; tissue name printed as panel title,PRIVATE_REFERENCE_ONLY/corpus/PMC13564915/figures/Fig2.webp,science_2
PMC13564915,Science Advances,Science,2,D,volcano,LB,out,none,white,none,na,filled,small,na,regular,none,na,na,3,mixed,na,na,upper,bold,much_larger,sans,regular,yes,none,na,no,normal,0,square,high,grey non-significant points with red (up) and blue (down) highlights; selected metabolites labelled with leader-free text inside; tissue name printed as panel title,PRIVATE_REFERENCE_ONLY/corpus/PMC13564915/figures/Fig2.webp,science_2
PMC13564915,Science Advances,Science,2,E,dot_bubble,none,none,none,white,none,na,filled,medium,na,UNKNOWN,none,na,na,0,diverging,blue_white_red,none,upper,bold,much_larger,sans,regular,no,none,na,no,normal,90,tall,medium,"bubble matrix, no axis lines or ticks; row labels left, column labels rotated 90 at top, pathway groups bracketed at right; size=P value, colour=log2FC; shared size key and colourbar sit under panel F; axis_line_weight UNKNOWN because no axis lines drawn",PRIVATE_REFERENCE_ONLY/corpus/PMC13564915/figures/Fig2.webp,science_2
PMC13564915,Science Advances,Science,2,F,dot_bubble,none,none,none,white,none,na,filled,medium,na,UNKNOWN,inside,no,5,0,diverging,blue_white_red,inside,upper,bold,much_larger,sans,regular,no,none,na,no,normal,90,tall,medium,as panel E; discrete size key (5 P-value classes) and vertical diverging colourbar drawn inside bottom right; 'N.D.' printed in empty cells,PRIVATE_REFERENCE_ONLY/corpus/PMC13564915/figures/Fig2.webp,science_2
PMC13564915,Science Advances,Science,3,E,bar,LB,out,none,white,bars_caps,yes,filled,small,na,regular,none,na,na,3,muted,na,na,upper,bold,much_larger,sans,regular,yes,stars,yes,no,normal,45,tall,high,metabolite name printed as panel title; 'n.s.' also used over brackets,PRIVATE_REFERENCE_ONLY/corpus/PMC13564915/figures/Fig3.webp,science_2
PMC13564915,Science Advances,Science,3,F,stacked_bar,LB,out,none,white,bars_caps,no,na,na,na,regular,outside_right,no,2,2,mixed,na,na,upper,bold,much_larger,sans,regular,yes,stars,yes,no,normal,45,tall,high,grey/blue stacked bars with caps; legend keys are filled squares with black outline,PRIVATE_REFERENCE_ONLY/corpus/PMC13564915/figures/Fig3.webp,science_2
PMC13564915,Science Advances,Science,4,B,stacked_bar,LB,out,none,white,bars_caps,no,na,na,na,regular,outside_right,no,3,3,muted,na,na,upper,bold,much_larger,sans,regular,yes,stars,no,no,normal,0,tall,high,grey/teal/red stacked bars with black-outlined legend swatches; significance stars printed next to each legend entry rather than over the bars; tissue and metabolite names as titles,PRIVATE_REFERENCE_ONLY/corpus/PMC13564915/figures/Fig4.webp,science_2
PMC13564915,Science Advances,Science,4,C,stacked_bar,LB,out,none,white,bars_caps,no,na,na,na,regular,outside_right,no,3,3,muted,na,na,upper,bold,much_larger,sans,regular,yes,stars,no,no,normal,0,tall,high,one panel letter over six stacked-bar sub-plots arranged as a pathway with black arrows; each sub-plot has its own right-side legend with stars per entry,PRIVATE_REFERENCE_ONLY/corpus/PMC13564915/figures/Fig4.webp,science_2
PMC13564915,Science Advances,Science,4,D,stacked_bar,LB,out,none,white,bars_caps,no,na,na,na,regular,outside_right,no,3,3,muted,na,na,upper,bold,much_larger,sans,regular,yes,stars,no,no,normal,0,tall,high,one panel letter over six stacked-bar sub-plots arranged as a pathway with black arrows; each sub-plot has its own right-side legend with stars per entry,PRIVATE_REFERENCE_ONLY/corpus/PMC13564915/figures/Fig4.webp,science_2
PMC13564951,Science Advances,Science,4,B,bar,box,in,none,white,none,no,na,na,na,regular,none,na,na,2,muted,na,na,upper,bold,much_larger,sans,bold,no,none,no,no,normal,0,square,medium,"Origin-style boxed axes, ticks read as inward; gradient-filled bars; value labels printed above bars; y axis inverted (0 at bottom, -6 at top)",PRIVATE_REFERENCE_ONLY/corpus/PMC13564951/figures/Fig4.webp,science_2
PMC13564951,Science Advances,Science,4,E,line,box,in,none,white,none,na,na,na,regular,regular,inside,no,2,2,saturated,na,na,upper,bold,much_larger,sans,bold,no,none,na,no,normal,0,square,medium,two noisy MD traces; legend inside bottom right without frame,PRIVATE_REFERENCE_ONLY/corpus/PMC13564951/figures/Fig4.webp,science_2
PMC13564951,Science Advances,Science,4,F,line,box,in,none,white,none,na,na,na,regular,regular,none,na,na,3,saturated,na,na,upper,bold,much_larger,sans,bold,no,none,na,no,normal,0,wide,medium,curves labelled by coloured text with black leader arrows instead of a legend,PRIVATE_REFERENCE_ONLY/corpus/PMC13564951/figures/Fig4.webp,science_2
PMC13564951,Science Advances,Science,4,G,bar,box,in,none,white,none,no,na,na,na,regular,none,na,na,2,muted,na,na,upper,bold,much_larger,sans,bold,no,none,no,no,normal,0,square,medium,two gradient-filled bars with value labels above and a diagonal annotation arrow between them,PRIVATE_REFERENCE_ONLY/corpus/PMC13564951/figures/Fig4.webp,science_2
PMC13564951,Science Advances,Science,4,H,bar,box,in,none,white,none,no,na,na,na,regular,none,na,na,2,muted,na,na,upper,bold,much_larger,sans,bold,no,none,no,no,normal,0,square,medium,two gradient-filled bars with value labels above and a diagonal annotation arrow between them,PRIVATE_REFERENCE_ONLY/corpus/PMC13564951/figures/Fig4.webp,science_2
PMC13564951,Science Advances,Science,4,I,grouped_bar,box,in,none,white,none,no,na,na,na,regular,inside,no,2,2,saturated,na,na,upper,bold,much_larger,sans,bold,no,none,no,no,normal,0,square,medium,gradient-filled pink/blue bars; legend inside top left; dashed annotation arrows and a bracket marking a fold change,PRIVATE_REFERENCE_ONLY/corpus/PMC13564951/figures/Fig4.webp,science_2
PMC13564977,Science Advances,Science,1,D,bar,LB,out,none,white,bars_caps,yes,filled,small,na,regular,none,na,na,5,mixed,na,na,upper,bold,much_larger,sans,bold,no,stars,yes,no,normal,45,tall,high,"GraphPad-style bar+dot plot; a different marker shape per group (circle, triangle, square, diamond); dotted 'Plated' reference line across the panel",PRIVATE_REFERENCE_ONLY/corpus/PMC13564977/figures/Fig1.webp,science_2
PMC13564977,Science Advances,Science,2,B,bar,LB,out,none,white,bars_caps,yes,filled,small,na,regular,none,na,na,4,mixed,na,na,upper,bold,much_larger,sans,bold,yes,stars,yes,no,normal,45,tall,high,one bracket spanning three groups,PRIVATE_REFERENCE_ONLY/corpus/PMC13564977/figures/Fig2.webp,science_2
PMC13564977,Science Advances,Science,2,C,grouped_bar,LB,out,none,white,bars_caps,yes,filled,small,na,regular,inside,no,4,4,mixed,na,na,upper,bold,much_larger,sans,bold,yes,stars,yes,no,normal,45,wide,high,four-colour grouped bars with dots; legend inside top right without frame; peptide name printed as panel title,PRIVATE_REFERENCE_ONLY/corpus/PMC13564977/figures/Fig2.webp,science_2
PMC13564977,Science Advances,Science,2,D,grouped_bar,LB,out,none,white,bars_caps,yes,filled,small,na,regular,inside,no,4,4,mixed,na,na,upper,bold,much_larger,sans,bold,yes,stars,yes,no,normal,45,wide,high,four-colour grouped bars with dots; legend inside top right without frame; peptide name printed as panel title,PRIVATE_REFERENCE_ONLY/corpus/PMC13564977/figures/Fig2.webp,science_2
PMC13564977,Science Advances,Science,3,A,other_quant,none,none,none,white,none,na,na,na,hairline,UNKNOWN,none,na,na,1,greys,na,na,upper,bold,much_larger,sans,regular,yes,none,na,no,sparse,na,wide,medium,two-set Venn diagram with grey outlines and counts; pathway names listed as plain text below; axis_line_weight UNKNOWN because no axes drawn,PRIVATE_REFERENCE_ONLY/corpus/PMC13564977/figures/Fig3.webp,science_2
PMC13564977,Science Advances,Science,3,B,other_quant,none,none,none,white,none,na,na,na,hairline,UNKNOWN,none,na,na,1,greys,na,na,upper,bold,much_larger,sans,regular,yes,none,na,no,sparse,na,wide,medium,two-set Venn diagram with grey outlines and counts; pathway names listed as plain text below; axis_line_weight UNKNOWN because no axes drawn,PRIVATE_REFERENCE_ONLY/corpus/PMC13564977/figures/Fig3.webp,science_2
PMC13564977,Science Advances,Science,3,C,heatmap_clustered,none,none,none,white,none,na,na,na,na,UNKNOWN,outside_right,no,na,0,diverging,blue_white_red,right,upper,bold,much_larger,sans,regular,yes,none,na,no,dense,0,square,high,"clustered heatmap with dendrograms on top and right; gene names on left, group names under column blocks; vertical z-score colourbar at right; axis_line_weight UNKNOWN because no axis lines drawn",PRIVATE_REFERENCE_ONLY/corpus/PMC13564977/figures/Fig3.webp,science_2
PMC13564977,Science Advances,Science,3,D,heatmap_clustered,none,none,none,white,none,na,na,na,na,UNKNOWN,outside_right,no,na,0,diverging,blue_white_red,right,upper,bold,much_larger,sans,regular,yes,none,na,no,dense,0,square,high,"clustered heatmap with dendrograms on top and right; gene names on left, group names under column blocks; vertical z-score colourbar at right; axis_line_weight UNKNOWN because no axis lines drawn",PRIVATE_REFERENCE_ONLY/corpus/PMC13564977/figures/Fig3.webp,science_2
PMC13564977,Science Advances,Science,3,E,heatmap_clustered,none,none,none,white,none,na,na,na,na,UNKNOWN,outside_right,no,na,0,diverging,blue_white_red,right,upper,bold,much_larger,sans,regular,yes,none,na,no,dense,0,square,high,"clustered heatmap with dendrograms on top and right; gene names on left, group names under column blocks; vertical z-score colourbar at right; axis_line_weight UNKNOWN because no axis lines drawn",PRIVATE_REFERENCE_ONLY/corpus/PMC13564977/figures/Fig3.webp,science_2
PMC13564977,Science Advances,Science,3,F,heatmap_clustered,none,none,none,white,none,na,na,na,na,UNKNOWN,outside_right,no,na,0,diverging,blue_white_red,right,upper,bold,much_larger,sans,regular,yes,none,na,no,dense,0,square,high,"clustered heatmap with dendrograms on top and right; gene names on left, group names under column blocks; vertical z-score colourbar at right; axis_line_weight UNKNOWN because no axis lines drawn",PRIVATE_REFERENCE_ONLY/corpus/PMC13564977/figures/Fig3.webp,science_2
PMC7615567,Science Translational Medicine,Science,1,A,bar,L,out,none,white,bars_caps,yes,filled,small,na,regular,none,na,na,3,mixed,na,na,upper,bold,much_larger,sans,regular,no,stars,yes,no,normal,0,square,medium,"GraphPad-style bars with black dots and red SEM caps; left spine only, a horizontal zero line drawn through the data instead of a bottom spine; red asterisks and red hash marks used together; grouping labels on a second line under the x axis",PRIVATE_REFERENCE_ONLY/corpus/PMC7615567/figures/Fig1.jpg,science_2
PMC7615567,Science Translational Medicine,Science,1,B,bar,L,out,none,white,bars_caps,yes,filled,small,na,regular,none,na,na,2,mixed,na,na,upper,bold,much_larger,sans,regular,no,stars,yes,no,normal,0,square,medium,"GraphPad-style bars with black dots and red SEM caps; left spine only, a horizontal zero line drawn through the data instead of a bottom spine; red asterisks and red hash marks used together; grouping labels on a second line under the x axis",PRIVATE_REFERENCE_ONLY/corpus/PMC7615567/figures/Fig1.jpg,science_2
PMC7615567,Science Translational Medicine,Science,1,C,bar,L,out,none,white,bars_caps,yes,filled,small,na,regular,none,na,na,3,mixed,na,na,upper,bold,much_larger,sans,regular,no,stars,yes,no,normal,0,square,medium,"GraphPad-style bars with black dots and red SEM caps; left spine only, a horizontal zero line drawn through the data instead of a bottom spine; red asterisks and red hash marks used together; grouping labels on a second line under the x axis",PRIVATE_REFERENCE_ONLY/corpus/PMC7615567/figures/Fig1.jpg,science_2
PMC7615567,Science Translational Medicine,Science,1,D,bar,L,out,none,white,bars_caps,yes,filled,small,na,regular,none,na,na,4,mixed,na,na,upper,bold,much_larger,sans,regular,no,stars,no,no,normal,0,square,medium,"GraphPad-style bars with black dots and red SEM caps; left spine only, a horizontal zero line drawn through the data instead of a bottom spine; red asterisks and red hash marks used together; grouping labels on a second line under the x axis",PRIVATE_REFERENCE_ONLY/corpus/PMC7615567/figures/Fig1.jpg,science_2
PMC7615567,Science Translational Medicine,Science,1,E,bar,L,out,none,white,bars_caps,yes,filled,small,na,regular,none,na,na,2,mixed,na,na,upper,bold,much_larger,sans,regular,no,stars,no,no,normal,0,square,medium,"GraphPad-style bars with black dots and red SEM caps; left spine only, a horizontal zero line drawn through the data instead of a bottom spine; red asterisks and red hash marks used together; grouping labels on a second line under the x axis",PRIVATE_REFERENCE_ONLY/corpus/PMC7615567/figures/Fig1.jpg,science_2
PMC7615567,Science Translational Medicine,Science,1,F,bar,L,out,none,white,bars_caps,yes,filled,small,na,regular,none,na,na,3,mixed,na,na,upper,bold,much_larger,sans,regular,no,stars,yes,no,normal,0,square,medium,"GraphPad-style bars with black dots and red SEM caps; left spine only, a horizontal zero line drawn through the data instead of a bottom spine; red asterisks and red hash marks used together; grouping labels on a second line under the x axis; dotted vertical dividers separate dose blocks",PRIVATE_REFERENCE_ONLY/corpus/PMC7615567/figures/Fig1.jpg,science_2
PMC7615567,Science Translational Medicine,Science,3,A,bar,L,out,none,white,bars_caps,yes,filled,small,na,regular,none,na,na,3,mixed,na,na,upper,bold,much_larger,sans,regular,no,stars,no,no,normal,0,square,medium,as figure 1; left spine only with a zero line through the data; red asterisks/hashes; two-line x axis labels,PRIVATE_REFERENCE_ONLY/corpus/PMC7615567/figures/Fig3.jpg,science_2
PMC7615567,Science Translational Medicine,Science,3,B,bar,L,out,none,white,bars_caps,yes,filled,small,na,regular,none,na,na,3,mixed,na,na,upper,bold,much_larger,sans,regular,no,stars,no,no,normal,0,square,medium,as figure 1; left spine only with a zero line through the data; red asterisks/hashes; two-line x axis labels,PRIVATE_REFERENCE_ONLY/corpus/PMC7615567/figures/Fig3.jpg,science_2
PMC7615567,Science Translational Medicine,Science,3,C,bar,L,out,none,white,bars_caps,yes,filled,small,na,regular,none,na,na,5,mixed,na,na,upper,bold,much_larger,sans,regular,no,stars,yes,no,normal,0,square,medium,as figure 1; left spine only with a zero line through the data; red asterisks/hashes; two-line x axis labels,PRIVATE_REFERENCE_ONLY/corpus/PMC7615567/figures/Fig3.jpg,science_2
PMC7615651,Science Translational Medicine,Science,1,A,volcano,LB,out,none,white,none,na,filled,small,na,regular,inside,yes,3,3,mixed,na,na,upper,bold,much_larger,sans,regular,yes,none,na,no,normal,0,square,high,"red/blue/grey points, log y axis, framed legend inside top left, species icon plus comparison text as title, 'Down in .. / Up in ..' printed under the x axis, one gene labelled with a leader line",PRIVATE_REFERENCE_ONLY/corpus/PMC7615651/figures/Fig1.jpg,science_2
PMC7615651,Science Translational Medicine,Science,1,C,volcano,LB,out,none,white,none,na,filled,small,na,regular,inside,yes,3,3,mixed,na,na,upper,bold,much_larger,sans,regular,yes,none,na,no,normal,0,square,high,"red/blue/grey points, log y axis, framed legend inside top left, species icon plus comparison text as title, 'Down in .. / Up in ..' printed under the x axis, one gene labelled with a leader line",PRIVATE_REFERENCE_ONLY/corpus/PMC7615651/figures/Fig1.jpg,science_2
PMC7615651,Science Translational Medicine,Science,1,B,heatmap_clustered,none,none,none,white,none,na,na,na,na,UNKNOWN,inside,no,na,0,diverging,other,inside,upper,bold,much_larger,sans,regular,no,none,na,no,sparse,0,tall,high,purple-white-orange row z-score heatmap with dendrograms top and left; small horizontal colourbar inside top left; group names in black/yellow filled boxes above the columns; axis_line_weight UNKNOWN because no axis lines drawn,PRIVATE_REFERENCE_ONLY/corpus/PMC7615651/figures/Fig1.jpg,science_2
PMC7615651,Science Translational Medicine,Science,1,D,heatmap_clustered,none,none,none,white,none,na,na,na,na,UNKNOWN,inside,no,na,0,diverging,other,inside,upper,bold,much_larger,sans,regular,no,none,na,no,sparse,0,tall,high,purple-white-orange row z-score heatmap with dendrograms top and left; small horizontal colourbar inside top left; group names in black/yellow filled boxes above the columns; axis_line_weight UNKNOWN because no axis lines drawn,PRIVATE_REFERENCE_ONLY/corpus/PMC7615651/figures/Fig1.jpg,science_2
PMC7615651,Science Translational Medicine,Science,1,E,grouped_bar,B,out,none,white,none,no,na,na,na,regular,inside,no,2,2,greys,na,na,upper,bold,much_larger,sans,regular,no,none,no,no,normal,0,tall,medium,horizontal bars; only a bottom axis plus a vertical zero line; dark/light grey fills with black outlines; pathway names at left with italic category brackets; significant pathways set in bold,PRIVATE_REFERENCE_ONLY/corpus/PMC7615651/figures/Fig1.jpg,science_2
PMC7615651,Science Translational Medicine,Science,1,G,dot_bubble,none,none,none,white,none,na,filled,medium,na,UNKNOWN,outside_right,no,4,0,diverging,blue_white_red,right,upper,bold,much_larger,sans,regular,yes,none,na,no,sparse,0,square,high,"bubble grid, no axes; colour=NES on a vertical blue-white-red bar at right, size=FDR shown as open-circle size key below it; column headers and a 'Heart defects YES/NO' row act as titles; axis_line_weight UNKNOWN because no axes drawn",PRIVATE_REFERENCE_ONLY/corpus/PMC7615651/figures/Fig1.jpg,science_2
PMC7615651,Science Translational Medicine,Science,2,A,pca_umap,LB,out,none,white,none,na,filled,small,na,regular,outside_right,no,14,14,saturated,na,na,upper,bold,much_larger,sans,regular,no,none,na,no,normal,0,square,high,UMAP with 14 cluster colours; numbered cluster labels drawn on the points; numbered legend at right without frame,PRIVATE_REFERENCE_ONLY/corpus/PMC7615651/figures/Fig2.jpg,science_2
PMC7615651,Science Translational Medicine,Science,2,B,violin,L,out,none,white,none,na,na,na,na,regular,none,na,na,14,saturated,na,na,upper,bold,much_larger,sans,regular,no,none,na,no,sparse,90,wide,medium,"stacked violin rows, one gene per row with its own small left axis; cluster names printed vertically in coloured open boxes above the plot",PRIVATE_REFERENCE_ONLY/corpus/PMC7615651/figures/Fig2.jpg,science_2
PMC7615651,Science Translational Medicine,Science,2,C,stacked_bar,LB,out,none,white,none,no,na,na,na,regular,outside_right,no,14,14,saturated,na,na,upper,bold,much_larger,sans,regular,no,stars,no,no,normal,45,tall,medium,100% stacked bars; legend is a column of coloured cluster numbers at the right; asterisks printed inside the stacked segments,PRIVATE_REFERENCE_ONLY/corpus/PMC7615651/figures/Fig2.jpg,science_2
PMC7615651,Science Translational Medicine,Science,2,D,dot_bubble,none,none,none,white,none,na,filled,medium,na,UNKNOWN,below,no,4,0,diverging,blue_white_red,bottom,upper,bold,much_larger,sans,regular,yes,none,na,no,sparse,0,wide,high,bubble grid grouped in coloured open boxes per cluster; horizontal NES colourbar and FDR size key placed below the grid; axis_line_weight UNKNOWN because no axes drawn,PRIVATE_REFERENCE_ONLY/corpus/PMC7615651/figures/Fig2.jpg,science_2
PMC7615651,Science Translational Medicine,Science,3,A,scatter,box,out,none,white,none,na,filled,small,na,regular,none,na,na,0,mixed,na,na,upper,bold,much_larger,sans,regular,yes,none,na,no,normal,0,wide,medium,flow cytometry density dot plots with rectangular gates and percentages printed inside; boxed axes with log scales; column headers act as titles,PRIVATE_REFERENCE_ONLY/corpus/PMC7615651/figures/Fig3.jpg,science_2
PMC7615651,Science Translational Medicine,Science,3,B,grouped_bar,LB,out,none,white,bars_caps,no,na,na,na,regular,outside_right,no,3,3,saturated,na,na,upper,bold,much_larger,sans,regular,no,stars,yes,no,normal,0,wide,high,two stacked sub-plots under one letter; blue/red/grey bars; 'ns' marks used alongside asterisks,PRIVATE_REFERENCE_ONLY/corpus/PMC7615651/figures/Fig3.jpg,science_2
PMC7615651,Science Translational Medicine,Science,3,E,bar,LB,out,none,white,bars_caps,yes,filled,small,na,regular,outside_right,no,3,3,saturated,na,na,upper,bold,much_larger,sans,regular,no,stars,yes,no,normal,0,tall,high,bar+dot plot; 'ns' marks used alongside asterisks,PRIVATE_REFERENCE_ONLY/corpus/PMC7615651/figures/Fig3.jpg,science_2
PMC7615785,Science Translational Medicine,Science,2,A,other_quant,none,none,none,white,none,na,na,na,regular,UNKNOWN,outside_top,no,8,6,saturated,na,na,upper,bold,same_as_axis_label,sans,regular,yes,none,na,no,sparse,na,square,medium,radial (circular) bar chart of biomarker z-scores; three separate legends across the top; dashed reference circles for the control baseline and +1SD; panel letter is part of the bold caption line under each circle; axis_line_weight UNKNOWN because no axes drawn,PRIVATE_REFERENCE_ONLY/corpus/PMC7615785/figures/Fig2.jpg,science_2
PMC7615785,Science Translational Medicine,Science,2,B,other_quant,none,none,none,white,none,na,na,na,regular,UNKNOWN,outside_top,no,8,6,saturated,na,na,upper,bold,same_as_axis_label,sans,regular,yes,none,na,no,sparse,na,square,medium,radial (circular) bar chart of biomarker z-scores; three separate legends across the top; dashed reference circles for the control baseline and +1SD; panel letter is part of the bold caption line under each circle; axis_line_weight UNKNOWN because no axes drawn,PRIVATE_REFERENCE_ONLY/corpus/PMC7615785/figures/Fig2.jpg,science_2
PMC7615785,Science Translational Medicine,Science,2,C,other_quant,none,none,none,white,none,na,na,na,regular,UNKNOWN,outside_top,no,8,6,saturated,na,na,upper,bold,same_as_axis_label,sans,regular,yes,none,na,no,sparse,na,square,medium,radial (circular) bar chart of biomarker z-scores; three separate legends across the top; dashed reference circles for the control baseline and +1SD; panel letter is part of the bold caption line under each circle; axis_line_weight UNKNOWN because no axes drawn,PRIVATE_REFERENCE_ONLY/corpus/PMC7615785/figures/Fig2.jpg,science_2
PMC7615785,Science Translational Medicine,Science,3,A,line_band,box,out,major,white,band,na,na,na,regular,regular,inside,yes,2,2,mixed,na,na,upper,bold,same_as_axis_label,sans,regular,yes,both,no,yes,normal,90,square,medium,more panels not reviewed (25 lettered panels A-Y; first eight reviewed); mean line with shaded 95% CI band for SAM (purple/blue) and controls (green); framed two-entry legend inside bottom; stars top left plus an italic adjusted P value line as sub-title; n per timepoint printed under the x axis; faint vertical dotted gridlines; row category names printed in coloured vertical text at the far left of the figure,PRIVATE_REFERENCE_ONLY/corpus/PMC7615785/figures/Fig3.jpg,science_2
PMC7615785,Science Translational Medicine,Science,3,B,line_band,box,out,major,white,band,na,na,na,regular,regular,inside,yes,2,2,mixed,na,na,upper,bold,same_as_axis_label,sans,regular,yes,both,no,yes,normal,90,square,medium,more panels not reviewed (25 lettered panels A-Y; first eight reviewed); mean line with shaded 95% CI band for SAM (purple/blue) and controls (green); framed two-entry legend inside bottom; stars top left plus an italic adjusted P value line as sub-title; n per timepoint printed under the x axis; faint vertical dotted gridlines; row category names printed in coloured vertical text at the far left of the figure,PRIVATE_REFERENCE_ONLY/corpus/PMC7615785/figures/Fig3.jpg,science_2
PMC7615785,Science Translational Medicine,Science,3,C,line_band,box,out,major,white,band,na,na,na,regular,regular,inside,yes,2,2,mixed,na,na,upper,bold,same_as_axis_label,sans,regular,yes,both,no,yes,normal,90,square,medium,more panels not reviewed (25 lettered panels A-Y; first eight reviewed); mean line with shaded 95% CI band for SAM (purple/blue) and controls (green); framed two-entry legend inside bottom; stars top left plus an italic adjusted P value line as sub-title; n per timepoint printed under the x axis; faint vertical dotted gridlines; row category names printed in coloured vertical text at the far left of the figure,PRIVATE_REFERENCE_ONLY/corpus/PMC7615785/figures/Fig3.jpg,science_2
PMC7615785,Science Translational Medicine,Science,3,D,line_band,box,out,major,white,band,na,na,na,regular,regular,inside,yes,2,2,mixed,na,na,upper,bold,same_as_axis_label,sans,regular,yes,both,no,yes,normal,90,square,medium,more panels not reviewed (25 lettered panels A-Y; first eight reviewed); mean line with shaded 95% CI band for SAM (purple/blue) and controls (green); framed two-entry legend inside bottom; stars top left plus an italic adjusted P value line as sub-title; n per timepoint printed under the x axis; faint vertical dotted gridlines; row category names printed in coloured vertical text at the far left of the figure,PRIVATE_REFERENCE_ONLY/corpus/PMC7615785/figures/Fig3.jpg,science_2
PMC7615785,Science Translational Medicine,Science,3,E,line_band,box,out,major,white,band,na,na,na,regular,regular,inside,yes,2,2,mixed,na,na,upper,bold,same_as_axis_label,sans,regular,yes,both,no,yes,normal,90,square,medium,more panels not reviewed (25 lettered panels A-Y; first eight reviewed); mean line with shaded 95% CI band for SAM (purple/blue) and controls (green); framed two-entry legend inside bottom; stars top left plus an italic adjusted P value line as sub-title; n per timepoint printed under the x axis; faint vertical dotted gridlines; row category names printed in coloured vertical text at the far left of the figure,PRIVATE_REFERENCE_ONLY/corpus/PMC7615785/figures/Fig3.jpg,science_2
PMC7615785,Science Translational Medicine,Science,3,F,line_band,box,out,major,white,band,na,na,na,regular,regular,inside,yes,2,2,mixed,na,na,upper,bold,same_as_axis_label,sans,regular,yes,both,no,yes,normal,90,square,medium,more panels not reviewed (25 lettered panels A-Y; first eight reviewed); mean line with shaded 95% CI band for SAM (purple/blue) and controls (green); framed two-entry legend inside bottom; stars top left plus an italic adjusted P value line as sub-title; n per timepoint printed under the x axis; faint vertical dotted gridlines; row category names printed in coloured vertical text at the far left of the figure,PRIVATE_REFERENCE_ONLY/corpus/PMC7615785/figures/Fig3.jpg,science_2
PMC7615785,Science Translational Medicine,Science,3,G,line_band,box,out,major,white,band,na,na,na,regular,regular,inside,yes,2,2,mixed,na,na,upper,bold,same_as_axis_label,sans,regular,yes,both,no,yes,normal,90,square,medium,more panels not reviewed (25 lettered panels A-Y; first eight reviewed); mean line with shaded 95% CI band for SAM (purple/blue) and controls (green); framed two-entry legend inside bottom; stars top left plus an italic adjusted P value line as sub-title; n per timepoint printed under the x axis; faint vertical dotted gridlines; row category names printed in coloured vertical text at the far left of the figure,PRIVATE_REFERENCE_ONLY/corpus/PMC7615785/figures/Fig3.jpg,science_2
PMC7615785,Science Translational Medicine,Science,3,H,line_band,box,out,major,white,band,na,na,na,regular,regular,inside,yes,2,2,mixed,na,na,upper,bold,same_as_axis_label,sans,regular,yes,both,no,yes,normal,90,square,medium,more panels not reviewed (25 lettered panels A-Y; first eight reviewed); mean line with shaded 95% CI band for SAM (purple/blue) and controls (green); framed two-entry legend inside bottom; stars top left plus an italic adjusted P value line as sub-title; n per timepoint printed under the x axis; faint vertical dotted gridlines; row category names printed in coloured vertical text at the far left of the figure,PRIVATE_REFERENCE_ONLY/corpus/PMC7615785/figures/Fig3.jpg,science_2
PMC7616771,Science Translational Medicine,Science,1,B,bar,LB,out,none,white,bars_caps,yes,filled,small,na,regular,none,na,na,2,saturated,na,na,upper,bold,much_larger,sans,regular,no,stars,yes,no,normal,0,tall,high,bar+dot plot with a photograph of spleens placed directly under the axes inside the panel,PRIVATE_REFERENCE_ONLY/corpus/PMC7616771/figures/Fig1.jpg,science_2
PMC7616771,Science Translational Medicine,Science,1,D,pca_umap,none,none,none,white,none,na,filled,small,na,UNKNOWN,none,na,na,10,saturated,na,na,upper,bold,much_larger,sans,regular,no,none,na,no,sparse,na,square,high,UMAP drawn with no axes or axis labels; clusters named by text placed next to the point clouds; axis_line_weight UNKNOWN because no axes drawn,PRIVATE_REFERENCE_ONLY/corpus/PMC7616771/figures/Fig1.jpg,science_2
PMC7616771,Science Translational Medicine,Science,1,F,pca_umap,none,none,none,white,none,na,filled,small,na,UNKNOWN,none,na,na,10,saturated,na,na,upper,bold,much_larger,sans,regular,no,none,na,no,sparse,na,square,high,UMAP drawn with no axes or axis labels; clusters named by text placed next to the point clouds; axis_line_weight UNKNOWN because no axes drawn,PRIVATE_REFERENCE_ONLY/corpus/PMC7616771/figures/Fig1.jpg,science_2
PMC7616771,Science Translational Medicine,Science,1,E,dot_bubble,none,none,none,white,none,na,filled,medium,na,UNKNOWN,outside_right,no,na,0,sequential,other,right,upper,bold,much_larger,sans,regular,no,none,na,no,dense,90,wide,high,"Seurat-style dot plot, no axis lines; cell types on the left, italic gene names rotated 90 below; size key (Expression cells %) above a vertical continuous colourbar at the right; axis_line_weight UNKNOWN because no axis lines drawn",PRIVATE_REFERENCE_ONLY/corpus/PMC7616771/figures/Fig1.jpg,science_2
PMC7616771,Science Translational Medicine,Science,1,G,dot_bubble,none,none,none,white,none,na,filled,medium,na,UNKNOWN,outside_right,no,na,0,sequential,other,right,upper,bold,much_larger,sans,regular,no,none,na,no,dense,90,wide,high,"Seurat-style dot plot, no axis lines; cell types on the left, italic gene names rotated 90 below; size key (Expression cells %) above a vertical continuous colourbar at the right; axis_line_weight UNKNOWN because no axis lines drawn",PRIVATE_REFERENCE_ONLY/corpus/PMC7616771/figures/Fig1.jpg,science_2
PMC7616771,Science Translational Medicine,Science,3,A,violin,LB,out,none,white,none,yes,filled,small,na,regular,none,na,na,2,mixed,na,na,upper,bold,much_larger,sans,regular,yes,stars,yes,no,normal,45,tall,medium,more panels not reviewed (nine lettered quantitative panels A-I; first eight reviewed); violins with dense jittered points and a yellow/orange star marking the mean; a UMAP with a continuous white-to-purple colourbar sits at the left of the same panel; gene or cell-type name printed as title,PRIVATE_REFERENCE_ONLY/corpus/PMC7616771/figures/Fig3.jpg,science_2
PMC7616771,Science Translational Medicine,Science,3,B,violin,LB,out,none,white,none,yes,filled,small,na,regular,none,na,na,2,mixed,na,na,upper,bold,much_larger,sans,regular,yes,stars,yes,no,normal,45,tall,medium,more panels not reviewed (nine lettered quantitative panels A-I; first eight reviewed); violins with dense jittered points and a yellow/orange star marking the mean; a UMAP with a continuous white-to-purple colourbar sits at the left of the same panel; gene or cell-type name printed as title,PRIVATE_REFERENCE_ONLY/corpus/PMC7616771/figures/Fig3.jpg,science_2
PMC7616771,Science Translational Medicine,Science,3,C,violin,LB,out,none,white,none,yes,filled,small,na,regular,none,na,na,2,mixed,na,na,upper,bold,much_larger,sans,regular,yes,stars,yes,no,normal,45,tall,medium,more panels not reviewed (nine lettered quantitative panels A-I; first eight reviewed); violins with dense jittered points and a yellow/orange star marking the mean; a UMAP with a continuous white-to-purple colourbar sits at the left of the same panel; gene or cell-type name printed as title,PRIVATE_REFERENCE_ONLY/corpus/PMC7616771/figures/Fig3.jpg,science_2
PMC7616771,Science Translational Medicine,Science,3,D,bar,LB,out,none,white,none,no,na,na,na,regular,inside,no,1,1,saturated,na,na,upper,bold,much_larger,sans,regular,yes,none,no,no,normal,0,wide,medium,more panels not reviewed (nine lettered quantitative panels A-I; first eight reviewed); horizontal single-colour bars of NES; legend is a single coloured dot with a threshold statement above the plot; hallmark set names left-aligned outside the axes,PRIVATE_REFERENCE_ONLY/corpus/PMC7616771/figures/Fig3.jpg,science_2
PMC7616771,Science Translational Medicine,Science,3,G,bar,LB,out,none,white,none,no,na,na,na,regular,inside,no,1,1,saturated,na,na,upper,bold,much_larger,sans,regular,yes,none,no,no,normal,0,wide,medium,more panels not reviewed (nine lettered quantitative panels A-I; first eight reviewed); horizontal single-colour bars of NES; legend is a single coloured dot with a threshold statement above the plot; hallmark set names left-aligned outside the axes,PRIVATE_REFERENCE_ONLY/corpus/PMC7616771/figures/Fig3.jpg,science_2
PMC7616771,Science Translational Medicine,Science,3,E,pca_umap,none,none,none,white,none,na,filled,small,na,UNKNOWN,none,na,na,5,muted,na,na,upper,bold,much_larger,sans,regular,no,none,na,no,sparse,na,square,high,"more panels not reviewed (nine lettered quantitative panels A-I; first eight reviewed); axis-free UMAP with directly placed cluster labels, one label in red; axis_line_weight UNKNOWN because no axes drawn",PRIVATE_REFERENCE_ONLY/corpus/PMC7616771/figures/Fig3.jpg,science_2
PMC7616771,Science Translational Medicine,Science,3,F,heatmap,box,none,none,white,none,na,na,na,na,regular,outside_right,no,na,0,diverging,blue_white_red,right,upper,bold,much_larger,sans,regular,no,none,na,no,sparse,0,square,high,"more panels not reviewed (nine lettered quantitative panels A-I; first eight reviewed); black-framed heatmap with black vertical dividers between clusters, a coloured cluster strip on top and italic gene names at the right; vertical colourbar at right",PRIVATE_REFERENCE_ONLY/corpus/PMC7616771/figures/Fig3.jpg,science_2
PMC7616771,Science Translational Medicine,Science,3,H,bar,LB,out,none,white,none,no,na,na,na,regular,none,na,na,2,mixed,na,na,upper,bold,much_larger,sans,regular,no,none,no,no,normal,45,tall,medium,more panels not reviewed (nine lettered quantitative panels A-I; first eight reviewed); small two-bar frequency plot beside a UMAP with a boxed inset in the same panel,PRIVATE_REFERENCE_ONLY/corpus/PMC7616771/figures/Fig3.jpg,science_2
PMC7616771,Science Translational Medicine,Science,6,C,bar,LB,out,none,white,bars_caps,yes,filled,small,na,regular,none,na,na,4,saturated,na,na,upper,bold,much_larger,sans,regular,no,stars,yes,no,normal,45,tall,high,bar+dot plots with per-group marker shapes; long group names rotated 45 under the axis,PRIVATE_REFERENCE_ONLY/corpus/PMC7616771/figures/Fig6.jpg,science_2
PMC7616771,Science Translational Medicine,Science,6,E,bar,LB,out,none,white,bars_caps,yes,filled,small,na,regular,none,na,na,4,saturated,na,na,upper,bold,much_larger,sans,regular,no,stars,yes,no,normal,45,tall,high,bar+dot plots with per-group marker shapes; long group names rotated 45 under the axis,PRIVATE_REFERENCE_ONLY/corpus/PMC7616771/figures/Fig6.jpg,science_2
PMC7616771,Science Translational Medicine,Science,6,F,bar,LB,out,none,white,bars_caps,yes,filled,small,na,regular,none,na,na,4,saturated,na,na,upper,bold,much_larger,sans,regular,no,stars,yes,no,normal,45,tall,high,bar+dot plots with per-group marker shapes; long group names rotated 45 under the axis,PRIVATE_REFERENCE_ONLY/corpus/PMC7616771/figures/Fig6.jpg,science_2
PMC7617732,Science Translational Medicine,Science,1,E,grouped_bar,LB,out,none,white,none,no,na,na,na,regular,inside,no,3,3,mixed,na,na,upper,bold,much_larger,sans,regular,no,none,no,no,normal,0,wide,high,grey/cyan/red grouped frequency bars; small unframed legend inside top left,PRIVATE_REFERENCE_ONLY/corpus/PMC7617732/figures/Fig1.jpg,science_2
PMC7617732,Science Translational Medicine,Science,1,F,grouped_bar,LB,out,none,white,none,no,na,na,na,regular,inside,no,3,3,mixed,na,na,upper,bold,much_larger,sans,regular,no,none,no,no,normal,0,wide,high,grey/cyan/red grouped frequency bars; small unframed legend inside top left,PRIVATE_REFERENCE_ONLY/corpus/PMC7617732/figures/Fig1.jpg,science_2
PMC7617732,Science Translational Medicine,Science,1,G,grouped_bar,LB,out,none,white,none,no,na,na,na,regular,inside,no,3,3,mixed,na,na,upper,bold,much_larger,sans,regular,no,none,no,no,normal,0,wide,high,grey/cyan/red grouped frequency bars; small unframed legend inside top left,PRIVATE_REFERENCE_ONLY/corpus/PMC7617732/figures/Fig1.jpg,science_2
PMC7617732,Science Translational Medicine,Science,1,H,bar,LB,out,none,white,none,no,na,na,na,regular,none,na,na,5,mixed,na,na,upper,bold,much_larger,sans,regular,no,none,no,no,normal,0,square,high,"one open (white, outlined) bar plus four coloured bars",PRIVATE_REFERENCE_ONLY/corpus/PMC7617732/figures/Fig1.jpg,science_2
PMC7617732,Science Translational Medicine,Science,1,I,other_quant,none,none,none,white,none,na,na,na,hairline,UNKNOWN,none,na,na,5,pastel,na,na,upper,bold,much_larger,sans,regular,no,none,na,yes,sparse,na,square,medium,"five-set Venn/Euler diagram; set names and counts in matching colours, intersection percentages in italic inside; axis_line_weight UNKNOWN because no axes drawn",PRIVATE_REFERENCE_ONLY/corpus/PMC7617732/figures/Fig1.jpg,science_2
PMC7617732,Science Translational Medicine,Science,2,B,scatter,LB,out,none,white,none,na,mixed,small,na,regular,outside_right,no,7,7,mixed,na,na,upper,bold,much_larger,sans,bold,no,none,na,no,normal,0,wide,high,"categorical x axis of antibody IDs, log y axis; per-toxin marker shape and colour, some markers open; dotted 'DNB' ceiling line; one x tick label set in bold",PRIVATE_REFERENCE_ONLY/corpus/PMC7617732/figures/Fig2.jpg,science_2
PMC7617732,Science Translational Medicine,Science,2,C,line,LB,out,none,white,bars_caps,na,filled,small,na,regular,outside_right,no,20,20,mixed,na,na,upper,bold,much_larger,sans,bold,yes,none,na,no,normal,0,wide,medium,about twenty dotted/solid series with SD caps in a two-column legend at the right; dash-dot reference lines at 0 and 100%; toxin name printed as title,PRIVATE_REFERENCE_ONLY/corpus/PMC7617732/figures/Fig2.jpg,science_2
PMC7617732,Science Translational Medicine,Science,2,E,scatter,box,out,major,white,none,na,mixed,small,na,regular,outside_right,no,7,7,mixed,na,na,upper,bold,much_larger,sans,bold,no,none,na,no,normal,0,wide,medium,"kon/koff plot with boxed axes, black dotted grid lines and red dash-dot iso-affinity diagonals labelled in red; two marker shapes distinguish the two antibodies",PRIVATE_REFERENCE_ONLY/corpus/PMC7617732/figures/Fig2.jpg,science_2
PMC7617732,Science Translational Medicine,Science,2,F,line,LB,out,none,white,bars_caps,na,filled,small,na,regular,outside_right,no,7,7,mixed,na,na,upper,bold,much_larger,sans,bold,no,none,na,no,normal,0,wide,high,log-x dose-response curves with SD caps; dotted reference lines at 0 and 100%,PRIVATE_REFERENCE_ONLY/corpus/PMC7617732/figures/Fig2.jpg,science_2
PMC7617732,Science Translational Medicine,Science,2,G,line,LB,out,none,white,bars_caps,na,filled,small,na,regular,inside,no,2,2,mixed,na,na,upper,bold,much_larger,sans,bold,yes,none,na,no,normal,0,wide,high,solid vs dotted series for the two antibodies; two-column legend inside top left; toxin name printed as title,PRIVATE_REFERENCE_ONLY/corpus/PMC7617732/figures/Fig2.jpg,science_2
PMC7617732,Science Translational Medicine,Science,2,H,line,LB,out,none,white,bars_caps,na,filled,small,na,regular,inside,no,2,2,mixed,na,na,upper,bold,much_larger,sans,bold,yes,none,na,no,normal,0,wide,high,solid vs dotted series for the two antibodies; two-column legend inside top left; toxin name printed as title,PRIVATE_REFERENCE_ONLY/corpus/PMC7617732/figures/Fig2.jpg,science_2
PMC7617732,Science Translational Medicine,Science,4,A,survival,LB,out,none,white,none,na,na,na,regular,regular,outside_right,no,4,4,mixed,na,na,upper,bold,much_larger,sans,bold,yes,stars,no,no,normal,0,wide,high,"Kaplan-Meier step curves, dotted grey control; legend at right with significance stars or NS appended to each entry; italic species name as title",PRIVATE_REFERENCE_ONLY/corpus/PMC7617732/figures/Fig4.jpg,science_2
PMC7617732,Science Translational Medicine,Science,4,B,survival,LB,out,none,white,none,na,na,na,regular,regular,outside_right,no,4,4,mixed,na,na,upper,bold,much_larger,sans,bold,yes,stars,no,no,normal,0,wide,high,"Kaplan-Meier step curves, dotted grey control; legend at right with significance stars or NS appended to each entry; italic species name as title",PRIVATE_REFERENCE_ONLY/corpus/PMC7617732/figures/Fig4.jpg,science_2
PMC7617732,Science Translational Medicine,Science,4,C,survival,LB,out,none,white,none,na,na,na,regular,regular,outside_right,no,4,4,mixed,na,na,upper,bold,much_larger,sans,bold,yes,stars,no,no,normal,0,wide,high,"Kaplan-Meier step curves, dotted grey control; legend at right with significance stars or NS appended to each entry; italic species name as title",PRIVATE_REFERENCE_ONLY/corpus/PMC7617732/figures/Fig4.jpg,science_2
PMC7617732,Science Translational Medicine,Science,4,D,survival,LB,out,none,white,none,na,na,na,regular,regular,outside_right,no,4,4,mixed,na,na,upper,bold,much_larger,sans,bold,yes,stars,no,no,normal,0,wide,high,"Kaplan-Meier step curves, dotted grey control; legend at right with significance stars or NS appended to each entry; italic species name as title",PRIVATE_REFERENCE_ONLY/corpus/PMC7617732/figures/Fig4.jpg,science_2
PMC7617732,Science Translational Medicine,Science,4,E,survival,LB,out,none,white,none,na,na,na,regular,regular,outside_right,no,4,4,mixed,na,na,upper,bold,much_larger,sans,bold,yes,stars,no,no,normal,0,wide,high,"Kaplan-Meier step curves, dotted grey control; legend at right with significance stars or NS appended to each entry; italic species name as title",PRIVATE_REFERENCE_ONLY/corpus/PMC7617732/figures/Fig4.jpg,science_2
PMC7617732,Science Translational Medicine,Science,4,F,survival,LB,out,none,white,none,na,na,na,regular,regular,outside_right,no,4,4,mixed,na,na,upper,bold,much_larger,sans,bold,yes,stars,no,no,normal,0,wide,high,"Kaplan-Meier step curves, dotted grey control; legend at right with significance stars or NS appended to each entry; italic species name as title",PRIVATE_REFERENCE_ONLY/corpus/PMC7617732/figures/Fig4.jpg,science_2
PMC7617978,Science Translational Medicine,Science,1,na,non-quantitative,,,,,,,,,,,,,,,,,,,,,,,,,,,,,,,entirely chemical reaction schemes and structure drawings; no quantitative panel,PRIVATE_REFERENCE_ONLY/corpus/PMC7617978/figures/Fig1.jpg,science_2
PMC7617978,Science Translational Medicine,Science,3,A,scatter,box,out,none,white,none,na,filled,small,na,regular,none,na,na,3,mixed,na,na,upper,bold,much_larger,sans,regular,no,none,na,no,normal,0,square,high,R base-graphics style boxed axes; black point cloud with one red and several blue highlighted points; pale blue shaded hit quadrants and thin grey zero cross-hairs; the red point labelled 'KRS' in red text,PRIVATE_REFERENCE_ONLY/corpus/PMC7617978/figures/Fig3.jpg,science_2
PMC7617978,Science Translational Medicine,Science,3,B,scatter,box,out,none,white,none,na,filled,small,na,regular,none,na,na,3,mixed,na,na,upper,bold,much_larger,sans,regular,no,none,na,no,normal,0,square,high,R base-graphics style boxed axes; black point cloud with one red and several blue highlighted points; pale blue shaded hit quadrants and thin grey zero cross-hairs; the red point labelled 'KRS' in red text,PRIVATE_REFERENCE_ONLY/corpus/PMC7617978/figures/Fig3.jpg,science_2
PMC7617978,Science Translational Medicine,Science,4,na,non-quantitative,,,,,,,,,,,,,,,,,,,,,,,,,,,,,,,molecular structure/active-site renderings only; no quantitative panel,PRIVATE_REFERENCE_ONLY/corpus/PMC7617978/figures/Fig4.jpg,science_2
PMC7617989,Science Translational Medicine,Science,6,E,bar,LB,out,none,white,bars_caps,yes,filled,small,na,regular,none,na,na,2,greys,na,na,upper,bold,much_larger,sans,regular,no,stars,yes,no,normal,0,tall,high,grey and white (outlined) bars with black dots and SEM caps,PRIVATE_REFERENCE_ONLY/corpus/PMC7617989/figures/Fig6.jpg,science_2
PMC7617989,Science Translational Medicine,Science,6,H,bar,LB,out,none,white,bars_caps,yes,filled,small,na,regular,none,na,na,3,mixed,na,na,upper,bold,much_larger,sans,regular,no,stars,yes,no,normal,0,tall,high,grey / white / red bars with black dots; multi-line horizontal x labels,PRIVATE_REFERENCE_ONLY/corpus/PMC7617989/figures/Fig6.jpg,science_2
PMC7617989,Science Translational Medicine,Science,6,K,bar,LB,out,none,white,bars_caps,yes,filled,small,na,regular,none,na,na,3,mixed,na,na,upper,bold,much_larger,sans,regular,no,stars,yes,no,normal,0,tall,high,as panel H plus a dotted horizontal detection-threshold line,PRIVATE_REFERENCE_ONLY/corpus/PMC7617989/figures/Fig6.jpg,science_2
PMC7617989,Science Translational Medicine,Science,7,C,bar,LB,out,none,white,bars_caps,yes,filled,small,na,regular,none,na,na,2,mixed,na,na,upper,bold,much_larger,sans,regular,no,stars,yes,no,normal,45,tall,high,three grey bars and one red bar with black dots and SEM caps,PRIVATE_REFERENCE_ONLY/corpus/PMC7617989/figures/Fig7.jpg,science_2
PMC7617989,Science Translational Medicine,Science,7,E,bar,LB,out,none,white,bars_caps,yes,filled,small,na,regular,none,na,na,2,mixed,na,na,upper,bold,much_larger,sans,regular,no,stars,yes,no,normal,0,tall,high,grey vs red bar with black dots,PRIVATE_REFERENCE_ONLY/corpus/PMC7617989/figures/Fig7.jpg,science_2
PMC7617989,Science Translational Medicine,Science,7,I,bar,LB,out,none,white,bars_caps,yes,filled,small,na,regular,none,na,na,2,greys,na,na,upper,bold,much_larger,sans,regular,no,stars,yes,no,normal,na,tall,high,x categories given as a +/- condition table under the axis instead of tick labels; y axis starts at 1.5,PRIVATE_REFERENCE_ONLY/corpus/PMC7617989/figures/Fig7.jpg,science_2
PMC7618036,Science Translational Medicine,Science,1,C,bar,LB,out,none,white,bars_caps,yes,filled,small,na,regular,none,na,na,9,mixed,na,na,upper,bold,much_larger,sans,regular,yes,none,no,no,normal,45,wide,high,"one colour per cell type, black dots overlaid; marker name printed as title; panel B of the same figure also holds a small flow cytometry plot with quadrant percentages",PRIVATE_REFERENCE_ONLY/corpus/PMC7618036/figures/Fig1.jpg,science_2
PMC7618036,Science Translational Medicine,Science,1,D,other_quant,LB,out,none,white,none,na,filled,small,na,regular,none,na,na,4,mixed,na,na,upper,bold,much_larger,sans,regular,yes,none,na,no,sparse,0,wide,medium,flow cytometry contour plot with coloured gates next to a stack of overlaid coloured histograms; gate names in matching colours act as the key,PRIVATE_REFERENCE_ONLY/corpus/PMC7618036/figures/Fig1.jpg,science_2
PMC7618036,Science Translational Medicine,Science,1,E,histogram_density,B,out,none,white,none,na,na,na,regular,regular,inside,no,4,4,mixed,na,na,upper,bold,much_larger,sans,regular,yes,none,na,no,sparse,0,square,medium,"offset (ridgeline) flow histograms, filled with translucent colour, each row labelled FMO/Test; vertical dotted gate line",PRIVATE_REFERENCE_ONLY/corpus/PMC7618036/figures/Fig1.jpg,science_2
PMC7618036,Science Translational Medicine,Science,1,F,bar,LB,out,none,white,bars_caps,yes,filled,small,na,regular,none,na,na,4,mixed,na,na,upper,bold,much_larger,sans,regular,no,none,no,no,normal,45,square,high,x tick labels coloured to match the bars,PRIVATE_REFERENCE_ONLY/corpus/PMC7618036/figures/Fig1.jpg,science_2
PMC7618036,Science Translational Medicine,Science,1,G,bar,LB,out,none,white,bars_caps,yes,filled,small,na,regular,none,na,na,2,mixed,na,na,upper,bold,much_larger,sans,regular,no,none,no,no,normal,0,square,high,a micrograph is placed beside the plot inside the same panel,PRIVATE_REFERENCE_ONLY/corpus/PMC7618036/figures/Fig1.jpg,science_2
PMC7618036,Science Translational Medicine,Science,1,I,grouped_bar,LB,out,none,white,bars_caps,yes,filled,small,na,regular,inside,no,2,2,mixed,na,na,upper,bold,much_larger,sans,regular,no,stars,yes,no,normal,0,wide,high,blue/purple grouped bars with dots; italic genotype legend inside top left,PRIVATE_REFERENCE_ONLY/corpus/PMC7618036/figures/Fig1.jpg,science_2
PMC7618036,Science Translational Medicine,Science,1,K,line,LB,out,none,white,bars_caps,na,filled,small,regular,regular,inside,no,4,4,mixed,na,na,upper,bold,much_larger,sans,regular,yes,stars,no,no,normal,0,square,high,tumour growth curves with SEM caps; italic legend inside top left; italic model name as title,PRIVATE_REFERENCE_ONLY/corpus/PMC7618036/figures/Fig1.jpg,science_2
PMC7618036,Science Translational Medicine,Science,1,M,scatter_regression,LB,out,none,white,band,na,filled,small,regular,regular,none,na,na,1,monochrome_black,na,na,upper,bold,much_larger,sans,regular,no,p_values,na,no,normal,0,square,high,black filled points with a solid fit line and dashed confidence limits; r and p printed inside top right; log-scaled axes,PRIVATE_REFERENCE_ONLY/corpus/PMC7618036/figures/Fig1.jpg,science_2
PMC7618036,Science Translational Medicine,Science,2,B,line,LB,out,none,white,bars_caps,na,filled,small,regular,regular,inside,no,2,2,mixed,na,na,upper,bold,much_larger,sans,regular,yes,none,na,no,normal,0,square,high,"log-x dose-response curves, red and blue, with SD caps; species printed as title",PRIVATE_REFERENCE_ONLY/corpus/PMC7618036/figures/Fig2.jpg,science_2
PMC7618036,Science Translational Medicine,Science,2,C,line,LB,out,none,white,bars_caps,na,filled,small,regular,regular,inside,no,2,2,mixed,na,na,upper,bold,much_larger,sans,regular,yes,none,na,no,normal,0,square,high,"log-x dose-response curves, red and blue, with SD caps; species printed as title",PRIVATE_REFERENCE_ONLY/corpus/PMC7618036/figures/Fig2.jpg,science_2
PMC7618036,Science Translational Medicine,Science,2,E,line,LB,out,none,white,bars_caps,na,filled,small,regular,regular,inside,no,2,2,mixed,na,na,upper,bold,much_larger,sans,regular,yes,stars,no,no,dense,0,wide,high,pharmacokinetic time course on a compressed time axis with many tick labels; red asterisks over individual timepoints,PRIVATE_REFERENCE_ONLY/corpus/PMC7618036/figures/Fig2.jpg,science_2
PMC7618036,Science Translational Medicine,Science,2,F,line,LB,out,none,white,bars_caps,na,filled,small,regular,regular,inside,no,2,2,mixed,na,na,upper,bold,much_larger,sans,regular,yes,stars,no,no,dense,0,wide,high,pharmacokinetic time course on a compressed time axis with many tick labels; red asterisks over individual timepoints,PRIVATE_REFERENCE_ONLY/corpus/PMC7618036/figures/Fig2.jpg,science_2
PMC7618036,Science Translational Medicine,Science,2,H,grouped_bar,LB,out,none,white,bars_caps,yes,filled,small,na,regular,inside,no,2,2,mixed,na,na,upper,bold,much_larger,sans,regular,no,stars,yes,no,normal,0,wide,high,grey/cyan T0 vs T24 bars with dots; legend inside top left,PRIVATE_REFERENCE_ONLY/corpus/PMC7618036/figures/Fig2.jpg,science_2
PMC7618036,Science Translational Medicine,Science,2,I,heatmap,none,none,none,white,none,na,na,na,na,UNKNOWN,inside,no,na,0,sequential,other,inside,upper,bold,much_larger,sans,regular,yes,none,na,no,sparse,0,tall,medium,"two white-to-blue heatmaps side by side under one letter, organ names at left and treatment names below; unlabelled Low/High vertical colourbar inside at the left; axis_line_weight UNKNOWN because no axis lines drawn",PRIVATE_REFERENCE_ONLY/corpus/PMC7618036/figures/Fig2.jpg,science_2
PMC7618036,Science Translational Medicine,Science,3,A,line,LB,out,none,white,none,na,filled,small,regular,regular,none,na,na,1,mixed,na,na,upper,bold,much_larger,sans,regular,yes,stars,no,no,normal,0,square,high,"individual-animal spaghetti growth curves, one colour per treatment sub-plot; red dashed enrolment-size line and black dotted treatment-start line; treatment name as sub-plot title; asterisks placed at the right edge",PRIVATE_REFERENCE_ONLY/corpus/PMC7618036/figures/Fig3.jpg,science_2
PMC7618036,Science Translational Medicine,Science,3,B,line,LB,out,none,white,none,na,filled,small,regular,regular,none,na,na,1,mixed,na,na,upper,bold,much_larger,sans,regular,yes,stars,no,no,normal,0,square,high,"individual-animal spaghetti growth curves, one colour per treatment sub-plot; red dashed enrolment-size line and black dotted treatment-start line; treatment name as sub-plot title; asterisks placed at the right edge",PRIVATE_REFERENCE_ONLY/corpus/PMC7618036/figures/Fig3.jpg,science_2
PMC7618491,Science,Science,1,C,line,LB,out,none,white,none,na,na,na,regular,regular,none,na,na,1,monochrome_black,na,na,upper,bold,much_larger,sans,regular,no,none,na,no,normal,0,wide,high,"size-exclusion chromatogram, single black trace; peaks annotated with coloured text labels and matching arrows instead of a legend",PRIVATE_REFERENCE_ONLY/corpus/PMC7618491/figures/Fig1.jpg,science_2
PMC7618491,Science,Science,2,na,non-quantitative,,,,,,,,,,,,,,,,,,,,,,,,,,,,,,,"cryo-EM 2D class averages, density maps and atomic models only; percentages printed under the maps but no plotted axes",PRIVATE_REFERENCE_ONLY/corpus/PMC7618491/figures/Fig2.jpg,science_2
PMC7618491,Science,Science,4,C,grouped_bar,LB,out,none,white,bars_caps,yes,filled,small,na,regular,inside,no,2,2,mixed,na,na,upper,bold,much_larger,sans,regular,yes,p_values,yes,no,normal,0,square,high,"open bars with coloured outlines (orange, magenta) and black dots; legend is two coloured text lines inside top left with no swatches; exact P values printed in the matching colour, some over brackets; experiment name printed as title and again under the x axis",PRIVATE_REFERENCE_ONLY/corpus/PMC7618491/figures/Fig4.jpg,science_2
PMC7618491,Science,Science,4,E,grouped_bar,LB,out,none,white,bars_caps,yes,filled,small,na,regular,inside,no,2,2,mixed,na,na,upper,bold,much_larger,sans,regular,yes,p_values,yes,no,normal,0,square,high,"open bars with coloured outlines (orange, magenta) and black dots; legend is two coloured text lines inside top left with no swatches; exact P values printed in the matching colour, some over brackets; experiment name printed as title and again under the x axis",PRIVATE_REFERENCE_ONLY/corpus/PMC7618491/figures/Fig4.jpg,science_2
PMC7618491,Science,Science,4,G,grouped_bar,LB,out,none,white,bars_caps,yes,filled,small,na,regular,inside,no,2,2,mixed,na,na,upper,bold,much_larger,sans,regular,yes,p_values,yes,no,normal,0,square,high,"open bars with coloured outlines (orange, magenta) and black dots; legend is two coloured text lines inside top left with no swatches; exact P values printed in the matching colour, some over brackets; experiment name printed as title and again under the x axis",PRIVATE_REFERENCE_ONLY/corpus/PMC7618491/figures/Fig4.jpg,science_2
PMC7618742,Science Translational Medicine,Science,1,na,non-quantitative,,,,,,,,,,,,,,,,,,,,,,,,,,,,,,,"CONSORT participant flow diagram (boxes and arrows); skipped on the caption, not viewed",PRIVATE_REFERENCE_ONLY/corpus/PMC7618742/figures/Fig1.jpg,science_2
PMC7618742,Science Translational Medicine,Science,2,A,survival,LB,out,none,white,band,na,na,na,regular,regular,none,na,na,3,mixed,na,na,upper,bold,much_larger,sans,regular,no,none,na,yes,normal,0,wide,medium,cumulative-incidence Kaplan-Meier steps with pale shaded confidence bands and censor ticks; arms labelled directly by coloured letters at the curve ends instead of a legend; a colour-coded 'Number at risk' table sits under the axis; panels B and C of this figure are tables,PRIVATE_REFERENCE_ONLY/corpus/PMC7618742/figures/Fig2.jpg,science_2
PMC7618742,Science Translational Medicine,Science,3,na,non-quantitative,,,,,,,,,,,,,,,,,,,,,,,,,,,,,,,PET/CT image panels only,PRIVATE_REFERENCE_ONLY/corpus/PMC7618742/figures/Fig3.jpg,science_2
PMC7618742,Science Translational Medicine,Science,4,na,non-quantitative,,,,,,,,,,,,,,,,,,,,,,,,,,,,,,,"PET/CT images, segmentation renderings and two tables; no plotted axes",PRIVATE_REFERENCE_ONLY/corpus/PMC7618742/figures/Fig4.jpg,science_2
PMC7618833,Science,Science,2,A,line,LB,out,none,white,none,na,na,na,regular,regular,none,na,na,2,mixed,na,na,upper,bold,much_larger,sans,regular,yes,none,na,yes,normal,0,wide,high,"more panels not reviewed (nine lettered quantitative panels A-I; first eight reviewed); black vs orange traces with shaded AUC areas, an annotated double-headed arrow, a dotted t=0 line and coloured temperature bars above the axes; n printed in the trace colour",PRIVATE_REFERENCE_ONLY/corpus/PMC7618833/figures/Fig2.jpg,science_2
PMC7618833,Science,Science,2,B,dot_strip,LB,out,none,white,bars_caps,yes,filled,medium,na,regular,none,na,na,2,mixed,na,na,upper,bold,much_larger,sans,regular,yes,stars,no,no,normal,0,tall,high,more panels not reviewed (nine lettered quantitative panels A-I; first eight reviewed); black vs orange points with a mean+-SEM cross bar; 'ns' also used; measure name printed as title,PRIVATE_REFERENCE_ONLY/corpus/PMC7618833/figures/Fig2.jpg,science_2
PMC7618833,Science,Science,2,C,dot_strip,LB,out,none,white,bars_caps,yes,filled,medium,na,regular,none,na,na,2,mixed,na,na,upper,bold,much_larger,sans,regular,yes,stars,no,no,normal,0,tall,high,more panels not reviewed (nine lettered quantitative panels A-I; first eight reviewed); black vs orange points with a mean+-SEM cross bar; 'ns' also used; measure name printed as title,PRIVATE_REFERENCE_ONLY/corpus/PMC7618833/figures/Fig2.jpg,science_2
PMC7618833,Science,Science,2,D,line,LB,out,none,white,band,na,na,na,regular,regular,inside,no,3,3,mixed,na,na,upper,bold,much_larger,sans,regular,yes,stars,yes,yes,normal,0,wide,high,more panels not reviewed (nine lettered quantitative panels A-I; first eight reviewed); construct schematic plus two time-course sub-plots and a grouped dot plot inside one panel; coloured n labels inside; dotted baseline,PRIVATE_REFERENCE_ONLY/corpus/PMC7618833/figures/Fig2.jpg,science_2
PMC7618833,Science,Science,2,E,line,LB,out,none,white,none,na,na,na,regular,regular,none,na,na,2,mixed,na,na,upper,bold,much_larger,sans,regular,no,none,na,yes,normal,0,wide,high,more panels not reviewed (nine lettered quantitative panels A-I; first eight reviewed); bioluminescence traces with pale blue shaded temperature bands; delta-phase annotated inside; a western blot sits in the left half of the same panel,PRIVATE_REFERENCE_ONLY/corpus/PMC7618833/figures/Fig2.jpg,science_2
PMC7618833,Science,Science,2,F,line,LB,out,none,white,band,na,na,na,regular,regular,inside,no,2,2,mixed,na,na,upper,bold,much_larger,sans,regular,yes,p_values,no,yes,normal,0,wide,high,more panels not reviewed (nine lettered quantitative panels A-I; first eight reviewed); two time-course sub-plots plus a dot plot; interaction P value printed inside; coloured Up/Down dot key,PRIVATE_REFERENCE_ONLY/corpus/PMC7618833/figures/Fig2.jpg,science_2
PMC7618833,Science,Science,2,G,dot_strip,LB,out,none,white,bars_caps,yes,filled,small,na,regular,inside,no,2,2,mixed,na,na,upper,bold,much_larger,sans,regular,yes,both,no,no,normal,0,square,high,more panels not reviewed (nine lettered quantitative panels A-I; first eight reviewed); puromycin blot at left and dot plot at right in one panel; stars over groups plus an interaction P value printed inside,PRIVATE_REFERENCE_ONLY/corpus/PMC7618833/figures/Fig2.jpg,science_2
PMC7618833,Science,Science,2,H,dot_strip,LB,out,none,white,bars_caps,yes,filled,small,na,regular,none,na,na,2,mixed,na,na,upper,bold,much_larger,sans,regular,yes,stars,no,no,normal,0,wide,high,more panels not reviewed (nine lettered quantitative panels A-I; first eight reviewed); two sub-plots; dotted reference line at 1.0; 'ns' also used,PRIVATE_REFERENCE_ONLY/corpus/PMC7618833/figures/Fig2.jpg,science_2
PMC7618833,Science,Science,3,A,scatter,LB,out,none,white,none,na,filled,small,na,regular,inside,no,3,3,mixed,na,na,upper,bold,much_larger,sans,regular,yes,p_values,na,yes,normal,0,square,high,two sub-plots; grey background cloud with blue and red highlighted subsets and a black centroid; dashed zero cross-hairs; coloured text key inside; MANOVA P value printed inside,PRIVATE_REFERENCE_ONLY/corpus/PMC7618833/figures/Fig3.jpg,science_2
PMC7618833,Science,Science,3,B,histogram_density,LB,out,none,white,none,na,na,na,regular,regular,inside,yes,2,2,mixed,na,na,upper,bold,much_larger,sans,regular,yes,p_values,na,no,normal,0,wide,high,two translucent filled density curves; legend with filled swatches and median values inside top left; dashed zero line; directional text labels above the axis,PRIVATE_REFERENCE_ONLY/corpus/PMC7618833/figures/Fig3.jpg,science_2
PMC7618833,Science,Science,3,D,dot_strip,LB,out,none,white,none,yes,filled,small,hairline,regular,inside,no,2,2,mixed,na,na,upper,bold,much_larger,sans,regular,yes,stars,no,no,normal,0,wide,high,eight paired slope sub-plots under one letter; red/blue points joined by thin lines; phosphosite name as sub-plot title; 'ns' also used,PRIVATE_REFERENCE_ONLY/corpus/PMC7618833/figures/Fig3.jpg,science_2
PMC7618833,Science,Science,3,E,dot_strip,LB,out,none,white,bars_caps,yes,filled,small,na,regular,inside,no,2,2,mixed,na,na,upper,bold,much_larger,sans,regular,yes,stars,no,no,normal,0,wide,high,eight groups along one axis with mean+-SEM bars; significance labels printed below the x axis; 'ns' also used,PRIVATE_REFERENCE_ONLY/corpus/PMC7618833/figures/Fig3.jpg,science_2
PMC7618833,Science,Science,3,F,line,LB,out,none,white,band,na,na,na,regular,regular,none,na,na,2,mixed,na,na,upper,bold,much_larger,sans,regular,yes,p_values,na,yes,normal,0,wide,high,"two stacked bioluminescence traces with grey or blue shaded cycle bands, plus a circular (polar) circadian-phase plot at the right of the same panel; Watson-Williams P value printed inside",PRIVATE_REFERENCE_ONLY/corpus/PMC7618833/figures/Fig3.jpg,science_2
PMC7618833,Science,Science,3,G,line,LB,out,none,white,band,na,na,na,regular,regular,none,na,na,2,mixed,na,na,upper,bold,much_larger,sans,regular,yes,p_values,na,yes,normal,0,wide,high,"two stacked bioluminescence traces with grey or blue shaded cycle bands, plus a circular (polar) circadian-phase plot at the right of the same panel; Watson-Williams P value printed inside",PRIVATE_REFERENCE_ONLY/corpus/PMC7618833/figures/Fig3.jpg,science_2
PMC7618833,Science,Science,3,H,volcano,LB,out,none,white,none,na,filled,small,na,regular,none,na,na,2,mixed,na,na,upper,bold,much_larger,sans,regular,no,none,na,no,normal,0,wide,medium,circular phylogenetic tree with a two-colour ring legend at the left and a volcano plot at the right of the same panel; selected genes labelled inside,PRIVATE_REFERENCE_ONLY/corpus/PMC7618833/figures/Fig3.jpg,science_2
PMC7618833,Science,Science,3,I,violin,LB,out,none,white,box_whisker,no,na,na,na,regular,none,na,na,2,mixed,na,na,upper,bold,much_larger,sans,regular,yes,stars,yes,no,normal,0,square,high,"violin with an internal box-and-whisker, plus a half-density 'raincloud' curve at the right edge",PRIVATE_REFERENCE_ONLY/corpus/PMC7618833/figures/Fig3.jpg,science_2
PMC7618833,Science,Science,5,A,line,LB,out,none,white,band,na,na,na,regular,regular,none,na,na,2,mixed,na,na,upper,bold,much_larger,sans,regular,yes,stars,no,yes,normal,0,wide,high,"bioluminescence traces with shaded SEM and pale blue temperature bands, a circular circadian-phase plot and (A, C) a dot plot of phase change in the same panel; N printed in the trace colour; 'ns' also used in C",PRIVATE_REFERENCE_ONLY/corpus/PMC7618833/figures/Fig5.jpg,science_2
PMC7618833,Science,Science,5,B,line,LB,out,none,white,band,na,na,na,regular,regular,none,na,na,2,mixed,na,na,upper,bold,much_larger,sans,regular,yes,stars,no,yes,normal,0,wide,high,"bioluminescence traces with shaded SEM and pale blue temperature bands, a circular circadian-phase plot and (A, C) a dot plot of phase change in the same panel; N printed in the trace colour; 'ns' also used in C",PRIVATE_REFERENCE_ONLY/corpus/PMC7618833/figures/Fig5.jpg,science_2
PMC7618833,Science,Science,5,C,line,LB,out,none,white,band,na,na,na,regular,regular,none,na,na,2,mixed,na,na,upper,bold,much_larger,sans,regular,yes,stars,no,yes,normal,0,wide,high,"bioluminescence traces with shaded SEM and pale blue temperature bands, a circular circadian-phase plot and (A, C) a dot plot of phase change in the same panel; N printed in the trace colour; 'ns' also used in C",PRIVATE_REFERENCE_ONLY/corpus/PMC7618833/figures/Fig5.jpg,science_2
PMC7618833,Science,Science,5,D,line,LB,out,none,white,band,na,na,na,regular,regular,inside,no,2,2,mixed,na,na,upper,bold,much_larger,sans,regular,yes,stars,no,yes,normal,0,wide,high,"activity profile with shaded SEM and grey dark-phase blocks, mouse icons as a schematic above, and paired dot plots below inside the same panel; 'ns' also used",PRIVATE_REFERENCE_ONLY/corpus/PMC7618833/figures/Fig5.jpg,science_2
PMC7618833,Science,Science,5,E,dot_strip,LB,out,none,white,bars_caps,yes,filled,small,na,regular,none,na,na,2,mixed,na,na,upper,bold,much_larger,sans,regular,no,stars,no,no,normal,0,square,high,dotted 100%-of-control reference line; 'ns' also used,PRIVATE_REFERENCE_ONLY/corpus/PMC7618833/figures/Fig5.jpg,science_2
PMC7618833,Science,Science,5,F,other_quant,box,out,none,white,none,na,na,na,na,regular,none,na,na,0,greys,na,na,upper,bold,much_larger,sans,regular,yes,none,na,no,normal,0,tall,medium,double-plotted actogram raster (grey shading = dark phase); diet name printed as title,PRIVATE_REFERENCE_ONLY/corpus/PMC7618833/figures/Fig5.jpg,science_2
PMC7618833,Science,Science,5,G,line,LB,out,none,white,band,na,na,na,regular,regular,inside,no,2,2,mixed,na,na,upper,bold,much_larger,sans,regular,yes,stars,no,yes,normal,0,wide,high,activity profile plus two small paired dot plots at the right of the same panel,PRIVATE_REFERENCE_ONLY/corpus/PMC7618833/figures/Fig5.jpg,science_2
PMC7618901,Science,Science,3,A,scatter,box,out,major,white,none,na,filled,small,na,regular,outside_top,yes,12,12,saturated,na,na,upper,bold,much_larger,sans,regular,no,none,na,no,normal,0,square,high,"three sub-plots under one letter, each with its own framed multi-column legend above; grey major gridlines, red dashed y=x line; gene names labelled in italic next to the points",PRIVATE_REFERENCE_ONLY/corpus/PMC7618901/figures/Fig3.jpg,science_2
PMC7618901,Science,Science,3,B,other_quant,LB,out,none,white,none,na,filled,small,hairline,regular,outside_right,no,12,12,saturated,na,na,upper,bold,much_larger,sans,regular,yes,none,na,yes,normal,0,wide,medium,"mirrored lollipop mutation plots (human above, cat below a shared protein-domain bar); coloured domain rectangles; per-sub-plot legends at the right with open and filled key symbols; gene name printed top right as title; selected variants labelled in blue with n",PRIVATE_REFERENCE_ONLY/corpus/PMC7618901/figures/Fig3.jpg,science_2
PMC7618901,Science,Science,4,A,pie_donut,none,none,none,white,none,na,na,na,na,UNKNOWN,below,no,2,2,mixed,na,na,upper,bold,much_larger,sans,regular,no,none,na,yes,sparse,na,square,high,two-slice pie with n and percentage printed inside the slices; legend with square swatches below; cat silhouettes with counts linked by thin blue lines; axis_line_weight UNKNOWN because no axes drawn,PRIVATE_REFERENCE_ONLY/corpus/PMC7618901/figures/Fig4.jpg,science_2
PMC7618901,Science,Science,4,B,pie_donut,none,none,none,white,none,na,na,na,na,UNKNOWN,below,no,2,2,mixed,na,na,upper,bold,much_larger,sans,regular,no,none,na,yes,sparse,na,square,high,pie plus a single vertical stacked bar at the right with percentages in the segments and italic gene names; legend below; axis_line_weight UNKNOWN because no axes drawn,PRIVATE_REFERENCE_ONLY/corpus/PMC7618901/figures/Fig4.jpg,science_2
PMC7618901,Science,Science,4,C,pie_donut,none,none,none,white,none,na,na,na,na,UNKNOWN,below,no,2,2,mixed,na,na,upper,bold,much_larger,sans,regular,no,none,na,yes,sparse,na,square,high,pie plus four coloured circles with counts and text labels; legend below; axis_line_weight UNKNOWN because no axes drawn,PRIVATE_REFERENCE_ONLY/corpus/PMC7618901/figures/Fig4.jpg,science_2
PMC7618901,Science,Science,4,D,line,LB,out,none,white,bars_caps,na,filled,small,regular,regular,inside,no,4,2,mixed,na,na,upper,bold,much_larger,sans,regular,no,none,na,no,normal,0,wide,high,log-x dose-response curves; colour encodes drug and solid vs dashed encodes genotype; two-block legend inside right with italic gene names,PRIVATE_REFERENCE_ONLY/corpus/PMC7618901/figures/Fig4.jpg,science_2
PMC7619046,Science,Science,2,A,pca_umap,LB,out,none,white,none,na,filled,small,na,regular,inside,no,na,0,sequential,other,inside,upper,bold,much_larger,sans,regular,yes,none,na,no,sparse,0,square,medium,"more panels not reviewed (18 lettered quantitative panels A-R; first eight reviewed); panel letters are printed with a closing parenthesis, e.g. 'A)'; two UMAPs under one letter coloured by a continuous white-to-magenta metagene score with a small vertical colourbar inside; cell types labelled on the points; axes have labels but no tick labels",PRIVATE_REFERENCE_ONLY/corpus/PMC7619046/figures/Fig2.jpg,science_2
PMC7619046,Science,Science,2,B,bar,LB,out,none,white,bars_caps,yes,filled,small,na,regular,none,na,na,2,mixed,na,na,upper,bold,much_larger,sans,regular,no,p_values,yes,no,normal,45,tall,high,"more panels not reviewed (18 lettered quantitative panels A-R; first eight reviewed); bar+dot plot, a different marker shape per genotype; exact P value printed over a bracket; genotype labels with superscripts rotated 45",PRIVATE_REFERENCE_ONLY/corpus/PMC7619046/figures/Fig2.jpg,science_2
PMC7619046,Science,Science,2,D,bar,LB,out,none,white,bars_caps,yes,filled,small,na,regular,none,na,na,2,mixed,na,na,upper,bold,much_larger,sans,regular,no,p_values,yes,no,normal,45,tall,high,"more panels not reviewed (18 lettered quantitative panels A-R; first eight reviewed); bar+dot plot, a different marker shape per genotype; exact P value printed over a bracket; genotype labels with superscripts rotated 45",PRIVATE_REFERENCE_ONLY/corpus/PMC7619046/figures/Fig2.jpg,science_2
PMC7619046,Science,Science,2,F,bar,LB,out,none,white,bars_caps,yes,filled,small,na,regular,none,na,na,2,mixed,na,na,upper,bold,much_larger,sans,regular,no,p_values,yes,no,normal,45,tall,high,"more panels not reviewed (18 lettered quantitative panels A-R; first eight reviewed); bar+dot plot, a different marker shape per genotype; exact P value printed over a bracket; genotype labels with superscripts rotated 45",PRIVATE_REFERENCE_ONLY/corpus/PMC7619046/figures/Fig2.jpg,science_2
PMC7619046,Science,Science,2,G,bar,LB,out,none,white,bars_caps,yes,filled,small,na,regular,none,na,na,2,mixed,na,na,upper,bold,much_larger,sans,regular,no,p_values,yes,no,normal,45,tall,high,"more panels not reviewed (18 lettered quantitative panels A-R; first eight reviewed); bar+dot plot, a different marker shape per genotype; exact P value printed over a bracket; genotype labels with superscripts rotated 45",PRIVATE_REFERENCE_ONLY/corpus/PMC7619046/figures/Fig2.jpg,science_2
PMC7619046,Science,Science,2,H,bar,LB,out,none,white,bars_caps,yes,filled,small,na,regular,none,na,na,2,mixed,na,na,upper,bold,much_larger,sans,regular,no,p_values,yes,no,normal,45,tall,high,"more panels not reviewed (18 lettered quantitative panels A-R; first eight reviewed); bar+dot plot, a different marker shape per genotype; exact P value printed over a bracket; genotype labels with superscripts rotated 45",PRIVATE_REFERENCE_ONLY/corpus/PMC7619046/figures/Fig2.jpg,science_2
PMC7619046,Science,Science,2,C,line,LB,out,none,white,none,na,filled,small,regular,regular,outside_top,no,2,2,mixed,na,na,upper,bold,much_larger,sans,regular,no,p_values,no,no,normal,0,square,high,more panels not reviewed (18 lettered quantitative panels A-R; first eight reviewed); cumulative percentage curves with filled markers; legend above the panel with sex symbols and superscript genotypes; exact P value printed inside,PRIVATE_REFERENCE_ONLY/corpus/PMC7619046/figures/Fig2.jpg,science_2
PMC7619046,Science,Science,2,E,pie_donut,none,none,none,white,none,na,na,na,na,UNKNOWN,outside_right,no,2,2,mixed,na,na,upper,bold,much_larger,sans,regular,no,none,na,yes,sparse,na,tall,medium,"more panels not reviewed (18 lettered quantitative panels A-R; first eight reviewed); two pies stacked with percentage inside and n below; row labels at the left, colour key at the right; axis_line_weight UNKNOWN because no axes drawn",PRIVATE_REFERENCE_ONLY/corpus/PMC7619046/figures/Fig2.jpg,science_2
PMC7619046,Science,Science,3,A,stacked_bar,LB,out,none,white,none,no,na,na,na,regular,inside,no,2,2,mixed,na,na,upper,bold,much_larger,sans,regular,yes,none,no,no,normal,0,wide,high,"panel letters are printed with a closing parenthesis, e.g. 'A)'; horizontal UP/DOWN stacked bars, cell types listed at the left; two-entry legend inside top right; multi-line title above the panel",PRIVATE_REFERENCE_ONLY/corpus/PMC7619046/figures/Fig3.jpg,science_2
PMC7619046,Science,Science,3,B,pca_umap,LB,out,none,white,none,na,filled,small,na,regular,inside,no,4,4,saturated,na,na,upper,bold,much_larger,sans,regular,yes,none,na,no,normal,0,square,high,UMAP coloured by four clusters; tiny numbered legend inside top right; title above the panel,PRIVATE_REFERENCE_ONLY/corpus/PMC7619046/figures/Fig3.jpg,science_2
PMC7619046,Science,Science,3,C,dot_bubble,none,none,none,white,none,na,filled,medium,na,UNKNOWN,outside_right,no,4,0,diverging,blue_red,right,upper,bold,much_larger,sans,regular,yes,none,na,no,sparse,0,tall,high,bubble grid with no axis lines; NES colourbar plus an open-circle size key and a filled-circle significance key stacked at the right; column headers act as titles; axis_line_weight UNKNOWN because no axis lines drawn,PRIVATE_REFERENCE_ONLY/corpus/PMC7619046/figures/Fig3.jpg,science_2
PMC7619046,Science,Science,3,D,pie_donut,none,none,none,white,none,na,na,na,na,UNKNOWN,outside_right,no,4,4,saturated,na,na,upper,bold,much_larger,sans,regular,yes,none,na,no,sparse,na,wide,medium,two pies with percentage labels; shared cluster colour key at the right; axis_line_weight UNKNOWN because no axes drawn,PRIVATE_REFERENCE_ONLY/corpus/PMC7619046/figures/Fig3.jpg,science_2
PMC7619046,Science,Science,3,E,stacked_bar,LB,out,none,white,none,no,na,na,na,regular,none,na,na,2,mixed,na,na,upper,bold,much_larger,sans,regular,yes,none,no,no,normal,0,wide,high,horizontal stacked bars by cluster; shares the UP/DOWN colours of panel A without repeating the legend,PRIVATE_REFERENCE_ONLY/corpus/PMC7619046/figures/Fig3.jpg,science_2
PMC7619046,Science,Science,3,F,volcano,LB,out,none,white,none,na,filled,small,na,regular,none,na,na,2,mixed,na,na,upper,bold,much_larger,sans,regular,yes,none,na,no,normal,0,square,high,red dashed fold-change cut-off lines and a red horizontal P-adj line labelled inside; gene names in small text; grey/teal points,PRIVATE_REFERENCE_ONLY/corpus/PMC7619046/figures/Fig3.jpg,science_2
PMC7619046,Science,Science,3,G,bar,LB,out,none,white,bars_caps,yes,filled,small,na,regular,inside,no,2,2,mixed,na,na,upper,bold,much_larger,sans,regular,no,p_values,yes,no,normal,0,tall,high,"grouped bar+dot plot with a broken y axis, placed to the right of confocal images inside the same panel; legend inside top with sex symbols",PRIVATE_REFERENCE_ONLY/corpus/PMC7619046/figures/Fig3.jpg,science_2
PMC7619046,Science,Science,3,H,other_quant,LB,out,none,white,none,na,na,na,regular,regular,none,na,na,1,mixed,na,na,upper,bold,much_larger,sans,regular,yes,none,na,no,normal,0,square,medium,GSEA enrichment-score curve above a black tick rug and a red-to-blue ranking bar; NES and q value printed inside; group names under the ends of the bar,PRIVATE_REFERENCE_ONLY/corpus/PMC7619046/figures/Fig3.jpg,science_2
PMC7619046,Science,Science,4,A,bar,LB,out,none,white,bars_caps,yes,filled,small,na,regular,none,na,na,2,mixed,na,na,upper,bold,much_larger,sans,regular,no,p_values,yes,no,normal,45,tall,high,"panel letters are printed with a closing parenthesis, e.g. 'A)'; small bar+dot plots placed to the right of confocal/IMARIS images inside the same panel; open circles vs triangles distinguish genotypes",PRIVATE_REFERENCE_ONLY/corpus/PMC7619046/figures/Fig4.jpg,science_2
PMC7619046,Science,Science,4,B,bar,LB,out,none,white,bars_caps,yes,filled,small,na,regular,none,na,na,2,mixed,na,na,upper,bold,much_larger,sans,regular,no,p_values,yes,no,normal,45,tall,high,"panel letters are printed with a closing parenthesis, e.g. 'A)'; small bar+dot plots placed to the right of confocal/IMARIS images inside the same panel; open circles vs triangles distinguish genotypes",PRIVATE_REFERENCE_ONLY/corpus/PMC7619046/figures/Fig4.jpg,science_2
PMC7619046,Science,Science,4,F,bar,LB,out,none,white,bars_caps,yes,filled,small,na,regular,none,na,na,2,mixed,na,na,upper,bold,much_larger,sans,regular,no,p_values,yes,no,normal,45,tall,high,"panel letters are printed with a closing parenthesis, e.g. 'A)'; small bar+dot plots placed to the right of confocal/IMARIS images inside the same panel; open circles vs triangles distinguish genotypes",PRIVATE_REFERENCE_ONLY/corpus/PMC7619046/figures/Fig4.jpg,science_2
PMC7619046,Science,Science,4,C,line,LB,out,none,white,bars_caps,na,filled,small,regular,regular,inside,no,2,2,mixed,na,na,upper,bold,much_larger,sans,regular,yes,p_values,yes,no,normal,0,wide,high,"time-course with solid vs dashed lines and SEM caps, plus a companion area-under-the-curve bar+dot plot in the same panel; test name printed as title",PRIVATE_REFERENCE_ONLY/corpus/PMC7619046/figures/Fig4.jpg,science_2
PMC7619046,Science,Science,4,D,line,LB,out,none,white,bars_caps,na,filled,small,regular,regular,inside,no,2,2,mixed,na,na,upper,bold,much_larger,sans,regular,yes,p_values,yes,no,normal,0,wide,high,"time-course with solid vs dashed lines and SEM caps, plus a companion area-under-the-curve bar+dot plot in the same panel; test name printed as title",PRIVATE_REFERENCE_ONLY/corpus/PMC7619046/figures/Fig4.jpg,science_2
PMC7619046,Science,Science,4,E,grouped_bar,LB,out,none,white,bars_caps,yes,filled,small,na,regular,inside,no,2,2,mixed,na,na,upper,bold,much_larger,sans,regular,no,p_values,yes,no,normal,0,wide,high,italic gene names as x categories; legend inside top right with sex symbols and superscript genotypes,PRIVATE_REFERENCE_ONLY/corpus/PMC7619046/figures/Fig4.jpg,science_2
PMC7619062,Science,Science,1,na,non-quantitative,,,,,,,,,,,,,,,,,,,,,,,,,,,,,,,"cartoon schematic, silver-stained gel, autoradiograph, domain diagrams and cryo-EM maps/models only",PRIVATE_REFERENCE_ONLY/corpus/PMC7619062/figures/Fig1.jpg,science_2
PMC7619062,Science,Science,3,na,non-quantitative,,,,,,,,,,,,,,,,,,,,,,,,,,,,,,,"structural models, topology diagram and surface close-ups only",PRIVATE_REFERENCE_ONLY/corpus/PMC7619062/figures/Fig3.jpg,science_2
PMC7619062,Science,Science,4,B,bar,LB,out,none,white,bars_caps,yes,filled,small,na,regular,none,na,na,1,greys,na,na,upper,bold,much_larger,sans,regular,yes,stars,yes,no,normal,45,tall,high,"single grey fill with black outline, black dots and SD caps; two-line measurement description printed as title; superscript mutant names rotated 45",PRIVATE_REFERENCE_ONLY/corpus/PMC7619062/figures/Fig4.jpg,science_2
PMC7619062,Science,Science,4,D,bar,LB,out,none,white,bars_caps,yes,filled,small,na,regular,none,na,na,1,greys,na,na,upper,bold,much_larger,sans,regular,yes,stars,yes,no,normal,45,tall,high,"single grey fill with black outline, black dots and SD caps; two-line measurement description printed as title; superscript mutant names rotated 45",PRIVATE_REFERENCE_ONLY/corpus/PMC7619062/figures/Fig4.jpg,science_2
PMC7619062,Science,Science,4,F,bar,LB,out,none,white,bars_caps,yes,filled,small,na,regular,none,na,na,3,greys,na,na,upper,bold,much_larger,sans,regular,yes,stars,no,no,normal,45,tall,high,bars hang downward from a zero line at the top of the panel with the x category labels above them; greyscale fills; asterisks placed below each bar,PRIVATE_REFERENCE_ONLY/corpus/PMC7619062/figures/Fig4.jpg,science_2
PMC7619443,Science,Science,1,C,box,LB,out,none,white,box_whisker,yes,filled,medium,na,regular,none,na,na,2,mixed,na,na,upper,bold,much_larger,sans,regular,no,stars,no,no,normal,0,tall,high,"box-and-whisker with all points overlaid in the matching colour; a single star row above the boxes, no bracket",PRIVATE_REFERENCE_ONLY/corpus/PMC7619443/figures/Fig1.webp,science_2
PMC7619443,Science,Science,1,E,box,LB,out,none,white,box_whisker,yes,filled,medium,na,regular,none,na,na,2,mixed,na,na,upper,bold,much_larger,sans,regular,no,stars,no,no,normal,0,tall,high,"box-and-whisker with all points overlaid in the matching colour; a single star row above the boxes, no bracket",PRIVATE_REFERENCE_ONLY/corpus/PMC7619443/figures/Fig1.webp,science_2
PMC7619443,Science,Science,1,H,line,LB,out,none,white,band,na,filled,small,regular,regular,outside_top,no,2,2,mixed,na,na,upper,bold,much_larger,sans,regular,no,stars,no,no,normal,0,square,high,"mean curve of filled markers with dashed confidence limits instead of a shaded band; legend above the panel as coloured text, no swatch box",PRIVATE_REFERENCE_ONLY/corpus/PMC7619443/figures/Fig1.webp,science_2
PMC7619443,Science,Science,1,J,line,LB,out,none,white,bars_caps,na,filled,small,regular,regular,inside,no,2,2,mixed,na,na,upper,bold,much_larger,sans,regular,no,stars,no,no,normal,0,square,high,legend inside top with half-life values listed beside the entries,PRIVATE_REFERENCE_ONLY/corpus/PMC7619443/figures/Fig1.webp,science_2
PMC7619443,Science,Science,1,L,line,LB,out,none,white,band,na,filled,small,regular,regular,outside_top,no,2,2,mixed,na,na,upper,bold,much_larger,sans,regular,no,stars,no,no,normal,0,square,high,"two stacked time-course sub-plots under one letter, each with its own coloured-text legend above; dashed replicate limits",PRIVATE_REFERENCE_ONLY/corpus/PMC7619443/figures/Fig1.webp,science_2
PMC7619443,Science,Science,1,N,box,LB,out,none,white,box_whisker,yes,filled,medium,na,regular,none,na,na,2,mixed,na,na,upper,bold,much_larger,sans,regular,no,stars,no,no,normal,0,tall,high,"two stacked box plots under one letter, the lower one on a log y axis; 'ns' also used",PRIVATE_REFERENCE_ONLY/corpus/PMC7619443/figures/Fig1.webp,science_2
PMC7619443,Science,Science,2,B,violin,LB,out,none,white,none,yes,filled,small,na,regular,none,na,na,4,mixed,na,na,upper,bold,much_larger,sans,regular,no,stars,yes,no,normal,45,tall,high,"violins filled with all points in the matching colour, black outline; stacked comparison brackets above",PRIVATE_REFERENCE_ONLY/corpus/PMC7619443/figures/Fig2.webp,science_2
PMC7619443,Science,Science,2,E,line,LB,out,none,white,band,na,filled,small,regular,regular,outside_top,no,3,3,mixed,na,na,upper,bold,much_larger,sans,regular,no,stars,yes,no,normal,0,wide,high,three mean curves with dashed replicate limits and a black dashed fit; legend above with coloured dots; a vertical bracket with a star at the right marks the comparison,PRIVATE_REFERENCE_ONLY/corpus/PMC7619443/figures/Fig2.webp,science_2
PMC7619443,Science,Science,2,F,bar,LB,out,none,white,bars_caps,yes,filled,small,na,regular,none,na,na,5,mixed,na,na,upper,bold,much_larger,sans,regular,no,stars,yes,no,normal,45,tall,high,pastel bars with black outlines and black dots; second-level x grouping label '+RI-1' under a line,PRIVATE_REFERENCE_ONLY/corpus/PMC7619443/figures/Fig2.webp,science_2
PMC7619443,Science,Science,3,A,box,LB,out,none,white,box_whisker,yes,filled,medium,na,regular,none,na,na,2,mixed,na,na,upper,bold,much_larger,sans,regular,yes,stars,yes,no,normal,0,tall,high,more panels not reviewed (nine lettered quantitative panels A-I; first eight reviewed); blue vs magenta boxes with points; treatment x tick label printed in red; italic model name as title,PRIVATE_REFERENCE_ONLY/corpus/PMC7619443/figures/Fig3.webp,science_2
PMC7619443,Science,Science,3,B,line_band,LB,out,none,white,band,na,filled,small,regular,regular,inside,no,2,2,mixed,na,na,upper,bold,much_larger,sans,regular,yes,stars,no,no,normal,0,square,high,more panels not reviewed (nine lettered quantitative panels A-I; first eight reviewed); mean curve with a filled translucent band bounded by dashed lines; legend inside top left with small box-plot style swatches; star placed next to the legend,PRIVATE_REFERENCE_ONLY/corpus/PMC7619443/figures/Fig3.webp,science_2
PMC7619443,Science,Science,3,C,line,LB,out,none,white,box_whisker,yes,filled,small,regular,regular,outside_top,no,2,2,mixed,na,na,upper,bold,much_larger,sans,regular,no,stars,no,no,normal,0,wide,high,more panels not reviewed (nine lettered quantitative panels A-I; first eight reviewed); box plots drawn at each timepoint and joined by a line; two sub-plots under one letter; legend above the panel with box swatches,PRIVATE_REFERENCE_ONLY/corpus/PMC7619443/figures/Fig3.webp,science_2
PMC7619443,Science,Science,3,D,box,LB,out,none,white,box_whisker,yes,filled,medium,na,regular,none,na,na,4,mixed,na,na,upper,bold,much_larger,sans,regular,yes,stars,yes,no,normal,45,tall,high,"more panels not reviewed (nine lettered quantitative panels A-I; first eight reviewed); three or four box+point sub-plots under one letter, each with its own measurement title; treatment labels printed in red; one exact P value (0.0541) used alongside stars",PRIVATE_REFERENCE_ONLY/corpus/PMC7619443/figures/Fig3.webp,science_2
PMC7619443,Science,Science,3,E,box,LB,out,none,white,box_whisker,yes,filled,medium,na,regular,none,na,na,4,mixed,na,na,upper,bold,much_larger,sans,regular,yes,stars,yes,no,normal,45,tall,high,"more panels not reviewed (nine lettered quantitative panels A-I; first eight reviewed); three or four box+point sub-plots under one letter, each with its own measurement title; treatment labels printed in red; one exact P value (0.0541) used alongside stars",PRIVATE_REFERENCE_ONLY/corpus/PMC7619443/figures/Fig3.webp,science_2
PMC7619443,Science,Science,3,G,box,LB,out,none,white,box_whisker,yes,filled,medium,na,regular,none,na,na,4,mixed,na,na,upper,bold,much_larger,sans,regular,yes,stars,yes,no,normal,45,tall,high,"more panels not reviewed (nine lettered quantitative panels A-I; first eight reviewed); three or four box+point sub-plots under one letter, each with its own measurement title; treatment labels printed in red; one exact P value (0.0541) used alongside stars",PRIVATE_REFERENCE_ONLY/corpus/PMC7619443/figures/Fig3.webp,science_2
PMC7619443,Science,Science,3,H,box,LB,out,none,white,box_whisker,yes,filled,medium,na,regular,none,na,na,4,mixed,na,na,upper,bold,much_larger,sans,regular,yes,stars,yes,no,normal,45,tall,high,"more panels not reviewed (nine lettered quantitative panels A-I; first eight reviewed); three or four box+point sub-plots under one letter, each with its own measurement title; treatment labels printed in red; one exact P value (0.0541) used alongside stars",PRIVATE_REFERENCE_ONLY/corpus/PMC7619443/figures/Fig3.webp,science_2
PMC7619443,Science,Science,3,F,scatter,box,out,none,white,none,na,filled,small,na,regular,none,na,na,0,mixed,na,na,upper,bold,much_larger,sans,regular,no,none,na,no,normal,0,tall,medium,more panels not reviewed (nine lettered quantitative panels A-I; first eight reviewed); flow cytometry density scatter with polygonal gates and percentages; density colouring runs blue-green-yellow-red; boxed axes with biexponential scales; red arrow and red annotation text,PRIVATE_REFERENCE_ONLY/corpus/PMC7619443/figures/Fig3.webp,science_2
PMC9765455,Science Translational Medicine,Science,1,D,bar,LB,out,none,white,bars_caps,yes,filled,small,na,regular,none,na,na,1,greys,na,na,upper,bold,much_larger,sans,regular,no,stars,no,no,normal,90,tall,high,"grey bars with black outline, black dots and SD caps; stars printed above individual bars with no bracket; concentration tick labels vertical with a second-level compound label under a line",PRIVATE_REFERENCE_ONLY/corpus/PMC9765455/figures/Fig1.jpg,science_2
PMC9765455,Science Translational Medicine,Science,1,E,bar,LB,out,none,white,bars_caps,yes,filled,small,na,regular,none,na,na,1,greys,na,na,upper,bold,much_larger,sans,regular,no,stars,no,no,normal,90,tall,high,"grey bars with black outline, black dots and SD caps; stars printed above individual bars with no bracket; concentration tick labels vertical with a second-level compound label under a line",PRIVATE_REFERENCE_ONLY/corpus/PMC9765455/figures/Fig1.jpg,science_2
PMC9765455,Science Translational Medicine,Science,1,H,bar,LB,out,none,white,bars_caps,yes,filled,small,na,regular,none,na,na,1,greys,na,na,upper,bold,much_larger,sans,regular,no,stars,no,no,normal,90,tall,high,"grey bars with black outline, black dots and SD caps; stars printed above individual bars with no bracket; concentration tick labels vertical with a second-level compound label under a line",PRIVATE_REFERENCE_ONLY/corpus/PMC9765455/figures/Fig1.jpg,science_2
PMC9765455,Science Translational Medicine,Science,1,G,grouped_bar,LB,out,none,white,bars_caps,yes,filled,small,na,regular,inside,no,3,3,mixed,na,na,upper,bold,much_larger,sans,regular,no,stars,no,no,normal,0,wide,high,open bars with coloured outlines grouped by concentration; log y axis; coloured asterisks at the axis mark undetectable groups; legend inside top left,PRIVATE_REFERENCE_ONLY/corpus/PMC9765455/figures/Fig1.jpg,science_2
PMC9765455,Science Translational Medicine,Science,1,I,bar,LB,out,none,white,bars_caps,yes,filled,small,na,regular,inside,yes,2,1,greys,na,na,upper,bold,much_larger,sans,regular,yes,stars,no,no,normal,0,wide,high,horizontal grey bars in three sub-plots with compound names as titles; a framed solid/dashed line key plus a treatment-timing schematic occupy the left of the same panel; stars printed to the left of the bars,PRIVATE_REFERENCE_ONLY/corpus/PMC9765455/figures/Fig1.jpg,science_2
PMC9765459,Science Translational Medicine,Science,2,A,dot_strip,LB,out,none,white,none,yes,mixed,medium,na,regular,none,na,na,2,mixed,na,na,upper,bold,much_larger,sans,regular,yes,stars,yes,no,normal,0,wide,high,"two sub-plots under one letter; one marker shape per animal, filled and open mixed, with a black horizontal group mean; two-level x axis labels (timepoint over variant)",PRIVATE_REFERENCE_ONLY/corpus/PMC9765459/figures/Fig2.jpg,science_2
PMC9765459,Science Translational Medicine,Science,2,B,dot_strip,LB,out,none,white,none,yes,mixed,medium,na,regular,none,na,na,2,mixed,na,na,upper,bold,much_larger,sans,regular,yes,none,no,no,normal,0,tall,high,three sub-plots under one letter; dotted assay-limit line; x axis labelled only 'Groups'; broken/compressed y axis,PRIVATE_REFERENCE_ONLY/corpus/PMC9765459/figures/Fig2.jpg,science_2
PMC9765459,Science Translational Medicine,Science,2,C,dot_strip,LB,out,none,white,none,yes,mixed,medium,na,regular,outside_right,no,2,2,mixed,na,na,upper,bold,much_larger,sans,regular,yes,none,no,no,normal,0,tall,high,two sub-plots; unframed legend with coloured dots at the right of the second sub-plot; dotted assay-limit line,PRIVATE_REFERENCE_ONLY/corpus/PMC9765459/figures/Fig2.jpg,science_2
PMC9765459,Science Translational Medicine,Science,3,A,line,LB,out,none,white,none,na,mixed,medium,regular,regular,none,na,na,1,mixed,na,na,upper,bold,much_larger,sans,regular,yes,none,na,no,normal,0,wide,high,"per-animal spaghetti curves, one colour per sub-plot, per-animal marker shapes; black arrows under the x axis mark immunisations; group name printed as title",PRIVATE_REFERENCE_ONLY/corpus/PMC9765459/figures/Fig3.jpg,science_2
PMC9765459,Science Translational Medicine,Science,3,B,heatmap,none,none,none,white,none,na,na,na,na,UNKNOWN,outside_right,no,na,0,sequential,rainbow,right,upper,bold,much_larger,sans,regular,yes,none,na,no,normal,0,tall,high,"two heatmap blocks separated by a white gap under one letter; variant names at the left, weeks under the columns; vertical rainbow (jet-like) colourbar at the right; axis_line_weight UNKNOWN because no axis lines drawn",PRIVATE_REFERENCE_ONLY/corpus/PMC9765459/figures/Fig3.jpg,science_2
PMC9765459,Science Translational Medicine,Science,3,C,dot_strip,LB,out,none,white,none,yes,mixed,medium,na,regular,none,na,na,2,mixed,na,na,upper,bold,much_larger,sans,regular,yes,stars,yes,no,normal,0,wide,high,four groups separated by dotted vertical dividers; two-level x labels; black horizontal group means; group names as titles above,PRIVATE_REFERENCE_ONLY/corpus/PMC9765459/figures/Fig3.jpg,science_2
PMC9765459,Science Translational Medicine,Science,5,A,dot_strip,LB,out,none,white,none,yes,mixed,medium,na,regular,outside_right,no,2,2,mixed,na,na,upper,bold,much_larger,sans,regular,yes,stars,yes,no,normal,0,wide,high,two sub-plots under one letter with black horizontal means; unframed coloured-dot legend at the right of panel A only; dotted vertical dividers in panel B; long stepped comparison brackets,PRIVATE_REFERENCE_ONLY/corpus/PMC9765459/figures/Fig5.jpg,science_2
PMC9765459,Science Translational Medicine,Science,5,B,dot_strip,LB,out,none,white,none,yes,mixed,medium,na,regular,outside_right,no,2,2,mixed,na,na,upper,bold,much_larger,sans,regular,yes,stars,yes,no,normal,0,wide,high,two sub-plots under one letter with black horizontal means; unframed coloured-dot legend at the right of panel A only; dotted vertical dividers in panel B; long stepped comparison brackets,PRIVATE_REFERENCE_ONLY/corpus/PMC9765459/figures/Fig5.jpg,science_2
