paper_id,journal,journal_family,figure_number,panel,plot_family,spines,tick_direction,grid,background,error_bar_style,points_overlaid,marker_fill,marker_size_class,line_weight_class,axis_line_weight_class,legend_position,legend_frame,legend_entries,n_categorical_colours,palette_class,sequential_cmap_class,colourbar_position,panel_label_case,panel_label_weight,panel_label_size_class,font_class,axis_label_weight,title_present,significance_style,brackets,n_stated_in_panel,tick_label_density,x_tick_rotation,panel_aspect_class,confidence,notes,image_path,reviewer
PMC13461360,Nature Biotechnology,nature,2,a,histogram_density,LB,UNKNOWN,none,white,na,na,na,na,na,UNKNOWN,none,na,na,1,pastel,na,na,lower,bold,larger,sans,regular,no,none,no,no,normal,0,wide,medium,"Fig 1 of this paper is a 100 px GIF thumbnail, not reviewable. Panel a combines a schematic with one filled histogram; style read from the histogram",PRIVATE_REFERENCE_ONLY/corpus/PMC13461360/figures/Fig2.jpg,nature_2
PMC13461360,Nature Biotechnology,nature,2,b,violin,LB,UNKNOWN,none,white,box_whisker,no,na,na,na,UNKNOWN,none,na,na,2,muted,na,na,lower,bold,larger,sans,regular,no,none,no,no,normal,0,square,low,four small violin subplots share printed letter b; inner quartile markers faint at web resolution,PRIVATE_REFERENCE_ONLY/corpus/PMC13461360/figures/Fig2.jpg,nature_2
PMC13461360,Nature Biotechnology,nature,2,c,bar,LB,UNKNOWN,none,white,none,yes,open,small,na,UNKNOWN,none,na,na,2,mixed,na,na,lower,bold,larger,sans,regular,no,none,no,no,dense,45,wide,medium,grey bars with one highlighted green bar; open circle replicate points,PRIVATE_REFERENCE_ONLY/corpus/PMC13461360/figures/Fig2.jpg,nature_2
PMC13461360,Nature Biotechnology,nature,2,d,bar,LB,UNKNOWN,none,white,none,no,na,na,na,UNKNOWN,inside,no,2,2,mixed,na,na,lower,bold,larger,sans,regular,no,none,no,no,normal,0,wide,medium,horizontal bars; categorical labels on y axis,PRIVATE_REFERENCE_ONLY/corpus/PMC13461360/figures/Fig2.jpg,nature_2
PMC13461360,Nature Biotechnology,nature,2,e,bar,LB,UNKNOWN,none,white,bars,yes,filled,small,na,UNKNOWN,none,na,na,1,muted,na,na,lower,bold,larger,sans,regular,no,none,no,no,normal,45,square,medium,error bar caps not resolvable at web resolution,PRIVATE_REFERENCE_ONLY/corpus/PMC13461360/figures/Fig2.jpg,nature_2
PMC13461360,Nature Biotechnology,nature,2,f,grouped_bar,LB,UNKNOWN,none,white,bars,yes,filled,small,na,UNKNOWN,outside_right,no,2,2,muted,na,na,lower,bold,larger,sans,regular,no,none,no,no,normal,45,square,medium,legend has a heading word above its entries,PRIVATE_REFERENCE_ONLY/corpus/PMC13461360/figures/Fig2.jpg,nature_2
PMC13461360,Nature Biotechnology,nature,2,g,bar,LB,UNKNOWN,none,white,bars,yes,filled,small,na,UNKNOWN,outside_top,no,2,2,muted,na,na,lower,bold,larger,sans,regular,no,none,no,no,normal,0,square,low,overlaid points faint at web resolution,PRIVATE_REFERENCE_ONLY/corpus/PMC13461360/figures/Fig2.jpg,nature_2
PMC13461360,Nature Biotechnology,nature,2,h,bar,LB,UNKNOWN,none,white,bars,yes,filled,small,na,UNKNOWN,none,na,na,1,pastel,na,na,lower,bold,larger,sans,regular,no,none,no,no,normal,45,square,medium,,PRIVATE_REFERENCE_ONLY/corpus/PMC13461360/figures/Fig2.jpg,nature_2
PMC13461361,Nature Biotechnology,nature,4,c,line,box,UNKNOWN,none,white,bars,yes,filled,small,UNKNOWN,UNKNOWN,none,na,na,4,saturated,na,na,lower,bold,larger,sans,regular,yes,none,no,no,dense,45,wide,low,"Figs 1-3 of this paper are 100 px GIF thumbnails, not reviewable. Panels a and b are schematics. Letter c covers a 4x3 grid of small line subplots with shared column titles; one colour per row; grey shaded band highlights part of the x range; point error bars faint",PRIVATE_REFERENCE_ONLY/corpus/PMC13461361/figures/Fig4.jpg,nature_2
PMC13461361,Nature Biotechnology,nature,4,d,dot_bubble,box,UNKNOWN,none,white,na,na,mixed,medium,na,UNKNOWN,outside_right,no,2,0,diverging,blue_white_red,right,lower,bold,larger,sans,regular,yes,none,no,no,dense,45,tall,low,dot size plus diverging colour; size key and colourbar stacked at bottom right; gene labels on y axis,PRIVATE_REFERENCE_ONLY/corpus/PMC13461361/figures/Fig4.jpg,nature_2
PMC13461362,Nature Biotechnology,nature,1,,non-quantitative,,,,,,,,,,,,,,,,,,,,,,,,,,,,,,high,"whole-figure schematic per caption; Figs 2 and 3 are 100 px GIF thumbnails, not reviewable",PRIVATE_REFERENCE_ONLY/corpus/PMC13461362/figures/Fig1.jpg,nature_2
PMC13461362,Nature Biotechnology,nature,5,a,grouped_bar,LB,UNKNOWN,none,white,bars_caps,yes,open,small,na,UNKNOWN,inside,no,2,2,greys,na,na,lower,bold,larger,sans,regular,no,ns_marks,yes,no,normal,0,square,medium,"open and grey filled bars with black outlines; a few overlaid points are filled, most open",PRIVATE_REFERENCE_ONLY/corpus/PMC13461362/figures/Fig5.jpg,nature_2
PMC13461362,Nature Biotechnology,nature,5,b,grouped_bar,LB,UNKNOWN,none,white,bars_caps,yes,open,small,na,UNKNOWN,inside,no,2,2,greys,na,na,lower,bold,larger,sans,regular,no,ns_marks,yes,no,normal,0,square,medium,,PRIVATE_REFERENCE_ONLY/corpus/PMC13461362/figures/Fig5.jpg,nature_2
PMC13461362,Nature Biotechnology,nature,5,c,grouped_bar,LB,UNKNOWN,none,white,bars_caps,yes,open,small,na,UNKNOWN,inside,no,2,2,greys,na,na,lower,bold,larger,sans,regular,no,ns_marks,yes,no,normal,0,square,medium,,PRIVATE_REFERENCE_ONLY/corpus/PMC13461362/figures/Fig5.jpg,nature_2
PMC13461362,Nature Biotechnology,nature,5,d,grouped_bar,LB,UNKNOWN,none,white,bars_caps,yes,open,small,na,UNKNOWN,inside,no,2,2,greys,na,na,lower,bold,larger,sans,regular,no,ns_marks,yes,no,normal,0,square,medium,,PRIVATE_REFERENCE_ONLY/corpus/PMC13461362/figures/Fig5.jpg,nature_2
PMC13461362,Nature Biotechnology,nature,5,e,bar,LB,UNKNOWN,none,white,bars_caps,yes,open,small,na,UNKNOWN,none,na,na,1,monochrome_black,na,na,lower,bold,larger,sans,regular,no,none,no,no,normal,45,square,medium,open (white) bars with black outline,PRIVATE_REFERENCE_ONLY/corpus/PMC13461362/figures/Fig5.jpg,nature_2
PMC13461362,Nature Biotechnology,nature,5,f,bar,LB,UNKNOWN,none,white,bars_caps,yes,open,small,na,UNKNOWN,none,na,na,1,monochrome_black,na,na,lower,bold,larger,sans,regular,no,none,no,no,normal,45,square,medium,open (white) bars with black outline,PRIVATE_REFERENCE_ONLY/corpus/PMC13461362/figures/Fig5.jpg,nature_2
PMC13461362,Nature Biotechnology,nature,4,f,dot_strip,box,UNKNOWN,none,white,none,na,filled,medium,na,UNKNOWN,none,na,na,1,monochrome_black,na,na,lower,bold,larger,sans,regular,no,stars,yes,no,normal,90,square,medium,"panels a-e are schematic/micrograph; group median drawn as a plain horizontal line, no error bars; marker glyph differs per group (circle, diamond, square, star); NS labels used alongside stars",PRIVATE_REFERENCE_ONLY/corpus/PMC13461362/figures/Fig4.jpg,nature_2
PMC13461362,Nature Biotechnology,nature,4,g,grouped_bar,LB,UNKNOWN,none,white,bars_caps,yes,mixed,small,na,UNKNOWN,inside,no,2,2,greys,na,na,lower,bold,larger,sans,regular,no,none,no,no,normal,0,wide,medium,"white and grey bars with black outlines; open points over the white bars, filled over the grey",PRIVATE_REFERENCE_ONLY/corpus/PMC13461362/figures/Fig4.jpg,nature_2
PMC13518231,Nature,nature,1,a,grouped_bar,LB,UNKNOWN,none,white,bars_caps,no,na,na,na,regular,inside,no,4,3,saturated,na,na,lower,bold,larger,sans,regular,no,stars,no,no,normal,0,wide,high,dashed horizontal reference line at zero is a legend entry; group labels Cosine/Sine set inside the plot,PRIVATE_REFERENCE_ONLY/corpus/PMC13518231/figures/Fig1.webp,nature_2
PMC13518231,Nature,nature,1,b,line,box,UNKNOWN,none,white,none,no,na,na,heavy,hairline,inside,no,2,2,greys,na,na,lower,bold,larger,sans,regular,no,none,no,no,normal,0,tall,medium,twin x axes (bottom and top) so the frame reads as a box; inverted depth y axis; black curve clearly heavier than the grey one,PRIVATE_REFERENCE_ONLY/corpus/PMC13518231/figures/Fig1.webp,nature_2
PMC13518231,Nature,nature,2,a,histogram_density,LB,UNKNOWN,none,white,none,no,na,na,regular,regular,none,na,na,1,muted,na,na,lower,bold,larger,sans,regular,no,none,no,no,normal,0,wide,high,unfilled step histogram; solid red and dotted black vertical reference lines; in-panel text labels instead of a legend,PRIVATE_REFERENCE_ONLY/corpus/PMC13518231/figures/Fig2.webp,nature_2
PMC13518231,Nature,nature,2,b,histogram_density,LB,UNKNOWN,none,white,none,no,na,na,regular,regular,none,na,na,1,muted,na,na,lower,bold,larger,sans,regular,no,none,no,no,normal,0,wide,high,unfilled step histogram; solid red and dotted black vertical reference lines; in-panel text labels instead of a legend,PRIVATE_REFERENCE_ONLY/corpus/PMC13518231/figures/Fig2.webp,nature_2
PMC13518231,Nature,nature,2,c,histogram_density,LB,UNKNOWN,none,white,none,no,na,na,regular,regular,none,na,na,1,muted,na,na,lower,bold,larger,sans,regular,no,none,no,no,normal,0,wide,high,unfilled step histogram; solid red and dotted black vertical reference lines; in-panel text labels instead of a legend,PRIVATE_REFERENCE_ONLY/corpus/PMC13518231/figures/Fig2.webp,nature_2
PMC13518231,Nature,nature,2,d,other_quant,none,none,none,white,na,na,na,na,na,UNKNOWN,none,na,na,0,diverging,blue_white_red,right,lower,bold,larger,sans,regular,no,none,no,no,sparse,na,wide,low,"global map with colour overlay and no axes; two colourbars, discrete diverging blue-red on the right and a continuous rainbow topography bar on the left",PRIVATE_REFERENCE_ONLY/corpus/PMC13518231/figures/Fig2.webp,nature_2
PMC13518231,Nature,nature,3,p1,line_band,LB,UNKNOWN,none,white,band,no,na,na,regular,regular,outside_top,no,3,3,mixed,na,na,none,UNKNOWN,UNKNOWN,sans,regular,no,none,no,no,normal,0,wide,medium,single unlettered panel recorded as p1; legend above the axes in two columns; thin labelled contour lines plus two shaded bands; faint horizontal zero reference line,PRIVATE_REFERENCE_ONLY/corpus/PMC13518231/figures/Fig3.webp,nature_2
PMC13518241,Nature,nature,1,a,line,LB,UNKNOWN,none,white,none,na,na,na,regular,regular,inside,no,5,5,saturated,na,na,lower,bold,larger,sans,regular,no,none,no,no,normal,0,wide,high,grey shaded vertical span marks a period; dashed grey zero reference line; one series drawn dashed,PRIVATE_REFERENCE_ONLY/corpus/PMC13518241/figures/Fig1.webp,nature_2
PMC13518241,Nature,nature,1,b,line,LB,UNKNOWN,none,white,none,na,na,na,regular,regular,inside,no,5,5,saturated,na,na,lower,bold,larger,sans,regular,no,none,no,no,normal,0,wide,high,grey shaded vertical span marks a period; dashed grey zero reference line; one series drawn dashed,PRIVATE_REFERENCE_ONLY/corpus/PMC13518241/figures/Fig1.webp,nature_2
PMC13518241,Nature,nature,1,c,other_quant,none,none,none,white,none,na,na,na,na,regular,none,na,na,0,diverging,other,right,lower,bold,larger,sans,regular,no,none,no,no,sparse,na,square,medium,"polar map, no cartesian axes; discrete brown-white-teal diverging colourbar with arrow ends at right",PRIVATE_REFERENCE_ONLY/corpus/PMC13518241/figures/Fig1.webp,nature_2
PMC13518241,Nature,nature,1,d,other_quant,none,none,none,white,none,na,na,na,na,regular,none,na,na,0,diverging,other,right,lower,bold,larger,sans,regular,no,none,no,no,sparse,na,square,medium,"polar map, no cartesian axes; discrete brown-white-teal diverging colourbar with arrow ends at right",PRIVATE_REFERENCE_ONLY/corpus/PMC13518241/figures/Fig1.webp,nature_2
PMC13518241,Nature,nature,1,e,other_quant,none,none,none,white,none,na,na,na,na,regular,none,na,na,0,diverging,other,right,lower,bold,larger,sans,regular,no,none,no,no,sparse,na,square,medium,polar map with overlaid contour lines and wind vectors plus a vector scale key; discrete diverging colourbar at right,PRIVATE_REFERENCE_ONLY/corpus/PMC13518241/figures/Fig1.webp,nature_2
PMC13518241,Nature,nature,1,f,bar,box,UNKNOWN,none,white,none,na,open,small,na,regular,none,na,na,3,saturated,na,na,lower,bold,larger,sans,regular,no,none,no,no,normal,0,wide,high,thin red/light-blue spike bars plus a black line with open circle markers on a secondary right y axis,PRIVATE_REFERENCE_ONLY/corpus/PMC13518241/figures/Fig1.webp,nature_2
PMC13518241,Nature,nature,1,g,bar,box,UNKNOWN,none,white,none,na,na,na,na,regular,none,na,na,2,saturated,na,na,lower,bold,larger,sans,regular,no,none,no,no,normal,0,wide,high,"thin spike bars, red above zero and light blue below; grey shaded vertical span",PRIVATE_REFERENCE_ONLY/corpus/PMC13518241/figures/Fig1.webp,nature_2
PMC13518241,Nature,nature,1,h,bar,box,UNKNOWN,none,white,none,na,na,na,na,regular,none,na,na,2,saturated,na,na,lower,bold,larger,sans,regular,no,none,no,no,normal,0,wide,high,"thin spike bars, red above zero and light blue below; grey shaded vertical span",PRIVATE_REFERENCE_ONLY/corpus/PMC13518241/figures/Fig1.webp,nature_2
PMC13518241,Nature,nature,2,a,other_quant,none,none,none,white,none,na,na,na,na,regular,none,na,na,0,diverging,blue_white_red,right,lower,bold,larger,sans,regular,no,none,no,no,sparse,na,wide,medium,global map with wind vectors and a vector scale key; discrete red-white-blue colourbar at right,PRIVATE_REFERENCE_ONLY/corpus/PMC13518241/figures/Fig2.webp,nature_2
PMC13518241,Nature,nature,2,b,other_quant,none,none,none,white,none,na,na,na,na,regular,none,na,na,0,diverging,other,right,lower,bold,larger,sans,regular,no,none,no,no,sparse,na,square,medium,"polar map, no cartesian axes; discrete brown-white-teal diverging colourbar with arrow ends at right",PRIVATE_REFERENCE_ONLY/corpus/PMC13518241/figures/Fig2.webp,nature_2
PMC13518241,Nature,nature,2,c,bar,box,UNKNOWN,none,white,none,na,na,na,na,regular,none,na,na,2,saturated,na,na,lower,bold,larger,sans,regular,no,none,no,no,normal,0,wide,high,"thin spike bars, red above zero and light blue below; grey shaded vertical span",PRIVATE_REFERENCE_ONLY/corpus/PMC13518241/figures/Fig2.webp,nature_2
PMC13518241,Nature,nature,2,d,bar,box,UNKNOWN,none,white,none,na,na,na,na,regular,inside,no,2,4,saturated,na,na,lower,bold,larger,sans,regular,no,p_values,no,no,normal,0,wide,high,spike bars plus two overlaid smoothed lines; correlation and P value printed as text inside the panel,PRIVATE_REFERENCE_ONLY/corpus/PMC13518241/figures/Fig2.webp,nature_2
PMC13518241,Nature,nature,2,e,line,box,UNKNOWN,none,white,none,na,na,na,regular,regular,inside,no,2,2,saturated,na,na,lower,bold,larger,sans,regular,no,none,no,no,normal,0,wide,high,"two lines on twin y axes; legend inside top left, no frame; grey shaded vertical span; dashed zero line",PRIVATE_REFERENCE_ONLY/corpus/PMC13518241/figures/Fig2.webp,nature_2
PMC13518241,Nature,nature,3,a,other_quant,none,none,none,white,na,na,na,na,na,UNKNOWN,none,na,na,0,diverging,blue_white_red,bottom,lower,bold,larger,sans,regular,no,none,no,no,sparse,na,wide,medium,"map panel, coordinate labels only; stippling for significance; discrete horizontal colourbar below the map; vectors with a scale key",PRIVATE_REFERENCE_ONLY/corpus/PMC13518241/figures/Fig3.webp,nature_2
PMC13518241,Nature,nature,3,b,other_quant,none,none,none,white,na,na,na,na,na,UNKNOWN,none,na,na,0,diverging,blue_white_red,bottom,lower,bold,larger,sans,regular,no,none,no,no,sparse,na,wide,medium,map panel; discrete horizontal colourbar below,PRIVATE_REFERENCE_ONLY/corpus/PMC13518241/figures/Fig3.webp,nature_2
PMC13518241,Nature,nature,3,c,other_quant,none,none,none,white,na,na,na,na,na,UNKNOWN,none,na,na,0,diverging,other,bottom,lower,bold,larger,sans,regular,no,none,no,no,sparse,na,square,medium,polar map; discrete brown-white-teal colourbar below,PRIVATE_REFERENCE_ONLY/corpus/PMC13518241/figures/Fig3.webp,nature_2
PMC13518244,Nature,nature,1,g,line,LB,UNKNOWN,none,white,none,no,na,na,UNKNOWN,UNKNOWN,below,no,4,4,saturated,na,na,lower,bold,larger,sans,regular,no,none,no,no,normal,0,tall,medium,"panels a-f are structures/renderings. Stacked offset traces with an unlabelled arbitrary-units y axis; legend in two columns below the panel, line-sample keys",PRIVATE_REFERENCE_ONLY/corpus/PMC13518244/figures/Fig1.webp,nature_2
PMC13518244,Nature,nature,1,h,line,LB,UNKNOWN,none,white,none,no,na,na,UNKNOWN,UNKNOWN,none,na,na,4,saturated,na,na,lower,bold,larger,sans,regular,no,none,no,no,normal,0,tall,medium,stacked spectra with in-panel text annotations and small arrow markers; arbitrary-units y axis without tick labels,PRIVATE_REFERENCE_ONLY/corpus/PMC13518244/figures/Fig1.webp,nature_2
PMC13518244,Nature,nature,1,i,line,LB,UNKNOWN,none,white,none,no,na,na,UNKNOWN,UNKNOWN,below,no,9,9,saturated,na,na,lower,bold,larger,sans,regular,no,none,no,no,normal,0,tall,medium,nine offset traces coloured along an ordered rainbow-like sequence; legend in two columns below,PRIVATE_REFERENCE_ONLY/corpus/PMC13518244/figures/Fig1.webp,nature_2
PMC13518244,Nature,nature,1,j,line,LB,UNKNOWN,none,white,none,no,na,na,UNKNOWN,UNKNOWN,none,na,na,9,saturated,na,na,lower,bold,larger,sans,regular,no,none,no,no,normal,0,tall,medium,stacked spectra with in-panel text annotations and coloured arrow markers,PRIVATE_REFERENCE_ONLY/corpus/PMC13518244/figures/Fig1.webp,nature_2
PMC13518244,Nature,nature,2,a,heatmap,box,UNKNOWN,none,white,na,na,na,na,na,UNKNOWN,none,na,na,0,sequential,other,none,lower,bold,larger,sans,regular,no,none,no,no,normal,0,square,medium,dark purple to orange-yellow perceptually-uniform map (magma/inferno-like); no colourbar; twin y axes and a secondary top axis label; white in-panel text labels,PRIVATE_REFERENCE_ONLY/corpus/PMC13518244/figures/Fig2.webp,nature_2
PMC13518244,Nature,nature,2,b,scatter,box,UNKNOWN,none,white,none,na,filled,small,na,UNKNOWN,inside,no,4,4,mixed,na,na,lower,bold,larger,sans,regular,no,none,no,no,normal,0,square,medium,dense small filled circles; two of the four series drawn in pale tints of the same two hues; twin y axes,PRIVATE_REFERENCE_ONLY/corpus/PMC13518244/figures/Fig2.webp,nature_2
PMC13518244,Nature,nature,2,c,line,LB,UNKNOWN,none,white,none,no,na,na,UNKNOWN,UNKNOWN,none,na,na,12,saturated,na,na,lower,bold,larger,sans,regular,no,none,no,no,normal,0,tall,medium,stacked offset traces coloured along an ordered rainbow-like sequence; shares the key printed to the right of the neighbouring panel,PRIVATE_REFERENCE_ONLY/corpus/PMC13518244/figures/Fig2.webp,nature_2
PMC13518244,Nature,nature,2,d,line,LB,UNKNOWN,none,white,none,no,na,na,UNKNOWN,UNKNOWN,outside_right,no,12,12,saturated,na,na,lower,bold,larger,sans,regular,no,none,no,no,normal,0,tall,medium,stacked FFT spectra; key of 12 line samples printed outside to the right; y axis in arbitrary units without tick labels,PRIVATE_REFERENCE_ONLY/corpus/PMC13518244/figures/Fig2.webp,nature_2
PMC13518244,Nature,nature,2,e,heatmap,box,UNKNOWN,none,white,na,na,na,na,na,UNKNOWN,none,na,na,0,sequential,other,none,lower,bold,larger,sans,regular,no,none,no,no,normal,0,square,medium,dark purple to orange-yellow perceptually-uniform map (magma/inferno-like); no colourbar; twin y axes and a secondary top axis label; white in-panel text labels,PRIVATE_REFERENCE_ONLY/corpus/PMC13518244/figures/Fig2.webp,nature_2
PMC13518244,Nature,nature,2,f,scatter,box,UNKNOWN,none,white,none,na,filled,small,na,UNKNOWN,inside,no,4,4,mixed,na,na,lower,bold,larger,sans,regular,no,none,no,no,normal,0,square,medium,dense small filled circles; two of the four series drawn in pale tints of the same two hues; twin y axes,PRIVATE_REFERENCE_ONLY/corpus/PMC13518244/figures/Fig2.webp,nature_2
PMC13518244,Nature,nature,2,g,line,LB,UNKNOWN,none,white,none,no,na,na,UNKNOWN,UNKNOWN,none,na,na,12,saturated,na,na,lower,bold,larger,sans,regular,no,none,no,no,normal,0,tall,medium,stacked offset traces coloured along an ordered rainbow-like sequence; shares the key printed to the right of the neighbouring panel,PRIVATE_REFERENCE_ONLY/corpus/PMC13518244/figures/Fig2.webp,nature_2
PMC13518244,Nature,nature,2,h,line,LB,UNKNOWN,none,white,none,no,na,na,UNKNOWN,UNKNOWN,outside_right,no,12,12,saturated,na,na,lower,bold,larger,sans,regular,no,none,no,no,normal,0,tall,medium,more panels not reviewed,PRIVATE_REFERENCE_ONLY/corpus/PMC13518244/figures/Fig2.webp,nature_2
PMC13518244,Nature,nature,3,a,heatmap,box,UNKNOWN,none,white,na,na,na,na,na,UNKNOWN,none,na,na,0,sequential,other,none,lower,bold,larger,sans,regular,no,none,no,no,normal,0,square,medium,"magma/inferno-like sequential map, no colourbar; white arrows and in-panel text labels; twin y axes",PRIVATE_REFERENCE_ONLY/corpus/PMC13518244/figures/Fig3.webp,nature_2
PMC13518244,Nature,nature,3,b,scatter,box,UNKNOWN,none,white,none,na,filled,small,na,UNKNOWN,inside,no,2,2,mixed,na,na,lower,bold,larger,sans,regular,no,none,no,no,normal,0,square,medium,two series of small filled circles; legend inside top left without a frame; twin y axes; x tick labels are coordinate pairs,PRIVATE_REFERENCE_ONLY/corpus/PMC13518244/figures/Fig3.webp,nature_2
PMC13518244,Nature,nature,3,c,line,LB,UNKNOWN,none,white,none,no,na,na,UNKNOWN,UNKNOWN,below,no,12,12,saturated,na,na,lower,bold,larger,sans,regular,no,none,no,no,normal,0,tall,medium,stacked offset traces; shared key set below the panels in four columns,PRIVATE_REFERENCE_ONLY/corpus/PMC13518244/figures/Fig3.webp,nature_2
PMC13518244,Nature,nature,3,d,line,LB,UNKNOWN,none,white,none,no,na,na,UNKNOWN,UNKNOWN,none,na,na,12,saturated,na,na,lower,bold,larger,sans,regular,no,none,no,no,normal,0,tall,medium,stacked FFT spectra sharing the key below panel c; arbitrary-units y axis without tick labels,PRIVATE_REFERENCE_ONLY/corpus/PMC13518244/figures/Fig3.webp,nature_2
PMC13538068,Nature,nature,1,c,heatmap,box,UNKNOWN,none,other,na,na,na,na,na,UNKNOWN,none,na,na,0,sequential,yellow_red,none,lower,bold,larger,sans,regular,no,na,na,no,normal,0,tall,medium,"panels a,b,d,e are schematics/simulated images, not counted; Fig 2 and Fig 4 images are ~200 px GIF thumbnails, not reviewable",PRIVATE_REFERENCE_ONLY/corpus/PMC13538068/figures/Fig1.webp,nature_2
PMC13538068,Nature,nature,3,c,heatmap,box,UNKNOWN,major,other,na,na,na,na,na,UNKNOWN,na,na,na,0,sequential,yellow_red,right,lower,bold,larger,sans,regular,yes,na,na,no,normal,0,square,medium,dashed white major grid over dark heat field,PRIVATE_REFERENCE_ONLY/corpus/PMC13538068/figures/Fig3.webp,nature_2
PMC13538068,Nature,nature,3,d,heatmap,box,UNKNOWN,major,other,na,na,na,na,na,UNKNOWN,na,na,na,0,sequential,yellow_red,right,lower,bold,larger,sans,regular,yes,na,na,no,normal,0,square,medium,"letter d covers three side-by-side heatmaps, one row recorded for the letter",PRIVATE_REFERENCE_ONLY/corpus/PMC13538068/figures/Fig3.webp,nature_2
PMC13538068,Nature,nature,3,i,line,LB,UNKNOWN,none,white,none,no,na,na,UNKNOWN,UNKNOWN,inside,no,3,3,saturated,na,na,lower,bold,larger,sans,regular,no,na,na,no,normal,0,wide,medium,"log y axis; panels e-h are simulated diffraction images, not counted",PRIVATE_REFERENCE_ONLY/corpus/PMC13538068/figures/Fig3.webp,nature_2
PMC13538068,Nature,nature,3,j,line,LB,UNKNOWN,none,white,none,no,na,na,UNKNOWN,UNKNOWN,inside,no,3,3,saturated,na,na,lower,bold,larger,sans,regular,no,na,na,no,normal,0,wide,medium,log y axis,PRIVATE_REFERENCE_ONLY/corpus/PMC13538068/figures/Fig3.webp,nature_2
PMC13538145,Nature,nature,2,b,line,box,UNKNOWN,none,white,bars,na,filled,large,UNKNOWN,UNKNOWN,inside,no,na,1,muted,na,na,lower,bold,larger,sans,regular,no,na,na,no,sparse,0,tall,high,"letter b covers five vertically stacked subpanels sharing one x axis, one row recorded; vertical dashed reference lines are guides not a grid; Fig 1, Fig 4 and Fig 6 images are ~200 px GIF thumbnails, not reviewable",PRIVATE_REFERENCE_ONLY/corpus/PMC13538145/figures/Fig2.webp,nature_2
PMC13538145,Nature,nature,2,c,scatter,box,UNKNOWN,none,white,bars,na,filled,medium,UNKNOWN,UNKNOWN,none,na,na,5,mixed,na,na,lower,bold,larger,sans,regular,no,na,na,no,sparse,0,tall,medium,greyscale point series plus pale pink theory lines; small inset strip below shares the letter,PRIVATE_REFERENCE_ONLY/corpus/PMC13538145/figures/Fig2.webp,nature_2
PMC13538145,Nature,nature,3,a,dot_strip,LB,UNKNOWN,none,white,none,na,filled,large,na,UNKNOWN,none,na,na,1,saturated,na,na,lower,bold,larger,sans,regular,no,na,na,no,sparse,0,wide,medium,letter a also covers a schematic strip above the plot; only the plot described,PRIVATE_REFERENCE_ONLY/corpus/PMC13538145/figures/Fig3.webp,nature_2
PMC13538145,Nature,nature,3,b,line,box,UNKNOWN,none,white,bars,na,filled,large,UNKNOWN,UNKNOWN,inside,no,na,2,mixed,na,na,lower,bold,larger,sans,regular,no,na,na,yes,normal,0,wide,high,"letter b covers two stacked spectra plus a reference strip, one row recorded; dashed vertical guides",PRIVATE_REFERENCE_ONLY/corpus/PMC13538145/figures/Fig3.webp,nature_2
PMC13538145,Nature,nature,3,c,heatmap,box,UNKNOWN,none,white,na,na,na,na,na,UNKNOWN,none,na,na,0,sequential,other,right,lower,bold,larger,sans,regular,yes,na,na,no,sparse,0,tall,medium,white-to-blue sequential map; column headers Even/Odd act as titles,PRIVATE_REFERENCE_ONLY/corpus/PMC13538145/figures/Fig3.webp,nature_2
PMC13538145,Nature,nature,5,b,scatter,LB,UNKNOWN,none,white,bars,na,filled,large,na,UNKNOWN,inside,no,2,2,saturated,na,na,lower,bold,larger,sans,regular,no,na,na,no,sparse,0,square,medium,only two x positions plotted; markers have contrasting outline colour,PRIVATE_REFERENCE_ONLY/corpus/PMC13538145/figures/Fig5.webp,nature_2
PMC13538145,Nature,nature,5,c,line,LB,UNKNOWN,none,white,bars,na,filled,large,UNKNOWN,UNKNOWN,inside,no,na,1,muted,na,na,lower,bold,larger,sans,regular,no,na,na,no,normal,0,wide,high,"letter c covers two side-by-side spectra, one row recorded",PRIVATE_REFERENCE_ONLY/corpus/PMC13538145/figures/Fig5.webp,nature_2
PMC13538145,Nature,nature,5,d,line_band,LB,UNKNOWN,major,white,band,yes,filled,large,UNKNOWN,UNKNOWN,none,na,na,1,muted,na,na,lower,bold,larger,sans,regular,no,na,na,no,sparse,0,wide,high,grey shaded uncertainty band plus points with vertical error bars; light horizontal reference lines at labelled y values read as a major grid; three boxed inset schematics overlaid,PRIVATE_REFERENCE_ONLY/corpus/PMC13538145/figures/Fig5.webp,nature_2
PMC13541613,Nature Methods,nature,1,c,other_quant,none,none,none,white,none,na,na,na,UNKNOWN,UNKNOWN,outside_right,no,4,4,mixed,na,na,lower,bold,larger,sans,regular,yes,na,na,no,sparse,na,wide,medium,"genome-browser style signal tracks, no numeric axes drawn; track names coloured at right act as the key; panels a and b are a schematic and a read-alignment display, not counted; Fig 5 and Fig 6 images are ~200 px GIF thumbnails, not reviewable",PRIVATE_REFERENCE_ONLY/corpus/PMC13541613/figures/Fig1.webp,nature_2
PMC13541613,Nature Methods,nature,2,a,scatter,box,UNKNOWN,none,white,none,na,filled,small,na,UNKNOWN,outside_top,no,8,8,sequential,rainbow,none,lower,bold,larger,sans,regular,no,none,no,no,normal,0,square,high,"letter a covers four hexbin density scatterplots in a row, one row recorded; binned count key runs along the top",PRIVATE_REFERENCE_ONLY/corpus/PMC13541613/figures/Fig2.webp,nature_2
PMC13541613,Nature Methods,nature,2,b,histogram_density,box,UNKNOWN,none,white,none,no,na,na,UNKNOWN,UNKNOWN,inside,no,2,2,greys,na,none,lower,bold,larger,sans,regular,no,none,no,no,normal,0,square,high,"letter b covers four density curves in a row plus sequence logos above, one row recorded; black/grey curves with dashed vertical guides and a red centre line",PRIVATE_REFERENCE_ONLY/corpus/PMC13541613/figures/Fig2.webp,nature_2
PMC13541613,Nature Methods,nature,3,a,other_quant,none,none,none,white,none,no,na,na,na,UNKNOWN,inside,no,3,4,saturated,na,na,lower,bold,larger,sans,regular,yes,none,no,yes,sparse,na,wide,high,"area-proportional Venn diagrams with printed counts, directly labelled; letter a covers two diagrams, one row recorded",PRIVATE_REFERENCE_ONLY/corpus/PMC13541613/figures/Fig3.webp,nature_2
PMC13541613,Nature Methods,nature,3,b,stacked_bar,LB,UNKNOWN,none,white,none,no,na,na,na,UNKNOWN,inside,no,4,4,mixed,na,na,lower,bold,larger,sans,regular,no,none,no,no,dense,90,wide,high,legend split under two headings; a horizontal stacked-bar inset with printed counts sits inside the same panel,PRIVATE_REFERENCE_ONLY/corpus/PMC13541613/figures/Fig3.webp,nature_2
PMC13541614,Nature Methods,nature,1,,non-quantitative,,,,,,,,,,,,,,,,,,,,,,,,,,,,,,high,"entirely schematic: example text tables and workflow diagrams, no data panel",PRIVATE_REFERENCE_ONLY/corpus/PMC13541614/figures/Fig1.webp,nature_2
PMC13541614,Nature Methods,nature,2,b,bar,LB,UNKNOWN,none,white,none,no,na,na,na,UNKNOWN,below,no,3,3,mixed,na,na,lower,bold,larger,sans,regular,yes,none,no,no,normal,45,tall,high,"letter b covers three bar panels sharing one key below them, one row recorded; y axes start above zero",PRIVATE_REFERENCE_ONLY/corpus/PMC13541614/figures/Fig2.webp,nature_2
PMC13541614,Nature Methods,nature,2,c,bar,LB,UNKNOWN,none,white,none,no,na,na,na,UNKNOWN,none,no,na,4,mixed,na,na,lower,bold,larger,sans,regular,yes,none,no,no,normal,45,tall,high,"letter c covers two bar panels, one row recorded; colours explained by the figure-level key at the bottom",PRIVATE_REFERENCE_ONLY/corpus/PMC13541614/figures/Fig2.webp,nature_2
PMC13541614,Nature Methods,nature,2,d,dot_strip,box,UNKNOWN,none,white,none,na,filled,small,na,UNKNOWN,below,no,5,5,mixed,na,na,lower,bold,larger,sans,regular,yes,none,no,no,dense,45,wide,high,"rank-ordered single points, no connecting line",PRIVATE_REFERENCE_ONLY/corpus/PMC13541614/figures/Fig2.webp,nature_2
PMC13541614,Nature Methods,nature,2,e,bar,LB,UNKNOWN,none,white,none,no,na,na,na,UNKNOWN,below,no,5,4,mixed,na,na,lower,bold,larger,sans,regular,yes,none,no,no,normal,45,tall,high,"letter e covers two bar panels, one row recorded; shares the figure-level key at the bottom",PRIVATE_REFERENCE_ONLY/corpus/PMC13541614/figures/Fig2.webp,nature_2
PMC13541614,Nature Methods,nature,3,b,bar,box,UNKNOWN,none,white,none,no,na,na,na,UNKNOWN,below,no,4,4,mixed,na,na,lower,bold,larger,sans,regular,yes,none,no,no,normal,45,tall,high,"letter b covers six bar panels in two rows of three with shared key below, one row recorded; y axes start above zero",PRIVATE_REFERENCE_ONLY/corpus/PMC13541614/figures/Fig3.webp,nature_2
PMC13541614,Nature Methods,nature,3,c,bar,box,UNKNOWN,none,white,none,no,na,na,na,UNKNOWN,below,no,5,5,mixed,na,na,lower,bold,larger,sans,regular,no,none,no,no,normal,45,tall,high,"letter c covers a schematic plus two bar panels, one row recorded for the plots",PRIVATE_REFERENCE_ONLY/corpus/PMC13541614/figures/Fig3.webp,nature_2
PMC13541614,Nature Methods,nature,3,d,histogram_density,box,UNKNOWN,none,white,none,no,na,na,UNKNOWN,UNKNOWN,outside_right,no,4,3,muted,na,na,lower,bold,larger,sans,regular,no,none,no,no,normal,45,wide,high,"letter d covers three filled density plots plus structure renderings above, one row recorded for the plots; semi-transparent fills and a dashed green reference line",PRIVATE_REFERENCE_ONLY/corpus/PMC13541614/figures/Fig3.webp,nature_2
PMC13541614,Nature Methods,nature,4,b,dot_strip,box,UNKNOWN,none,white,none,na,filled,medium,na,UNKNOWN,inside,no,5,5,sequential,na,na,lower,bold,larger,sans,regular,no,none,no,no,normal,0,square,high,rank-ordered points coloured by an ordered blue ramp; grey dashed horizontal reference line,PRIVATE_REFERENCE_ONLY/corpus/PMC13541614/figures/Fig4.webp,nature_2
PMC13541614,Nature Methods,nature,4,d,line,box,UNKNOWN,none,white,none,no,na,na,UNKNOWN,UNKNOWN,inside,no,4,2,mixed,na,na,lower,bold,larger,sans,regular,yes,none,no,no,normal,0,wide,high,"letter d covers three line panels, one row recorded; grey and blue curves with paler replicate traces and dashed vertical annotated markers; panels a and c are schematics/structures, not counted",PRIVATE_REFERENCE_ONLY/corpus/PMC13541614/figures/Fig4.webp,nature_2
PMC13545012,Nature Methods,nature,1,b,scatter,none,none,none,white,none,na,filled,small,na,UNKNOWN,below,no,13,13,mixed,na,none,lower,bold,larger,sans,regular,no,na,na,no,sparse,na,square,medium,"spatial point map in tissue coordinates, no axes or tick labels drawn; key grouped under three headings; panel a is a schematic, not counted",PRIVATE_REFERENCE_ONLY/corpus/PMC13545012/figures/Fig1.webp,nature_2
PMC13545012,Nature Methods,nature,1,c,scatter,none,none,none,white,none,na,filled,small,na,UNKNOWN,outside_right,no,5,5,saturated,na,none,lower,bold,larger,sans,regular,no,na,na,no,sparse,na,square,medium,"spatial point map, no axes drawn",PRIVATE_REFERENCE_ONLY/corpus/PMC13545012/figures/Fig1.webp,nature_2
PMC13545012,Nature Methods,nature,1,d,scatter,none,none,none,white,none,na,filled,small,na,UNKNOWN,outside_right,no,2,2,muted,na,none,lower,bold,larger,sans,regular,no,na,na,no,sparse,na,square,medium,"spatial point map, no axes drawn",PRIVATE_REFERENCE_ONLY/corpus/PMC13545012/figures/Fig1.webp,nature_2
PMC13545012,Nature Methods,nature,1,e,scatter,none,none,none,white,none,na,filled,small,na,UNKNOWN,outside_right,no,5,0,sequential,viridis_like,none,lower,bold,larger,sans,regular,no,na,na,no,sparse,na,square,medium,continuous value shown with a discrete stepped key rather than a colourbar,PRIVATE_REFERENCE_ONLY/corpus/PMC13545012/figures/Fig1.webp,nature_2
PMC13545012,Nature Methods,nature,2,d,bar,LB,UNKNOWN,none,white,none,no,na,na,na,UNKNOWN,outside_right,no,6,6,muted,na,na,lower,bold,larger,sans,regular,no,none,no,no,normal,na,square,high,"no x tick labels, bars identified by the key at right; panels a-c are schematics, not counted",PRIVATE_REFERENCE_ONLY/corpus/PMC13545012/figures/Fig2.webp,nature_2
PMC13545012,Nature Methods,nature,2,e,bar,LB,UNKNOWN,none,white,none,no,na,na,na,UNKNOWN,outside_right,no,7,7,muted,na,na,lower,bold,larger,sans,regular,no,none,no,no,normal,na,square,high,"no x tick labels, bars identified by the key at right",PRIVATE_REFERENCE_ONLY/corpus/PMC13545012/figures/Fig2.webp,nature_2
PMC13545012,Nature Methods,nature,2,f,grouped_bar,LB,UNKNOWN,none,white,none,no,na,na,na,UNKNOWN,outside_right,no,2,2,pastel,na,na,lower,bold,larger,sans,regular,no,none,no,no,normal,0,square,high,two-group bars with percentage y axis; key at top right inside the plot area,PRIVATE_REFERENCE_ONLY/corpus/PMC13545012/figures/Fig2.webp,nature_2
PMC13545012,Nature Methods,nature,3,a,heatmap,none,UNKNOWN,none,white,na,na,na,na,na,UNKNOWN,inside,no,na,0,sequential,other,inside,lower,bold,larger,sans,regular,yes,none,no,yes,normal,0,square,medium,"triangular matrix with two separate sequential scales (orange and blue) keyed inside the panel, plus a grey bar subplot at right under the same letter; values printed in cells; panels b, e are read-track displays and c, f are gel-like images, not counted",PRIVATE_REFERENCE_ONLY/corpus/PMC13545012/figures/Fig3.webp,nature_2
PMC13545012,Nature Methods,nature,3,d,box,box,UNKNOWN,none,white,box_whisker,no,na,na,na,UNKNOWN,none,no,na,1,greys,na,na,lower,bold,larger,sans,regular,no,p_values,yes,no,sparse,0,tall,high,"thin grey-filled boxes, no visible outlier points",PRIVATE_REFERENCE_ONLY/corpus/PMC13545012/figures/Fig3.webp,nature_2
PMC13545012,Nature Methods,nature,3,g,box,box,UNKNOWN,none,white,box_whisker,no,na,na,na,UNKNOWN,none,no,na,1,greys,na,na,lower,bold,larger,sans,regular,no,p_values,yes,no,sparse,0,tall,high,"thin grey-filled boxes, no visible outlier points",PRIVATE_REFERENCE_ONLY/corpus/PMC13545012/figures/Fig3.webp,nature_2
PMC13545012,Nature Methods,nature,3,h,heatmap,none,UNKNOWN,none,white,na,na,na,na,na,UNKNOWN,inside,no,na,0,sequential,other,inside,lower,bold,larger,sans,regular,yes,none,no,yes,normal,0,square,medium,same layout as a: triangular matrix with two inside keys plus a grey bar subplot,PRIVATE_REFERENCE_ONLY/corpus/PMC13545012/figures/Fig3.webp,nature_2
PMC13545012,Nature Methods,nature,3,i,heatmap,none,UNKNOWN,none,white,na,na,na,na,na,UNKNOWN,inside,no,na,0,sequential,other,inside,lower,bold,larger,sans,regular,yes,none,no,yes,normal,0,square,medium,same layout as a: triangular matrix with two inside keys plus a grey bar subplot,PRIVATE_REFERENCE_ONLY/corpus/PMC13545012/figures/Fig3.webp,nature_2
PMC13545012,Nature Methods,nature,3,j,heatmap,none,UNKNOWN,none,white,na,na,na,na,na,UNKNOWN,inside,no,na,0,sequential,other,inside,lower,bold,larger,sans,regular,yes,none,no,yes,normal,0,square,medium,same layout as a: triangular matrix with two inside keys plus a grey bar subplot,PRIVATE_REFERENCE_ONLY/corpus/PMC13545012/figures/Fig3.webp,nature_2
PMC13545012,Nature Methods,nature,3,k,scatter,none,UNKNOWN,none,white,na,na,filled,small,na,UNKNOWN,outside_right,no,na,0,sequential,viridis_like,right,lower,bold,larger,sans,regular,yes,p_values,yes,no,sparse,na,square,medium,"two spatial point maps over greyscale tissue images, no axes; continuous colourbar at right; bracket with a value below the pair",PRIVATE_REFERENCE_ONLY/corpus/PMC13545012/figures/Fig3.webp,nature_2
PMC13554239,Nature Communications,nature,1,,non-quantitative,,,,,,,,,,,,,,,,,,,,,,,,,,,,,,medium,phylogeny plus light micrographs; classified from caption,PRIVATE_REFERENCE_ONLY/corpus/PMC13554239/figures/Fig1.webp,nature_2
PMC13554239,Nature Communications,nature,2,A,pca_umap,none,none,none,white,na,na,filled,small,na,UNKNOWN,below,no,12,12,saturated,na,na,upper,bold,much_larger,sans,regular,no,na,na,no,sparse,na,square,medium,small L-shaped UMAP arrows in corner instead of axes; cluster numbers as boxed labels on the embedding; legend shared below panels A and B,PRIVATE_REFERENCE_ONLY/corpus/PMC13554239/figures/Fig2.webp,nature_2
PMC13554239,Nature Communications,nature,2,B,heatmap,box,none,none,white,na,na,na,na,na,UNKNOWN,na,na,na,12,greys,greys,left,upper,bold,much_larger,sans,regular,yes,na,na,no,dense,90,wide,medium,greyscale heat cells with black cell borders; coloured category annotation blocks on rows and columns; colourbar drawn as small vertical key at lower left; title below the heatmap,PRIVATE_REFERENCE_ONLY/corpus/PMC13554239/figures/Fig2.webp,nature_2
PMC13554239,Nature Communications,nature,3,A,pca_umap,none,none,none,white,na,na,filled,small,na,UNKNOWN,below,no,5,5,saturated,na,na,upper,bold,much_larger,sans,regular,no,na,na,no,sparse,na,square,medium,UMAP with small corner arrow axes only; legend shared with panel B placed below B,PRIVATE_REFERENCE_ONLY/corpus/PMC13554239/figures/Fig3.webp,nature_2
PMC13554239,Nature Communications,nature,3,B,stacked_bar,LB,UNKNOWN,major,white,na,na,na,na,na,UNKNOWN,below,no,5,5,saturated,na,na,upper,bold,much_larger,sans,regular,no,na,na,no,dense,0,wide,medium,100% stacked bars with dashed grey horizontal grid lines at 25/50/75; dotted boxes highlight selected bars; legend swatches have black outlines; y tick labels as percent,PRIVATE_REFERENCE_ONLY/corpus/PMC13554239/figures/Fig3.webp,nature_2
PMC13554239,Nature Communications,nature,3,C,pca_umap,none,none,none,white,na,na,filled,small,na,UNKNOWN,none,na,na,3,saturated,na,na,upper,bold,much_larger,sans,regular,no,na,na,no,sparse,na,square,low,tiny grey UMAP with highlighted clusters; Ci and Cii micrographs share the letter and are not quantitative,PRIVATE_REFERENCE_ONLY/corpus/PMC13554239/figures/Fig3.webp,nature_2
PMC13554239,Nature Communications,nature,3,D,pca_umap,none,none,none,white,na,na,filled,small,na,UNKNOWN,none,na,na,3,saturated,na,na,upper,bold,much_larger,sans,regular,no,na,na,no,sparse,na,square,low,tiny grey UMAP with highlighted clusters; Di/Dii are micrographs,PRIVATE_REFERENCE_ONLY/corpus/PMC13554239/figures/Fig3.webp,nature_2
PMC13554239,Nature Communications,nature,3,E,pca_umap,none,none,none,white,na,na,filled,small,na,UNKNOWN,none,na,na,3,saturated,na,na,upper,bold,much_larger,sans,regular,no,na,na,no,sparse,na,square,low,tiny grey UMAP with highlighted clusters; Ei/Eii are micrographs,PRIVATE_REFERENCE_ONLY/corpus/PMC13554239/figures/Fig3.webp,nature_2
PMC13554239,Nature Communications,nature,3,F,pca_umap,none,none,none,white,na,na,filled,small,na,UNKNOWN,none,na,na,3,saturated,na,na,upper,bold,much_larger,sans,regular,no,na,na,no,sparse,na,square,low,tiny grey UMAP with highlighted clusters; Fi/Fii are micrographs; G and H are micrographs,PRIVATE_REFERENCE_ONLY/corpus/PMC13554239/figures/Fig3.webp,nature_2
PMC13554239,Nature Communications,nature,4,B,other_quant,none,none,none,white,na,na,na,na,na,UNKNOWN,below,no,4,5,saturated,na,na,upper,bold,much_larger,sans,regular,no,na,na,no,normal,na,tall,medium,dendrogram with stacked-bar leaf labels; branch heights printed in boxed labels at nodes; coloured dot key for cell classes below; panel A is a schematic,PRIVATE_REFERENCE_ONLY/corpus/PMC13554239/figures/Fig4.webp,nature_2
PMC13554239,Nature Communications,nature,4,Ci,heatmap_clustered,none,none,none,white,na,na,na,na,na,UNKNOWN,outside_top,no,2,2,greys,greys,none,upper,bold,much_larger,sans,regular,no,na,na,no,normal,0,square,high,"greyscale distance matrix with values printed in cells, white cell borders, dendrogram on left, coloured category label blocks on both axes, no colourbar; key of two coloured dots above",PRIVATE_REFERENCE_ONLY/corpus/PMC13554239/figures/Fig4.webp,nature_2
PMC13554239,Nature Communications,nature,4,Cii,box,none,none,major,white,box_whisker,no,na,na,na,UNKNOWN,none,na,na,6,mixed,na,na,upper,bold,much_larger,sans,regular,no,na,na,no,normal,0,wide,medium,"boxes coloured by group, white-panel background with faint horizontal grid, facet strips as coloured label blocks below; no axis lines visible; vertical facet dividers",PRIVATE_REFERENCE_ONLY/corpus/PMC13554239/figures/Fig4.webp,nature_2
PMC13554239,Nature Communications,nature,4,Di,heatmap_clustered,none,none,none,white,na,na,na,na,na,UNKNOWN,outside_top,no,2,2,greys,greys,none,upper,bold,much_larger,sans,regular,no,na,na,no,normal,0,square,high,same style as Ci,PRIVATE_REFERENCE_ONLY/corpus/PMC13554239/figures/Fig4.webp,nature_2
PMC13554239,Nature Communications,nature,4,Dii,box,none,none,major,white,box_whisker,no,na,na,na,UNKNOWN,none,na,na,6,mixed,na,na,upper,bold,much_larger,sans,regular,no,na,na,no,normal,0,wide,medium,same style as Cii,PRIVATE_REFERENCE_ONLY/corpus/PMC13554239/figures/Fig4.webp,nature_2
PMC13558045,Nature,nature,1,d,line,LB,out,none,white,none,na,na,na,regular,UNKNOWN,none,no,na,1,saturated,na,na,lower,bold,larger,sans,regular,no,na,na,no,normal,0,wide,high,"single red height-profile line with dashed reference line and arrow annotations; AFM image with vertical colourbar shares letter d; a-c, e, f are schematics/micrographs",PRIVATE_REFERENCE_ONLY/corpus/PMC13558045/figures/Fig1.webp,nature_2
PMC13558045,Nature,nature,2,p1,bar,LB,out,none,white,bars_caps,no,na,na,na,UNKNOWN,none,no,na,3,muted,na,na,none,UNKNOWN,UNKNOWN,sans,regular,no,na,na,no,normal,0,square,high,figure has no panel letters; bar chart at upper right of a large schematic; bars have dark outlines and muted fills; italic-subscript category labels on two lines; panel_label_case none for this figure,PRIVATE_REFERENCE_ONLY/corpus/PMC13558045/figures/Fig2.webp,nature_2
PMC13558045,Nature,nature,3,b,line,LB,out,none,white,none,na,na,na,heavy,UNKNOWN,inside,no,2,2,saturated,na,na,lower,bold,larger,sans,regular,no,na,na,no,normal,0,square,high,log x axis with minor ticks; series labelled by in-plot text rather than a legend key; red and blue lines clearly thicker than axes; panel a is a schematic,PRIVATE_REFERENCE_ONLY/corpus/PMC13558045/figures/Fig3.webp,nature_2
PMC13558045,Nature,nature,3,c,line,LB,out,none,white,none,na,na,na,heavy,UNKNOWN,inside,no,2,2,saturated,na,na,lower,bold,larger,sans,regular,no,na,na,no,normal,0,square,high,log-log axes with minor ticks; dashed horizontal reference lines labelled by in-plot text,PRIVATE_REFERENCE_ONLY/corpus/PMC13558045/figures/Fig3.webp,nature_2
PMC13558073,Nature,nature,1,a,survival,LB,out,none,white,none,na,na,na,regular,UNKNOWN,outside_right,no,2,2,greys,na,na,lower,bold,larger,sans,regular,no,p_values,no,yes,normal,0,wide,high,black and grey step curves; dashed median lines; n given in legend entries; P value as in-plot text; panel b (tracking traces) not quantitative,PRIVATE_REFERENCE_ONLY/corpus/PMC13558073/figures/Fig1.webp,nature_2
PMC13558073,Nature,nature,1,c,bar,LB,out,none,white,bars_caps,yes,filled,medium,na,UNKNOWN,none,no,na,2,greys,na,na,lower,bold,larger,sans,regular,no,p_values,yes,yes,normal,0,tall,medium,grey filled vs white open bars with black outline; circles for Ctrl and squares for Sema overlaid; dotted vertical comparison bracket with P value above; n printed inside bars,PRIVATE_REFERENCE_ONLY/corpus/PMC13558073/figures/Fig1.webp,nature_2
PMC13558073,Nature,nature,1,d,bar,LB,out,none,white,bars_caps,yes,filled,medium,na,UNKNOWN,none,no,na,2,greys,na,na,lower,bold,larger,sans,regular,no,p_values,yes,yes,normal,0,tall,medium,grey filled vs white open bars with black outline; circles for Ctrl and squares for Sema overlaid; dotted vertical comparison bracket with P value above; n printed inside bars,PRIVATE_REFERENCE_ONLY/corpus/PMC13558073/figures/Fig1.webp,nature_2
PMC13558073,Nature,nature,1,e,bar,LB,out,none,white,bars_caps,yes,filled,medium,na,UNKNOWN,none,no,na,2,greys,na,na,lower,bold,larger,sans,regular,no,p_values,yes,yes,normal,0,tall,medium,grey filled vs white open bars with black outline; circles for Ctrl and squares for Sema overlaid; dotted vertical comparison bracket with P value above; n printed inside bars,PRIVATE_REFERENCE_ONLY/corpus/PMC13558073/figures/Fig1.webp,nature_2
PMC13558073,Nature,nature,1,f,grouped_bar,LB,out,none,white,bars_caps,yes,filled,medium,na,UNKNOWN,inside,no,2,2,greys,na,na,lower,bold,larger,sans,regular,no,p_values,yes,yes,normal,0,square,medium,grouped grey/white bars with legend inside upper right; three P values printed above dotted brackets,PRIVATE_REFERENCE_ONLY/corpus/PMC13558073/figures/Fig1.webp,nature_2
PMC13558073,Nature,nature,1,g,bar,LB,out,none,white,bars_caps,yes,filled,medium,na,UNKNOWN,none,no,na,2,greys,na,na,lower,bold,larger,sans,regular,no,p_values,yes,yes,normal,0,tall,medium,grey filled vs white open bars with black outline; circles for Ctrl and squares for Sema overlaid; dotted vertical comparison bracket with P value above; n printed inside bars,PRIVATE_REFERENCE_ONLY/corpus/PMC13558073/figures/Fig1.webp,nature_2
PMC13558073,Nature,nature,1,h,bar,LB,out,none,white,bars_caps,yes,filled,medium,na,UNKNOWN,none,no,na,2,greys,na,na,lower,bold,larger,sans,regular,no,p_values,yes,yes,normal,0,tall,medium,grey filled vs white open bars with black outline; circles for Ctrl and squares for Sema overlaid; dotted vertical comparison bracket with P value above; n printed inside bars,PRIVATE_REFERENCE_ONLY/corpus/PMC13558073/figures/Fig1.webp,nature_2
PMC13558073,Nature,nature,1,i,bar,LB,out,none,white,bars_caps,yes,filled,medium,na,UNKNOWN,none,no,na,2,greys,na,na,lower,bold,larger,sans,regular,no,p_values,yes,yes,normal,0,tall,medium,more panels not reviewed,PRIVATE_REFERENCE_ONLY/corpus/PMC13558073/figures/Fig1.webp,nature_2
PMC13558073,Nature,nature,2,a,scatter,LB,out,none,white,na,na,filled,small,na,UNKNOWN,none,no,na,0,sequential,rainbow,none,lower,bold,larger,sans,regular,no,na,na,no,normal,0,square,medium,three flow-cytometry pseudocolour dot plots share letter a; arrow-headed axes; gate rectangles with labels; biexponential tick labels,PRIVATE_REFERENCE_ONLY/corpus/PMC13558073/figures/Fig2.webp,nature_2
PMC13558073,Nature,nature,2,b,grouped_bar,LB,out,none,white,bars_caps,yes,filled,medium,na,UNKNOWN,outside_right,no,2,2,greys,na,na,lower,bold,larger,sans,regular,no,p_values,yes,yes,normal,0,square,medium,grouped grey/white bars; legend key outside right; dotted brackets with P values,PRIVATE_REFERENCE_ONLY/corpus/PMC13558073/figures/Fig2.webp,nature_2
PMC13558073,Nature,nature,2,c,grouped_bar,LB,out,none,white,bars_caps,yes,filled,medium,na,UNKNOWN,outside_right,no,2,2,greys,na,na,lower,bold,larger,sans,regular,no,p_values,yes,yes,normal,0,square,medium,same style as b,PRIVATE_REFERENCE_ONLY/corpus/PMC13558073/figures/Fig2.webp,nature_2
PMC13558073,Nature,nature,2,d,bar,LB,out,none,white,bars_caps,yes,filled,medium,na,UNKNOWN,none,no,na,2,greys,na,na,lower,bold,larger,sans,regular,no,p_values,yes,yes,normal,0,tall,medium,grey filled vs white open bars with black outline; circles for Ctrl and squares for Sema overlaid; dotted vertical comparison bracket with P value above; n printed inside bars,PRIVATE_REFERENCE_ONLY/corpus/PMC13558073/figures/Fig2.webp,nature_2
PMC13558073,Nature,nature,2,f,bar,LB,out,none,white,bars_caps,yes,filled,medium,na,UNKNOWN,none,no,na,2,greys,na,na,lower,bold,larger,sans,regular,no,p_values,yes,yes,normal,0,tall,medium,grey filled vs white open bars with black outline; circles for Ctrl and squares for Sema overlaid; dotted vertical comparison bracket with P value above; n printed inside bars,PRIVATE_REFERENCE_ONLY/corpus/PMC13558073/figures/Fig2.webp,nature_2
PMC13558073,Nature,nature,2,h,bar,LB,out,none,white,bars_caps,yes,filled,medium,na,UNKNOWN,none,no,na,2,greys,na,na,lower,bold,larger,sans,regular,no,p_values,yes,yes,normal,0,tall,medium,grey filled vs white open bars with black outline; circles for Ctrl and squares for Sema overlaid; dotted vertical comparison bracket with P value above; n printed inside bars,PRIVATE_REFERENCE_ONLY/corpus/PMC13558073/figures/Fig2.webp,nature_2
PMC13558073,Nature,nature,2,i,other_quant,LB,out,none,white,na,na,filled,small,na,UNKNOWN,none,no,na,2,monochrome_black,na,none,lower,bold,larger,sans,regular,no,na,na,no,normal,0,square,medium,black contour density plot with red and blue gate rectangles; arrow-headed axes,PRIVATE_REFERENCE_ONLY/corpus/PMC13558073/figures/Fig2.webp,nature_2
PMC13558073,Nature,nature,2,j,stacked_bar,LB,out,none,white,bars_caps,no,na,na,na,UNKNOWN,outside_right,no,2,2,greys,na,na,lower,bold,larger,sans,regular,no,p_values,yes,yes,normal,0,tall,medium,two-tone grey stacked bars with caps error bars; legend outside right; more panels not reviewed,PRIVATE_REFERENCE_ONLY/corpus/PMC13558073/figures/Fig2.webp,nature_2
PMC13558073,Nature,nature,3,a,volcano,LB,out,none,white,na,na,filled,small,na,UNKNOWN,inside,no,2,2,saturated,na,na,lower,bold,larger,sans,regular,no,na,na,no,normal,0,square,high,blue/red significant points with grey non-significant; legend inside upper right,PRIVATE_REFERENCE_ONLY/corpus/PMC13558073/figures/Fig3.webp,nature_2
PMC13558073,Nature,nature,3,b,bar,LB,out,none,white,none,no,na,na,na,UNKNOWN,none,no,na,1,pastel,na,na,lower,bold,larger,sans,regular,yes,none,no,no,normal,0,wide,high,horizontal light-blue bars with black outline; category names as y tick labels; title above panel,PRIVATE_REFERENCE_ONLY/corpus/PMC13558073/figures/Fig3.webp,nature_2
PMC13558073,Nature,nature,3,c,bar,LB,out,none,white,none,no,na,na,na,UNKNOWN,none,no,na,1,pastel,na,na,lower,bold,larger,sans,regular,yes,none,no,no,normal,0,wide,high,horizontal light-blue bars with black outline; category names as y tick labels; title above panel,PRIVATE_REFERENCE_ONLY/corpus/PMC13558073/figures/Fig3.webp,nature_2
PMC13558073,Nature,nature,3,d,dot_bubble,LB,out,none,white,na,na,filled,medium,na,UNKNOWN,outside_right,no,3,0,sequential,viridis_like,right,lower,bold,larger,sans,regular,no,na,na,no,normal,0,tall,high,bubble size key (3 entries) and viridis colourbar both to the right,PRIVATE_REFERENCE_ONLY/corpus/PMC13558073/figures/Fig3.webp,nature_2
PMC13558073,Nature,nature,3,e,bar,LB,out,none,white,none,no,na,na,na,UNKNOWN,none,no,na,1,pastel,na,na,lower,bold,larger,sans,regular,yes,none,no,no,normal,0,wide,high,horizontal light-blue bars with black outline; category names as y tick labels; title above panel,PRIVATE_REFERENCE_ONLY/corpus/PMC13558073/figures/Fig3.webp,nature_2
PMC13558073,Nature,nature,3,f,bar,LB,out,none,white,none,no,na,na,na,UNKNOWN,none,no,na,1,pastel,na,na,lower,bold,larger,sans,regular,yes,none,no,no,normal,0,wide,high,horizontal light-blue bars with black outline; category names as y tick labels; title above panel,PRIVATE_REFERENCE_ONLY/corpus/PMC13558073/figures/Fig3.webp,nature_2
PMC13558073,Nature,nature,3,g,bar,LB,out,none,white,none,no,na,na,na,UNKNOWN,none,no,na,1,pastel,na,na,lower,bold,larger,sans,regular,yes,none,no,no,normal,0,wide,high,horizontal light-blue bars with black outline; category names as y tick labels; title above panel,PRIVATE_REFERENCE_ONLY/corpus/PMC13558073/figures/Fig3.webp,nature_2
PMC13558073,Nature,nature,3,h,bar,LB,out,none,white,none,no,na,na,na,UNKNOWN,none,no,na,1,pastel,na,na,lower,bold,larger,sans,regular,yes,none,no,no,normal,0,wide,high,horizontal light-blue bars with black outline; category names as y tick labels; title above panel,PRIVATE_REFERENCE_ONLY/corpus/PMC13558073/figures/Fig3.webp,nature_2
PMC13558076,Nature,nature,1,,non-quantitative,,,,,,,,,,,,,,,,,,,,,,,,,,,,,,medium,"concept schematic: illustrative phase masks, sketched PDFs, Poincare spheres and an SLM photograph; no measured data axes",PRIVATE_REFERENCE_ONLY/corpus/PMC13558076/figures/Fig1.webp,nature_2
PMC13558076,Nature,nature,2,a,scatter_regression,box,in,none,white,none,na,filled,small,regular,UNKNOWN,inside,no,3,3,saturated,na,na,lower,bold,larger,sans,regular,yes,na,na,no,normal,0,tall,medium,two stacked subplots (DOP and Stokes) share letter a plus illustrative phase-mask insets with a diverging colourbar; boxed axes with inward ticks; dark-blue filled circles with orange fit line; legend inside lower-left of lower subplot; dashed coloured vertical guide lines,PRIVATE_REFERENCE_ONLY/corpus/PMC13558076/figures/Fig2.webp,nature_2
PMC13558076,Nature,nature,2,b,scatter_regression,box,in,none,white,none,na,filled,small,regular,UNKNOWN,none,no,na,3,saturated,na,na,lower,bold,larger,sans,regular,yes,na,na,no,normal,0,tall,medium,same style as a; two stacked subplots share the letter; no legend,PRIVATE_REFERENCE_ONLY/corpus/PMC13558076/figures/Fig2.webp,nature_2
PMC13558076,Nature,nature,2,c,other_quant,none,none,none,white,none,na,filled,medium,na,UNKNOWN,none,no,na,20,mixed,na,na,lower,bold,larger,sans,regular,yes,na,na,no,normal,0,tall,low,two 3D Poincare-sphere point plots share letter c; many distinct point colours; titles below each sphere,PRIVATE_REFERENCE_ONLY/corpus/PMC13558076/figures/Fig2.webp,nature_2
PMC13558076,Nature,nature,3,b,heatmap,none,none,none,white,na,na,na,na,na,UNKNOWN,none,no,na,0,sequential,other,right,lower,bold,larger,sans,regular,yes,na,na,no,sparse,na,square,medium,polarization-camera azimuth image with orange-purple-cyan colour map; colourbar right labelled in degrees; panel a is an illustrative sphere set,PRIVATE_REFERENCE_ONLY/corpus/PMC13558076/figures/Fig3.webp,nature_2
PMC13558076,Nature,nature,3,c,heatmap,none,none,none,white,na,na,na,na,na,UNKNOWN,none,no,na,0,sequential,other,right,lower,bold,larger,sans,regular,yes,na,na,no,sparse,na,square,medium,measured DOP map as image with dark-blue to white colour map; slim colourbar right with only end labels; title above; scale bar; no axes,PRIVATE_REFERENCE_ONLY/corpus/PMC13558076/figures/Fig3.webp,nature_2
PMC13558076,Nature,nature,3,d,heatmap,none,none,none,white,na,na,na,na,na,UNKNOWN,none,no,na,0,sequential,other,right,lower,bold,larger,sans,regular,yes,na,na,no,sparse,na,square,medium,programmed 5x5 DOP grid as heat cells; colourbar right,PRIVATE_REFERENCE_ONLY/corpus/PMC13558076/figures/Fig3.webp,nature_2
PMC13558076,Nature,nature,3,e,heatmap,none,none,none,white,na,na,na,na,na,UNKNOWN,none,no,na,0,sequential,other,right,lower,bold,larger,sans,regular,yes,na,na,no,sparse,na,wide,medium,"two camera images stacked share letter e, each with its own colourbar right",PRIVATE_REFERENCE_ONLY/corpus/PMC13558076/figures/Fig3.webp,nature_2
PMC13558076,Nature,nature,3,f,heatmap,none,none,none,white,na,na,na,na,na,UNKNOWN,none,no,na,0,sequential,other,right,lower,bold,larger,sans,regular,yes,na,na,no,sparse,na,square,medium,measured DOP map as image with dark-blue to white colour map; slim colourbar right with only end labels; title above; scale bar; no axes,PRIVATE_REFERENCE_ONLY/corpus/PMC13558076/figures/Fig3.webp,nature_2
PMC13558076,Nature,nature,3,g,heatmap,none,none,none,white,na,na,na,na,na,UNKNOWN,none,no,na,0,sequential,other,right,lower,bold,larger,sans,regular,yes,na,na,no,sparse,na,square,medium,measured DOP map as image with dark-blue to white colour map; slim colourbar right with only end labels; title above; scale bar; no axes,PRIVATE_REFERENCE_ONLY/corpus/PMC13558076/figures/Fig3.webp,nature_2
PMC13558076,Nature,nature,3,h,scatter,LB,out,none,white,bars_caps,na,filled,medium,na,UNKNOWN,inside,no,3,3,saturated,na,na,lower,bold,larger,sans,regular,no,na,na,no,normal,0,square,high,log x axis; filled circles with dark outline and coloured error bars; dashed horizontal reference line with in-plot text and arrow annotation; legend inside upper right,PRIVATE_REFERENCE_ONLY/corpus/PMC13558076/figures/Fig3.webp,nature_2
PMC13558076,Nature,nature,3,i,heatmap,none,none,none,white,na,na,na,na,na,UNKNOWN,none,no,na,0,sequential,other,right,lower,bold,larger,sans,regular,yes,na,na,no,sparse,na,square,medium,measured DOP map as image with dark-blue to white colour map; slim colourbar right with only end labels; title above; scale bar; no axes,PRIVATE_REFERENCE_ONLY/corpus/PMC13558076/figures/Fig3.webp,nature_2
PMC13558077,Nature,nature,1,a,ma,LB,out,none,white,na,na,filled,small,na,UNKNOWN,none,no,na,2,saturated,na,na,lower,bold,larger,sans,regular,yes,na,na,yes,normal,0,wide,medium,three MA plots share letter a; orange vs blue points; dashed red zero line; peak counts printed in rounded orange boxes inside the plot; titles above,PRIVATE_REFERENCE_ONLY/corpus/PMC13558077/figures/Fig1.webp,nature_2
PMC13558077,Nature,nature,1,b,stacked_bar,LB,out,none,white,na,na,na,na,na,UNKNOWN,outside_right,no,8,8,mixed,na,na,lower,bold,larger,sans,regular,no,na,na,no,normal,45,tall,medium,100% stacked bars; legend outside right with square swatches; rotated x labels,PRIVATE_REFERENCE_ONLY/corpus/PMC13558077/figures/Fig1.webp,nature_2
PMC13558077,Nature,nature,1,c,heatmap,box,none,none,white,na,na,na,na,regular,UNKNOWN,outside_top,no,2,2,sequential,other,bottom,lower,bold,larger,sans,regular,yes,na,na,no,sparse,na,wide,medium,three groups of signal-track heatmaps with profile line plots above share letter c; white-to-blue colour map; horizontal colourbar below each group; blue/orange line key above,PRIVATE_REFERENCE_ONLY/corpus/PMC13558077/figures/Fig1.webp,nature_2
PMC13558077,Nature,nature,1,d,scatter,LB,out,none,white,na,na,filled,medium,na,UNKNOWN,none,no,na,1,muted,na,na,lower,bold,larger,sans,regular,yes,na,na,no,normal,0,wide,medium,three stacked scatter subplots share letter d; light-blue filled circles with darker outline; text labels with leader lines; titles above,PRIVATE_REFERENCE_ONLY/corpus/PMC13558077/figures/Fig1.webp,nature_2
PMC13558077,Nature,nature,1,e,dot_bubble,box,none,none,white,na,na,filled,large,na,UNKNOWN,outside_right,no,4,0,sequential,yellow_red,right,lower,bold,larger,sans,regular,no,na,na,no,normal,0,square,medium,bubble matrix in boxed columns; size key and colourbar to the right; panel f is a schematic,PRIVATE_REFERENCE_ONLY/corpus/PMC13558077/figures/Fig1.webp,nature_2
PMC13558077,Nature,nature,2,a,dot_bubble,box,none,none,white,na,na,filled,large,na,UNKNOWN,outside_right,no,4,0,mixed,other,right,lower,bold,larger,sans,regular,no,na,na,no,normal,0,square,medium,two colour maps (yellow-red and light-to-dark blue) in one bubble matrix; grey non-significant bubbles; dual size keys and colourbars right; group headers with rules above columns,PRIVATE_REFERENCE_ONLY/corpus/PMC13558077/figures/Fig2.webp,nature_2
PMC13558077,Nature,nature,2,b,dot_bubble,box,none,none,white,na,na,filled,large,na,UNKNOWN,below,no,2,0,sequential,yellow_red,bottom,lower,bold,larger,sans,regular,no,na,na,no,normal,0,square,medium,two-row bubble plot; size key and fold-enrichment colourbar below,PRIVATE_REFERENCE_ONLY/corpus/PMC13558077/figures/Fig2.webp,nature_2
PMC13558077,Nature,nature,2,c,network,none,none,none,grey,na,na,filled,medium,na,UNKNOWN,outside_right,no,6,3,saturated,na,na,lower,bold,larger,sans,regular,no,na,na,yes,sparse,na,wide,medium,four network graphs share letter c on very light grey background panels; node shape and colour legend right; italic gene labels; edge and node counts printed in panel,PRIVATE_REFERENCE_ONLY/corpus/PMC13558077/figures/Fig2.webp,nature_2
PMC13558077,Nature,nature,2,d,other_quant,none,none,none,white,na,na,na,na,hairline,UNKNOWN,none,no,na,4,saturated,na,na,lower,bold,larger,sans,regular,yes,na,na,no,sparse,na,wide,medium,genome browser tracks with arcs; track colours blue/orange/green/magenta; per-track range labels at right; dashed boxes and shaded highlights,PRIVATE_REFERENCE_ONLY/corpus/PMC13558077/figures/Fig2.webp,nature_2
PMC13558077,Nature,nature,2,e,heatmap_clustered,none,none,none,white,na,na,na,na,na,UNKNOWN,none,no,na,0,diverging,blue_white_red,right,lower,bold,larger,sans,regular,no,na,na,no,dense,na,square,medium,orange-white-blue diverging cells with row dendrogram left; mean z-score mini bar chart above shares the letter; italic gene labels right; column group headers with rules,PRIVATE_REFERENCE_ONLY/corpus/PMC13558077/figures/Fig2.webp,nature_2
PMC13558077,Nature,nature,2,f,bar,LB,out,none,white,bars,yes,open,medium,na,UNKNOWN,none,no,na,4,saturated,na,na,lower,bold,larger,sans,regular,no,p_values,yes,no,normal,45,square,medium,"coloured bars with black outline, open circles overlaid; thin bracket lines with P values; coloured underline bars grouping x categories; minus/plus row under axis",PRIVATE_REFERENCE_ONLY/corpus/PMC13558077/figures/Fig2.webp,nature_2
PMC13558077,Nature,nature,2,g,bar,LB,out,none,white,bars,yes,open,medium,na,UNKNOWN,none,no,na,3,saturated,na,na,lower,bold,larger,sans,regular,no,p_values,yes,no,normal,45,square,medium,same style as f,PRIVATE_REFERENCE_ONLY/corpus/PMC13558077/figures/Fig2.webp,nature_2
PMC13558077,Nature,nature,2,h,dot_bubble,box,none,none,white,na,na,filled,large,na,UNKNOWN,outside_right,no,3,0,diverging,blue_white_red,right,lower,bold,larger,sans,regular,no,na,na,no,normal,90,square,medium,bubble matrix with diverging blue-white-orange NES colourbar and size key right; column groups boxed with headers; more panels not reviewed,PRIVATE_REFERENCE_ONLY/corpus/PMC13558077/figures/Fig2.webp,nature_2
PMC13558077,Nature,nature,3,b,line,LB,out,none,white,na,na,na,na,regular,UNKNOWN,none,no,na,2,saturated,na,na,lower,bold,larger,sans,regular,yes,na,na,no,normal,0,wide,medium,"two GSEA enrichment plots share the letter; orange and blue curves with dashed zero line, rank-barcode strips below, NES and adjusted P in rounded boxes coloured to match the series; panel a is a schematic",PRIVATE_REFERENCE_ONLY/corpus/PMC13558077/figures/Fig3.webp,nature_2
PMC13558077,Nature,nature,3,c,dot_bubble,box,none,none,white,na,na,filled,large,na,UNKNOWN,below,no,3,0,diverging,blue_white_red,bottom,lower,bold,larger,sans,regular,no,na,na,no,normal,45,square,medium,bubble matrix in two boxed groups; NES colourbar and size key below,PRIVATE_REFERENCE_ONLY/corpus/PMC13558077/figures/Fig3.webp,nature_2
PMC13558077,Nature,nature,3,d,line,LB,out,none,white,na,na,na,na,regular,UNKNOWN,none,no,na,2,saturated,na,na,lower,bold,larger,sans,regular,yes,na,na,no,normal,0,wide,medium,same style as b,PRIVATE_REFERENCE_ONLY/corpus/PMC13558077/figures/Fig3.webp,nature_2
PMC13558077,Nature,nature,3,e,heatmap_clustered,none,none,none,white,na,na,na,na,na,UNKNOWN,none,no,na,0,diverging,blue_white_red,right,lower,bold,larger,sans,regular,yes,na,na,no,sparse,na,wide,medium,orange-white-blue-black z-score heatmap with row dendrogram; mean z-score mini bar chart above; coloured annotation strips for conditions between them; colourbar right,PRIVATE_REFERENCE_ONLY/corpus/PMC13558077/figures/Fig3.webp,nature_2
PMC13558077,Nature,nature,3,f,heatmap_clustered,none,none,none,white,na,na,na,na,na,UNKNOWN,none,no,na,0,diverging,blue_white_red,right,lower,bold,larger,sans,regular,yes,na,na,no,sparse,na,wide,medium,same style as e; bar chart of relative expression with open circles and P-value brackets below shares the letter,PRIVATE_REFERENCE_ONLY/corpus/PMC13558077/figures/Fig3.webp,nature_2
PMC13558581,Nature Communications,nature,1,b,line,LB,UNKNOWN,none,white,none,na,filled,medium,UNKNOWN,UNKNOWN,none,na,na,0,monochrome_black,na,na,lower,bold,larger,sans,regular,no,none,no,no,normal,0,wide,medium,data values printed next to points; panels a (ideogram) and c (Venn) non-quantitative,PRIVATE_REFERENCE_ONLY/corpus/PMC13558581/figures/Fig1.webp,nature_2
PMC13558581,Nature Communications,nature,1,d,box,LB,UNKNOWN,none,white,box_whisker,yes,filled,small,UNKNOWN,UNKNOWN,none,na,na,0,monochrome_black,na,na,lower,bold,larger,sans,regular,no,stars,no,yes,sparse,0,tall,medium,stars placed at top without bracket; jittered grey points behind white boxes,PRIVATE_REFERENCE_ONLY/corpus/PMC13558581/figures/Fig1.webp,nature_2
PMC13558581,Nature Communications,nature,1,e,forest,box,UNKNOWN,UNKNOWN,white,bars,na,filled,medium,UNKNOWN,UNKNOWN,none,na,na,0,monochrome_black,na,na,lower,bold,larger,sans,regular,no,p_values,no,no,normal,0,square,medium,grid UNKNOWN because faint horizontal row lines may be present; red dashed vertical reference line at zero; p values printed above each point,PRIVATE_REFERENCE_ONLY/corpus/PMC13558581/figures/Fig1.webp,nature_2
PMC13558581,Nature Communications,nature,2,,non-quantitative,,,,,,,,,,,,,,,,,,,,,,,,,,,,,,high,workflow schematic and flowchart; the small survival sketch is illustrative only,PRIVATE_REFERENCE_ONLY/corpus/PMC13558581/figures/Fig2.webp,nature_2
PMC13558581,Nature Communications,nature,3,a,stacked_bar,LB,UNKNOWN,none,white,none,no,na,na,UNKNOWN,UNKNOWN,inside,no,10,10,muted,na,na,lower,bold,larger,sans,regular,no,none,no,no,dense,90,wide,medium,legend occupies upper right of plotting area,PRIVATE_REFERENCE_ONLY/corpus/PMC13558581/figures/Fig3.webp,nature_2
PMC13558581,Nature Communications,nature,3,b,box,box,UNKNOWN,none,white,box_whisker,yes,filled,small,UNKNOWN,UNKNOWN,inside,no,3,3,mixed,na,na,lower,bold,larger,sans,regular,no,stars,yes,yes,normal,90,wide,medium,white/grey/red box fills; ns comparisons marked with a dash above bracket; group sizes printed under boxes,PRIVATE_REFERENCE_ONLY/corpus/PMC13558581/figures/Fig3.webp,nature_2
PMC13558581,Nature Communications,nature,3,c,line,LB,UNKNOWN,none,white,none,na,filled,large,UNKNOWN,UNKNOWN,inside,yes,2,2,muted,na,na,lower,bold,larger,sans,regular,yes,none,no,no,normal,0,wide,medium,"two side-by-side subplots share letter c, one row recorded; sample IDs as in-panel titles; lollipop marker on step line",PRIVATE_REFERENCE_ONLY/corpus/PMC13558581/figures/Fig3.webp,nature_2
PMC13558581,Nature Communications,nature,3,e,heatmap,none,UNKNOWN,none,white,na,na,na,na,UNKNOWN,UNKNOWN,na,na,na,0,diverging,blue_white_red,right,lower,bold,larger,sans,regular,no,none,na,no,normal,45,square,medium,lower-triangular correlation matrix with values printed in cells,PRIVATE_REFERENCE_ONLY/corpus/PMC13558581/figures/Fig3.webp,nature_2
PMC13558581,Nature Communications,nature,3,f,box,LB,UNKNOWN,none,white,box_whisker,yes,filled,small,UNKNOWN,UNKNOWN,none,na,na,2,mixed,na,na,lower,bold,larger,sans,regular,no,p_values,yes,yes,sparse,0,tall,medium,white and red box fills,PRIVATE_REFERENCE_ONLY/corpus/PMC13558581/figures/Fig3.webp,nature_2
PMC13558581,Nature Communications,nature,3,g,box,LB,UNKNOWN,none,white,box_whisker,yes,filled,small,UNKNOWN,UNKNOWN,inside,no,2,2,saturated,na,na,lower,bold,larger,sans,regular,no,stars,yes,no,normal,0,wide,medium,ns comparisons marked with dash above bracket; legend centred above boxes inside plotting area,PRIVATE_REFERENCE_ONLY/corpus/PMC13558581/figures/Fig3.webp,nature_2
PMC13558581,Nature Communications,nature,3,h,dot_bubble,LB,UNKNOWN,none,white,none,na,filled,large,UNKNOWN,UNKNOWN,inside,yes,3,0,greys,na,na,lower,bold,larger,sans,regular,no,none,no,no,normal,0,square,medium,bubble-size legend framed inside panel; red dashed diagonal reference line; red quadrant text labels; panel d (genome track) non-quantitative,PRIVATE_REFERENCE_ONLY/corpus/PMC13558581/figures/Fig3.webp,nature_2
PMC13558581,Nature Communications,nature,4,a,line,box,UNKNOWN,none,white,none,na,na,na,UNKNOWN,UNKNOWN,outside_top,no,5,3,muted,na,na,lower,bold,larger,sans,regular,no,none,no,yes,sparse,0,wide,medium,genome-coordinate methylation traces stacked in framed tracks with shared x axis; values printed on traces; vertical shaded highlight band; ChIP/ATAC signal tracks below,PRIVATE_REFERENCE_ONLY/corpus/PMC13558581/figures/Fig4.webp,nature_2
PMC13558581,Nature Communications,nature,4,b,box,LB,UNKNOWN,none,white,box_whisker,yes,mixed,small,UNKNOWN,UNKNOWN,none,na,na,2,mixed,na,na,lower,bold,larger,sans,regular,no,p_values,yes,yes,sparse,0,tall,medium,white box with open points and red box with filled dark points,PRIVATE_REFERENCE_ONLY/corpus/PMC13558581/figures/Fig4.webp,nature_2
PMC13558581,Nature Communications,nature,4,c,other_quant,box,UNKNOWN,none,white,none,na,na,na,UNKNOWN,UNKNOWN,none,na,na,3,muted,na,na,lower,bold,larger,sans,regular,no,none,no,no,normal,0,wide,low,genome-browser style filled signal tracks without y axes; only x axis in Mb,PRIVATE_REFERENCE_ONLY/corpus/PMC13558581/figures/Fig4.webp,nature_2
PMC13558581,Nature Communications,nature,4,d,bar,LB,UNKNOWN,none,white,none,no,na,na,UNKNOWN,UNKNOWN,none,na,na,0,monochrome_black,na,na,lower,bold,larger,sans,regular,no,none,no,no,normal,45,wide,medium,diverging bars around dashed zero line; category labels rotated 45 and placed next to bar ends rather than on axis; text annotations inside panel,PRIVATE_REFERENCE_ONLY/corpus/PMC13558581/figures/Fig4.webp,nature_2
PMC13558581,Nature Communications,nature,4,e,stacked_bar,LB,UNKNOWN,none,white,none,no,na,na,UNKNOWN,UNKNOWN,none,na,na,2,mixed,na,na,lower,bold,larger,sans,regular,no,p_values,no,no,sparse,0,tall,medium,100 percent stacked bars; group labels printed inside bar segments instead of legend; p value above panel,PRIVATE_REFERENCE_ONLY/corpus/PMC13558581/figures/Fig4.webp,nature_2
PMC13558581,Nature Communications,nature,4,f,survival,LB,UNKNOWN,none,white,band,na,na,na,UNKNOWN,UNKNOWN,inside,yes,2,2,mixed,na,na,lower,bold,larger,sans,regular,no,p_values,no,yes,sparse,0,tall,medium,grey and red step curves with translucent confidence bands; N and p value printed inside panel; y axis labelled in percent,PRIVATE_REFERENCE_ONLY/corpus/PMC13558581/figures/Fig4.webp,nature_2
PMC13561862,Nature Cell Biology,nature,2,c,line,LB,UNKNOWN,none,white,none,na,na,na,UNKNOWN,UNKNOWN,none,na,na,0,monochrome_black,na,na,lower,bold,larger,sans,regular,no,none,no,no,normal,0,square,medium,"Fig 1, Fig 3, Fig 5, Fig 6 and Fig 7 images are ~200 px GIF thumbnails, not reviewable; in Fig 2 only panel c is a plot (mass spectrum with peak labels); panels a, b, e are MSI images with rainbow colourbars, d is a schematic",PRIVATE_REFERENCE_ONLY/corpus/PMC13561862/figures/Fig2.webp,nature_2
PMC13561862,Nature Cell Biology,nature,4,a,heatmap,box,UNKNOWN,none,white,na,na,na,na,UNKNOWN,UNKNOWN,outside_right,no,2,2,saturated,na,none,lower,bold,larger,sans,regular,yes,none,na,no,dense,90,wide,medium,"binary presence grid with black cell borders, red/blue categorical fill and text legend instead of colourbar; italic title above panel",PRIVATE_REFERENCE_ONLY/corpus/PMC13561862/figures/Fig4.webp,nature_2
PMC13561862,Nature Cell Biology,nature,4,d,box,box,UNKNOWN,UNKNOWN,white,box_whisker,yes,filled,small,UNKNOWN,UNKNOWN,outside_top,no,2,2,saturated,na,na,lower,bold,larger,sans,regular,yes,stars,yes,no,normal,na,wide,medium,"14 facets with grey strip headers share letter d, one row recorded; NS printed above brackets for non-significant pairs; no x tick labels (facet strips instead); grid UNKNOWN because faint background lines cannot be resolved",PRIVATE_REFERENCE_ONLY/corpus/PMC13561862/figures/Fig4.webp,nature_2
PMC13561862,Nature Cell Biology,nature,4,e,grouped_bar,LB,UNKNOWN,none,white,bars_caps,yes,filled,small,UNKNOWN,UNKNOWN,inside,no,2,2,saturated,na,na,lower,bold,larger,sans,regular,yes,stars,yes,no,sparse,0,wide,medium,NS text above brackets for non-significant pairs; purple/orange bars with black points; legend in upper right of panel,PRIVATE_REFERENCE_ONLY/corpus/PMC13561862/figures/Fig4.webp,nature_2
PMC13561862,Nature Cell Biology,nature,4,f,grouped_bar,LB,UNKNOWN,none,white,bars_caps,yes,filled,small,UNKNOWN,UNKNOWN,inside,no,2,2,saturated,na,na,lower,bold,larger,sans,regular,yes,stars,yes,no,normal,45,wide,medium,NS text above brackets for non-significant pairs,PRIVATE_REFERENCE_ONLY/corpus/PMC13561862/figures/Fig4.webp,nature_2
PMC13561862,Nature Cell Biology,nature,4,g,bar,LB,UNKNOWN,none,white,bars_caps,yes,filled,small,UNKNOWN,UNKNOWN,outside_right,no,2,2,saturated,na,na,lower,bold,larger,sans,regular,yes,stars,yes,no,sparse,na,tall,medium,"no x tick labels, groups identified by legend only; panels b (structures) and c (brain region map) non-quantitative",PRIVATE_REFERENCE_ONLY/corpus/PMC13561862/figures/Fig4.webp,nature_2
PMC13561871,Nature Cell Biology,nature,1,b,volcano,LB,UNKNOWN,none,white,none,na,filled,medium,UNKNOWN,UNKNOWN,none,na,na,2,muted,na,na,lower,bold,larger,sans,regular,yes,none,no,no,sparse,0,square,medium,"two side-by-side volcano plots share letter b, one row recorded; boxed title strip above each plot; black FDR threshold curve with text label; outlined filled circles in grey and salmon; boxed gene callouts; panel a schematic and c Venn non-quantitative",PRIVATE_REFERENCE_ONLY/corpus/PMC13561871/figures/Fig1.webp,nature_2
PMC13561871,Nature Cell Biology,nature,1,d,scatter,LB,UNKNOWN,none,white,none,na,filled,medium,UNKNOWN,UNKNOWN,none,na,na,2,muted,na,na,lower,bold,larger,sans,regular,yes,none,no,no,normal,0,square,medium,boxed title strip; grey and blue outlined circles; zero reference lines; boxed gene callouts with leader lines; decorative gradient arrows as axis annotations,PRIVATE_REFERENCE_ONLY/corpus/PMC13561871/figures/Fig1.webp,nature_2
PMC13561871,Nature Cell Biology,nature,1,e,heatmap,box,UNKNOWN,none,white,none,na,na,na,UNKNOWN,UNKNOWN,none,na,na,0,sequential,other,bottom,lower,bold,larger,sans,regular,no,none,no,no,sparse,0,tall,medium,white-to-blue single-hue colour map; column labels at top; row groups marked by grey side bars with counts,PRIVATE_REFERENCE_ONLY/corpus/PMC13561871/figures/Fig1.webp,nature_2
PMC13561871,Nature Cell Biology,nature,2,a,heatmap,box,UNKNOWN,none,white,none,na,na,na,UNKNOWN,UNKNOWN,none,na,na,4,sequential,other,none,lower,bold,larger,sans,regular,no,none,no,no,sparse,0,tall,medium,"four row groups each drawn with its own single-hue sequential map (mauve, blue, green, orange); shares the four stacked colourbars drawn under panel b; column labels at top; group side bars with counts",PRIVATE_REFERENCE_ONLY/corpus/PMC13561871/figures/Fig2.webp,nature_2
PMC13561871,Nature Cell Biology,nature,2,b,heatmap,box,UNKNOWN,none,white,none,na,na,na,UNKNOWN,UNKNOWN,none,na,na,0,sequential,other,bottom,lower,bold,larger,sans,regular,no,none,no,no,sparse,na,tall,medium,white-to-mauve-to-black map; no column tick labels; four stacked colourbars below,PRIVATE_REFERENCE_ONLY/corpus/PMC13561871/figures/Fig2.webp,nature_2
PMC13561871,Nature Cell Biology,nature,2,c,heatmap,box,UNKNOWN,none,white,none,na,na,na,UNKNOWN,UNKNOWN,none,na,na,0,sequential,other,none,lower,bold,larger,sans,regular,no,none,no,no,dense,0,tall,medium,cells with black borders; column labels at top; shares colourbar under panel b,PRIVATE_REFERENCE_ONLY/corpus/PMC13561871/figures/Fig2.webp,nature_2
PMC13561871,Nature Cell Biology,nature,2,d,pca_umap,LB,UNKNOWN,none,white,none,na,open,small,UNKNOWN,UNKNOWN,none,na,na,3,muted,na,na,lower,bold,larger,sans,regular,no,none,no,no,normal,0,wide,medium,"open circles in green, blue, orange over grey; inset Venn-style count diagram in upper right; two labelled points",PRIVATE_REFERENCE_ONLY/corpus/PMC13561871/figures/Fig2.webp,nature_2
PMC13561871,Nature Cell Biology,nature,2,e,line,LB,UNKNOWN,none,white,none,na,na,na,UNKNOWN,UNKNOWN,none,na,na,4,muted,na,na,lower,bold,larger,sans,regular,yes,none,no,no,sparse,0,square,low,"four small subplots share letter e, one row recorded; many thin coloured profile lines over grey background lines; percent and counts printed beside subplots; titles above each subplot",PRIVATE_REFERENCE_ONLY/corpus/PMC13561871/figures/Fig2.webp,nature_2
PMC13561871,Nature Cell Biology,nature,2,f,dot_bubble,none,UNKNOWN,none,white,none,na,filled,medium,UNKNOWN,UNKNOWN,outside_right,no,5,4,mixed,other,none,lower,bold,larger,sans,regular,no,none,no,no,normal,0,tall,medium,"size key (5 entries) and discrete colour-intensity key drawn at right; one hue per column graded by intensity; no axis lines; panel g is a radial schematic, non-quantitative",PRIVATE_REFERENCE_ONLY/corpus/PMC13561871/figures/Fig2.webp,nature_2
PMC13561871,Nature Cell Biology,nature,3,a,scatter,LB,UNKNOWN,none,white,none,na,filled,medium,UNKNOWN,UNKNOWN,none,na,na,2,muted,na,na,lower,bold,larger,sans,regular,yes,none,no,no,normal,0,square,medium,"three side-by-side subplots share letter a, one row recorded; boxed title strip; grey plus one highlight colour per subplot (blue, green, orange); zero reference lines; boxed gene callouts",PRIVATE_REFERENCE_ONLY/corpus/PMC13561871/figures/Fig3.webp,nature_2
PMC13561871,Nature Cell Biology,nature,3,b,volcano,LB,UNKNOWN,none,white,none,na,filled,medium,UNKNOWN,UNKNOWN,none,na,na,1,greys,na,na,lower,bold,larger,sans,regular,yes,none,no,no,normal,0,square,medium,"three side-by-side subplots share letter b, one row recorded; grey outlined circles with single coloured highlight point; black threshold curve; boxed callouts; panel c immunoblots non-quantitative",PRIVATE_REFERENCE_ONLY/corpus/PMC13561871/figures/Fig3.webp,nature_2
PMC13562520,Nature Communications,nature,1,A,line,LB,UNKNOWN,none,white,none,na,na,na,UNKNOWN,UNKNOWN,none,na,na,2,saturated,na,na,upper,bold,much_larger,sans,bold,no,none,no,no,sparse,0,square,low,"panel combines two micrographs with one line-scan plot; row recorded for the plot; red and green traces with dotted vertical markers; panels C and F schematics, D and G single-molecule images",PRIVATE_REFERENCE_ONLY/corpus/PMC13562520/figures/Fig1.webp,nature_2
PMC13562520,Nature Communications,nature,1,B,line,LB,UNKNOWN,none,white,none,na,na,na,UNKNOWN,UNKNOWN,none,na,na,2,saturated,na,na,upper,bold,much_larger,sans,bold,no,none,no,no,sparse,0,square,low,micrographs plus line-scan plot; red and green traces,PRIVATE_REFERENCE_ONLY/corpus/PMC13562520/figures/Fig1.webp,nature_2
PMC13562520,Nature Communications,nature,1,E,grouped_bar,LB,UNKNOWN,none,white,bars_caps,yes,open,small,UNKNOWN,UNKNOWN,inside,yes,2,1,saturated,na,na,upper,bold,much_larger,sans,bold,no,none,no,no,normal,45,square,medium,open versus filled blue bars encode the two groups; black open-circle points with black capped error bars; framed legend in upper left inside plotting area,PRIVATE_REFERENCE_ONLY/corpus/PMC13562520/figures/Fig1.webp,nature_2
PMC13562520,Nature Communications,nature,1,H,grouped_bar,LB,UNKNOWN,none,white,bars_caps,yes,open,small,UNKNOWN,UNKNOWN,inside,yes,2,1,saturated,na,na,upper,bold,much_larger,sans,bold,no,none,no,no,normal,45,square,medium,open versus filled purple bars; framed legend inside plotting area,PRIVATE_REFERENCE_ONLY/corpus/PMC13562520/figures/Fig1.webp,nature_2
PMC13562520,Nature Communications,nature,2,B,grouped_bar,LB,UNKNOWN,none,white,bars_caps,yes,open,small,UNKNOWN,UNKNOWN,outside_top,yes,2,7,saturated,na,na,upper,bold,much_larger,sans,bold,no,none,no,no,normal,45,wide,medium,more panels not reviewed; one colour per receptor with open versus filled fill for the two conditions; framed legend above plot,PRIVATE_REFERENCE_ONLY/corpus/PMC13562520/figures/Fig2.webp,nature_2
PMC13562520,Nature Communications,nature,2,C,line,box,UNKNOWN,none,white,none,na,na,na,UNKNOWN,UNKNOWN,none,na,na,2,saturated,na,na,upper,bold,much_larger,sans,bold,no,none,no,no,sparse,0,wide,low,"two small framed trace subplots share letter C, one row recorded; single-molecule images alongside; arrows mark steps; details UNKNOWN because traces are tiny",PRIVATE_REFERENCE_ONLY/corpus/PMC13562520/figures/Fig2.webp,nature_2
PMC13562520,Nature Communications,nature,2,D,line,box,UNKNOWN,none,white,none,na,na,na,UNKNOWN,UNKNOWN,none,na,na,2,saturated,na,na,upper,bold,much_larger,sans,bold,no,none,no,no,sparse,0,wide,low,"two small framed trace subplots share letter D, one row recorded; images alongside",PRIVATE_REFERENCE_ONLY/corpus/PMC13562520/figures/Fig2.webp,nature_2
PMC13562520,Nature Communications,nature,2,E,bar,LB,UNKNOWN,none,white,bars_caps,yes,open,small,UNKNOWN,UNKNOWN,none,na,na,2,saturated,na,na,upper,bold,much_larger,sans,bold,yes,none,no,no,normal,45,tall,medium,"two subplots (red, green) share letter E, one row recorded; header title above",PRIVATE_REFERENCE_ONLY/corpus/PMC13562520/figures/Fig2.webp,nature_2
PMC13562520,Nature Communications,nature,2,F,bar,LB,UNKNOWN,none,white,bars_caps,yes,open,small,UNKNOWN,UNKNOWN,none,na,na,2,saturated,na,na,upper,bold,much_larger,sans,bold,yes,none,no,no,normal,45,tall,medium,"two subplots (red, green) share letter F, one row recorded; header title above",PRIVATE_REFERENCE_ONLY/corpus/PMC13562520/figures/Fig2.webp,nature_2
PMC13562520,Nature Communications,nature,2,G,bar,LB,UNKNOWN,none,white,bars_caps,yes,open,small,UNKNOWN,UNKNOWN,none,na,na,4,saturated,na,na,upper,bold,much_larger,sans,bold,no,none,no,no,normal,45,square,medium,"one colour per receptor, one bar drawn open",PRIVATE_REFERENCE_ONLY/corpus/PMC13562520/figures/Fig2.webp,nature_2
PMC13562520,Nature Communications,nature,2,H,bar,LB,UNKNOWN,none,white,bars_caps,yes,open,small,UNKNOWN,UNKNOWN,outside_top,yes,2,4,saturated,na,na,upper,bold,much_larger,sans,bold,no,none,no,no,normal,45,square,medium,framed legend above and to the right of the plot,PRIVATE_REFERENCE_ONLY/corpus/PMC13562520/figures/Fig2.webp,nature_2
PMC13562520,Nature Communications,nature,2,J,line,box,UNKNOWN,none,white,none,na,na,na,UNKNOWN,UNKNOWN,none,na,na,2,saturated,na,na,upper,bold,much_larger,sans,bold,no,none,no,no,sparse,0,wide,low,"two small framed trace subplots share letter J, one row recorded; panels K and L not reviewed (more than eight quantitative panels); panels A and I non-quantitative",PRIVATE_REFERENCE_ONLY/corpus/PMC13562520/figures/Fig2.webp,nature_2
PMC13562520,Nature Communications,nature,3,A,grouped_bar,LB,UNKNOWN,none,white,bars_caps,yes,open,small,UNKNOWN,UNKNOWN,inside,yes,2,1,saturated,na,na,upper,bold,much_larger,sans,bold,no,none,no,no,normal,45,wide,medium,open versus filled purple bars; solid and dashed horizontal reference lines; sequence schematic drawn above the plot,PRIVATE_REFERENCE_ONLY/corpus/PMC13562520/figures/Fig3.webp,nature_2
PMC13562520,Nature Communications,nature,3,B,scatter_regression,LB,UNKNOWN,none,white,bars_caps,na,mixed,medium,UNKNOWN,UNKNOWN,none,na,na,1,saturated,na,na,upper,bold,much_larger,sans,bold,no,none,no,no,sparse,0,square,medium,x and y capped error bars on every point; black fit line with shaded confidence band bounded by dash-dot lines; point labels as plain text,PRIVATE_REFERENCE_ONLY/corpus/PMC13562520/figures/Fig3.webp,nature_2
PMC13562520,Nature Communications,nature,3,C,scatter_regression,LB,UNKNOWN,none,white,bars_caps,na,mixed,medium,UNKNOWN,UNKNOWN,none,na,na,1,saturated,na,na,upper,bold,much_larger,sans,bold,no,none,no,no,sparse,0,square,medium,"as B: x and y capped error bars, fit line with shaded band and dash-dot bounds",PRIVATE_REFERENCE_ONLY/corpus/PMC13562520/figures/Fig3.webp,nature_2
PMC13562520,Nature Communications,nature,3,D,bar,LB,UNKNOWN,none,white,bars_caps,yes,filled,small,UNKNOWN,UNKNOWN,none,na,na,1,saturated,na,na,upper,bold,much_larger,sans,bold,no,p_values,yes,no,normal,45,tall,medium,"two subplots share letter D, one row recorded; black filled points; p value above bracket; schematic above plot",PRIVATE_REFERENCE_ONLY/corpus/PMC13562520/figures/Fig3.webp,nature_2
PMC13562520,Nature Communications,nature,3,E,line,LB,UNKNOWN,none,white,none,na,na,na,UNKNOWN,UNKNOWN,none,na,na,2,saturated,na,na,upper,bold,much_larger,sans,bold,no,none,no,no,sparse,0,wide,low,micrographs plus line-scan plot; red and green traces,PRIVATE_REFERENCE_ONLY/corpus/PMC13562520/figures/Fig3.webp,nature_2
PMC13562520,Nature Communications,nature,3,F,line,LB,UNKNOWN,none,white,none,na,na,na,UNKNOWN,UNKNOWN,none,na,na,2,saturated,na,na,upper,bold,much_larger,sans,bold,no,none,no,no,sparse,0,wide,low,micrographs plus line-scan plot; red and green traces,PRIVATE_REFERENCE_ONLY/corpus/PMC13562520/figures/Fig3.webp,nature_2
PMC13562520,Nature Communications,nature,3,G,dot_strip,L,UNKNOWN,none,white,none,na,mixed,medium,UNKNOWN,UNKNOWN,none,na,na,0,monochrome_black,na,na,upper,bold,much_larger,sans,bold,no,p_values,yes,no,normal,45,tall,medium,"paired points joined by lines; open control and filled treated markers; no bottom axis line, groups marked by underline bars with italic labels; schematics above plot",PRIVATE_REFERENCE_ONLY/corpus/PMC13562520/figures/Fig3.webp,nature_2
PMC13562587,Nature Communications,nature,1,b,scatter,L,UNKNOWN,none,white,none,na,open,small,UNKNOWN,UNKNOWN,none,na,na,2,saturated,na,na,lower,regular,much_larger,sans,regular,no,none,no,no,sparse,na,wide,medium,"ranked dot plot with no bottom axis line or x tick labels; red dashed threshold line; group extents marked by bracket lines with text above; panels a and h schematics, f table, j blot",PRIVATE_REFERENCE_ONLY/corpus/PMC13562587/figures/Fig1.webp,nature_2
PMC13562587,Nature Communications,nature,1,c,other_quant,box,UNKNOWN,none,white,none,na,na,na,UNKNOWN,UNKNOWN,none,na,na,2,saturated,na,na,lower,regular,much_larger,sans,regular,no,none,no,no,dense,0,wide,low,"genome-browser copy-number tracks (red gain, blue loss) with ideogram above; tiny percent axes; dashed vertical region markers",PRIVATE_REFERENCE_ONLY/corpus/PMC13562587/figures/Fig1.webp,nature_2
PMC13562587,Nature Communications,nature,1,d,scatter,L,UNKNOWN,none,white,none,na,open,small,UNKNOWN,UNKNOWN,none,na,na,1,saturated,na,na,lower,regular,much_larger,sans,regular,no,none,no,no,sparse,na,square,medium,ranked dot plot with left axis only; red dashed threshold line; bracket with text above points,PRIVATE_REFERENCE_ONLY/corpus/PMC13562587/figures/Fig1.webp,nature_2
PMC13562587,Nature Communications,nature,1,e,volcano,LB,UNKNOWN,none,white,none,na,filled,medium,UNKNOWN,UNKNOWN,none,na,na,3,saturated,na,na,lower,regular,much_larger,sans,regular,yes,none,no,no,sparse,0,square,medium,two-line title above; black dotted threshold lines and red dashed line; blue to dark red point colours,PRIVATE_REFERENCE_ONLY/corpus/PMC13562587/figures/Fig1.webp,nature_2
PMC13562587,Nature Communications,nature,1,g,box,none,UNKNOWN,major,white,box_whisker,yes,open,small,UNKNOWN,UNKNOWN,none,na,na,4,saturated,na,na,lower,regular,much_larger,sans,regular,yes,none,no,no,normal,45,square,medium,"ggplot-like look: no axis lines, dotted grey grid, grey box fills with coloured open jitter points; y axis label two lines; x axis title placed at left of tick labels",PRIVATE_REFERENCE_ONLY/corpus/PMC13562587/figures/Fig1.webp,nature_2
PMC13562587,Nature Communications,nature,1,i,bar,LB,UNKNOWN,none,white,bars_caps,yes,filled,small,UNKNOWN,UNKNOWN,none,na,na,3,mixed,na,na,lower,regular,much_larger,sans,regular,no,p_values,yes,no,normal,0,wide,medium,"green, grey and pink bars with matching points; p values printed above stepped brackets; two-line x tick labels",PRIVATE_REFERENCE_ONLY/corpus/PMC13562587/figures/Fig1.webp,nature_2
PMC13562587,Nature Communications,nature,2,e,stacked_bar,LB,UNKNOWN,none,white,none,na,na,na,UNKNOWN,UNKNOWN,outside_right,no,4,4,sequential,na,na,lower,regular,much_larger,sans,regular,yes,none,no,yes,normal,0,wide,medium,"100 percent stacked bars in a light-purple to blue to black ordinal ramp with black segment borders; N printed under each x tick label; panels a schematic, b blots, c and d micrographs",PRIVATE_REFERENCE_ONLY/corpus/PMC13562587/figures/Fig2.webp,nature_2
PMC13562587,Nature Communications,nature,2,f,pie_donut,none,UNKNOWN,none,white,none,na,na,na,UNKNOWN,UNKNOWN,outside_right,no,3,3,sequential,na,na,lower,regular,much_larger,sans,regular,yes,none,no,yes,sparse,na,square,medium,donut with one exploded segment; counts printed in segments; dashed boxed text lists linked to segments by dotted leaders; n stated below,PRIVATE_REFERENCE_ONLY/corpus/PMC13562587/figures/Fig2.webp,nature_2
PMC13562587,Nature Communications,nature,3,b,histogram_density,box,UNKNOWN,none,white,none,na,na,na,UNKNOWN,UNKNOWN,outside_right,no,2,2,saturated,na,na,lower,regular,much_larger,sans,regular,yes,none,no,no,normal,0,wide,medium,"four flow-cytometry ridge subplots share letter b, one row recorded; filled magenta and grey density curves stacked by row; log x axes; arrow-style shared x axis titles below; legend swatches drawn as bordered squares",PRIVATE_REFERENCE_ONLY/corpus/PMC13562587/figures/Fig3.webp,nature_2
PMC13562587,Nature Communications,nature,3,c,bar,LB,UNKNOWN,none,white,none,yes,filled,medium,UNKNOWN,UNKNOWN,none,na,na,2,muted,na,na,lower,regular,much_larger,sans,regular,yes,none,no,no,normal,45,tall,medium,panel c is mostly micrographs; row recorded for the bar plot at right; y axis break; dotted vertical separator; grey and green bars with one point each; some tick labels coloured green; panel a schematic,PRIVATE_REFERENCE_ONLY/corpus/PMC13562587/figures/Fig3.webp,nature_2
PMC13562589,Nature Communications,nature,1,d,line,box,out,none,white,none,na,na,na,heavy,UNKNOWN,outside_top,yes,5,5,muted,na,na,lower,bold,much_larger,sans,regular,no,none,na,no,normal,0,wide,high,"panels a,e structures; b,c gels; d has zoom inset with box spines; legend is a framed box above the plot",PRIVATE_REFERENCE_ONLY/corpus/PMC13562589/figures/Fig1.webp,nature_2
PMC13562589,Nature Communications,nature,2,a,bar,LB,UNKNOWN,none,white,bars_caps,yes,filled,small,na,UNKNOWN,none,na,na,2,muted,na,na,lower,bold,much_larger,sans,regular,no,none,na,no,normal,45,tall,medium,two bar subplots share letter a (one row); broken y-axis; one fill colour per subplot,PRIVATE_REFERENCE_ONLY/corpus/PMC13562589/figures/Fig2.webp,nature_2
PMC13562589,Nature Communications,nature,2,c,line,LB,UNKNOWN,none,white,none,na,na,na,regular,UNKNOWN,inside,no,3,3,saturated,na,na,lower,bold,much_larger,sans,regular,yes,none,na,no,normal,0,wide,medium,"letter covers a line subplot plus a companion bar subplot (bars_caps error bars, points overlaid, 45-degree x labels, single fill colour); row describes the line subplot",PRIVATE_REFERENCE_ONLY/corpus/PMC13562589/figures/Fig2.webp,nature_2
PMC13562589,Nature Communications,nature,2,d,line,LB,UNKNOWN,none,white,none,na,na,na,regular,UNKNOWN,inside,no,6,6,saturated,na,na,lower,bold,much_larger,sans,regular,yes,none,na,no,normal,0,wide,medium,"letter covers a line subplot plus a companion bar subplot (bars_caps error bars, points overlaid, 45-degree x labels, single fill colour); row describes the line subplot",PRIVATE_REFERENCE_ONLY/corpus/PMC13562589/figures/Fig2.webp,nature_2
PMC13562589,Nature Communications,nature,2,e,line,LB,UNKNOWN,none,white,none,na,na,na,regular,UNKNOWN,inside,no,6,6,saturated,na,na,lower,bold,much_larger,sans,regular,yes,none,na,no,normal,0,wide,medium,"letter covers a line subplot plus a companion bar subplot (bars_caps error bars, points overlaid, 45-degree x labels, single fill colour); row describes the line subplot",PRIVATE_REFERENCE_ONLY/corpus/PMC13562589/figures/Fig2.webp,nature_2
PMC13562589,Nature Communications,nature,2,f,line,LB,UNKNOWN,none,white,none,na,na,na,regular,UNKNOWN,inside,no,6,6,saturated,na,na,lower,bold,much_larger,sans,regular,yes,none,na,no,normal,0,wide,medium,"letter covers a line subplot plus a companion bar subplot (bars_caps error bars, points overlaid, 45-degree x labels, single fill colour); row describes the line subplot",PRIVATE_REFERENCE_ONLY/corpus/PMC13562589/figures/Fig2.webp,nature_2
PMC13562589,Nature Communications,nature,3,,non-quantitative,,,,,,,,,,,,,,,,,,,,,,,,,,,,,,high,cryoEM maps and models only,PRIVATE_REFERENCE_ONLY/corpus/PMC13562589/figures/Fig3.webp,nature_2
PMC13562589,Nature Communications,nature,4,,non-quantitative,,,,,,,,,,,,,,,,,,,,,,,,,,,,,,high,structure close-ups only (caption),PRIVATE_REFERENCE_ONLY/corpus/PMC13562589/figures/Fig4.webp,nature_2
PMC13562589,Nature Communications,nature,5,a,heatmap,box,out,none,white,na,na,na,na,na,UNKNOWN,none,na,na,0,diverging,blue_white_red,right,lower,bold,much_larger,sans,regular,no,none,na,yes,normal,0,wide,high,"stacked heatmap strips sharing one colourbar; panels b,c are structures; vertical reference lines",PRIVATE_REFERENCE_ONLY/corpus/PMC13562589/figures/Fig5.webp,nature_2
PMC13562589,Nature Communications,nature,5,d,heatmap,box,out,none,white,na,na,na,na,na,UNKNOWN,none,na,na,0,diverging,blue_white_red,right,lower,bold,much_larger,sans,regular,no,none,na,yes,normal,0,wide,high,stacked heatmap strips sharing one colourbar,PRIVATE_REFERENCE_ONLY/corpus/PMC13562589/figures/Fig5.webp,nature_2
PMC13562589,Nature Communications,nature,5,e,heatmap,box,out,none,white,na,na,na,na,na,UNKNOWN,none,na,na,0,diverging,blue_white_red,right,lower,bold,much_larger,sans,regular,no,none,na,yes,normal,0,wide,high,stacked heatmap strips sharing one colourbar,PRIVATE_REFERENCE_ONLY/corpus/PMC13562589/figures/Fig5.webp,nature_2
PMC13562589,Nature Communications,nature,5,f,heatmap,box,out,none,white,na,na,na,na,na,UNKNOWN,none,na,na,0,diverging,blue_white_red,right,lower,bold,much_larger,sans,regular,no,none,na,yes,normal,0,wide,high,stacked heatmap strips sharing one colourbar,PRIVATE_REFERENCE_ONLY/corpus/PMC13562589/figures/Fig5.webp,nature_2
PMC13562589,Nature Communications,nature,5,g,line,box,out,none,white,none,na,na,na,regular,UNKNOWN,below,no,7,6,saturated,na,na,lower,bold,much_larger,sans,regular,yes,none,na,no,normal,0,wide,high,"single legend shared by g,h,i placed below the figure; dashed horizontal threshold line",PRIVATE_REFERENCE_ONLY/corpus/PMC13562589/figures/Fig5.webp,nature_2
PMC13562589,Nature Communications,nature,5,h,line,box,out,none,white,none,na,na,na,regular,UNKNOWN,below,no,7,6,saturated,na,na,lower,bold,much_larger,sans,regular,yes,none,na,no,normal,0,wide,high,shared legend below figure; grey dashed reference lines are thresholds not grid,PRIVATE_REFERENCE_ONLY/corpus/PMC13562589/figures/Fig5.webp,nature_2
PMC13562589,Nature Communications,nature,5,i,line,box,out,none,white,none,na,na,na,regular,UNKNOWN,below,no,7,6,saturated,na,na,lower,bold,much_larger,sans,regular,yes,none,na,no,normal,0,wide,high,shared legend below figure,PRIVATE_REFERENCE_ONLY/corpus/PMC13562589/figures/Fig5.webp,nature_2
PMC13562594,Nature Communications,nature,1,,non-quantitative,,,,,,,,,,,,,,,,,,,,,,,,,,,,,,high,"gene schematic, sequences, gels and chromatograms only",PRIVATE_REFERENCE_ONLY/corpus/PMC13562594/figures/Fig1.webp,nature_2
PMC13562594,Nature Communications,nature,2,,non-quantitative,,,,,,,,,,,,,,,,,,,,,,,,,,,,,,high,histology and electron micrographs only,PRIVATE_REFERENCE_ONLY/corpus/PMC13562594/figures/Fig2.webp,nature_2
PMC13562594,Nature Communications,nature,3,a,scatter_regression,LB,out,none,white,none,na,filled,medium,regular,UNKNOWN,inside,yes,3,3,saturated,na,na,lower,bold,much_larger,sans,regular,no,none,no,no,normal,0,wide,high,letter a also covers western blot strips at left; row describes the scatter with fitted decay curves; markers differ by shape and colour,PRIVATE_REFERENCE_ONLY/corpus/PMC13562594/figures/Fig3.webp,nature_2
PMC13562594,Nature Communications,nature,3,b,dot_strip,LB,out,none,white,none,yes,open,medium,na,UNKNOWN,none,na,na,1,saturated,na,na,lower,bold,much_larger,sans,regular,yes,p_values,yes,no,normal,0,square,medium,one row for letter b which holds three dot-strip subplots (plus blot strips above); open diamond markers with horizontal mean bar; one colour per subplot,PRIVATE_REFERENCE_ONLY/corpus/PMC13562594/figures/Fig3.webp,nature_2
PMC13562594,Nature Communications,nature,4,c,dot_strip,box,out,none,white,bars,yes,filled,small,na,UNKNOWN,none,na,na,1,saturated,na,na,lower,bold,much_larger,sans,regular,yes,p_values,yes,yes,normal,0,tall,medium,one row for letter c which holds five dot-strip subplots; faint horizontal major grid lines; n printed under x tick labels; panels a (timeline schematic) and b (gel) not quantitative,PRIVATE_REFERENCE_ONLY/corpus/PMC13562594/figures/Fig4.webp,nature_2
PMC13562594,Nature Communications,nature,5,,non-quantitative,,,,,,,,,,,,,,,,,,,,,,,,,,,,,,high,immunofluorescence micrographs only,PRIVATE_REFERENCE_ONLY/corpus/PMC13562594/figures/Fig5.webp,nature_2
PMC13562594,Nature Communications,nature,6,b,dot_strip,L,out,major,white,none,yes,filled,small,na,UNKNOWN,none,na,na,1,greys,na,na,lower,bold,much_larger,sans,regular,no,p_values,yes,no,sparse,0,wide,medium,"panel a is electron micrographs; b shows grey triangle markers, faint grid lines, no bottom spine, grouped x labels under a rule",PRIVATE_REFERENCE_ONLY/corpus/PMC13562594/figures/Fig6.webp,nature_2
PMC13569489,Nature Communications,nature,1,a,line,box,in,none,white,none,no,open,small,regular,UNKNOWN,inside,no,4,4,saturated,na,na,lower,bold,much_larger,sans,regular,no,none,na,no,normal,0,tall,high,letter a covers two stacked XRD subplots sharing an x axis; open circle observed data under calculated lines; tick marks point into the axes,PRIVATE_REFERENCE_ONLY/corpus/PMC13569489/figures/Fig1.webp,nature_2
PMC13569489,Nature Communications,nature,1,d,line,box,in,none,white,none,na,na,na,regular,UNKNOWN,inside,no,6,6,mixed,na,na,lower,bold,much_larger,sans,regular,no,none,na,no,normal,0,wide,high,inset scatter-line plot in upper area with its own box frame; text label inside top right,PRIVATE_REFERENCE_ONLY/corpus/PMC13569489/figures/Fig1.webp,nature_2
PMC13569489,Nature Communications,nature,1,e,line,box,in,none,white,none,na,na,na,regular,UNKNOWN,inside,no,4,4,mixed,na,na,lower,bold,much_larger,sans,regular,no,none,na,no,normal,0,wide,high,"mix of solid and dashed lines; dotted vertical reference lines and arrow annotations; panels b,c micrographs and f schematic",PRIVATE_REFERENCE_ONLY/corpus/PMC13569489/figures/Fig1.webp,nature_2
PMC13569489,Nature Communications,nature,2,a,line,box,in,none,white,none,no,open,small,na,UNKNOWN,inside,no,6,6,sequential,na,na,lower,bold,much_larger,sans,regular,no,none,na,no,normal,0,square,high,curves drawn as dense open circle markers; red-to-teal graded colours,PRIVATE_REFERENCE_ONLY/corpus/PMC13569489/figures/Fig2.webp,nature_2
PMC13569489,Nature Communications,nature,2,b,dot_strip,box,in,none,white,bars_caps,no,open,medium,hairline,UNKNOWN,inside,no,3,3,saturated,na,na,lower,bold,much_larger,sans,regular,no,none,na,no,normal,45,square,high,open circle markers with capped error bars joined by dotted guide lines; yellow highlight band behind one x category,PRIVATE_REFERENCE_ONLY/corpus/PMC13569489/figures/Fig2.webp,nature_2
PMC13569489,Nature Communications,nature,2,c,scatter_regression,box,in,none,white,none,na,filled,small,regular,UNKNOWN,inside,no,3,3,saturated,na,na,lower,bold,much_larger,sans,regular,no,none,na,no,normal,0,square,high,semi-transparent filled points with fitted curves,PRIVATE_REFERENCE_ONLY/corpus/PMC13569489/figures/Fig2.webp,nature_2
PMC13569489,Nature Communications,nature,2,d,line,box,in,none,white,none,na,na,na,regular,UNKNOWN,none,na,na,2,saturated,na,na,lower,bold,much_larger,sans,regular,no,none,na,no,normal,0,square,high,one row for letter d which holds two spectra subplots plus photographs above them; in-plot text labels instead of a legend,PRIVATE_REFERENCE_ONLY/corpus/PMC13569489/figures/Fig2.webp,nature_2
PMC13569489,Nature Communications,nature,2,e,line,box,in,none,white,none,no,open,small,na,UNKNOWN,inside,no,4,4,saturated,na,na,lower,bold,much_larger,sans,regular,no,none,na,no,normal,0,wide,high,four stacked chronopotentiometry traces in one framed axes with repeated y ranges; open square markers,PRIVATE_REFERENCE_ONLY/corpus/PMC13569489/figures/Fig2.webp,nature_2
PMC13569489,Nature Communications,nature,3,a,line,box,in,none,white,none,na,na,na,regular,UNKNOWN,none,na,na,10,sequential,na,na,lower,bold,much_larger,sans,regular,no,none,na,no,normal,0,tall,high,waterfall of offset spectra in blue colour ramp; main axes plus a narrow companion axes at right; shaded highlight band; in-plot text labels not a legend,PRIVATE_REFERENCE_ONLY/corpus/PMC13569489/figures/Fig3.webp,nature_2
PMC13569489,Nature Communications,nature,3,b,line,box,in,none,white,none,na,na,na,regular,UNKNOWN,none,na,na,10,sequential,na,na,lower,bold,much_larger,sans,regular,no,none,na,no,normal,0,tall,high,waterfall of offset spectra in yellow-to-red ramp; main axes plus narrow companion axes at right,PRIVATE_REFERENCE_ONLY/corpus/PMC13569489/figures/Fig3.webp,nature_2
PMC13569489,Nature Communications,nature,3,d,line,box,in,none,white,none,na,na,na,regular,UNKNOWN,inside,no,4,4,saturated,na,na,lower,bold,much_larger,sans,regular,no,none,na,no,normal,0,wide,high,one row for letter d: main XANES axes plus a separate zoom axes at right; dashed box marks the zoomed region,PRIVATE_REFERENCE_ONLY/corpus/PMC13569489/figures/Fig3.webp,nature_2
PMC13569489,Nature Communications,nature,3,e,line,box,in,none,white,none,na,na,na,regular,UNKNOWN,inside,no,4,4,saturated,na,na,lower,bold,much_larger,sans,regular,no,none,na,no,normal,0,wide,high,one row for letter e: main axes plus separate zoom axes at right,PRIVATE_REFERENCE_ONLY/corpus/PMC13569489/figures/Fig3.webp,nature_2
PMC13569489,Nature Communications,nature,3,f,line,box,in,none,white,none,na,na,na,regular,UNKNOWN,inside,no,4,4,saturated,na,na,lower,bold,much_larger,sans,regular,no,none,na,no,normal,0,square,high,dotted vertical reference line; panels c and h are schematics,PRIVATE_REFERENCE_ONLY/corpus/PMC13569489/figures/Fig3.webp,nature_2
PMC13569489,Nature Communications,nature,3,g,line,box,in,none,white,none,na,na,na,regular,UNKNOWN,inside,no,4,4,saturated,na,na,lower,bold,much_larger,sans,regular,no,none,na,no,normal,0,square,high,dotted vertical reference line,PRIVATE_REFERENCE_ONLY/corpus/PMC13569489/figures/Fig3.webp,nature_2
PMC13569845,Nature Communications,nature,1,,non-quantitative,,,,,,,,,,,,,,,,,,,,,,,,,,,,,,high,chemical structure drawings only,PRIVATE_REFERENCE_ONLY/corpus/PMC13569845/figures/Fig1.webp,nature_2
PMC13569845,Nature Communications,nature,2,a,line,box,in,none,white,none,na,na,na,regular,UNKNOWN,none,na,na,2,mixed,na,na,lower,bold,much_larger,sans,regular,no,none,na,no,normal,0,tall,high,"offset DSC traces labelled in plot with arrows; small unframed inset curve; minor tick marks between major ticks, ticks point inward",PRIVATE_REFERENCE_ONLY/corpus/PMC13569845/figures/Fig2.webp,nature_2
PMC13569845,Nature Communications,nature,2,b,line,box,in,none,white,none,na,na,na,regular,UNKNOWN,none,na,na,3,mixed,na,na,lower,bold,much_larger,sans,regular,no,none,na,no,normal,0,tall,high,"waterfall of offset XRD traces, mostly black with two highlighted blue traces; separate vertical temperature colour bar strip sits between panels b and c",PRIVATE_REFERENCE_ONLY/corpus/PMC13569845/figures/Fig2.webp,nature_2
PMC13569845,Nature Communications,nature,2,c,line,box,in,none,white,none,na,na,na,regular,UNKNOWN,none,na,na,3,mixed,na,na,lower,bold,much_larger,sans,regular,no,none,na,no,normal,0,tall,high,waterfall of offset IR spectra; y axis label printed on the right side; panel d is a schematic,PRIVATE_REFERENCE_ONLY/corpus/PMC13569845/figures/Fig2.webp,nature_2
PMC13569845,Nature Communications,nature,3,b,line,box,in,none,white,none,na,na,na,regular,UNKNOWN,in_title_or_caption,na,4,4,saturated,na,na,lower,bold,much_larger,sans,regular,no,none,na,no,normal,0,square,high,curves identified by text labels placed next to each line rather than a legend box; panels a and d are photographs,PRIVATE_REFERENCE_ONLY/corpus/PMC13569845/figures/Fig3.webp,nature_2
PMC13569845,Nature Communications,nature,3,c,line,box,in,none,white,none,na,na,na,regular,UNKNOWN,in_title_or_caption,na,4,4,saturated,na,na,lower,bold,much_larger,sans,regular,no,none,na,no,normal,0,square,high,curves identified by in-plot text labels,PRIVATE_REFERENCE_ONLY/corpus/PMC13569845/figures/Fig3.webp,nature_2
PMC13569845,Nature Communications,nature,4,g,line,box,in,none,white,none,na,na,na,hairline,UNKNOWN,none,na,na,3,mixed,na,na,lower,bold,much_larger,sans,regular,no,none,na,no,normal,0,wide,high,family of many grey time-series curves with first and last highlighted in blue/cyan; in-plot text and arrows instead of a legend,PRIVATE_REFERENCE_ONLY/corpus/PMC13569845/figures/Fig4.webp,nature_2
PMC13569845,Nature Communications,nature,4,h,scatter,box,in,none,white,none,na,filled,medium,na,UNKNOWN,none,na,na,1,monochrome_black,na,na,lower,bold,much_larger,sans,regular,no,none,na,no,normal,0,wide,high,"filled black circles, no connecting line; small in-plot annotation",PRIVATE_REFERENCE_ONLY/corpus/PMC13569845/figures/Fig4.webp,nature_2
PMC13569845,Nature Communications,nature,4,l,line,box,in,none,white,none,na,na,na,hairline,UNKNOWN,none,na,na,3,mixed,na,na,lower,bold,much_larger,sans,regular,no,none,na,no,normal,0,wide,high,grey curve family with highlighted first/last traces,PRIVATE_REFERENCE_ONLY/corpus/PMC13569845/figures/Fig4.webp,nature_2
PMC13569845,Nature Communications,nature,4,m,scatter,box,in,none,white,none,na,filled,medium,na,UNKNOWN,none,na,na,1,saturated,na,na,lower,bold,much_larger,sans,regular,no,none,na,no,normal,0,wide,high,"filled light-blue circles; panels a-f,i-k are photographs or 2D detector images and n is a schematic",PRIVATE_REFERENCE_ONLY/corpus/PMC13569845/figures/Fig4.webp,nature_2
