paper_id,journal,journal_family,figure_number,panel,plot_family,spines,tick_direction,grid,background,error_bar_style,points_overlaid,marker_fill,marker_size_class,line_weight_class,axis_line_weight_class,legend_position,legend_frame,legend_entries,n_categorical_colours,palette_class,sequential_cmap_class,colourbar_position,panel_label_case,panel_label_weight,panel_label_size_class,font_class,axis_label_weight,title_present,significance_style,brackets,n_stated_in_panel,tick_label_density,x_tick_rotation,panel_aspect_class,confidence,notes,image_path,reviewer
PMC10028007,Cell Metabolism,Cell,1,C,line,LB,out,none,white,bars,na,mixed,medium,UNKNOWN,UNKNOWN,inside,no,2,0,monochrome_black,na,na,upper,bold,larger,sans,regular,no,none,no,no,normal,0,square,medium,more panels not reviewed,PRIVATE_REFERENCE_ONLY/corpus/PMC10028007/figures/Fig1.jpg,cell_1
PMC10028007,Cell Metabolism,Cell,1,D,line,LB,out,none,white,bars,na,mixed,medium,UNKNOWN,UNKNOWN,inside,no,2,0,monochrome_black,na,na,upper,bold,larger,sans,regular,no,none,no,no,normal,0,square,medium,more panels not reviewed,PRIVATE_REFERENCE_ONLY/corpus/PMC10028007/figures/Fig1.jpg,cell_1
PMC10028007,Cell Metabolism,Cell,1,E,grouped_bar,LB,out,none,white,bars,yes,filled,small,na,UNKNOWN,outside_top,no,2,0,monochrome_black,na,na,upper,bold,larger,sans,regular,no,none,no,no,normal,0,square,medium,more panels not reviewed,PRIVATE_REFERENCE_ONLY/corpus/PMC10028007/figures/Fig1.jpg,cell_1
PMC10028007,Cell Metabolism,Cell,1,F,grouped_bar,LB,out,none,white,bars,yes,filled,small,na,UNKNOWN,outside_top,no,2,0,monochrome_black,na,na,upper,bold,larger,sans,regular,no,none,no,no,normal,0,square,medium,more panels not reviewed,PRIVATE_REFERENCE_ONLY/corpus/PMC10028007/figures/Fig1.jpg,cell_1
PMC10028007,Cell Metabolism,Cell,1,G,line,LB,out,none,white,bars,na,mixed,medium,UNKNOWN,UNKNOWN,inside,no,2,0,monochrome_black,na,na,upper,bold,larger,sans,regular,no,none,no,no,normal,0,square,medium,more panels not reviewed,PRIVATE_REFERENCE_ONLY/corpus/PMC10028007/figures/Fig1.jpg,cell_1
PMC10028007,Cell Metabolism,Cell,1,H,line,LB,out,none,white,bars,na,mixed,medium,UNKNOWN,UNKNOWN,inside,no,2,0,monochrome_black,na,na,upper,bold,larger,sans,regular,no,stars,no,no,normal,0,square,medium,more panels not reviewed,PRIVATE_REFERENCE_ONLY/corpus/PMC10028007/figures/Fig1.jpg,cell_1
PMC10028007,Cell Metabolism,Cell,1,I,grouped_bar,LB,out,none,white,bars,yes,filled,small,na,UNKNOWN,outside_top,no,2,0,monochrome_black,na,na,upper,bold,larger,sans,regular,no,stars,no,no,normal,0,square,medium,more panels not reviewed,PRIVATE_REFERENCE_ONLY/corpus/PMC10028007/figures/Fig1.jpg,cell_1
PMC10028007,Cell Metabolism,Cell,1,J,grouped_bar,LB,out,none,white,bars,yes,filled,small,na,UNKNOWN,outside_top,no,2,0,monochrome_black,na,na,upper,bold,larger,sans,regular,no,stars,no,no,normal,0,square,medium,more panels not reviewed,PRIVATE_REFERENCE_ONLY/corpus/PMC10028007/figures/Fig1.jpg,cell_1
PMC10028007,Cell Metabolism,Cell,2,A,line,LB,out,none,white,bars,na,mixed,medium,UNKNOWN,UNKNOWN,outside_top,no,2,0,monochrome_black,na,na,upper,bold,larger,sans,regular,no,none,no,no,normal,0,wide,medium,more panels not reviewed,PRIVATE_REFERENCE_ONLY/corpus/PMC10028007/figures/Fig2.jpg,cell_1
PMC10028007,Cell Metabolism,Cell,2,B,bar,LB,out,none,white,bars,yes,filled,small,na,UNKNOWN,outside_top,no,2,0,monochrome_black,na,na,upper,bold,larger,sans,regular,no,none,no,no,sparse,na,square,medium,more panels not reviewed,PRIVATE_REFERENCE_ONLY/corpus/PMC10028007/figures/Fig2.jpg,cell_1
PMC10028007,Cell Metabolism,Cell,2,C,line,LB,out,none,white,bars,na,mixed,medium,UNKNOWN,UNKNOWN,outside_top,no,2,0,monochrome_black,na,na,upper,bold,larger,sans,regular,no,none,no,no,normal,0,wide,medium,more panels not reviewed,PRIVATE_REFERENCE_ONLY/corpus/PMC10028007/figures/Fig2.jpg,cell_1
PMC10028007,Cell Metabolism,Cell,2,D,bar,LB,out,none,white,bars,yes,filled,small,na,UNKNOWN,outside_top,no,2,0,monochrome_black,na,na,upper,bold,larger,sans,regular,no,p_values,no,no,sparse,na,square,medium,more panels not reviewed,PRIVATE_REFERENCE_ONLY/corpus/PMC10028007/figures/Fig2.jpg,cell_1
PMC10028007,Cell Metabolism,Cell,2,E,grouped_bar,LB,out,none,white,bars,yes,filled,small,na,UNKNOWN,outside_top,no,2,0,monochrome_black,na,na,upper,bold,larger,sans,regular,no,stars,no,no,normal,0,square,medium,more panels not reviewed,PRIVATE_REFERENCE_ONLY/corpus/PMC10028007/figures/Fig2.jpg,cell_1
PMC10028007,Cell Metabolism,Cell,2,F,line_band,LB,out,none,white,band,na,na,na,UNKNOWN,UNKNOWN,outside_top,no,2,2,mixed,na,na,upper,bold,larger,sans,regular,no,none,no,no,normal,0,wide,medium,more panels not reviewed; black vs red series; grey vertical shading marks dark phase,PRIVATE_REFERENCE_ONLY/corpus/PMC10028007/figures/Fig2.jpg,cell_1
PMC10028007,Cell Metabolism,Cell,2,G,grouped_bar,LB,out,none,white,bars,yes,filled,small,na,UNKNOWN,outside_top,no,2,0,monochrome_black,na,na,upper,bold,larger,sans,regular,no,none,no,no,normal,0,square,medium,more panels not reviewed,PRIVATE_REFERENCE_ONLY/corpus/PMC10028007/figures/Fig2.jpg,cell_1
PMC10028007,Cell Metabolism,Cell,2,H,line_band,LB,out,none,white,band,na,na,na,UNKNOWN,UNKNOWN,outside_top,no,2,2,mixed,na,na,upper,bold,larger,sans,regular,no,none,no,no,normal,0,wide,medium,more panels not reviewed; black vs red series; grey vertical shading marks dark phase,PRIVATE_REFERENCE_ONLY/corpus/PMC10028007/figures/Fig2.jpg,cell_1
PMC10028007,Cell Metabolism,Cell,4,B,bar,LB,out,none,white,bars,yes,filled,small,na,UNKNOWN,outside_top,no,2,2,saturated,na,na,upper,bold,larger,sans,regular,no,none,no,no,sparse,na,square,medium,more panels not reviewed; downward (negative) bars; experiment schematic above legend,PRIVATE_REFERENCE_ONLY/corpus/PMC10028007/figures/Fig4.jpg,cell_1
PMC10028007,Cell Metabolism,Cell,4,C,bar,LB,out,none,white,bars,yes,filled,small,na,UNKNOWN,outside_top,no,2,2,saturated,na,na,upper,bold,larger,sans,regular,no,stars,yes,no,sparse,na,square,medium,more panels not reviewed; downward bars,PRIVATE_REFERENCE_ONLY/corpus/PMC10028007/figures/Fig4.jpg,cell_1
PMC10028007,Cell Metabolism,Cell,4,D,bar,LB,out,none,white,bars,yes,filled,small,na,UNKNOWN,outside_top,no,3,3,saturated,na,na,upper,bold,larger,sans,regular,no,stars,yes,no,sparse,na,square,medium,more panels not reviewed; downward bars; # used alongside *,PRIVATE_REFERENCE_ONLY/corpus/PMC10028007/figures/Fig4.jpg,cell_1
PMC10028007,Cell Metabolism,Cell,4,E,bar,LB,out,none,white,bars,yes,filled,small,na,UNKNOWN,outside_top,no,2,2,saturated,na,na,upper,bold,larger,sans,regular,no,stars,yes,no,sparse,na,square,medium,more panels not reviewed; downward bars,PRIVATE_REFERENCE_ONLY/corpus/PMC10028007/figures/Fig4.jpg,cell_1
PMC10028007,Cell Metabolism,Cell,4,F,grouped_bar,LB,out,none,white,bars,yes,filled,small,na,UNKNOWN,outside_top,no,2,2,mixed,na,na,upper,bold,larger,sans,regular,no,stars,yes,no,normal,0,square,medium,more panels not reviewed; white vs purple fills,PRIVATE_REFERENCE_ONLY/corpus/PMC10028007/figures/Fig4.jpg,cell_1
PMC10028007,Cell Metabolism,Cell,4,G,scatter_regression,LB,out,none,white,none,na,filled,small,UNKNOWN,UNKNOWN,inside,no,4,2,mixed,na,na,upper,bold,larger,sans,regular,no,p_values,no,no,normal,0,square,medium,more panels not reviewed; R2 and P printed inside panel; grey and purple markers,PRIVATE_REFERENCE_ONLY/corpus/PMC10028007/figures/Fig4.jpg,cell_1
PMC10028007,Cell Metabolism,Cell,4,H,line,LB,out,none,white,bars,na,mixed,medium,UNKNOWN,UNKNOWN,inside,no,2,2,mixed,na,na,upper,bold,larger,sans,regular,no,none,no,no,normal,0,wide,medium,more panels not reviewed; black vs purple; yellow vertical shaded bands mark experiment windows,PRIVATE_REFERENCE_ONLY/corpus/PMC10028007/figures/Fig4.jpg,cell_1
PMC10028007,Cell Metabolism,Cell,4,I,grouped_bar,LB,out,none,white,bars,yes,filled,small,na,UNKNOWN,outside_top,no,2,2,mixed,na,na,upper,bold,larger,sans,regular,no,stars,yes,no,normal,0,square,medium,more panels not reviewed; white vs purple fills,PRIVATE_REFERENCE_ONLY/corpus/PMC10028007/figures/Fig4.jpg,cell_1
PMC10171335,Cancer Cell,Cell,1,B,pie_donut,none,none,none,white,na,na,na,na,na,UNKNOWN,outside_right,no,3,3,saturated,na,na,upper,bold,larger,sans,regular,yes,none,no,yes,sparse,na,square,medium,Total=130 printed in donut hole; percentage labels in legend,PRIVATE_REFERENCE_ONLY/corpus/PMC10171335/figures/Fig1.jpg,cell_1
PMC10171335,Cancer Cell,Cell,1,C,pie_donut,none,none,none,white,na,na,na,na,na,UNKNOWN,outside_right,no,2,2,saturated,na,na,upper,bold,larger,sans,regular,yes,none,no,yes,sparse,na,square,medium,Total=130 printed in donut hole,PRIVATE_REFERENCE_ONLY/corpus/PMC10171335/figures/Fig1.jpg,cell_1
PMC10171335,Cancer Cell,Cell,1,E,stacked_bar,B,none,none,white,na,na,na,na,na,UNKNOWN,below,no,4,4,saturated,na,na,upper,bold,larger,sans,regular,yes,none,no,yes,sparse,0,tall,medium,"two stacked columns joined by alluvial ribbons; percentage labels inside segments; legend shared with panel F, placed below F; thin baseline rule under each column",PRIVATE_REFERENCE_ONLY/corpus/PMC10171335/figures/Fig1.jpg,cell_1
PMC10171335,Cancer Cell,Cell,1,F,stacked_bar,B,none,none,white,na,na,na,na,na,UNKNOWN,below,no,4,4,saturated,na,na,upper,bold,larger,sans,regular,no,none,no,yes,sparse,0,tall,medium,alluvial ribbons between two stacked columns; legend below shared with E,PRIVATE_REFERENCE_ONLY/corpus/PMC10171335/figures/Fig1.jpg,cell_1
PMC10171335,Cancer Cell,Cell,1,H,stacked_bar,B,none,none,white,na,na,na,na,na,UNKNOWN,below,no,5,5,saturated,na,na,upper,bold,larger,sans,regular,yes,none,no,yes,sparse,0,tall,medium,alluvial ribbons; percentage labels inside segments; legend below,PRIVATE_REFERENCE_ONLY/corpus/PMC10171335/figures/Fig1.jpg,cell_1
PMC10171335,Cancer Cell,Cell,3,B,pie_donut,none,none,none,white,na,na,na,na,na,UNKNOWN,below,no,3,3,saturated,na,na,upper,bold,larger,sans,regular,yes,none,no,yes,sparse,na,square,medium,Total=115 printed in donut hole,PRIVATE_REFERENCE_ONLY/corpus/PMC10171335/figures/Fig3.jpg,cell_1
PMC10171335,Cancer Cell,Cell,3,C,forest,B,out,none,white,bars_caps,na,filled,medium,UNKNOWN,UNKNOWN,none,na,na,3,mixed,na,na,upper,bold,larger,sans,regular,yes,p_values,no,yes,dense,0,tall,medium,"log-scale x axis; dotted vertical reference line at 1; OR (95% CI), N and p printed as a text column at left; curly braces group row blocks at right; black/red/blue squares",PRIVATE_REFERENCE_ONLY/corpus/PMC10171335/figures/Fig3.jpg,cell_1
PMC10171335,Cancer Cell,Cell,4,A,bar,LB,out,none,white,bars_caps,yes,filled,small,na,UNKNOWN,none,na,na,2,saturated,na,na,upper,bold,larger,sans,regular,no,stars,yes,no,sparse,0,tall,medium,open bar with mean/SEM and jittered filled points (green vs orange),PRIVATE_REFERENCE_ONLY/corpus/PMC10171335/figures/Fig4.jpg,cell_1
PMC10171335,Cancer Cell,Cell,4,B,line,box,out,none,white,none,na,na,na,UNKNOWN,UNKNOWN,none,na,na,3,mixed,na,na,upper,bold,larger,sans,regular,yes,none,no,no,dense,0,wide,medium,two stacked genome-wide tracks both labelled B; blue vertical chromosome delimiters; red dashed horizontal thresholds; red/green filled peaks; gene names annotated in italics,PRIVATE_REFERENCE_ONLY/corpus/PMC10171335/figures/Fig4.jpg,cell_1
PMC10171335,Cancer Cell,Cell,4,C,volcano,box,out,major,white,none,na,filled,small,na,UNKNOWN,outside_right,no,3,3,saturated,na,na,upper,bold,larger,sans,regular,yes,none,no,no,normal,0,square,medium,"two volcano subplots both labelled C (Primary, MIND-PDX); ggplot-like grey major grid on white with box frame; titled legend 'Label' between the two subplots",PRIVATE_REFERENCE_ONLY/corpus/PMC10171335/figures/Fig4.jpg,cell_1
PMC10171335,Cancer Cell,Cell,4,D,bar,LB,out,none,white,none,no,na,na,na,UNKNOWN,none,na,na,2,saturated,na,na,upper,bold,larger,sans,regular,no,none,no,no,dense,0,wide,medium,horizontal bars diverging about 0; two subplots both labelled D; green (positive) vs blue (negative),PRIVATE_REFERENCE_ONLY/corpus/PMC10171335/figures/Fig4.jpg,cell_1
PMC10171335,Cancer Cell,Cell,4,E,heatmap,box,none,none,white,na,na,na,na,na,UNKNOWN,na,na,na,0,sequential,other,right,upper,bold,larger,sans,regular,yes,none,no,no,dense,90,wide,medium,"single-row heatmap wrapped onto two rows; yellow-green-blue sequential map (YlGnBu-like), recorded as other; vertical gene labels almost touching",PRIVATE_REFERENCE_ONLY/corpus/PMC10171335/figures/Fig4.jpg,cell_1
PMC10171335,Cancer Cell,Cell,4,F,scatter,box,out,none,white,none,na,filled,small,na,UNKNOWN,inside,no,4,4,mixed,na,na,upper,bold,larger,sans,regular,no,none,no,no,normal,0,square,medium,heavy black zero reference lines cross the panel; legend titled 'color' inside upper right,PRIVATE_REFERENCE_ONLY/corpus/PMC10171335/figures/Fig4.jpg,cell_1
PMC10206407,Cell Systems,Cell,1,B,scatter_regression,LB,out,none,white,none,na,filled,medium,UNKNOWN,UNKNOWN,none,na,na,3,mixed,na,na,upper,bold,larger,sans,regular,no,none,no,no,normal,0,wide,high,"two stacked subplots both labelled B; bold in-plot subplot names (Tor, Diap1) top-left; grey/blue/orange filled circles; gene labels with leader lines; single unshaded regression line",PRIVATE_REFERENCE_ONLY/corpus/PMC10206407/figures/Fig1.jpg,cell_1
PMC10206407,Cell Systems,Cell,1,C,network,none,none,none,white,na,na,filled,medium,UNKNOWN,UNKNOWN,none,na,na,2,saturated,na,na,upper,bold,larger,sans,regular,no,none,no,no,sparse,na,square,medium,"grey nodes, yellow and blue edges; node names as plain text",PRIVATE_REFERENCE_ONLY/corpus/PMC10206407/figures/Fig1.jpg,cell_1
PMC10206407,Cell Systems,Cell,1,D,network,none,none,none,grey,na,na,filled,small,hairline,UNKNOWN,none,na,na,15,mixed,na,na,upper,bold,larger,sans,regular,no,none,no,no,sparse,na,square,medium,network drawn on a dark grey filled disc; approx 15 cluster colours (count approximate); white edges; cluster names annotated with leader lines,PRIVATE_REFERENCE_ONLY/corpus/PMC10206407/figures/Fig1.jpg,cell_1
PMC10206407,Cell Systems,Cell,3,A,heatmap,box,none,none,white,na,na,na,na,na,UNKNOWN,na,na,na,0,diverging,blue_white_red,right,upper,bold,larger,sans,regular,yes,none,no,no,dense,45,wide,medium,colourbar titled 'Value'; feature names rotated about 45 deg and nearly touching,PRIVATE_REFERENCE_ONLY/corpus/PMC10206407/figures/Fig3.jpg,cell_1
PMC10206407,Cell Systems,Cell,3,B,network,none,none,none,white,na,na,open,medium,heavy,UNKNOWN,na,na,na,0,diverging,blue_white_red,right,upper,bold,larger,sans,regular,yes,none,no,no,sparse,na,wide,medium,edges coloured by PCC with a diverging colourbar at right; open white circular nodes; edge weight clearly heavier than any axis line,PRIVATE_REFERENCE_ONLY/corpus/PMC10206407/figures/Fig3.jpg,cell_1
PMC10206407,Cell Systems,Cell,3,C,dot_bubble,LB,out,none,white,na,na,filled,large,na,UNKNOWN,outside_top,no,2,2,saturated,na,na,upper,bold,larger,sans,regular,no,none,no,no,normal,0,wide,medium,colour key (Negative/Positive) above the panel with heading 'Viability interactions'; separate 5-step size key below the panel,PRIVATE_REFERENCE_ONLY/corpus/PMC10206407/figures/Fig3.jpg,cell_1
PMC10206407,Cell Systems,Cell,3,E,bar,LB,out,none,white,bars_caps,yes,filled,small,na,UNKNOWN,none,na,na,0,greys,na,na,upper,bold,larger,sans,regular,no,stars,yes,no,normal,0,tall,high,three stacked subplots all labelled E sharing one y-axis title; mid-grey bar fill with thin black outline; horizontal reference line at 1.0; capped SEM bars; brackets with * and **,PRIVATE_REFERENCE_ONLY/corpus/PMC10206407/figures/Fig3.jpg,cell_1
PMC10206407,Cell Systems,Cell,4,B,other_quant,LB,out,none,white,none,na,filled,small,na,UNKNOWN,none,na,na,0,greys,na,na,upper,bold,larger,sans,regular,no,none,no,no,normal,0,wide,medium,UpSet plot: dark grey bar chart over a dot/line intersection matrix with horizontal set-size bars at left,PRIVATE_REFERENCE_ONLY/corpus/PMC10206407/figures/Fig4.jpg,cell_1
PMC10206407,Cell Systems,Cell,4,C,stacked_bar,LB,out,none,white,na,na,na,na,na,UNKNOWN,below,no,3,3,mixed,na,na,upper,bold,larger,sans,regular,no,none,no,no,sparse,0,tall,medium,proportion labels printed inside segments in white,PRIVATE_REFERENCE_ONLY/corpus/PMC10206407/figures/Fig4.jpg,cell_1
PMC10206407,Cell Systems,Cell,4,D,stacked_bar,LB,out,none,white,na,na,na,na,na,UNKNOWN,below,no,2,2,saturated,na,na,upper,bold,larger,sans,regular,yes,none,no,no,normal,45,wide,medium,two column groups titled Isolated and Crowded; orange/blue two-colour stacks with white value labels,PRIVATE_REFERENCE_ONLY/corpus/PMC10206407/figures/Fig4.jpg,cell_1
PMC10206407,Cell Systems,Cell,4,E,dot_bubble,B,out,major,white,na,na,filled,medium,na,UNKNOWN,outside_right,no,3,0,monochrome_black,na,na,upper,bold,larger,sans,regular,yes,none,no,no,normal,0,wide,medium,dotted horizontal guide line per row (recorded as major grid); size key 'Combined score' at right; two-line panel title,PRIVATE_REFERENCE_ONLY/corpus/PMC10206407/figures/Fig4.jpg,cell_1
PMC10206407,Cell Systems,Cell,4,F,dot_bubble,B,out,major,white,na,na,filled,medium,na,UNKNOWN,outside_right,no,4,0,monochrome_black,na,na,upper,bold,larger,sans,regular,yes,none,no,no,normal,0,wide,medium,dotted horizontal guide line per row; size key 'In study set/in population' at right,PRIVATE_REFERENCE_ONLY/corpus/PMC10206407/figures/Fig4.jpg,cell_1
PMC10206407,Cell Systems,Cell,4,G,dot_bubble,LB,out,none,white,na,na,filled,medium,na,UNKNOWN,outside_right,no,3,0,diverging,other,right,upper,bold,larger,sans,regular,no,none,no,no,dense,90,square,medium,orange-white-blue diverging colour scale (recorded as other); two separate colourbars plus a size key at right; dotted vertical divider between two column blocks; bracket-style group labels under the x axis,PRIVATE_REFERENCE_ONLY/corpus/PMC10206407/figures/Fig4.jpg,cell_1
PMC10206407,Cell Systems,Cell,4,H,pca_umap,LB,out,none,white,na,na,filled,small,na,UNKNOWN,below,no,5,5,saturated,na,na,upper,bold,larger,sans,regular,yes,none,no,no,normal,0,square,medium,"four UMAP subplots all labelled H, each paired with a narrow stacked percentage bar; shared 5-entry colour key below",PRIVATE_REFERENCE_ONLY/corpus/PMC10206407/figures/Fig4.jpg,cell_1
PMC10432853,Cell Metabolism,Cell,1,A,bar,LB,out,none,white,bars_caps,yes,filled,small,na,UNKNOWN,none,na,na,5,mixed,na,na,upper,bold,larger,sans,regular,yes,both,yes,no,normal,0,square,medium,four subplots all labelled A; 6 bars each with jittered black points and capped SEM; stacked comparison brackets with stars; 'ANOVA P<0.0001' printed under the x axis of two subplots; colour count approximate (grey/cyan/blue shades),PRIVATE_REFERENCE_ONLY/corpus/PMC10432853/figures/Fig1.jpg,cell_1
PMC10432853,Cell Metabolism,Cell,1,B,bar,LB,out,none,white,bars_caps,yes,filled,small,na,UNKNOWN,outside_top,no,2,2,saturated,na,na,upper,bold,larger,sans,regular,yes,stars,yes,no,normal,0,square,medium,"four subplots all labelled B; blue vs crimson bars, capped SEM, jittered points; ns used alongside stars",PRIVATE_REFERENCE_ONLY/corpus/PMC10432853/figures/Fig1.jpg,cell_1
PMC10432853,Cell Metabolism,Cell,1,C,line,LB,out,none,white,bars_caps,na,filled,medium,UNKNOWN,UNKNOWN,inside,no,2,2,saturated,na,na,upper,bold,larger,sans,regular,no,both,no,no,normal,0,wide,medium,blue circles vs crimson squares; stars printed in the series colour next to each point; ANOVA P in the legend text; western blot strip below the plot is part of panel C,PRIVATE_REFERENCE_ONLY/corpus/PMC10432853/figures/Fig1.jpg,cell_1
PMC10432853,Cell Metabolism,Cell,1,D,bar,LB,out,none,white,bars_caps,yes,filled,small,na,UNKNOWN,outside_top,no,2,2,saturated,na,na,upper,bold,larger,sans,regular,yes,stars,yes,no,normal,0,square,medium,two subplots both labelled D,PRIVATE_REFERENCE_ONLY/corpus/PMC10432853/figures/Fig1.jpg,cell_1
PMC10432853,Cell Metabolism,Cell,1,E,bar,LB,out,none,white,bars_caps,yes,filled,small,na,UNKNOWN,outside_top,no,2,2,saturated,na,na,upper,bold,larger,sans,regular,yes,stars,yes,no,normal,0,square,medium,two subplots both labelled E,PRIVATE_REFERENCE_ONLY/corpus/PMC10432853/figures/Fig1.jpg,cell_1
PMC10432853,Cell Metabolism,Cell,1,F,bar,LB,out,none,white,bars_caps,yes,filled,small,na,UNKNOWN,outside_top,no,2,2,saturated,na,na,upper,bold,larger,sans,regular,yes,stars,yes,no,normal,0,square,medium,blot image to the right is part of panel F,PRIVATE_REFERENCE_ONLY/corpus/PMC10432853/figures/Fig1.jpg,cell_1
PMC10432853,Cell Metabolism,Cell,1,G,bar,LB,out,none,white,bars_caps,yes,filled,small,na,UNKNOWN,outside_top,no,2,2,saturated,na,na,upper,bold,larger,sans,regular,yes,stars,yes,no,normal,0,square,medium,two subplots both labelled G; ns used in the right subplot,PRIVATE_REFERENCE_ONLY/corpus/PMC10432853/figures/Fig1.jpg,cell_1
PMC10432853,Cell Metabolism,Cell,4,A,bar,LB,out,none,white,bars_caps,yes,filled,small,na,UNKNOWN,outside_top,no,2,2,saturated,na,na,upper,bold,larger,sans,regular,yes,stars,yes,no,normal,0,square,medium,more panels not reviewed; two subplots both labelled A,PRIVATE_REFERENCE_ONLY/corpus/PMC10432853/figures/Fig4.jpg,cell_1
PMC10432853,Cell Metabolism,Cell,4,B,grouped_bar,LB,out,none,white,bars_caps,yes,filled,small,na,UNKNOWN,outside_top,no,2,2,saturated,na,na,upper,bold,larger,sans,regular,yes,stars,yes,no,normal,0,square,medium,more panels not reviewed; two subplots both labelled B; grouped by 24h/36h,PRIVATE_REFERENCE_ONLY/corpus/PMC10432853/figures/Fig4.jpg,cell_1
PMC10432853,Cell Metabolism,Cell,4,C,violin,LB,out,none,white,none,yes,open,small,na,UNKNOWN,none,na,na,2,saturated,na,na,upper,bold,larger,sans,regular,yes,stars,yes,no,normal,0,wide,medium,more panels not reviewed; 10 violins (blue vs pink) with internal quartile lines and small open points; group labels printed under the x tick labels,PRIVATE_REFERENCE_ONLY/corpus/PMC10432853/figures/Fig4.jpg,cell_1
PMC10432853,Cell Metabolism,Cell,4,D,violin,LB,out,none,white,none,yes,open,small,na,UNKNOWN,none,na,na,2,saturated,na,na,upper,bold,larger,sans,regular,yes,stars,yes,no,normal,0,wide,medium,more panels not reviewed; as panel C,PRIVATE_REFERENCE_ONLY/corpus/PMC10432853/figures/Fig4.jpg,cell_1
PMC10432853,Cell Metabolism,Cell,4,E,bar,LB,out,none,white,bars_caps,yes,filled,small,na,UNKNOWN,below,no,3,2,saturated,na,na,upper,bold,larger,sans,regular,no,stars,yes,no,sparse,na,square,medium,"more panels not reviewed; three bars, third bar hatched; ns used alongside stars; no x tick labels, groups identified only by the legend below",PRIVATE_REFERENCE_ONLY/corpus/PMC10432853/figures/Fig4.jpg,cell_1
PMC10432853,Cell Metabolism,Cell,4,F,bar,LB,out,none,white,bars_caps,yes,filled,small,na,UNKNOWN,below,no,3,2,saturated,na,na,upper,bold,larger,sans,regular,yes,stars,yes,no,sparse,na,square,medium,more panels not reviewed; third bar hatched; legend below the axes,PRIVATE_REFERENCE_ONLY/corpus/PMC10432853/figures/Fig4.jpg,cell_1
PMC10432853,Cell Metabolism,Cell,4,G,bar,LB,out,none,white,bars_caps,yes,filled,small,na,UNKNOWN,outside_top,no,2,1,saturated,na,na,upper,bold,larger,sans,regular,yes,stars,yes,no,normal,0,square,medium,"more panels not reviewed; single crimson colour, second bar distinguished by hatching; photograph below is part of panel G",PRIVATE_REFERENCE_ONLY/corpus/PMC10432853/figures/Fig4.jpg,cell_1
PMC10432853,Cell Metabolism,Cell,4,H,bar,LB,out,none,white,bars_caps,yes,filled,small,na,UNKNOWN,outside_top,no,2,1,saturated,na,na,upper,bold,larger,sans,regular,yes,stars,yes,no,normal,0,square,medium,more panels not reviewed; hatch used instead of a second colour; micrographs below are part of panel H,PRIVATE_REFERENCE_ONLY/corpus/PMC10432853/figures/Fig4.jpg,cell_1
PMC10432853,Cell Metabolism,Cell,5,B,bar,LB,out,none,white,bars_caps,yes,filled,small,na,UNKNOWN,none,na,na,2,pastel,na,na,upper,bold,larger,sans,regular,no,stars,no,no,normal,45,wide,medium,more panels not reviewed; bars diverge up and down from a zero baseline; pale pink (down) vs pale blue (up) fills; stars printed at bar ends without brackets,PRIVATE_REFERENCE_ONLY/corpus/PMC10432853/figures/Fig5.jpg,cell_1
PMC10432853,Cell Metabolism,Cell,5,C,grouped_bar,LB,out,none,white,bars_caps,yes,filled,small,na,UNKNOWN,outside_top,no,2,2,saturated,na,na,upper,bold,larger,sans,regular,yes,stars,yes,no,normal,0,square,medium,more panels not reviewed; legend above the axes with the condition 'Starved (24h)' as a title beside it,PRIVATE_REFERENCE_ONLY/corpus/PMC10432853/figures/Fig5.jpg,cell_1
PMC10432853,Cell Metabolism,Cell,5,D,bar,LB,out,none,white,bars_caps,yes,filled,small,na,UNKNOWN,outside_top,no,2,2,mixed,na,na,upper,bold,larger,sans,regular,no,stars,yes,no,normal,0,square,medium,more panels not reviewed; grey vs blue bars,PRIVATE_REFERENCE_ONLY/corpus/PMC10432853/figures/Fig5.jpg,cell_1
PMC10432853,Cell Metabolism,Cell,5,E,bar,LB,out,none,white,bars_caps,yes,filled,small,na,UNKNOWN,outside_top,no,2,2,mixed,na,na,upper,bold,larger,sans,regular,yes,stars,yes,no,normal,0,square,medium,"more panels not reviewed; two subplots both labelled E, each with its own title",PRIVATE_REFERENCE_ONLY/corpus/PMC10432853/figures/Fig5.jpg,cell_1
PMC10432853,Cell Metabolism,Cell,5,F,bar,LB,out,none,white,bars_caps,yes,filled,small,na,UNKNOWN,outside_top,no,2,2,mixed,na,na,upper,bold,larger,sans,regular,no,none,no,no,normal,0,square,medium,more panels not reviewed; no significance marks,PRIVATE_REFERENCE_ONLY/corpus/PMC10432853/figures/Fig5.jpg,cell_1
PMC10432853,Cell Metabolism,Cell,5,G,bar,LB,out,none,white,bars_caps,yes,filled,small,na,UNKNOWN,outside_top,no,2,2,mixed,na,na,upper,bold,larger,sans,regular,no,none,no,no,normal,0,square,medium,more panels not reviewed,PRIVATE_REFERENCE_ONLY/corpus/PMC10432853/figures/Fig5.jpg,cell_1
PMC10432853,Cell Metabolism,Cell,5,H,bar,LB,out,none,white,bars_caps,yes,filled,small,na,UNKNOWN,outside_top,no,2,2,mixed,na,na,upper,bold,larger,sans,regular,yes,none,no,no,normal,0,square,medium,"more panels not reviewed; two subplots both labelled H (Liver, Serum)",PRIVATE_REFERENCE_ONLY/corpus/PMC10432853/figures/Fig5.jpg,cell_1
PMC10432853,Cell Metabolism,Cell,5,I,bar,LB,out,none,white,bars_caps,yes,filled,small,na,UNKNOWN,outside_top,no,2,2,mixed,na,na,upper,bold,larger,sans,regular,yes,stars,yes,no,normal,0,square,medium,more panels not reviewed,PRIVATE_REFERENCE_ONLY/corpus/PMC10432853/figures/Fig5.jpg,cell_1
PMC10487638,Cell Metabolism,Cell,1,A,grouped_bar,LB,out,none,white,bars_caps,yes,open,small,na,UNKNOWN,outside_top,no,3,3,saturated,na,na,upper,bold,larger,sans,regular,no,stars,yes,no,normal,0,square,medium,more panels not reviewed; broken/segmented y axis with two ranges; open circle points overlaid on bars; western blot strip at right belongs to panel A,PRIVATE_REFERENCE_ONLY/corpus/PMC10487638/figures/Fig1.jpg,cell_1
PMC10487638,Cell Metabolism,Cell,1,B,grouped_bar,LB,out,none,white,bars_caps,yes,open,small,na,UNKNOWN,outside_top,no,3,3,saturated,na,na,upper,bold,larger,sans,regular,no,stars,yes,no,normal,0,square,medium,more panels not reviewed; broken y axis; blot strip at right belongs to the panel,PRIVATE_REFERENCE_ONLY/corpus/PMC10487638/figures/Fig1.jpg,cell_1
PMC10487638,Cell Metabolism,Cell,1,C,grouped_bar,LB,out,none,white,bars_caps,yes,open,small,na,UNKNOWN,outside_top,no,3,3,saturated,na,na,upper,bold,larger,sans,regular,no,stars,yes,no,normal,0,square,medium,more panels not reviewed; blot strip at right belongs to the panel,PRIVATE_REFERENCE_ONLY/corpus/PMC10487638/figures/Fig1.jpg,cell_1
PMC10487638,Cell Metabolism,Cell,1,D,grouped_bar,LB,out,none,white,bars_caps,yes,open,small,na,UNKNOWN,outside_top,no,2,2,saturated,na,na,upper,bold,larger,sans,regular,no,stars,yes,no,normal,0,square,medium,more panels not reviewed; broken y axis; blot strip at right belongs to the panel,PRIVATE_REFERENCE_ONLY/corpus/PMC10487638/figures/Fig1.jpg,cell_1
PMC10487638,Cell Metabolism,Cell,1,E,grouped_bar,LB,out,none,white,bars_caps,yes,open,small,na,UNKNOWN,outside_top,no,2,2,saturated,na,na,upper,bold,larger,sans,regular,no,stars,yes,no,normal,0,square,medium,more panels not reviewed; broken y axis; blot strip at right belongs to the panel,PRIVATE_REFERENCE_ONLY/corpus/PMC10487638/figures/Fig1.jpg,cell_1
PMC10487638,Cell Metabolism,Cell,1,F,line,LB,out,none,white,bars_caps,na,filled,medium,UNKNOWN,UNKNOWN,outside_top,no,2,2,mixed,na,na,upper,bold,larger,sans,regular,yes,stars,no,no,normal,0,square,medium,more panels not reviewed; title 'PTT' inside the panel; small inset AUC bar chart with points sits inside the plotting area,PRIVATE_REFERENCE_ONLY/corpus/PMC10487638/figures/Fig1.jpg,cell_1
PMC10487638,Cell Metabolism,Cell,1,G,line,LB,out,none,white,bars_caps,na,filled,medium,UNKNOWN,UNKNOWN,outside_top,no,2,2,mixed,na,na,upper,bold,larger,sans,regular,yes,stars,no,no,normal,0,square,medium,more panels not reviewed; inset AUC bar chart inside the plotting area,PRIVATE_REFERENCE_ONLY/corpus/PMC10487638/figures/Fig1.jpg,cell_1
PMC10487638,Cell Metabolism,Cell,1,H,line,LB,out,none,white,bars_caps,na,filled,medium,UNKNOWN,UNKNOWN,outside_top,no,2,2,saturated,na,na,upper,bold,larger,sans,regular,yes,stars,no,no,normal,0,square,medium,more panels not reviewed; inset AUC bar chart inside the plotting area,PRIVATE_REFERENCE_ONLY/corpus/PMC10487638/figures/Fig1.jpg,cell_1
PMC10487638,Cell Metabolism,Cell,2,A,line,LB,out,none,white,bars_caps,na,filled,medium,UNKNOWN,UNKNOWN,outside_top,no,4,4,mixed,na,na,upper,bold,larger,sans,regular,no,stars,no,no,sparse,0,square,medium,more panels not reviewed; two-timepoint line plot; 4-entry legend with square colour swatches placed above the panel row; # used alongside * for a second comparison,PRIVATE_REFERENCE_ONLY/corpus/PMC10487638/figures/Fig2.jpg,cell_1
PMC10487638,Cell Metabolism,Cell,2,B,line,LB,out,none,white,bars_caps,na,filled,medium,UNKNOWN,UNKNOWN,outside_top,no,4,4,mixed,na,na,upper,bold,larger,sans,regular,no,stars,no,no,sparse,0,square,medium,more panels not reviewed; two-timepoint line plot; 4-entry legend with square colour swatches placed above the panel row; # used alongside * for a second comparison,PRIVATE_REFERENCE_ONLY/corpus/PMC10487638/figures/Fig2.jpg,cell_1
PMC10487638,Cell Metabolism,Cell,2,C,line,LB,out,none,white,bars_caps,na,filled,medium,UNKNOWN,UNKNOWN,outside_top,no,4,4,mixed,na,na,upper,bold,larger,sans,regular,no,stars,no,no,sparse,0,square,medium,more panels not reviewed; two-timepoint line plot; 4-entry legend with square colour swatches placed above the panel row; # used alongside * for a second comparison,PRIVATE_REFERENCE_ONLY/corpus/PMC10487638/figures/Fig2.jpg,cell_1
PMC10487638,Cell Metabolism,Cell,2,D,line,LB,out,none,white,bars_caps,na,filled,medium,UNKNOWN,UNKNOWN,outside_top,no,4,4,mixed,na,na,upper,bold,larger,sans,regular,no,stars,no,no,sparse,0,square,medium,more panels not reviewed; two-timepoint line plot; 4-entry legend with square colour swatches placed above the panel row; # used alongside * for a second comparison,PRIVATE_REFERENCE_ONLY/corpus/PMC10487638/figures/Fig2.jpg,cell_1
PMC10487638,Cell Metabolism,Cell,2,E,line,LB,out,none,white,bars_caps,na,filled,medium,UNKNOWN,UNKNOWN,outside_top,no,4,4,mixed,na,na,upper,bold,larger,sans,regular,no,stars,no,no,sparse,45,square,medium,more panels not reviewed; two-timepoint line plot; 4-entry legend with square colour swatches placed above the panel row; # used alongside * for a second comparison; x tick labels set at about 45 deg,PRIVATE_REFERENCE_ONLY/corpus/PMC10487638/figures/Fig2.jpg,cell_1
PMC10487638,Cell Metabolism,Cell,2,F,line,LB,out,none,white,bars_caps,na,filled,medium,UNKNOWN,UNKNOWN,outside_top,no,4,4,mixed,na,na,upper,bold,larger,sans,regular,no,stars,no,no,sparse,45,square,medium,more panels not reviewed; two-timepoint line plot; 4-entry legend with square colour swatches placed above the panel row; # used alongside * for a second comparison; x tick labels set at about 45 deg,PRIVATE_REFERENCE_ONLY/corpus/PMC10487638/figures/Fig2.jpg,cell_1
PMC10487638,Cell Metabolism,Cell,2,G,line,LB,out,none,white,bars_caps,na,filled,medium,UNKNOWN,UNKNOWN,outside_top,no,4,4,mixed,na,na,upper,bold,larger,sans,regular,no,stars,no,no,sparse,45,square,medium,more panels not reviewed; two-timepoint line plot; 4-entry legend with square colour swatches placed above the panel row; # used alongside * for a second comparison; x tick labels set at about 45 deg,PRIVATE_REFERENCE_ONLY/corpus/PMC10487638/figures/Fig2.jpg,cell_1
PMC10487638,Cell Metabolism,Cell,2,H,line,LB,out,none,white,bars_caps,na,filled,medium,UNKNOWN,UNKNOWN,outside_top,no,4,4,mixed,na,na,upper,bold,larger,sans,regular,no,stars,no,no,sparse,45,square,medium,more panels not reviewed; two-timepoint line plot; 4-entry legend with square colour swatches placed above the panel row; # used alongside * for a second comparison; x tick labels set at about 45 deg,PRIVATE_REFERENCE_ONLY/corpus/PMC10487638/figures/Fig2.jpg,cell_1
PMC10487638,Cell Metabolism,Cell,4,A,grouped_bar,LB,out,none,white,bars_caps,yes,open,small,na,UNKNOWN,outside_top,no,2,2,mixed,na,na,upper,bold,larger,sans,regular,no,stars,no,no,normal,45,square,medium,"two bar subplots plus two western blot strips, all labelled A; open coloured circles jittered over bars; white vs pink fills",PRIVATE_REFERENCE_ONLY/corpus/PMC10487638/figures/Fig4.jpg,cell_1
PMC10487638,Cell Metabolism,Cell,4,B,scatter_regression,LB,out,none,white,none,na,filled,medium,UNKNOWN,UNKNOWN,outside_top,no,2,2,mixed,na,na,upper,bold,larger,sans,regular,no,p_values,no,no,normal,0,square,medium,two subplots both labelled B; bold r and P printed inside the plot; single thin unshaded regression line; legend above is shared with panel C,PRIVATE_REFERENCE_ONLY/corpus/PMC10487638/figures/Fig4.jpg,cell_1
PMC10487638,Cell Metabolism,Cell,4,C,scatter_regression,LB,out,none,white,none,na,filled,medium,UNKNOWN,UNKNOWN,outside_top,no,2,2,mixed,na,na,upper,bold,larger,sans,regular,no,p_values,no,no,normal,0,square,medium,two subplots both labelled C; shares the legend above panel B,PRIVATE_REFERENCE_ONLY/corpus/PMC10487638/figures/Fig4.jpg,cell_1
PMC10487638,Cell Metabolism,Cell,4,D,bar,LB,out,none,white,bars_caps,yes,filled,small,na,UNKNOWN,outside_top,no,2,2,saturated,na,na,upper,bold,larger,sans,regular,no,stars,no,no,normal,0,square,medium,two subplots both labelled D; cyan vs blue; points overlaid on open bars,PRIVATE_REFERENCE_ONLY/corpus/PMC10487638/figures/Fig4.jpg,cell_1
PMC10487638,Cell Metabolism,Cell,4,E,bar,LB,out,none,white,bars_caps,yes,filled,small,na,UNKNOWN,outside_top,no,2,2,saturated,na,na,upper,bold,larger,sans,regular,no,stars,no,no,normal,0,square,medium,two subplots both labelled E; pink vs dark magenta,PRIVATE_REFERENCE_ONLY/corpus/PMC10487638/figures/Fig4.jpg,cell_1
PMC10507381,Cancer Cell,Cell,1,D,pie_donut,none,none,none,white,na,na,na,na,na,UNKNOWN,outside_right,no,16,16,mixed,na,na,upper,bold,larger,sans,regular,no,none,no,yes,sparse,na,square,medium,"cohort count, patient number and percent positive printed in the donut hole; ordered blue-to-red colour ramp used as a categorical key",PRIVATE_REFERENCE_ONLY/corpus/PMC10507381/figures/Fig1.jpg,cell_1
PMC10507381,Cancer Cell,Cell,1,E,pie_donut,none,none,none,white,na,na,na,na,na,UNKNOWN,outside_right,no,6,6,mixed,na,na,upper,bold,larger,sans,regular,no,none,no,yes,sparse,na,square,medium,"cohort count, patient number and percent positive printed in the donut hole; ordered blue-to-red colour ramp used as a categorical key",PRIVATE_REFERENCE_ONLY/corpus/PMC10507381/figures/Fig1.jpg,cell_1
PMC10507381,Cancer Cell,Cell,1,F,pie_donut,none,none,none,white,na,na,na,na,na,UNKNOWN,outside_right,no,6,6,mixed,na,na,upper,bold,larger,sans,regular,no,none,no,yes,sparse,na,square,medium,"cohort count, patient number and percent positive printed in the donut hole; ordered blue-to-red colour ramp used as a categorical key",PRIVATE_REFERENCE_ONLY/corpus/PMC10507381/figures/Fig1.jpg,cell_1
PMC10507381,Cancer Cell,Cell,2,A,heatmap,box,UNKNOWN,none,white,na,na,na,na,na,UNKNOWN,na,na,na,0,sequential,viridis_like,right,upper,bold,larger,sans,regular,no,none,no,no,dense,90,wide,medium,"two annotated matrices plus a horizontal grey Counts bar chart, all labelled A; magma/plasma-like purple-orange-yellow map; per-cell AUROC values printed in white; tick marks not resolvable at this resolution",PRIVATE_REFERENCE_ONLY/corpus/PMC10507381/figures/Fig2.jpg,cell_1
PMC10507381,Cancer Cell,Cell,2,B,roc_pr,box,out,none,white,band,na,na,na,UNKNOWN,UNKNOWN,inside,yes,3,0,greys,na,na,upper,bold,larger,sans,regular,no,none,no,no,normal,0,square,medium,black mean ROC with grey +/-1 s.d. band and dashed chance diagonal; framed legend at lower right; inset zoom axes inside the panel show individual coloured cohort curves,PRIVATE_REFERENCE_ONLY/corpus/PMC10507381/figures/Fig2.jpg,cell_1
PMC10507381,Cancer Cell,Cell,2,C,roc_pr,box,out,none,white,band,na,na,na,UNKNOWN,UNKNOWN,inside,yes,6,6,mixed,na,na,upper,bold,larger,sans,regular,no,none,no,no,normal,0,square,medium,"precision-recall curves, one coloured line per cohort with AUC values as the legend entries; dashed chance line; framed legend inside lower left",PRIVATE_REFERENCE_ONLY/corpus/PMC10507381/figures/Fig2.jpg,cell_1
PMC10507381,Cancer Cell,Cell,2,D,heatmap,box,UNKNOWN,none,white,na,na,na,na,na,UNKNOWN,na,na,na,0,sequential,other,none,upper,bold,larger,sans,regular,no,none,no,no,dense,90,wide,medium,"annotated matrix plus grey Counts bar chart, both labelled D; uniform red/salmon sequential map (Reds-like) recorded as other; no colourbar drawn",PRIVATE_REFERENCE_ONLY/corpus/PMC10507381/figures/Fig2.jpg,cell_1
PMC10507381,Cancer Cell,Cell,2,E,roc_pr,box,out,none,white,band,na,na,na,UNKNOWN,UNKNOWN,inside,yes,3,0,greys,na,na,upper,bold,larger,sans,regular,no,none,no,no,normal,0,square,medium,as panel B; inset zoom axes inside the panel,PRIVATE_REFERENCE_ONLY/corpus/PMC10507381/figures/Fig2.jpg,cell_1
PMC10507381,Cancer Cell,Cell,2,F,heatmap,box,UNKNOWN,none,white,na,na,na,na,na,UNKNOWN,na,na,na,0,sequential,viridis_like,none,upper,bold,larger,sans,regular,no,none,no,no,dense,90,wide,medium,annotated matrix plus grey Counts bar chart; dark purple-blue sequential map; no colourbar drawn,PRIVATE_REFERENCE_ONLY/corpus/PMC10507381/figures/Fig2.jpg,cell_1
PMC10507381,Cancer Cell,Cell,2,G,roc_pr,box,out,none,white,band,na,na,na,UNKNOWN,UNKNOWN,inside,yes,3,0,greys,na,na,upper,bold,larger,sans,regular,no,none,no,no,normal,0,square,medium,as panel B; inset zoom axes inside the panel,PRIVATE_REFERENCE_ONLY/corpus/PMC10507381/figures/Fig2.jpg,cell_1
PMC10507381,Cancer Cell,Cell,3,all,non-quantitative,,,,,,,,,,,,,,,,,,upper,bold,,sans,,,,,,,,,high,whole-slide histology images with attention/score colour overlays only; no plot axes anywhere in the figure; horizontal colourbars sit under panels B and C,PRIVATE_REFERENCE_ONLY/corpus/PMC10507381/figures/Fig3.jpg,cell_1
PMC10507381,Cancer Cell,Cell,4,A,bar,none,none,none,white,none,na,na,na,na,UNKNOWN,none,na,na,12,mixed,na,na,upper,bold,larger,sans,regular,no,none,no,no,sparse,0,wide,medium,axis-free bar chart: bars grow up from a central row of tissue thumbnails in the top half and down in the bottom half; numeric value printed at each bar end; one colour per tissue class,PRIVATE_REFERENCE_ONLY/corpus/PMC10507381/figures/Fig4.jpg,cell_1
PMC10507381,Cancer Cell,Cell,4,B,line_band,box,out,none,white,band,na,na,na,UNKNOWN,UNKNOWN,inside,no,3,3,mixed,na,na,upper,bold,larger,sans,regular,no,none,no,no,normal,0,square,medium,log-scale x axis; shaded confidence bands; dashed horizontal reference line near the top; legend frame not clearly visible at this resolution,PRIVATE_REFERENCE_ONLY/corpus/PMC10507381/figures/Fig4.jpg,cell_1
PMC10507381,Cancer Cell,Cell,4,C,roc_pr,box,out,none,white,band,na,na,na,UNKNOWN,UNKNOWN,inside,yes,3,5,mixed,na,na,upper,bold,larger,sans,regular,no,none,no,no,normal,0,square,medium,"two subplots both labelled C: black mean ROC with grey s.d. band, dashed chance diagonal and an inset zoom, plus a precision-recall subplot with coloured per-cohort curves and a framed AUC legend",PRIVATE_REFERENCE_ONLY/corpus/PMC10507381/figures/Fig4.jpg,cell_1
PMC10507381,Cancer Cell,Cell,4,D,roc_pr,box,out,none,white,band,na,na,na,UNKNOWN,UNKNOWN,inside,yes,3,5,mixed,na,na,upper,bold,larger,sans,regular,no,none,no,no,normal,0,square,medium,two subplots both labelled D; same construction as panel C; AUC values are the legend entries of the PR subplot,PRIVATE_REFERENCE_ONLY/corpus/PMC10507381/figures/Fig4.jpg,cell_1
PMC10659931,Molecular Cell,Cell,1,B,histogram_density,LB,out,none,white,none,na,na,na,UNKNOWN,UNKNOWN,inside,no,4,4,mixed,na,na,upper,bold,larger,sans,regular,no,none,no,no,normal,0,wide,medium,"frequency polygons, one line per condition; legend inside upper right without a frame",PRIVATE_REFERENCE_ONLY/corpus/PMC10659931/figures/Fig1.jpg,cell_1
PMC10659931,Molecular Cell,Cell,1,D,dot_strip,L,out,none,white,bars,yes,filled,small,na,UNKNOWN,none,na,na,3,mixed,na,na,upper,bold,larger,sans,regular,no,stars,yes,no,normal,na,square,medium,"jittered filled points with a horizontal mean line and error bar; no x tick labels, conditions given by a +/- matrix printed under the axis",PRIVATE_REFERENCE_ONLY/corpus/PMC10659931/figures/Fig1.jpg,cell_1
PMC10659931,Molecular Cell,Cell,1,F,box,L,out,none,white,box_whisker,no,na,na,na,UNKNOWN,none,na,na,2,mixed,na,na,upper,bold,larger,sans,regular,no,stars,yes,no,normal,na,tall,medium,Tukey-style boxes with outlier points; conditions given by a +/- matrix under the axis,PRIVATE_REFERENCE_ONLY/corpus/PMC10659931/figures/Fig1.jpg,cell_1
PMC10659931,Molecular Cell,Cell,1,H,line,LB,out,none,white,none,na,filled,medium,UNKNOWN,UNKNOWN,inside,no,2,2,mixed,na,na,upper,bold,larger,sans,regular,no,none,no,no,normal,0,square,medium,"two marker-and-line series, legend inside lower right",PRIVATE_REFERENCE_ONLY/corpus/PMC10659931/figures/Fig1.jpg,cell_1
PMC10659931,Molecular Cell,Cell,1,I,stacked_bar,L,out,none,white,bars,no,na,na,na,UNKNOWN,outside_right,no,3,3,mixed,na,na,upper,bold,larger,sans,regular,no,none,no,no,normal,na,tall,medium,two stacked columns with error bars on the segment boundaries; +/- matrix under the axis,PRIVATE_REFERENCE_ONLY/corpus/PMC10659931/figures/Fig1.jpg,cell_1
PMC10659931,Molecular Cell,Cell,1,J,dot_strip,L,out,none,white,bars,yes,filled,small,na,UNKNOWN,none,na,na,2,mixed,na,na,upper,bold,larger,sans,regular,no,stars,yes,no,normal,na,tall,medium,jittered points with mean line; +/- matrix under the axis,PRIVATE_REFERENCE_ONLY/corpus/PMC10659931/figures/Fig1.jpg,cell_1
PMC10659931,Molecular Cell,Cell,1,K,dot_strip,L,out,none,white,bars,yes,filled,small,na,UNKNOWN,outside_right,no,3,3,mixed,na,na,upper,bold,larger,sans,regular,no,stars,yes,no,normal,na,square,medium,points coloured by cell-cycle fate; ns used alongside stars; representative micrographs at the right belong to panel K,PRIVATE_REFERENCE_ONLY/corpus/PMC10659931/figures/Fig1.jpg,cell_1
PMC10659931,Molecular Cell,Cell,1,L,box,L,out,none,white,box_whisker,no,na,na,na,UNKNOWN,outside_right,no,4,4,mixed,na,na,upper,bold,larger,sans,regular,no,stars,yes,no,normal,na,square,medium,"boxes coloured by cell-cycle fate, legend titled 'Cell Cycle Fate' at right; dashed vertical divider separates the control box; ns used alongside stars",PRIVATE_REFERENCE_ONLY/corpus/PMC10659931/figures/Fig1.jpg,cell_1
PMC10659931,Molecular Cell,Cell,3,B,dot_strip,L,out,none,white,bars,yes,filled,small,na,UNKNOWN,none,na,na,3,mixed,na,na,upper,bold,larger,sans,regular,no,stars,yes,no,normal,na,square,medium,dense jittered point cloud per group with a black mean line; percent origins firing printed under each group,PRIVATE_REFERENCE_ONLY/corpus/PMC10659931/figures/Fig3.jpg,cell_1
PMC10659931,Molecular Cell,Cell,3,D,grouped_bar,L,out,none,white,bars,no,na,na,na,UNKNOWN,outside_right,no,2,2,mixed,na,na,upper,bold,larger,sans,regular,no,stars,yes,no,normal,45,square,medium,ns used alongside stars,PRIVATE_REFERENCE_ONLY/corpus/PMC10659931/figures/Fig3.jpg,cell_1
PMC10659931,Molecular Cell,Cell,3,F,box,L,out,none,white,box_whisker,no,na,na,na,UNKNOWN,none,na,na,2,mixed,na,na,upper,bold,larger,sans,regular,no,stars,yes,no,normal,na,tall,medium,boxes with outlier points; +/- matrix under the axis,PRIVATE_REFERENCE_ONLY/corpus/PMC10659931/figures/Fig3.jpg,cell_1
PMC10659931,Molecular Cell,Cell,3,G,histogram_density,LB,out,none,white,none,na,na,na,UNKNOWN,UNKNOWN,inside,no,4,4,mixed,na,na,upper,bold,larger,sans,regular,no,none,no,no,normal,0,wide,medium,"frequency polygons, legend inside upper right",PRIVATE_REFERENCE_ONLY/corpus/PMC10659931/figures/Fig3.jpg,cell_1
PMC10659931,Molecular Cell,Cell,3,H,scatter,LB,out,none,white,none,na,filled,small,na,UNKNOWN,inside,no,2,3,mixed,na,na,upper,bold,larger,sans,regular,no,none,no,no,normal,0,square,medium,grey background cloud with two highlighted coloured gene sets; axis titles printed partly in the highlight colours; dashed zero reference lines; dashed rectangle marks a zoom region redrawn as an inset at the right,PRIVATE_REFERENCE_ONLY/corpus/PMC10659931/figures/Fig3.jpg,cell_1
PMC10659931,Molecular Cell,Cell,3,I,bar,LB,out,none,white,none,no,na,na,na,UNKNOWN,none,na,na,0,greys,na,na,upper,bold,larger,sans,regular,no,none,no,no,normal,0,wide,medium,"horizontal grey bars, term labels at left",PRIVATE_REFERENCE_ONLY/corpus/PMC10659931/figures/Fig3.jpg,cell_1
PMC10659931,Molecular Cell,Cell,3,J,grouped_bar,LB,out,none,white,bars,no,na,na,na,UNKNOWN,outside_right,no,4,4,mixed,na,na,upper,bold,larger,sans,regular,no,none,no,no,normal,0,wide,medium,four-bar groups per protein; complex names printed under the axis with grouping rules,PRIVATE_REFERENCE_ONLY/corpus/PMC10659931/figures/Fig3.jpg,cell_1
PMC10659931,Molecular Cell,Cell,4,B,bar,L,out,none,white,bars,yes,filled,small,na,UNKNOWN,inside,no,2,2,mixed,na,na,upper,bold,larger,sans,regular,no,stars,yes,no,normal,na,square,medium,"four bars in two colour families (grey = DMSO, red = doxo, light/dark shades for the two arrest conditions); dot-marker legend inside the plot; conditions given by a +/- matrix under the axis",PRIVATE_REFERENCE_ONLY/corpus/PMC10659931/figures/Fig4.jpg,cell_1
PMC10659931,Molecular Cell,Cell,4,D,bar,L,out,none,white,bars,yes,filled,small,na,UNKNOWN,inside,no,2,2,mixed,na,na,upper,bold,larger,sans,regular,no,stars,yes,no,normal,na,square,medium,as panel B but magenta for campto; ns used alongside stars,PRIVATE_REFERENCE_ONLY/corpus/PMC10659931/figures/Fig4.jpg,cell_1
PMC10659931,Molecular Cell,Cell,4,G,line,LB,out,none,white,bars,na,filled,medium,UNKNOWN,UNKNOWN,inside,no,2,2,mixed,na,na,upper,bold,larger,sans,regular,no,none,no,no,normal,0,wide,medium,points with error bars plus a smooth fitted curve per series; legend inside lower right,PRIVATE_REFERENCE_ONLY/corpus/PMC10659931/figures/Fig4.jpg,cell_1
PMC10722468,Cell Metabolism,Cell,1,C,bar,LB,out,none,white,bars_caps,yes,open,small,na,UNKNOWN,none,na,na,4,mixed,na,na,upper,bold,larger,sans,regular,no,p_values,yes,no,normal,0,square,medium,two bar subplots both labelled C alongside micrographs; grey plus three blues; exact p values printed over stacked comparison brackets; open circle points on bars,PRIVATE_REFERENCE_ONLY/corpus/PMC10722468/figures/Fig1.jpg,cell_1
PMC10722468,Cell Metabolism,Cell,1,D,bar,LB,out,none,white,bars_caps,yes,open,small,na,UNKNOWN,none,na,na,4,mixed,na,na,upper,bold,larger,sans,regular,yes,p_values,yes,no,normal,0,square,medium,three titled bar subplots all labelled D next to the blot; exact p values over brackets,PRIVATE_REFERENCE_ONLY/corpus/PMC10722468/figures/Fig1.jpg,cell_1
PMC10722468,Cell Metabolism,Cell,1,E,dot_strip,L,out,none,white,bars,yes,mixed,small,na,UNKNOWN,none,na,na,3,mixed,na,na,upper,bold,larger,sans,regular,no,p_values,yes,no,normal,0,square,medium,superplot style: many small points coloured by biological replicate plus large open replicate-mean circles with mean and SD lines; three subplots all labelled E; exact p values over brackets,PRIVATE_REFERENCE_ONLY/corpus/PMC10722468/figures/Fig1.jpg,cell_1
PMC10722468,Cell Metabolism,Cell,1,F,line,LB,out,none,white,none,na,na,na,UNKNOWN,UNKNOWN,inside,no,2,2,mixed,na,na,upper,bold,larger,sans,regular,no,p_values,yes,no,normal,45,wide,medium,"panel F combines a black/blue OCR trace (injection points marked with filled triangles and text) with three titled bar subplots below, all labelled F; exact p values over brackets; bar x tick labels set at about 45 deg",PRIVATE_REFERENCE_ONLY/corpus/PMC10722468/figures/Fig1.jpg,cell_1
PMC10722468,Cell Metabolism,Cell,2,B,bar,UNKNOWN,out,none,white,none,no,na,na,na,UNKNOWN,na,na,na,0,sequential,other,left,upper,bold,larger,sans,regular,no,none,no,no,dense,0,wide,medium,"horizontal pathway bars coloured by p value; the only axis line runs along the top of the panel, which the protocol has no spine code for, so spines=UNKNOWN; stepped discrete p-value colour key at lower left",PRIVATE_REFERENCE_ONLY/corpus/PMC10722468/figures/Fig2.jpg,cell_1
PMC10722468,Cell Metabolism,Cell,2,C,bar,UNKNOWN,out,none,white,none,no,na,na,na,UNKNOWN,na,na,na,0,sequential,other,bottom,upper,bold,larger,sans,regular,no,none,no,no,normal,0,wide,medium,horizontal bars with the activation z-score axis along the top only; discrete p-value colour key below the bars,PRIVATE_REFERENCE_ONLY/corpus/PMC10722468/figures/Fig2.jpg,cell_1
PMC10722468,Cell Metabolism,Cell,2,D,line,LB,out,none,white,bars_caps,na,filled,medium,UNKNOWN,UNKNOWN,none,na,na,0,monochrome_black,na,na,upper,bold,larger,sans,regular,no,p_values,yes,no,normal,0,wide,medium,"six black marker-and-line subplots in a 3x2 grid, all labelled D, with a colour-coded cross-section schematic above; exact p value printed over a horizontal bracket",PRIVATE_REFERENCE_ONLY/corpus/PMC10722468/figures/Fig2.jpg,cell_1
PMC10722468,Cell Metabolism,Cell,2,E,bar,LB,out,none,white,bars_caps,yes,open,small,na,UNKNOWN,none,na,na,0,greys,na,na,upper,bold,larger,sans,regular,no,p_values,yes,no,normal,0,square,medium,single bar subplot beside micrographs; light grey vs dark grey bars with open circle points,PRIVATE_REFERENCE_ONLY/corpus/PMC10722468/figures/Fig2.jpg,cell_1
PMC10722468,Cell Metabolism,Cell,2,H,grouped_bar,LB,out,none,white,bars_caps,yes,open,small,na,UNKNOWN,outside_right,no,2,2,mixed,na,na,upper,bold,larger,sans,regular,no,p_values,yes,no,normal,0,square,medium,grey ctrl vs pink cJun-cKO; two-line colour key as plain coloured text at the right; exact p values over brackets,PRIVATE_REFERENCE_ONLY/corpus/PMC10722468/figures/Fig2.jpg,cell_1
PMC10722468,Cell Metabolism,Cell,2,I,grouped_bar,LB,out,none,white,bars_caps,yes,open,small,na,UNKNOWN,outside_right,no,2,2,mixed,na,na,upper,bold,larger,sans,regular,no,p_values,yes,no,normal,0,square,medium,three grouped bar subplots all labelled I next to the micrograph array; coloured-text key at right,PRIVATE_REFERENCE_ONLY/corpus/PMC10722468/figures/Fig2.jpg,cell_1
PMC10722468,Cell Metabolism,Cell,3,B,line_band,LB,out,none,white,band,na,na,na,UNKNOWN,UNKNOWN,inside,no,2,2,saturated,na,na,upper,bold,larger,sans,regular,no,p_values,yes,no,normal,0,wide,medium,panel B mixes four green/magenta line-plus-SD-band profile subplots with a superplot dot strip at the right; channel names printed as coloured text over the first subplot,PRIVATE_REFERENCE_ONLY/corpus/PMC10722468/figures/Fig3.jpg,cell_1
PMC10722468,Cell Metabolism,Cell,3,C,line,LB,out,none,white,bars_caps,na,filled,medium,UNKNOWN,UNKNOWN,outside_right,no,2,2,saturated,na,na,upper,bold,larger,sans,regular,no,p_values,no,no,normal,0,wide,medium,magenta vs green marker-and-line series; single p value printed above the curves; coloured-text key at the right,PRIVATE_REFERENCE_ONLY/corpus/PMC10722468/figures/Fig3.jpg,cell_1
PMC10722468,Cell Metabolism,Cell,3,D,bar,LB,out,none,white,bars_caps,yes,open,small,na,UNKNOWN,outside_right,no,2,2,mixed,na,na,upper,bold,larger,sans,regular,yes,p_values,yes,no,normal,0,square,medium,"representative traces plus two titled bar subplots, all labelled D; magenta vs green bars with open circle points",PRIVATE_REFERENCE_ONLY/corpus/PMC10722468/figures/Fig3.jpg,cell_1
PMC10722468,Cell Metabolism,Cell,3,E,bar,LB,out,none,white,bars_caps,yes,open,small,na,UNKNOWN,below,no,2,2,mixed,na,na,upper,bold,larger,sans,regular,yes,p_values,yes,no,normal,0,square,medium,"four titled grouped bar subplots beside the EM panels, all labelled E; coloured-text key below left",PRIVATE_REFERENCE_ONLY/corpus/PMC10722468/figures/Fig3.jpg,cell_1
PMC10722468,Cell Metabolism,Cell,3,F,scatter_regression,LB,out,none,white,none,na,filled,small,UNKNOWN,UNKNOWN,inside,no,2,2,saturated,na,na,upper,bold,larger,sans,regular,yes,p_values,yes,no,normal,0,wide,medium,panel F combines a small dot strip of per-animal g ratios with two titled scatter plots carrying linear fits and confidence bands; magenta vs green,PRIVATE_REFERENCE_ONLY/corpus/PMC10722468/figures/Fig3.jpg,cell_1
PMC10722468,Cell Metabolism,Cell,3,G,bar,LB,out,none,white,bars_caps,yes,open,small,na,UNKNOWN,below,no,2,2,mixed,na,na,upper,bold,larger,sans,regular,no,p_values,yes,no,normal,0,square,medium,blot at left plus two bar subplots labelled G; coloured-text key below the lower subplot,PRIVATE_REFERENCE_ONLY/corpus/PMC10722468/figures/Fig3.jpg,cell_1
PMC10752370,Cell Systems,Cell,1,B,other_quant,box,none,none,white,na,no,na,na,na,UNKNOWN,none,na,na,2,mixed,na,na,upper,bold,larger,sans,regular,no,none,no,no,normal,45,square,medium,"more panels not reviewed; media design table: numeric values on black/white/teal cells, column headers rotated about 45 deg at the top",PRIVATE_REFERENCE_ONLY/corpus/PMC10752370/figures/Fig1.jpg,cell_1
PMC10752370,Cell Systems,Cell,1,C,bar,box,in,none,white,bars_caps,no,na,na,na,UNKNOWN,none,na,na,10,saturated,na,na,upper,bold,larger,sans,regular,no,none,no,no,sparse,na,wide,medium,more panels not reviewed; MATLAB-style box axes with inward ticks; species colour key is the tree in panel A; nine stacked mini bar plots all labelled C,PRIVATE_REFERENCE_ONLY/corpus/PMC10752370/figures/Fig1.jpg,cell_1
PMC10752370,Cell Systems,Cell,1,D,bar,box,in,none,white,bars_caps,yes,open,small,na,UNKNOWN,none,na,na,0,greys,na,na,upper,bold,larger,sans,regular,no,none,no,no,normal,0,tall,medium,more panels not reviewed; MATLAB-style box axes with inward ticks; species colour key is the tree in panel A; horizontal grey bars with a small open diamond marker per bar,PRIVATE_REFERENCE_ONLY/corpus/PMC10752370/figures/Fig1.jpg,cell_1
PMC10752370,Cell Systems,Cell,1,E,network,none,none,none,white,na,no,na,na,na,UNKNOWN,none,na,na,10,saturated,na,na,upper,bold,larger,sans,regular,yes,none,no,no,sparse,na,square,medium,more panels not reviewed; bipartite network with coloured weighted edges; an equation is printed above the panel as its title,PRIVATE_REFERENCE_ONLY/corpus/PMC10752370/figures/Fig1.jpg,cell_1
PMC10752370,Cell Systems,Cell,1,F,scatter_regression,box,in,none,white,none,no,filled,medium,UNKNOWN,UNKNOWN,none,na,na,0,greys,na,na,upper,bold,larger,sans,regular,no,p_values,no,no,normal,0,square,medium,"more panels not reviewed; MATLAB-style box axes with inward ticks; species colour key is the tree in panel A; dashed fit line plus dotted reference lines; fit equation, rho and P printed inside the axes",PRIVATE_REFERENCE_ONLY/corpus/PMC10752370/figures/Fig1.jpg,cell_1
PMC10752370,Cell Systems,Cell,1,G,other_quant,box,none,none,white,na,no,na,na,na,UNKNOWN,none,na,na,2,mixed,na,na,upper,bold,larger,sans,regular,no,none,no,no,normal,0,wide,medium,"more panels not reviewed; one-row design table, same style as panel B",PRIVATE_REFERENCE_ONLY/corpus/PMC10752370/figures/Fig1.jpg,cell_1
PMC10752370,Cell Systems,Cell,1,H,bar,box,in,none,white,bars_caps,no,na,na,na,UNKNOWN,none,na,na,10,saturated,na,na,upper,bold,larger,sans,regular,no,none,no,no,sparse,na,wide,medium,more panels not reviewed; MATLAB-style box axes with inward ticks; species colour key is the tree in panel A,PRIVATE_REFERENCE_ONLY/corpus/PMC10752370/figures/Fig1.jpg,cell_1
PMC10752370,Cell Systems,Cell,1,I,stacked_bar,box,in,none,white,bars_caps,no,na,na,na,UNKNOWN,none,na,na,10,saturated,na,na,upper,bold,larger,sans,regular,no,p_values,yes,no,normal,0,tall,medium,more panels not reviewed; MATLAB-style box axes with inward ticks; species colour key is the tree in panel A; stacked composition columns paired with grey Shannon-diversity bars on a second y axis at the right; exact p values over brackets,PRIVATE_REFERENCE_ONLY/corpus/PMC10752370/figures/Fig1.jpg,cell_1
PMC10752370,Cell Systems,Cell,3,B,line,box,in,none,white,none,no,filled,medium,UNKNOWN,UNKNOWN,none,na,na,10,saturated,na,na,upper,bold,larger,sans,regular,yes,none,no,no,normal,0,wide,medium,log y axis; three series distinguished by solid/dashed/dash-dot line style and labelled in plot rather than by a legend; dotted horizontal reference line; '[Design]' printed as the panel title,PRIVATE_REFERENCE_ONLY/corpus/PMC10752370/figures/Fig3.jpg,cell_1
PMC10752370,Cell Systems,Cell,3,C,bar,box,in,none,white,bars_caps,yes,open,small,na,UNKNOWN,none,na,na,0,greys,na,na,upper,bold,larger,sans,regular,yes,none,no,no,sparse,na,wide,medium,long row of grey bars grouped by DTL cycle with group labels above; '[Test]' printed as the panel title,PRIVATE_REFERENCE_ONLY/corpus/PMC10752370/figures/Fig3.jpg,cell_1
PMC10752370,Cell Systems,Cell,3,D,stacked_bar,box,in,none,white,bars_caps,no,na,na,na,UNKNOWN,outside_right,no,10,10,saturated,na,na,upper,bold,larger,sans,regular,no,none,no,no,sparse,na,wide,medium,stacked composition columns with error bars on segment boundaries; 10-entry species key at the right; a shaded triangle annotation under the axis indicates the design gradient,PRIVATE_REFERENCE_ONLY/corpus/PMC10752370/figures/Fig3.jpg,cell_1
PMC10752370,Cell Systems,Cell,3,E,scatter_regression,box,in,none,white,bars_caps,no,filled,medium,UNKNOWN,UNKNOWN,none,na,na,10,saturated,na,na,upper,bold,larger,sans,regular,yes,p_values,no,no,normal,0,square,medium,"solid identity line plus dashed regression line; r, p and the fit equation printed inside the axes; '[Learn]' printed above the panel",PRIVATE_REFERENCE_ONLY/corpus/PMC10752370/figures/Fig3.jpg,cell_1
PMC10752370,Cell Systems,Cell,3,F,stacked_bar,box,in,none,white,bars_caps,no,na,na,na,UNKNOWN,none,na,na,10,saturated,na,na,upper,bold,larger,sans,regular,no,p_values,yes,no,sparse,na,tall,medium,stacked columns paired with grey diversity bars on a right-hand second axis; exact p values over brackets; +/- matrix under the axis,PRIVATE_REFERENCE_ONLY/corpus/PMC10752370/figures/Fig3.jpg,cell_1
PMC10752370,Cell Systems,Cell,3,G,stacked_bar,box,in,none,white,bars_caps,no,na,na,na,UNKNOWN,none,na,na,10,saturated,na,na,upper,bold,larger,sans,regular,no,p_values,yes,no,normal,0,tall,medium,two stacked columns; rho and P printed above the panel; volume labels under the axis,PRIVATE_REFERENCE_ONLY/corpus/PMC10752370/figures/Fig3.jpg,cell_1
PMC10752370,Cell Systems,Cell,3,H,bar,box,in,none,white,bars_caps,yes,open,small,na,UNKNOWN,none,na,na,10,saturated,na,na,upper,bold,larger,sans,regular,no,none,no,no,normal,0,wide,medium,log y axis; one bar per species using the shared species colours,PRIVATE_REFERENCE_ONLY/corpus/PMC10752370/figures/Fig3.jpg,cell_1
PMC10752370,Cell Systems,Cell,4,B,scatter_regression,box,in,none,white,none,na,filled,medium,UNKNOWN,UNKNOWN,inside,yes,10,10,saturated,na,na,upper,bold,larger,sans,regular,no,p_values,no,no,normal,0,square,medium,"MATLAB-style box axes with inward ticks; framed legend inside lower right listing per-species rho; marker shape varies as a second encoding; solid identity line plus dashed fit; rho, p and the fit equation printed inside the axes",PRIVATE_REFERENCE_ONLY/corpus/PMC10752370/figures/Fig4.jpg,cell_1
PMC10752370,Cell Systems,Cell,4,C,heatmap,box,none,none,white,na,na,na,na,na,UNKNOWN,na,na,na,0,diverging,blue_white_red,right,upper,bold,larger,sans,regular,no,none,no,no,normal,0,square,medium,white cell borders; asymmetric diverging scale; colourbar at right captioned 'aij value',PRIVATE_REFERENCE_ONLY/corpus/PMC10752370/figures/Fig4.jpg,cell_1
PMC10752370,Cell Systems,Cell,4,D,scatter,box,in,none,white,none,na,filled,small,na,UNKNOWN,none,na,na,10,saturated,na,na,upper,bold,larger,sans,regular,no,p_values,no,no,normal,0,square,medium,quadrant plot with thin zero reference lines and dotted quadrant boxes; three small inset pie charts with percentage labels sit inside the axes; rho and P printed at upper left,PRIVATE_REFERENCE_ONLY/corpus/PMC10752370/figures/Fig4.jpg,cell_1
PMC10754148,Cell,Cell,3,F,line,LB,out,none,white,bars_caps,na,filled,medium,UNKNOWN,UNKNOWN,inside,no,4,4,mixed,na,na,upper,bold,larger,sans,regular,no,none,no,no,normal,0,wide,medium,only quantitative panel in the figure (all other panels are western blots or schematics); log x axis; fitted binding curve with the Kd value printed in the legend text,PRIVATE_REFERENCE_ONLY/corpus/PMC10754148/figures/Fig3.jpg,cell_1
PMC10783624,Cell,Cell,1,C,box,LB,out,none,white,box_whisker,yes,filled,small,na,UNKNOWN,none,na,na,2,mixed,na,na,upper,bold,larger,sans,regular,yes,p_values,no,yes,normal,0,wide,medium,"three species blocks separated by dashed vertical lines, each with a white Mock box and an orange IAA box plus jittered points; exact p value printed above each pair without a bracket; n printed under each box; species names in bold italic as titles",PRIVATE_REFERENCE_ONLY/corpus/PMC10783624/figures/Fig1.jpg,cell_1
PMC10783624,Cell,Cell,1,F,box,LB,out,none,white,box_whisker,yes,filled,small,na,UNKNOWN,none,na,na,2,mixed,na,na,upper,bold,larger,sans,regular,yes,p_values,no,yes,normal,0,wide,medium,two species blocks split by a dashed vertical line; n printed above each box; same white/orange box scheme as panel C,PRIVATE_REFERENCE_ONLY/corpus/PMC10783624/figures/Fig1.jpg,cell_1
PMC10783624,Cell,Cell,6,A,pca_umap,LB,out,none,white,none,na,filled,small,na,UNKNOWN,inside,yes,2,2,mixed,na,na,upper,bold,larger,sans,regular,no,none,no,no,normal,0,square,medium,"more panels not reviewed; PCA scatter with percent variance in the axis titles; dashed-line legend box inside the panel; group names (Mock, IAA) also written next to the clusters; a plant silhouette is drawn inside the axes",PRIVATE_REFERENCE_ONLY/corpus/PMC10783624/figures/Fig6.jpg,cell_1
PMC10783624,Cell,Cell,6,B,dot_strip,LB,out,none,white,none,na,filled,medium,na,UNKNOWN,inside,no,2,2,mixed,na,na,upper,bold,larger,sans,regular,no,none,no,no,normal,45,wide,medium,more panels not reviewed; one grey and one red point per gene; italic gene names rotated about 45 deg,PRIVATE_REFERENCE_ONLY/corpus/PMC10783624/figures/Fig6.jpg,cell_1
PMC10783624,Cell,Cell,6,C,pca_umap,LB,out,none,white,none,na,filled,small,na,UNKNOWN,inside,yes,2,2,mixed,na,na,upper,bold,larger,sans,regular,no,none,no,no,normal,0,square,medium,more panels not reviewed; as panel A,PRIVATE_REFERENCE_ONLY/corpus/PMC10783624/figures/Fig6.jpg,cell_1
PMC10783624,Cell,Cell,6,D,dot_strip,LB,out,none,white,none,na,filled,medium,na,UNKNOWN,inside,no,2,2,mixed,na,na,upper,bold,larger,sans,regular,no,none,no,no,normal,45,wide,medium,more panels not reviewed; as panel B,PRIVATE_REFERENCE_ONLY/corpus/PMC10783624/figures/Fig6.jpg,cell_1
PMC10783624,Cell,Cell,6,E,histogram_density,B,out,none,white,none,na,na,na,UNKNOWN,UNKNOWN,inside,no,2,2,muted,na,na,upper,bold,larger,sans,regular,no,none,no,yes,normal,0,wide,medium,more panels not reviewed; two mirrored density distributions (filled lilac mutant vs dashed Wt outline) separated by a dashed horizontal midline; coloured n= counts and blue/red 'hypo/hyperphosphorylated' arrow annotations inside the panel; no y axis drawn,PRIVATE_REFERENCE_ONLY/corpus/PMC10783624/figures/Fig6.jpg,cell_1
PMC10783624,Cell,Cell,6,F,other_quant,none,none,none,white,na,na,na,na,na,UNKNOWN,none,na,na,0,greys,na,na,upper,bold,larger,sans,regular,no,none,no,yes,sparse,na,tall,medium,more panels not reviewed; proportional Venn/Euler diagram in pale greys with counts printed inside; plant silhouettes label the rows,PRIVATE_REFERENCE_ONLY/corpus/PMC10783624/figures/Fig6.jpg,cell_1
PMC10783624,Cell,Cell,6,G,other_quant,none,none,none,white,na,na,na,na,na,UNKNOWN,none,na,na,0,greys,na,na,upper,bold,larger,sans,regular,no,none,no,yes,sparse,na,wide,medium,more panels not reviewed; two two-set Venn diagrams with counts printed inside,PRIVATE_REFERENCE_ONLY/corpus/PMC10783624/figures/Fig6.jpg,cell_1
PMC10783624,Cell,Cell,6,H,dot_bubble,LB,out,none,white,none,na,filled,large,na,UNKNOWN,inside,no,na,0,sequential,other,inside,upper,bold,larger,sans,regular,no,none,no,no,normal,0,square,medium,"more panels not reviewed; REVIGO-style semantic-space bubble plot; bubble area encodes term size, blue sequential fill encodes FDR; the FDR colourbar is drawn inside the axes at lower left; term names labelled directly on the bubbles",PRIVATE_REFERENCE_ONLY/corpus/PMC10783624/figures/Fig6.jpg,cell_1
PMC10783624,Cell,Cell,7,B,box,LB,out,none,white,box_whisker,yes,filled,small,na,UNKNOWN,inside,yes,2,2,mixed,na,na,upper,bold,larger,sans,regular,no,p_values,yes,yes,normal,0,tall,medium,white Mock vs orange IAA boxes with jittered points; framed legend inside the panel; exact p values over thin brackets; n printed above each box; dashed vertical divider between genotypes; plant silhouettes used as group labels,PRIVATE_REFERENCE_ONLY/corpus/PMC10783624/figures/Fig7.jpg,cell_1
PMC10783624,Cell,Cell,7,D,line_band,LB,out,none,white,band,na,na,na,UNKNOWN,UNKNOWN,none,na,na,2,mixed,na,na,upper,bold,larger,sans,regular,no,none,no,no,normal,0,wide,medium,two subplots both labelled D separated by a dashed vertical line; solid orange IAA and dashed grey mock lines each with a matching shaded band; series labelled in plot instead of by a legend; axis-break marks on both axes,PRIVATE_REFERENCE_ONLY/corpus/PMC10783624/figures/Fig7.jpg,cell_1
PMC10783624,Cell,Cell,7,E,box,LB,out,none,white,box_whisker,yes,filled,small,na,UNKNOWN,inside,yes,2,2,mixed,na,na,upper,bold,larger,sans,regular,no,p_values,yes,yes,normal,0,tall,medium,four genotype blocks of paired white/orange boxes; framed legend inside; n printed under each box; axis-break mark on the y axis,PRIVATE_REFERENCE_ONLY/corpus/PMC10783624/figures/Fig7.jpg,cell_1
PMC10783624,Cell,Cell,7,F,box,LB,out,none,white,box_whisker,yes,filled,small,na,UNKNOWN,inside,yes,2,2,mixed,na,na,upper,bold,larger,sans,regular,no,p_values,yes,yes,normal,0,tall,medium,two genotype blocks; framed legend inside; n printed under each box,PRIVATE_REFERENCE_ONLY/corpus/PMC10783624/figures/Fig7.jpg,cell_1
PMC10804999,Molecular Cell,Cell,1,all,non-quantitative,,,,,,,,,,,,,,,,,,upper,bold,,sans,,,,,,,,,high,"protein structure cartoon, construct schematics and western blots only; no plot axes in the figure",PRIVATE_REFERENCE_ONLY/corpus/PMC10804999/figures/Fig1.jpg,cell_1
PMC10804999,Molecular Cell,Cell,2,all,non-quantitative,,,,,,,,,,,,,,,,,,upper,bold,,sans,,,,,,,,,high,western blots and total-protein stains only; no plot axes in the figure,PRIVATE_REFERENCE_ONLY/corpus/PMC10804999/figures/Fig2.jpg,cell_1
PMC10804999,Molecular Cell,Cell,4,A,line,LB,out,none,white,bars_caps,na,mixed,medium,UNKNOWN,UNKNOWN,inside,no,4,0,monochrome_black,na,na,upper,bold,larger,sans,regular,no,none,no,no,normal,0,wide,medium,"monochrome time course; the four series are distinguished only by marker shape and fill (filled circle, filled square, open up-triangle, open down-triangle); schematic above the axes is part of the panel",PRIVATE_REFERENCE_ONLY/corpus/PMC10804999/figures/Fig4.jpg,cell_1
PMC10804999,Molecular Cell,Cell,4,B,line,LB,out,none,white,bars_caps,na,mixed,medium,UNKNOWN,UNKNOWN,inside,no,3,0,monochrome_black,na,na,upper,bold,larger,sans,regular,no,none,no,no,normal,0,wide,medium,monochrome time course; series separated by marker shape/fill and by solid vs dashed line; schematic above the axes is part of the panel,PRIVATE_REFERENCE_ONLY/corpus/PMC10804999/figures/Fig4.jpg,cell_1
PMC10804999,Molecular Cell,Cell,5,all,non-quantitative,,,,,,,,,,,,,,,,,,upper,bold,,sans,,,,,,,,,high,fluorescence micrograph grids and western blots only; no plot axes in the figure,PRIVATE_REFERENCE_ONLY/corpus/PMC10804999/figures/Fig5.jpg,cell_1
PMC10804999,Molecular Cell,Cell,6,all,non-quantitative,,,,,,,,,,,,,,,,,,upper,bold,,sans,,,,,,,,,high,western blots and fluorescence micrograph grids only; no plot axes in the figure,PRIVATE_REFERENCE_ONLY/corpus/PMC10804999/figures/Fig6.jpg,cell_1
PMC10805001,Molecular Cell,Cell,1,D,volcano,LB,out,none,white,none,na,filled,small,na,UNKNOWN,inside,no,2,3,mixed,na,na,upper,bold,larger,sans,regular,no,none,no,no,normal,0,square,medium,"only quantitative panel in the figure; grey background points with blue and orange highlighted sets; protein names labelled directly, one in red; no significance threshold lines drawn",PRIVATE_REFERENCE_ONLY/corpus/PMC10805001/figures/Fig1.jpg,cell_1
PMC10805001,Molecular Cell,Cell,3,D,bar,LB,out,none,white,bars_caps,no,na,na,na,UNKNOWN,none,na,na,0,greys,na,na,upper,bold,larger,sans,regular,no,none,no,no,normal,0,wide,medium,horizontal grey bars with capped error bars; dashed vertical reference line at 100%,PRIVATE_REFERENCE_ONLY/corpus/PMC10805001/figures/Fig3.jpg,cell_1
PMC10805001,Molecular Cell,Cell,3,E,bar,LB,out,none,white,bars_caps,no,na,na,na,UNKNOWN,outside_right,no,4,4,greys,na,na,upper,bold,larger,sans,regular,no,none,no,no,sparse,na,square,medium,"four bars separated only by grey level; no x tick labels, groups identified by the key at the right",PRIVATE_REFERENCE_ONLY/corpus/PMC10805001/figures/Fig3.jpg,cell_1
PMC10805001,Molecular Cell,Cell,3,G,grouped_bar,LB,out,none,white,bars_caps,no,na,na,na,UNKNOWN,below,no,2,2,greys,na,na,upper,bold,larger,sans,regular,no,none,no,no,normal,0,square,medium,horizontal grouped bars in two grey levels; dashed vertical reference line at 100%; key below the axes,PRIVATE_REFERENCE_ONLY/corpus/PMC10805001/figures/Fig3.jpg,cell_1
PMC10805001,Molecular Cell,Cell,4,A,bar,LB,out,none,white,bars_caps,no,na,na,na,UNKNOWN,outside_top,no,2,2,greys,na,na,upper,bold,larger,sans,regular,no,none,no,no,sparse,na,square,medium,"only quantitative panel in the figure; three bar subplots all labelled A, each with its own two-entry key above the axes; white/black and two-grey fills; dashed horizontal reference line at 100%; no x tick labels",PRIVATE_REFERENCE_ONLY/corpus/PMC10805001/figures/Fig4.jpg,cell_1
PMC10864002,Cancer Cell,Cell,1,all,non-quantitative,,,,,,,,,,,,,,,,,,upper,bold,,sans,,,,,,,,,medium,"graphical-abstract style workflow schematic; the few plot-like elements (UMAP, t-SNE, flow dot plot, heatmap) are decorative thumbnails inside the schematic with no readable axes, so the figure is recorded as non-quantitative",PRIVATE_REFERENCE_ONLY/corpus/PMC10864002/figures/Fig1.jpg,cell_1
PMC10864002,Cancer Cell,Cell,2,A,line,LB,out,none,white,bars_caps,na,filled,small,UNKNOWN,UNKNOWN,inside,no,4,4,saturated,na,na,upper,bold,larger,sans,regular,no,stars,no,no,normal,0,wide,medium,axis titles set in all caps; grey arrow annotation marks the treatment start; stars placed at the right end of the curves,PRIVATE_REFERENCE_ONLY/corpus/PMC10864002/figures/Fig2.jpg,cell_1
PMC10864002,Cancer Cell,Cell,2,B,heatmap,box,none,none,white,na,na,na,na,na,UNKNOWN,outside_right,no,6,6,diverging,blue_white_red,right,upper,bold,larger,sans,regular,no,stars,no,no,dense,90,wide,medium,two stacked colourbars at the right (Log2FC and NORM FREQ); an annotation strip above and a cell-type colour strip below the matrix; stars printed above significant columns; long marker-phenotype labels rotated 90 deg,PRIVATE_REFERENCE_ONLY/corpus/PMC10864002/figures/Fig2.jpg,cell_1
PMC10864002,Cancer Cell,Cell,2,C,box,LB,out,none,white,box_whisker,no,na,na,na,UNKNOWN,none,na,na,0,greys,na,na,upper,bold,larger,sans,regular,no,stars,yes,no,normal,0,tall,medium,grey filled boxes with median line and outlier points; star over a bracket,PRIVATE_REFERENCE_ONLY/corpus/PMC10864002/figures/Fig2.jpg,cell_1
PMC10864002,Cancer Cell,Cell,2,D,box,LB,out,none,white,box_whisker,no,na,na,na,UNKNOWN,none,na,na,0,greys,na,na,upper,bold,larger,sans,regular,no,stars,yes,no,normal,0,tall,medium,two box subplots both labelled D; axis titles in all caps,PRIVATE_REFERENCE_ONLY/corpus/PMC10864002/figures/Fig2.jpg,cell_1
PMC10864002,Cancer Cell,Cell,4,B,box,LB,out,none,white,box_whisker,no,na,na,na,UNKNOWN,none,na,na,0,greys,na,na,upper,bold,larger,sans,regular,no,stars,yes,no,normal,45,square,medium,grey boxes; four stacked comparison brackets with stars and one N.S.; x tick labels set at about 45 deg,PRIVATE_REFERENCE_ONLY/corpus/PMC10864002/figures/Fig4.jpg,cell_1
PMC10864002,Cancer Cell,Cell,4,C,heatmap,box,none,none,white,na,na,na,na,na,UNKNOWN,na,na,na,0,diverging,blue_white_red,right,upper,bold,larger,sans,regular,no,none,no,no,normal,0,wide,medium,three row blocks labelled at the left; colourbar at right captioned LogFC; blue-white-orange/red diverging scale,PRIVATE_REFERENCE_ONLY/corpus/PMC10864002/figures/Fig4.jpg,cell_1
PMC10864002,Cancer Cell,Cell,4,D,line,LB,out,none,white,bars_caps,na,filled,small,UNKNOWN,UNKNOWN,inside,no,6,6,saturated,na,na,upper,bold,larger,sans,regular,no,stars,no,no,normal,0,wide,medium,six-series growth curves; axis titles in all caps; grey arrow marks treatment start; stars at the right end of the curves,PRIVATE_REFERENCE_ONLY/corpus/PMC10864002/figures/Fig4.jpg,cell_1
PMC10864003,Cancer Cell,Cell,1,B,pca_umap,LB,none,none,white,none,na,filled,small,na,UNKNOWN,outside_right,no,7,7,saturated,na,na,upper,bold,larger,sans,regular,no,none,no,no,sparse,na,square,medium,UMAP axes drawn as a small L-shaped pair of arrows at the lower left with no ticks or numbers,PRIVATE_REFERENCE_ONLY/corpus/PMC10864003/figures/Fig1.jpg,cell_1
PMC10864003,Cancer Cell,Cell,1,C,heatmap,box,none,none,white,na,na,na,na,na,UNKNOWN,na,na,na,0,diverging,blue_white_red,bottom,upper,bold,larger,sans,regular,yes,none,no,no,dense,45,tall,medium,cluster colour strip above the matrix; small Min-Max colourbar at the lower right; gene symbols at the left nearly touching,PRIVATE_REFERENCE_ONLY/corpus/PMC10864003/figures/Fig1.jpg,cell_1
PMC10864003,Cancer Cell,Cell,1,D,pca_umap,LB,none,none,white,none,na,filled,small,na,UNKNOWN,na,na,na,0,sequential,other,bottom,upper,bold,larger,sans,regular,yes,none,no,no,sparse,na,tall,medium,"three stacked UMAPs all labelled D, each titled with a gene; grey NA plus a blue-orange-red expression colourbar below; dotted outline marks a cell population",PRIVATE_REFERENCE_ONLY/corpus/PMC10864003/figures/Fig1.jpg,cell_1
PMC10864003,Cancer Cell,Cell,1,E,stacked_bar,LB,out,none,white,none,na,na,na,na,UNKNOWN,below,no,5,5,saturated,na,na,upper,bold,larger,sans,regular,no,none,no,no,dense,90,wide,medium,sample IDs rotated 90 deg and nearly touching; treatment groups marked by rules under the labels; key below shared with panel F,PRIVATE_REFERENCE_ONLY/corpus/PMC10864003/figures/Fig1.jpg,cell_1
PMC10864003,Cancer Cell,Cell,1,F,stacked_bar,LB,out,none,white,none,na,na,na,na,UNKNOWN,below,no,5,5,saturated,na,na,upper,bold,larger,sans,regular,no,stars,no,no,normal,0,tall,medium,two stacked columns; asterisks printed inside the segments that changed significantly,PRIVATE_REFERENCE_ONLY/corpus/PMC10864003/figures/Fig1.jpg,cell_1
PMC10864003,Cancer Cell,Cell,1,G,line,LB,out,none,white,none,na,filled,small,na,UNKNOWN,none,na,na,0,monochrome_black,na,na,upper,bold,larger,sans,regular,no,p_values,no,no,normal,0,tall,medium,"paired before/after plot: one thin black line per patient with filled end points; italic p value printed above each of the two subplots, both labelled G",PRIVATE_REFERENCE_ONLY/corpus/PMC10864003/figures/Fig1.jpg,cell_1
PMC10864003,Cancer Cell,Cell,7,B,bar,LB,out,none,white,none,yes,filled,small,na,UNKNOWN,outside_top,no,4,4,mixed,na,na,upper,bold,larger,sans,regular,no,stars,yes,no,normal,0,wide,medium,pale bars with individual points on top; stacked comparison brackets with stars; dashed horizontal line at zero; dotted vertical divider between the two E:T blocks,PRIVATE_REFERENCE_ONLY/corpus/PMC10864003/figures/Fig7.jpg,cell_1
PMC10864003,Cancer Cell,Cell,7,C,histogram_density,LB,out,none,white,none,na,na,na,UNKNOWN,UNKNOWN,below,no,3,3,mixed,na,na,upper,bold,larger,sans,regular,yes,none,no,no,normal,0,wide,medium,flow-cytometry histograms: one grey filled distribution plus two blue outlined ones; log x axis,PRIVATE_REFERENCE_ONLY/corpus/PMC10864003/figures/Fig7.jpg,cell_1
PMC10864003,Cancer Cell,Cell,7,E,line,LB,out,none,white,none,na,na,na,hairline,UNKNOWN,none,na,na,4,mixed,na,na,upper,bold,larger,sans,regular,yes,none,no,no,normal,0,square,medium,"three titled spaghetti plots all labelled E, one thin line per animal coloured by treatment; axis-break marks on the y axis",PRIVATE_REFERENCE_ONLY/corpus/PMC10864003/figures/Fig7.jpg,cell_1
PMC10864003,Cancer Cell,Cell,7,F,line,LB,out,none,white,none,na,na,na,hairline,UNKNOWN,inside,no,4,4,mixed,na,na,upper,bold,larger,sans,regular,yes,ns_marks,yes,no,normal,0,square,medium,three titled spaghetti plots all labelled F; italic coloured group names act as an in-plot legend with square brackets carrying ns/t/qs marks beside them; arrow annotation marks treatment stop; response counts written in colour inside the axes,PRIVATE_REFERENCE_ONLY/corpus/PMC10864003/figures/Fig7.jpg,cell_1
PMC10864003,Cancer Cell,Cell,7,G,survival,LB,out,none,white,none,na,na,na,UNKNOWN,UNKNOWN,inside,no,4,4,mixed,na,na,upper,bold,larger,sans,regular,yes,stars,yes,no,normal,0,square,medium,three titled Kaplan-Meier subplots all labelled G; no censoring ticks visible; italic in-plot legend with bracketed star and ns marks at the right,PRIVATE_REFERENCE_ONLY/corpus/PMC10864003/figures/Fig7.jpg,cell_1
PMC10864003,Cancer Cell,Cell,7,H,pca_umap,LB,out,none,white,none,na,filled,small,na,UNKNOWN,below,no,10,10,saturated,na,na,upper,bold,larger,sans,regular,yes,none,no,no,normal,0,square,medium,three titled tSNE subplots all labelled H sharing a 10-entry key below arranged in three columns,PRIVATE_REFERENCE_ONLY/corpus/PMC10864003/figures/Fig7.jpg,cell_1
PMC10864003,Cancer Cell,Cell,7,I,dot_bubble,box,none,none,white,na,na,filled,medium,na,UNKNOWN,outside_right,no,3,0,diverging,blue_white_red,left,upper,bold,larger,sans,regular,no,none,no,no,normal,90,tall,medium,bubble grid; vertical colourbar for r and a three-step size key for P both placed to the left of the grid; cell-line labels rotated 90 deg,PRIVATE_REFERENCE_ONLY/corpus/PMC10864003/figures/Fig7.jpg,cell_1
PMC10864003,Cancer Cell,Cell,7,J,bar,LB,out,none,white,none,yes,filled,small,na,UNKNOWN,outside_top,no,3,4,mixed,na,na,upper,bold,larger,sans,regular,yes,p_values,no,no,dense,90,wide,medium,eight titled bar subplots all labelled J; marker shape encodes the cell line (key above right) while bar colour encodes treatment; underlined italic p values and ns printed above the bars,PRIVATE_REFERENCE_ONLY/corpus/PMC10864003/figures/Fig7.jpg,cell_1
PMC10864003,Cancer Cell,Cell,8,C,survival,LB,out,none,white,none,na,na,na,UNKNOWN,UNKNOWN,below,no,5,5,mixed,na,na,upper,bold,larger,sans,regular,no,p_values,no,no,normal,0,wide,medium,Kaplan-Meier curves; the key below the axes doubles as a pairwise p-value matrix with non-significant values greyed; italic arrow annotation marks treatment stop; complete responses labelled in colour inside the axes,PRIVATE_REFERENCE_ONLY/corpus/PMC10864003/figures/Fig8.jpg,cell_1
PMC10864003,Cancer Cell,Cell,8,D,line,LB,out,none,white,none,na,na,na,hairline,UNKNOWN,inside,no,5,5,mixed,na,na,upper,bold,larger,sans,regular,no,both,no,no,normal,0,wide,medium,spaghetti tumour-volume plot; in-plot legend is a coloured group list with a greyed pairwise p-value matrix plus stars; dashed-outline inset with a log y axis sits inside the panel,PRIVATE_REFERENCE_ONLY/corpus/PMC10864003/figures/Fig8.jpg,cell_1
PMC10864003,Cancer Cell,Cell,8,F,survival,LB,out,none,white,none,na,na,na,UNKNOWN,UNKNOWN,below,no,3,3,mixed,na,na,upper,bold,larger,sans,regular,no,both,no,no,normal,0,wide,medium,as panel C with three groups; stars and exact p values in the key below,PRIVATE_REFERENCE_ONLY/corpus/PMC10864003/figures/Fig8.jpg,cell_1
PMC10864003,Cancer Cell,Cell,8,G,line,LB,out,none,white,none,na,na,na,hairline,UNKNOWN,below,no,3,3,mixed,na,na,upper,bold,larger,sans,regular,no,both,no,no,normal,0,wide,medium,spaghetti plot with a dashed-outline log-scale inset; key with p values below the axes,PRIVATE_REFERENCE_ONLY/corpus/PMC10864003/figures/Fig8.jpg,cell_1
PMC10864003,Cancer Cell,Cell,8,H,pca_umap,LB,out,none,white,none,na,filled,small,na,UNKNOWN,outside_top,no,3,3,mixed,na,na,upper,bold,larger,sans,regular,yes,p_values,no,no,normal,0,wide,medium,"two titled tSNE subplots plus a small bar-with-points subplot, all labelled H; the key is coloured text above the subplots; italic p value over the bar subplot",PRIVATE_REFERENCE_ONLY/corpus/PMC10864003/figures/Fig8.jpg,cell_1
PMC10864003,Cancer Cell,Cell,8,I,stacked_bar,LB,out,none,white,none,na,na,na,na,UNKNOWN,below,no,6,6,mixed,na,na,upper,bold,larger,sans,regular,yes,both,no,no,normal,0,wide,medium,three titled horizontal stacked bar subplots all labelled I; asterisks and a hash printed inside the changed segments; each legend entry carries its own p value in parentheses; a dashed outline groups one legend entry,PRIVATE_REFERENCE_ONLY/corpus/PMC10864003/figures/Fig8.jpg,cell_1
PMC10864003,Cancer Cell,Cell,8,J,bar,LB,out,none,white,none,yes,filled,small,na,UNKNOWN,none,na,na,0,greys,na,na,upper,bold,larger,sans,regular,yes,p_values,no,no,normal,0,tall,medium,six titled grey bar subplots all labelled J with individual points overlaid; underlined italic p values above each pair,PRIVATE_REFERENCE_ONLY/corpus/PMC10864003/figures/Fig8.jpg,cell_1
PMC10864003,Cancer Cell,Cell,8,K,box,LB,out,none,white,box_whisker,na,na,na,na,UNKNOWN,below,no,2,2,muted,na,na,upper,bold,larger,sans,regular,yes,both,yes,no,normal,0,square,medium,two titled box subplots both labelled K; teal vs pink boxes; stars and ns over brackets,PRIVATE_REFERENCE_ONLY/corpus/PMC10864003/figures/Fig8.jpg,cell_1
PMC10929690,Cancer Cell,Cell,1,all,non-quantitative,,,,,,,,,,,,,,,,,,upper,bold,,sans,,,,,,,,,medium,"workflow schematic plus antibody-panel tables; panel B contains thumbnail-sized analysis plots that are illustrative only and have no readable axes, so the figure is recorded as non-quantitative",PRIVATE_REFERENCE_ONLY/corpus/PMC10929690/figures/Fig1.jpg,cell_1
PMC10929690,Cancer Cell,Cell,7,A,heatmap,box,none,none,white,na,na,na,na,na,UNKNOWN,na,na,na,0,diverging,blue_white_red,right,upper,bold,larger,sans,regular,no,none,no,no,dense,90,square,medium,"symmetric cell-pair matrix with white cell borders; row labels at the right, column labels rotated 90 deg at the bottom; vertical colourbar at the upper right captioned at both ends",PRIVATE_REFERENCE_ONLY/corpus/PMC10929690/figures/Fig7.jpg,cell_1
PMC10929690,Cancer Cell,Cell,7,B,box,box,out,UNKNOWN,white,box_whisker,yes,open,small,na,UNKNOWN,none,na,na,2,mixed,na,na,upper,bold,larger,sans,regular,yes,stars,no,no,normal,0,wide,medium,ggplot-style facet grid (5 distance bins x 2 cell types) with grey strip labels on top and right; grey boxes with open outlier points and a coloured segment joining the two group medians; asterisks above the boxes; faint grid lines could not be resolved so grid=UNKNOWN; a shaded triangle schematic sits above the facet grid,PRIVATE_REFERENCE_ONLY/corpus/PMC10929690/figures/Fig7.jpg,cell_1
PMC11060037,Cell,Cell,1,B,bar,LB,out,none,white,bars_caps,no,na,na,na,UNKNOWN,none,na,na,14,saturated,na,na,upper,bold,larger,sans,regular,yes,none,no,no,normal,0,wide,medium,"panel B is an array of about 16 small bar plots arranged around a central 3D model; each mini plot is titled with a protein name, uses a tall grey reference bar with a coloured measured bar in front, and has nm units printed at the axis ends; dashed coloured boxes group the mini plots and dotted leader lines point to the model; colour count approximate",PRIVATE_REFERENCE_ONLY/corpus/PMC11060037/figures/Fig1.jpg,cell_1
PMC11060037,Cell,Cell,2,C,scatter,LB,out,none,other,none,na,filled,small,UNKNOWN,UNKNOWN,none,na,na,0,greys,na,na,upper,bold,larger,sans,regular,no,none,no,no,normal,0,wide,medium,grey point cloud with a red segmented fit; the plotting area is split into two tinted background regions labelled Bloom (orange) and Elongation (blue); dotted annotation and a boxed value inside the axes; axis-break mark on the y axis,PRIVATE_REFERENCE_ONLY/corpus/PMC11060037/figures/Fig2.jpg,cell_1
PMC11060037,Cell,Cell,2,D,line_band,LB,out,none,white,band,na,filled,medium,UNKNOWN,UNKNOWN,none,na,na,1,mixed,na,na,upper,bold,larger,sans,regular,no,none,no,no,normal,0,square,medium,yellow filled circles with a shaded band; three dashed grey horizontal reference lines labelled MTT/MTD/MTS at the right; dashed annotation with delta value inside the axes,PRIVATE_REFERENCE_ONLY/corpus/PMC11060037/figures/Fig2.jpg,cell_1
PMC11060037,Cell,Cell,2,K,dot_strip,LB,out,none,white,bars_caps,yes,filled,medium,na,UNKNOWN,none,na,na,1,mixed,na,na,upper,bold,larger,sans,regular,no,none,no,no,normal,0,square,medium,jittered points with mean and SD bars; marker shape (circle vs square) distinguishes Sym from Raw; group names printed on a second line under the axis,PRIVATE_REFERENCE_ONLY/corpus/PMC11060037/figures/Fig2.jpg,cell_1
PMC11060037,Cell,Cell,2,L,dot_strip,LB,out,none,white,bars_caps,yes,filled,medium,na,UNKNOWN,none,na,na,1,mixed,na,na,upper,bold,larger,sans,regular,no,none,no,no,normal,0,square,medium,as panel K in teal,PRIVATE_REFERENCE_ONLY/corpus/PMC11060037/figures/Fig2.jpg,cell_1
PMC11060037,Cell,Cell,3,C,bar,LB,out,none,white,bars_caps,yes,filled,small,na,UNKNOWN,none,na,na,6,pastel,na,na,upper,bold,larger,sans,regular,no,none,no,no,normal,45,square,medium,"pastel bars, one colour per protein, with small black points overlaid; protein names rotated about 45 deg",PRIVATE_REFERENCE_ONLY/corpus/PMC11060037/figures/Fig3.jpg,cell_1
PMC11060037,Cell,Cell,3,L,other_quant,L,out,none,white,band,na,na,na,UNKNOWN,UNKNOWN,none,na,na,5,saturated,na,na,upper,bold,larger,sans,regular,yes,none,no,no,sparse,0,wide,medium,"four concentric-ring diagrams, each titled with a stage; a shared vertical 'distance from the center' axis with an arrow head sits at the left; grey annulus shows the tubulin band, coloured rings the proteins",PRIVATE_REFERENCE_ONLY/corpus/PMC11060037/figures/Fig3.jpg,cell_1
PMC11060037,Cell,Cell,3,M,other_quant,box,out,none,white,none,na,na,na,UNKNOWN,UNKNOWN,none,na,na,6,saturated,na,na,upper,bold,larger,sans,regular,yes,none,no,no,normal,0,square,medium,2x2 grid of quarter-ring plots with box frames and a shared radial scale; six-entry coloured-text key below the grid,PRIVATE_REFERENCE_ONLY/corpus/PMC11060037/figures/Fig3.jpg,cell_1
PMC11060037,Cell,Cell,3,N,dot_strip,LB,out,none,white,bars_caps,yes,filled,medium,na,UNKNOWN,none,na,na,6,saturated,na,na,upper,bold,larger,sans,regular,yes,both,yes,no,normal,0,wide,medium,"six titled protein blocks separated by dashed vertical lines, each with four jittered point groups; marker shape varies with the tubulin-length bin; mean and SD drawn as cross bars; ns and stars over brackets; unit 'nm' printed at the end of the x axis",PRIVATE_REFERENCE_ONLY/corpus/PMC11060037/figures/Fig3.jpg,cell_1
PMC11065421,Molecular Cell,Cell,1,C,box,LB,out,none,white,box_whisker,yes,filled,small,na,UNKNOWN,none,na,na,2,saturated,na,na,upper,bold,larger,sans,regular,no,stars,yes,no,normal,0,tall,medium,blue and red boxes with many small outlier points in the series colour; stars over a bracket; micrographs at the left are part of panel C,PRIVATE_REFERENCE_ONLY/corpus/PMC11065421/figures/Fig1.jpg,cell_1
PMC11065421,Molecular Cell,Cell,1,J,line,LB,out,none,white,none,na,na,na,UNKNOWN,UNKNOWN,inside,na,2,2,saturated,na,na,upper,bold,larger,sans,regular,no,none,no,no,normal,0,wide,medium,size-exclusion traces; series named by coloured text inside the axes rather than a boxed legend; vertical grey reference lines labelled with molecular-weight standards along a secondary scale above; two stacked x axis label rows (mL and fraction number),PRIVATE_REFERENCE_ONLY/corpus/PMC11065421/figures/Fig1.jpg,cell_1
PMC11065421,Molecular Cell,Cell,4,A,ma,LB,out,none,white,none,na,filled,small,na,UNKNOWN,none,na,na,3,mixed,na,na,upper,bold,larger,sans,regular,no,none,no,no,normal,0,wide,medium,black background points with blue up and red down sets; two genes labelled in italics with leader lines,PRIVATE_REFERENCE_ONLY/corpus/PMC11065421/figures/Fig4.jpg,cell_1
PMC11065421,Molecular Cell,Cell,4,B,stacked_bar,LB,out,none,white,none,na,na,na,na,UNKNOWN,outside_top,na,3,3,mixed,na,na,upper,bold,larger,sans,regular,yes,none,no,no,sparse,na,tall,medium,two single-column stacked bars both labelled B with percentage labels inside the segments; one small segment labelled by a leader line; three-entry key above left,PRIVATE_REFERENCE_ONLY/corpus/PMC11065421/figures/Fig4.jpg,cell_1
PMC11065421,Molecular Cell,Cell,4,C,heatmap,box,none,none,white,none,na,na,na,na,UNKNOWN,none,na,na,0,diverging,blue_white_red,bottom,upper,bold,larger,sans,regular,yes,none,no,no,sparse,0,tall,medium,four narrow heatmap columns under two group titles; horizontal colourbar below captioned Log2 (FC) with symmetric -4.5 to 4.5 limits,PRIVATE_REFERENCE_ONLY/corpus/PMC11065421/figures/Fig4.jpg,cell_1
PMC11065421,Molecular Cell,Cell,4,D,box,LB,out,none,white,box_whisker,yes,filled,small,na,UNKNOWN,none,na,na,3,mixed,na,na,upper,bold,larger,sans,regular,no,stars,yes,no,normal,0,square,medium,blue/red/grey boxes with outlier points; dotted horizontal reference line at zero; stacked brackets with stars and ns,PRIVATE_REFERENCE_ONLY/corpus/PMC11065421/figures/Fig4.jpg,cell_1
PMC11065421,Molecular Cell,Cell,4,E,stacked_bar,LB,out,none,white,none,na,na,na,na,UNKNOWN,outside_top,na,2,2,mixed,na,na,upper,bold,larger,sans,regular,no,none,no,no,sparse,na,tall,medium,single stacked column with percentage labels inside,PRIVATE_REFERENCE_ONLY/corpus/PMC11065421/figures/Fig4.jpg,cell_1
PMC11065421,Molecular Cell,Cell,4,G,pie_donut,none,none,none,white,none,na,na,na,na,UNKNOWN,none,na,na,4,mixed,na,na,upper,bold,larger,sans,regular,no,none,no,yes,sparse,na,wide,medium,"panel G pairs two pie charts (counts and percentages printed inside the slices, no separate legend) with two single-column stacked bars linked by black arrows; the bars carry percentage labels inside",PRIVATE_REFERENCE_ONLY/corpus/PMC11065421/figures/Fig4.jpg,cell_1
PMC11065421,Molecular Cell,Cell,5,A,pie_donut,none,none,none,white,na,na,na,na,na,UNKNOWN,none,na,na,3,mixed,na,na,upper,bold,larger,sans,regular,yes,none,no,yes,sparse,na,square,medium,more panels not reviewed; pie with category names and counts written directly on or beside the slices with leader lines; descriptive title set below the pie instead of above,PRIVATE_REFERENCE_ONLY/corpus/PMC11065421/figures/Fig5.jpg,cell_1
PMC11065421,Molecular Cell,Cell,5,B,scatter_regression,LB,out,none,white,none,na,filled,small,na,UNKNOWN,none,na,na,1,saturated,na,na,upper,bold,larger,sans,regular,no,p_values,no,no,normal,0,square,medium,more panels not reviewed; dense red point cloud with a thin red fit line; Spearman rho and P printed inside the axes at lower right,PRIVATE_REFERENCE_ONLY/corpus/PMC11065421/figures/Fig5.jpg,cell_1
PMC11065421,Molecular Cell,Cell,5,C,box,LB,out,none,white,box_whisker,no,na,na,na,UNKNOWN,none,na,na,2,mixed,na,na,upper,bold,larger,sans,regular,no,stars,yes,no,normal,0,tall,medium,"more panels not reviewed; blue vs grey boxes, no outlier points drawn; stars over a bracket",PRIVATE_REFERENCE_ONLY/corpus/PMC11065421/figures/Fig5.jpg,cell_1
PMC11065421,Molecular Cell,Cell,5,D,pie_donut,none,none,none,white,na,na,na,na,na,UNKNOWN,none,na,na,2,mixed,na,na,upper,bold,larger,sans,regular,yes,none,no,no,sparse,na,square,medium,more panels not reviewed; two-slice pie with labels and percentages inside the slices; descriptive title below the pie,PRIVATE_REFERENCE_ONLY/corpus/PMC11065421/figures/Fig5.jpg,cell_1
PMC11065421,Molecular Cell,Cell,5,E,box,LB,out,none,white,box_whisker,no,na,na,na,UNKNOWN,none,na,na,2,mixed,na,na,upper,bold,larger,sans,regular,no,stars,yes,no,normal,0,tall,medium,more panels not reviewed; blue vs grey boxes; two stacked x axis label rows,PRIVATE_REFERENCE_ONLY/corpus/PMC11065421/figures/Fig5.jpg,cell_1
PMC11065421,Molecular Cell,Cell,5,G,box,LB,out,none,white,box_whisker,no,na,na,na,UNKNOWN,none,na,na,2,mixed,na,na,upper,bold,larger,sans,regular,no,stars,yes,no,normal,0,tall,medium,more panels not reviewed; blue vs red boxes with a few outlier points,PRIVATE_REFERENCE_ONLY/corpus/PMC11065421/figures/Fig5.jpg,cell_1
PMC11065421,Molecular Cell,Cell,5,H,box,LB,out,none,white,box_whisker,no,na,na,na,UNKNOWN,none,na,na,2,mixed,na,na,upper,bold,larger,sans,regular,no,stars,yes,no,normal,0,tall,medium,more panels not reviewed; blue vs red boxes with coloured outlier points,PRIVATE_REFERENCE_ONLY/corpus/PMC11065421/figures/Fig5.jpg,cell_1
PMC11065421,Molecular Cell,Cell,5,I,box,LB,out,none,white,box_whisker,no,na,na,na,UNKNOWN,none,na,na,2,mixed,na,na,upper,bold,larger,sans,regular,no,stars,yes,no,normal,0,tall,medium,more panels not reviewed; blue vs red boxes with a long tail of coloured outlier points,PRIVATE_REFERENCE_ONLY/corpus/PMC11065421/figures/Fig5.jpg,cell_1
PMC11106717,Cell,Cell,4,A,histogram_density,LB,out,none,white,none,na,na,na,na,UNKNOWN,outside_top,no,5,5,saturated,na,na,upper,bold,larger,sans,regular,yes,none,no,no,normal,0,wide,medium,panel titles are lowercase descriptive phrases set beside the bold panel letter; three neuron renderings each paired with a stacked pair of histograms; dataset names sit in rounded coloured pill labels inside the plots; predicted transmitters written as coloured text under the renderings,PRIVATE_REFERENCE_ONLY/corpus/PMC11106717/figures/Fig4.jpg,cell_1
PMC11106717,Cell,Cell,4,B,heatmap,box,none,none,white,none,na,na,na,na,UNKNOWN,na,na,na,0,sequential,other,top,upper,bold,larger,sans,regular,yes,none,no,no,normal,90,wide,medium,panel titles are lowercase descriptive phrases set beside the bold panel letter; confusion matrix with counts and percentages typed into every cell; white-to-red sequential fill; axis titles set in rounded coloured pill labels,PRIVATE_REFERENCE_ONLY/corpus/PMC11106717/figures/Fig4.jpg,cell_1
PMC11106717,Cell,Cell,4,C,heatmap,box,none,none,white,none,na,na,na,na,UNKNOWN,na,na,na,0,sequential,other,top,upper,bold,larger,sans,regular,yes,none,no,no,normal,90,wide,medium,as panel B; shares the colourbar drawn above panel B; row labels printed at the right,PRIVATE_REFERENCE_ONLY/corpus/PMC11106717/figures/Fig4.jpg,cell_1
PMC11106717,Cell,Cell,4,D,violin,LB,out,none,white,bars,yes,filled,small,na,UNKNOWN,outside_top,no,2,2,saturated,na,na,upper,bold,larger,sans,regular,yes,stars,yes,no,normal,0,wide,medium,panel titles are lowercase descriptive phrases set beside the bold panel letter; green vs pink violins with a white median point and a vertical IQR line inside; two-entry key written as coloured text above the axes,PRIVATE_REFERENCE_ONLY/corpus/PMC11106717/figures/Fig4.jpg,cell_1
PMC11106717,Cell,Cell,4,E,violin,LB,out,none,white,bars,yes,filled,small,na,UNKNOWN,none,na,na,3,saturated,na,na,upper,bold,larger,sans,regular,yes,stars,yes,no,normal,0,wide,medium,panel titles are lowercase descriptive phrases set beside the bold panel letter; three violins whose two-line x tick labels are coloured to identify the compared datasets; stacked brackets with stars,PRIVATE_REFERENCE_ONLY/corpus/PMC11106717/figures/Fig4.jpg,cell_1
PMC11106717,Cell,Cell,4,F,violin,LB,out,none,white,bars,yes,filled,small,na,UNKNOWN,none,na,na,2,saturated,na,na,upper,bold,larger,sans,regular,yes,stars,yes,no,normal,0,tall,medium,"panel titles are lowercase descriptive phrases set beside the bold panel letter; two stacked violin subplots both labelled F, each tagged with a rounded coloured pill label at the right",PRIVATE_REFERENCE_ONLY/corpus/PMC11106717/figures/Fig4.jpg,cell_1
PMC11106717,Cell,Cell,7,C,heatmap,box,none,none,white,none,na,na,na,na,UNKNOWN,na,na,na,4,mixed,other,top,upper,bold,larger,sans,regular,yes,none,no,no,dense,90,wide,medium,"panel titles are lowercase descriptive phrases set beside the bold panel letter; four side-by-side matrix blocks all labelled C, each preceded by a categorical transmitter colour strip; two-hue pink-to-green 'evidence' colourbar above; hemilineage names in very small type, a few highlighted in red",PRIVATE_REFERENCE_ONLY/corpus/PMC11106717/figures/Fig7.jpg,cell_1
PMC11106717,Cell,Cell,7,D,scatter,LB,out,none,white,none,na,filled,small,na,UNKNOWN,inside,no,4,4,saturated,na,na,upper,bold,larger,sans,regular,no,none,no,no,normal,0,square,medium,scatter with marginal histograms above and to the right; dashed quantile reference lines labelled q25 and q75; individual points annotated with black arrowheads and names,PRIVATE_REFERENCE_ONLY/corpus/PMC11106717/figures/Fig7.jpg,cell_1
PMC11106717,Cell,Cell,7,E,scatter,box,none,none,white,none,na,filled,small,na,UNKNOWN,none,na,na,4,saturated,na,na,upper,bold,larger,sans,regular,yes,none,no,no,sparse,na,wide,medium,"panel titles are lowercase descriptive phrases set beside the bold panel letter; 4x4 grid of small boxed NBLAST scatter subplots with no tick labels; each subplot titled, some titles in red; a red dashed rectangle groups part of the grid",PRIVATE_REFERENCE_ONLY/corpus/PMC11106717/figures/Fig7.jpg,cell_1
PMC11106717,Cell,Cell,7,F,scatter,box,none,none,white,none,na,filled,small,na,UNKNOWN,below,no,4,4,saturated,viridis_like,inside,upper,bold,larger,sans,regular,yes,none,no,no,sparse,na,wide,medium,"four boxed embedding subplots labelled F, two coloured by a viridis-like birth-order colourbar drawn inside the panel and two by categorical transmitter colours; a small bar-chart inset with an arrow annotation sits inside the lower-left subplot; brain renderings overlap the subplots",PRIVATE_REFERENCE_ONLY/corpus/PMC11106717/figures/Fig7.jpg,cell_1
PMC11250105,Cell Metabolism,Cell,1,A,histogram_density,LB,out,none,white,none,na,na,na,UNKNOWN,UNKNOWN,inside,no,2,2,saturated,na,na,upper,bold,larger,sans,regular,no,none,no,no,normal,0,square,medium,paired green/gold age histogram with two overlaid black trend curves (solid and dashed) matching the two groups,PRIVATE_REFERENCE_ONLY/corpus/PMC11250105/figures/Fig1.jpg,cell_1
PMC11250105,Cell Metabolism,Cell,1,B,line_band,LB,out,none,white,none,na,na,na,UNKNOWN,UNKNOWN,below,no,4,4,mixed,na,na,upper,bold,larger,sans,regular,yes,none,no,no,normal,0,wide,medium,two secretion-trace subplots both labelled B with shaded SEM bands; grey vertical bands mark stimulation windows and dotted vertical lines separate protocols; the key is a row of coloured horizontal bars with treatment text placed under the axis; a scale bar labelled 20 min replaces x tick labels; the right subplot is titled in red,PRIVATE_REFERENCE_ONLY/corpus/PMC11250105/figures/Fig1.jpg,cell_1
PMC11250105,Cell Metabolism,Cell,1,C,volcano,LB,out,none,white,none,na,filled,small,na,UNKNOWN,none,na,na,3,mixed,na,na,upper,bold,larger,sans,regular,yes,none,no,no,normal,0,square,medium,grey background points with teal and salmon significant sets; many gene labels attached by thin leader lines; 'Up in ND' and 'Up in T2D' written in the series colours at the top corners; italic panel title,PRIVATE_REFERENCE_ONLY/corpus/PMC11250105/figures/Fig1.jpg,cell_1
PMC11250105,Cell Metabolism,Cell,1,D,volcano,LB,out,none,white,none,na,filled,small,na,UNKNOWN,none,na,na,3,mixed,na,na,upper,bold,larger,sans,regular,yes,none,no,no,normal,0,square,medium,as panel C,PRIVATE_REFERENCE_ONLY/corpus/PMC11250105/figures/Fig1.jpg,cell_1
PMC11250105,Cell Metabolism,Cell,1,E,scatter,LB,out,none,white,none,na,filled,small,na,UNKNOWN,none,na,na,3,mixed,na,na,upper,bold,larger,sans,regular,no,none,no,no,normal,0,square,medium,two small Venn diagrams sit above the scatter and are part of panel E; leader-line gene labels; zero reference lines,PRIVATE_REFERENCE_ONLY/corpus/PMC11250105/figures/Fig1.jpg,cell_1
PMC11250105,Cell Metabolism,Cell,1,F,scatter_regression,LB,out,none,white,none,na,filled,small,UNKNOWN,UNKNOWN,none,na,na,1,mixed,na,na,upper,bold,larger,sans,regular,no,p_values,no,no,normal,0,square,medium,dense black cloud with a thick blue fit line; log-log axes; R and p printed at the top left; one point labelled INS,PRIVATE_REFERENCE_ONLY/corpus/PMC11250105/figures/Fig1.jpg,cell_1
PMC11250105,Cell Metabolism,Cell,1,G,network,none,none,none,other,none,na,filled,medium,na,UNKNOWN,none,na,na,0,diverging,blue_white_red,inside,upper,bold,larger,sans,regular,no,none,no,no,normal,0,square,medium,network drawn inside a stylised cell diagram on a pale lavender background; node fill uses a teal-white-red diverging scale and node border width encodes adjusted p value; both keys are drawn inside the panel at the lower right,PRIVATE_REFERENCE_ONLY/corpus/PMC11250105/figures/Fig1.jpg,cell_1
PMC11258540,Molecular Cell,Cell,1,A,line,LB,out,none,white,none,na,filled,small,UNKNOWN,UNKNOWN,inside,no,3,3,mixed,na,na,upper,bold,larger,sans,regular,yes,none,no,no,normal,0,wide,medium,"only quantitative panel in the figure; panel A holds a domain schematic, a Coomassie gel, a two-series elution profile and a log-x binding curve; the Kd table inside the binding plot doubles as the legend with entries in the series colours; error bars on the binding points could not be resolved at this resolution so error_bar_style recorded as none; a bold italic protein name titles the panel",PRIVATE_REFERENCE_ONLY/corpus/PMC11258540/figures/Fig1.jpg,cell_1
PMC11258540,Molecular Cell,Cell,2,C,line,LB,out,none,white,none,na,filled,small,UNKNOWN,UNKNOWN,outside_top,no,9,9,mixed,na,na,upper,bold,larger,sans,regular,no,none,no,no,normal,0,square,medium,log x dose-response curves; the key above the axes is laid out as a two-column table with a Kd value beside each coloured line sample,PRIVATE_REFERENCE_ONLY/corpus/PMC11258540/figures/Fig2.jpg,cell_1
PMC11258540,Molecular Cell,Cell,2,D,line,LB,out,none,white,none,na,open,small,UNKNOWN,UNKNOWN,outside_top,no,4,4,mixed,na,na,upper,bold,larger,sans,regular,no,none,no,no,normal,0,square,medium,log x binding curves with open markers; key above the axes with a Kd column; a small RNA cartoon with a red dotted circle is drawn inside the plotting area,PRIVATE_REFERENCE_ONLY/corpus/PMC11258540/figures/Fig2.jpg,cell_1
PMC11258540,Molecular Cell,Cell,2,E,bar,LB,out,none,white,bars_caps,yes,filled,small,na,UNKNOWN,none,na,na,0,monochrome_black,na,na,upper,bold,larger,sans,regular,no,stars,no,no,normal,0,wide,medium,two open bar subplots both labelled E sitting under their gel images; stars and n.s. printed above the bars without brackets; mutant names written above the gel lanes serve as the x labels,PRIVATE_REFERENCE_ONLY/corpus/PMC11258540/figures/Fig2.jpg,cell_1
PMC11258540,Molecular Cell,Cell,4,all,non-quantitative,,,,,,,,,,,,,,,,,,upper,bold,,sans,,,,,,,,,high,"cryo-EM class averages, density maps and atomic models only; no plot axes in the figure",PRIVATE_REFERENCE_ONLY/corpus/PMC11258540/figures/Fig4.jpg,cell_1
PMC11258540,Molecular Cell,Cell,5,A,line,LB,out,none,white,none,na,na,na,UNKNOWN,UNKNOWN,none,na,na,0,monochrome_black,na,na,upper,bold,larger,sans,regular,yes,none,no,no,normal,0,wide,medium,library-prep schematic above three stacked black line traces sharing one x axis; dotted vertical reference line marks the site; italic transcript name as the title and +CMC/-CMC labels inside the subplots,PRIVATE_REFERENCE_ONLY/corpus/PMC11258540/figures/Fig5.jpg,cell_1
PMC11258540,Molecular Cell,Cell,5,D,other_quant,none,none,none,white,none,na,na,na,na,UNKNOWN,none,na,na,3,muted,na,na,upper,bold,larger,sans,regular,yes,none,no,yes,sparse,na,square,medium,"three-set Venn with translucent fills, counts inside and method names outside each ellipse",PRIVATE_REFERENCE_ONLY/corpus/PMC11258540/figures/Fig5.jpg,cell_1
PMC11258540,Molecular Cell,Cell,5,E,bar,LB,out,none,white,none,na,na,na,na,UNKNOWN,inside,no,2,3,mixed,na,na,upper,bold,larger,sans,regular,no,none,no,no,dense,90,wide,medium,black bars with two enzyme-motif subsets highlighted in blue and gold; key inside the upper right; k-mer labels rotated 90 deg and nearly touching,PRIVATE_REFERENCE_ONLY/corpus/PMC11258540/figures/Fig5.jpg,cell_1
PMC11258540,Molecular Cell,Cell,5,F,bar,LB,out,none,white,none,na,na,na,na,UNKNOWN,none,na,na,0,monochrome_black,na,na,upper,bold,larger,sans,regular,no,none,no,no,normal,0,square,medium,four black bars with the count printed above each bar,PRIVATE_REFERENCE_ONLY/corpus/PMC11258540/figures/Fig5.jpg,cell_1
PMC11258540,Molecular Cell,Cell,5,G,line,LB,out,none,white,none,na,na,na,UNKNOWN,UNKNOWN,inside,no,3,3,saturated,na,na,upper,bold,larger,sans,regular,yes,none,no,no,normal,0,wide,medium,two trace subplots both labelled G; black/red/blue genotype lines; italic transcript titles; peaks annotated with a psi symbol,PRIVATE_REFERENCE_ONLY/corpus/PMC11258540/figures/Fig5.jpg,cell_1
PMC11258540,Molecular Cell,Cell,5,H,line,LB,out,none,white,none,na,na,na,UNKNOWN,UNKNOWN,inside,no,3,3,saturated,na,na,upper,bold,larger,sans,regular,yes,none,no,no,normal,0,wide,medium,"gel image at the left plus a three-genotype trace plot, both labelled H; peaks annotated with psi symbols",PRIVATE_REFERENCE_ONLY/corpus/PMC11258540/figures/Fig5.jpg,cell_1
PMC11258540,Molecular Cell,Cell,5,I,line,LB,out,none,white,none,na,na,na,UNKNOWN,UNKNOWN,inside,no,3,3,saturated,na,na,upper,bold,larger,sans,regular,yes,none,no,no,normal,0,wide,medium,as panel G,PRIVATE_REFERENCE_ONLY/corpus/PMC11258540/figures/Fig5.jpg,cell_1
PMC11290321,Cell,Cell,1,C,dot_bubble,none,none,none,white,none,na,filled,medium,na,UNKNOWN,none,na,na,0,sequential,other,none,upper,bold,larger,sans,regular,yes,none,no,no,normal,0,tall,medium,"axis-free bubble grid; dot area and purple shade both encode effect size; gene symbols in italics at the left with the protein name beneath, several highlighted in red; the size/shade key is drawn under panel B at the left of this panel, a position the protocol has no code for, so legend_position recorded as none",PRIVATE_REFERENCE_ONLY/corpus/PMC11290321/figures/Fig1.jpg,cell_1
PMC11290321,Cell,Cell,1,E,pca_umap,LB,none,none,white,none,na,filled,small,na,UNKNOWN,none,na,na,6,mixed,rainbow,top,upper,bold,larger,sans,regular,yes,none,no,no,sparse,na,wide,medium,"two blocks of UMAP small multiples all labelled E; the first UMAP of each block is coloured categorically by timepoint with in-plot coloured day labels, the rest use a rainbow expression colourbar placed above the block; UMAP axes drawn as short arrows with no ticks; dotted outlines delineate clusters; block names printed vertically at the right",PRIVATE_REFERENCE_ONLY/corpus/PMC11290321/figures/Fig1.jpg,cell_1
PMC11290321,Cell,Cell,1,G,pca_umap,box,none,none,white,none,na,filled,small,na,UNKNOWN,none,na,na,5,saturated,rainbow,right,upper,bold,larger,sans,regular,no,none,no,no,sparse,na,tall,medium,"five boxed tSNE subplots labelled by day, each in a single timepoint colour; a vertical rainbow max/min MFI colourbar sits at the lower right of the grid; tSNE axes drawn as short arrows",PRIVATE_REFERENCE_ONLY/corpus/PMC11290321/figures/Fig1.jpg,cell_1
PMC11290321,Cell,Cell,1,H,pca_umap,LB,none,none,white,none,na,filled,small,na,UNKNOWN,none,na,na,0,sequential,rainbow,na,upper,bold,larger,sans,regular,yes,none,no,no,sparse,na,wide,medium,six titled tSNE subplots all labelled H sharing the rainbow MFI colourbar drawn in panel G,PRIVATE_REFERENCE_ONLY/corpus/PMC11290321/figures/Fig1.jpg,cell_1
PMC11290321,Cell,Cell,1,I,line,LB,out,none,white,bars_caps,na,filled,small,UNKNOWN,UNKNOWN,none,na,na,1,saturated,na,na,upper,bold,larger,sans,regular,yes,stars,no,no,normal,0,wide,medium,six titled subplots all labelled I separated by dashed vertical lines and sharing one log y axis; red markers with error bars; stars printed above individual points; x tick labels are colour coded to match the timepoint palette used elsewhere in the figure,PRIVATE_REFERENCE_ONLY/corpus/PMC11290321/figures/Fig1.jpg,cell_1
PMC11349380,Cell,Cell,6,all,non-quantitative,,,,,,,,,,,,,,,,,,upper,bold,,sans,,,,,,,,,high,structural superpositions and close-up views only; angles are annotated on the structures but there are no plot axes anywhere in the figure,PRIVATE_REFERENCE_ONLY/corpus/PMC11349380/figures/Fig6.jpg,cell_1
PMC11349380,Cell,Cell,7,all,non-quantitative,,,,,,,,,,,,,,,,,,upper,bold,,sans,,,,,,,,,high,surface cross-sections and structural superpositions in boxed small multiples; no plot axes in the figure; neither viewable figure of this paper contains a quantitative panel,PRIVATE_REFERENCE_ONLY/corpus/PMC11349380/figures/Fig7.jpg,cell_1
PMC11429458,Cell,Cell,2,D,dot_bubble,none,none,none,white,bars_caps,na,filled,large,na,UNKNOWN,below,no,2,2,diverging,other,top,upper,bold,larger,sans,regular,no,stars,no,no,normal,0,wide,medium,"only quantitative panel in the figure (all other panels are tissue images and spatial spot maps); axis-free bubble grid with stars printed inside the bubbles, a horizontal purple-white-green correlation colourbar above left, row group braces at the left, a horizontal bar-with-error-bar subplot at the right and a bar subplot below, all labelled D",PRIVATE_REFERENCE_ONLY/corpus/PMC11429458/figures/Fig2.jpg,cell_1
PMC11429458,Cell,Cell,3,B,other_quant,none,none,none,white,na,na,na,na,na,UNKNOWN,none,na,na,2,muted,na,na,upper,bold,larger,sans,regular,yes,none,no,yes,sparse,na,square,medium,more panels not reviewed; area-proportional two-set Venn with counts inside and set names beside the circles,PRIVATE_REFERENCE_ONLY/corpus/PMC11429458/figures/Fig3.jpg,cell_1
PMC11429458,Cell,Cell,3,C,violin,B,out,none,white,none,no,na,na,na,UNKNOWN,none,na,na,8,saturated,na,na,upper,bold,larger,sans,regular,yes,none,no,no,normal,0,wide,medium,"more panels not reviewed; ridgeline grid of 8 rows by 6 columns of violins, one colour per TAM subset, each with a dashed vertical median line; only a bottom axis per column",PRIVATE_REFERENCE_ONLY/corpus/PMC11429458/figures/Fig3.jpg,cell_1
PMC11429458,Cell,Cell,3,D,heatmap,box,out,none,white,none,na,na,na,na,UNKNOWN,inside,no,2,2,sequential,yellow_red,right,upper,bold,larger,sans,regular,yes,none,no,no,normal,0,tall,medium,"more panels not reviewed; deepTools-style profile plot stacked over a white-to-dark-red signal heatmap, with row-group labels at the left and a vertical colourbar at the right; two such composites both labelled D",PRIVATE_REFERENCE_ONLY/corpus/PMC11429458/figures/Fig3.jpg,cell_1
PMC11429458,Cell,Cell,3,E,box,LB,out,none,white,box_whisker,yes,filled,small,na,UNKNOWN,none,na,na,2,mixed,na,na,upper,bold,larger,sans,regular,no,both,no,no,normal,0,square,medium,"more panels not reviewed; two box subplots both labelled E; dashed horizontal reference at zero; n.s. on one subplot and an exact p value on the other, printed above the boxes without brackets",PRIVATE_REFERENCE_ONLY/corpus/PMC11429458/figures/Fig3.jpg,cell_1
PMC11429458,Cell,Cell,3,F,bar,LB,out,none,white,none,no,na,na,na,UNKNOWN,none,na,na,2,mixed,na,na,upper,bold,larger,sans,regular,yes,none,no,no,normal,0,wide,medium,"more panels not reviewed; two titled horizontal bar subplots both labelled F (purple and orange), each with a dashed vertical significance threshold line",PRIVATE_REFERENCE_ONLY/corpus/PMC11429458/figures/Fig3.jpg,cell_1
PMC11429458,Cell,Cell,3,G,line,none,none,none,white,none,no,na,na,na,UNKNOWN,none,na,na,2,mixed,na,na,upper,bold,larger,sans,regular,no,none,no,no,sparse,na,square,medium,"more panels not reviewed; genome-browser coverage tracks: filled area traces with the data range printed in square brackets instead of a y axis, gene models drawn beneath, track names at the left and right",PRIVATE_REFERENCE_ONLY/corpus/PMC11429458/figures/Fig3.jpg,cell_1
PMC11429458,Cell,Cell,3,H,grouped_bar,LB,out,none,white,bars_caps,yes,filled,small,na,UNKNOWN,outside_top,no,2,2,mixed,na,na,upper,bold,larger,sans,regular,no,p_values,yes,no,normal,0,square,medium,more panels not reviewed; exact p values over stacked brackets; key above right,PRIVATE_REFERENCE_ONLY/corpus/PMC11429458/figures/Fig3.jpg,cell_1
PMC11429458,Cell,Cell,3,I,grouped_bar,LB,out,none,white,bars_caps,yes,filled,small,na,UNKNOWN,inside,no,2,2,mixed,na,na,upper,bold,larger,sans,regular,no,none,no,no,normal,0,wide,medium,more panels not reviewed; bars diverge from a dashed zero line annotated 'Up in LLMs' above and 'Down in LLMs' below; key inside at the right,PRIVATE_REFERENCE_ONLY/corpus/PMC11429458/figures/Fig3.jpg,cell_1
PMC11429458,Cell,Cell,4,A,grouped_bar,LB,out,none,white,bars_caps,yes,filled,small,na,UNKNOWN,outside_top,no,2,2,mixed,na,na,upper,bold,larger,sans,regular,no,p_values,yes,no,normal,0,wide,medium,more panels not reviewed; exact p values over brackets; scientific-notation y tick labels; key above the axes,PRIVATE_REFERENCE_ONLY/corpus/PMC11429458/figures/Fig4.jpg,cell_1
PMC11429458,Cell,Cell,4,B,grouped_bar,LB,out,none,white,bars_caps,yes,filled,small,na,UNKNOWN,outside_top,no,2,2,mixed,na,na,upper,bold,larger,sans,regular,no,p_values,yes,no,normal,45,wide,medium,more panels not reviewed; exact p values over brackets; sterol names rotated about 45 deg,PRIVATE_REFERENCE_ONLY/corpus/PMC11429458/figures/Fig4.jpg,cell_1
PMC11429458,Cell,Cell,4,C,bar,LB,out,none,white,bars_caps,yes,filled,small,na,UNKNOWN,none,na,na,2,mixed,na,na,upper,bold,larger,sans,regular,no,p_values,yes,no,sparse,0,tall,medium,"more panels not reviewed; two bars with points, exact p value over a bracket",PRIVATE_REFERENCE_ONLY/corpus/PMC11429458/figures/Fig4.jpg,cell_1
PMC11429458,Cell,Cell,4,D,bar,LB,out,none,white,bars_caps,yes,filled,small,na,UNKNOWN,none,na,na,2,mixed,na,na,upper,bold,larger,sans,regular,yes,p_values,yes,no,sparse,0,tall,medium,"more panels not reviewed; five bar subplots all labelled D, each titled with an italic gene name",PRIVATE_REFERENCE_ONLY/corpus/PMC11429458/figures/Fig4.jpg,cell_1
PMC11429458,Cell,Cell,4,E,pie_donut,none,none,none,white,na,na,na,na,na,UNKNOWN,none,na,7,7,mixed,na,na,upper,bold,larger,sans,regular,no,none,no,no,sparse,na,square,medium,more panels not reviewed; donut with class names and percent +/- SD written outside each slice and an italic caption inside the hole; red highlight slice against a grey/black series,PRIVATE_REFERENCE_ONLY/corpus/PMC11429458/figures/Fig4.jpg,cell_1
PMC11429458,Cell,Cell,4,H,dot_strip,LB,out,none,white,none,yes,filled,small,na,UNKNOWN,outside_top,no,3,2,mixed,na,na,upper,bold,larger,sans,regular,no,p_values,yes,no,normal,0,wide,medium,more panels not reviewed; raincloud plot: jittered points with a mirrored density curve below; marker area encodes cell size and the three-step size key sits above the panel; exact p value over a bracket,PRIVATE_REFERENCE_ONLY/corpus/PMC11429458/figures/Fig4.jpg,cell_1
PMC11429458,Cell,Cell,4,J,dot_strip,LB,out,none,white,none,yes,filled,small,na,UNKNOWN,outside_top,no,3,3,mixed,na,na,upper,bold,larger,sans,regular,no,p_values,yes,no,normal,0,wide,medium,more panels not reviewed; horizontal raincloud with three coloured groups; both a colour key and a size key are placed above the panel; exact p values over stacked brackets,PRIVATE_REFERENCE_ONLY/corpus/PMC11429458/figures/Fig4.jpg,cell_1
PMC11429458,Cell,Cell,4,K,bar,LB,out,none,white,bars_caps,yes,filled,small,na,UNKNOWN,none,na,na,4,mixed,na,na,upper,bold,larger,sans,regular,no,p_values,yes,no,normal,45,wide,medium,more panels not reviewed; four bars with points; three stacked brackets with exact p values,PRIVATE_REFERENCE_ONLY/corpus/PMC11429458/figures/Fig4.jpg,cell_1
PMC11667439,Cell Systems,Cell,1,A,pca_umap,LB,none,none,white,none,na,filled,small,na,UNKNOWN,inside,no,1,2,mixed,na,na,upper,bold,larger,sans,regular,yes,none,no,no,sparse,na,square,medium,UMAP with plain unticked axis lines; grey background points with a highlighted orange set; TF family names written directly in the plotting area; one-entry key inside the lower left,PRIVATE_REFERENCE_ONLY/corpus/PMC11667439/figures/Fig1.jpg,cell_1
PMC11667439,Cell Systems,Cell,1,D,scatter,LB,out,none,white,none,na,filled,small,na,UNKNOWN,inside,no,2,2,mixed,na,na,upper,bold,larger,sans,regular,no,none,no,no,normal,0,square,medium,replicate scatter with marginal density curves above and to the right; thin black identity line; PCC printed in italic orange inside the axes at lower right,PRIVATE_REFERENCE_ONLY/corpus/PMC11667439/figures/Fig1.jpg,cell_1
PMC11667439,Cell Systems,Cell,1,E,dot_strip,LB,out,none,white,none,na,filled,small,na,UNKNOWN,none,na,na,3,mixed,na,na,upper,bold,larger,sans,regular,yes,none,no,no,dense,90,wide,medium,two stacked subplots both labelled E; a column of grey/black points per TF with a red mean marker; dashed horizontal reference lines; vertical teal guide lines mark TFs whose names are also printed in teal; cell-type titles sit in small grey boxes at the upper left of each subplot,PRIVATE_REFERENCE_ONLY/corpus/PMC11667439/figures/Fig1.jpg,cell_1
PMC11667439,Cell Systems,Cell,2,B,scatter_regression,LB,out,none,white,none,na,filled,medium,UNKNOWN,UNKNOWN,outside_right,no,2,2,muted,na,na,upper,bold,larger,sans,regular,yes,none,no,no,normal,0,square,medium,dashed identity line rather than a fitted line; adjusted R2 printed in italics under the title; key titled 'Spacer length' at the right,PRIVATE_REFERENCE_ONLY/corpus/PMC11667439/figures/Fig2.jpg,cell_1
PMC11667439,Cell Systems,Cell,2,C,bar,LB,out,none,white,none,na,na,na,na,UNKNOWN,none,na,na,4,mixed,na,na,upper,bold,larger,sans,regular,yes,none,no,no,normal,45,wide,medium,bars grouped by design feature with pale header bars above naming each group; bar fill shades within the red family; title repeated from panel B,PRIVATE_REFERENCE_ONLY/corpus/PMC11667439/figures/Fig2.jpg,cell_1
PMC11667439,Cell Systems,Cell,2,D,heatmap_clustered,box,none,none,white,none,na,na,na,na,UNKNOWN,na,na,na,0,diverging,blue_white_red,top,upper,bold,larger,sans,regular,no,none,no,no,dense,0,wide,medium,"dendrograms on both the top and the left; a horizontal Weight colourbar with a separate grey NA swatch sits above the matrix at the left; row labels at the right with a group brace; TF names below in very small type, some coloured to match panel D categories",PRIVATE_REFERENCE_ONLY/corpus/PMC11667439/figures/Fig2.jpg,cell_1
PMC11667439,Cell Systems,Cell,2,E,dot_strip,LB,out,none,white,none,na,filled,small,na,UNKNOWN,inside,no,na,0,greys,greys,inside,upper,bold,larger,sans,regular,no,stars,yes,no,normal,0,square,medium,jittered points shaded by a grey colourbar drawn inside the panel at the upper right; red horizontal mean markers; stars over a bracket; x tick labels coloured to match the design-feature palette,PRIVATE_REFERENCE_ONLY/corpus/PMC11667439/figures/Fig2.jpg,cell_1
PMC11667439,Cell Systems,Cell,2,F,box,LB,out,none,white,box_whisker,yes,filled,small,na,UNKNOWN,none,na,na,2,mixed,na,na,upper,bold,larger,sans,regular,no,p_values,no,no,normal,0,square,medium,boxes with jittered black and blue points and a red median line; Levene's p printed above the boxes without a bracket,PRIVATE_REFERENCE_ONLY/corpus/PMC11667439/figures/Fig2.jpg,cell_1
PMC11667439,Cell Systems,Cell,4,A,dot_strip,box,out,none,grey,none,na,filled,small,na,UNKNOWN,inside,no,4,2,mixed,na,na,upper,bold,larger,sans,regular,yes,none,no,no,dense,90,wide,medium,"plotting area filled light grey; italic panel title centred inside the axes; dashed horizontal reference lines at +/-1 and 0; marker shape separates published from synthetic reporters and opacity separates fold-change classes; x tick labels rotated 90, coloured blue for activating and red for repressing and bolded where highlighted; the bold letters B-G are printed under the x axis as cross references to the lower panels; 'Activating'/'Repressing' written as coloured text inside the axes",PRIVATE_REFERENCE_ONLY/corpus/PMC11667439/figures/Fig4.jpg,cell_1
PMC11667439,Cell Systems,Cell,4,B,scatter,box,out,none,white,none,na,mixed,medium,na,UNKNOWN,outside_right,no,8,4,greys,na,na,upper,bold,larger,sans,regular,yes,none,no,no,normal,0,square,medium,"scatter against an identity line with dashed zero reference lines; facet-strip title on a grey band; the key to the right of panel D (core promoter fill, spacer length fill and reporter-type marker shape) is shared by panels B to G",PRIVATE_REFERENCE_ONLY/corpus/PMC11667439/figures/Fig4.jpg,cell_1
PMC11667439,Cell Systems,Cell,4,C,scatter,box,out,none,white,none,na,mixed,medium,na,UNKNOWN,outside_right,no,8,4,greys,na,na,upper,bold,larger,sans,regular,yes,none,no,no,normal,0,square,medium,"scatter against an identity line with dashed zero reference lines; facet-strip title on a grey band; the key to the right of panel D (core promoter fill, spacer length fill and reporter-type marker shape) is shared by panels B to G",PRIVATE_REFERENCE_ONLY/corpus/PMC11667439/figures/Fig4.jpg,cell_1
PMC11667439,Cell Systems,Cell,4,D,scatter,box,out,none,white,none,na,mixed,medium,na,UNKNOWN,outside_right,no,8,4,greys,na,na,upper,bold,larger,sans,regular,yes,none,no,no,normal,0,square,medium,"scatter against an identity line with dashed zero reference lines; facet-strip title on a grey band; the key to the right of panel D (core promoter fill, spacer length fill and reporter-type marker shape) is shared by panels B to G",PRIVATE_REFERENCE_ONLY/corpus/PMC11667439/figures/Fig4.jpg,cell_1
PMC11667439,Cell Systems,Cell,4,E,scatter,box,out,none,white,none,na,mixed,medium,na,UNKNOWN,outside_right,no,8,2,muted,na,na,upper,bold,larger,sans,regular,yes,none,no,no,normal,0,square,medium,"scatter against an identity line with dashed zero reference lines; facet-strip title on a grey band; the key to the right of panel D (core promoter fill, spacer length fill and reporter-type marker shape) is shared by panels B to G; markers filled by spacer length in two blues",PRIVATE_REFERENCE_ONLY/corpus/PMC11667439/figures/Fig4.jpg,cell_1
PMC11667439,Cell Systems,Cell,4,F,scatter,box,out,none,white,none,na,mixed,medium,na,UNKNOWN,outside_right,no,8,2,muted,na,na,upper,bold,larger,sans,regular,yes,none,no,no,normal,0,square,medium,"scatter against an identity line with dashed zero reference lines; facet-strip title on a grey band; the key to the right of panel D (core promoter fill, spacer length fill and reporter-type marker shape) is shared by panels B to G; markers filled by spacer length in two blues",PRIVATE_REFERENCE_ONLY/corpus/PMC11667439/figures/Fig4.jpg,cell_1
PMC11667439,Cell Systems,Cell,4,G,scatter,box,out,none,white,none,na,mixed,medium,na,UNKNOWN,outside_right,no,8,2,muted,na,na,upper,bold,larger,sans,regular,yes,none,no,no,normal,0,square,medium,"scatter against an identity line with dashed zero reference lines; facet-strip title on a grey band; the key to the right of panel D (core promoter fill, spacer length fill and reporter-type marker shape) is shared by panels B to G; the y axis title is set in red to mark a repressing condition",PRIVATE_REFERENCE_ONLY/corpus/PMC11667439/figures/Fig4.jpg,cell_1
PMC10864002,Cancer Cell,Cell,5,A,histogram_density,LB,out,none,white,none,na,na,na,UNKNOWN,UNKNOWN,inside,no,3,3,mixed,na,na,upper,bold,larger,sans,regular,no,none,no,no,normal,0,wide,medium,three overlaid semi-transparent flow-cytometry densities; log x axis; a horizontal gate line with a label and per-group percentages is drawn inside the plotting area; axis titles in all caps,PRIVATE_REFERENCE_ONLY/corpus/PMC10864002/figures/Fig5.jpg,cell_1
PMC10864002,Cancer Cell,Cell,5,B,line,LB,out,none,white,bars_caps,na,filled,small,UNKNOWN,UNKNOWN,outside_right,no,5,5,saturated,na,na,upper,bold,larger,sans,regular,no,stars,no,no,normal,0,square,medium,slope plot joining two tumour types with one coloured series per protein; stars and N.S. printed at the right-hand end of the lines in the series colour; axis titles in all caps,PRIVATE_REFERENCE_ONLY/corpus/PMC10864002/figures/Fig5.jpg,cell_1
PMC10864002,Cancer Cell,Cell,5,C,box,LB,out,none,white,box_whisker,yes,filled,small,na,UNKNOWN,none,na,na,0,greys,na,na,upper,bold,larger,sans,regular,no,stars,yes,no,normal,0,wide,medium,grey boxes with outlier points; treatment blocks named by headers with underlining rules above the panel; stars and N.S. over brackets,PRIVATE_REFERENCE_ONLY/corpus/PMC10864002/figures/Fig5.jpg,cell_1
PMC10864002,Cancer Cell,Cell,5,D,network,none,none,none,white,none,na,filled,small,na,UNKNOWN,none,na,na,8,mixed,other,right,upper,bold,larger,sans,regular,no,none,no,no,sparse,na,wide,medium,gene-to-term network with curved coloured edges; gene nodes coloured categorically and a white-to-orange Log2 FC colourbar at the lower right; node count colours approximate,PRIVATE_REFERENCE_ONLY/corpus/PMC10864002/figures/Fig5.jpg,cell_1
PMC10864002,Cancer Cell,Cell,5,E,network,none,none,none,white,none,na,filled,small,na,UNKNOWN,none,na,na,8,mixed,other,bottom,upper,bold,larger,sans,regular,no,none,no,no,sparse,na,wide,medium,as panel D with a white-to-purple Log2 FC colourbar placed below left,PRIVATE_REFERENCE_ONLY/corpus/PMC10864002/figures/Fig5.jpg,cell_1
PMC10864002,Cancer Cell,Cell,5,F,box,LB,out,none,white,box_whisker,no,na,na,na,UNKNOWN,none,na,na,0,greys,na,na,upper,bold,larger,sans,regular,no,stars,yes,no,normal,0,wide,medium,grey boxes; stacked brackets carrying stars and N.S.,PRIVATE_REFERENCE_ONLY/corpus/PMC10864002/figures/Fig5.jpg,cell_1
