paper_id,journal,journal_family,figure_number,panel,plot_family,spines,tick_direction,grid,background,error_bar_style,points_overlaid,marker_fill,marker_size_class,line_weight_class,axis_line_weight_class,legend_position,legend_frame,legend_entries,n_categorical_colours,palette_class,sequential_cmap_class,colourbar_position,panel_label_case,panel_label_weight,panel_label_size_class,font_class,axis_label_weight,title_present,significance_style,brackets,n_stated_in_panel,tick_label_density,x_tick_rotation,panel_aspect_class,confidence,notes,image_path,reviewer
PMC12490786,Science Translational Medicine,Science,1,C,other_quant,LB,none,none,white,na,na,filled,small,na,UNKNOWN,none,na,na,0,monochrome_black,na,na,upper,bold,much_larger,sans,regular,yes,none,no,no,sparse,na,square,medium,flow cytometry density/contour plots with drawn gates and percentage labels; no numeric tick labels so tick_direction read as none,PRIVATE_REFERENCE_ONLY/corpus/PMC12490786/figures/Fig1.jpg,science_1
PMC12490786,Science Translational Medicine,Science,1,D,stacked_bar,LB,out,none,white,none,no,na,na,na,UNKNOWN,below,no,5,5,mixed,na,na,upper,bold,much_larger,sans,regular,yes,none,no,no,normal,45,wide,high,three animal sub-plots share one legend; hatched/checkerboard bar fills plus red and white; dashed vertical dividers between groups,PRIVATE_REFERENCE_ONLY/corpus/PMC12490786/figures/Fig1.jpg,science_1
PMC12490786,Science Translational Medicine,Science,2,A,bar,LB,out,none,white,none,no,na,na,na,UNKNOWN,none,na,na,0,monochrome_black,na,na,upper,bold,much_larger,sans,regular,yes,none,no,no,normal,45,wide,high,group headings above bars act as titles; dashed vertical dividers between groups,PRIVATE_REFERENCE_ONLY/corpus/PMC12490786/figures/Fig2.jpg,science_1
PMC12490786,Science Translational Medicine,Science,2,B,stacked_bar,LB,out,none,white,none,no,na,na,na,UNKNOWN,outside_right,no,3,3,monochrome_black,na,na,upper,bold,much_larger,sans,regular,yes,none,no,no,normal,45,square,high,black / checkerboard / white fills rather than colour,PRIVATE_REFERENCE_ONLY/corpus/PMC12490786/figures/Fig2.jpg,science_1
PMC12490786,Science Translational Medicine,Science,2,C,bar,LB,out,none,white,bars_caps,yes,filled,small,na,UNKNOWN,none,na,na,4,muted,na,na,upper,bold,much_larger,sans,regular,yes,none,no,no,normal,45,wide,medium,"bar fills colour-coded per adenine (light blue, blue, gold, grey); 'NA' printed where no data; error bars very short, caps visible",PRIVATE_REFERENCE_ONLY/corpus/PMC12490786/figures/Fig2.jpg,science_1
PMC12490786,Science Translational Medicine,Science,2,D,stacked_bar,LB,out,none,white,none,no,na,na,na,UNKNOWN,outside_right,no,3,3,mixed,na,na,upper,bold,much_larger,sans,regular,yes,none,no,no,normal,45,square,high,dark blue / cyan / grey stack,PRIVATE_REFERENCE_ONLY/corpus/PMC12490786/figures/Fig2.jpg,science_1
PMC12490786,Science Translational Medicine,Science,3,A,line,LB,out,none,white,none,na,filled,small,UNKNOWN,UNKNOWN,inside,no,3,3,saturated,na,na,upper,bold,much_larger,sans,regular,yes,none,no,no,normal,0,wide,medium,"four time-course sub-plots; broken x axis; grey shaded reference band behind data; black/red/blue series, third series dotted; line weights UNKNOWN at web resolution",PRIVATE_REFERENCE_ONLY/corpus/PMC12490786/figures/Fig3.jpg,science_1
PMC12490786,Science Translational Medicine,Science,3,B,stacked_bar,LB,out,none,white,none,no,na,na,na,UNKNOWN,below,no,5,5,saturated,na,na,upper,bold,much_larger,sans,regular,yes,none,no,no,dense,90,square,medium,three stacked sub-plots (one per animal) sharing one legend below; many dense numeric x labels,PRIVATE_REFERENCE_ONLY/corpus/PMC12490786/figures/Fig3.jpg,science_1
PMC12490786,Science Translational Medicine,Science,3,C,stacked_bar,LB,out,none,white,none,no,na,na,na,UNKNOWN,below,no,3,3,greys,na,na,upper,bold,much_larger,sans,regular,yes,none,no,no,normal,0,square,high,black/grey/white stack; dashed vertical dividers between animals,PRIVATE_REFERENCE_ONLY/corpus/PMC12490786/figures/Fig3.jpg,science_1
PMC12490786,Science Translational Medicine,Science,3,D,stacked_bar,LB,out,none,white,none,no,na,na,na,UNKNOWN,below,no,5,5,mixed,na,na,upper,bold,much_larger,sans,regular,yes,none,no,no,normal,45,wide,high,"three animal sub-plots, checkerboard/white/black/red fills, shared legend below",PRIVATE_REFERENCE_ONLY/corpus/PMC12490786/figures/Fig3.jpg,science_1
PMC12716425,Science advances,Science,1,F,scatter_regression,LB,out,none,white,bars_caps,na,filled,small,UNKNOWN,UNKNOWN,inside,no,2,2,mixed,na,na,upper,bold,much_larger,sans,regular,no,none,no,no,normal,0,square,medium,"binding titration, red and dark-grey series direct-labelled inside the axes rather than a legend box; dotted horizontal reference line at 0",../make_my_plot/figure_library/science/2025_Yudin_mechanism_of_cotranslational_modificatio/figures/fig01_F1.jpg,science_1
PMC12716425,Science advances,Science,1,G,bar,LB,out,none,white,bars_caps,yes,filled,small,na,UNKNOWN,none,na,na,2,mixed,na,na,upper,bold,much_larger,sans,regular,no,none,no,no,sparse,0,tall,medium,log-scale y axis (decade labels only); grey and red bars with overlaid individual points,../make_my_plot/figure_library/science/2025_Yudin_mechanism_of_cotranslational_modificatio/figures/fig01_F1.jpg,science_1
PMC12716425,Science advances,Science,2,,non-quantitative,,,,,,,,,,,,,,,,,,,,,,,,,,,,,,high,"entirely molecular structure cartoons; skipped from caption, no quantitative panel",../make_my_plot/figure_library/science/2025_Yudin_mechanism_of_cotranslational_modificatio/figures/fig02_F2.jpg,science_1
PMC12716425,Science advances,Science,3,A,bar,LB,out,none,white,bars_caps,yes,filled,small,na,UNKNOWN,none,na,na,2,saturated,na,na,upper,bold,much_larger,sans,regular,yes,stars,yes,no,sparse,0,square,high,significance bracket with ** between two bars; third category annotated 'Not Detectable'; remaining panels of this figure are immunoblots,../make_my_plot/figure_library/science/2025_Yudin_mechanism_of_cotranslational_modificatio/figures/fig03_F3.jpg,science_1
PMC12716425,Science advances,Science,3,B,bar,LB,out,none,white,bars_caps,yes,filled,small,na,UNKNOWN,none,na,na,3,saturated,na,na,upper,bold,much_larger,sans,regular,yes,none,no,no,sparse,0,square,high,"grey/red/green bars, log y axis; remaining panels of this figure are immunoblots",../make_my_plot/figure_library/science/2025_Yudin_mechanism_of_cotranslational_modificatio/figures/fig03_F3.jpg,science_1
PMC12716425,Science advances,Science,3,C,bar,LB,out,none,white,bars_caps,yes,filled,small,na,UNKNOWN,none,na,na,3,saturated,na,na,upper,bold,much_larger,sans,regular,yes,none,no,no,sparse,0,square,high,"red/purple/green bars, log y axis, few overlaid points; remaining panels of this figure are immunoblots",../make_my_plot/figure_library/science/2025_Yudin_mechanism_of_cotranslational_modificatio/figures/fig03_F3.jpg,science_1
PMC12716425,Science advances,Science,3,D,bar,LB,out,none,white,bars_caps,yes,filled,small,na,UNKNOWN,none,na,na,3,saturated,na,na,upper,bold,much_larger,sans,regular,yes,none,no,no,sparse,0,square,high,"red/orange/cyan bars, log y axis spanning four decades; remaining panels of this figure are immunoblots",../make_my_plot/figure_library/science/2025_Yudin_mechanism_of_cotranslational_modificatio/figures/fig03_F3.jpg,science_1
PMC12716425,Science advances,Science,3,E,bar,LB,out,none,white,bars_caps,yes,filled,small,na,UNKNOWN,none,na,na,2,saturated,na,na,upper,bold,much_larger,sans,regular,yes,ns_marks,yes,no,sparse,0,tall,high,bracket labelled ns between the two bars; remaining panels of this figure are immunoblots,../make_my_plot/figure_library/science/2025_Yudin_mechanism_of_cotranslational_modificatio/figures/fig03_F3.jpg,science_1
PMC12716425,Science advances,Science,4,C,bar,LB,out,none,white,bars_caps,yes,filled,small,na,UNKNOWN,none,na,na,4,muted,na,na,upper,bold,much_larger,sans,regular,yes,stars,yes,no,sparse,0,square,medium,log y; two ns brackets plus asterisks printed above individual bars; two-level category labels under the axis,../make_my_plot/figure_library/science/2025_Yudin_mechanism_of_cotranslational_modificatio/figures/fig04_F4.jpg,science_1
PMC12716425,Science advances,Science,4,D,scatter_regression,LB,out,none,white,bars_caps,na,filled,small,UNKNOWN,UNKNOWN,inside,no,3,3,saturated,na,na,upper,bold,much_larger,sans,regular,no,none,no,no,normal,0,square,medium,three binding curves with fitted lines; circle/square/diamond markers; legend keys inside upper area without frame,../make_my_plot/figure_library/science/2025_Yudin_mechanism_of_cotranslational_modificatio/figures/fig04_F4.jpg,science_1
PMC12716425,Science advances,Science,4,E,bar,LB,out,none,white,bars_caps,yes,filled,small,na,UNKNOWN,none,na,na,3,saturated,na,na,upper,bold,much_larger,sans,regular,no,none,no,no,normal,0,square,high,linear y; three bars with overlaid points; two-row +/- category labels below axis,../make_my_plot/figure_library/science/2025_Yudin_mechanism_of_cotranslational_modificatio/figures/fig04_F4.jpg,science_1
PMC12716426,Science advances,Science,1,,non-quantitative,,,,,,,,,,,,,,,,,,,,,,,,,,,,,,high,single circular graphical-abstract schematic; no quantitative panel,../make_my_plot/figure_library/science/2025_Li_advances_in_machine_learning_enhanced_mi/figures/fig01_F1.jpg,science_1
PMC12716426,Science advances,Science,2,,non-quantitative,,,,,,,,,,,,,,,,,,,,,,,,,,,,,,high,"device schematics, optical-setup diagram and micrographs reproduced from other papers; no quantitative panel",../make_my_plot/figure_library/science/2025_Li_advances_in_machine_learning_enhanced_mi/figures/fig02_F2.jpg,science_1
PMC12716426,Science advances,Science,3,,non-quantitative,,,,,,,,,,,,,,,,,,,,,,,,,,,,,,high,"pillar-array schematics, device photographs and micrographs; no quantitative panel",../make_my_plot/figure_library/science/2025_Li_advances_in_machine_learning_enhanced_mi/figures/fig03_F3.jpg,science_1
PMC12716426,Science advances,Science,4,,non-quantitative,,,,,,,,,,,,,,,,,,,,,,,,,,,,,,high,flow-physics schematics and channel diagrams; no quantitative panel,../make_my_plot/figure_library/science/2025_Li_advances_in_machine_learning_enhanced_mi/figures/fig04_F4.jpg,science_1
PMC12716426,Science advances,Science,5,,non-quantitative,,,,,,,,,,,,,,,,,,,,,,,,,,,,,,high,force schematics and device diagrams; no quantitative panel,../make_my_plot/figure_library/science/2025_Li_advances_in_machine_learning_enhanced_mi/figures/fig05_F5.jpg,science_1
PMC12716426,Science advances,Science,6,D,roc_pr,LB,out,none,white,none,na,na,na,regular,UNKNOWN,inside,no,1,1,saturated,na,na,upper,bold,much_larger,sans,regular,no,none,no,no,normal,0,square,medium,"single blue ROC curve, AUC annotated as text inside the axes; reproduced third-party panel in a review article",../make_my_plot/figure_library/science/2025_Li_advances_in_machine_learning_enhanced_mi/figures/fig06_F6.jpg,science_1
PMC12716426,Science advances,Science,6,E,other_quant,box,UNKNOWN,none,white,none,na,filled,small,UNKNOWN,UNKNOWN,outside_top,yes,2,2,mixed,na,na,upper,bold,much_larger,sans,regular,no,none,no,no,normal,0,wide,low,composite reproduced panel: time-series scatter of scores (green vs black) above a 3D waterfall of Raman spectra; spines and ticks hard to read at web resolution,../make_my_plot/figure_library/science/2025_Li_advances_in_machine_learning_enhanced_mi/figures/fig06_F6.jpg,science_1
PMC12716426,Science advances,Science,6,G,pca_umap,none,none,none,white,none,na,filled,small,na,UNKNOWN,inside,no,5,6,saturated,na,none,upper,bold,much_larger,sans,regular,no,none,no,no,sparse,0,wide,low,composite reproduced panel: t-SNE scatters plus a dendrogram/violin summary; axis labels t-SNE 1/2 with no visible spine or ticks,../make_my_plot/figure_library/science/2025_Li_advances_in_machine_learning_enhanced_mi/figures/fig06_F6.jpg,science_1
PMC12716426,Science advances,Science,7,,non-quantitative,,,,,,,,,,,,,,,,,,,,,,,,,,,,,,medium,neural-network architecture schematics; panel B embeds a small spectral trace inside the pipeline diagram but the figure has no standalone quantitative panel,../make_my_plot/figure_library/science/2025_Li_advances_in_machine_learning_enhanced_mi/figures/fig07_F7.jpg,science_1
PMC12870020,Science Translational Medicine,Science,1,A,heatmap_clustered,box,none,none,other,na,na,na,na,na,UNKNOWN,none,na,na,0,sequential,yellow_red,bottom,upper,bold,much_larger,sans,regular,no,none,no,no,normal,0,wide,high,"row dendrogram at left, coloured column dendrogram on top plus group/subgroup annotation bands (green/yellow/purple); row labels printed on the right; horizontal colourbar below with word labels instead of numbers; n_categorical_colours counted 0 because the data marks are heat cells",PRIVATE_REFERENCE_ONLY/corpus/PMC12870020/figures/Fig1.jpg,science_1
PMC12870020,Science Translational Medicine,Science,1,B,other_quant,LB,UNKNOWN,none,white,none,na,filled,medium,heavy,UNKNOWN,none,na,na,9,pastel,na,na,upper,bold,much_larger,sans,regular,no,none,no,no,sparse,0,wide,medium,"slope/arrow plot: filled circles at 2 time points joined by thick black arrows, two stacked sub-plots sharing an x axis and a coloured group band above; series identified by text labels next to the end points; tick direction UNKNOWN at web resolution",PRIVATE_REFERENCE_ONLY/corpus/PMC12870020/figures/Fig1.jpg,science_1
PMC12870020,Science Translational Medicine,Science,2,A,pie_donut,none,none,none,white,na,na,na,na,na,UNKNOWN,inside,yes,na,9,mixed,na,na,upper,bold,much_larger,sans,regular,yes,none,no,no,sparse,na,square,medium,"single nested donut/pie; percentages printed on wedges and outside the ring; panel enclosed in a thin box; asterisks in wedge labels are category flags, not significance marks; legend entry count varies per sub-chart so recorded as na",PRIVATE_REFERENCE_ONLY/corpus/PMC12870020/figures/Fig2.jpg,science_1
PMC12870020,Science Translational Medicine,Science,2,B,pie_donut,none,none,none,white,na,na,na,na,na,UNKNOWN,inside,yes,na,9,mixed,na,na,upper,bold,much_larger,sans,regular,yes,none,no,no,sparse,na,square,medium,"grid of 9 nested pies, one per drug, each with its own title and a small framed colour key at lower left; panel enclosed in a thin box; asterisks in wedge labels are category flags, not significance marks; legend entry count varies per sub-chart so recorded as na",PRIVATE_REFERENCE_ONLY/corpus/PMC12870020/figures/Fig2.jpg,science_1
PMC12870020,Science Translational Medicine,Science,2,C,pie_donut,none,none,none,white,na,na,na,na,na,UNKNOWN,inside,yes,na,9,mixed,na,na,upper,bold,much_larger,sans,regular,yes,none,no,no,sparse,na,square,medium,"column of nested pies, one per regimen, each with a small framed colour key at lower left; asterisks in wedge labels are category flags, not significance marks; legend entry count varies per sub-chart so recorded as na",PRIVATE_REFERENCE_ONLY/corpus/PMC12870020/figures/Fig2.jpg,science_1
PMC12870020,Science Translational Medicine,Science,3,A,heatmap_clustered,box,none,none,other,na,na,na,na,na,UNKNOWN,none,na,na,0,sequential,yellow_red,bottom,upper,bold,much_larger,sans,regular,no,none,no,no,normal,0,wide,high,"same clustered-heatmap style as Fig 1A: left row dendrogram, coloured column dendrogram, group/subgroup bands (4 groups), right-hand row labels, horizontal word-labelled colourbar below",PRIVATE_REFERENCE_ONLY/corpus/PMC12870020/figures/Fig3.jpg,science_1
PMC12870020,Science Translational Medicine,Science,3,B,other_quant,LB,UNKNOWN,none,white,none,na,filled,medium,heavy,UNKNOWN,none,na,na,8,pastel,na,na,upper,bold,much_larger,sans,regular,no,none,no,no,sparse,0,wide,medium,"slope/arrow plot as in Fig 1B, two sub-plots (changed vs stagnated) with boxed header labels; end points labelled with cluster IDs; tick direction UNKNOWN at web resolution",PRIVATE_REFERENCE_ONLY/corpus/PMC12870020/figures/Fig3.jpg,science_1
PMC13004167,Science,Science,1,B,other_quant,LB,none,none,white,na,na,filled,small,na,UNKNOWN,none,na,na,1,saturated,na,na,upper,bold,much_larger,sans,regular,yes,none,no,no,sparse,na,wide,medium,"three flow-cytometry contour plots with drawn gates, percentage and MFI values printed inside; axes drawn as arrows",PRIVATE_REFERENCE_ONLY/corpus/PMC13004167/figures/Fig1.jpg,science_1
PMC13004167,Science,Science,1,C,scatter_regression,LB,out,none,white,bars_caps,na,open,small,UNKNOWN,UNKNOWN,inside,no,3,3,saturated,na,na,upper,bold,much_larger,sans,regular,no,none,no,no,normal,0,square,medium,"sigmoidal dose-response fits, open circular markers, short capped error bars, unframed legend inside upper left",PRIVATE_REFERENCE_ONLY/corpus/PMC13004167/figures/Fig1.jpg,science_1
PMC13004167,Science,Science,1,D,scatter_regression,LB,out,none,white,bars_caps,na,open,small,UNKNOWN,UNKNOWN,inside,no,5,5,saturated,na,na,upper,bold,much_larger,sans,regular,no,none,no,no,normal,0,square,medium,as panel C with five series including an open grey irrelevant-TCR control,PRIVATE_REFERENCE_ONLY/corpus/PMC13004167/figures/Fig1.jpg,science_1
PMC13004167,Science,Science,1,E,other_quant,LB,none,none,white,na,na,filled,small,na,UNKNOWN,none,na,na,1,saturated,na,na,upper,bold,much_larger,sans,regular,yes,none,no,no,sparse,na,wide,medium,five flow contour plots with red rectangular gates and percentages; shared arrow x axis below,PRIVATE_REFERENCE_ONLY/corpus/PMC13004167/figures/Fig1.jpg,science_1
PMC13004167,Science,Science,1,F,scatter_regression,LB,out,none,white,bars_caps,na,open,small,UNKNOWN,UNKNOWN,inside,no,3,3,saturated,na,na,upper,bold,much_larger,sans,regular,no,none,no,no,normal,0,square,medium,two fitted curves plus grey open-circle control series,PRIVATE_REFERENCE_ONLY/corpus/PMC13004167/figures/Fig1.jpg,science_1
PMC13004167,Science,Science,1,H,scatter_regression,LB,out,none,white,bars_caps,na,open,small,UNKNOWN,UNKNOWN,inside,no,4,4,saturated,na,na,upper,bold,much_larger,sans,regular,yes,none,no,no,normal,0,square,medium,grey shaded dashed-outline envelope behind curves annotated with an arrow and inside text,PRIVATE_REFERENCE_ONLY/corpus/PMC13004167/figures/Fig1.jpg,science_1
PMC13004167,Science,Science,1,I,bar,LB,out,none,white,bars_caps,no,na,na,na,UNKNOWN,none,na,na,7,saturated,na,na,upper,bold,much_larger,sans,regular,no,stars,yes,no,normal,45,square,high,y axis LogEC50 runs -7 (bottom) to -10 (top); three long comparison brackets with asterisks above the bars,PRIVATE_REFERENCE_ONLY/corpus/PMC13004167/figures/Fig1.jpg,science_1
PMC13004167,Science,Science,2,B,line,LB,out,none,white,bars_caps,na,open,small,UNKNOWN,UNKNOWN,outside_right,no,7,7,saturated,na,na,upper,bold,much_larger,sans,regular,no,none,no,no,normal,0,wide,medium,broken y axis (0-2 and 4-6); open square markers joined by lines with capped error bars,PRIVATE_REFERENCE_ONLY/corpus/PMC13004167/figures/Fig2.jpg,science_1
PMC13004167,Science,Science,2,C,bar,LB,out,none,white,bars_caps,no,na,na,na,UNKNOWN,none,na,na,7,saturated,na,na,upper,bold,much_larger,sans,regular,no,stars,yes,no,normal,45,square,high,asterisk and ns brackets above bars; bar colours match the panel B series,PRIVATE_REFERENCE_ONLY/corpus/PMC13004167/figures/Fig2.jpg,science_1
PMC13004167,Science,Science,2,D,line,LB,out,none,white,none,na,na,na,UNKNOWN,UNKNOWN,none,na,na,8,saturated,na,na,upper,bold,much_larger,sans,regular,yes,none,no,no,normal,0,wide,medium,"composite: seven SPR sensorgram sub-plots each with a small inset steady-state binding plot (black filled points plus fit) and Kd printed as text, plus a coloured bar sub-plot in the last position",PRIVATE_REFERENCE_ONLY/corpus/PMC13004167/figures/Fig2.jpg,science_1
PMC13004167,Science,Science,2,E,scatter,LB,out,none,white,none,na,filled,small,na,UNKNOWN,none,na,na,0,monochrome_black,na,na,upper,bold,much_larger,sans,regular,yes,none,no,no,normal,0,square,high,Spearman coefficient printed as text inside the axes; points labelled directly with variant names,PRIVATE_REFERENCE_ONLY/corpus/PMC13004167/figures/Fig2.jpg,science_1
PMC13004167,Science,Science,2,F,scatter,LB,out,none,white,none,na,filled,small,na,UNKNOWN,none,na,na,0,monochrome_black,na,na,upper,bold,much_larger,sans,regular,yes,none,no,no,normal,0,square,high,"as panel E; black filled circles, no fitted line",PRIVATE_REFERENCE_ONLY/corpus/PMC13004167/figures/Fig2.jpg,science_1
PMC13004167,Science,Science,2,G,scatter,LB,out,none,white,none,na,filled,small,na,UNKNOWN,none,na,na,0,monochrome_black,na,na,upper,bold,much_larger,sans,regular,yes,none,no,no,normal,0,square,high,"as panel E; black filled circles, no fitted line",PRIVATE_REFERENCE_ONLY/corpus/PMC13004167/figures/Fig2.jpg,science_1
PMC13004167,Science,Science,3,A,bar,LB,out,none,white,bars_caps,yes,filled,small,na,UNKNOWN,below,no,8,8,saturated,na,na,upper,bold,much_larger,sans,regular,yes,stars,yes,no,normal,na,tall,high,"one of four bar panels sharing a single 8-entry legend row below; no x tick labels, groups identified only by colour; stars on long comparison brackets; figure has 9 quantitative panels, more panels not reviewed",PRIVATE_REFERENCE_ONLY/corpus/PMC13004167/figures/Fig3.jpg,science_1
PMC13004167,Science,Science,3,B,bar,LB,out,none,white,bars_caps,yes,filled,small,na,UNKNOWN,below,no,8,8,saturated,na,na,upper,bold,much_larger,sans,regular,yes,stars,yes,no,normal,na,tall,high,"one of four bar panels sharing a single 8-entry legend row below; no x tick labels, groups identified only by colour; stars on long comparison brackets; figure has 9 quantitative panels, more panels not reviewed",PRIVATE_REFERENCE_ONLY/corpus/PMC13004167/figures/Fig3.jpg,science_1
PMC13004167,Science,Science,3,C,bar,LB,out,none,white,bars_caps,yes,filled,small,na,UNKNOWN,below,no,8,8,saturated,na,na,upper,bold,much_larger,sans,regular,yes,stars,yes,no,normal,na,tall,high,"one of four bar panels sharing a single 8-entry legend row below; no x tick labels, groups identified only by colour; stars on long comparison brackets; figure has 9 quantitative panels, more panels not reviewed",PRIVATE_REFERENCE_ONLY/corpus/PMC13004167/figures/Fig3.jpg,science_1
PMC13004167,Science,Science,3,D,bar,LB,out,none,white,bars_caps,yes,filled,small,na,UNKNOWN,below,no,8,8,saturated,na,na,upper,bold,much_larger,sans,regular,yes,stars,yes,no,normal,na,tall,high,"one of four bar panels sharing a single 8-entry legend row below; no x tick labels, groups identified only by colour; stars on long comparison brackets; figure has 9 quantitative panels, more panels not reviewed",PRIVATE_REFERENCE_ONLY/corpus/PMC13004167/figures/Fig3.jpg,science_1
PMC13004167,Science,Science,3,E,histogram_density,box,none,none,white,na,na,na,na,hairline,UNKNOWN,none,na,na,1,saturated,na,na,upper,bold,much_larger,sans,regular,yes,none,no,no,sparse,na,wide,medium,"eight light-blue filled flow histograms in a row with gate bars and percentages printed inside; shared arrow x axis below; figure has 9 quantitative panels, more panels not reviewed",PRIVATE_REFERENCE_ONLY/corpus/PMC13004167/figures/Fig3.jpg,science_1
PMC13004167,Science,Science,3,F,bar,LB,out,none,white,bars_caps,yes,filled,small,na,UNKNOWN,none,na,na,8,saturated,na,na,upper,bold,much_larger,sans,regular,yes,stars,yes,no,normal,45,square,high,"bar plus overlaid points, stars on brackets, rotated category labels; figure has 9 quantitative panels, more panels not reviewed",PRIVATE_REFERENCE_ONLY/corpus/PMC13004167/figures/Fig3.jpg,science_1
PMC13004167,Science,Science,3,H,pie_donut,none,none,none,white,na,na,na,na,na,UNKNOWN,outside_right,no,8,8,saturated,na,na,upper,bold,much_larger,sans,regular,yes,none,no,no,sparse,na,wide,high,"eight pie charts titled with variant names; legend is a +/- marker table with colour swatches to the right; figure has 9 quantitative panels, more panels not reviewed",PRIVATE_REFERENCE_ONLY/corpus/PMC13004167/figures/Fig3.jpg,science_1
PMC13004167,Science,Science,3,I,bar,LB,out,none,white,bars_caps,yes,filled,small,na,UNKNOWN,none,na,na,8,saturated,na,na,upper,bold,much_larger,sans,regular,yes,stars,yes,no,normal,45,square,high,"bar plus overlaid points; day annotation printed at upper right inside the panel; figure has 9 quantitative panels, more panels not reviewed",PRIVATE_REFERENCE_ONLY/corpus/PMC13004167/figures/Fig3.jpg,science_1
PMC13035345,Science Translational Medicine,Science,1,B,line,LB,out,none,white,none,na,na,na,regular,UNKNOWN,none,na,na,1,monochrome_black,na,na,upper,bold,much_larger,sans,regular,no,none,no,no,normal,0,wide,high,"single purple SEC trace; axes left+bottom only, no frame, no grid",PRIVATE_REFERENCE_ONLY/corpus/PMC13035345/figures/Fig1.jpg,science_1
PMC13035345,Science Translational Medicine,Science,1,C,line,LB,out,none,white,none,na,na,na,regular,UNKNOWN,none,na,na,1,monochrome_black,na,na,upper,bold,much_larger,sans,regular,no,none,no,no,normal,0,wide,high,single purple DLS trace on a log x axis; Dh and PDI printed as text inside the axes,PRIVATE_REFERENCE_ONLY/corpus/PMC13035345/figures/Fig1.jpg,science_1
PMC13035345,Science Translational Medicine,Science,1,E,line,LB,out,none,white,none,na,na,na,regular,UNKNOWN,inside,no,3,1,monochrome_black,na,na,upper,bold,much_larger,sans,regular,no,none,no,no,normal,0,wide,high,"three traces in the same purple distinguished by solid/dashed/dotted line style, not colour; dotted vertical line marks the dissociation start",PRIVATE_REFERENCE_ONLY/corpus/PMC13035345/figures/Fig1.jpg,science_1
PMC13035345,Science Translational Medicine,Science,2,B,dot_strip,LB,out,none,white,none,na,mixed,medium,na,UNKNOWN,outside_top,no,8,5,saturated,na,na,upper,bold,much_larger,sans,regular,yes,stars,yes,no,normal,na,wide,medium,sub-plot titles Week 2 / Week 5 above the two halves; two sub-plots per panel; open and filled triangles/circles for protein vs mRNA groups; short horizontal line marks the geometric mean with no error bar; dotted horizontal limit-of-detection line and dotted vertical group divider; x categories shown as a 'Dose:' wedge instead of tick labels; long stacked comparison brackets with asterisks above,PRIVATE_REFERENCE_ONLY/corpus/PMC13035345/figures/Fig2.jpg,science_1
PMC13035345,Science Translational Medicine,Science,2,C,dot_strip,LB,out,none,white,none,na,mixed,medium,na,UNKNOWN,outside_top,no,8,5,saturated,na,na,upper,bold,much_larger,sans,regular,no,stars,yes,no,normal,na,wide,medium,row identified by a bold rotated label at the left of the panel; two sub-plots per panel; open and filled triangles/circles for protein vs mRNA groups; short horizontal line marks the geometric mean with no error bar; dotted horizontal limit-of-detection line and dotted vertical group divider; x categories shown as a 'Dose:' wedge instead of tick labels; long stacked comparison brackets with asterisks above,PRIVATE_REFERENCE_ONLY/corpus/PMC13035345/figures/Fig2.jpg,science_1
PMC13035345,Science Translational Medicine,Science,2,D,dot_strip,LB,out,none,white,none,na,mixed,medium,na,UNKNOWN,outside_top,no,8,5,saturated,na,na,upper,bold,much_larger,sans,regular,no,stars,yes,no,normal,na,wide,medium,row identified by a bold rotated label at the left of the panel; two sub-plots per panel; open and filled triangles/circles for protein vs mRNA groups; short horizontal line marks the geometric mean with no error bar; dotted horizontal limit-of-detection line and dotted vertical group divider; x categories shown as a 'Dose:' wedge instead of tick labels; long stacked comparison brackets with asterisks above,PRIVATE_REFERENCE_ONLY/corpus/PMC13035345/figures/Fig2.jpg,science_1
PMC13035345,Science Translational Medicine,Science,3,B,dot_strip,LB,out,none,white,bars_caps,na,mixed,medium,na,UNKNOWN,outside_top,no,7,4,saturated,na,na,upper,bold,much_larger,sans,regular,no,stars,yes,no,normal,na,wide,medium,"3x2 grid of sub-plots (lung/spleen rows labelled in bold at the left); mixed open/filled squares, triangles and circles; mean line with SEM error bars (caps small, read as capped with medium confidence); dotted vertical divider between protein and mRNA groups; legend shared with panel A at the top of the figure",PRIVATE_REFERENCE_ONLY/corpus/PMC13035345/figures/Fig3.jpg,science_1
PMC13035345,Science Translational Medicine,Science,3,C,dot_strip,LB,out,none,white,bars_caps,na,mixed,medium,na,UNKNOWN,outside_top,no,7,4,saturated,na,na,upper,bold,much_larger,sans,regular,no,stars,yes,no,normal,na,wide,medium,"3x2 grid of sub-plots (lung/spleen rows labelled in bold at the left); mixed open/filled squares, triangles and circles; mean line with SEM error bars (caps small, read as capped with medium confidence); dotted vertical divider between protein and mRNA groups; legend shared with panel A at the top of the figure",PRIVATE_REFERENCE_ONLY/corpus/PMC13035345/figures/Fig3.jpg,science_1
PMC13041778,Science,Science,1,B,line,UNKNOWN,out,major,white,none,na,na,na,UNKNOWN,UNKNOWN,outside_right,no,3,3,mixed,na,na,upper,bold,much_larger,sans,regular,no,none,no,no,normal,0,square,medium,ECDF curves: hundreds of grey background curves with one blue and one red highlighted; faint dotted major grid; legend titled 'viral ORF:' outside right; source image is soft/upscaled so fine stroke widths are UNKNOWN,PRIVATE_REFERENCE_ONLY/corpus/PMC13041778/figures/Fig1.jpg,science_1
PMC13041778,Science,Science,1,C,volcano,LB,out,none,white,none,na,filled,small,na,UNKNOWN,inside,no,4,4,mixed,na,na,upper,bold,much_larger,sans,regular,yes,none,no,no,normal,0,wide,medium,"EnhancedVolcano-style: grey/green/blue/red point classes, dashed fold-change and p-value threshold lines, many leader-line gene labels, arrow annotations above the panel; source image is soft/upscaled so fine stroke widths are UNKNOWN",PRIVATE_REFERENCE_ONLY/corpus/PMC13041778/figures/Fig1.jpg,science_1
PMC13041778,Science,Science,1,D,bar,box,out,none,white,none,no,na,na,na,UNKNOWN,outside_top,no,na,0,sequential,blue_red,top,upper,bold,much_larger,sans,regular,no,none,no,no,normal,0,wide,medium,horizontal bars of enrichment scores coloured by adjusted p value with a vertical colourbar key above the plot; gene-set names as y tick labels; source image is soft/upscaled so fine stroke widths are UNKNOWN,PRIVATE_REFERENCE_ONLY/corpus/PMC13041778/figures/Fig1.jpg,science_1
PMC13041778,Science,Science,1,E,grouped_bar,LB,out,none,white,bars_caps,yes,open,small,na,UNKNOWN,inside,no,2,2,muted,na,na,upper,bold,much_larger,sans,regular,yes,stars,yes,no,normal,45,square,medium,white (-dox) versus light blue (+dox) bars with open-circle points; small legend keys inside upper right; source image is soft/upscaled so fine stroke widths are UNKNOWN,PRIVATE_REFERENCE_ONLY/corpus/PMC13041778/figures/Fig1.jpg,science_1
PMC13041778,Science,Science,2,B,grouped_bar,LB,out,none,white,bars_caps,yes,open,small,na,UNKNOWN,inside,no,2,2,muted,na,na,upper,bold,much_larger,sans,regular,yes,stars,yes,no,normal,0,square,medium,white versus light blue bars with open square points; stars on short brackets above each pair; source image is soft/upscaled so fine stroke widths are UNKNOWN,PRIVATE_REFERENCE_ONLY/corpus/PMC13041778/figures/Fig2.jpg,science_1
PMC13041778,Science,Science,2,C,scatter,LB,out,none,white,none,na,filled,small,na,UNKNOWN,inside,no,2,3,mixed,na,na,upper,bold,much_larger,sans,regular,no,none,no,no,normal,0,square,medium,black points with green and blue highlighted classes; nearly every point carries a coloured text label; source image is soft/upscaled so fine stroke widths are UNKNOWN,PRIVATE_REFERENCE_ONLY/corpus/PMC13041778/figures/Fig2.jpg,science_1
PMC13041778,Science,Science,2,D,network,none,none,none,white,na,na,filled,medium,regular,UNKNOWN,none,na,na,3,mixed,na,na,upper,bold,much_larger,sans,regular,no,none,no,no,sparse,na,tall,low,"hand-laid interaction network (nodes coloured by protein class) with dotted grouping boxes and a pink shaded region; no axes, so most style fields are weakly defined; source image is soft/upscaled so fine stroke widths are UNKNOWN",PRIVATE_REFERENCE_ONLY/corpus/PMC13041778/figures/Fig2.jpg,science_1
PMC13041778,Science,Science,3,B,grouped_bar,LB,out,none,white,bars_caps,yes,open,small,na,UNKNOWN,outside_top,no,2,2,mixed,na,na,upper,bold,much_larger,sans,regular,no,stars,yes,no,normal,0,wide,medium,"white versus dark pink bars, open-circle points, legend keys on a line above the panel; two-row x category labels (hpi: and gRNA:); stars and ns on brackets; source image is soft/upscaled so fine stroke widths are UNKNOWN",PRIVATE_REFERENCE_ONLY/corpus/PMC13041778/figures/Fig3.jpg,science_1
PMC13041778,Science,Science,3,C,grouped_bar,LB,out,none,white,bars_caps,yes,open,small,na,UNKNOWN,outside_top,no,2,2,mixed,na,na,upper,bold,much_larger,sans,regular,no,stars,yes,no,normal,0,wide,medium,same style as panel B with an extra level of brackets spanning groups; source image is soft/upscaled so fine stroke widths are UNKNOWN,PRIVATE_REFERENCE_ONLY/corpus/PMC13041778/figures/Fig3.jpg,science_1
PMC13041778,Science,Science,3,D,grouped_bar,LB,out,none,white,bars_caps,yes,open,small,na,UNKNOWN,outside_top,no,2,2,muted,na,na,upper,bold,much_larger,sans,regular,no,stars,yes,no,normal,0,square,medium,white versus light blue bars; single star bracket; three category labels below the axis; source image is soft/upscaled so fine stroke widths are UNKNOWN,PRIVATE_REFERENCE_ONLY/corpus/PMC13041778/figures/Fig3.jpg,science_1
PMC13041778,Science,Science,3,F,grouped_bar,LB,out,none,white,bars_caps,yes,open,small,na,UNKNOWN,outside_top,no,2,2,muted,na,na,upper,bold,much_larger,sans,regular,no,stars,yes,no,normal,0,wide,medium,white versus light blue bars; two-row x category labels (poly(dA:dT): and gRNA:); source image is soft/upscaled so fine stroke widths are UNKNOWN,PRIVATE_REFERENCE_ONLY/corpus/PMC13041778/figures/Fig3.jpg,science_1
PMC13061089,Science Translational Medicine,Science,1,B,bar,LB,out,none,white,bars_caps,yes,filled,small,na,UNKNOWN,outside_top,no,2,2,saturated,na,na,upper,bold,much_larger,sans,regular,no,both,yes,no,normal,45,wide,high,"three bar sub-plots plus a western blot inside one lettered panel; bars are white with coloured (purple/orange) outlines, points are filled coloured triangles and circles; one sub-plot prints an exact p value (0.0570), the others asterisks; legend keys are open squares above the panel",PRIVATE_REFERENCE_ONLY/corpus/PMC13061089/figures/Fig1.jpg,science_1
PMC13061089,Science Translational Medicine,Science,2,,other_quant,,,,,,,,,,,,,,,,,,,,,,,,,,,,,,low,UNKNOWN because the only local file is a 100x83 px thumbnail; caption indicates quantitative panels but no style fact can be read; not counted toward the three reviewed figures,PRIVATE_REFERENCE_ONLY/corpus/PMC13061089/figures/Fig2.gif,science_1
PMC13061089,Science Translational Medicine,Science,3,C,bar,LB,out,none,white,bars_caps,yes,filled,small,na,UNKNOWN,outside_top,no,2,2,saturated,na,na,upper,bold,much_larger,sans,regular,no,none,no,no,normal,45,square,high,grouped white bars with purple/orange outlines and matching filled points; legend keys are filled circles above the panel,PRIVATE_REFERENCE_ONLY/corpus/PMC13061089/figures/Fig3.jpg,science_1
PMC13061089,Science Translational Medicine,Science,3,D,bar,LB,out,none,white,bars_caps,yes,filled,small,na,UNKNOWN,none,na,na,3,saturated,na,na,upper,bold,much_larger,sans,regular,no,both,yes,no,normal,45,wide,high,"lettered panel contains a western blot plus a bar plot; white bars with black/red/blue outlines, points are filled circle/square/triangle by group; ns and ** on brackets",PRIVATE_REFERENCE_ONLY/corpus/PMC13061089/figures/Fig3.jpg,science_1
PMC13061089,Science Translational Medicine,Science,5,A,bar,LB,out,none,white,bars_caps,yes,filled,small,na,UNKNOWN,none,na,na,3,saturated,na,na,upper,bold,much_larger,sans,regular,no,stars,yes,no,normal,45,square,high,"white bars with black/red/blue outlines, all individual points overlaid as filled circles/squares/triangles, mean with SEM caps; stars and ns on stacked brackets; figure has 9 quantitative panels, more panels not reviewed",PRIVATE_REFERENCE_ONLY/corpus/PMC13061089/figures/Fig5.jpg,science_1
PMC13061089,Science Translational Medicine,Science,5,D,bar,LB,out,none,white,bars_caps,yes,filled,small,na,UNKNOWN,none,na,na,3,saturated,na,na,upper,bold,much_larger,sans,regular,no,stars,yes,no,normal,45,square,high,"white bars with black/red/blue outlines, all individual points overlaid as filled circles/squares/triangles, mean with SEM caps; three stacked brackets with ns and asterisks; figure has 9 quantitative panels, more panels not reviewed",PRIVATE_REFERENCE_ONLY/corpus/PMC13061089/figures/Fig5.jpg,science_1
PMC13061089,Science Translational Medicine,Science,5,E,bar,LB,out,none,white,bars_caps,yes,filled,small,na,UNKNOWN,none,na,na,3,saturated,na,na,upper,bold,much_larger,sans,regular,no,stars,yes,no,normal,45,square,high,"white bars with black/red/blue outlines, all individual points overlaid as filled circles/squares/triangles, mean with SEM caps; bracket labels ns, ** and ****; figure has 9 quantitative panels, more panels not reviewed",PRIVATE_REFERENCE_ONLY/corpus/PMC13061089/figures/Fig5.jpg,science_1
PMC13061089,Science Translational Medicine,Science,5,F,bar,LB,out,none,white,bars_caps,yes,filled,small,na,UNKNOWN,none,na,na,3,saturated,na,na,upper,bold,much_larger,sans,regular,no,stars,yes,no,normal,45,square,high,"white bars with black/red/blue outlines, all individual points overlaid as filled circles/squares/triangles, mean with SEM caps; y axis runs 0 down to -100 mV; bars drawn downward from the top axis; figure has 9 quantitative panels, more panels not reviewed",PRIVATE_REFERENCE_ONLY/corpus/PMC13061089/figures/Fig5.jpg,science_1
PMC13061089,Science Translational Medicine,Science,5,G,bar,LB,out,none,white,bars_caps,yes,filled,small,na,UNKNOWN,none,na,na,3,saturated,na,na,upper,bold,much_larger,sans,regular,no,stars,yes,no,normal,45,square,high,"white bars with black/red/blue outlines, all individual points overlaid as filled circles/squares/triangles, mean with SEM caps; all comparisons labelled ns; figure has 9 quantitative panels, more panels not reviewed",PRIVATE_REFERENCE_ONLY/corpus/PMC13061089/figures/Fig5.jpg,science_1
PMC13061089,Science Translational Medicine,Science,5,H,bar,LB,out,none,white,bars_caps,yes,filled,small,na,UNKNOWN,none,na,na,3,saturated,na,na,upper,bold,much_larger,sans,regular,no,stars,yes,no,normal,45,square,high,"white bars with black/red/blue outlines, all individual points overlaid as filled circles/squares/triangles, mean with SEM caps; all comparisons labelled ns; figure has 9 quantitative panels, more panels not reviewed",PRIVATE_REFERENCE_ONLY/corpus/PMC13061089/figures/Fig5.jpg,science_1
PMC13061089,Science Translational Medicine,Science,5,B,other_quant,none,none,none,white,na,na,na,na,hairline,UNKNOWN,none,na,na,3,saturated,na,na,upper,bold,much_larger,sans,regular,no,none,no,no,sparse,na,square,medium,"representative electrophysiology traces with no axes: scale bars (200 ms / 50 mV) and -60 mV text labels only; figure has 9 quantitative panels, more panels not reviewed",PRIVATE_REFERENCE_ONLY/corpus/PMC13061089/figures/Fig5.jpg,science_1
PMC13061089,Science Translational Medicine,Science,5,C,line,LB,out,none,white,bars_caps,na,filled,small,regular,UNKNOWN,outside_top,no,3,3,saturated,na,na,upper,bold,much_larger,sans,regular,no,stars,no,no,normal,0,wide,high,"input-output curves, filled circle/square/triangle markers on lines with SEM caps; asterisks printed above individual x positions without brackets; legend in one row above the axes; figure has 9 quantitative panels, more panels not reviewed",PRIVATE_REFERENCE_ONLY/corpus/PMC13061089/figures/Fig5.jpg,science_1
PMC13092281,Science,Science,1,B,roc_pr,LB,out,none,white,band,na,na,na,regular,UNKNOWN,below,no,7,7,mixed,na,na,upper,bold,much_larger,sans,regular,no,none,no,no,normal,0,square,high,"precision-recall curves with translucent SD bands; legend is a three-column table below the panel (colour swatch, model name, average precision) rather than a boxed key",PRIVATE_REFERENCE_ONLY/corpus/PMC13092281/figures/Fig1.jpg,science_1
PMC13092281,Science,Science,1,C,stacked_bar,LB,out,none,white,none,no,na,na,na,UNKNOWN,below,no,6,6,pastel,na,na,upper,bold,much_larger,sans,regular,no,none,no,no,normal,0,square,medium,legend titled 'Feature Category' below the panel lists 6 pastel categories; only the mint and salmon segments are visibly large in the bars,PRIVATE_REFERENCE_ONLY/corpus/PMC13092281/figures/Fig1.jpg,science_1
PMC13092281,Science,Science,1,D,scatter,LB,out,none,white,none,na,filled,small,na,UNKNOWN,none,na,na,0,sequential,viridis_like,none,upper,bold,much_larger,sans,regular,no,none,no,no,normal,0,square,medium,dense scatter coloured by point density (purple to yellow) with no colourbar; correlation r printed as text inside the axes,PRIVATE_REFERENCE_ONLY/corpus/PMC13092281/figures/Fig1.jpg,science_1
PMC13092281,Science,Science,1,E,histogram_density,LB,out,none,white,none,na,na,na,regular,UNKNOWN,below,yes,3,3,saturated,na,na,upper,bold,much_larger,sans,regular,yes,none,no,yes,normal,0,square,high,three KDE curves (red/blue/green); framed legend below the panel with n printed in each entry; two-line title above the axes,PRIVATE_REFERENCE_ONLY/corpus/PMC13092281/figures/Fig1.jpg,science_1
PMC13092281,Science,Science,2,A,histogram_density,LB,out,none,white,none,na,na,na,na,UNKNOWN,none,na,na,1,greys,na,na,upper,bold,much_larger,sans,regular,no,none,no,yes,normal,0,square,high,"grey histogram bars with white edges; dashed vertical threshold line with an arrow and 'n = 1,991 predicted defensive' annotation inside the axes",PRIVATE_REFERENCE_ONLY/corpus/PMC13092281/figures/Fig2.jpg,science_1
PMC13092281,Science,Science,2,B,stacked_bar,L,out,none,white,none,no,na,na,na,UNKNOWN,none,na,na,5,mixed,na,na,upper,bold,much_larger,sans,regular,no,none,no,no,normal,na,tall,medium,single stacked column labelled by dotted leader lines to text at the right instead of a legend; the rest of the lettered panel is a gene-diagram schematic,PRIVATE_REFERENCE_ONLY/corpus/PMC13092281/figures/Fig2.jpg,science_1
PMC13092281,Science,Science,2,C,line,LB,out,none,white,none,na,na,na,regular,UNKNOWN,none,na,na,1,saturated,na,na,upper,bold,much_larger,sans,regular,no,none,no,no,normal,0,square,high,"single yellow step-like cumulative curve, two-line x axis label",PRIVATE_REFERENCE_ONLY/corpus/PMC13092281/figures/Fig2.jpg,science_1
PMC13092281,Science,Science,2,D,bar,LB,out,none,white,none,no,na,na,na,UNKNOWN,none,na,na,1,saturated,na,na,upper,bold,much_larger,sans,regular,yes,none,no,yes,normal,45,square,high,"yellow bars with black outlines, counts printed vertically inside each bar; long category names rotated 45 degrees",PRIVATE_REFERENCE_ONLY/corpus/PMC13092281/figures/Fig2.jpg,science_1
PMC13092281,Science,Science,2,E,histogram_density,LB,out,none,white,none,na,na,na,na,UNKNOWN,none,na,na,3,mixed,na,na,upper,bold,much_larger,sans,regular,yes,none,no,no,normal,0,wide,high,"three histogram sub-plots (grey, orange, yellow) each with its own title and independent y scale; arrow text annotations inside the first sub-plot",PRIVATE_REFERENCE_ONLY/corpus/PMC13092281/figures/Fig2.jpg,science_1
PMC13092281,Science,Science,2,F,grouped_bar,LB,out,none,white,bars,no,na,na,na,UNKNOWN,inside,no,3,3,mixed,na,na,upper,bold,much_larger,sans,regular,no,none,no,no,normal,na,square,medium,grey/orange/yellow grouped bars with uncapped black error bars; categories encoded by an UpSet-style filled/open dot matrix in a boxed table below the axis instead of tick labels,PRIVATE_REFERENCE_ONLY/corpus/PMC13092281/figures/Fig2.jpg,science_1
PMC13092281,Science,Science,3,B,scatter,LB,out,none,white,bars,na,filled,small,na,UNKNOWN,none,na,na,3,mixed,na,na,upper,bold,much_larger,sans,regular,no,none,no,no,normal,0,square,medium,grey points with vertical uncapped CI bars and a dashed red vertical threshold; a short two-row orange/blue dot strip shares the x axis below the main plot; r printed inside the axes,PRIVATE_REFERENCE_ONLY/corpus/PMC13092281/figures/Fig3.jpg,science_1
PMC13092281,Science,Science,3,C,heatmap,box,none,none,white,na,na,na,na,na,UNKNOWN,below,no,4,0,sequential,other,bottom,upper,bold,much_larger,sans,regular,no,none,no,no,dense,0,wide,medium,white-to-blue heat cells with 's' letters annotated in cells; domain-architecture arrow diagrams and a red HHPred colourbar occupy the left half; two horizontal colourbars plus a symbol key below,PRIVATE_REFERENCE_ONLY/corpus/PMC13092281/figures/Fig3.jpg,science_1
PMC13092281,Science,Science,3,D,heatmap,none,none,none,white,na,na,na,na,na,UNKNOWN,none,na,na,0,sequential,other,right,upper,bold,much_larger,sans,regular,no,none,no,yes,dense,45,square,medium,white-to-dark-red heat cells with no frame; row and column labels include n= counts; column labels rotated about 45 degrees at the top,PRIVATE_REFERENCE_ONLY/corpus/PMC13092281/figures/Fig3.jpg,science_1
PMC13107528,Science,Science,1,A,bar,LB,out,none,white,bars_caps,yes,mixed,small,na,UNKNOWN,outside_top,no,3,3,saturated,na,na,upper,bold,much_larger,sans,regular,no,stars,yes,no,normal,na,tall,high,"lettered panel pairs a micrograph row with a quantification plot; white bars with black outline, all points overlaid and coloured by genotype, SEM caps, no x tick labels (groups identified by point colour); legend of three colour keys at the top right of the figure; open and filled circles distinguish sub-groups; ns and * on brackets",PRIVATE_REFERENCE_ONLY/corpus/PMC13107528/figures/Fig1.jpg,science_1
PMC13107528,Science,Science,1,B,bar,LB,out,none,white,bars_caps,yes,filled,small,na,UNKNOWN,none,na,na,3,saturated,na,na,upper,bold,much_larger,sans,regular,no,stars,yes,no,normal,na,tall,high,"lettered panel pairs a micrograph row with a quantification plot; white bars with black outline, all points overlaid and coloured by genotype, SEM caps, no x tick labels (groups identified by point colour)",PRIVATE_REFERENCE_ONLY/corpus/PMC13107528/figures/Fig1.jpg,science_1
PMC13107528,Science,Science,1,C,bar,LB,out,none,white,bars_caps,yes,filled,small,na,UNKNOWN,none,na,na,3,saturated,na,na,upper,bold,much_larger,sans,regular,no,stars,yes,no,normal,na,tall,high,"lettered panel pairs a micrograph row with a quantification plot; white bars with black outline, all points overlaid and coloured by genotype, SEM caps, no x tick labels (groups identified by point colour)",PRIVATE_REFERENCE_ONLY/corpus/PMC13107528/figures/Fig1.jpg,science_1
PMC13107528,Science,Science,1,D,bar,LB,out,none,white,bars_caps,yes,filled,small,na,UNKNOWN,none,na,na,3,saturated,na,na,upper,bold,much_larger,sans,regular,no,stars,yes,no,normal,na,tall,high,"lettered panel pairs a micrograph row with a quantification plot; white bars with black outline, all points overlaid and coloured by genotype, SEM caps, no x tick labels (groups identified by point colour)",PRIVATE_REFERENCE_ONLY/corpus/PMC13107528/figures/Fig1.jpg,science_1
PMC13107528,Science,Science,1,E,bar,LB,out,none,white,bars_caps,yes,filled,small,na,UNKNOWN,none,na,na,3,saturated,na,na,upper,bold,much_larger,sans,regular,no,stars,yes,no,normal,na,tall,high,"lettered panel pairs a micrograph row with a quantification plot; white bars with black outline, all points overlaid and coloured by genotype, SEM caps, no x tick labels (groups identified by point colour)",PRIVATE_REFERENCE_ONLY/corpus/PMC13107528/figures/Fig1.jpg,science_1
PMC13107528,Science,Science,1,F,bar,LB,out,none,white,bars_caps,yes,filled,small,na,UNKNOWN,none,na,na,3,saturated,na,na,upper,bold,much_larger,sans,regular,no,stars,yes,no,normal,na,tall,high,"lettered panel pairs a micrograph row with a quantification plot; white bars with black outline, all points overlaid and coloured by genotype, SEM caps, no x tick labels (groups identified by point colour)",PRIVATE_REFERENCE_ONLY/corpus/PMC13107528/figures/Fig1.jpg,science_1
PMC13107528,Science,Science,2,A,line,LB,out,none,white,bars_caps,na,filled,medium,regular,UNKNOWN,outside_top,no,3,3,saturated,na,na,upper,bold,much_larger,sans,regular,yes,stars,no,no,sparse,0,square,high,"three-point time course, filled circles with SEM caps; asterisks and hash symbols stacked above each x position for two different comparisons; x axis labelled 'Day' to the left of the tick labels",PRIVATE_REFERENCE_ONLY/corpus/PMC13107528/figures/Fig2.jpg,science_1
PMC13107528,Science,Science,2,B,line,LB,out,none,white,bars_caps,na,filled,medium,regular,UNKNOWN,outside_top,no,3,3,saturated,na,na,upper,bold,much_larger,sans,regular,yes,stars,no,no,sparse,0,square,high,same style as panel A; asterisks and hashes above each time point,PRIVATE_REFERENCE_ONLY/corpus/PMC13107528/figures/Fig2.jpg,science_1
PMC13107528,Science,Science,2,C,bar,LB,out,none,white,bars_caps,yes,filled,small,na,UNKNOWN,none,na,na,3,saturated,na,na,upper,bold,much_larger,sans,regular,yes,stars,yes,no,normal,0,square,high,"white bars with black outline, every point overlaid in the group colour, SEM caps; two-line x tick labels; ns, ** and * on stacked brackets",PRIVATE_REFERENCE_ONLY/corpus/PMC13107528/figures/Fig2.jpg,science_1
PMC13107528,Science,Science,2,D,bar,LB,out,none,white,bars_caps,yes,filled,small,na,UNKNOWN,none,na,na,3,saturated,na,na,upper,bold,much_larger,sans,regular,yes,both,yes,no,normal,0,square,high,"white bars with black outline, every point overlaid in the group colour, SEM caps; two-line x tick labels; one bracket labelled with the exact p value 0.066, others with asterisks",PRIVATE_REFERENCE_ONLY/corpus/PMC13107528/figures/Fig2.jpg,science_1
PMC13107528,Science,Science,2,E,bar,LB,out,none,white,bars_caps,yes,filled,small,na,UNKNOWN,none,na,na,3,saturated,na,na,upper,bold,much_larger,sans,regular,yes,stars,yes,no,normal,0,square,high,"white bars with black outline, every point overlaid in the group colour, SEM caps; two-line x tick labels; ns, *** and ** on stacked brackets",PRIVATE_REFERENCE_ONLY/corpus/PMC13107528/figures/Fig2.jpg,science_1
PMC13107528,Science,Science,3,B,bar,LB,out,none,white,bars_caps,yes,filled,small,na,UNKNOWN,none,na,na,3,saturated,na,na,upper,bold,much_larger,sans,regular,yes,stars,yes,no,normal,na,tall,high,"white bars with black outline, all points overlaid coloured by genotype, SEM caps, stars (and ns) on brackets, no x tick labels; figure has exactly eight quantitative panels, the rest are micrographs",PRIVATE_REFERENCE_ONLY/corpus/PMC13107528/figures/Fig3.jpg,science_1
PMC13107528,Science,Science,3,C,bar,LB,out,none,white,bars_caps,yes,filled,small,na,UNKNOWN,none,na,na,3,saturated,na,na,upper,bold,much_larger,sans,regular,yes,stars,yes,no,normal,na,tall,high,"white bars with black outline, all points overlaid coloured by genotype, SEM caps, stars (and ns) on brackets, no x tick labels; figure has exactly eight quantitative panels, the rest are micrographs",PRIVATE_REFERENCE_ONLY/corpus/PMC13107528/figures/Fig3.jpg,science_1
PMC13107528,Science,Science,3,E,bar,LB,out,none,white,bars_caps,yes,filled,small,na,UNKNOWN,none,na,na,3,saturated,na,na,upper,bold,much_larger,sans,regular,no,stars,yes,no,normal,na,tall,high,"white bars with black outline, all points overlaid coloured by genotype, SEM caps, stars (and ns) on brackets, no x tick labels; figure has exactly eight quantitative panels, the rest are micrographs",PRIVATE_REFERENCE_ONLY/corpus/PMC13107528/figures/Fig3.jpg,science_1
PMC13107528,Science,Science,3,F,bar,LB,out,none,white,bars_caps,yes,filled,small,na,UNKNOWN,none,na,na,3,saturated,na,na,upper,bold,much_larger,sans,regular,no,stars,yes,no,normal,na,tall,high,"white bars with black outline, all points overlaid coloured by genotype, SEM caps, stars (and ns) on brackets, no x tick labels; figure has exactly eight quantitative panels, the rest are micrographs",PRIVATE_REFERENCE_ONLY/corpus/PMC13107528/figures/Fig3.jpg,science_1
PMC13107528,Science,Science,3,G,bar,LB,out,none,white,bars_caps,yes,filled,small,na,UNKNOWN,none,na,na,3,saturated,na,na,upper,bold,much_larger,sans,regular,no,stars,yes,no,normal,na,tall,high,"white bars with black outline, all points overlaid coloured by genotype, SEM caps, stars (and ns) on brackets, no x tick labels; figure has exactly eight quantitative panels, the rest are micrographs",PRIVATE_REFERENCE_ONLY/corpus/PMC13107528/figures/Fig3.jpg,science_1
PMC13107528,Science,Science,3,H,bar,LB,out,none,white,bars_caps,yes,filled,small,na,UNKNOWN,none,na,na,3,saturated,na,na,upper,bold,much_larger,sans,regular,no,stars,yes,no,normal,na,tall,high,"white bars with black outline, all points overlaid coloured by genotype, SEM caps, stars (and ns) on brackets, no x tick labels; figure has exactly eight quantitative panels, the rest are micrographs",PRIVATE_REFERENCE_ONLY/corpus/PMC13107528/figures/Fig3.jpg,science_1
PMC13107528,Science,Science,3,J,bar,LB,out,none,white,bars_caps,yes,filled,small,na,UNKNOWN,outside_top,no,3,3,saturated,na,na,upper,bold,much_larger,sans,regular,yes,stars,yes,no,normal,na,tall,high,"white bars with black outline, all points overlaid coloured by genotype, SEM caps, stars (and ns) on brackets, no x tick labels; figure has exactly eight quantitative panels, the rest are micrographs",PRIVATE_REFERENCE_ONLY/corpus/PMC13107528/figures/Fig3.jpg,science_1
PMC13107528,Science,Science,3,K,bar,LB,out,none,white,bars_caps,yes,filled,small,na,UNKNOWN,none,na,na,3,saturated,na,na,upper,bold,much_larger,sans,regular,yes,stars,yes,no,normal,na,tall,high,"white bars with black outline, all points overlaid coloured by genotype, SEM caps, stars (and ns) on brackets, no x tick labels; figure has exactly eight quantitative panels, the rest are micrographs",PRIVATE_REFERENCE_ONLY/corpus/PMC13107528/figures/Fig3.jpg,science_1
PMC13124201,Science,Science,1,C,grouped_bar,LB,out,none,white,bars_caps,yes,open,small,na,UNKNOWN,outside_top,no,2,2,pastel,na,na,upper,bold,much_larger,sans,regular,no,stars,yes,no,normal,0,square,high,pale-filled bars with coloured outlines and open circle points; asterisks printed directly above bars plus one hash on a bracket; legend keys are open circles above the panel,PRIVATE_REFERENCE_ONLY/corpus/PMC13124201/figures/Fig1.jpg,science_1
PMC13124201,Science,Science,2,B,grouped_bar,LB,out,none,white,bars_caps,yes,open,small,na,UNKNOWN,outside_top,no,3,3,pastel,na,na,upper,bold,much_larger,sans,regular,no,stars,yes,no,normal,0,square,high,three pale purple shades; ns and * on brackets above each day group,PRIVATE_REFERENCE_ONLY/corpus/PMC13124201/figures/Fig2.jpg,science_1
PMC13124201,Science,Science,2,D,line,LB,out,none,white,bars_caps,na,open,medium,regular,UNKNOWN,outside_top,no,2,2,muted,na,na,upper,bold,much_larger,sans,regular,no,stars,no,no,normal,0,square,high,log y axis with 1x10^n tick labels; open circle markers; asterisks above individual time points; the left part of the lettered panel is a bioluminescence image strip,PRIVATE_REFERENCE_ONLY/corpus/PMC13124201/figures/Fig2.jpg,science_1
PMC13124201,Science,Science,2,E,grouped_bar,LB,out,none,white,bars_caps,yes,open,small,na,UNKNOWN,inside,no,2,2,pastel,na,na,upper,bold,much_larger,sans,regular,no,stars,no,no,normal,0,square,high,broken y axis (0-15 then 40-80); asterisks directly above bars,PRIVATE_REFERENCE_ONLY/corpus/PMC13124201/figures/Fig2.jpg,science_1
PMC13124201,Science,Science,2,G,bar,LB,out,none,white,bars_caps,yes,open,small,na,UNKNOWN,none,na,na,2,pastel,na,na,upper,bold,much_larger,sans,regular,no,stars,no,no,normal,0,tall,high,"pale-filled bars with coloured outlines, open circle points, SEM caps; two bars, asterisk above the treated bar",PRIVATE_REFERENCE_ONLY/corpus/PMC13124201/figures/Fig2.jpg,science_1
PMC13124201,Science,Science,2,H,bar,LB,out,none,white,bars_caps,yes,open,small,na,UNKNOWN,none,na,na,3,pastel,na,na,upper,bold,much_larger,sans,regular,no,stars,no,no,normal,45,tall,high,"pale-filled bars with coloured outlines, open circle points, SEM caps; asterisks and hash marks above bars",PRIVATE_REFERENCE_ONLY/corpus/PMC13124201/figures/Fig2.jpg,science_1
PMC13124201,Science,Science,2,I,bar,LB,out,none,white,bars_caps,yes,open,small,na,UNKNOWN,none,na,na,3,pastel,na,na,upper,bold,much_larger,sans,regular,no,stars,no,no,normal,45,tall,high,"pale-filled bars with coloured outlines, open circle points, SEM caps; asterisks above bars",PRIVATE_REFERENCE_ONLY/corpus/PMC13124201/figures/Fig2.jpg,science_1
PMC13124201,Science,Science,2,J,heatmap,none,none,none,other,na,na,na,na,na,UNKNOWN,none,na,na,0,sequential,other,right,upper,bold,much_larger,sans,regular,yes,stars,no,no,normal,0,wide,high,white-to-purple heat cells with the numeric value printed in every cell and white asterisks/hashes marking significance; vertical colourbar at the right,PRIVATE_REFERENCE_ONLY/corpus/PMC13124201/figures/Fig2.jpg,science_1
PMC13124201,Science,Science,3,B,line_band,LB,out,none,white,band,na,open,small,regular,UNKNOWN,inside,no,4,4,mixed,na,na,upper,bold,much_larger,sans,regular,no,none,no,no,normal,0,wide,medium,four open-circle time courses with translucent SD bands; two-column legend placed inside the lower right of the axes; x tick labels sit on the zero line,PRIVATE_REFERENCE_ONLY/corpus/PMC13124201/figures/Fig3.jpg,science_1
PMC13124201,Science,Science,3,C,line,LB,out,none,white,bars_caps,na,open,small,regular,UNKNOWN,inside,no,4,4,mixed,na,na,upper,bold,much_larger,sans,regular,no,stars,no,no,normal,0,wide,high,four series with SEM caps; asterisks and hashes stacked above two time points; two-column legend inside upper right,PRIVATE_REFERENCE_ONLY/corpus/PMC13124201/figures/Fig3.jpg,science_1
PMC13124201,Science,Science,3,D,bar,LB,out,none,white,bars_caps,yes,open,small,na,UNKNOWN,none,na,na,4,pastel,na,na,upper,bold,much_larger,sans,regular,no,stars,no,no,normal,45,tall,high,bar plot at the right of a lettered panel whose left half is echocardiogram images; asterisk and hash above the treated bar,PRIVATE_REFERENCE_ONLY/corpus/PMC13124201/figures/Fig3.jpg,science_1
PMC13124201,Science,Science,3,F,line,LB,out,none,white,none,na,filled,medium,hairline,UNKNOWN,outside_top,no,4,4,mixed,na,na,upper,bold,much_larger,sans,regular,no,stars,yes,no,sparse,0,square,medium,"two paired-slope sub-plots: one thin line per animal joining diastole and systole, filled circle end points coloured by group; vertical bracket at the right carrying * and #",PRIVATE_REFERENCE_ONLY/corpus/PMC13124201/figures/Fig3.jpg,science_1
PMC13124201,Science,Science,3,G,bar,LB,out,none,white,bars_caps,yes,open,small,na,UNKNOWN,none,na,na,4,pastel,na,na,upper,bold,much_larger,sans,regular,no,stars,no,no,normal,45,tall,high,pale-filled bars with coloured outlines and open circle points; bars drawn downward from a zero line at the top; asterisk and hash printed below the last bar,PRIVATE_REFERENCE_ONLY/corpus/PMC13124201/figures/Fig3.jpg,science_1
PMC13124201,Science,Science,3,H,bar,LB,out,none,white,bars_caps,yes,open,small,na,UNKNOWN,none,na,na,4,pastel,na,na,upper,bold,much_larger,sans,regular,no,stars,no,no,normal,45,tall,high,pale-filled bars with coloured outlines and open circle points; asterisk and hash above the treated bar,PRIVATE_REFERENCE_ONLY/corpus/PMC13124201/figures/Fig3.jpg,science_1
PMC13246279,Science Translational Medicine,Science,1,B,stacked_bar,LB,out,none,white,none,no,na,na,na,UNKNOWN,inside,no,6,6,mixed,na,na,upper,bold,much_larger,sans,regular,no,none,no,no,normal,0,wide,medium,"lettered panel contains a four-set Venn diagram with printed counts plus a stacked bar chart; style recorded for the bar chart, legend keys inside its upper left",PRIVATE_REFERENCE_ONLY/corpus/PMC13246279/figures/Fig1.jpg,science_1
PMC13246279,Science Translational Medicine,Science,1,C,network,none,none,none,white,na,na,filled,small,hairline,UNKNOWN,inside,no,5,5,mixed,na,na,upper,bold,much_larger,sans,regular,yes,none,no,no,sparse,na,square,medium,"force-directed metabolite network, pale grey edges, nodes coloured by metabolite class; unframed legend inside the upper left; no axes",PRIVATE_REFERENCE_ONLY/corpus/PMC13246279/figures/Fig1.jpg,science_1
PMC13246279,Science Translational Medicine,Science,1,D,network,none,none,none,white,na,na,filled,small,hairline,UNKNOWN,outside_right,no,na,0,sequential,other,right,upper,bold,much_larger,sans,regular,yes,none,no,no,sparse,na,wide,medium,"four network sub-plots, one per outcome, each titled and accompanied by a small white-to-red AUPR gradient key and a graduated point-size key at its right",PRIVATE_REFERENCE_ONLY/corpus/PMC13246279/figures/Fig1.jpg,science_1
PMC13246279,Science Translational Medicine,Science,2,,other_quant,,,,,,,,,,,,,,,,,,,,,,,,,,,,,,low,UNKNOWN because the only local file is a 100x53 px thumbnail; no style fact readable,PRIVATE_REFERENCE_ONLY/corpus/PMC13246279/figures/Fig2.gif,science_1
PMC13246279,Science Translational Medicine,Science,3,B,roc_pr,LB,out,none,white,none,na,na,na,regular,UNKNOWN,inside,yes,4,4,mixed,na,na,upper,bold,much_larger,sans,regular,yes,none,no,no,normal,0,tall,medium,"two stacked sub-plots (ROC above, precision-recall below); framed legend inside the lower right of each with AUROC/AUPRC values in the entry text; dashed grey diagonal and dashed baseline references",PRIVATE_REFERENCE_ONLY/corpus/PMC13246279/figures/Fig3.jpg,science_1
PMC13246279,Science Translational Medicine,Science,3,C,dot_bubble,LB,out,none,white,none,na,filled,small,na,UNKNOWN,outside_right,no,na,2,mixed,na,na,upper,bold,much_larger,sans,regular,yes,none,no,no,normal,0,wide,medium,2x2 grid of scatter sub-plots with point size encoding AUROC ratio; each sub-plot has a titled two-part legend (colour key plus graduated size key) outside right; dashed grey identity line,PRIVATE_REFERENCE_ONLY/corpus/PMC13246279/figures/Fig3.jpg,science_1
PMC13246279,Science Translational Medicine,Science,4,,other_quant,,,,,,,,,,,,,,,,,,,,,,,,,,,,,,low,UNKNOWN because the only local file is a 100x153 px thumbnail; no style fact readable,PRIVATE_REFERENCE_ONLY/corpus/PMC13246279/figures/Fig4.gif,science_1
PMC13286266,Science,Science,1,B,volcano,LB,out,none,white,none,na,filled,small,na,UNKNOWN,outside_top,no,1,2,greys,na,na,upper,bold,much_larger,sans,regular,no,none,no,no,normal,0,tall,high,"grey and black points with dotted fold-change and p-value thresholds; one red labelled hit; key printed above the panel; figure has 12 quantitative panels, more panels not reviewed",PRIVATE_REFERENCE_ONLY/corpus/PMC13286266/figures/Fig1.jpg,science_1
PMC13286266,Science,Science,1,C,bar,LB,out,none,white,bars_caps,yes,filled,small,na,UNKNOWN,none,na,na,2,saturated,na,na,upper,bold,much_larger,sans,regular,no,p_values,no,no,normal,45,tall,high,"white bars with black outline, replicate points in black or red, exact p values printed above bars; figure has 12 quantitative panels, more panels not reviewed",PRIVATE_REFERENCE_ONLY/corpus/PMC13286266/figures/Fig1.jpg,science_1
PMC13286266,Science,Science,1,D,bar,LB,out,none,white,bars_caps,yes,filled,small,na,UNKNOWN,none,na,na,2,saturated,na,na,upper,bold,much_larger,sans,regular,no,p_values,no,no,normal,0,tall,high,"two white bars with coloured replicate points, exact p value printed above; figure has 12 quantitative panels, more panels not reviewed",PRIVATE_REFERENCE_ONLY/corpus/PMC13286266/figures/Fig1.jpg,science_1
PMC13286266,Science,Science,1,E,grouped_bar,LB,out,none,white,bars_caps,yes,filled,small,na,UNKNOWN,below,no,4,4,saturated,na,na,upper,bold,much_larger,sans,regular,no,p_values,yes,no,normal,0,wide,high,"alternating white and grey bar backgrounds mark gene groups; exact p values printed over brackets; dot legend on one line below, gene diagrams below that; figure has 12 quantitative panels, more panels not reviewed",PRIVATE_REFERENCE_ONLY/corpus/PMC13286266/figures/Fig1.jpg,science_1
PMC13286266,Science,Science,1,G,bar,LB,out,none,white,bars_caps,yes,filled,small,na,UNKNOWN,none,na,na,1,saturated,na,na,upper,bold,much_larger,sans,regular,no,p_values,no,no,normal,45,tall,high,"white bars, red points, dashed horizontal reference line at 1, p values above each bar; figure has 12 quantitative panels, more panels not reviewed",PRIVATE_REFERENCE_ONLY/corpus/PMC13286266/figures/Fig1.jpg,science_1
PMC13286266,Science,Science,1,H,violin,LB,out,none,white,none,yes,filled,small,na,UNKNOWN,none,na,na,2,pastel,na,na,upper,bold,much_larger,sans,regular,no,p_values,no,no,normal,0,tall,high,"two pastel violins with all points overlaid and a horizontal median line; exact p value printed inside the axes; figure has 12 quantitative panels, more panels not reviewed",PRIVATE_REFERENCE_ONLY/corpus/PMC13286266/figures/Fig1.jpg,science_1
PMC13286266,Science,Science,1,I,scatter,LB,out,none,white,none,na,filled,small,na,UNKNOWN,outside_top,no,2,2,saturated,na,na,upper,bold,much_larger,sans,regular,no,none,no,no,normal,0,tall,high,"two stacked scatter sub-plots with a black identity line; blue and red point classes keyed above the panel; figure has 12 quantitative panels, more panels not reviewed",PRIVATE_REFERENCE_ONLY/corpus/PMC13286266/figures/Fig1.jpg,science_1
PMC13286266,Science,Science,1,J,line,LB,out,none,white,none,na,na,na,regular,UNKNOWN,inside,no,5,5,saturated,na,na,upper,bold,much_larger,sans,regular,no,p_values,no,no,normal,0,wide,high,"five cumulative-distribution curves; legend inside the axes with the p value written into each entry; figure has 12 quantitative panels, more panels not reviewed",PRIVATE_REFERENCE_ONLY/corpus/PMC13286266/figures/Fig1.jpg,science_1
PMC13286266,Science,Science,2,B,volcano,LB,out,none,white,none,na,filled,small,na,UNKNOWN,none,na,na,3,mixed,na,na,upper,bold,much_larger,sans,regular,no,none,no,no,normal,0,square,high,"black points with dashed thresholds; two genes highlighted in orange and red with direct text labels; figure has 9 quantitative panels, more panels not reviewed",PRIVATE_REFERENCE_ONLY/corpus/PMC13286266/figures/Fig2.jpg,science_1
PMC13286266,Science,Science,2,C,line,LB,out,none,white,none,na,filled,medium,regular,UNKNOWN,outside_top,no,2,4,mixed,na,na,upper,bold,much_larger,sans,regular,no,p_values,yes,no,normal,0,square,high,"cumulative-distribution curves with two highlighted genes marked as large orange/red dots on the curves; legend above the panel with p values on square brackets at its right; dashed vertical zero line; small in-panel key for the highlighted genes; figure has 9 quantitative panels, more panels not reviewed",PRIVATE_REFERENCE_ONLY/corpus/PMC13286266/figures/Fig2.jpg,science_1
PMC13286266,Science,Science,2,D,line,LB,out,none,white,none,na,filled,medium,regular,UNKNOWN,outside_top,no,3,5,mixed,na,na,upper,bold,much_larger,sans,regular,no,p_values,yes,no,normal,0,square,high,"cumulative-distribution curves with two highlighted genes marked as large orange/red dots on the curves; legend above the panel with p values on square brackets at its right; dashed vertical zero line; small in-panel key for the highlighted genes; figure has 9 quantitative panels, more panels not reviewed",PRIVATE_REFERENCE_ONLY/corpus/PMC13286266/figures/Fig2.jpg,science_1
PMC13286266,Science,Science,2,E,grouped_bar,LB,out,none,white,bars_caps,yes,filled,small,na,UNKNOWN,below,no,4,4,saturated,na,na,upper,bold,much_larger,sans,regular,no,p_values,yes,no,normal,0,wide,high,"alternating white/grey bars with coloured replicate points, p values on brackets, gene diagrams above the axes and a dot legend below; figure has 9 quantitative panels, more panels not reviewed",PRIVATE_REFERENCE_ONLY/corpus/PMC13286266/figures/Fig2.jpg,science_1
PMC13286266,Science,Science,2,F,line,LB,out,none,white,none,na,na,na,regular,UNKNOWN,inside,no,2,2,saturated,na,na,upper,bold,much_larger,sans,regular,no,p_values,no,no,normal,0,square,high,"two metagene curves, unframed legend inside the lower left, exact p value printed inside the lower right; figure has 9 quantitative panels, more panels not reviewed",PRIVATE_REFERENCE_ONLY/corpus/PMC13286266/figures/Fig2.jpg,science_1
PMC13286266,Science,Science,2,G,line,LB,out,none,white,none,na,na,na,regular,UNKNOWN,inside,no,2,2,saturated,na,na,upper,bold,much_larger,sans,regular,no,p_values,no,no,normal,0,square,high,"two metagene curves, unframed legend inside the lower left, exact p value printed inside the lower right; figure has 9 quantitative panels, more panels not reviewed",PRIVATE_REFERENCE_ONLY/corpus/PMC13286266/figures/Fig2.jpg,science_1
PMC13286266,Science,Science,2,H,line,LB,out,none,white,none,na,na,na,regular,UNKNOWN,inside,no,2,2,saturated,na,na,upper,bold,much_larger,sans,regular,no,p_values,no,no,normal,0,square,high,"two metagene curves, unframed legend inside the lower left, exact p value printed inside the lower right; figure has 9 quantitative panels, more panels not reviewed",PRIVATE_REFERENCE_ONLY/corpus/PMC13286266/figures/Fig2.jpg,science_1
PMC13286266,Science,Science,2,I,line,LB,out,none,white,none,na,na,na,regular,UNKNOWN,inside,no,3,3,saturated,na,na,upper,bold,much_larger,sans,regular,no,p_values,no,no,normal,0,square,high,"three curves with dashed horizontal reference lines; legend inside the top with p values in the entry text; figure has 9 quantitative panels, more panels not reviewed",PRIVATE_REFERENCE_ONLY/corpus/PMC13286266/figures/Fig2.jpg,science_1
PMC13286266,Science,Science,3,A,grouped_bar,LB,out,none,white,bars_caps,yes,filled,small,na,UNKNOWN,none,na,na,2,saturated,na,na,upper,bold,much_larger,sans,regular,no,p_values,no,no,normal,90,square,high,white and grey bar blocks with black/red replicate points; p values above bars; three-level x labels below the axis,PRIVATE_REFERENCE_ONLY/corpus/PMC13286266/figures/Fig3.jpg,science_1
PMC13286266,Science,Science,3,C,volcano,LB,out,none,white,none,na,filled,small,na,UNKNOWN,inside,no,2,3,mixed,na,na,upper,bold,much_larger,sans,regular,no,none,no,no,normal,0,square,high,grey background points with red and blue highlighted classes; dashed threshold lines; unframed legend inside the upper left; arrow-free text annotation at the right,PRIVATE_REFERENCE_ONLY/corpus/PMC13286266/figures/Fig3.jpg,science_1
PMC13286266,Science,Science,3,E,bar,LB,out,none,white,bars_caps,yes,filled,small,na,UNKNOWN,none,na,na,3,saturated,na,na,upper,bold,much_larger,sans,regular,no,p_values,no,no,normal,45,square,high,white bars with black/red/blue replicate points and p values above,PRIVATE_REFERENCE_ONLY/corpus/PMC13286266/figures/Fig3.jpg,science_1
PMC13286266,Science,Science,3,F,grouped_bar,LB,out,none,white,bars_caps,yes,filled,small,na,UNKNOWN,none,na,na,2,saturated,na,na,upper,bold,much_larger,sans,regular,no,p_values,no,no,normal,0,wide,high,"white and grey bar blocks separating cell lines, coloured replicate points, p values above bars, two-level x labels",PRIVATE_REFERENCE_ONLY/corpus/PMC13286266/figures/Fig3.jpg,science_1
PMC13286266,Science,Science,3,G,bar,LB,out,none,white,bars_caps,yes,filled,small,na,UNKNOWN,none,na,na,2,saturated,na,na,upper,bold,much_larger,sans,regular,no,p_values,no,no,normal,0,wide,high,"white bars with red points, p values above every bar, grouped x labels with a rule below",PRIVATE_REFERENCE_ONLY/corpus/PMC13286266/figures/Fig3.jpg,science_1
PMC13286266,Science,Science,3,I,volcano,LB,out,none,white,none,na,filled,small,na,UNKNOWN,inside,no,4,4,mixed,na,na,upper,bold,much_larger,sans,regular,no,none,no,no,normal,0,square,high,four point classes including a single green star marker for the WT trigger; dashed p-value threshold; unframed legend inside the upper left,PRIVATE_REFERENCE_ONLY/corpus/PMC13286266/figures/Fig3.jpg,science_1
PMC13286266,Science,Science,3,J,bar,LB,out,none,white,none,no,na,na,na,UNKNOWN,none,na,na,1,saturated,na,na,upper,bold,much_larger,sans,regular,no,none,yes,no,dense,0,wide,medium,"three stacked per-position count bar sub-plots in light blue, each row labelled by coloured rotated text at the left; orange and green region brackets above the bars; nucleotide sequence printed as the x axis",PRIVATE_REFERENCE_ONLY/corpus/PMC13286266/figures/Fig3.jpg,science_1
PMC13308464,Science Translational Medicine,Science,1,,other_quant,,,,,,,,,,,,,,,,,,,,,,,,,,,,,,low,UNKNOWN because the only local file is a ~100 px thumbnail; no style fact readable,PRIVATE_REFERENCE_ONLY/corpus/PMC13308464/figures/Fig1.gif,science_1
PMC13308464,Science Translational Medicine,Science,2,,other_quant,,,,,,,,,,,,,,,,,,,,,,,,,,,,,,low,UNKNOWN because the only local file is a ~100 px thumbnail; no style fact readable,PRIVATE_REFERENCE_ONLY/corpus/PMC13308464/figures/Fig2.gif,science_1
PMC13308464,Science Translational Medicine,Science,3,,other_quant,,,,,,,,,,,,,,,,,,,,,,,,,,,,,,low,UNKNOWN because the only local file is a ~100 px thumbnail; no style fact readable,PRIVATE_REFERENCE_ONLY/corpus/PMC13308464/figures/Fig3.gif,science_1
PMC13308464,Science Translational Medicine,Science,4,,other_quant,,,,,,,,,,,,,,,,,,,,,,,,,,,,,,low,UNKNOWN because the only local file is a ~100 px thumbnail; no style fact readable,PRIVATE_REFERENCE_ONLY/corpus/PMC13308464/figures/Fig4.gif,science_1
PMC13308464,Science Translational Medicine,Science,5,B,line,LB,out,none,white,none,na,mixed,medium,hairline,UNKNOWN,none,na,na,2,mixed,na,na,upper,bold,much_larger,sans,regular,yes,stars,yes,no,normal,0,wide,high,three paired-slope sub-plots: open white circles joined by thin lines to filled dark-red circles; dotted limit-of-detection line labelled LoD on the y axis; **** on a bracket above each sub-plot; a ruled data table with two colour-highlighted cells sits below the plots inside the same lettered panel,PRIVATE_REFERENCE_ONLY/corpus/PMC13308464/figures/Fig5.jpg,science_1
PMC13308464,Science Translational Medicine,Science,5,F,heatmap,box,none,none,white,na,na,na,na,na,UNKNOWN,inside,yes,4,0,sequential,other,none,upper,bold,much_larger,sans,regular,no,none,no,no,dense,0,square,medium,ruled table whose cells are shaded in four white-to-dark-red bins with the numeric value printed in every cell; binned key box at the lower right instead of a continuous colourbar; a shaded triangle above the columns encodes V1 shielding,PRIVATE_REFERENCE_ONLY/corpus/PMC13308464/figures/Fig5.jpg,science_1
PMC13308464,Science Translational Medicine,Science,6,,other_quant,,,,,,,,,,,,,,,,,,,,,,,,,,,,,,low,UNKNOWN because the only local file is a ~100 px thumbnail; no style fact readable,PRIVATE_REFERENCE_ONLY/corpus/PMC13308464/figures/Fig6.gif,science_1
PMC13372101,Science,Science,1,,non-quantitative,,,,,,,,,,,,,,,,,,,,,,,,,,,,,,high,"schematics, whole-organ and confocal micrographs and streptavidin blots only; no quantitative panel",PRIVATE_REFERENCE_ONLY/corpus/PMC13372101/figures/Fig1.jpg,science_1
PMC13372101,Science,Science,2,,other_quant,,,,,,,,,,,,,,,,,,,,,,,,,,,,,,low,UNKNOWN because the only local file is a ~100 px thumbnail; no style fact readable,PRIVATE_REFERENCE_ONLY/corpus/PMC13372101/figures/Fig2.gif,science_1
PMC13372101,Science,Science,3,,other_quant,,,,,,,,,,,,,,,,,,,,,,,,,,,,,,low,UNKNOWN because the only local file is a ~100 px thumbnail; no style fact readable,PRIVATE_REFERENCE_ONLY/corpus/PMC13372101/figures/Fig3.gif,science_1
PMC13372101,Science,Science,5,,other_quant,,,,,,,,,,,,,,,,,,,,,,,,,,,,,,low,UNKNOWN because the only local file is a ~100 px thumbnail; no style fact readable,PRIVATE_REFERENCE_ONLY/corpus/PMC13372101/figures/Fig5.gif,science_1
PMC13372101,Science,Science,7,,other_quant,,,,,,,,,,,,,,,,,,,,,,,,,,,,,,low,UNKNOWN because the only local file is a ~100 px thumbnail; no style fact readable,PRIVATE_REFERENCE_ONLY/corpus/PMC13372101/figures/Fig7.gif,science_1
PMC13372101,Science,Science,4,B,scatter,box,out,none,white,none,na,filled,small,na,UNKNOWN,none,na,na,2,mixed,na,na,upper,bold,much_larger,sans,regular,no,none,no,no,sparse,0,square,medium,"small framed scatter, grey points with one orange highlighted and directly labelled point; axis labels set in small grey type inside the frame; coloured italic annotation inside the axes",PRIVATE_REFERENCE_ONLY/corpus/PMC13372101/figures/Fig4.jpg,science_1
PMC13372101,Science,Science,4,C,line,box,out,none,white,none,na,mixed,medium,regular,UNKNOWN,none,na,na,1,saturated,na,na,upper,bold,much_larger,sans,regular,yes,none,no,no,sparse,0,square,medium,"three-point orange line, filled and open circle markers, boxed frame, coloured title above",PRIVATE_REFERENCE_ONLY/corpus/PMC13372101/figures/Fig4.jpg,science_1
PMC13372101,Science,Science,4,P,dot_strip,LB,out,none,white,none,na,mixed,medium,na,UNKNOWN,none,na,na,2,mixed,na,na,upper,bold,much_larger,sans,regular,no,p_values,no,yes,normal,90,wide,high,"grey filled and red open circles in vertical strips with a short red mean line; exact p values (and n.a.) printed above groups; group n printed in parentheses under each strip; dashed vertical divider between neonate and adult, headers in matching colours; long coloured x labels rotated 90 with a two-level rule beneath",PRIVATE_REFERENCE_ONLY/corpus/PMC13372101/figures/Fig4.jpg,science_1
PMC13372101,Science,Science,6,A,scatter,box,out,none,white,none,na,filled,small,na,UNKNOWN,none,na,na,2,mixed,na,na,upper,bold,much_larger,sans,regular,yes,none,no,no,sparse,0,wide,medium,"three small framed scatter sub-plots side by side, grey points with one purple highlighted and labelled point in each; coloured italic age titles above",PRIVATE_REFERENCE_ONLY/corpus/PMC13372101/figures/Fig6.jpg,science_1
PMC13372101,Science,Science,6,B,line,box,out,none,white,none,na,filled,medium,regular,UNKNOWN,none,na,na,1,saturated,na,na,upper,bold,much_larger,sans,regular,yes,none,no,no,sparse,0,square,medium,three-point purple line with circle markers inside a boxed frame,PRIVATE_REFERENCE_ONLY/corpus/PMC13372101/figures/Fig6.jpg,science_1
PMC13372101,Science,Science,6,C,dot_bubble,box,none,none,white,na,na,filled,large,na,UNKNOWN,outside_right,no,5,0,sequential,other,bottom,upper,bold,much_larger,sans,regular,yes,none,no,no,sparse,0,wide,medium,"four large bubbles in a boxed strip, size encoding percent cells and grey-to-red fill encoding expression; graduated size key outside right and a horizontal low-to-high colourbar below; category labels in matching colours under each bubble",PRIVATE_REFERENCE_ONLY/corpus/PMC13372101/figures/Fig6.jpg,science_1
PMC13372101,Science,Science,6,N,dot_strip,LB,out,none,white,none,na,mixed,medium,na,UNKNOWN,none,na,na,2,mixed,na,na,upper,bold,much_larger,sans,regular,no,p_values,no,yes,normal,90,wide,high,"same dot-strip style as Fig 4P with three age blocks separated by dashed vertical lines; exact p values above groups, n in parentheses below, x labels rotated 90",PRIVATE_REFERENCE_ONLY/corpus/PMC13372101/figures/Fig6.jpg,science_1
PMC13403147,Science,Science,1,D,scatter,LB,out,none,white,none,na,filled,medium,na,UNKNOWN,inside,no,5,1,saturated,na,na,upper,bold,much_larger,sans,regular,no,none,no,no,normal,0,square,medium,lettered panel stacks a pink square-marker scatter over a line sub-plot of five height profiles distinguished by dash pattern in a single colour; two-column legend inside the line sub-plot,PRIVATE_REFERENCE_ONLY/corpus/PMC13403147/figures/Fig1.jpg,science_1
PMC13403147,Science,Science,1,E,line,box,out,none,white,none,na,na,na,regular,UNKNOWN,inside,no,3,3,saturated,na,na,upper,bold,much_larger,sans,regular,no,none,no,no,normal,0,wide,medium,"simulation trace plot with twin y axes (left and right), boxed frame, unframed legend inside right; the rest of the lettered panel is molecular renderings with a viridis-like discrete colourbar",PRIVATE_REFERENCE_ONLY/corpus/PMC13403147/figures/Fig1.jpg,science_1
PMC13403147,Science,Science,1,G,scatter,LB,out,none,white,none,na,filled,medium,na,UNKNOWN,inside,no,1,1,saturated,na,na,upper,bold,much_larger,sans,regular,no,none,no,no,normal,0,square,medium,pink square scatter above a pink histogram of line-profile spacing; single-entry key inside the histogram,PRIVATE_REFERENCE_ONLY/corpus/PMC13403147/figures/Fig1.jpg,science_1
PMC13403147,Science,Science,1,H,other_quant,none,none,major,white,none,na,na,na,regular,UNKNOWN,outside_top,no,4,4,saturated,na,na,upper,bold,much_larger,sans,regular,no,none,no,no,sparse,na,wide,medium,"four radar/spider charts with grey ring gridlines, four axes labelled with cytokine name and maximum value; per-chart legend above right",PRIVATE_REFERENCE_ONLY/corpus/PMC13403147/figures/Fig1.jpg,science_1
PMC13403147,Science,Science,1,I,line,LB,out,none,white,bars_caps,na,open,small,regular,UNKNOWN,outside_right,no,4,4,saturated,na,na,upper,bold,much_larger,sans,regular,yes,p_values,yes,no,normal,0,wide,high,"four tumour-growth sub-plots, each titled, with its own legend to the right and exact p values printed in rotated type against a vertical bracket",PRIVATE_REFERENCE_ONLY/corpus/PMC13403147/figures/Fig1.jpg,science_1
PMC13403147,Science,Science,1,J,line,LB,out,none,white,bars_caps,na,open,small,regular,UNKNOWN,outside_right,no,4,3,saturated,na,na,upper,bold,much_larger,sans,regular,no,p_values,yes,no,normal,0,wide,high,three growth-curve sub-plots; dashed and solid lines in the same red distinguish dose; rotated p values on vertical brackets,PRIVATE_REFERENCE_ONLY/corpus/PMC13403147/figures/Fig1.jpg,science_1
PMC13403147,Science,Science,1,K,survival,LB,out,none,white,none,na,na,na,regular,UNKNOWN,outside_right,no,2,2,mixed,na,na,upper,bold,much_larger,sans,regular,no,p_values,no,no,normal,0,wide,high,two-step Kaplan-Meier curves with the p value printed as text inside the axes,PRIVATE_REFERENCE_ONLY/corpus/PMC13403147/figures/Fig1.jpg,science_1
PMC13403147,Science,Science,2,A,line,LB,out,none,white,bars_caps,na,filled,small,regular,UNKNOWN,outside_right,no,3,3,mixed,na,na,upper,bold,much_larger,sans,regular,no,p_values,yes,no,normal,0,wide,high,growth curves at the right of a lettered panel whose left part is a timeline schematic and photographs; legend outside right with a vertical bracket carrying the p value,PRIVATE_REFERENCE_ONLY/corpus/PMC13403147/figures/Fig2.jpg,science_1
PMC13403147,Science,Science,2,B,line,LB,out,none,white,bars_caps,na,filled,small,regular,UNKNOWN,outside_right,no,3,3,mixed,na,na,upper,bold,much_larger,sans,regular,no,p_values,yes,no,normal,0,wide,high,growth curves at the right of a lettered panel whose left part is a timeline schematic and photographs; legend outside right with a vertical bracket carrying the p value,PRIVATE_REFERENCE_ONLY/corpus/PMC13403147/figures/Fig2.jpg,science_1
PMC13403147,Science,Science,2,C,pie_donut,none,none,none,white,na,na,na,na,na,UNKNOWN,outside_right,no,3,3,pastel,na,na,upper,bold,much_larger,sans,regular,yes,none,no,no,sparse,na,wide,high,two donut charts titled above with the total printed below each; shared three-entry legend at the right,PRIVATE_REFERENCE_ONLY/corpus/PMC13403147/figures/Fig2.jpg,science_1
PMC13403147,Science,Science,2,D,bar,LB,out,none,white,bars_caps,yes,filled,small,na,UNKNOWN,none,na,na,4,mixed,na,na,upper,bold,much_larger,sans,regular,yes,p_values,yes,no,normal,45,wide,high,"six bar sub-plots in a row (three tumour, three spleen) with group titles above; white bars with coloured outlines, coloured points, exact p values on square brackets",PRIVATE_REFERENCE_ONLY/corpus/PMC13403147/figures/Fig2.jpg,science_1
PMC13403147,Science,Science,2,G,bar,LB,out,none,white,bars_caps,yes,filled,small,na,UNKNOWN,none,na,na,3,mixed,na,na,upper,bold,much_larger,sans,regular,no,p_values,yes,no,normal,45,wide,high,two bar sub-plots with coloured points and p values on brackets,PRIVATE_REFERENCE_ONLY/corpus/PMC13403147/figures/Fig2.jpg,science_1
PMC13403147,Science,Science,2,H,bar,LB,out,none,white,bars_caps,yes,filled,small,na,UNKNOWN,none,na,na,3,mixed,na,na,upper,bold,much_larger,sans,regular,no,p_values,yes,no,normal,45,square,high,bar plot at the right of a lettered panel of histology images; p values on brackets,PRIVATE_REFERENCE_ONLY/corpus/PMC13403147/figures/Fig2.jpg,science_1
PMC13403147,Science,Science,2,I,bar,LB,out,none,white,bars_caps,yes,filled,small,na,UNKNOWN,none,na,na,3,mixed,na,na,upper,bold,much_larger,sans,regular,yes,none,no,no,normal,45,wide,high,two liver-enzyme bar sub-plots with dotted upper and lower reference lines and no significance marks,PRIVATE_REFERENCE_ONLY/corpus/PMC13403147/figures/Fig2.jpg,science_1
PMC13403147,Science,Science,2,J,bar,LB,out,none,white,bars_caps,yes,filled,small,na,UNKNOWN,none,na,na,2,mixed,na,na,upper,bold,much_larger,sans,regular,yes,p_values,yes,no,normal,45,wide,high,"three titled bar sub-plots, mixed circle and triangle point markers, p values on brackets",PRIVATE_REFERENCE_ONLY/corpus/PMC13403147/figures/Fig2.jpg,science_1
PMC13403147,Science,Science,3,B,line,LB,out,none,white,bars_caps,na,mixed,small,regular,UNKNOWN,outside_right,no,3,3,mixed,na,na,upper,bold,much_larger,sans,regular,yes,p_values,no,no,normal,0,wide,high,three titled two-point line sub-plots with capped error bars; p values printed as plain text inside the axes; shared legend at the far right; left part of the lettered panel is a study-design schematic,PRIVATE_REFERENCE_ONLY/corpus/PMC13403147/figures/Fig3.jpg,science_1
PMC13403147,Science,Science,3,C,line,LB,out,none,white,bars_caps,na,mixed,small,regular,UNKNOWN,outside_right,no,6,6,mixed,na,na,upper,bold,much_larger,sans,regular,no,p_values,yes,no,normal,0,wide,high,six growth curves with open circle markers; legend outside right; rotated p value against a tall vertical bracket between plot and legend,PRIVATE_REFERENCE_ONLY/corpus/PMC13403147/figures/Fig3.jpg,science_1
PMC13403147,Science,Science,3,D,line,LB,out,none,white,bars_caps,na,mixed,small,regular,UNKNOWN,outside_right,no,6,3,mixed,na,na,upper,bold,much_larger,sans,regular,no,p_values,yes,no,normal,0,wide,high,"six series encoded by three colours crossed with open/filled circle, square and triangle markers; legend outside right; rotated p values on a vertical bracket",PRIVATE_REFERENCE_ONLY/corpus/PMC13403147/figures/Fig3.jpg,science_1
PMC13403147,Science,Science,3,E,line,LB,out,none,white,bars_caps,na,mixed,small,regular,UNKNOWN,outside_right,no,6,3,mixed,na,na,upper,bold,much_larger,sans,regular,no,p_values,yes,no,normal,0,wide,high,"six series encoded by three colours crossed with open/filled circle, square and triangle markers; legend outside right; rotated p values on a vertical bracket",PRIVATE_REFERENCE_ONLY/corpus/PMC13403147/figures/Fig3.jpg,science_1
PMC13403147,Science,Science,3,F,line,LB,out,none,white,bars_caps,na,mixed,small,regular,UNKNOWN,outside_right,no,4,2,mixed,na,na,upper,bold,much_larger,sans,regular,yes,p_values,yes,no,normal,0,wide,medium,"lettered panel holds two growth-curve sub-plots and two Kaplan-Meier survival sub-plots, each with its own legend outside right; solid versus dashed lines encode host genotype; p values rotated on brackets or printed inside the survival axes",PRIVATE_REFERENCE_ONLY/corpus/PMC13403147/figures/Fig3.jpg,science_1
PMC13403147,Science,Science,3,G,bar,LB,out,none,white,bars_caps,yes,mixed,small,na,UNKNOWN,none,na,na,2,mixed,na,na,upper,bold,much_larger,sans,regular,yes,p_values,yes,no,normal,45,wide,high,"row of four titled cytokine bar sub-plots under a spanning group heading with a rule; white bars with red outline, circle and triangle points, exact p values on square brackets, two-level x labels",PRIVATE_REFERENCE_ONLY/corpus/PMC13403147/figures/Fig3.jpg,science_1
PMC13403147,Science,Science,3,H,bar,LB,out,none,white,bars_caps,yes,mixed,small,na,UNKNOWN,none,na,na,2,mixed,na,na,upper,bold,much_larger,sans,regular,yes,p_values,yes,no,normal,45,wide,high,"row of four titled cytokine bar sub-plots under a spanning group heading with a rule; white bars with red outline, circle and triangle points, exact p values on square brackets, two-level x labels",PRIVATE_REFERENCE_ONLY/corpus/PMC13403147/figures/Fig3.jpg,science_1
PMC13491402,Science,Science,1,B,other_quant,box,out,none,white,na,na,filled,small,na,UNKNOWN,none,na,na,0,sequential,rainbow,none,upper,bold,much_larger,sans,regular,yes,none,no,no,normal,0,wide,medium,"two flow-cytometry density plots with rainbow density colouring, rectangular gates and percentages printed below the gates; biexponential axes with 10^n labels",PRIVATE_REFERENCE_ONLY/corpus/PMC13491402/figures/Fig1.webp,science_1
PMC13491402,Science,Science,1,D,line,LB,out,none,white,none,na,filled,small,regular,UNKNOWN,none,na,na,4,saturated,na,na,upper,bold,much_larger,sans,regular,yes,none,no,no,normal,0,wide,high,"spaghetti plot: one line per animal, log y axis with 10^n tick labels, dotted background-level line; four series distinguished by colour and marker shape; legend shared with panel E and printed at its right",PRIVATE_REFERENCE_ONLY/corpus/PMC13491402/figures/Fig1.webp,science_1
PMC13491402,Science,Science,1,E,line,LB,out,none,white,none,na,filled,small,regular,UNKNOWN,outside_right,no,4,4,saturated,na,na,upper,bold,much_larger,sans,regular,yes,none,no,no,normal,0,wide,high,same spaghetti style as panel D with the shared four-entry legend outside right,PRIVATE_REFERENCE_ONLY/corpus/PMC13491402/figures/Fig1.webp,science_1
PMC13491402,Science,Science,1,F,line,LB,out,none,white,none,na,filled,small,regular,UNKNOWN,outside_right,no,4,4,saturated,na,na,upper,bold,much_larger,sans,regular,yes,none,no,no,normal,0,wide,high,per-animal lines on a log y axis; legend outside right with superscripted construct names,PRIVATE_REFERENCE_ONLY/corpus/PMC13491402/figures/Fig1.webp,science_1
PMC13491402,Science,Science,1,G,line,LB,out,none,white,none,na,filled,small,regular,UNKNOWN,outside_right,no,4,4,saturated,na,na,upper,bold,much_larger,sans,regular,yes,none,no,no,normal,0,wide,high,per-animal lines on a log y axis; legend outside right with superscripted construct names,PRIVATE_REFERENCE_ONLY/corpus/PMC13491402/figures/Fig1.webp,science_1
PMC13491402,Science,Science,1,I,dot_strip,LB,out,none,white,none,na,filled,small,na,UNKNOWN,none,na,na,0,monochrome_black,na,na,upper,bold,much_larger,sans,regular,yes,stars,yes,no,normal,0,tall,high,black jittered points with a horizontal mean line; segmented (non-linear) y axis with a compressed upper range; dotted horizontal line labelled with a percentage at the right; **** on a bracket; bold x tick labels,PRIVATE_REFERENCE_ONLY/corpus/PMC13491402/figures/Fig1.webp,science_1
PMC13491402,Science,Science,1,J,dot_strip,LB,out,none,white,none,na,filled,small,na,UNKNOWN,none,na,na,0,monochrome_black,na,na,upper,bold,much_larger,sans,regular,yes,stars,yes,no,normal,0,tall,high,black jittered points with a horizontal mean line; segmented (non-linear) y axis with a compressed upper range; dotted horizontal line labelled with a percentage at the right; **** on a bracket; bold x tick labels,PRIVATE_REFERENCE_ONLY/corpus/PMC13491402/figures/Fig1.webp,science_1
PMC13491402,Science,Science,2,,other_quant,,,,,,,,,,,,,,,,,,,,,,,,,,,,,,low,UNKNOWN because the only local file is a ~200 px thumbnail; no style fact readable,PRIVATE_REFERENCE_ONLY/corpus/PMC13491402/figures/Fig2.gif,science_1
PMC13491402,Science,Science,3,,other_quant,,,,,,,,,,,,,,,,,,,,,,,,,,,,,,low,UNKNOWN because the only local file is a ~200 px thumbnail; no style fact readable,PRIVATE_REFERENCE_ONLY/corpus/PMC13491402/figures/Fig3.gif,science_1
PMC13491402,Science,Science,4,,other_quant,,,,,,,,,,,,,,,,,,,,,,,,,,,,,,low,UNKNOWN because the only local file is a ~200 px thumbnail; no style fact readable,PRIVATE_REFERENCE_ONLY/corpus/PMC13491402/figures/Fig4.gif,science_1
PMC13491402,Science,Science,5,,other_quant,,,,,,,,,,,,,,,,,,,,,,,,,,,,,,low,UNKNOWN because the only local file is a ~200 px thumbnail; no style fact readable,PRIVATE_REFERENCE_ONLY/corpus/PMC13491402/figures/Fig5.gif,science_1
PMC13564803,Science Advances,Science,1,,non-quantitative,,,,,,,,,,,,,,,,,,,,,,,,,,,,,,high,reaction schemes and chemical structures only; no quantitative panel,PRIVATE_REFERENCE_ONLY/corpus/PMC13564803/figures/Fig1.webp,science_1
PMC13564803,Science Advances,Science,2,A,grouped_bar,box,in,none,white,bars_caps,no,na,na,na,UNKNOWN,inside,yes,2,2,muted,na,na,upper,bold,much_larger,sans,regular,yes,none,no,no,normal,45,wide,medium,"Origin-style boxed axes, ticks read as inward at web resolution; navy and teal paired bars with capped SD; dashed horizontal 100% reference line, dashed vertical section dividers and boxed section headers above; x tick labels enclosed in dashed boxes with coloured impact scores",PRIVATE_REFERENCE_ONLY/corpus/PMC13564803/figures/Fig2.webp,science_1
PMC13564803,Science Advances,Science,2,B,line,box,in,none,white,bars_caps,na,mixed,medium,regular,UNKNOWN,inside,yes,5,5,sequential,na,na,upper,bold,much_larger,sans,regular,no,none,no,no,normal,0,wide,medium,log x axis; five series on a light-to-dark teal ramp distinguished also by marker shape and dash pattern; dashed-border legend box inside upper right; dashed 100% reference line,PRIVATE_REFERENCE_ONLY/corpus/PMC13564803/figures/Fig2.webp,science_1
PMC13564803,Science Advances,Science,2,C,grouped_bar,box,in,none,white,bars_caps,no,na,na,na,UNKNOWN,none,na,na,2,muted,na,na,upper,bold,much_larger,sans,regular,no,none,no,no,normal,0,square,medium,same navy/teal pair as panel A without its own legend; two-line x tick labels; dashed 100% reference line,PRIVATE_REFERENCE_ONLY/corpus/PMC13564803/figures/Fig2.webp,science_1
PMC13564803,Science Advances,Science,3,B,line,B,UNKNOWN,none,white,none,na,na,na,hairline,UNKNOWN,none,na,na,2,mixed,na,na,upper,bold,much_larger,sans,regular,no,none,no,no,normal,0,square,medium,stacked NMR traces on a shared reversed x axis with no y axis; time points written beside each trace in a grey ramp and the reference spectrum in red; left half of the lettered panel is a reaction scheme,PRIVATE_REFERENCE_ONLY/corpus/PMC13564803/figures/Fig3.webp,science_1
PMC13564803,Science Advances,Science,3,C,line,box,in,none,white,none,na,na,na,regular,UNKNOWN,inside,no,2,2,mixed,na,na,upper,bold,much_larger,sans,regular,no,none,no,no,normal,0,wide,medium,"two GPC traces (black solid, blue dashed) inside a boxed frame; legend entries and Mn/dispersity values printed as coloured text inside the upper axes",PRIVATE_REFERENCE_ONLY/corpus/PMC13564803/figures/Fig3.webp,science_1
PMC13564803,Science Advances,Science,4,A,grouped_bar,box,in,none,white,bars_caps,no,na,na,na,UNKNOWN,inside,no,2,2,mixed,na,na,upper,bold,much_larger,sans,regular,yes,none,no,no,normal,0,square,medium,twin y axes; solid versus diagonally hatched fills encode the two measurements and small arrows in the legend point to the matching axis,PRIVATE_REFERENCE_ONLY/corpus/PMC13564803/figures/Fig4.webp,science_1
PMC13564803,Science Advances,Science,4,D,bar,box,in,none,white,bars_caps,no,na,na,na,UNKNOWN,none,na,na,2,mixed,na,na,upper,bold,much_larger,sans,regular,no,none,no,no,normal,0,square,medium,"two wide bars (black, teal) with capped SD and two-line x tick labels",PRIVATE_REFERENCE_ONLY/corpus/PMC13564803/figures/Fig4.webp,science_1
PMC13564803,Science Advances,Science,4,E,line,box,in,none,white,none,na,na,na,regular,UNKNOWN,inside,no,2,2,mixed,na,na,upper,bold,much_larger,sans,regular,no,none,no,no,normal,0,wide,medium,DMA curves with a log left y axis and a linear right y axis; arrows inside the axes point each curve pair to its axis; small inset diagram and legend text inside the upper left,PRIVATE_REFERENCE_ONLY/corpus/PMC13564803/figures/Fig4.webp,science_1
PMC13564803,Science Advances,Science,4,F,bar,box,in,none,white,bars_caps,no,na,na,na,UNKNOWN,none,na,na,3,pastel,na,na,upper,bold,much_larger,sans,regular,no,none,no,no,normal,0,square,medium,three pale bars whose fills match the sample photographs at the left of the lettered panel; roman-numeral x tick labels,PRIVATE_REFERENCE_ONLY/corpus/PMC13564803/figures/Fig4.webp,science_1
PMC13564807,Science Advances,Science,1,,other_quant,,,,,,,,,,,,,,,,,,,,,,,,,,,,,,low,UNKNOWN because the only local file is a ~200 px thumbnail; no style fact readable,PRIVATE_REFERENCE_ONLY/corpus/PMC13564807/figures/Fig1.gif,science_1
PMC13564807,Science Advances,Science,2,,other_quant,,,,,,,,,,,,,,,,,,,,,,,,,,,,,,low,UNKNOWN because the only local file is a ~200 px thumbnail; no style fact readable,PRIVATE_REFERENCE_ONLY/corpus/PMC13564807/figures/Fig2.gif,science_1
PMC13564807,Science Advances,Science,3,,other_quant,,,,,,,,,,,,,,,,,,,,,,,,,,,,,,low,UNKNOWN because the only local file is a ~200 px thumbnail; no style fact readable,PRIVATE_REFERENCE_ONLY/corpus/PMC13564807/figures/Fig3.gif,science_1
PMC13564807,Science Advances,Science,4,,other_quant,,,,,,,,,,,,,,,,,,,,,,,,,,,,,,low,UNKNOWN because the only local file is a ~200 px thumbnail; no style fact readable,PRIVATE_REFERENCE_ONLY/corpus/PMC13564807/figures/Fig4.gif,science_1
PMC13564807,Science Advances,Science,5,A,dot_strip,LB,out,none,white,none,na,filled,small,na,UNKNOWN,none,na,na,0,monochrome_black,na,na,upper,bold,much_larger,sans,regular,yes,p_values,yes,no,normal,0,wide,high,"lettered panel combines a rainbow-coloured 2D cell-track plot (dotted zero crosshairs, square frame) with two dot strips of black points and red mean lines; each strip titled above and annotated with exact p values on square brackets",PRIVATE_REFERENCE_ONLY/corpus/PMC13564807/figures/Fig5.webp,science_1
PMC13564807,Science Advances,Science,5,C,dot_strip,LB,out,none,white,none,na,filled,small,na,UNKNOWN,none,na,na,0,monochrome_black,na,na,upper,bold,much_larger,sans,regular,no,p_values,yes,no,normal,0,tall,high,"black jittered points with a red mean line, p value printed over a bracket, two-line x tick labels",PRIVATE_REFERENCE_ONLY/corpus/PMC13564807/figures/Fig5.webp,science_1
PMC13564807,Science Advances,Science,5,E,stacked_bar,LB,out,none,white,bars_caps,yes,filled,small,na,UNKNOWN,inside,no,3,3,greys,na,na,upper,bold,much_larger,sans,regular,yes,p_values,yes,no,normal,45,wide,high,left sub-plot is a three-level greyscale stacked bar with an unframed legend inside the upper left; right sub-plot is a white bar plot with all points overlaid and p values (and n.s.) on brackets,PRIVATE_REFERENCE_ONLY/corpus/PMC13564807/figures/Fig5.webp,science_1
PMC13564807,Science Advances,Science,5,F,dot_strip,LB,out,none,white,none,na,filled,small,na,UNKNOWN,none,na,na,0,monochrome_black,na,na,upper,bold,much_larger,sans,regular,yes,p_values,yes,no,normal,45,wide,high,"four titled dot strips, three of them on log y axes with 10^n labels; black points, red mean lines, stacked brackets carrying p values or n.s.",PRIVATE_REFERENCE_ONLY/corpus/PMC13564807/figures/Fig5.webp,science_1
PMC13564807,Science Advances,Science,5,G,bar,LB,out,none,white,bars_caps,yes,filled,small,na,UNKNOWN,none,na,na,0,monochrome_black,na,na,upper,bold,much_larger,sans,regular,yes,p_values,yes,no,normal,45,wide,high,two titled white bar plots with black points and capped SEM; stacked p-value brackets,PRIVATE_REFERENCE_ONLY/corpus/PMC13564807/figures/Fig5.webp,science_1
PMC13564807,Science Advances,Science,5,H,bar,LB,out,none,white,bars_caps,yes,filled,small,na,UNKNOWN,none,na,na,0,monochrome_black,na,na,upper,bold,much_larger,sans,regular,yes,p_values,yes,no,normal,45,square,high,white bars with black points at the left of the lettered panel; ELISpot well photographs at the right,PRIVATE_REFERENCE_ONLY/corpus/PMC13564807/figures/Fig5.webp,science_1
PMC13564807,Science Advances,Science,5,I,bar,LB,out,none,white,bars_caps,yes,filled,small,na,UNKNOWN,none,na,na,4,saturated,na,na,upper,bold,much_larger,sans,regular,yes,p_values,yes,no,normal,45,square,high,"white bars with points coloured per group (red, blue, green, olive); p values and n.s. on stacked brackets",PRIVATE_REFERENCE_ONLY/corpus/PMC13564807/figures/Fig5.webp,science_1
PMC13564807,Science Advances,Science,5,J,box,LB,out,none,white,box_whisker,yes,filled,small,na,UNKNOWN,none,na,na,4,saturated,na,na,upper,bold,much_larger,sans,regular,yes,p_values,yes,no,normal,45,square,high,coloured box-and-whisker boxes with all points overlaid in the matching colour; four stacked p-value brackets,PRIVATE_REFERENCE_ONLY/corpus/PMC13564807/figures/Fig5.webp,science_1
PMC13564807,Science Advances,Science,6,A,dot_strip,LB,out,none,white,none,na,filled,small,na,UNKNOWN,none,na,na,0,monochrome_black,na,na,upper,bold,much_larger,sans,regular,yes,p_values,yes,no,normal,0,wide,high,"two titled dot strips on log y axes, black points with red mean lines, single p-value bracket each",PRIVATE_REFERENCE_ONLY/corpus/PMC13564807/figures/Fig6.webp,science_1
PMC13564807,Science Advances,Science,6,B,bar,LB,out,none,white,bars_caps,yes,filled,small,na,UNKNOWN,none,na,na,0,monochrome_black,na,na,upper,bold,much_larger,sans,regular,yes,p_values,yes,no,normal,45,wide,high,"two titled white bar plots with black points, capped SEM and a single p-value bracket",PRIVATE_REFERENCE_ONLY/corpus/PMC13564807/figures/Fig6.webp,science_1
PMC13564807,Science Advances,Science,6,C,dot_strip,LB,out,none,white,none,na,filled,small,na,UNKNOWN,none,na,na,0,monochrome_black,na,na,upper,bold,much_larger,sans,regular,yes,p_values,yes,no,normal,45,wide,high,two titled log-axis dot strips with n.s. and p-value brackets,PRIVATE_REFERENCE_ONLY/corpus/PMC13564807/figures/Fig6.webp,science_1
PMC13564807,Science Advances,Science,6,D,line,box,out,major,white,none,na,na,na,hairline,UNKNOWN,none,na,na,0,monochrome_black,na,na,upper,bold,much_larger,sans,regular,no,none,no,no,normal,0,wide,medium,"two small default-style intensity profile plots (boxed frame, light grid, small unstyled axis labels) beside microscopy images inside the same lettered panel",PRIVATE_REFERENCE_ONLY/corpus/PMC13564807/figures/Fig6.webp,science_1
PMC13564807,Science Advances,Science,6,F,dot_strip,LB,out,none,white,none,na,filled,small,na,UNKNOWN,none,na,na,0,monochrome_black,na,na,upper,bold,much_larger,sans,regular,yes,p_values,yes,no,normal,na,wide,high,three titled dot strips; categories shown as a two-row +/- table under the axis instead of tick labels; p values and n.s. on stacked brackets,PRIVATE_REFERENCE_ONLY/corpus/PMC13564807/figures/Fig6.webp,science_1
PMC13564807,Science Advances,Science,6,G,dot_strip,LB,out,none,white,none,na,filled,small,na,UNKNOWN,none,na,na,0,monochrome_black,na,na,upper,bold,much_larger,sans,regular,yes,p_values,yes,no,normal,0,wide,high,four titled dot strips with square comparison brackets carrying n.s. or a p value,PRIVATE_REFERENCE_ONLY/corpus/PMC13564807/figures/Fig6.webp,science_1
PMC13564810,Science Advances,Science,1,A,bar,LB,out,none,white,bars_caps,yes,mixed,small,na,UNKNOWN,none,na,na,3,muted,na,na,upper,bold,much_larger,sans,regular,no,p_values,yes,no,normal,45,tall,high,"bars with dotted/hatched textures and coloured outlines, open and filled circle points overlaid, italic p values on thin brackets; figure has more than eight quantitative panels, more panels not reviewed",PRIVATE_REFERENCE_ONLY/corpus/PMC13564810/figures/Fig1.webp,science_1
PMC13564810,Science Advances,Science,1,C,bar,LB,out,none,white,bars_caps,yes,mixed,small,na,UNKNOWN,none,na,na,3,muted,na,na,upper,bold,much_larger,sans,regular,no,p_values,yes,no,normal,0,tall,high,"same textured-bar style as panel A with stacked italic p-value brackets; figure has more than eight quantitative panels, more panels not reviewed",PRIVATE_REFERENCE_ONLY/corpus/PMC13564810/figures/Fig1.webp,science_1
PMC13564810,Science Advances,Science,1,D,other_quant,box,out,none,white,na,na,filled,small,na,UNKNOWN,none,na,na,0,sequential,rainbow,na,upper,bold,much_larger,sans,regular,no,none,no,no,normal,0,wide,medium,"lettered panel pairs a grid of rainbow-density flow contour plots (boxed axes, quadrant gates with printed percentages, 10^n axis labels) with a textured summary bar plot carrying italic p values; figure has more than eight quantitative panels, more panels not reviewed",PRIVATE_REFERENCE_ONLY/corpus/PMC13564810/figures/Fig1.webp,science_1
PMC13564810,Science Advances,Science,1,E,other_quant,box,out,none,white,na,na,filled,small,na,UNKNOWN,none,na,na,0,sequential,rainbow,na,upper,bold,much_larger,sans,regular,no,none,no,no,normal,0,wide,medium,"lettered panel pairs a grid of rainbow-density flow contour plots (boxed axes, quadrant gates with printed percentages, 10^n axis labels) with a textured summary bar plot carrying italic p values; figure has more than eight quantitative panels, more panels not reviewed",PRIVATE_REFERENCE_ONLY/corpus/PMC13564810/figures/Fig1.webp,science_1
PMC13564810,Science Advances,Science,1,H,other_quant,box,out,none,white,na,na,filled,small,na,UNKNOWN,none,na,na,0,sequential,rainbow,na,upper,bold,much_larger,sans,regular,no,none,no,no,normal,0,wide,medium,"lettered panel pairs a grid of rainbow-density flow contour plots (boxed axes, quadrant gates with printed percentages, 10^n axis labels) with a textured summary bar plot carrying italic p values; figure has more than eight quantitative panels, more panels not reviewed",PRIVATE_REFERENCE_ONLY/corpus/PMC13564810/figures/Fig1.webp,science_1
PMC13564810,Science Advances,Science,1,I,other_quant,box,out,none,white,na,na,filled,small,na,UNKNOWN,none,na,na,0,sequential,rainbow,na,upper,bold,much_larger,sans,regular,no,none,no,no,normal,0,wide,medium,"lettered panel pairs a grid of rainbow-density flow contour plots (boxed axes, quadrant gates with printed percentages, 10^n axis labels) with a textured summary bar plot carrying italic p values; figure has more than eight quantitative panels, more panels not reviewed",PRIVATE_REFERENCE_ONLY/corpus/PMC13564810/figures/Fig1.webp,science_1
PMC13564810,Science Advances,Science,1,F,scatter_regression,LB,out,none,white,bars_caps,na,mixed,small,regular,UNKNOWN,inside,no,3,3,muted,na,na,upper,bold,much_larger,sans,regular,yes,none,no,no,normal,0,square,high,"three fitted cytotoxicity curves with open/filled markers; unframed legend inside upper left; figure has more than eight quantitative panels, more panels not reviewed",PRIVATE_REFERENCE_ONLY/corpus/PMC13564810/figures/Fig1.webp,science_1
PMC13564810,Science Advances,Science,1,G,bar,LB,out,none,white,bars_caps,yes,mixed,small,na,UNKNOWN,none,na,na,3,muted,na,na,upper,bold,much_larger,sans,regular,no,p_values,yes,no,normal,0,tall,high,"textured bars with points and stacked italic p-value brackets; figure has more than eight quantitative panels, more panels not reviewed",PRIVATE_REFERENCE_ONLY/corpus/PMC13564810/figures/Fig1.webp,science_1
PMC13564810,Science Advances,Science,2,B,scatter_regression,LB,out,none,white,bars_caps,na,mixed,small,regular,UNKNOWN,inside,no,4,4,muted,na,na,upper,bold,much_larger,sans,regular,no,none,no,no,normal,0,square,high,"four fitted tumour-growth curves, legend inside upper left with superscripted genotype names; figure has more than eight quantitative panels, more panels not reviewed",PRIVATE_REFERENCE_ONLY/corpus/PMC13564810/figures/Fig2.webp,science_1
PMC13564810,Science Advances,Science,2,C,bar,LB,out,none,white,bars_caps,yes,mixed,small,na,UNKNOWN,none,na,na,4,muted,na,na,upper,bold,much_larger,sans,regular,no,p_values,yes,no,normal,45,square,high,"bar plot at the right of a tumour photograph; dotted and solid textured fills, italic p values on brackets; figure has more than eight quantitative panels, more panels not reviewed",PRIVATE_REFERENCE_ONLY/corpus/PMC13564810/figures/Fig2.webp,science_1
PMC13564810,Science Advances,Science,2,D,bar,LB,out,none,white,bars_caps,yes,mixed,small,na,UNKNOWN,none,na,na,4,muted,na,na,upper,bold,much_larger,sans,regular,no,p_values,yes,no,normal,45,tall,high,"textured bars with open/filled points and italic p values on brackets; figure has more than eight quantitative panels, more panels not reviewed",PRIVATE_REFERENCE_ONLY/corpus/PMC13564810/figures/Fig2.webp,science_1
PMC13564810,Science Advances,Science,2,E,bar,LB,out,none,white,bars_caps,yes,mixed,small,na,UNKNOWN,none,na,na,4,muted,na,na,upper,bold,much_larger,sans,regular,no,p_values,yes,no,normal,45,tall,high,"textured bars with open/filled points and italic p values on brackets; figure has more than eight quantitative panels, more panels not reviewed",PRIVATE_REFERENCE_ONLY/corpus/PMC13564810/figures/Fig2.webp,science_1
PMC13564810,Science Advances,Science,2,G,bar,LB,out,none,white,bars_caps,yes,mixed,small,na,UNKNOWN,below,no,2,2,muted,na,na,upper,bold,much_larger,sans,regular,no,p_values,yes,no,normal,0,square,high,"grouped textured bars with a two-entry legend below the axis and italic p values on brackets; figure has more than eight quantitative panels, more panels not reviewed",PRIVATE_REFERENCE_ONLY/corpus/PMC13564810/figures/Fig2.webp,science_1
PMC13564810,Science Advances,Science,2,H,bar,LB,out,none,white,bars_caps,yes,mixed,small,na,UNKNOWN,below,no,2,2,muted,na,na,upper,bold,much_larger,sans,regular,no,p_values,yes,no,normal,0,square,high,"grouped textured bars with a two-entry legend below the axis and italic p values on brackets; figure has more than eight quantitative panels, more panels not reviewed",PRIVATE_REFERENCE_ONLY/corpus/PMC13564810/figures/Fig2.webp,science_1
PMC13564810,Science Advances,Science,2,I,scatter_regression,LB,out,none,white,bars_caps,na,mixed,small,regular,UNKNOWN,inside,no,2,2,muted,na,na,upper,bold,much_larger,sans,regular,yes,none,no,no,normal,0,wide,high,"two titled fitted-curve sub-plots, each with a two-entry legend inside upper left; figure has more than eight quantitative panels, more panels not reviewed",PRIVATE_REFERENCE_ONLY/corpus/PMC13564810/figures/Fig2.webp,science_1
PMC13564810,Science Advances,Science,2,J,bar,LB,out,none,white,bars_caps,yes,mixed,small,na,UNKNOWN,none,na,na,2,muted,na,na,upper,bold,much_larger,sans,regular,no,p_values,yes,no,normal,45,wide,high,"ten hatched grey/black bars with open and filled points, no significance marks shown; figure has more than eight quantitative panels, more panels not reviewed",PRIVATE_REFERENCE_ONLY/corpus/PMC13564810/figures/Fig2.webp,science_1
PMC13564810,Science Advances,Science,3,A,ma,box,out,none,white,none,na,filled,small,na,UNKNOWN,outside_right,no,na,0,sequential,other,right,upper,bold,much_larger,sans,regular,yes,none,no,no,normal,0,square,medium,"MA plot on a log x axis inside a boxed frame; points shaded by a light-to-dark blue peak-count colourbar at the right; many small pink/blue gene labels; dashed zero line; small centred title; figure has more than eight quantitative panels, more panels not reviewed",PRIVATE_REFERENCE_ONLY/corpus/PMC13564810/figures/Fig3.webp,science_1
PMC13564810,Science Advances,Science,3,B,bar,LB,out,none,white,bars_caps,yes,mixed,small,na,UNKNOWN,none,na,na,3,muted,na,na,upper,bold,much_larger,sans,regular,no,p_values,yes,no,normal,0,tall,high,"three textured bars with points and stacked italic p-value brackets; figure has more than eight quantitative panels, more panels not reviewed",PRIVATE_REFERENCE_ONLY/corpus/PMC13564810/figures/Fig3.webp,science_1
PMC13564810,Science Advances,Science,3,C,histogram_density,box,out,none,white,none,na,na,na,hairline,UNKNOWN,outside_right,no,4,4,mixed,na,na,upper,bold,much_larger,sans,regular,no,none,no,no,normal,0,square,medium,"overlaid flow-cytometry histogram outlines inside a boxed frame on a log x axis; small unframed legend with colour swatches outside right; figure has more than eight quantitative panels, more panels not reviewed",PRIVATE_REFERENCE_ONLY/corpus/PMC13564810/figures/Fig3.webp,science_1
PMC13564810,Science Advances,Science,3,F,histogram_density,box,out,none,white,none,na,na,na,hairline,UNKNOWN,outside_right,no,5,5,mixed,na,na,upper,bold,much_larger,sans,regular,no,none,no,no,normal,0,square,medium,"overlaid flow-cytometry histogram outlines inside a boxed frame on a log x axis; small unframed legend with colour swatches outside right; figure has more than eight quantitative panels, more panels not reviewed",PRIVATE_REFERENCE_ONLY/corpus/PMC13564810/figures/Fig3.webp,science_1
PMC13564810,Science Advances,Science,3,E,bar,LB,out,none,white,bars_caps,yes,mixed,small,na,UNKNOWN,below,no,2,2,muted,na,na,upper,bold,much_larger,sans,regular,no,p_values,yes,no,normal,0,square,high,"grouped textured bars with a two-entry legend below and italic p values on brackets; figure has more than eight quantitative panels, more panels not reviewed",PRIVATE_REFERENCE_ONLY/corpus/PMC13564810/figures/Fig3.webp,science_1
PMC13564810,Science Advances,Science,3,H,bar,LB,out,none,white,bars_caps,yes,mixed,small,na,UNKNOWN,below,no,5,5,muted,na,na,upper,bold,much_larger,sans,regular,no,p_values,yes,no,normal,na,wide,medium,"bar plot with a five-entry legend below (no x tick labels) plus an overlaid flow histogram sub-plot with its own legend at the right of the same lettered panel; figure has more than eight quantitative panels, more panels not reviewed",PRIVATE_REFERENCE_ONLY/corpus/PMC13564810/figures/Fig3.webp,science_1
PMC13564810,Science Advances,Science,3,I,heatmap,box,out,none,other,na,na,na,na,na,UNKNOWN,none,na,na,0,sequential,rainbow,right,upper,bold,much_larger,sans,regular,no,none,no,no,sparse,0,tall,medium,"two stacked TSS-profile heatmaps (Soft above, Stiff below) with rotated row-group labels at the left and a tall discrete stepped colourbar at the right; figure has more than eight quantitative panels, more panels not reviewed",PRIVATE_REFERENCE_ONLY/corpus/PMC13564810/figures/Fig3.webp,science_1
PMC13564810,Science Advances,Science,3,J,pie_donut,none,none,none,white,na,na,na,na,na,UNKNOWN,below,no,7,7,saturated,na,na,upper,bold,much_larger,sans,regular,yes,none,no,yes,sparse,na,wide,medium,"two donut charts with italic titles, percentages printed outside the ring and the peak count inside; one shared seven-entry legend below; genome-browser track plots sit under the donuts in the same lettered panel; figure has more than eight quantitative panels, more panels not reviewed",PRIVATE_REFERENCE_ONLY/corpus/PMC13564810/figures/Fig3.webp,science_1
PMC13564813,Science Advances,Science,1,,non-quantitative,,,,,,,,,,,,,,,,,,,,,,,,,,,,,,high,single illustrated mechanism schematic; no quantitative panel,PRIVATE_REFERENCE_ONLY/corpus/PMC13564813/figures/Fig1.webp,science_1
PMC13564813,Science Advances,Science,2,B,dot_strip,LB,out,none,white,bars_caps,na,open,small,na,UNKNOWN,none,na,na,0,monochrome_black,na,na,upper,bold,much_larger,sans,regular,no,stars,yes,no,normal,0,square,high,open circle points with mean and SEM bars only (no bar); single asterisk on a bracket; subscripted x axis label,PRIVATE_REFERENCE_ONLY/corpus/PMC13564813/figures/Fig2.webp,science_1
PMC13564813,Science Advances,Science,2,C,bar,LB,out,none,white,bars_caps,yes,open,small,na,UNKNOWN,none,na,na,0,monochrome_black,na,na,upper,bold,much_larger,sans,regular,no,stars,yes,no,normal,45,wide,high,two sub-plots of white bars with black outlines and open circle points; long stacked asterisk brackets; two-level x labels with a spanning rule,PRIVATE_REFERENCE_ONLY/corpus/PMC13564813/figures/Fig2.webp,science_1
PMC13564813,Science Advances,Science,2,D,bar,LB,out,none,white,bars_caps,yes,open,small,na,UNKNOWN,none,na,na,0,monochrome_black,na,na,upper,bold,much_larger,sans,regular,no,stars,yes,no,normal,45,square,high,bars hang downward from a zero line at the top (negative zeta potential); asterisk brackets below the axis line,PRIVATE_REFERENCE_ONLY/corpus/PMC13564813/figures/Fig2.webp,science_1
PMC13564813,Science Advances,Science,2,F,bar,LB,out,none,white,bars_caps,yes,open,small,na,UNKNOWN,none,na,na,0,monochrome_black,na,na,upper,bold,much_larger,sans,regular,no,none,no,no,normal,45,wide,high,two sub-plots with broken y axes; the numeric value is printed above each bar instead of significance marks; group headings with rules above the bars,PRIVATE_REFERENCE_ONLY/corpus/PMC13564813/figures/Fig2.webp,science_1
PMC13564813,Science Advances,Science,2,G,grouped_bar,LB,out,none,white,bars_caps,yes,open,small,na,UNKNOWN,inside,no,3,3,pastel,na,na,upper,bold,much_larger,sans,regular,no,stars,yes,no,normal,0,wide,high,"teal/pink/orange grouped bars, unframed legend inside upper left, asterisks on short brackets",PRIVATE_REFERENCE_ONLY/corpus/PMC13564813/figures/Fig2.webp,science_1
PMC13564813,Science Advances,Science,2,H,bar,LB,out,none,white,bars_caps,yes,open,small,na,UNKNOWN,none,na,na,4,pastel,na,na,upper,bold,much_larger,sans,regular,yes,stars,yes,no,normal,45,tall,high,"four pastel bars (teal, blue, pink, orange) with open circle points and stacked asterisk brackets; title above the axes",PRIVATE_REFERENCE_ONLY/corpus/PMC13564813/figures/Fig2.webp,science_1
PMC13564813,Science Advances,Science,2,I,bar,LB,out,none,white,bars_caps,yes,open,small,na,UNKNOWN,none,na,na,4,pastel,na,na,upper,bold,much_larger,sans,regular,yes,stars,yes,no,normal,45,tall,high,"four pastel bars (teal, blue, pink, orange) with open circle points and stacked asterisk brackets; title above the axes",PRIVATE_REFERENCE_ONLY/corpus/PMC13564813/figures/Fig2.webp,science_1
PMC13564813,Science Advances,Science,3,B,grouped_bar,LB,out,none,white,bars_caps,no,na,small,na,UNKNOWN,outside_top,no,4,4,pastel,na,na,upper,bold,much_larger,sans,regular,no,stars,yes,no,normal,0,wide,high,grouped bars per organ with capped SEM; two-column legend above the panel; broken y axis in panel B; small asterisks over individual groups,PRIVATE_REFERENCE_ONLY/corpus/PMC13564813/figures/Fig3.webp,science_1
PMC13564813,Science Advances,Science,3,D,grouped_bar,LB,out,none,white,bars_caps,no,na,small,na,UNKNOWN,outside_top,no,4,4,pastel,na,na,upper,bold,much_larger,sans,regular,no,stars,yes,no,normal,0,wide,high,grouped bars per organ with capped SEM; two-column legend above the panel; broken y axis in panel B; small asterisks over individual groups,PRIVATE_REFERENCE_ONLY/corpus/PMC13564813/figures/Fig3.webp,science_1
PMC13564813,Science Advances,Science,3,E,bar,LB,out,none,white,bars_caps,yes,open,small,na,UNKNOWN,none,na,na,4,pastel,na,na,upper,bold,much_larger,sans,regular,no,stars,yes,no,normal,45,tall,high,pastel bars with open circle points and capped SEM; stacked comparison brackets; panel H has a broken y axis and prints exact p values,PRIVATE_REFERENCE_ONLY/corpus/PMC13564813/figures/Fig3.webp,science_1
PMC13564813,Science Advances,Science,3,F,bar,LB,out,none,white,bars_caps,yes,open,small,na,UNKNOWN,none,na,na,4,pastel,na,na,upper,bold,much_larger,sans,regular,no,stars,yes,no,normal,45,tall,high,pastel bars with open circle points and capped SEM; stacked comparison brackets; panel H has a broken y axis and prints exact p values,PRIVATE_REFERENCE_ONLY/corpus/PMC13564813/figures/Fig3.webp,science_1
PMC13564813,Science Advances,Science,3,G,bar,LB,out,none,white,bars_caps,yes,open,small,na,UNKNOWN,none,na,na,4,pastel,na,na,upper,bold,much_larger,sans,regular,no,stars,yes,no,normal,45,tall,high,pastel bars with open circle points and capped SEM; stacked comparison brackets; panel H has a broken y axis and prints exact p values,PRIVATE_REFERENCE_ONLY/corpus/PMC13564813/figures/Fig3.webp,science_1
PMC13564813,Science Advances,Science,3,H,bar,LB,out,none,white,bars_caps,yes,open,small,na,UNKNOWN,none,na,na,4,pastel,na,na,upper,bold,much_larger,sans,regular,no,p_values,yes,no,normal,45,tall,high,pastel bars with open circle points and capped SEM; stacked comparison brackets; panel H has a broken y axis and prints exact p values,PRIVATE_REFERENCE_ONLY/corpus/PMC13564813/figures/Fig3.webp,science_1
PMC13564813,Science Advances,Science,4,C,bar,LB,out,none,white,bars_caps,yes,open,small,na,UNKNOWN,none,na,na,3,pastel,na,na,upper,bold,much_larger,sans,regular,yes,stars,yes,no,normal,45,wide,high,"lettered panel contains three bar sub-plots individually labelled Ca/Cb/Cc and titled with the time point; teal/violet solid and hatched fills, open circle points, stacked asterisk brackets",PRIVATE_REFERENCE_ONLY/corpus/PMC13564813/figures/Fig4.webp,science_1
PMC13564813,Science Advances,Science,4,D,bar,LB,out,none,white,bars_caps,yes,open,small,na,UNKNOWN,none,na,na,3,pastel,na,na,upper,bold,much_larger,sans,regular,yes,stars,yes,no,normal,45,wide,high,"lettered panel contains three bar sub-plots individually labelled Da/Db/Dc and titled with the time point; teal/violet solid and hatched fills, open circle points, stacked asterisk brackets",PRIVATE_REFERENCE_ONLY/corpus/PMC13564813/figures/Fig4.webp,science_1
PMC13564813,Science Advances,Science,4,F,bar,LB,out,none,white,bars_caps,yes,open,small,na,UNKNOWN,none,na,na,4,pastel,na,na,upper,bold,much_larger,sans,regular,no,stars,yes,no,normal,45,tall,high,four pastel bars with open circle points and two asterisk brackets,PRIVATE_REFERENCE_ONLY/corpus/PMC13564813/figures/Fig4.webp,science_1
PMC13564813,Science Advances,Science,4,G,bar,LB,out,none,white,bars_caps,no,na,small,na,UNKNOWN,none,na,na,4,pastel,na,na,upper,bold,much_larger,sans,regular,no,stars,yes,no,normal,45,wide,high,two bar sub-plots without individual points; long stacked asterisk brackets; grey control bar plus three pastel treatment bars,PRIVATE_REFERENCE_ONLY/corpus/PMC13564813/figures/Fig4.webp,science_1
PMC13564824,Science Advances,Science,1,B,other_quant,none,none,none,other,na,na,na,na,hairline,UNKNOWN,none,na,na,2,mixed,viridis_like,na,upper,bold,much_larger,sans,regular,no,none,no,no,sparse,na,wide,medium,stacked recording traces: viridis-like EEG spectrogram above black EMG and red calcium traces; vertical scale bars and a time scale bar instead of axes; coloured vertical bands mark sleep states,PRIVATE_REFERENCE_ONLY/corpus/PMC13564824/figures/Fig1.webp,science_1
PMC13564824,Science Advances,Science,1,C,violin,LB,out,none,white,none,no,na,na,regular,UNKNOWN,none,na,na,4,saturated,na,na,upper,bold,much_larger,sans,regular,no,stars,yes,no,normal,45,square,high,"unfilled violins with coloured outlines, solid median and dashed quartile lines inside; four stacked brackets with asterisks or ns",PRIVATE_REFERENCE_ONLY/corpus/PMC13564824/figures/Fig1.webp,science_1
PMC13564824,Science Advances,Science,1,D,bar,LB,out,none,white,bars_caps,no,na,na,na,UNKNOWN,none,na,na,2,muted,na,na,upper,bold,much_larger,sans,regular,no,stars,no,no,normal,45,square,high,grey baseline bar plus seven blue bars; asterisks or ns printed directly above each bar without brackets,PRIVATE_REFERENCE_ONLY/corpus/PMC13564824/figures/Fig1.webp,science_1
PMC13564824,Science Advances,Science,1,E,scatter_regression,LB,out,none,white,band,na,filled,medium,regular,UNKNOWN,none,na,na,1,greys,na,na,upper,bold,much_larger,sans,regular,no,none,no,no,normal,0,square,high,semi-transparent grey circles with a red regression line and pink confidence band,PRIVATE_REFERENCE_ONLY/corpus/PMC13564824/figures/Fig1.webp,science_1
PMC13564824,Science Advances,Science,1,F,line,LB,out,none,white,bars_caps,na,filled,small,hairline,UNKNOWN,none,na,na,3,saturated,na,na,upper,bold,much_larger,sans,regular,no,stars,yes,no,normal,45,square,medium,paired-line plot: many thin grey lines per cell with a short coloured mean marker and error bar at each x position; three stacked asterisk brackets,PRIVATE_REFERENCE_ONLY/corpus/PMC13564824/figures/Fig1.webp,science_1
PMC13564824,Science Advances,Science,1,G,line_band,LB,out,none,white,band,na,na,na,regular,UNKNOWN,none,na,na,0,monochrome_black,na,na,upper,bold,much_larger,sans,regular,yes,none,no,no,normal,0,wide,high,four titled event-triggered average sub-plots: black mean line with grey SEM band and a dotted vertical line at time zero,PRIVATE_REFERENCE_ONLY/corpus/PMC13564824/figures/Fig1.webp,science_1
PMC13564824,Science Advances,Science,2,B,other_quant,none,none,none,other,na,na,na,na,hairline,UNKNOWN,none,na,na,0,monochrome_black,viridis_like,na,upper,bold,much_larger,sans,regular,no,none,no,no,sparse,na,wide,medium,"EEG spectrogram in a viridis-like map above black EMG and sensor traces; only vertical scale bars and a 10 min scale bar, no axes; grey/green shaded vertical bands mark sleep states",PRIVATE_REFERENCE_ONLY/corpus/PMC13564824/figures/Fig2.webp,science_1
PMC13564824,Science Advances,Science,2,C,scatter_regression,LB,out,none,white,band,na,filled,medium,regular,UNKNOWN,none,na,na,1,greys,na,na,upper,bold,much_larger,sans,regular,no,none,no,no,normal,0,square,high,semi-transparent grey circles with a red fit line and pink confidence band,PRIVATE_REFERENCE_ONLY/corpus/PMC13564824/figures/Fig2.webp,science_1
PMC13564824,Science Advances,Science,2,D,dot_strip,LB,out,none,white,none,na,open,medium,hairline,UNKNOWN,none,na,na,3,mixed,na,na,upper,bold,much_larger,sans,regular,no,stars,yes,no,normal,45,tall,high,paired open circles in three colours joined by thin grey lines; three stacked horizontal comparison bars carrying asterisks,PRIVATE_REFERENCE_ONLY/corpus/PMC13564824/figures/Fig2.webp,science_1
PMC13564824,Science Advances,Science,2,E,line_band,LB,out,none,white,band,na,na,na,regular,UNKNOWN,none,na,na,0,monochrome_black,na,na,upper,bold,much_larger,sans,regular,yes,none,no,no,normal,0,wide,high,"four titled transition-averaged sub-plots: black mean with grey SD band, dashed vertical line at zero, y axis labelled only 0 and 1",PRIVATE_REFERENCE_ONLY/corpus/PMC13564824/figures/Fig2.webp,science_1
PMC13564824,Science Advances,Science,3,B,dot_strip,LB,out,none,white,none,na,open,medium,hairline,UNKNOWN,none,na,na,2,mixed,na,na,upper,bold,much_larger,sans,regular,no,stars,yes,no,normal,45,tall,high,"before/after paired plot: black and red open circles joined by thin grey lines, single horizontal comparison bar with ns or an asterisk above",PRIVATE_REFERENCE_ONLY/corpus/PMC13564824/figures/Fig3.webp,science_1
PMC13564824,Science Advances,Science,3,C,dot_strip,LB,out,none,white,none,na,open,medium,hairline,UNKNOWN,none,na,na,2,mixed,na,na,upper,bold,much_larger,sans,regular,no,stars,yes,no,normal,45,tall,high,"before/after paired plot: black and red open circles joined by thin grey lines, single horizontal comparison bar with ns or an asterisk above",PRIVATE_REFERENCE_ONLY/corpus/PMC13564824/figures/Fig3.webp,science_1
PMC13564824,Science Advances,Science,3,D,other_quant,none,none,none,white,na,na,na,na,hairline,UNKNOWN,none,na,na,0,monochrome_black,na,na,upper,bold,much_larger,sans,regular,yes,none,no,no,sparse,na,wide,medium,stacked calcium traces for four processes and the soma under two condition headings; vertical and 60 s scale bars instead of axes; row labels at the left,PRIVATE_REFERENCE_ONLY/corpus/PMC13564824/figures/Fig3.webp,science_1
PMC13564824,Science Advances,Science,3,F,other_quant,none,none,none,white,na,na,na,na,hairline,UNKNOWN,none,na,na,0,monochrome_black,na,na,upper,bold,much_larger,sans,regular,yes,none,no,no,sparse,na,wide,medium,stacked calcium traces for four processes and the soma under two condition headings; vertical and 60 s scale bars instead of axes; row labels at the left,PRIVATE_REFERENCE_ONLY/corpus/PMC13564824/figures/Fig3.webp,science_1
PMC13564824,Science Advances,Science,3,E,dot_strip,LB,out,none,white,none,na,open,medium,hairline,UNKNOWN,none,na,na,2,mixed,na,na,upper,bold,much_larger,sans,regular,no,stars,yes,no,normal,45,wide,high,two paired before/after sub-plots (events and amplitude) with black and red open circles joined by grey lines and a horizontal bar carrying *** or ns,PRIVATE_REFERENCE_ONLY/corpus/PMC13564824/figures/Fig3.webp,science_1
PMC13564824,Science Advances,Science,3,G,dot_strip,LB,out,none,white,none,na,open,medium,hairline,UNKNOWN,none,na,na,2,mixed,na,na,upper,bold,much_larger,sans,regular,no,stars,yes,no,normal,45,wide,high,two paired before/after sub-plots (events and amplitude) with black and red open circles joined by grey lines and a horizontal bar carrying *** or ns,PRIVATE_REFERENCE_ONLY/corpus/PMC13564824/figures/Fig3.webp,science_1
PMC13564827,Science Advances,Science,1,,non-quantitative,,,,,,,,,,,,,,,,,,,,,,,,,,,,,,medium,caption describes schematics of the fabrication concept; skipped from the caption as non-quantitative,PRIVATE_REFERENCE_ONLY/corpus/PMC13564827/figures/Fig1.webp,science_1
PMC13564827,Science Advances,Science,2,B,bar,box,out,none,white,bars_caps,no,na,na,na,UNKNOWN,none,na,na,2,muted,na,na,upper,bold,much_larger,sans,regular,no,none,no,no,normal,0,wide,medium,"bar plot under a grid of SEM images inside the same lettered panel; dark and light blue bars with capped SD, boxed axes",PRIVATE_REFERENCE_ONLY/corpus/PMC13564827/figures/Fig2.webp,science_1
PMC13564827,Science Advances,Science,2,C,line,box,out,none,white,none,na,na,na,regular,UNKNOWN,none,na,na,0,monochrome_black,rainbow,right,upper,bold,much_larger,sans,regular,no,none,no,no,normal,0,square,medium,"lettered panel has sub-labels a-c: a is a table/diagram, b shows simulation renderings with two vertical rainbow colourbars at the right, c is a single black curve in a boxed frame; style recorded mainly for sub-plot c",PRIVATE_REFERENCE_ONLY/corpus/PMC13564827/figures/Fig2.webp,science_1
PMC13564827,Science Advances,Science,3,A,scatter,LB,out,none,white,none,na,filled,medium,na,UNKNOWN,inside,no,3,3,saturated,na,na,upper,bold,much_larger,sans,regular,no,none,no,no,normal,0,square,high,red/blue/green filled circles with a broken x axis; legend and a small device sketch inside the upper right,PRIVATE_REFERENCE_ONLY/corpus/PMC13564827/figures/Fig3.webp,science_1
PMC13564827,Science Advances,Science,3,B,scatter,LB,out,none,white,none,na,filled,medium,na,UNKNOWN,inside,no,6,6,sequential,na,na,upper,bold,much_larger,sans,regular,no,none,no,no,normal,0,square,high,six series on a light-to-dark blue ramp; legend entries stacked inside the upper left with subscripted labels,PRIVATE_REFERENCE_ONLY/corpus/PMC13564827/figures/Fig3.webp,science_1
PMC13564827,Science Advances,Science,3,D,line,LB,out,none,white,none,na,na,na,regular,UNKNOWN,inside,no,5,5,saturated,na,na,upper,bold,much_larger,sans,regular,no,none,no,no,normal,0,square,high,"five hysteresis loops, unframed legend inside the upper left",PRIVATE_REFERENCE_ONLY/corpus/PMC13564827/figures/Fig3.webp,science_1
PMC13564827,Science Advances,Science,3,E,grouped_bar,LB,out,none,white,none,no,na,na,na,UNKNOWN,inside,no,3,3,saturated,na,na,upper,bold,much_larger,sans,regular,no,none,no,no,normal,0,square,high,red/blue/green grouped bars with no error bars; legend inside upper left and a small device sketch inside upper right,PRIVATE_REFERENCE_ONLY/corpus/PMC13564827/figures/Fig3.webp,science_1
PMC13564827,Science Advances,Science,3,F,line,LB,out,none,white,none,na,na,na,hairline,UNKNOWN,inside,no,5,5,saturated,na,na,upper,bold,much_larger,sans,regular,no,none,no,no,normal,0,square,high,five dense oscillating cycling traces; unframed legend inside the middle left,PRIVATE_REFERENCE_ONLY/corpus/PMC13564827/figures/Fig3.webp,science_1
PMC13564827,Science Advances,Science,3,H,scatter,LB,out,none,white,none,na,filled,medium,na,UNKNOWN,inside,no,4,2,mixed,na,na,upper,bold,much_larger,sans,regular,no,none,no,no,normal,0,square,high,"twin y axes with the right axis, its ticks and its label all drawn in red; filled blue and open red circle/triangle markers keyed in a two-column legend inside the top",PRIVATE_REFERENCE_ONLY/corpus/PMC13564827/figures/Fig3.webp,science_1
PMC13564827,Science Advances,Science,3,I,scatter,LB,out,none,white,none,na,filled,medium,na,UNKNOWN,inside,no,4,2,mixed,na,na,upper,bold,much_larger,sans,regular,no,none,no,no,normal,0,square,high,"twin y axes with the right axis, its ticks and its label all drawn in red; filled blue and open red circle/triangle markers keyed in a two-column legend inside the top",PRIVATE_REFERENCE_ONLY/corpus/PMC13564827/figures/Fig3.webp,science_1
PMC13564827,Science Advances,Science,3,J,line,LB,out,none,white,none,na,filled,small,regular,UNKNOWN,inside,no,5,3,saturated,other,right,upper,bold,much_larger,sans,regular,no,none,no,no,normal,0,square,medium,"lettered panel with sub-labels a and b: a is a row of thermal images with a vertical inferno-like colourbar, b is a line plot whose three colours encode power and two marker shapes encode condition, keyed by two small legends inside",PRIVATE_REFERENCE_ONLY/corpus/PMC13564827/figures/Fig3.webp,science_1
PMC13564832,Science Advances,Science,1,,other_quant,,,,,,,,,,,,,,,,,,,,,,,,,,,,,,low,UNKNOWN because the only local file is a ~200 px thumbnail; no style fact readable,PRIVATE_REFERENCE_ONLY/corpus/PMC13564832/figures/Fig1.gif,science_1
PMC13564832,Science Advances,Science,2,,other_quant,,,,,,,,,,,,,,,,,,,,,,,,,,,,,,low,UNKNOWN because the only local file is a ~200 px thumbnail; no style fact readable,PRIVATE_REFERENCE_ONLY/corpus/PMC13564832/figures/Fig2.gif,science_1
PMC13564832,Science Advances,Science,5,,other_quant,,,,,,,,,,,,,,,,,,,,,,,,,,,,,,low,UNKNOWN because the only local file is a ~200 px thumbnail; no style fact readable,PRIVATE_REFERENCE_ONLY/corpus/PMC13564832/figures/Fig5.gif,science_1
PMC13564832,Science Advances,Science,3,A,histogram_density,box,out,major,white,none,na,na,na,na,UNKNOWN,inside,yes,1,1,muted,na,na,upper,bold,much_larger,sans,regular,no,none,no,no,normal,0,wide,high,"matplotlib default look: boxed axes, dashed grey major grid, light blue histogram bars with darker edges, log x axis, framed legend inside the upper left",PRIVATE_REFERENCE_ONLY/corpus/PMC13564832/figures/Fig3.webp,science_1
PMC13564832,Science Advances,Science,3,B,dot_strip,box,out,major,white,none,na,filled,medium,na,UNKNOWN,outside_top,yes,3,3,mixed,na,na,upper,bold,much_larger,sans,regular,no,none,no,no,normal,0,square,high,blue/grey/red filled circles in vertical strips with a framed three-entry legend above the axes; a numbered list of equations sits below the plot inside the same lettered panel; y axis uses a x10^3 offset label,PRIVATE_REFERENCE_ONLY/corpus/PMC13564832/figures/Fig3.webp,science_1
PMC13564832,Science Advances,Science,3,C,bar,box,out,major,white,none,no,na,na,na,UNKNOWN,inside,no,3,3,muted,na,na,upper,bold,much_larger,sans,regular,no,none,no,no,normal,45,wide,high,bars coloured by number of free parameters with the value printed above every bar; dashed grey horizontal grid; legend inside the upper area,PRIVATE_REFERENCE_ONLY/corpus/PMC13564832/figures/Fig3.webp,science_1
PMC13564832,Science Advances,Science,3,D,line,box,out,major,white,none,na,open,small,regular,UNKNOWN,inside,yes,8,8,saturated,na,na,upper,bold,much_larger,sans,regular,no,none,no,no,normal,0,wide,high,"two sub-plots, each with the material name printed inside the upper left and a framed two-column legend inside the lower right; observations are open triangles, model fits are dash-dot coloured lines",PRIVATE_REFERENCE_ONLY/corpus/PMC13564832/figures/Fig3.webp,science_1
PMC13564832,Science Advances,Science,3,E,line,box,out,major,white,none,na,open,small,regular,UNKNOWN,inside,yes,5,5,saturated,na,na,upper,bold,much_larger,sans,regular,no,none,no,no,normal,0,wide,high,"two sub-plots, each with the material name printed inside the upper left and a framed two-column legend inside the lower right; observations are open triangles, model fits are dash-dot coloured lines",PRIVATE_REFERENCE_ONLY/corpus/PMC13564832/figures/Fig3.webp,science_1
PMC13564832,Science Advances,Science,4,A,line,box,out,major,white,none,na,filled,small,regular,UNKNOWN,inside,yes,8,8,saturated,na,na,upper,bold,much_larger,sans,regular,no,none,no,no,normal,0,wide,high,two sub-plots of filled triangle observations with dashed model curves in matching colours; framed legend inside the lower right of each,PRIVATE_REFERENCE_ONLY/corpus/PMC13564832/figures/Fig4.webp,science_1
PMC13564832,Science Advances,Science,4,B,grouped_bar,box,out,major,white,none,no,na,na,na,UNKNOWN,inside,no,3,3,muted,na,na,upper,bold,much_larger,sans,regular,no,none,no,no,normal,45,square,high,"three grouped bars per strain rate, no error bars, dashed grey horizontal grid, legend inside the upper left",PRIVATE_REFERENCE_ONLY/corpus/PMC13564832/figures/Fig4.webp,science_1
PMC13564832,Science Advances,Science,4,C,scatter_regression,box,out,major,white,none,na,filled,small,regular,UNKNOWN,inside,yes,5,5,saturated,na,na,upper,bold,much_larger,sans,regular,yes,none,no,no,normal,0,wide,high,three titled sub-plots (R2 written into each title) with filled triangle data and dashed fitted curves; framed legend inside the lower right of each,PRIVATE_REFERENCE_ONLY/corpus/PMC13564832/figures/Fig4.webp,science_1
PMC13564832,Science Advances,Science,6,A,scatter,box,out,major,white,none,na,mixed,small,regular,UNKNOWN,inside,yes,6,6,saturated,na,na,upper,bold,much_larger,sans,regular,yes,none,no,no,normal,0,wide,medium,"four training-data scatter sub-plots with framed two-column legends inside the upper left plus a larger test-data plot with open markers, solid fits and RMSE/R2 printed in bold inside the axes; a boxed equation sits between them",PRIVATE_REFERENCE_ONLY/corpus/PMC13564832/figures/Fig6.webp,science_1
PMC13564832,Science Advances,Science,6,B,dot_strip,box,out,major,white,none,na,filled,medium,na,UNKNOWN,inside,yes,3,3,mixed,na,na,upper,bold,much_larger,sans,regular,no,none,no,no,normal,0,square,high,blue/grey/red loss points per candidate equation with a framed legend inside the upper left,PRIVATE_REFERENCE_ONLY/corpus/PMC13564832/figures/Fig6.webp,science_1
PMC13564832,Science Advances,Science,6,C,bar,box,out,major,white,none,no,na,na,na,UNKNOWN,none,na,na,6,saturated,na,na,upper,bold,much_larger,sans,regular,no,none,no,no,normal,45,square,high,"one colour per model from the default matplotlib cycle, value printed above each bar, dashed grey horizontal grid",PRIVATE_REFERENCE_ONLY/corpus/PMC13564832/figures/Fig6.webp,science_1
PMC13564832,Science Advances,Science,6,D,scatter_regression,box,out,major,white,none,na,open,medium,regular,UNKNOWN,inside,yes,4,4,saturated,na,na,upper,bold,much_larger,sans,regular,no,none,no,no,normal,0,wide,high,four sub-plots of open markers with dashed fitted trends; framed two-column legends inside the top; the last sub-plot has a zoom inset in a dashed red box,PRIVATE_REFERENCE_ONLY/corpus/PMC13564832/figures/Fig6.webp,science_1
PMC13564844,Science Advances,Science,1,A,box,box,out,major,white,box_whisker,yes,filled,small,hairline,UNKNOWN,inside,yes,4,2,muted,na,na,upper,bold,much_larger,sans,regular,no,p_values,yes,no,normal,0,wide,high,"two sub-plots sharing a y axis; pale-filled boxes with a blue median line and a green x for the mean, individual points joined by thin grey lines; long horizontal brackets above carrying 'ns, P = ...' or '*, P = ...'; framed legend inside the lower left of panel A only",PRIVATE_REFERENCE_ONLY/corpus/PMC13564844/figures/Fig1.webp,science_1
PMC13564844,Science Advances,Science,1,B,box,box,out,major,white,box_whisker,yes,filled,small,hairline,UNKNOWN,none,na,na,2,muted,na,na,upper,bold,much_larger,sans,regular,no,p_values,yes,no,normal,0,wide,high,"two sub-plots sharing a y axis; pale-filled boxes with a blue median line and a green x for the mean, individual points joined by thin grey lines; long horizontal brackets above carrying 'ns, P = ...' or '*, P = ...'; framed legend inside the lower left of panel A only",PRIVATE_REFERENCE_ONLY/corpus/PMC13564844/figures/Fig1.webp,science_1
PMC13564844,Science Advances,Science,1,C,heatmap,box,out,major,white,na,na,na,na,na,UNKNOWN,none,na,na,0,sequential,other,right,upper,bold,much_larger,sans,regular,yes,none,no,no,normal,0,wide,medium,"2D binned-count maps drawn as square cells on a log x axis; an unframed 'Example' sub-plot with dotted annotation ellipses at the left, then two titled sub-plots; each sub-plot uses its own single-hue ramp; one shared discrete colourbar with class labels (0, 1-5, 5-10, 10-100, >100) at the far right of the figure; black zero and -50% reference lines",PRIVATE_REFERENCE_ONLY/corpus/PMC13564844/figures/Fig1.webp,science_1
PMC13564844,Science Advances,Science,1,D,heatmap,box,out,major,white,na,na,na,na,na,UNKNOWN,none,na,na,0,sequential,other,right,upper,bold,much_larger,sans,regular,yes,none,no,no,normal,0,wide,medium,"2D binned-count maps drawn as square cells on a log x axis; six sub-plots in two rows, each tagged by a boxed label in its top right; each sub-plot uses its own single-hue ramp; one shared discrete colourbar with class labels (0, 1-5, 5-10, 10-100, >100) at the far right of the figure; black zero and -50% reference lines",PRIVATE_REFERENCE_ONLY/corpus/PMC13564844/figures/Fig1.webp,science_1
PMC13564844,Science Advances,Science,2,A,line,box,out,major,white,none,na,na,na,regular,UNKNOWN,inside,yes,3,3,saturated,na,na,upper,bold,much_larger,sans,regular,no,none,no,no,normal,0,wide,high,"two stacked genome-position line sub-plots sharing an x axis, with a two-track chromosome ideogram bar above; framed legend inside the upper right of the top sub-plot; dashed vertical markers with boxed size annotations and circled numbers above the axes; grey horizontal major grid",PRIVATE_REFERENCE_ONLY/corpus/PMC13564844/figures/Fig2.webp,science_1
PMC13564844,Science Advances,Science,2,B,line,box,out,major,white,none,na,na,na,regular,UNKNOWN,inside,yes,3,3,saturated,na,na,upper,bold,much_larger,sans,regular,no,none,no,no,normal,0,wide,high,"two stacked genome-position line sub-plots sharing an x axis, with a two-track chromosome ideogram bar above; framed legend inside the upper right of the top sub-plot; dashed vertical markers with boxed size annotations and circled numbers above the axes; grey horizontal major grid",PRIVATE_REFERENCE_ONLY/corpus/PMC13564844/figures/Fig2.webp,science_1
PMC13564844,Science Advances,Science,3,A,line,box,out,major,white,none,na,na,na,regular,UNKNOWN,inside,yes,3,3,saturated,na,na,upper,bold,much_larger,sans,regular,no,none,no,no,normal,0,tall,high,four stacked line sub-plots sharing one x axis; framed legends inside individual sub-plots; horizontal span bar labelled with the event size; small chromosome cartoon printed next to the x axis label; grey horizontal major grid,PRIVATE_REFERENCE_ONLY/corpus/PMC13564844/figures/Fig3.webp,science_1
PMC13564844,Science Advances,Science,3,B,line,box,out,major,white,none,na,na,na,regular,UNKNOWN,inside,yes,3,3,saturated,na,na,upper,bold,much_larger,sans,regular,no,none,no,no,normal,0,tall,high,four stacked line sub-plots sharing one x axis; framed legends inside individual sub-plots; horizontal span bar labelled with the event size; small chromosome cartoon printed next to the x axis label; grey horizontal major grid,PRIVATE_REFERENCE_ONLY/corpus/PMC13564844/figures/Fig3.webp,science_1
PMC13564844,Science Advances,Science,3,C,line,box,out,major,white,none,na,na,na,regular,UNKNOWN,inside,yes,3,3,saturated,na,na,upper,bold,much_larger,sans,regular,no,none,no,no,normal,0,tall,high,four stacked line sub-plots sharing one x axis; framed legends inside individual sub-plots; horizontal span bar labelled with the event size; small chromosome cartoon printed next to the x axis label; grey horizontal major grid,PRIVATE_REFERENCE_ONLY/corpus/PMC13564844/figures/Fig3.webp,science_1
PMC13564844,Science Advances,Science,3,D,line,box,out,major,white,none,na,na,na,regular,UNKNOWN,inside,yes,3,3,saturated,na,na,upper,bold,much_larger,sans,regular,no,none,no,no,normal,0,tall,high,four stacked line sub-plots sharing one x axis; framed legends inside individual sub-plots; horizontal span bar labelled with the event size; small chromosome cartoon printed next to the x axis label; grey horizontal major grid,PRIVATE_REFERENCE_ONLY/corpus/PMC13564844/figures/Fig3.webp,science_1
PMC13564827,Science Advances,Science,4,A,scatter,box,out,none,white,none,na,filled,medium,na,UNKNOWN,inside,no,2,2,saturated,na,na,upper,bold,much_larger,sans,regular,no,none,no,no,normal,0,wide,high,"lettered panel has sub-labels a-d: a is a schematic, b a device photograph, c and d are scatter plots with blue and red filled circles, unframed two-entry legends inside the upper left, wide translucent blue/red highlight bands behind the data in c and small micrograph insets placed inside the axes",PRIVATE_REFERENCE_ONLY/corpus/PMC13564827/figures/Fig4.webp,science_1
PMC13564827,Science Advances,Science,4,E,line,box,out,none,white,none,na,mixed,medium,regular,UNKNOWN,inside,no,2,2,saturated,other,right,upper,bold,much_larger,sans,regular,no,none,no,no,normal,0,square,medium,sub-label b is a line plot with filled and open circle markers in two colours keyed by a two-column legend inside the upper left; sub-label a of the same lettered panel is a set of thermal images with a vertical inferno-like colourbar,PRIVATE_REFERENCE_ONLY/corpus/PMC13564827/figures/Fig4.webp,science_1
