cell_id	x	y	cell_type	neighborhood	image	patient	CD8	CD68	Ki67	CD4
reg052_B_00000	360	852	granulocytes	CN1	reg052_B	26	1029.34	1361.07	60.1	585.78
reg052_B_00001	370	808	granulocytes	CN5	reg052_B	26	438.51	969.22	36.13	241.63
reg052_B_00002	459	570	granulocytes	CN7	reg052_B	26	182.91	1775.78	6.57	779.53
reg052_B_00003	527	1046	granulocytes	CN8	reg052_B	26	123.8	694.54	0.0	330.08
reg052_B_00004	589	1339	granulocytes	CN5	reg052_B	26	18.53	2798.53	12.79	307.27
reg052_B_00005	650	61	granulocytes	CN8	reg052_B	26	228.06	32.05	0.0	145.9
reg052_B_00006	712	785	granulocytes	CN5	reg052_B	26	129.7	395.4	17.38	255.54
reg052_B_00007	787	893	granulocytes	CN5	reg052_B	26	522.87	2981.15	4.76	531.58
reg052_B_00008	756	1337	granulocytes	CN5	reg052_B	26	0.0	747.84	818.52	1112.17
reg052_B_00009	794	907	granulocytes	CN5	reg052_B	26	498.4	2174.72	8.68	605.51
reg052_B_00010	823	1333	granulocytes	CN5	reg052_B	26	210.78	1043.78	16.34	503.2
reg052_B_00011	976	125	granulocytes	CN8	reg052_B	26	144.66	726.25	15.68	165.23
reg052_B_00012	1042	264	granulocytes	CN8	reg052_B	26	78.35	2743.18	0.0	1131.54
reg052_B_00013	1101	43	granulocytes	CN8	reg052_B	26	120.22	371.04	5.57	243.33
reg052_B_00014	1123	48	granulocytes	CN8	reg052_B	26	0.0	852.38	11.03	43.91
reg052_B_00015	1113	1265	granulocytes	CN5	reg052_B	26	885.29	1898.47	28.73	35.41
reg052_B_00016	1890	419	granulocytes	CN5	reg052_B	26	329.36	45.26	17.9	29.46
reg052_B_00017	245	628	vasculature	CN8	reg052_B	26	0.0	442.07	0.0	242.01
reg052_B_00018	257	659	vasculature	CN8	reg052_B	26	0.0	310.95	0.0	351.28
reg052_B_00019	275	653	vasculature	CN8	reg052_B	26	561.04	184.67	22.85	45.25
reg052_B_00020	299	712	vasculature	CN5	reg052_B	26	1036.59	0.0	16.55	297.46
reg052_B_00021	288	697	vasculature	CN5	reg052_B	26	0.0	562.58	2.23	281.94
reg052_B_00022	352	1118	vasculature	CN7	reg052_B	26	0.0	580.34	115.12	0.0
reg052_B_00023	379	1045	vasculature	CN7	reg052_B	26	0.0	0.0	0.0	0.0
reg052_B_00024	557	950	vasculature	CN5	reg052_B	26	118.2	274.68	9.21	132.47
reg052_B_00025	570	968	vasculature	CN5	reg052_B	26	399.59	403.16	18.23	283.17
reg052_B_00026	588	1098	vasculature	CN4	reg052_B	26	205.22	312.93	83.25	162.83
reg052_B_00027	582	1042	vasculature	CN8	reg052_B	26	175.45	545.18	16.54	305.33
reg052_B_00028	631	1118	vasculature	CN4	reg052_B	26	570.12	473.04	12.76	365.57
reg052_B_00029	646	1082	vasculature	CN4	reg052_B	26	239.73	588.05	19.7	362.34
reg052_B_00030	667	1053	vasculature	CN5	reg052_B	26	402.02	77.65	14.77	312.07
reg052_B_00031	745	1310	vasculature	CN1	reg052_B	26	0.0	0.09	329.13	83.27
reg052_B_00032	764	1329	vasculature	CN5	reg052_B	26	3850.14	133.32	0.0	415.02
reg052_B_00033	767	1417	vasculature	CN5	reg052_B	26	388.24	132.84	696.32	357.94
reg052_B_00034	786	1432	vasculature	CN7	reg052_B	26	256.96	448.83	0.0	240.64
reg052_B_00035	882	43	vasculature	CN4	reg052_B	26	0.0	352.31	9.42	149.3
reg052_B_00036	814	1420	vasculature	CN5	reg052_B	26	483.71	778.94	43.96	370.71
reg052_B_00037	824	1439	vasculature	CN1	reg052_B	26	355.87	510.41	1.41	312.5
reg052_B_00038	882	246	vasculature	CN4	reg052_B	26	81.19	0.0	38.21	62.96
reg052_B_00039	902	201	vasculature	CN4	reg052_B	26	22.68	198.44	16.38	225.08
reg052_B_00040	900	236	vasculature	CN4	reg052_B	26	251.84	1279.39	0.0	385.72
reg052_B_00041	910	269	vasculature	CN7	reg052_B	26	27.46	236.15	0.0	284.31
reg052_B_00042	909	297	vasculature	CN7	reg052_B	26	0.0	65.52	627.38	151.65
reg052_B_00043	850	1324	vasculature	CN1	reg052_B	26	0.0	0.0	14.75	855.27
reg052_B_00044	994	201	vasculature	CN8	reg052_B	26	963.22	157.35	27.3	204.68
reg052_B_00045	968	926	vasculature	CN5	reg052_B	26	315.33	412.82	16.45	242.85
reg052_B_00046	1012	230	vasculature	CN1	reg052_B	26	45.58	163.77	0.0	188.33
reg052_B_00047	1005	553	vasculature	CN7	reg052_B	26	372.02	180.99	134.23	166.75
reg052_B_00048	980	1260	vasculature	CN1	reg052_B	26	0.0	46.9	0.5	494.58
reg052_B_00049	1010	676	vasculature	CN8	reg052_B	26	310.27	290.24	11.49	242.67
reg052_B_00050	1014	1150	vasculature	CN5	reg052_B	26	352.24	97.26	664.7	292.92
reg052_B_00051	1042	1170	vasculature	CN5	reg052_B	26	808.62	0.0	0.0	66.88
reg052_B_00052	1134	447	vasculature	CN8	reg052_B	26	10.29	96.6	10.69	155.35
reg052_B_00053	1142	505	vasculature	CN8	reg052_B	26	248.78	133.1	13.51	180.83
reg052_B_00054	1154	489	vasculature	CN8	reg052_B	26	22.13	153.65	11.22	97.79
reg052_B_00055	1171	559	vasculature	CN8	reg052_B	26	290.59	210.94	12.85	220.97
reg052_B_00056	1163	555	vasculature	CN8	reg052_B	26	57.76	0.0	4.73	46.29
reg052_B_00057	1174	1091	vasculature	CN5	reg052_B	26	0.0	656.76	1.14	471.18
reg052_B_00058	1174	1222	vasculature	CN1	reg052_B	26	280.75	0.0	7.38	96.67
reg052_B_00059	1223	1098	vasculature	CN8	reg052_B	26	256.93	405.87	55.44	284.45
reg052_B_00060	1233	1262	vasculature	CN5	reg052_B	26	0.0	202.44	3.37	128.45
reg052_B_00061	1243	1252	vasculature	CN5	reg052_B	26	0.0	346.2	4.71	357.36
reg052_B_00062	1235	1233	vasculature	CN5	reg052_B	26	1561.65	907.69	19.46	609.7
reg052_B_00063	1257	1096	vasculature	CN8	reg052_B	26	400.2	206.69	0.0	264.32
reg052_B_00064	1265	1127	vasculature	CN5	reg052_B	26	321.2	258.04	3.79	221.05
reg052_B_00065	1284	1058	vasculature	CN8	reg052_B	26	312.71	0.0	10.76	247.12
reg052_B_00066	1328	1155	vasculature	CN8	reg052_B	26	632.3	122.39	14.31	377.97
reg052_B_00067	1328	1185	vasculature	CN9	reg052_B	26	2495.18	37.36	6.52	172.5
reg052_B_00068	1582	678	vasculature	CN9	reg052_B	26	170.83	116.48	8.83	134.85
reg052_B_00069	245	1246	CD4+ T cells CD45RO+	CN7	reg052_B	26	488.85	419.12	44.72	869.41
reg052_B_00070	274	801	CD4+ T cells CD45RO+	CN1	reg052_B	26	0.0	0.0	47.9	1198.31
reg052_B_00071	267	1273	CD4+ T cells CD45RO+	CN4	reg052_B	26	6.99	3.8	18.04	1323.68
reg052_B_00072	359	1131	CD4+ T cells CD45RO+	CN4	reg052_B	26	1195.9	0.0	5.42	2089.01
reg052_B_00073	441	452	CD4+ T cells CD45RO+	CN3	reg052_B	26	303.93	2119.27	0.0	1921.24
reg052_B_00074	451	853	CD4+ T cells CD45RO+	CN1	reg052_B	26	170.35	0.0	40.74	888.06
reg052_B_00075	475	919	CD4+ T cells CD45RO+	CN5	reg052_B	26	632.95	0.0	497.42	1563.04
reg052_B_00076	457	1415	CD4+ T cells CD45RO+	CN7	reg052_B	26	936.85	0.0	0.0	334.86
reg052_B_00077	501	1105	CD4+ T cells CD45RO+	CN5	reg052_B	26	408.32	813.76	52.09	1656.88
reg052_B_00078	533	610	CD4+ T cells CD45RO+	CN7	reg052_B	26	93.37	0.0	20.28	1160.86
reg052_B_00079	519	856	CD4+ T cells CD45RO+	CN5	reg052_B	26	324.58	352.68	8.21	1025.81
reg052_B_00080	577	1111	CD4+ T cells CD45RO+	CN4	reg052_B	26	288.06	86.5	0.0	892.13
reg052_B_00081	650	1199	CD4+ T cells CD45RO+	CN4	reg052_B	26	328.71	0.0	13.28	1177.64
reg052_B_00082	715	594	CD4+ T cells CD45RO+	CN3	reg052_B	26	291.23	112.7	0.0	328.67
reg052_B_00083	754	930	CD4+ T cells CD45RO+	CN8	reg052_B	26	639.64	475.78	9.4	1166.48
reg052_B_00084	736	1250	CD4+ T cells CD45RO+	CN5	reg052_B	26	353.71	0.0	0.01	1202.96
reg052_B_00085	772	1292	CD4+ T cells CD45RO+	CN1	reg052_B	26	1384.75	353.19	0.0	1596.59
reg052_B_00086	802	1030	CD4+ T cells CD45RO+	CN5	reg052_B	26	0.0	6.2	35.04	655.55
reg052_B_00087	805	1325	CD4+ T cells CD45RO+	CN5	reg052_B	26	630.11	345.92	14.33	1631.76
reg052_B_00088	848	1375	CD4+ T cells CD45RO+	CN5	reg052_B	26	1004.62	259.87	16.7	1179.99
reg052_B_00089	883	1181	CD4+ T cells CD45RO+	CN1	reg052_B	26	0.0	9.89	40.1	1050.98
reg052_B_00090	890	1260	CD4+ T cells CD45RO+	CN1	reg052_B	26	656.03	219.41	15.33	1122.67
reg052_B_00091	900	1212	CD4+ T cells CD45RO+	CN1	reg052_B	26	0.0	242.67	0.26	829.24
reg052_B_00092	932	1182	CD4+ T cells CD45RO+	CN1	reg052_B	26	758.25	534.26	17.42	1572.57
reg052_B_00093	1002	129	CD4+ T cells CD45RO+	CN8	reg052_B	26	311.32	0.0	11.58	1347.94
reg052_B_00094	993	1205	CD4+ T cells CD45RO+	CN1	reg052_B	26	0.0	170.43	42.76	429.67
reg052_B_00095	1007	1239	CD4+ T cells CD45RO+	CN1	reg052_B	26	848.54	139.42	0.0	1518.81
reg052_B_00096	1128	66	CD4+ T cells CD45RO+	CN8	reg052_B	26	94.25	55.65	38.52	210.63
reg052_B_00097	1107	1361	CD4+ T cells CD45RO+	CN4	reg052_B	26	187.94	0.0	81.41	2041.61
reg052_B_00098	1139	1135	CD4+ T cells CD45RO+	CN1	reg052_B	26	0.0	19.56	36.41	968.4
reg052_B_00099	1163	817	CD4+ T cells CD45RO+	CN5	reg052_B	26	0.0	70.94	0.0	1046.08
reg052_B_00100	1160	1156	CD4+ T cells CD45RO+	CN1	reg052_B	26	215.58	98.43	29.88	1047.4
reg052_B_00101	1160	1357	CD4+ T cells CD45RO+	CN1	reg052_B	26	679.67	92.25	20.17	176.03
reg052_B_00102	1191	1173	CD4+ T cells CD45RO+	CN5	reg052_B	26	0.0	117.82	16.18	917.05
reg052_B_00103	1221	790	CD4+ T cells CD45RO+	CN5	reg052_B	26	0.0	668.55	0.0	525.57
reg052_B_00104	1215	1360	CD4+ T cells CD45RO+	CN1	reg052_B	26	369.97	437.94	12.71	1074.95
reg052_B_00105	1202	1364	CD4+ T cells CD45RO+	CN1	reg052_B	26	408.26	25.65	12.48	666.33
reg052_B_00106	1328	647	CD4+ T cells CD45RO+	CN8	reg052_B	26	230.36	129.24	16.18	1092.74
reg052_B_00107	1306	1249	CD4+ T cells CD45RO+	CN5	reg052_B	26	540.33	0.0	288.9	531.8
reg052_B_00108	1339	1362	CD4+ T cells CD45RO+	CN8	reg052_B	26	620.89	0.0	12.72	811.49
reg052_B_00109	1388	464	CD4+ T cells CD45RO+	CN7	reg052_B	26	177.1	280.74	0.0	747.86
reg052_B_00110	1846	272	CD4+ T cells CD45RO+	CN8	reg052_B	26	332.2	446.22	57.27	548.75
reg052_B_00111	1870	439	CD4+ T cells CD45RO+	CN5	reg052_B	26	1103.57	133.41	14.14	467.29
reg052_B_00112	10	500	tumor cells	CN3	reg052_B	26	87.26	185.54	10.47	94.63
reg052_B_00113	10	526	tumor cells	CN3	reg052_B	26	125.83	58.86	16.15	224.44
reg052_B_00114	13	658	tumor cells	CN3	reg052_B	26	269.95	162.27	1323.51	374.29
reg052_B_00115	16	546	tumor cells	CN3	reg052_B	26	199.1	163.33	31.26	209.84
reg052_B_00116	11	691	tumor cells	CN3	reg052_B	26	162.2	90.66	1232.67	190.3
reg052_B_00117	16	561	tumor cells	CN3	reg052_B	26	133.11	84.2	0.0	157.26
reg052_B_00118	14	710	tumor cells	CN3	reg052_B	26	289.98	74.19	50.09	291.82
reg052_B_00119	12	618	tumor cells	CN3	reg052_B	26	91.05	167.56	499.26	246.84
reg052_B_00120	14	731	tumor cells	CN3	reg052_B	26	132.13	121.28	692.26	255.19
reg052_B_00121	19	498	tumor cells	CN3	reg052_B	26	103.73	29.23	11.21	83.02
reg052_B_00122	13	787	tumor cells	CN3	reg052_B	26	195.87	126.47	1.95	275.01
reg052_B_00123	24	516	tumor cells	CN3	reg052_B	26	159.54	28.38	10.88	179.73
reg052_B_00124	17	759	tumor cells	CN3	reg052_B	26	250.5	98.24	1509.79	309.44
reg052_B_00125	24	589	tumor cells	CN3	reg052_B	26	197.46	80.62	30.7	204.03
reg052_B_00126	16	807	tumor cells	CN3	reg052_B	26	281.16	121.98	1041.21	376.4
reg052_B_00127	19	701	tumor cells	CN3	reg052_B	26	132.92	51.69	133.54	145.22
reg052_B_00128	15	750	tumor cells	CN3	reg052_B	26	120.51	80.56	638.56	129.11
reg052_B_00129	43	612	tumor cells	CN3	reg052_B	26	112.2	135.74	0.0	163.51
reg052_B_00130	49	634	tumor cells	CN3	reg052_B	26	579.86	0.0	0.0	415.29
reg052_B_00131	23	625	tumor cells	CN3	reg052_B	26	404.17	104.29	66.21	348.94
reg052_B_00132	34	873	tumor cells	CN3	reg052_B	26	133.74	99.46	0.0	0.0
reg052_B_00133	22	856	tumor cells	CN3	reg052_B	26	250.88	123.51	417.78	299.98
reg052_B_00134	29	889	tumor cells	CN3	reg052_B	26	140.59	96.96	817.98	945.9
reg052_B_00135	39	748	tumor cells	CN3	reg052_B	26	210.23	150.89	805.51	273.09
reg052_B_00136	33	637	tumor cells	CN3	reg052_B	26	0.0	43.1	0.0	0.0
reg052_B_00137	49	836	tumor cells	CN3	reg052_B	26	175.09	98.12	438.04	243.08
reg052_B_00138	20	913	tumor cells	CN3	reg052_B	26	252.52	66.34	0.0	2.25
reg052_B_00139	40	811	tumor cells	CN3	reg052_B	26	264.75	112.33	0.0	295.93
reg052_B_00140	47	622	tumor cells	CN3	reg052_B	26	106.98	169.26	209.81	164.09
reg052_B_00141	31	842	tumor cells	CN3	reg052_B	26	170.38	108.58	0.0	187.3
reg052_B_00142	31	862	tumor cells	CN3	reg052_B	26	47.36	79.54	0.0	348.59
reg052_B_00143	63	774	tumor cells	CN3	reg052_B	26	160.71	128.97	119.04	237.89
reg052_B_00144	55	762	tumor cells	CN3	reg052_B	26	230.91	96.09	1026.95	285.81
reg052_B_00145	50	646	tumor cells	CN3	reg052_B	26	53.65	324.5	661.18	220.73
reg052_B_00146	40	998	tumor cells	CN3	reg052_B	26	259.52	254.02	51.54	342.71
reg052_B_00147	50	773	tumor cells	CN3	reg052_B	26	334.36	119.32	1939.62	361.54
reg052_B_00148	56	749	tumor cells	CN3	reg052_B	26	250.36	63.5	315.29	239.41
reg052_B_00149	60	853	tumor cells	CN3	reg052_B	26	238.31	106.85	1440.76	292.73
reg052_B_00150	32	794	tumor cells	CN3	reg052_B	26	108.01	102.27	583.27	197.85
reg052_B_00151	45	939	tumor cells	CN3	reg052_B	26	157.35	57.59	273.12	308.14
reg052_B_00152	56	805	tumor cells	CN3	reg052_B	26	176.65	95.19	127.61	254.89
reg052_B_00153	52	791	tumor cells	CN3	reg052_B	26	260.03	100.13	1954.8	265.65
reg052_B_00154	65	705	tumor cells	CN3	reg052_B	26	207.33	79.97	290.39	170.54
reg052_B_00155	64	648	tumor cells	CN3	reg052_B	26	463.06	0.0	0.77	301.78
reg052_B_00156	67	624	tumor cells	CN3	reg052_B	26	0.0	207.69	0.0	23.75
reg052_B_00157	52	864	tumor cells	CN3	reg052_B	26	302.41	115.79	2109.96	373.58
reg052_B_00158	52	880	tumor cells	CN3	reg052_B	26	292.79	143.71	34.84	226.19
reg052_B_00159	66	822	tumor cells	CN3	reg052_B	26	248.07	105.97	0.0	307.71
reg052_B_00160	67	887	tumor cells	CN3	reg052_B	26	245.12	124.14	68.75	397.24
reg052_B_00161	66	868	tumor cells	CN3	reg052_B	26	228.83	121.47	271.06	307.84
reg052_B_00162	68	736	tumor cells	CN3	reg052_B	26	303.05	57.95	0.0	283.76
reg052_B_00163	68	751	tumor cells	CN3	reg052_B	26	114.28	134.76	198.51	225.87
reg052_B_00164	73	684	tumor cells	CN3	reg052_B	26	43.57	108.44	766.69	257.36
reg052_B_00165	74	708	tumor cells	CN3	reg052_B	26	233.86	101.35	1458.8	322.4
reg052_B_00166	81	628	tumor cells	CN3	reg052_B	26	510.34	0.0	188.93	416.67
reg052_B_00167	73	795	tumor cells	CN3	reg052_B	26	332.79	158.05	2277.65	378.74
reg052_B_00168	89	858	tumor cells	CN3	reg052_B	26	225.51	120.47	1578.39	289.03
reg052_B_00169	85	833	tumor cells	CN3	reg052_B	26	235.84	137.86	93.29	306.52
reg052_B_00170	75	815	tumor cells	CN3	reg052_B	26	228.39	135.84	0.0	280.21
reg052_B_00171	88	880	tumor cells	CN3	reg052_B	26	273.66	107.11	1671.55	481.69
reg052_B_00172	87	699	tumor cells	CN3	reg052_B	26	768.33	153.96	0.0	295.0
reg052_B_00173	86	824	tumor cells	CN3	reg052_B	26	186.82	81.79	982.33	226.44
reg052_B_00174	73	926	tumor cells	CN3	reg052_B	26	249.83	106.82	0.0	748.73
reg052_B_00175	97	655	tumor cells	CN3	reg052_B	26	702.37	237.77	991.07	325.39
reg052_B_00176	102	764	tumor cells	CN3	reg052_B	26	195.2	171.03	245.06	256.45
reg052_B_00177	112	618	tumor cells	CN7	reg052_B	26	507.71	598.93	659.14	522.41
reg052_B_00178	96	756	tumor cells	CN3	reg052_B	26	365.44	145.32	0.0	327.85
reg052_B_00179	96	773	tumor cells	CN3	reg052_B	26	211.76	71.22	1100.16	238.85
reg052_B_00180	88	949	tumor cells	CN3	reg052_B	26	322.87	9.32	0.0	306.96
reg052_B_00181	81	868	tumor cells	CN3	reg052_B	26	246.65	114.46	1093.22	294.18
reg052_B_00182	84	738	tumor cells	CN3	reg052_B	26	240.63	129.2	508.31	306.91
reg052_B_00183	96	828	tumor cells	CN3	reg052_B	26	343.01	117.14	151.82	328.11
reg052_B_00184	88	1017	tumor cells	CN3	reg052_B	26	604.02	149.51	263.2	334.18
reg052_B_00185	96	929	tumor cells	CN3	reg052_B	26	212.52	130.67	574.05	335.49
reg052_B_00186	74	947	tumor cells	CN3	reg052_B	26	255.05	232.19	219.24	239.98
reg052_B_00187	79	1008	tumor cells	CN3	reg052_B	26	288.12	491.9	68.87	369.06
reg052_B_00188	100	678	tumor cells	CN3	reg052_B	26	0.0	119.31	1715.96	293.1
reg052_B_00189	79	1041	tumor cells	CN3	reg052_B	26	178.29	108.47	0.0	31.4
reg052_B_00190	100	724	tumor cells	CN3	reg052_B	26	242.16	159.24	1377.33	320.14
reg052_B_00191	111	697	tumor cells	CN3	reg052_B	26	0.0	141.19	934.0	125.8
reg052_B_00192	118	724	tumor cells	CN3	reg052_B	26	635.02	203.71	0.0	312.59
reg052_B_00193	119	870	tumor cells	CN3	reg052_B	26	270.08	104.87	411.47	376.95
reg052_B_00194	92	890	tumor cells	CN3	reg052_B	26	239.34	117.5	540.08	212.68
reg052_B_00195	110	1028	tumor cells	CN3	reg052_B	26	166.19	25.99	157.49	298.28
reg052_B_00196	105	1057	tumor cells	CN3	reg052_B	26	3210.44	163.3	61.41	371.36
reg052_B_00197	105	1083	tumor cells	CN3	reg052_B	26	0.0	175.88	145.26	111.67
reg052_B_00198	110	1104	tumor cells	CN3	reg052_B	26	663.66	0.0	0.0	171.74
reg052_B_00199	103	983	tumor cells	CN3	reg052_B	26	145.49	207.68	0.0	373.8
reg052_B_00200	92	915	tumor cells	CN3	reg052_B	26	251.26	125.16	0.0	484.77
reg052_B_00201	108	891	tumor cells	CN3	reg052_B	26	311.15	123.58	1227.11	327.99
reg052_B_00202	114	917	tumor cells	CN3	reg052_B	26	288.77	139.99	1036.46	264.72
reg052_B_00203	106	792	tumor cells	CN3	reg052_B	26	477.86	159.42	231.06	418.61
reg052_B_00204	125	752	tumor cells	CN3	reg052_B	26	291.99	150.19	1158.88	227.35
reg052_B_00205	111	1006	tumor cells	CN3	reg052_B	26	304.57	564.45	276.42	586.57
reg052_B_00206	106	862	tumor cells	CN3	reg052_B	26	327.41	137.99	1079.11	303.72
reg052_B_00207	126	928	tumor cells	CN3	reg052_B	26	266.07	134.55	0.0	296.34
reg052_B_00208	129	767	tumor cells	CN3	reg052_B	26	177.48	162.2	587.81	368.13
reg052_B_00209	128	730	tumor cells	CN3	reg052_B	26	17.37	98.38	293.56	229.43
reg052_B_00210	115	970	tumor cells	CN3	reg052_B	26	268.74	318.04	1044.39	236.98
reg052_B_00211	127	882	tumor cells	CN3	reg052_B	26	209.69	158.46	0.0	132.73
reg052_B_00212	129	1116	tumor cells	CN3	reg052_B	26	48.28	0.77	900.8	284.61
reg052_B_00213	123	949	tumor cells	CN3	reg052_B	26	261.15	188.37	1970.26	328.07
reg052_B_00214	124	972	tumor cells	CN3	reg052_B	26	360.04	0.0	430.15	556.91
reg052_B_00215	143	711	tumor cells	CN3	reg052_B	26	600.16	189.3	422.41	491.99
reg052_B_00216	136	703	tumor cells	CN3	reg052_B	26	0.0	102.39	159.79	243.0
reg052_B_00217	140	769	tumor cells	CN3	reg052_B	26	0.0	95.0	336.72	247.26
reg052_B_00218	138	946	tumor cells	CN3	reg052_B	26	269.95	119.53	2956.85	184.75
reg052_B_00219	134	817	tumor cells	CN3	reg052_B	26	1137.41	57.61	203.85	367.66
reg052_B_00220	130	1031	tumor cells	CN3	reg052_B	26	45.59	19.29	44.51	288.99
reg052_B_00221	143	931	tumor cells	CN3	reg052_B	26	302.81	168.77	316.3	500.29
reg052_B_00222	139	968	tumor cells	CN3	reg052_B	26	282.06	697.83	1126.73	286.82
reg052_B_00223	143	1067	tumor cells	CN3	reg052_B	26	0.0	87.47	407.3	381.45
reg052_B_00224	152	750	tumor cells	CN3	reg052_B	26	367.32	229.09	0.0	457.68
reg052_B_00225	136	1150	tumor cells	CN3	reg052_B	26	72.03	0.0	361.08	238.5
reg052_B_00226	159	976	tumor cells	CN3	reg052_B	26	477.15	0.0	1547.6	444.88
reg052_B_00227	170	1002	tumor cells	CN3	reg052_B	26	801.17	515.43	358.36	453.87
reg052_B_00228	147	1040	tumor cells	CN3	reg052_B	26	376.01	144.99	89.69	322.31
reg052_B_00229	178	771	tumor cells	CN3	reg052_B	26	411.78	956.25	937.45	468.67
reg052_B_00230	151	788	tumor cells	CN3	reg052_B	26	3575.11	259.15	263.43	460.61
reg052_B_00231	184	730	tumor cells	CN3	reg052_B	26	814.13	288.99	738.81	416.16
reg052_B_00232	153	949	tumor cells	CN3	reg052_B	26	141.2	107.64	684.21	255.1
reg052_B_00233	165	866	tumor cells	CN3	reg052_B	26	394.78	85.48	1074.17	361.88
reg052_B_00234	172	857	tumor cells	CN3	reg052_B	26	357.98	325.33	0.0	333.29
reg052_B_00235	160	1174	tumor cells	CN3	reg052_B	26	119.11	74.6	1369.65	243.35
reg052_B_00236	168	1145	tumor cells	CN7	reg052_B	26	231.04	156.06	0.0	239.15
reg052_B_00237	163	708	tumor cells	CN3	reg052_B	26	207.7	172.97	0.0	282.19
reg052_B_00238	173	943	tumor cells	CN3	reg052_B	26	238.6	104.17	187.67	300.85
reg052_B_00239	155	936	tumor cells	CN3	reg052_B	26	285.93	112.24	1636.57	182.45
reg052_B_00240	185	966	tumor cells	CN3	reg052_B	26	372.35	170.86	45.85	342.79
reg052_B_00241	184	1072	tumor cells	CN3	reg052_B	26	98.74	0.0	913.66	266.85
reg052_B_00242	186	982	tumor cells	CN3	reg052_B	26	256.56	161.96	1085.16	232.68
reg052_B_00243	195	796	tumor cells	CN3	reg052_B	26	262.0	99.81	1188.18	286.75
reg052_B_00244	188	1160	tumor cells	CN3	reg052_B	26	354.4	248.98	1097.9	305.43
reg052_B_00245	189	933	tumor cells	CN3	reg052_B	26	580.11	182.59	1019.68	350.81
reg052_B_00246	221	330	tumor cells	CN7	reg052_B	26	179.94	204.43	192.87	236.95
reg052_B_00247	220	264	tumor cells	CN3	reg052_B	26	0.0	208.7	0.0	0.0
reg052_B_00248	195	881	tumor cells	CN3	reg052_B	26	0.0	226.06	1178.15	290.69
reg052_B_00249	230	318	tumor cells	CN3	reg052_B	26	261.39	179.88	0.0	224.83
reg052_B_00250	223	278	tumor cells	CN3	reg052_B	26	457.97	374.13	198.64	418.0
reg052_B_00251	193	994	tumor cells	CN3	reg052_B	26	129.22	312.37	352.44	502.09
reg052_B_00252	226	309	tumor cells	CN3	reg052_B	26	275.67	117.88	140.63	253.24
reg052_B_00253	235	291	tumor cells	CN3	reg052_B	26	0.0	0.0	222.3	170.69
reg052_B_00254	203	884	tumor cells	CN3	reg052_B	26	546.4	30.8	339.65	267.34
reg052_B_00255	204	822	tumor cells	CN3	reg052_B	26	482.06	196.81	587.6	264.19
reg052_B_00256	195	1053	tumor cells	CN3	reg052_B	26	0.0	49.05	464.44	194.19
reg052_B_00257	239	232	tumor cells	CN3	reg052_B	26	262.67	129.38	841.43	411.66
reg052_B_00258	202	945	tumor cells	CN3	reg052_B	26	92.03	137.59	1722.15	209.62
reg052_B_00259	238	466	tumor cells	CN7	reg052_B	26	0.0	125.61	26.66	196.56
reg052_B_00260	205	905	tumor cells	CN3	reg052_B	26	470.12	192.24	258.78	338.25
reg052_B_00261	231	358	tumor cells	CN7	reg052_B	26	287.58	341.61	26.16	386.66
reg052_B_00262	252	219	tumor cells	CN3	reg052_B	26	265.91	165.06	0.0	461.02
reg052_B_00263	202	1175	tumor cells	CN3	reg052_B	26	48.14	34.58	57.19	157.16
reg052_B_00264	210	966	tumor cells	CN3	reg052_B	26	434.86	149.01	0.0	367.64
reg052_B_00265	218	981	tumor cells	CN3	reg052_B	26	165.89	113.41	882.77	154.49
reg052_B_00266	248	317	tumor cells	CN3	reg052_B	26	113.15	93.25	950.54	232.14
reg052_B_00267	250	289	tumor cells	CN3	reg052_B	26	150.15	26.25	0.0	207.87
reg052_B_00268	233	789	tumor cells	CN7	reg052_B	26	870.31	440.56	0.53	195.58
reg052_B_00269	215	1061	tumor cells	CN3	reg052_B	26	25.41	206.7	0.0	334.08
reg052_B_00270	222	928	tumor cells	CN3	reg052_B	26	310.95	202.62	0.0	255.7
reg052_B_00271	219	971	tumor cells	CN3	reg052_B	26	224.74	112.5	861.22	242.1
reg052_B_00272	225	838	tumor cells	CN3	reg052_B	26	0.0	162.49	40.63	314.08
reg052_B_00273	233	911	tumor cells	CN3	reg052_B	26	249.33	345.96	1521.48	343.54
reg052_B_00274	260	292	tumor cells	CN3	reg052_B	26	327.59	155.81	212.82	339.81
reg052_B_00275	233	965	tumor cells	CN3	reg052_B	26	174.22	144.23	0.0	233.87
reg052_B_00276	233	1004	tumor cells	CN3	reg052_B	26	138.94	195.83	46.45	365.73
reg052_B_00277	214	1216	tumor cells	CN7	reg052_B	26	360.68	45.77	0.0	208.45
reg052_B_00278	234	1050	tumor cells	CN3	reg052_B	26	187.38	218.17	1923.24	370.42
reg052_B_00279	254	391	tumor cells	CN3	reg052_B	26	373.98	51.97	554.0	195.42
reg052_B_00280	231	935	tumor cells	CN3	reg052_B	26	136.27	120.68	798.58	229.95
reg052_B_00281	265	225	tumor cells	CN3	reg052_B	26	142.76	197.53	139.38	694.07
reg052_B_00282	224	1044	tumor cells	CN3	reg052_B	26	2092.95	32.78	364.92	158.31
reg052_B_00283	243	975	tumor cells	CN3	reg052_B	26	334.14	129.32	401.97	266.66
reg052_B_00284	241	912	tumor cells	CN3	reg052_B	26	227.27	314.24	620.1	274.88
reg052_B_00285	244	741	tumor cells	CN7	reg052_B	26	2373.78	9.42	0.0	487.9
reg052_B_00286	243	1039	tumor cells	CN3	reg052_B	26	1072.05	90.33	368.66	204.85
reg052_B_00287	262	409	tumor cells	CN3	reg052_B	26	236.76	352.94	3485.47	140.71
reg052_B_00288	268	247	tumor cells	CN3	reg052_B	26	325.78	113.81	842.25	413.58
reg052_B_00289	263	478	tumor cells	CN7	reg052_B	26	2178.88	1180.89	236.25	671.08
reg052_B_00290	229	1182	tumor cells	CN3	reg052_B	26	56.79	155.88	27.77	108.23
reg052_B_00291	223	1192	tumor cells	CN3	reg052_B	26	425.41	213.91	244.39	371.72
reg052_B_00292	270	389	tumor cells	CN3	reg052_B	26	325.04	138.11	0.0	373.29
reg052_B_00293	273	428	tumor cells	CN3	reg052_B	26	298.93	214.75	0.0	744.15
reg052_B_00294	276	186	tumor cells	CN3	reg052_B	26	360.37	201.64	0.0	348.19
reg052_B_00295	277	164	tumor cells	CN3	reg052_B	26	286.36	97.57	76.52	383.19
reg052_B_00296	266	510	tumor cells	CN7	reg052_B	26	752.6	0.0	0.0	56.63
reg052_B_00297	291	230	tumor cells	CN3	reg052_B	26	106.67	135.65	0.0	113.14
reg052_B_00298	251	998	tumor cells	CN3	reg052_B	26	251.16	116.26	0.0	242.94
reg052_B_00299	256	1046	tumor cells	CN3	reg052_B	26	41.62	240.05	406.61	415.39
reg052_B_00300	286	321	tumor cells	CN3	reg052_B	26	344.27	166.36	1279.53	353.71
reg052_B_00301	289	196	tumor cells	CN3	reg052_B	26	250.18	27.24	593.05	152.74
reg052_B_00302	291	423	tumor cells	CN3	reg052_B	26	394.81	159.62	940.84	110.88
reg052_B_00303	303	257	tumor cells	CN3	reg052_B	26	291.06	160.42	0.0	273.46
reg052_B_00304	253	915	tumor cells	CN3	reg052_B	26	244.83	439.76	0.0	340.59
reg052_B_00305	290	390	tumor cells	CN3	reg052_B	26	389.34	116.46	344.14	317.11
reg052_B_00306	304	168	tumor cells	CN3	reg052_B	26	243.82	112.74	116.2	228.31
reg052_B_00307	308	109	tumor cells	CN3	reg052_B	26	266.78	128.94	13.69	319.95
reg052_B_00308	294	339	tumor cells	CN3	reg052_B	26	237.48	146.01	0.0	232.19
reg052_B_00309	272	1021	tumor cells	CN3	reg052_B	26	107.34	172.1	595.82	272.17
reg052_B_00310	308	142	tumor cells	CN3	reg052_B	26	324.09	109.59	261.95	385.13
reg052_B_00311	272	1054	tumor cells	CN3	reg052_B	26	287.27	121.09	1021.54	185.52
reg052_B_00312	245	1198	tumor cells	CN3	reg052_B	26	184.6	195.7	6.55	286.67
reg052_B_00313	265	1178	tumor cells	CN3	reg052_B	26	1268.66	185.22	1146.48	293.78
reg052_B_00314	308	215	tumor cells	CN3	reg052_B	26	323.05	193.91	159.12	438.14
reg052_B_00315	263	979	tumor cells	CN3	reg052_B	26	70.24	129.86	170.41	153.9
reg052_B_00316	300	278	tumor cells	CN3	reg052_B	26	158.69	75.18	440.89	90.43
reg052_B_00317	288	496	tumor cells	CN3	reg052_B	26	420.21	0.0	113.77	640.7
reg052_B_00318	308	248	tumor cells	CN3	reg052_B	26	299.63	75.35	890.79	469.98
reg052_B_00319	305	286	tumor cells	CN3	reg052_B	26	337.2	128.56	219.67	616.67
reg052_B_00320	281	898	tumor cells	CN3	reg052_B	26	534.94	0.0	409.8	274.6
reg052_B_00321	313	190	tumor cells	CN3	reg052_B	26	246.28	101.71	1715.48	202.61
reg052_B_00322	308	393	tumor cells	CN3	reg052_B	26	180.82	158.5	45.86	222.61
reg052_B_00323	310	232	tumor cells	CN3	reg052_B	26	304.56	308.6	0.0	291.16
reg052_B_00324	304	324	tumor cells	CN3	reg052_B	26	326.09	118.3	12.32	344.86
reg052_B_00325	261	1201	tumor cells	CN3	reg052_B	26	503.64	59.93	419.41	324.5
reg052_B_00326	286	1068	tumor cells	CN3	reg052_B	26	288.89	203.06	56.2	374.99
reg052_B_00327	304	442	tumor cells	CN3	reg052_B	26	315.67	743.95	358.85	1394.22
reg052_B_00328	307	366	tumor cells	CN3	reg052_B	26	330.87	119.96	0.0	347.69
reg052_B_00329	276	984	tumor cells	CN3	reg052_B	26	210.37	95.16	92.69	235.45
reg052_B_00330	307	416	tumor cells	CN3	reg052_B	26	324.45	151.75	91.83	342.62
reg052_B_00331	281	1165	tumor cells	CN3	reg052_B	26	105.27	101.05	17.64	213.77
reg052_B_00332	290	993	tumor cells	CN3	reg052_B	26	247.44	173.29	1845.75	284.4
reg052_B_00333	325	165	tumor cells	CN3	reg052_B	26	336.83	82.61	8.33	287.55
reg052_B_00334	279	1046	tumor cells	CN3	reg052_B	26	346.2	170.18	0.0	376.2
reg052_B_00335	321	175	tumor cells	CN3	reg052_B	26	287.49	157.34	0.0	376.83
reg052_B_00336	328	136	tumor cells	CN3	reg052_B	26	338.57	135.83	486.59	250.1
reg052_B_00337	298	1017	tumor cells	CN3	reg052_B	26	447.87	162.36	0.0	299.13
reg052_B_00338	277	998	tumor cells	CN3	reg052_B	26	252.51	176.94	1084.38	258.61
reg052_B_00339	306	888	tumor cells	CN3	reg052_B	26	233.49	582.08	0.0	293.46
reg052_B_00340	293	911	tumor cells	CN3	reg052_B	26	58.43	408.44	1282.84	271.32
reg052_B_00341	287	1125	tumor cells	CN3	reg052_B	26	359.9	699.77	1999.19	287.63
reg052_B_00342	278	1188	tumor cells	CN7	reg052_B	26	222.81	476.6	1061.64	528.76
reg052_B_00343	279	1199	tumor cells	CN7	reg052_B	26	371.82	379.86	0.0	220.56
reg052_B_00344	298	1149	tumor cells	CN3	reg052_B	26	402.82	569.73	0.0	478.64
reg052_B_00345	332	241	tumor cells	CN3	reg052_B	26	367.23	159.95	272.14	387.21
reg052_B_00346	332	250	tumor cells	CN3	reg052_B	26	170.6	148.09	269.15	212.88
reg052_B_00347	320	347	tumor cells	CN3	reg052_B	26	294.32	116.94	206.56	310.14
reg052_B_00348	321	395	tumor cells	CN3	reg052_B	26	363.51	108.42	0.0	368.67
reg052_B_00349	337	173	tumor cells	CN3	reg052_B	26	274.86	130.07	324.85	273.58
reg052_B_00350	304	922	tumor cells	CN3	reg052_B	26	288.75	189.26	0.0	312.98
reg052_B_00351	332	403	tumor cells	CN3	reg052_B	26	213.21	153.34	493.17	330.54
reg052_B_00352	341	205	tumor cells	CN3	reg052_B	26	189.84	131.22	131.63	246.62
reg052_B_00353	325	416	tumor cells	CN3	reg052_B	26	331.96	85.88	1038.77	271.24
reg052_B_00354	338	217	tumor cells	CN3	reg052_B	26	356.42	176.55	56.13	408.97
reg052_B_00355	333	289	tumor cells	CN3	reg052_B	26	249.61	236.33	0.0	388.87
reg052_B_00356	325	493	tumor cells	CN3	reg052_B	26	374.2	488.03	45.06	530.02
reg052_B_00357	345	89	tumor cells	CN7	reg052_B	26	324.59	280.7	0.0	804.2
reg052_B_00358	333	325	tumor cells	CN3	reg052_B	26	324.65	133.28	136.31	391.41
reg052_B_00359	330	443	tumor cells	CN3	reg052_B	26	257.41	44.32	0.0	0.0
reg052_B_00360	336	474	tumor cells	CN3	reg052_B	26	132.15	279.65	96.32	717.2
reg052_B_00361	320	540	tumor cells	CN7	reg052_B	26	556.63	241.85	0.0	453.27
reg052_B_00362	310	936	tumor cells	CN3	reg052_B	26	194.0	116.45	0.0	234.23
reg052_B_00363	336	495	tumor cells	CN3	reg052_B	26	386.11	0.0	256.64	310.09
reg052_B_00364	342	196	tumor cells	CN3	reg052_B	26	267.8	93.05	0.0	269.57
reg052_B_00365	322	994	tumor cells	CN3	reg052_B	26	321.48	119.19	0.0	302.56
reg052_B_00366	352	181	tumor cells	CN3	reg052_B	26	288.84	110.18	328.96	305.44
reg052_B_00367	336	510	tumor cells	CN3	reg052_B	26	98.78	213.06	0.0	195.1
reg052_B_00368	346	230	tumor cells	CN3	reg052_B	26	135.35	127.7	0.88	197.85
reg052_B_00369	348	242	tumor cells	CN3	reg052_B	26	315.12	138.38	100.73	300.21
reg052_B_00370	346	306	tumor cells	CN3	reg052_B	26	358.22	95.2	0.0	334.42
reg052_B_00371	351	269	tumor cells	CN3	reg052_B	26	268.43	133.61	0.0	316.27
reg052_B_00372	341	416	tumor cells	CN3	reg052_B	26	311.4	124.18	1201.7	302.1
reg052_B_00373	361	132	tumor cells	CN3	reg052_B	26	304.88	182.87	0.0	794.25
reg052_B_00374	362	219	tumor cells	CN3	reg052_B	26	312.97	99.72	27.92	349.17
reg052_B_00375	343	427	tumor cells	CN3	reg052_B	26	249.01	110.89	627.37	274.37
reg052_B_00376	343	435	tumor cells	CN3	reg052_B	26	334.42	131.42	650.99	443.0
reg052_B_00377	349	337	tumor cells	CN3	reg052_B	26	314.69	114.21	0.0	239.19
reg052_B_00378	357	379	tumor cells	CN3	reg052_B	26	210.73	129.62	0.0	320.76
reg052_B_00379	365	168	tumor cells	CN3	reg052_B	26	225.17	133.99	1039.61	188.61
reg052_B_00380	353	360	tumor cells	CN3	reg052_B	26	256.06	172.62	129.27	661.74
reg052_B_00381	356	238	tumor cells	CN3	reg052_B	26	113.34	113.8	29.68	190.12
reg052_B_00382	326	925	tumor cells	CN3	reg052_B	26	296.44	238.72	398.38	264.46
reg052_B_00383	345	466	tumor cells	CN3	reg052_B	26	286.38	83.37	0.0	453.35
reg052_B_00384	361	300	tumor cells	CN3	reg052_B	26	240.28	110.4	729.7	276.96
reg052_B_00385	311	1132	tumor cells	CN7	reg052_B	26	331.53	137.44	710.71	362.5
reg052_B_00386	332	970	tumor cells	CN3	reg052_B	26	370.79	102.07	1079.33	320.24
reg052_B_00387	362	465	tumor cells	CN3	reg052_B	26	393.84	124.96	397.52	791.82
reg052_B_00388	319	1097	tumor cells	CN3	reg052_B	26	32.73	0.0	1106.97	144.0
reg052_B_00389	319	1115	tumor cells	CN3	reg052_B	26	546.93	288.04	975.14	334.52
reg052_B_00390	325	1007	tumor cells	CN3	reg052_B	26	206.93	159.24	788.53	218.87
reg052_B_00391	345	505	tumor cells	CN3	reg052_B	26	127.53	254.03	258.72	247.76
reg052_B_00392	328	1037	tumor cells	CN3	reg052_B	26	401.71	194.19	0.0	335.91
reg052_B_00393	368	249	tumor cells	CN3	reg052_B	26	303.27	92.99	106.84	304.78
reg052_B_00394	344	514	tumor cells	CN3	reg052_B	26	411.05	232.55	640.06	418.51
reg052_B_00395	326	1026	tumor cells	CN3	reg052_B	26	188.87	157.92	87.8	258.65
reg052_B_00396	344	558	tumor cells	CN7	reg052_B	26	306.72	89.1	38.11	213.64
reg052_B_00397	320	979	tumor cells	CN3	reg052_B	26	105.59	217.43	1120.98	158.35
reg052_B_00398	318	1060	tumor cells	CN3	reg052_B	26	219.32	108.29	979.91	237.03
reg052_B_00399	321	1087	tumor cells	CN3	reg052_B	26	454.82	197.3	1.79	370.71
reg052_B_00400	355	445	tumor cells	CN3	reg052_B	26	153.55	132.55	183.12	313.68
reg052_B_00401	336	1067	tumor cells	CN3	reg052_B	26	335.1	142.01	29.3	329.02
reg052_B_00402	336	1085	tumor cells	CN3	reg052_B	26	392.09	342.73	0.0	427.79
reg052_B_00403	363	439	tumor cells	CN3	reg052_B	26	294.05	107.44	0.0	222.22
reg052_B_00404	374	195	tumor cells	CN3	reg052_B	26	183.33	95.94	128.03	155.97
reg052_B_00405	374	237	tumor cells	CN3	reg052_B	26	207.16	147.34	28.87	194.95
reg052_B_00406	352	518	tumor cells	CN3	reg052_B	26	147.73	35.56	743.22	192.75
reg052_B_00407	337	928	tumor cells	CN3	reg052_B	26	226.32	109.96	1754.3	276.5
reg052_B_00408	370	466	tumor cells	CN3	reg052_B	26	212.9	141.87	0.0	216.05
reg052_B_00409	373	321	tumor cells	CN3	reg052_B	26	190.74	159.59	0.0	241.64
reg052_B_00410	375	288	tumor cells	CN3	reg052_B	26	238.69	141.99	358.15	259.09
reg052_B_00411	341	989	tumor cells	CN3	reg052_B	26	357.92	321.63	0.0	324.35
reg052_B_00412	384	53	tumor cells	CN3	reg052_B	26	273.51	111.04	323.85	340.6
reg052_B_00413	354	974	tumor cells	CN3	reg052_B	26	239.64	0.0	281.15	108.75
reg052_B_00414	362	1014	tumor cells	CN3	reg052_B	26	40.69	353.1	15.2	84.35
reg052_B_00415	393	39	tumor cells	CN3	reg052_B	26	338.07	91.22	0.0	325.52
reg052_B_00416	357	1006	tumor cells	CN3	reg052_B	26	259.06	8.76	522.55	263.18
reg052_B_00417	377	348	tumor cells	CN3	reg052_B	26	389.87	125.91	180.22	408.75
reg052_B_00418	396	72	tumor cells	CN3	reg052_B	26	258.29	46.99	112.47	471.08
reg052_B_00419	348	908	tumor cells	CN7	reg052_B	26	432.56	82.91	0.0	271.74
reg052_B_00420	384	156	tumor cells	CN3	reg052_B	26	184.28	111.83	0.0	330.83
reg052_B_00421	353	1058	tumor cells	CN3	reg052_B	26	466.42	294.5	0.0	242.34
reg052_B_00422	393	220	tumor cells	CN3	reg052_B	26	222.35	161.91	116.05	242.14
reg052_B_00423	396	169	tumor cells	CN3	reg052_B	26	311.45	113.71	0.0	307.25
reg052_B_00424	402	30	tumor cells	CN3	reg052_B	26	208.06	132.45	108.69	318.07
reg052_B_00425	376	494	tumor cells	CN3	reg052_B	26	264.23	97.15	0.0	416.94
reg052_B_00426	360	1037	tumor cells	CN3	reg052_B	26	337.96	233.6	1148.43	357.13
reg052_B_00427	394	244	tumor cells	CN3	reg052_B	26	225.34	60.18	0.0	200.4
reg052_B_00428	391	304	tumor cells	CN3	reg052_B	26	412.33	80.62	48.0	312.35
reg052_B_00429	401	113	tumor cells	CN3	reg052_B	26	242.8	91.57	1535.56	241.26
reg052_B_00430	381	521	tumor cells	CN3	reg052_B	26	233.31	131.42	0.0	268.72
reg052_B_00431	405	59	tumor cells	CN3	reg052_B	26	209.46	200.95	0.0	226.86
reg052_B_00432	356	1029	tumor cells	CN3	reg052_B	26	402.36	82.23	0.0	338.24
reg052_B_00433	396	444	tumor cells	CN3	reg052_B	26	297.38	112.33	1038.38	360.69
reg052_B_00434	407	146	tumor cells	CN3	reg052_B	26	301.26	118.64	0.0	287.42
reg052_B_00435	406	222	tumor cells	CN3	reg052_B	26	275.66	116.01	294.55	281.57
reg052_B_00436	405	259	tumor cells	CN3	reg052_B	26	320.7	115.67	496.31	333.43
reg052_B_00437	399	469	tumor cells	CN3	reg052_B	26	238.89	179.56	0.0	317.7
reg052_B_00438	400	509	tumor cells	CN3	reg052_B	26	397.13	111.21	515.44	341.23
reg052_B_00439	385	473	tumor cells	CN3	reg052_B	26	264.96	130.29	1753.88	329.57
reg052_B_00440	411	276	tumor cells	CN3	reg052_B	26	233.11	152.96	0.0	249.65
reg052_B_00441	394	543	tumor cells	CN3	reg052_B	26	206.4	110.58	0.0	198.7
reg052_B_00442	400	534	tumor cells	CN3	reg052_B	26	1422.61	128.93	149.68	299.65
reg052_B_00443	401	512	tumor cells	CN3	reg052_B	26	0.0	110.66	0.0	165.14
reg052_B_00444	404	410	tumor cells	CN3	reg052_B	26	169.35	60.45	0.0	299.06
reg052_B_00445	421	17	tumor cells	CN3	reg052_B	26	347.26	108.79	247.28	346.47
reg052_B_00446	426	38	tumor cells	CN3	reg052_B	26	270.31	105.39	35.12	203.72
reg052_B_00447	412	394	tumor cells	CN3	reg052_B	26	293.0	171.24	2116.75	300.65
reg052_B_00448	423	28	tumor cells	CN3	reg052_B	26	236.88	118.16	69.61	316.63
reg052_B_00449	416	195	tumor cells	CN3	reg052_B	26	207.26	109.24	0.0	206.67
reg052_B_00450	382	947	tumor cells	CN7	reg052_B	26	311.6	0.0	0.0	90.24
reg052_B_00451	422	79	tumor cells	CN3	reg052_B	26	223.08	151.49	0.0	388.88
reg052_B_00452	422	172	tumor cells	CN3	reg052_B	26	226.72	137.79	1763.66	304.96
reg052_B_00453	416	340	tumor cells	CN3	reg052_B	26	247.57	144.39	1021.18	351.6
reg052_B_00454	436	15	tumor cells	CN3	reg052_B	26	349.7	92.03	991.2	387.33
reg052_B_00455	433	153	tumor cells	CN3	reg052_B	26	313.28	105.94	0.0	304.49
reg052_B_00456	430	228	tumor cells	CN3	reg052_B	26	197.99	89.93	1318.16	292.23
reg052_B_00457	419	301	tumor cells	CN3	reg052_B	26	242.61	76.13	410.94	316.36
reg052_B_00458	435	92	tumor cells	CN3	reg052_B	26	272.9	120.3	798.77	266.83
reg052_B_00459	433	194	tumor cells	CN3	reg052_B	26	307.83	90.5	0.0	361.11
reg052_B_00460	436	124	tumor cells	CN3	reg052_B	26	242.61	149.75	282.53	329.38
reg052_B_00461	426	479	tumor cells	CN3	reg052_B	26	180.6	0.0	1299.65	0.0
reg052_B_00462	431	398	tumor cells	CN3	reg052_B	26	346.4	63.01	0.0	275.86
reg052_B_00463	419	534	tumor cells	CN3	reg052_B	26	386.62	30.92	83.71	341.22
reg052_B_00464	421	515	tumor cells	CN3	reg052_B	26	514.76	114.55	272.88	286.53
reg052_B_00465	424	548	tumor cells	CN3	reg052_B	26	92.0	196.94	0.0	80.35
reg052_B_00466	445	37	tumor cells	CN3	reg052_B	26	302.69	118.99	62.43	287.15
reg052_B_00467	441	228	tumor cells	CN3	reg052_B	26	261.22	110.69	0.0	322.34
reg052_B_00468	440	182	tumor cells	CN3	reg052_B	26	177.72	111.02	115.66	148.35
reg052_B_00469	436	380	tumor cells	CN3	reg052_B	26	165.55	84.79	63.63	367.39
reg052_B_00470	442	149	tumor cells	CN3	reg052_B	26	163.05	105.26	0.0	201.07
reg052_B_00471	437	488	tumor cells	CN3	reg052_B	26	263.2	147.41	0.0	342.84
reg052_B_00472	450	178	tumor cells	CN3	reg052_B	26	285.7	99.55	143.87	433.75
reg052_B_00473	459	16	tumor cells	CN3	reg052_B	26	330.34	131.74	558.42	408.91
reg052_B_00474	459	83	tumor cells	CN3	reg052_B	26	279.55	112.36	0.0	259.04
reg052_B_00475	455	67	tumor cells	CN3	reg052_B	26	298.93	115.28	1411.03	427.35
reg052_B_00476	456	227	tumor cells	CN3	reg052_B	26	177.41	86.32	597.69	170.82
reg052_B_00477	455	127	tumor cells	CN3	reg052_B	26	276.84	123.64	1488.19	265.29
reg052_B_00478	457	138	tumor cells	CN3	reg052_B	26	275.09	111.12	2380.65	355.44
reg052_B_00479	449	333	tumor cells	CN3	reg052_B	26	340.56	62.45	284.05	251.96
reg052_B_00480	443	320	tumor cells	CN3	reg052_B	26	261.27	137.22	3.13	574.34
reg052_B_00481	442	350	tumor cells	CN3	reg052_B	26	186.55	143.43	0.0	466.52
reg052_B_00482	443	399	tumor cells	CN3	reg052_B	26	164.28	59.91	241.18	54.94
reg052_B_00483	451	434	tumor cells	CN3	reg052_B	26	87.08	0.0	222.5	0.0
reg052_B_00484	450	416	tumor cells	CN3	reg052_B	26	334.17	211.98	0.0	452.93
reg052_B_00485	465	182	tumor cells	CN3	reg052_B	26	187.45	88.11	0.0	250.95
reg052_B_00486	452	497	tumor cells	CN3	reg052_B	26	211.87	138.49	1749.36	250.49
reg052_B_00487	467	297	tumor cells	CN3	reg052_B	26	98.87	110.73	213.29	201.82
reg052_B_00488	461	440	tumor cells	CN3	reg052_B	26	376.53	467.61	0.0	682.35
reg052_B_00489	458	257	tumor cells	CN3	reg052_B	26	243.54	124.26	0.0	409.76
reg052_B_00490	458	285	tumor cells	CN3	reg052_B	26	337.01	132.82	334.75	375.51
reg052_B_00491	470	361	tumor cells	CN3	reg052_B	26	356.45	65.53	162.5	200.89
reg052_B_00492	465	307	tumor cells	CN3	reg052_B	26	314.42	99.75	0.0	294.03
reg052_B_00493	469	331	tumor cells	CN3	reg052_B	26	93.48	151.83	0.0	396.61
reg052_B_00494	472	251	tumor cells	CN3	reg052_B	26	296.94	121.54	912.66	316.93
reg052_B_00495	480	105	tumor cells	CN3	reg052_B	26	318.51	117.45	0.0	103.28
reg052_B_00496	475	202	tumor cells	CN3	reg052_B	26	286.6	92.76	0.0	228.38
reg052_B_00497	476	185	tumor cells	CN3	reg052_B	26	247.01	118.37	756.99	384.05
reg052_B_00498	486	79	tumor cells	CN3	reg052_B	26	237.73	113.66	385.79	256.22
reg052_B_00499	488	53	tumor cells	CN3	reg052_B	26	327.86	123.85	120.26	272.3
reg052_B_00500	484	142	tumor cells	CN3	reg052_B	26	292.66	99.46	2027.87	317.62
reg052_B_00501	471	701	tumor cells	CN5	reg052_B	26	0.0	58.6	1887.35	120.95
reg052_B_00502	479	262	tumor cells	CN3	reg052_B	26	131.77	94.83	579.63	199.43
reg052_B_00503	479	315	tumor cells	CN3	reg052_B	26	274.9	90.98	2267.69	234.2
reg052_B_00504	477	401	tumor cells	CN3	reg052_B	26	386.34	59.45	0.0	367.09
reg052_B_00505	490	160	tumor cells	CN3	reg052_B	26	317.66	112.64	0.0	276.43
reg052_B_00506	489	259	tumor cells	CN3	reg052_B	26	271.71	92.25	29.23	330.33
reg052_B_00507	488	243	tumor cells	CN3	reg052_B	26	285.22	115.46	661.23	407.17
reg052_B_00508	478	500	tumor cells	CN3	reg052_B	26	293.12	41.83	0.0	243.44
reg052_B_00509	492	207	tumor cells	CN3	reg052_B	26	274.66	98.52	141.11	242.23
reg052_B_00510	486	305	tumor cells	CN3	reg052_B	26	218.07	100.31	0.0	465.37
reg052_B_00511	491	366	tumor cells	CN3	reg052_B	26	210.41	214.86	0.0	190.52
reg052_B_00512	492	333	tumor cells	CN3	reg052_B	26	228.06	113.67	0.0	302.9
reg052_B_00513	493	459	tumor cells	CN3	reg052_B	26	338.91	136.76	0.0	347.07
reg052_B_00514	486	419	tumor cells	CN3	reg052_B	26	236.03	141.34	504.79	276.89
reg052_B_00515	499	239	tumor cells	CN3	reg052_B	26	159.94	92.14	428.74	192.09
reg052_B_00516	496	283	tumor cells	CN3	reg052_B	26	326.66	110.19	978.99	558.38
reg052_B_00517	501	195	tumor cells	CN3	reg052_B	26	267.28	82.6	265.31	211.89
reg052_B_00518	492	439	tumor cells	CN3	reg052_B	26	340.46	149.94	0.0	390.36
reg052_B_00519	501	379	tumor cells	CN3	reg052_B	26	319.17	0.0	1874.18	446.85
reg052_B_00520	492	451	tumor cells	CN3	reg052_B	26	134.32	45.25	115.79	86.97
reg052_B_00521	504	210	tumor cells	CN3	reg052_B	26	184.21	105.48	243.93	249.83
reg052_B_00522	492	507	tumor cells	CN3	reg052_B	26	216.64	119.28	133.5	180.78
reg052_B_00523	508	159	tumor cells	CN3	reg052_B	26	224.13	117.79	937.5	284.88
reg052_B_00524	507	254	tumor cells	CN3	reg052_B	26	286.2	90.15	134.03	246.29
reg052_B_00525	516	50	tumor cells	CN3	reg052_B	26	238.3	97.74	65.39	391.29
reg052_B_00526	517	92	tumor cells	CN3	reg052_B	26	228.22	112.38	48.69	280.07
reg052_B_00527	522	15	tumor cells	CN3	reg052_B	26	412.64	109.45	96.94	311.18
reg052_B_00528	517	147	tumor cells	CN3	reg052_B	26	229.27	103.87	652.68	220.03
reg052_B_00529	517	211	tumor cells	CN3	reg052_B	26	248.02	165.3	111.04	287.39
reg052_B_00530	516	110	tumor cells	CN3	reg052_B	26	329.1	118.79	414.42	271.34
reg052_B_00531	513	188	tumor cells	CN3	reg052_B	26	251.23	129.53	2.09	364.63
reg052_B_00532	522	155	tumor cells	CN3	reg052_B	26	305.2	127.0	3034.17	320.08
reg052_B_00533	524	79	tumor cells	CN3	reg052_B	26	241.05	138.77	88.04	313.5
reg052_B_00534	518	326	tumor cells	CN3	reg052_B	26	292.23	90.48	424.4	473.29
reg052_B_00535	520	297	tumor cells	CN3	reg052_B	26	229.23	111.94	518.36	338.99
reg052_B_00536	522	377	tumor cells	CN3	reg052_B	26	418.85	42.97	0.0	334.72
reg052_B_00537	527	231	tumor cells	CN3	reg052_B	26	268.98	86.7	0.0	341.74
reg052_B_00538	534	169	tumor cells	CN3	reg052_B	26	332.96	102.81	0.0	299.37
reg052_B_00539	523	450	tumor cells	CN3	reg052_B	26	210.28	108.07	4.41	241.42
reg052_B_00540	526	467	tumor cells	CN3	reg052_B	26	139.87	64.42	21.28	113.19
reg052_B_00541	536	186	tumor cells	CN3	reg052_B	26	0.0	176.24	354.6	394.01
reg052_B_00542	532	568	tumor cells	CN3	reg052_B	26	422.45	115.65	3.52	222.27
reg052_B_00543	535	270	tumor cells	CN3	reg052_B	26	271.54	109.58	435.63	254.54
reg052_B_00544	538	119	tumor cells	CN3	reg052_B	26	210.46	95.31	1778.13	229.44
reg052_B_00545	484	1405	tumor cells	CN7	reg052_B	26	29.2	0.0	1673.52	511.78
reg052_B_00546	539	232	tumor cells	CN3	reg052_B	26	158.47	62.28	0.0	79.17
reg052_B_00547	541	88	tumor cells	CN3	reg052_B	26	283.82	78.71	63.33	280.44
reg052_B_00548	531	517	tumor cells	CN3	reg052_B	26	375.62	80.43	35.45	298.42
reg052_B_00549	511	534	tumor cells	CN3	reg052_B	26	354.71	156.86	0.0	293.43
reg052_B_00550	540	196	tumor cells	CN3	reg052_B	26	343.4	149.6	0.0	236.83
reg052_B_00551	546	130	tumor cells	CN3	reg052_B	26	302.42	121.38	0.0	306.49
reg052_B_00552	550	164	tumor cells	CN3	reg052_B	26	175.11	156.16	0.0	244.59
reg052_B_00553	545	152	tumor cells	CN3	reg052_B	26	143.04	173.89	432.63	199.03
reg052_B_00554	535	468	tumor cells	CN3	reg052_B	26	414.91	131.25	32.71	377.82
reg052_B_00555	553	99	tumor cells	CN3	reg052_B	26	280.31	92.12	432.25	312.3
reg052_B_00556	533	558	tumor cells	CN3	reg052_B	26	156.09	68.22	25.08	169.05
reg052_B_00557	538	362	tumor cells	CN3	reg052_B	26	40.59	301.5	0.0	32.22
reg052_B_00558	554	154	tumor cells	CN3	reg052_B	26	275.22	56.42	1353.16	277.72
reg052_B_00559	553	196	tumor cells	CN3	reg052_B	26	352.12	177.77	55.12	326.45
reg052_B_00560	553	222	tumor cells	CN3	reg052_B	26	240.85	123.64	131.53	334.49
reg052_B_00561	496	1406	tumor cells	CN7	reg052_B	26	1610.17	0.0	0.0	439.11
reg052_B_00562	546	322	tumor cells	CN3	reg052_B	26	0.0	89.95	0.0	407.83
reg052_B_00563	560	127	tumor cells	CN3	reg052_B	26	191.75	70.76	556.74	202.69
reg052_B_00564	556	387	tumor cells	CN3	reg052_B	26	243.46	41.04	240.92	184.32
reg052_B_00565	552	439	tumor cells	CN3	reg052_B	26	238.55	301.24	0.0	295.79
reg052_B_00566	556	492	tumor cells	CN3	reg052_B	26	29.67	77.29	170.62	348.3
reg052_B_00567	543	579	tumor cells	CN3	reg052_B	26	301.51	262.44	20.65	296.12
reg052_B_00568	539	524	tumor cells	CN3	reg052_B	26	104.06	128.21	0.0	99.19
reg052_B_00569	546	463	tumor cells	CN3	reg052_B	26	239.52	36.04	121.61	182.62
reg052_B_00570	560	241	tumor cells	CN3	reg052_B	26	228.05	87.25	0.0	170.75
reg052_B_00571	559	290	tumor cells	CN3	reg052_B	26	140.77	121.87	0.0	171.37
reg052_B_00572	549	364	tumor cells	CN3	reg052_B	26	1781.56	0.0	77.45	852.23
reg052_B_00573	564	151	tumor cells	CN3	reg052_B	26	288.88	118.34	0.0	300.57
reg052_B_00574	540	535	tumor cells	CN3	reg052_B	26	535.46	145.07	29.16	411.4
reg052_B_00575	563	326	tumor cells	CN3	reg052_B	26	210.77	125.09	383.89	292.11
reg052_B_00576	561	305	tumor cells	CN3	reg052_B	26	292.56	86.19	648.91	320.34
reg052_B_00577	517	1418	tumor cells	CN7	reg052_B	26	0.0	599.03	2774.46	384.88
reg052_B_00578	554	524	tumor cells	CN3	reg052_B	26	117.19	81.7	7.1	131.92
reg052_B_00579	554	598	tumor cells	CN7	reg052_B	26	267.53	0.0	16.58	121.71
reg052_B_00580	570	100	tumor cells	CN3	reg052_B	26	261.92	74.87	92.93	227.42
reg052_B_00581	578	113	tumor cells	CN3	reg052_B	26	337.33	118.96	0.0	325.52
reg052_B_00582	585	83	tumor cells	CN7	reg052_B	26	248.32	111.93	58.34	336.66
reg052_B_00583	583	152	tumor cells	CN3	reg052_B	26	96.44	82.76	0.0	140.51
reg052_B_00584	581	174	tumor cells	CN3	reg052_B	26	190.18	111.69	866.94	188.53
reg052_B_00585	564	469	tumor cells	CN3	reg052_B	26	211.28	133.78	0.0	155.44
reg052_B_00586	579	249	tumor cells	CN3	reg052_B	26	282.63	101.89	982.6	329.44
reg052_B_00587	572	337	tumor cells	CN3	reg052_B	26	523.73	30.53	0.0	305.05
reg052_B_00588	581	348	tumor cells	CN3	reg052_B	26	254.35	117.54	215.33	183.14
reg052_B_00589	566	386	tumor cells	CN3	reg052_B	26	314.03	171.49	1816.5	437.79
reg052_B_00590	591	301	tumor cells	CN3	reg052_B	26	279.47	105.49	0.0	294.3
reg052_B_00591	581	487	tumor cells	CN3	reg052_B	26	1164.42	110.96	1084.17	265.48
reg052_B_00592	577	556	tumor cells	CN3	reg052_B	26	38.16	218.89	36.15	67.85
reg052_B_00593	587	406	tumor cells	CN3	reg052_B	26	175.61	123.63	0.0	222.7
reg052_B_00594	591	365	tumor cells	CN3	reg052_B	26	378.42	83.68	52.06	475.51
reg052_B_00595	569	499	tumor cells	CN3	reg052_B	26	1981.19	108.13	0.0	173.32
reg052_B_00596	595	189	tumor cells	CN3	reg052_B	26	337.12	110.87	0.0	408.62
reg052_B_00597	581	568	tumor cells	CN3	reg052_B	26	309.91	66.75	4.31	308.4
reg052_B_00598	574	448	tumor cells	CN3	reg052_B	26	243.37	22.21	294.35	196.54
reg052_B_00599	597	320	tumor cells	CN3	reg052_B	26	233.43	117.52	468.99	360.59
reg052_B_00600	559	1139	tumor cells	CN4	reg052_B	26	340.64	415.53	1123.89	167.73
reg052_B_00601	600	122	tumor cells	CN3	reg052_B	26	98.7	87.0	1347.05	55.95
reg052_B_00602	590	545	tumor cells	CN3	reg052_B	26	242.29	619.72	0.0	185.79
reg052_B_00603	599	368	tumor cells	CN3	reg052_B	26	232.22	95.05	10.12	598.3
reg052_B_00604	590	614	tumor cells	CN7	reg052_B	26	60.15	153.34	0.0	253.4
reg052_B_00605	576	548	tumor cells	CN3	reg052_B	26	428.96	83.28	15.1	349.98
reg052_B_00606	593	513	tumor cells	CN3	reg052_B	26	1240.85	48.31	231.83	203.84
reg052_B_00607	574	697	tumor cells	CN5	reg052_B	26	394.7	663.58	2009.66	367.61
reg052_B_00608	598	436	tumor cells	CN3	reg052_B	26	197.28	110.95	0.0	313.96
reg052_B_00609	597	495	tumor cells	CN3	reg052_B	26	695.16	139.09	0.0	354.48
reg052_B_00610	606	206	tumor cells	CN3	reg052_B	26	104.43	28.02	1371.01	220.47
reg052_B_00611	600	264	tumor cells	CN3	reg052_B	26	238.06	139.86	383.9	208.12
reg052_B_00612	614	203	tumor cells	CN3	reg052_B	26	270.77	157.82	0.0	291.43
reg052_B_00613	595	463	tumor cells	CN3	reg052_B	26	298.34	139.18	547.42	330.92
reg052_B_00614	608	293	tumor cells	CN3	reg052_B	26	301.01	78.89	230.74	306.28
reg052_B_00615	608	327	tumor cells	CN3	reg052_B	26	352.39	61.28	634.42	238.19
reg052_B_00616	615	236	tumor cells	CN3	reg052_B	26	214.13	108.62	0.0	419.43
reg052_B_00617	625	34	tumor cells	CN8	reg052_B	26	320.0	64.75	150.91	277.93
reg052_B_00618	595	565	tumor cells	CN3	reg052_B	26	221.86	138.85	0.0	193.31
reg052_B_00619	604	578	tumor cells	CN3	reg052_B	26	281.87	178.96	158.18	150.74
reg052_B_00620	624	173	tumor cells	CN3	reg052_B	26	378.2	143.48	0.0	473.95
reg052_B_00621	620	183	tumor cells	CN3	reg052_B	26	142.37	34.72	1231.01	69.63
reg052_B_00622	617	414	tumor cells	CN3	reg052_B	26	320.42	97.59	1199.63	531.71
reg052_B_00623	624	330	tumor cells	CN3	reg052_B	26	195.72	112.0	578.61	213.3
reg052_B_00624	612	436	tumor cells	CN3	reg052_B	26	210.11	74.11	0.0	164.86
reg052_B_00625	615	447	tumor cells	CN3	reg052_B	26	245.26	86.6	143.12	281.72
reg052_B_00626	621	383	tumor cells	CN3	reg052_B	26	221.78	75.24	582.61	342.68
reg052_B_00627	627	193	tumor cells	CN3	reg052_B	26	168.41	140.47	0.0	214.59
reg052_B_00628	613	473	tumor cells	CN3	reg052_B	26	246.0	59.83	0.0	386.24
reg052_B_00629	602	618	tumor cells	CN7	reg052_B	26	615.37	190.43	50.94	244.29
reg052_B_00630	613	584	tumor cells	CN3	reg052_B	26	377.51	130.73	0.0	341.54
reg052_B_00631	624	580	tumor cells	CN3	reg052_B	26	0.95	88.22	0.0	128.38
reg052_B_00632	627	228	tumor cells	CN3	reg052_B	26	221.02	55.4	3239.85	218.33
reg052_B_00633	625	270	tumor cells	CN3	reg052_B	26	225.21	105.57	0.0	224.92
reg052_B_00634	625	294	tumor cells	CN3	reg052_B	26	195.83	122.3	0.0	122.62
reg052_B_00635	640	46	tumor cells	CN8	reg052_B	26	235.24	195.43	327.18	145.98
reg052_B_00636	620	431	tumor cells	CN3	reg052_B	26	229.41	90.57	48.18	250.84
reg052_B_00637	610	524	tumor cells	CN3	reg052_B	26	0.0	160.92	0.0	337.05
reg052_B_00638	630	306	tumor cells	CN3	reg052_B	26	261.95	92.07	261.21	374.4
reg052_B_00639	621	556	tumor cells	CN3	reg052_B	26	355.1	187.48	1057.57	326.14
reg052_B_00640	620	557	tumor cells	CN3	reg052_B	26	283.78	166.2	852.26	260.78
reg052_B_00641	638	273	tumor cells	CN3	reg052_B	26	257.66	97.28	2183.58	314.44
reg052_B_00642	584	1413	tumor cells	CN7	reg052_B	26	858.75	261.96	136.29	378.91
reg052_B_00643	631	366	tumor cells	CN3	reg052_B	26	291.9	94.07	644.69	193.03
reg052_B_00644	631	386	tumor cells	CN3	reg052_B	26	211.11	93.33	905.49	420.31
reg052_B_00645	631	443	tumor cells	CN3	reg052_B	26	208.11	76.64	0.0	164.52
reg052_B_00646	641	197	tumor cells	CN3	reg052_B	26	251.35	24.54	1614.8	293.52
reg052_B_00647	633	251	tumor cells	CN3	reg052_B	26	259.46	121.39	0.0	250.68
reg052_B_00648	644	232	tumor cells	CN3	reg052_B	26	217.84	92.74	0.0	207.03
reg052_B_00649	633	357	tumor cells	CN3	reg052_B	26	239.44	89.92	0.0	297.95
reg052_B_00650	604	1435	tumor cells	CN7	reg052_B	26	298.42	71.66	1028.35	356.91
reg052_B_00651	639	552	tumor cells	CN3	reg052_B	26	158.26	681.23	0.0	294.12
reg052_B_00652	635	470	tumor cells	CN3	reg052_B	26	294.74	124.78	0.0	330.42
reg052_B_00653	644	381	tumor cells	CN3	reg052_B	26	198.57	56.83	0.0	178.05
reg052_B_00654	641	540	tumor cells	CN3	reg052_B	26	161.7	304.48	0.0	363.13
reg052_B_00655	635	488	tumor cells	CN3	reg052_B	26	400.53	105.48	1537.33	357.03
reg052_B_00656	641	588	tumor cells	CN3	reg052_B	26	594.46	203.73	111.89	275.49
reg052_B_00657	655	227	tumor cells	CN3	reg052_B	26	306.63	294.72	228.87	468.84
reg052_B_00658	624	1436	tumor cells	CN7	reg052_B	26	291.4	861.82	1011.31	333.01
reg052_B_00659	652	329	tumor cells	CN3	reg052_B	26	285.04	90.81	0.0	269.13
reg052_B_00660	659	254	tumor cells	CN3	reg052_B	26	288.49	90.9	263.4	265.55
reg052_B_00661	657	273	tumor cells	CN3	reg052_B	26	190.48	142.02	0.0	248.91
reg052_B_00662	647	363	tumor cells	CN3	reg052_B	26	258.37	89.57	0.0	251.75
reg052_B_00663	657	346	tumor cells	CN3	reg052_B	26	258.28	88.79	406.89	229.47
reg052_B_00664	647	453	tumor cells	CN3	reg052_B	26	405.06	91.32	126.75	421.64
reg052_B_00665	668	259	tumor cells	CN3	reg052_B	26	238.26	90.07	40.77	216.04
reg052_B_00666	652	504	tumor cells	CN3	reg052_B	26	162.56	97.27	34.05	333.48
reg052_B_00667	655	418	tumor cells	CN3	reg052_B	26	295.67	135.48	0.0	685.05
reg052_B_00668	673	188	tumor cells	CN3	reg052_B	26	352.9	531.26	0.0	499.24
reg052_B_00669	680	179	tumor cells	CN7	reg052_B	26	166.35	0.0	176.58	55.36
reg052_B_00670	673	204	tumor cells	CN3	reg052_B	26	157.71	5.93	93.14	154.01
reg052_B_00671	670	124	tumor cells	CN9	reg052_B	26	286.69	227.02	0.0	299.5
reg052_B_00672	676	271	tumor cells	CN3	reg052_B	26	268.76	97.25	22.47	273.99
reg052_B_00673	677	280	tumor cells	CN3	reg052_B	26	271.04	76.9	141.86	230.97
reg052_B_00674	662	464	tumor cells	CN3	reg052_B	26	344.33	102.55	1270.56	311.86
reg052_B_00675	672	518	tumor cells	CN3	reg052_B	26	209.78	137.53	1061.76	148.06
reg052_B_00676	671	584	tumor cells	CN3	reg052_B	26	0.0	101.16	0.0	186.0
reg052_B_00677	683	362	tumor cells	CN3	reg052_B	26	214.99	80.21	0.0	229.53
reg052_B_00678	684	534	tumor cells	CN3	reg052_B	26	0.0	71.37	252.65	231.67
reg052_B_00679	688	335	tumor cells	CN3	reg052_B	26	179.69	51.07	0.0	124.03
reg052_B_00680	688	383	tumor cells	CN3	reg052_B	26	216.89	90.65	183.33	155.72
reg052_B_00681	683	544	tumor cells	CN3	reg052_B	26	1087.7	182.94	213.73	278.89
reg052_B_00682	685	319	tumor cells	CN3	reg052_B	26	201.3	129.89	286.67	273.44
reg052_B_00683	653	1433	tumor cells	CN7	reg052_B	26	505.53	0.0	226.39	231.07
reg052_B_00684	686	470	tumor cells	CN3	reg052_B	26	116.8	82.29	361.95	136.24
reg052_B_00685	694	196	tumor cells	CN7	reg052_B	26	249.98	79.69	0.0	197.03
reg052_B_00686	686	602	tumor cells	CN3	reg052_B	26	164.97	156.16	0.0	234.19
reg052_B_00687	705	272	tumor cells	CN3	reg052_B	26	147.21	76.86	575.31	221.72
reg052_B_00688	707	212	tumor cells	CN7	reg052_B	26	237.55	148.0	919.04	276.38
reg052_B_00689	691	433	tumor cells	CN3	reg052_B	26	189.59	93.09	0.0	254.96
reg052_B_00690	698	228	tumor cells	CN7	reg052_B	26	265.12	77.19	968.74	310.67
reg052_B_00691	711	256	tumor cells	CN3	reg052_B	26	0.0	58.2	0.0	231.23
reg052_B_00692	682	1399	tumor cells	CN5	reg052_B	26	237.0	0.0	40.3	255.31
reg052_B_00693	707	529	tumor cells	CN3	reg052_B	26	334.68	83.49	932.27	239.44
reg052_B_00694	701	412	tumor cells	CN3	reg052_B	26	213.48	87.09	1484.63	357.49
reg052_B_00695	698	549	tumor cells	CN3	reg052_B	26	0.0	102.77	0.0	271.5
reg052_B_00696	701	503	tumor cells	CN3	reg052_B	26	153.56	130.66	1291.5	188.0
reg052_B_00697	694	525	tumor cells	CN3	reg052_B	26	246.44	128.5	0.0	226.15
reg052_B_00698	710	453	tumor cells	CN3	reg052_B	26	187.86	97.78	1030.86	206.39
reg052_B_00699	704	485	tumor cells	CN3	reg052_B	26	245.84	58.56	320.34	230.14
reg052_B_00700	718	340	tumor cells	CN3	reg052_B	26	195.05	101.45	1768.03	269.37
reg052_B_00701	719	269	tumor cells	CN3	reg052_B	26	329.58	92.08	192.77	255.36
reg052_B_00702	704	609	tumor cells	CN7	reg052_B	26	253.67	250.34	341.64	167.37
reg052_B_00703	720	314	tumor cells	CN3	reg052_B	26	325.34	76.94	0.0	248.98
reg052_B_00704	724	304	tumor cells	CN3	reg052_B	26	138.16	107.57	212.39	200.31
reg052_B_00705	721	401	tumor cells	CN3	reg052_B	26	206.81	85.59	583.53	118.6
reg052_B_00706	719	474	tumor cells	CN3	reg052_B	26	161.34	130.35	0.0	175.23
reg052_B_00707	676	1439	tumor cells	CN5	reg052_B	26	335.14	0.0	132.39	149.93
reg052_B_00708	716	518	tumor cells	CN3	reg052_B	26	150.45	115.61	105.4	219.68
reg052_B_00709	735	296	tumor cells	CN3	reg052_B	26	243.37	98.91	885.87	233.08
reg052_B_00710	744	179	tumor cells	CN7	reg052_B	26	435.8	0.0	37.47	135.05
reg052_B_00711	688	1247	tumor cells	CN1	reg052_B	26	0.0	0.0	0.0	57.43
reg052_B_00712	716	540	tumor cells	CN3	reg052_B	26	240.18	135.96	551.66	183.25
reg052_B_00713	720	507	tumor cells	CN3	reg052_B	26	152.11	61.83	266.04	150.01
reg052_B_00714	723	607	tumor cells	CN7	reg052_B	26	63.78	151.46	1363.77	4.57
reg052_B_00715	728	420	tumor cells	CN3	reg052_B	26	163.21	130.02	1729.38	298.31
reg052_B_00716	744	323	tumor cells	CN3	reg052_B	26	197.79	87.84	575.18	220.3
reg052_B_00717	746	310	tumor cells	CN3	reg052_B	26	200.11	97.61	421.16	243.46
reg052_B_00718	734	547	tumor cells	CN3	reg052_B	26	153.21	96.12	397.43	185.45
reg052_B_00719	740	451	tumor cells	CN3	reg052_B	26	202.44	60.89	0.0	177.4
reg052_B_00720	713	571	tumor cells	CN3	reg052_B	26	774.4	118.91	514.86	75.48
reg052_B_00721	740	526	tumor cells	CN3	reg052_B	26	230.87	103.17	477.8	247.27
reg052_B_00722	748	258	tumor cells	CN3	reg052_B	26	105.13	38.74	0.0	308.96
reg052_B_00723	741	469	tumor cells	CN3	reg052_B	26	195.96	113.2	728.52	247.4
reg052_B_00724	747	538	tumor cells	CN3	reg052_B	26	174.96	94.99	109.6	179.12
reg052_B_00725	718	1245	tumor cells	CN1	reg052_B	26	0.0	320.46	0.02	0.0
reg052_B_00726	763	202	tumor cells	CN7	reg052_B	26	2836.79	373.97	17.65	501.37
reg052_B_00727	757	346	tumor cells	CN3	reg052_B	26	209.13	80.64	271.93	282.74
reg052_B_00728	765	267	tumor cells	CN3	reg052_B	26	170.59	273.26	180.31	205.58
reg052_B_00729	760	327	tumor cells	CN3	reg052_B	26	245.05	75.65	0.0	211.87
reg052_B_00730	756	431	tumor cells	CN3	reg052_B	26	184.84	132.83	119.64	217.19
reg052_B_00731	757	488	tumor cells	CN3	reg052_B	26	152.36	81.04	1285.96	147.12
reg052_B_00732	766	424	tumor cells	CN3	reg052_B	26	229.98	75.17	190.52	245.22
reg052_B_00733	767	531	tumor cells	CN3	reg052_B	26	246.89	92.55	945.39	236.6
reg052_B_00734	779	278	tumor cells	CN3	reg052_B	26	147.27	0.0	487.64	188.47
reg052_B_00735	773	293	tumor cells	CN3	reg052_B	26	323.94	133.83	1599.22	227.49
reg052_B_00736	778	422	tumor cells	CN3	reg052_B	26	63.41	152.29	0.0	138.33
reg052_B_00737	777	313	tumor cells	CN3	reg052_B	26	237.92	129.64	608.38	302.71
reg052_B_00738	771	483	tumor cells	CN3	reg052_B	26	226.8	87.87	0.0	245.62
reg052_B_00739	772	440	tumor cells	CN3	reg052_B	26	63.47	78.17	2113.28	212.37
reg052_B_00740	770	539	tumor cells	CN3	reg052_B	26	168.83	118.23	0.0	228.04
reg052_B_00741	774	491	tumor cells	CN3	reg052_B	26	212.76	110.25	0.0	231.87
reg052_B_00742	776	506	tumor cells	CN3	reg052_B	26	107.65	75.78	132.94	330.4
reg052_B_00743	780	590	tumor cells	CN3	reg052_B	26	113.72	212.82	78.51	128.23
reg052_B_00744	796	294	tumor cells	CN3	reg052_B	26	429.14	179.39	0.0	319.71
reg052_B_00745	796	338	tumor cells	CN3	reg052_B	26	207.19	34.33	0.0	127.75
reg052_B_00746	793	365	tumor cells	CN3	reg052_B	26	199.48	56.52	72.67	167.13
reg052_B_00747	736	1387	tumor cells	CN5	reg052_B	26	380.84	2266.1	1235.39	402.72
reg052_B_00748	792	469	tumor cells	CN3	reg052_B	26	631.69	105.64	0.0	248.41
reg052_B_00749	795	308	tumor cells	CN3	reg052_B	26	368.6	84.22	297.65	335.3
reg052_B_00750	788	510	tumor cells	CN3	reg052_B	26	327.46	162.0	0.0	234.58
reg052_B_00751	801	318	tumor cells	CN3	reg052_B	26	181.34	142.67	596.05	229.75
reg052_B_00752	806	377	tumor cells	CN3	reg052_B	26	280.29	108.19	144.01	288.74
reg052_B_00753	806	440	tumor cells	CN3	reg052_B	26	1532.55	92.72	272.03	250.87
reg052_B_00754	805	250	tumor cells	CN3	reg052_B	26	413.15	437.2	0.0	316.4
reg052_B_00755	800	487	tumor cells	CN3	reg052_B	26	164.24	97.95	2188.49	255.54
reg052_B_00756	797	570	tumor cells	CN3	reg052_B	26	186.37	162.26	603.43	219.22
reg052_B_00757	798	543	tumor cells	CN3	reg052_B	26	305.85	97.05	55.74	278.45
reg052_B_00758	799	591	tumor cells	CN3	reg052_B	26	311.19	100.2	333.75	316.49
reg052_B_00759	821	225	tumor cells	CN7	reg052_B	26	0.0	91.53	1782.47	91.12
reg052_B_00760	812	297	tumor cells	CN3	reg052_B	26	332.64	136.29	570.05	318.49
reg052_B_00761	817	455	tumor cells	CN3	reg052_B	26	0.0	86.98	0.0	203.48
reg052_B_00762	810	533	tumor cells	CN3	reg052_B	26	185.18	92.5	71.76	227.74
reg052_B_00763	818	417	tumor cells	CN3	reg052_B	26	92.63	76.88	27.6	198.94
reg052_B_00764	823	282	tumor cells	CN3	reg052_B	26	82.17	10.08	723.18	133.06
reg052_B_00765	821	472	tumor cells	CN3	reg052_B	26	739.91	102.06	0.0	212.83
reg052_B_00766	825	312	tumor cells	CN3	reg052_B	26	102.95	73.74	179.45	140.89
reg052_B_00767	828	301	tumor cells	CN3	reg052_B	26	378.62	109.17	0.0	302.29
reg052_B_00768	839	264	tumor cells	CN3	reg052_B	26	476.7	178.12	424.34	331.96
reg052_B_00769	827	431	tumor cells	CN3	reg052_B	26	536.32	137.92	606.87	342.47
reg052_B_00770	829	364	tumor cells	CN3	reg052_B	26	216.57	72.95	452.75	203.66
reg052_B_00771	820	517	tumor cells	CN3	reg052_B	26	138.81	86.9	137.24	131.73
reg052_B_00772	838	337	tumor cells	CN3	reg052_B	26	263.4	68.84	140.49	242.12
reg052_B_00773	826	484	tumor cells	CN3	reg052_B	26	132.79	120.73	0.0	228.56
reg052_B_00774	845	422	tumor cells	CN3	reg052_B	26	181.29	95.64	1146.82	188.12
reg052_B_00775	829	540	tumor cells	CN3	reg052_B	26	197.46	97.53	133.96	136.4
reg052_B_00776	829	618	tumor cells	CN7	reg052_B	26	329.11	22.9	0.0	168.02
reg052_B_00777	854	327	tumor cells	CN3	reg052_B	26	217.23	87.86	273.92	225.53
reg052_B_00778	847	509	tumor cells	CN3	reg052_B	26	107.95	97.62	867.8	164.08
reg052_B_00779	862	357	tumor cells	CN3	reg052_B	26	343.19	76.62	5.12	222.97
reg052_B_00780	841	517	tumor cells	CN3	reg052_B	26	196.66	121.71	152.68	190.5
reg052_B_00781	862	382	tumor cells	CN3	reg052_B	26	197.24	111.66	183.02	178.64
reg052_B_00782	853	534	tumor cells	CN3	reg052_B	26	55.59	138.9	1151.4	119.62
reg052_B_00783	859	549	tumor cells	CN3	reg052_B	26	354.97	113.46	323.41	276.89
reg052_B_00784	872	363	tumor cells	CN3	reg052_B	26	188.98	120.89	0.0	214.09
reg052_B_00785	867	535	tumor cells	CN3	reg052_B	26	140.18	110.85	86.56	142.55
reg052_B_00786	882	328	tumor cells	CN3	reg052_B	26	0.0	77.21	655.87	181.01
reg052_B_00787	894	313	tumor cells	CN3	reg052_B	26	1284.28	102.49	486.1	262.87
reg052_B_00788	887	400	tumor cells	CN3	reg052_B	26	152.66	60.51	269.02	188.0
reg052_B_00789	884	525	tumor cells	CN3	reg052_B	26	283.09	281.94	0.0	251.65
reg052_B_00790	884	570	tumor cells	CN7	reg052_B	26	460.27	153.49	0.0	236.24
reg052_B_00791	886	492	tumor cells	CN3	reg052_B	26	274.99	117.0	500.88	244.58
reg052_B_00792	885	579	tumor cells	CN7	reg052_B	26	0.0	40.52	183.28	68.25
reg052_B_00793	894	509	tumor cells	CN3	reg052_B	26	143.54	46.9	1085.72	155.84
reg052_B_00794	898	455	tumor cells	CN3	reg052_B	26	225.21	66.28	307.83	189.54
reg052_B_00795	901	551	tumor cells	CN3	reg052_B	26	109.47	74.18	648.93	102.43
reg052_B_00796	905	402	tumor cells	CN3	reg052_B	26	281.66	17.5	0.0	220.89
reg052_B_00797	910	530	tumor cells	CN3	reg052_B	26	173.28	96.38	652.59	206.73
reg052_B_00798	907	485	tumor cells	CN3	reg052_B	26	157.44	87.29	405.53	164.51
reg052_B_00799	908	508	tumor cells	CN3	reg052_B	26	236.8	89.06	1406.9	225.98
reg052_B_00800	916	394	tumor cells	CN3	reg052_B	26	262.43	92.64	384.73	260.41
reg052_B_00801	913	437	tumor cells	CN3	reg052_B	26	247.14	114.38	55.55	227.75
reg052_B_00802	919	506	tumor cells	CN3	reg052_B	26	222.0	91.9	106.43	196.31
reg052_B_00803	863	1439	tumor cells	CN1	reg052_B	26	398.78	213.62	410.99	321.5
reg052_B_00804	927	316	tumor cells	CN7	reg052_B	26	0.0	42.57	393.42	231.66
reg052_B_00805	918	492	tumor cells	CN3	reg052_B	26	216.59	80.1	180.5	198.26
reg052_B_00806	928	387	tumor cells	CN3	reg052_B	26	174.91	332.84	0.0	223.02
reg052_B_00807	921	465	tumor cells	CN3	reg052_B	26	250.47	110.67	56.38	232.63
reg052_B_00808	922	535	tumor cells	CN3	reg052_B	26	157.34	12.99	41.05	168.61
reg052_B_00809	938	336	tumor cells	CN3	reg052_B	26	0.0	52.48	0.0	275.83
reg052_B_00810	943	459	tumor cells	CN3	reg052_B	26	205.05	134.03	59.51	248.91
reg052_B_00811	946	341	tumor cells	CN3	reg052_B	26	210.1	133.64	69.28	224.8
reg052_B_00812	935	409	tumor cells	CN3	reg052_B	26	193.8	569.19	4.94	261.49
reg052_B_00813	943	506	tumor cells	CN3	reg052_B	26	208.07	88.13	0.0	196.09
reg052_B_00814	930	503	tumor cells	CN3	reg052_B	26	186.35	103.55	1137.45	201.63
reg052_B_00815	944	382	tumor cells	CN3	reg052_B	26	229.3	354.65	749.07	304.06
reg052_B_00816	946	478	tumor cells	CN3	reg052_B	26	191.93	83.22	579.25	172.9
reg052_B_00817	935	528	tumor cells	CN3	reg052_B	26	117.72	115.22	299.64	111.39
reg052_B_00818	950	364	tumor cells	CN3	reg052_B	26	279.08	71.42	312.73	142.71
reg052_B_00819	955	461	tumor cells	CN3	reg052_B	26	218.37	40.55	69.39	196.93
reg052_B_00820	961	424	tumor cells	CN3	reg052_B	26	265.97	0.0	821.74	268.62
reg052_B_00821	962	381	tumor cells	CN3	reg052_B	26	229.24	0.0	372.91	250.73
reg052_B_00822	963	443	tumor cells	CN3	reg052_B	26	210.79	143.93	1125.73	174.34
reg052_B_00823	968	546	tumor cells	CN3	reg052_B	26	260.83	225.48	1903.34	259.93
reg052_B_00824	973	461	tumor cells	CN3	reg052_B	26	194.22	99.06	29.4	220.54
reg052_B_00825	975	417	tumor cells	CN3	reg052_B	26	180.28	216.36	570.96	200.21
reg052_B_00826	986	466	tumor cells	CN3	reg052_B	26	115.52	77.48	1270.61	190.03
reg052_B_00827	996	362	tumor cells	CN3	reg052_B	26	247.96	204.3	39.07	224.91
reg052_B_00828	1000	436	tumor cells	CN3	reg052_B	26	282.9	46.44	606.42	219.86
reg052_B_00829	1000	469	tumor cells	CN3	reg052_B	26	306.96	112.76	120.63	247.7
reg052_B_00830	1000	493	tumor cells	CN3	reg052_B	26	63.95	86.45	0.0	177.23
reg052_B_00831	981	1293	tumor cells	CN5	reg052_B	26	0.0	2237.58	7.2	105.29
reg052_B_00832	1014	463	tumor cells	CN3	reg052_B	26	47.71	26.62	107.57	40.11
reg052_B_00833	1014	525	tumor cells	CN7	reg052_B	26	0.0	71.08	0.0	152.98
reg052_B_00834	1010	508	tumor cells	CN3	reg052_B	26	350.58	70.05	1239.74	196.39
reg052_B_00835	1026	441	tumor cells	CN3	reg052_B	26	216.12	214.83	0.0	237.87
reg052_B_00836	1033	499	tumor cells	CN3	reg052_B	26	389.8	133.2	99.64	234.52
reg052_B_00837	1034	478	tumor cells	CN3	reg052_B	26	309.28	158.44	0.0	284.49
reg052_B_00838	1007	866	tumor cells	CN5	reg052_B	26	0.0	0.0	1.94	0.0
reg052_B_00839	1053	507	tumor cells	CN3	reg052_B	26	248.47	82.94	71.12	205.58
reg052_B_00840	1054	534	tumor cells	CN3	reg052_B	26	223.33	114.86	0.0	194.42
reg052_B_00841	1061	585	tumor cells	CN4	reg052_B	26	0.0	164.93	10.6	578.84
reg052_B_00842	1081	533	tumor cells	CN7	reg052_B	26	0.0	606.8	2.6	335.71
reg052_B_00843	1180	1185	tumor cells	CN1	reg052_B	26	80.52	0.0	0.0	693.93
reg052_B_00844	1281	200	tumor cells	CN9	reg052_B	26	125.33	107.83	54.87	169.64
reg052_B_00845	1298	14	tumor cells	CN7	reg052_B	26	328.08	612.34	1279.94	445.63
reg052_B_00846	1308	217	tumor cells	CN9	reg052_B	26	383.29	147.38	352.86	342.02
reg052_B_00847	1350	257	tumor cells	CN8	reg052_B	26	274.7	131.16	492.17	256.67
reg052_B_00848	1357	16	tumor cells	CN3	reg052_B	26	291.43	56.43	49.93	153.21
reg052_B_00849	1355	145	tumor cells	CN9	reg052_B	26	323.48	186.7	25.2	335.14
reg052_B_00850	1352	336	tumor cells	CN8	reg052_B	26	567.36	86.77	103.14	215.11
reg052_B_00851	1375	49	tumor cells	CN3	reg052_B	26	320.92	176.83	0.0	334.65
reg052_B_00852	1379	29	tumor cells	CN3	reg052_B	26	348.0	37.03	384.94	194.33
reg052_B_00853	1375	231	tumor cells	CN9	reg052_B	26	317.15	96.64	11.17	882.73
reg052_B_00854	1373	336	tumor cells	CN7	reg052_B	26	352.39	144.22	0.0	401.58
reg052_B_00855	1389	54	tumor cells	CN3	reg052_B	26	19.47	65.33	40.48	0.0
reg052_B_00856	1398	54	tumor cells	CN3	reg052_B	26	349.06	130.61	134.93	544.33
reg052_B_00857	1402	25	tumor cells	CN3	reg052_B	26	230.79	166.69	90.22	230.89
reg052_B_00858	1397	255	tumor cells	CN9	reg052_B	26	232.19	118.38	59.68	226.27
reg052_B_00859	1394	431	tumor cells	CN7	reg052_B	26	124.25	155.7	797.75	200.83
reg052_B_00860	1357	1439	tumor cells	CN4	reg052_B	26	212.06	231.26	13.61	333.59
reg052_B_00861	1418	38	tumor cells	CN3	reg052_B	26	318.36	109.76	214.34	555.09
reg052_B_00862	1399	416	tumor cells	CN7	reg052_B	26	266.3	105.07	86.68	305.88
reg052_B_00863	1423	80	tumor cells	CN3	reg052_B	26	3.98	227.37	2734.13	199.57
reg052_B_00864	1427	59	tumor cells	CN3	reg052_B	26	172.07	95.44	0.0	533.69
reg052_B_00865	1429	18	tumor cells	CN3	reg052_B	26	295.63	155.11	1441.62	283.26
reg052_B_00866	1413	371	tumor cells	CN3	reg052_B	26	411.8	138.22	356.61	652.76
reg052_B_00867	1391	779	tumor cells	CN8	reg052_B	26	185.64	180.31	8.17	221.96
reg052_B_00868	1442	27	tumor cells	CN3	reg052_B	26	255.85	83.83	0.0	382.49
reg052_B_00869	1420	420	tumor cells	CN3	reg052_B	26	263.46	97.83	0.0	316.38
reg052_B_00870	1418	346	tumor cells	CN3	reg052_B	26	157.83	83.21	927.24	301.19
reg052_B_00871	1436	333	tumor cells	CN3	reg052_B	26	184.97	68.36	311.11	170.93
reg052_B_00872	1439	298	tumor cells	CN9	reg052_B	26	123.63	78.41	17.63	199.92
reg052_B_00873	1444	362	tumor cells	CN3	reg052_B	26	268.31	66.98	0.0	273.55
reg052_B_00874	1443	260	tumor cells	CN9	reg052_B	26	301.27	117.06	215.64	347.49
reg052_B_00875	1437	419	tumor cells	CN3	reg052_B	26	207.79	200.43	257.03	311.95
reg052_B_00876	1443	387	tumor cells	CN3	reg052_B	26	247.54	103.88	666.53	300.2
reg052_B_00877	1431	442	tumor cells	CN7	reg052_B	26	221.01	85.71	0.0	249.34
reg052_B_00878	1463	88	tumor cells	CN3	reg052_B	26	335.28	197.72	971.71	416.03
reg052_B_00879	1455	339	tumor cells	CN3	reg052_B	26	249.71	63.11	155.09	206.47
reg052_B_00880	1462	327	tumor cells	CN3	reg052_B	26	243.52	60.43	0.0	268.53
reg052_B_00881	1476	16	tumor cells	CN3	reg052_B	26	255.14	658.48	515.39	268.16
reg052_B_00882	1457	452	tumor cells	CN7	reg052_B	26	293.46	108.29	1954.32	307.92
reg052_B_00883	1474	69	tumor cells	CN3	reg052_B	26	242.47	127.29	239.89	251.47
reg052_B_00884	1468	393	tumor cells	CN3	reg052_B	26	161.11	31.35	241.19	110.65
reg052_B_00885	1478	32	tumor cells	CN3	reg052_B	26	297.52	175.5	1619.8	279.64
reg052_B_00886	1473	342	tumor cells	CN3	reg052_B	26	200.38	50.85	0.0	167.95
reg052_B_00887	1483	299	tumor cells	CN3	reg052_B	26	84.96	65.71	823.9	328.84
reg052_B_00888	1482	379	tumor cells	CN3	reg052_B	26	168.97	66.37	0.0	309.05
reg052_B_00889	1501	25	tumor cells	CN3	reg052_B	26	260.64	468.0	0.0	303.02
reg052_B_00890	1485	328	tumor cells	CN3	reg052_B	26	181.6	81.24	576.26	212.23
reg052_B_00891	1483	447	tumor cells	CN3	reg052_B	26	167.57	91.02	0.0	171.2
reg052_B_00892	1495	160	tumor cells	CN9	reg052_B	26	149.21	222.69	1389.15	223.93
reg052_B_00893	1491	307	tumor cells	CN3	reg052_B	26	248.9	109.42	944.21	206.96
reg052_B_00894	1484	402	tumor cells	CN3	reg052_B	26	268.51	150.19	70.77	326.35
reg052_B_00895	1510	31	tumor cells	CN3	reg052_B	26	102.96	49.27	135.45	171.93
reg052_B_00896	1496	397	tumor cells	CN3	reg052_B	26	252.66	87.8	24.21	109.65
reg052_B_00897	1491	426	tumor cells	CN3	reg052_B	26	63.56	103.27	0.0	111.32
reg052_B_00898	1495	439	tumor cells	CN3	reg052_B	26	327.48	78.69	156.77	314.64
reg052_B_00899	1507	283	tumor cells	CN3	reg052_B	26	59.23	84.73	1378.29	136.76
reg052_B_00900	1504	326	tumor cells	CN3	reg052_B	26	152.1	68.77	167.92	212.34
reg052_B_00901	1516	71	tumor cells	CN3	reg052_B	26	105.28	364.6	1731.46	229.69
reg052_B_00902	1518	53	tumor cells	CN3	reg052_B	26	409.58	0.0	763.11	170.68
reg052_B_00903	1510	340	tumor cells	CN3	reg052_B	26	239.17	108.68	880.01	251.59
reg052_B_00904	1507	518	tumor cells	CN8	reg052_B	26	292.6	27.54	8.8	213.55
reg052_B_00905	1519	63	tumor cells	CN3	reg052_B	26	233.79	335.15	0.0	519.94
reg052_B_00906	1525	23	tumor cells	CN3	reg052_B	26	271.27	104.68	1380.16	279.17
reg052_B_00907	1512	359	tumor cells	CN3	reg052_B	26	260.66	85.67	0.0	193.27
reg052_B_00908	1531	12	tumor cells	CN3	reg052_B	26	388.59	114.27	877.37	234.68
reg052_B_00909	1531	46	tumor cells	CN3	reg052_B	26	190.17	146.11	461.49	265.86
reg052_B_00910	1523	262	tumor cells	CN3	reg052_B	26	60.21	82.46	46.65	123.54
reg052_B_00911	1531	82	tumor cells	CN3	reg052_B	26	228.28	166.71	16.15	520.27
reg052_B_00912	1533	34	tumor cells	CN3	reg052_B	26	81.49	127.52	567.45	153.77
reg052_B_00913	1529	275	tumor cells	CN3	reg052_B	26	87.76	78.75	756.03	169.3
reg052_B_00914	1537	57	tumor cells	CN3	reg052_B	26	299.85	31.32	838.83	187.04
reg052_B_00915	1517	383	tumor cells	CN3	reg052_B	26	220.54	92.84	393.63	841.94
reg052_B_00916	1511	417	tumor cells	CN3	reg052_B	26	132.05	103.37	0.0	152.7
reg052_B_00917	1534	253	tumor cells	CN3	reg052_B	26	264.45	99.26	350.24	365.15
reg052_B_00918	1531	432	tumor cells	CN3	reg052_B	26	355.84	115.43	59.49	315.49
reg052_B_00919	1530	299	tumor cells	CN3	reg052_B	26	574.77	85.46	0.0	206.92
reg052_B_00920	1530	356	tumor cells	CN3	reg052_B	26	359.31	108.64	0.0	354.71
reg052_B_00921	1546	39	tumor cells	CN3	reg052_B	26	404.61	157.88	0.0	451.48
reg052_B_00922	1521	315	tumor cells	CN3	reg052_B	26	143.54	117.98	46.17	241.64
reg052_B_00923	1528	524	tumor cells	CN7	reg052_B	26	161.31	76.54	18.29	170.63
reg052_B_00924	1541	87	tumor cells	CN3	reg052_B	26	188.81	386.45	126.33	329.39
reg052_B_00925	1550	56	tumor cells	CN3	reg052_B	26	291.65	164.31	0.0	331.99
reg052_B_00926	1552	98	tumor cells	CN3	reg052_B	26	144.24	27.29	96.2	111.59
reg052_B_00927	1557	44	tumor cells	CN3	reg052_B	26	138.05	112.54	389.65	105.36
reg052_B_00928	1558	70	tumor cells	CN3	reg052_B	26	205.24	90.59	1548.58	154.8
reg052_B_00929	1558	87	tumor cells	CN3	reg052_B	26	379.16	57.26	1258.15	332.27
reg052_B_00930	1542	502	tumor cells	CN3	reg052_B	26	145.92	107.9	0.0	211.95
reg052_B_00931	1552	253	tumor cells	CN3	reg052_B	26	138.67	126.39	365.16	140.39
reg052_B_00932	1551	283	tumor cells	CN3	reg052_B	26	275.67	109.61	565.7	244.21
reg052_B_00933	1552	361	tumor cells	CN3	reg052_B	26	236.47	87.27	1491.17	179.97
reg052_B_00934	1563	144	tumor cells	CN7	reg052_B	26	1745.22	0.0	0.0	216.91
reg052_B_00935	1553	449	tumor cells	CN3	reg052_B	26	266.51	62.1	0.0	181.18
reg052_B_00936	1560	335	tumor cells	CN3	reg052_B	26	256.57	90.85	584.0	275.75
reg052_B_00937	1572	44	tumor cells	CN3	reg052_B	26	229.71	194.3	0.0	542.67
reg052_B_00938	1572	63	tumor cells	CN3	reg052_B	26	188.91	98.54	0.0	183.7
reg052_B_00939	1565	310	tumor cells	CN3	reg052_B	26	197.83	182.78	1410.5	239.78
reg052_B_00940	1565	383	tumor cells	CN3	reg052_B	26	266.43	99.53	0.0	683.51
reg052_B_00941	1575	114	tumor cells	CN3	reg052_B	26	154.07	100.23	0.0	223.16
reg052_B_00942	1565	444	tumor cells	CN3	reg052_B	26	178.84	118.95	0.0	296.2
reg052_B_00943	1562	265	tumor cells	CN3	reg052_B	26	245.62	61.75	87.54	242.22
reg052_B_00944	1580	71	tumor cells	CN3	reg052_B	26	311.75	129.29	1442.27	287.96
reg052_B_00945	1575	270	tumor cells	CN3	reg052_B	26	218.36	199.67	115.58	390.61
reg052_B_00946	1555	471	tumor cells	CN3	reg052_B	26	178.05	97.04	758.37	241.6
reg052_B_00947	1569	464	tumor cells	CN3	reg052_B	26	256.03	82.64	673.91	271.37
reg052_B_00948	1571	246	tumor cells	CN3	reg052_B	26	198.34	134.22	0.0	147.46
reg052_B_00949	1585	129	tumor cells	CN3	reg052_B	26	680.08	20.84	990.34	243.13
reg052_B_00950	1589	66	tumor cells	CN3	reg052_B	26	237.25	145.47	0.0	231.83
reg052_B_00951	1578	332	tumor cells	CN3	reg052_B	26	198.5	102.51	83.91	177.36
reg052_B_00952	1589	158	tumor cells	CN3	reg052_B	26	373.8	0.0	0.0	241.5
reg052_B_00953	1574	382	tumor cells	CN3	reg052_B	26	240.38	157.18	90.99	111.74
reg052_B_00954	1596	75	tumor cells	CN3	reg052_B	26	306.49	69.19	270.28	269.35
reg052_B_00955	1580	309	tumor cells	CN3	reg052_B	26	293.6	0.0	0.0	338.85
reg052_B_00956	1592	345	tumor cells	CN3	reg052_B	26	345.23	22.28	43.66	272.6
reg052_B_00957	1584	411	tumor cells	CN3	reg052_B	26	405.49	139.0	404.81	610.06
reg052_B_00958	1596	318	tumor cells	CN3	reg052_B	26	243.5	367.3	683.3	353.11
reg052_B_00959	1609	18	tumor cells	CN3	reg052_B	26	200.34	0.0	539.5	91.29
reg052_B_00960	1580	507	tumor cells	CN3	reg052_B	26	112.37	113.04	0.0	233.28
reg052_B_00961	1602	252	tumor cells	CN3	reg052_B	26	631.53	0.0	270.52	146.78
reg052_B_00962	1596	459	tumor cells	CN3	reg052_B	26	184.68	73.33	738.89	165.58
reg052_B_00963	1593	388	tumor cells	CN3	reg052_B	26	154.56	73.68	0.0	241.44
reg052_B_00964	1616	54	tumor cells	CN3	reg052_B	26	184.9	78.88	285.65	260.22
reg052_B_00965	1615	116	tumor cells	CN3	reg052_B	26	201.91	147.2	0.0	455.07
reg052_B_00966	1605	399	tumor cells	CN3	reg052_B	26	227.89	105.5	190.3	282.87
reg052_B_00967	1611	324	tumor cells	CN3	reg052_B	26	205.08	364.88	171.39	272.79
reg052_B_00968	1606	377	tumor cells	CN3	reg052_B	26	315.01	140.49	0.0	243.71
reg052_B_00969	1623	70	tumor cells	CN3	reg052_B	26	316.45	142.17	128.87	256.65
reg052_B_00970	1611	446	tumor cells	CN3	reg052_B	26	250.94	87.31	0.0	286.01
reg052_B_00971	1632	23	tumor cells	CN3	reg052_B	26	311.06	256.88	198.33	372.06
reg052_B_00972	1621	259	tumor cells	CN3	reg052_B	26	520.48	708.08	1699.33	499.12
reg052_B_00973	1617	459	tumor cells	CN3	reg052_B	26	242.24	83.61	798.11	210.55
reg052_B_00974	1634	54	tumor cells	CN3	reg052_B	26	316.86	152.5	0.0	316.83
reg052_B_00975	1623	161	tumor cells	CN3	reg052_B	26	568.25	0.0	0.0	267.06
reg052_B_00976	1624	135	tumor cells	CN3	reg052_B	26	171.01	464.17	692.0	244.84
reg052_B_00977	1622	345	tumor cells	CN3	reg052_B	26	266.74	195.19	0.0	199.23
reg052_B_00978	1613	525	tumor cells	CN7	reg052_B	26	0.0	54.44	5.56	50.12
reg052_B_00979	1627	363	tumor cells	CN3	reg052_B	26	160.19	49.07	804.71	288.26
reg052_B_00980	1638	89	tumor cells	CN3	reg052_B	26	278.45	79.74	2130.29	129.92
reg052_B_00981	1642	61	tumor cells	CN3	reg052_B	26	173.65	30.32	0.0	155.39
reg052_B_00982	1626	402	tumor cells	CN3	reg052_B	26	228.06	95.82	0.0	229.06
reg052_B_00983	1652	120	tumor cells	CN3	reg052_B	26	356.09	309.98	302.62	286.11
reg052_B_00984	1652	157	tumor cells	CN3	reg052_B	26	62.0	277.08	0.0	261.61
reg052_B_00985	1634	452	tumor cells	CN3	reg052_B	26	236.96	68.86	0.0	195.1
reg052_B_00986	1650	277	tumor cells	CN3	reg052_B	26	256.96	0.0	972.79	277.81
reg052_B_00987	1658	52	tumor cells	CN3	reg052_B	26	263.81	157.39	97.78	325.02
reg052_B_00988	1657	290	tumor cells	CN3	reg052_B	26	367.35	520.61	313.75	337.98
reg052_B_00989	1654	436	tumor cells	CN3	reg052_B	26	184.89	83.05	938.94	184.69
reg052_B_00990	1651	515	tumor cells	CN3	reg052_B	26	336.18	167.61	300.24	293.07
reg052_B_00991	1667	91	tumor cells	CN3	reg052_B	26	236.79	19.26	0.0	248.41
reg052_B_00992	1661	304	tumor cells	CN3	reg052_B	26	175.31	0.0	0.0	162.29
reg052_B_00993	1654	458	tumor cells	CN3	reg052_B	26	314.23	99.53	194.35	328.03
reg052_B_00994	1654	501	tumor cells	CN3	reg052_B	26	476.29	62.41	176.1	248.76
reg052_B_00995	1645	438	tumor cells	CN3	reg052_B	26	112.12	71.35	902.78	121.57
reg052_B_00996	1656	372	tumor cells	CN3	reg052_B	26	222.58	125.46	0.0	250.45
reg052_B_00997	1671	132	tumor cells	CN3	reg052_B	26	233.14	14.82	0.0	314.2
reg052_B_00998	1663	436	tumor cells	CN3	reg052_B	26	273.7	54.15	227.91	212.13
reg052_B_00999	1672	310	tumor cells	CN3	reg052_B	26	494.97	612.9	154.28	404.84
reg052_B_01000	1666	401	tumor cells	CN3	reg052_B	26	244.24	78.01	0.0	230.77
reg052_B_01001	1666	480	tumor cells	CN3	reg052_B	26	233.9	189.01	161.4	304.75
reg052_B_01002	1676	152	tumor cells	CN3	reg052_B	26	191.18	164.82	750.11	256.24
reg052_B_01003	1692	51	tumor cells	CN3	reg052_B	26	255.12	226.98	347.24	509.0
reg052_B_01004	1678	489	tumor cells	CN3	reg052_B	26	203.07	52.55	279.28	213.22
reg052_B_01005	1698	24	tumor cells	CN3	reg052_B	26	332.16	292.49	60.03	297.61
reg052_B_01006	1694	142	tumor cells	CN3	reg052_B	26	301.9	131.4	178.35	360.53
reg052_B_01007	1702	45	tumor cells	CN3	reg052_B	26	143.62	0.0	619.4	123.79
reg052_B_01008	1692	334	tumor cells	CN3	reg052_B	26	239.11	80.58	2573.7	237.33
reg052_B_01009	1679	503	tumor cells	CN3	reg052_B	26	297.72	112.84	0.0	230.83
reg052_B_01010	1698	326	tumor cells	CN3	reg052_B	26	887.71	213.8	0.0	407.42
reg052_B_01011	1698	427	tumor cells	CN3	reg052_B	26	72.43	170.09	1411.42	278.39
reg052_B_01012	1699	377	tumor cells	CN3	reg052_B	26	216.47	135.85	23.47	272.58
reg052_B_01013	1714	33	tumor cells	CN3	reg052_B	26	299.98	250.77	643.5	289.69
reg052_B_01014	1718	79	tumor cells	CN3	reg052_B	26	250.2	149.69	349.23	238.2
reg052_B_01015	1714	50	tumor cells	CN3	reg052_B	26	297.59	79.86	0.0	214.78
reg052_B_01016	1702	498	tumor cells	CN3	reg052_B	26	265.43	142.23	109.07	304.99
reg052_B_01017	1696	473	tumor cells	CN3	reg052_B	26	248.25	91.59	941.62	245.83
reg052_B_01018	1712	476	tumor cells	CN3	reg052_B	26	251.24	122.69	0.0	268.67
reg052_B_01019	1714	277	tumor cells	CN9	reg052_B	26	253.8	498.61	1544.89	524.46
reg052_B_01020	1713	433	tumor cells	CN3	reg052_B	26	371.5	107.56	0.0	267.63
reg052_B_01021	1725	108	tumor cells	CN3	reg052_B	26	252.83	37.5	0.0	218.75
reg052_B_01022	1729	63	tumor cells	CN3	reg052_B	26	210.95	50.3	0.0	189.08
reg052_B_01023	1730	149	tumor cells	CN3	reg052_B	26	478.51	110.69	361.71	256.43
reg052_B_01024	1733	46	tumor cells	CN3	reg052_B	26	179.51	225.28	1574.42	240.68
reg052_B_01025	1724	411	tumor cells	CN3	reg052_B	26	445.34	146.3	394.56	416.74
reg052_B_01026	1733	129	tumor cells	CN3	reg052_B	26	90.07	279.27	523.4	306.37
reg052_B_01027	1730	464	tumor cells	CN3	reg052_B	26	419.84	191.56	41.43	403.13
reg052_B_01028	1753	61	tumor cells	CN3	reg052_B	26	329.73	118.61	0.0	230.15
reg052_B_01029	1754	80	tumor cells	CN3	reg052_B	26	34.28	0.0	512.26	130.8
reg052_B_01030	1755	104	tumor cells	CN3	reg052_B	26	428.61	298.35	1.22	258.2
reg052_B_01031	1767	57	tumor cells	CN3	reg052_B	26	134.08	121.52	858.13	244.37
reg052_B_01032	1734	440	tumor cells	CN3	reg052_B	26	270.56	111.65	168.14	281.48
reg052_B_01033	1771	112	tumor cells	CN3	reg052_B	26	2924.13	0.0	119.77	180.36
reg052_B_01034	1753	345	tumor cells	CN7	reg052_B	26	0.0	0.0	758.04	162.35
reg052_B_01035	1780	65	tumor cells	CN3	reg052_B	26	114.77	140.89	910.5	139.55
reg052_B_01036	1774	80	tumor cells	CN3	reg052_B	26	364.29	24.09	328.61	239.18
reg052_B_01037	1766	315	tumor cells	CN8	reg052_B	26	382.67	254.4	1029.53	377.23
reg052_B_01038	1779	177	tumor cells	CN7	reg052_B	26	341.25	77.23	56.06	229.87
reg052_B_01039	1755	395	tumor cells	CN7	reg052_B	26	1339.49	89.28	592.71	262.07
reg052_B_01040	1757	489	tumor cells	CN7	reg052_B	26	478.31	183.51	4.51	1235.33
reg052_B_01041	1767	432	tumor cells	CN3	reg052_B	26	471.82	69.02	0.0	330.98
reg052_B_01042	1763	402	tumor cells	CN3	reg052_B	26	0.0	209.1	975.58	293.08
reg052_B_01043	1784	408	tumor cells	CN3	reg052_B	26	275.65	0.0	0.0	180.71
reg052_B_01044	1780	425	tumor cells	CN3	reg052_B	26	357.07	218.56	111.5	270.74
reg052_B_01045	1792	59	tumor cells	CN7	reg052_B	26	406.03	246.29	0.0	314.85
reg052_B_01046	1781	448	tumor cells	CN3	reg052_B	26	3127.81	193.07	32.52	318.88
reg052_B_01047	1797	85	tumor cells	CN3	reg052_B	26	233.35	38.18	1510.99	167.29
reg052_B_01048	1754	1050	tumor cells	CN5	reg052_B	26	37.13	82.34	286.21	72.56
reg052_B_01049	1785	372	tumor cells	CN7	reg052_B	26	72.24	1481.98	885.06	556.2
reg052_B_01050	1800	199	tumor cells	CN8	reg052_B	26	438.78	136.53	0.0	130.74
reg052_B_01051	1798	314	tumor cells	CN8	reg052_B	26	219.0	978.47	2070.28	352.73
reg052_B_01052	1802	433	tumor cells	CN7	reg052_B	26	0.0	278.21	87.51	222.36
reg052_B_01053	1824	100	tumor cells	CN3	reg052_B	26	325.5	269.54	0.0	237.33
reg052_B_01054	1799	499	tumor cells	CN8	reg052_B	26	24.86	0.0	2.11	252.32
reg052_B_01055	1832	230	tumor cells	CN8	reg052_B	26	0.0	194.37	11.36	195.4
reg052_B_01056	91	394	stroma	CN8	reg052_B	26	108.49	113.43	13.89	349.02
reg052_B_01057	91	632	stroma	CN3	reg052_B	26	0.0	1703.51	0.0	318.58
reg052_B_01058	177	640	stroma	CN9	reg052_B	26	243.09	311.62	15.33	469.46
reg052_B_01059	227	448	stroma	CN7	reg052_B	26	1078.78	817.89	0.0	593.63
reg052_B_01060	216	1108	stroma	CN3	reg052_B	26	476.7	2173.94	0.0	678.64
reg052_B_01061	237	1244	stroma	CN7	reg052_B	26	159.14	311.09	0.0	625.46
reg052_B_01062	283	534	stroma	CN7	reg052_B	26	381.45	98.13	41.53	1135.14
reg052_B_01063	268	872	stroma	CN3	reg052_B	26	0.0	1872.18	0.0	353.31
reg052_B_01064	282	753	stroma	CN1	reg052_B	26	477.89	341.87	4.54	586.71
reg052_B_01065	280	1321	stroma	CN4	reg052_B	26	160.0	400.27	523.5	296.04
reg052_B_01066	315	763	stroma	CN4	reg052_B	26	0.0	154.91	16.65	655.95
reg052_B_01067	309	1293	stroma	CN5	reg052_B	26	353.36	2.66	23.75	585.28
reg052_B_01068	300	1186	stroma	CN7	reg052_B	26	990.16	220.53	0.0	302.34
reg052_B_01069	331	808	stroma	CN1	reg052_B	26	0.0	0.0	2.51	0.0
reg052_B_01070	347	602	stroma	CN8	reg052_B	26	1295.02	1383.5	14.52	244.47
reg052_B_01071	314	1208	stroma	CN4	reg052_B	26	12.94	1472.92	9.98	588.78
reg052_B_01072	320	1171	stroma	CN7	reg052_B	26	1217.37	1242.19	13.76	700.18
reg052_B_01073	340	1110	stroma	CN7	reg052_B	26	664.68	1326.85	0.0	645.82
reg052_B_01074	383	106	stroma	CN3	reg052_B	26	292.96	1028.22	0.0	838.82
reg052_B_01075	365	723	stroma	CN5	reg052_B	26	246.32	216.87	24.2	883.72
reg052_B_01076	360	958	stroma	CN3	reg052_B	26	236.01	1048.83	0.0	424.67
reg052_B_01077	400	602	stroma	CN4	reg052_B	26	0.0	401.57	14.69	219.38
reg052_B_01078	388	643	stroma	CN5	reg052_B	26	0.0	985.53	5.0	100.33
reg052_B_01079	377	1268	stroma	CN5	reg052_B	26	24.88	1210.69	13.12	863.23
reg052_B_01080	400	1373	stroma	CN4	reg052_B	26	447.63	1044.69	182.47	615.14
reg052_B_01081	402	1132	stroma	CN1	reg052_B	26	0.0	369.25	178.83	0.0
reg052_B_01082	428	813	stroma	CN5	reg052_B	26	0.0	114.58	0.0	898.18
reg052_B_01083	380	1393	stroma	CN5	reg052_B	26	191.39	965.75	120.53	451.03
reg052_B_01084	448	568	stroma	CN7	reg052_B	26	325.82	85.08	23.98	942.5
reg052_B_01085	422	1282	stroma	CN4	reg052_B	26	301.12	836.93	15.37	703.53
reg052_B_01086	429	1300	stroma	CN4	reg052_B	26	347.26	867.75	10.7	768.89
reg052_B_01087	422	1348	stroma	CN4	reg052_B	26	706.84	2715.86	128.62	781.92
reg052_B_01088	437	1301	stroma	CN4	reg052_B	26	126.87	503.57	14.48	192.83
reg052_B_01089	460	1011	stroma	CN5	reg052_B	26	473.36	473.57	12.2	472.14
reg052_B_01090	501	1184	stroma	CN5	reg052_B	26	514.59	51.22	0.0	992.01
reg052_B_01091	484	1176	stroma	CN5	reg052_B	26	0.0	140.69	31.47	652.75
reg052_B_01092	504	1051	stroma	CN5	reg052_B	26	292.78	0.0	13.32	464.28
reg052_B_01093	537	1134	stroma	CN5	reg052_B	26	0.0	29.59	0.0	787.49
reg052_B_01094	578	1260	stroma	CN5	reg052_B	26	733.16	66.59	19.39	346.56
reg052_B_01095	590	1141	stroma	CN4	reg052_B	26	334.91	239.56	0.0	134.82
reg052_B_01096	601	1131	stroma	CN4	reg052_B	26	189.41	90.54	19.51	180.45
reg052_B_01097	607	1214	stroma	CN1	reg052_B	26	376.39	1456.56	11.84	2167.85
reg052_B_01098	627	1168	stroma	CN4	reg052_B	26	34.89	120.51	0.0	126.67
reg052_B_01099	674	1232	stroma	CN1	reg052_B	26	243.37	61.51	340.64	1034.58
reg052_B_01100	703	1087	stroma	CN5	reg052_B	26	352.41	0.0	39.77	151.27
reg052_B_01101	721	1079	stroma	CN5	reg052_B	26	0.0	334.57	0.0	560.09
reg052_B_01102	730	844	stroma	CN5	reg052_B	26	307.15	908.33	12.06	436.24
reg052_B_01103	734	1314	stroma	CN1	reg052_B	26	571.11	572.08	371.83	1772.66
reg052_B_01104	731	1189	stroma	CN5	reg052_B	26	0.0	357.63	27.29	386.53
reg052_B_01105	778	826	stroma	CN4	reg052_B	26	164.06	400.51	7.14	140.26
reg052_B_01106	805	38	stroma	CN8	reg052_B	26	714.35	197.41	9.99	1436.21
reg052_B_01107	783	1216	stroma	CN5	reg052_B	26	363.07	0.0	0.0	461.84
reg052_B_01108	832	127	stroma	CN4	reg052_B	26	290.56	0.0	14.49	352.74
reg052_B_01109	805	875	stroma	CN8	reg052_B	26	3004.52	269.13	14.58	213.17
reg052_B_01110	864	61	stroma	CN1	reg052_B	26	0.0	35.63	7.86	857.74
reg052_B_01111	860	149	stroma	CN4	reg052_B	26	802.4	0.0	59.75	864.79
reg052_B_01112	852	1007	stroma	CN5	reg052_B	26	193.86	0.0	10.66	349.16
reg052_B_01113	863	702	stroma	CN5	reg052_B	26	0.0	653.52	9.43	531.32
reg052_B_01114	911	41	stroma	CN4	reg052_B	26	0.0	307.34	3.1	217.14
reg052_B_01115	923	85	stroma	CN4	reg052_B	26	628.24	235.64	17.34	1053.39
reg052_B_01116	914	196	stroma	CN4	reg052_B	26	300.63	183.84	12.93	193.7
reg052_B_01117	866	1319	stroma	CN1	reg052_B	26	0.0	767.02	9.98	261.57
reg052_B_01118	931	119	stroma	CN1	reg052_B	26	0.0	417.64	13.06	601.63
reg052_B_01119	900	1066	stroma	CN5	reg052_B	26	148.0	85.45	13.05	882.52
reg052_B_01120	946	884	stroma	CN5	reg052_B	26	190.46	484.04	116.21	166.81
reg052_B_01121	927	1203	stroma	CN1	reg052_B	26	597.89	338.19	6.42	343.63
reg052_B_01122	949	787	stroma	CN5	reg052_B	26	585.69	0.0	35.05	892.42
reg052_B_01123	931	1405	stroma	CN5	reg052_B	26	507.96	1318.13	24.36	1125.52
reg052_B_01124	960	1231	stroma	CN1	reg052_B	26	0.0	821.63	6.76	170.22
reg052_B_01125	996	558	stroma	CN7	reg052_B	26	78.54	963.7	0.0	264.05
reg052_B_01126	975	1123	stroma	CN5	reg052_B	26	168.84	766.79	8.7	1288.96
reg052_B_01127	990	1182	stroma	CN5	reg052_B	26	559.62	1628.45	0.0	611.79
reg052_B_01128	1021	713	stroma	CN8	reg052_B	26	175.74	251.13	11.78	661.43
reg052_B_01129	1048	735	stroma	CN8	reg052_B	26	0.0	766.57	6.06	164.81
reg052_B_01130	1078	581	stroma	CN7	reg052_B	26	285.23	1126.26	13.05	393.87
reg052_B_01131	1051	1254	stroma	CN5	reg052_B	26	0.0	0.0	14.69	1030.34
reg052_B_01132	1059	1363	stroma	CN5	reg052_B	26	1735.79	0.0	1068.51	245.9
reg052_B_01133	1100	554	stroma	CN7	reg052_B	26	190.89	422.59	13.59	662.29
reg052_B_01134	1073	1372	stroma	CN5	reg052_B	26	598.82	165.81	2667.15	1565.87
reg052_B_01135	1077	1410	stroma	CN4	reg052_B	26	451.6	3379.51	27.0	2118.33
reg052_B_01136	1144	72	stroma	CN8	reg052_B	26	174.04	189.19	7.94	1194.61
reg052_B_01137	1090	1314	stroma	CN5	reg052_B	26	0.0	1120.53	16.61	637.98
reg052_B_01138	1148	53	stroma	CN8	reg052_B	26	386.14	50.69	13.15	612.32
reg052_B_01139	1144	218	stroma	CN8	reg052_B	26	128.06	171.26	7.24	230.17
reg052_B_01140	1114	1067	stroma	CN5	reg052_B	26	356.15	1539.76	0.0	53.6
reg052_B_01141	1168	234	stroma	CN8	reg052_B	26	0.0	0.0	0.0	111.63
reg052_B_01142	1157	732	stroma	CN5	reg052_B	26	341.45	93.92	8.73	157.83
reg052_B_01143	1138	1224	stroma	CN4	reg052_B	26	697.5	133.17	21.56	960.08
reg052_B_01144	1184	209	stroma	CN8	reg052_B	26	0.0	199.67	168.77	365.47
reg052_B_01145	1141	1017	stroma	CN5	reg052_B	26	264.54	2824.3	8.74	1568.02
reg052_B_01146	1141	1168	stroma	CN1	reg052_B	26	0.0	295.92	0.0	0.0
reg052_B_01147	1182	1258	stroma	CN4	reg052_B	26	111.45	0.0	14.57	577.03
reg052_B_01148	1252	792	stroma	CN8	reg052_B	26	245.86	168.85	4.56	988.91
reg052_B_01149	1251	1126	stroma	CN8	reg052_B	26	139.51	288.59	69.69	125.04
reg052_B_01150	1275	595	stroma	CN4	reg052_B	26	213.21	109.55	23.75	634.46
reg052_B_01151	1282	740	stroma	CN9	reg052_B	26	642.68	65.18	9.25	176.98
reg052_B_01152	1312	1432	stroma	CN5	reg052_B	26	394.21	1411.54	14.54	438.97
reg052_B_01153	1347	612	stroma	CN8	reg052_B	26	130.29	1901.2	13.73	307.77
reg052_B_01154	1402	614	stroma	CN9	reg052_B	26	262.76	180.03	14.9	228.66
reg052_B_01155	1427	482	stroma	CN8	reg052_B	26	22.4	163.7	0.0	267.0
reg052_B_01156	1396	1417	stroma	CN8	reg052_B	26	607.82	721.02	4.65	204.27
reg052_B_01157	1411	1065	stroma	CN5	reg052_B	26	0.0	102.38	2.06	0.0
reg052_B_01158	1462	162	stroma	CN9	reg052_B	26	151.47	2467.01	17.86	525.31
reg052_B_01159	1445	723	stroma	CN1	reg052_B	26	155.7	161.32	444.05	1058.61
reg052_B_01160	1442	1356	stroma	CN8	reg052_B	26	264.77	161.08	7.95	356.91
reg052_B_01161	1478	1341	stroma	CN8	reg052_B	26	864.02	114.94	12.4	140.83
reg052_B_01162	1529	224	stroma	CN9	reg052_B	26	119.45	124.29	0.0	1094.09
reg052_B_01163	1543	113	stroma	CN3	reg052_B	26	280.71	262.91	355.13	391.83
reg052_B_01164	1531	569	stroma	CN9	reg052_B	26	412.47	229.04	14.94	855.8
reg052_B_01165	1569	756	stroma	CN8	reg052_B	26	225.58	113.62	5.85	187.05
reg052_B_01166	1584	835	stroma	CN9	reg052_B	26	380.44	1342.31	10.2	541.57
reg052_B_01167	1603	686	stroma	CN9	reg052_B	26	139.69	227.28	11.99	169.24
reg052_B_01168	1603	848	stroma	CN9	reg052_B	26	1738.09	118.71	12.7	324.61
reg052_B_01169	1639	311	stroma	CN3	reg052_B	26	172.86	1345.73	379.32	550.17
reg052_B_01170	1656	16	stroma	CN3	reg052_B	26	237.06	1556.0	26.66	519.08
reg052_B_01171	1637	1086	stroma	CN5	reg052_B	26	94.41	0.0	8.72	492.05
reg052_B_01172	1699	12	stroma	CN3	reg052_B	26	341.47	7.01	46.82	112.5
reg052_B_01173	1691	605	stroma	CN9	reg052_B	26	338.22	332.99	125.26	374.88
reg052_B_01174	1741	512	stroma	CN8	reg052_B	26	376.49	404.66	21.38	522.98
reg052_B_01175	1697	1164	stroma	CN5	reg052_B	26	56.37	47.6	14.1	97.43
reg052_B_01176	1773	35	stroma	CN3	reg052_B	26	388.59	301.6	0.0	829.01
reg052_B_01177	1773	138	stroma	CN3	reg052_B	26	0.0	2819.41	22.58	657.01
reg052_B_01178	1786	21	stroma	CN7	reg052_B	26	37.37	1429.96	209.56	82.43
reg052_B_01179	1802	324	stroma	CN8	reg052_B	26	432.19	4533.64	573.91	1627.54
reg052_B_01180	1785	902	stroma	CN8	reg052_B	26	138.01	740.73	12.86	228.62
reg052_B_01181	1798	849	stroma	CN9	reg052_B	26	188.81	343.53	12.92	276.01
reg052_B_01182	1815	895	stroma	CN8	reg052_B	26	120.41	119.12	13.34	137.34
reg052_B_01183	1877	488	stroma	CN5	reg052_B	26	295.77	293.87	14.46	240.23
reg052_B_01184	1888	430	stroma	CN5	reg052_B	26	534.0	213.63	15.59	264.68
reg052_B_01185	77	273	CD68+CD163+ macrophages	CN8	reg052_B	26	114.31	1002.19	13.3	226.2
reg052_B_01186	126	611	CD68+CD163+ macrophages	CN8	reg052_B	26	0.0	3356.88	0.0	121.26
reg052_B_01187	122	588	CD68+CD163+ macrophages	CN8	reg052_B	26	72.64	999.73	11.22	225.66
reg052_B_01188	105	1126	CD68+CD163+ macrophages	CN3	reg052_B	26	269.54	1694.69	0.0	162.57
reg052_B_01189	164	36	CD68+CD163+ macrophages	CN8	reg052_B	26	31.6	317.33	7.08	85.41
reg052_B_01190	124	1128	CD68+CD163+ macrophages	CN3	reg052_B	26	186.95	364.81	0.0	49.83
reg052_B_01191	147	995	CD68+CD163+ macrophages	CN3	reg052_B	26	0.0	2505.08	0.0	388.56
reg052_B_01192	142	1167	CD68+CD163+ macrophages	CN3	reg052_B	26	437.1	394.86	0.0	80.91
reg052_B_01193	192	647	CD68+CD163+ macrophages	CN8	reg052_B	26	463.56	1010.8	11.35	1013.73
reg052_B_01194	200	340	CD68+CD163+ macrophages	CN7	reg052_B	26	502.6	2305.01	0.0	182.0
reg052_B_01195	205	706	CD68+CD163+ macrophages	CN8	reg052_B	26	425.18	3649.27	21.34	613.36
reg052_B_01196	194	1240	CD68+CD163+ macrophages	CN7	reg052_B	26	74.83	2010.65	18.28	342.68
reg052_B_01197	215	663	CD68+CD163+ macrophages	CN8	reg052_B	26	358.97	527.43	16.77	1837.28
reg052_B_01198	231	625	CD68+CD163+ macrophages	CN8	reg052_B	26	289.15	2719.74	6.1	393.88
reg052_B_01199	263	717	CD68+CD163+ macrophages	CN1	reg052_B	26	1215.21	1865.31	145.62	403.07
reg052_B_01200	280	490	CD68+CD163+ macrophages	CN3	reg052_B	26	0.0	4921.23	1155.27	596.65
reg052_B_01201	286	821	CD68+CD163+ macrophages	CN1	reg052_B	26	2274.86	4273.02	14.13	455.83
reg052_B_01202	286	1278	CD68+CD163+ macrophages	CN1	reg052_B	26	758.05	1863.31	13.45	609.17
reg052_B_01203	301	671	CD68+CD163+ macrophages	CN5	reg052_B	26	51.62	970.91	11.98	1250.66
reg052_B_01204	299	1235	CD68+CD163+ macrophages	CN5	reg052_B	26	278.29	5242.65	25.94	968.73
reg052_B_01205	329	715	CD68+CD163+ macrophages	CN4	reg052_B	26	0.0	3065.7	3.49	329.39
reg052_B_01206	301	1222	CD68+CD163+ macrophages	CN5	reg052_B	26	528.82	3865.46	0.48	746.49
reg052_B_01207	346	746	CD68+CD163+ macrophages	CN5	reg052_B	26	1452.69	396.23	17.82	322.59
reg052_B_01208	341	795	CD68+CD163+ macrophages	CN5	reg052_B	26	3401.17	1141.6	25.32	628.0
reg052_B_01209	343	881	CD68+CD163+ macrophages	CN7	reg052_B	26	0.0	5723.42	178.88	298.56
reg052_B_01210	336	1220	CD68+CD163+ macrophages	CN5	reg052_B	26	4222.77	0.0	9.92	1047.52
reg052_B_01211	356	890	CD68+CD163+ macrophages	CN7	reg052_B	26	353.94	2003.42	278.15	397.43
reg052_B_01212	389	778	CD68+CD163+ macrophages	CN5	reg052_B	26	989.4	4094.23	280.34	267.66
reg052_B_01213	368	1288	CD68+CD163+ macrophages	CN4	reg052_B	26	1387.26	789.94	9.35	555.26
reg052_B_01214	399	793	CD68+CD163+ macrophages	CN8	reg052_B	26	0.0	0.33	0.0	353.36
reg052_B_01215	365	1298	CD68+CD163+ macrophages	CN4	reg052_B	26	348.8	4126.96	8.06	645.95
reg052_B_01216	394	1057	CD68+CD163+ macrophages	CN7	reg052_B	26	129.16	2509.05	39.75	795.07
reg052_B_01217	393	935	CD68+CD163+ macrophages	CN7	reg052_B	26	323.97	2288.07	26.05	520.02
reg052_B_01218	410	617	CD68+CD163+ macrophages	CN5	reg052_B	26	133.15	903.72	9.62	276.8
reg052_B_01219	397	1216	CD68+CD163+ macrophages	CN5	reg052_B	26	225.74	2896.45	0.0	552.77
reg052_B_01220	382	1301	CD68+CD163+ macrophages	CN4	reg052_B	26	301.36	1557.94	14.18	1346.63
reg052_B_01221	409	715	CD68+CD163+ macrophages	CN1	reg052_B	26	91.05	1044.5	16.03	455.92
reg052_B_01222	403	1010	CD68+CD163+ macrophages	CN5	reg052_B	26	1685.55	2191.96	15.75	653.23
reg052_B_01223	384	1240	CD68+CD163+ macrophages	CN5	reg052_B	26	15.99	410.84	0.0	412.18
reg052_B_01224	416	642	CD68+CD163+ macrophages	CN5	reg052_B	26	1106.18	3083.66	3.17	283.07
reg052_B_01225	386	1176	CD68+CD163+ macrophages	CN5	reg052_B	26	219.45	1992.41	0.0	1132.11
reg052_B_01226	395	1198	CD68+CD163+ macrophages	CN5	reg052_B	26	0.0	2789.84	0.0	775.26
reg052_B_01227	408	1088	CD68+CD163+ macrophages	CN5	reg052_B	26	691.69	903.87	26.76	1186.31
reg052_B_01228	412	949	CD68+CD163+ macrophages	CN5	reg052_B	26	362.81	1084.32	0.0	1115.76
reg052_B_01229	424	670	CD68+CD163+ macrophages	CN5	reg052_B	26	517.83	2220.78	30.21	298.27
reg052_B_01230	407	1157	CD68+CD163+ macrophages	CN1	reg052_B	26	619.51	882.58	188.13	419.86
reg052_B_01231	417	870	CD68+CD163+ macrophages	CN1	reg052_B	26	1282.81	589.24	0.14	586.1
reg052_B_01232	429	1106	CD68+CD163+ macrophages	CN1	reg052_B	26	0.0	1774.75	1078.55	344.02
reg052_B_01233	424	974	CD68+CD163+ macrophages	CN5	reg052_B	26	34.41	3589.91	0.0	955.37
reg052_B_01234	442	657	CD68+CD163+ macrophages	CN5	reg052_B	26	0.0	3451.99	7.97	163.38
reg052_B_01235	435	1026	CD68+CD163+ macrophages	CN5	reg052_B	26	265.21	276.89	31.52	284.51
reg052_B_01236	455	631	CD68+CD163+ macrophages	CN5	reg052_B	26	276.36	531.19	11.6	386.51
reg052_B_01237	456	925	CD68+CD163+ macrophages	CN5	reg052_B	26	322.5	1718.24	0.0	98.88
reg052_B_01238	434	1427	CD68+CD163+ macrophages	CN5	reg052_B	26	0.0	13003.4	59.07	610.24
reg052_B_01239	465	655	CD68+CD163+ macrophages	CN5	reg052_B	26	1412.29	1333.8	47.47	160.44
reg052_B_01240	436	1233	CD68+CD163+ macrophages	CN5	reg052_B	26	1054.17	2543.86	19.0	874.41
reg052_B_01241	436	1246	CD68+CD163+ macrophages	CN5	reg052_B	26	0.0	1914.52	0.0	514.82
reg052_B_01242	450	1031	CD68+CD163+ macrophages	CN5	reg052_B	26	170.24	264.41	26.12	1264.33
reg052_B_01243	446	1249	CD68+CD163+ macrophages	CN5	reg052_B	26	881.71	9282.63	14.49	586.35
reg052_B_01244	458	948	CD68+CD163+ macrophages	CN5	reg052_B	26	747.7	725.15	421.87	1064.04
reg052_B_01245	470	1050	CD68+CD163+ macrophages	CN5	reg052_B	26	373.93	1318.44	24.07	1125.36
reg052_B_01246	454	1236	CD68+CD163+ macrophages	CN5	reg052_B	26	19.03	0.0	11.79	1287.1
reg052_B_01247	470	1218	CD68+CD163+ macrophages	CN5	reg052_B	26	332.88	3452.23	18.03	1181.07
reg052_B_01248	478	890	CD68+CD163+ macrophages	CN5	reg052_B	26	0.0	8290.89	0.0	0.0
reg052_B_01249	472	956	CD68+CD163+ macrophages	CN5	reg052_B	26	88.38	1089.48	47.2	622.67
reg052_B_01250	499	623	CD68+CD163+ macrophages	CN5	reg052_B	26	87.52	336.72	12.14	164.65
reg052_B_01251	499	762	CD68+CD163+ macrophages	CN5	reg052_B	26	165.17	658.78	49.8	877.67
reg052_B_01252	495	830	CD68+CD163+ macrophages	CN5	reg052_B	26	874.59	231.59	16.58	305.26
reg052_B_01253	475	1406	CD68+CD163+ macrophages	CN7	reg052_B	26	0.0	9655.89	1095.98	656.95
reg052_B_01254	457	1369	CD68+CD163+ macrophages	CN4	reg052_B	26	509.57	3644.98	27.8	655.96
reg052_B_01255	482	1118	CD68+CD163+ macrophages	CN1	reg052_B	26	307.64	686.82	9.74	1209.55
reg052_B_01256	504	711	CD68+CD163+ macrophages	CN5	reg052_B	26	0.0	1958.37	0.88	141.8
reg052_B_01257	497	1069	CD68+CD163+ macrophages	CN5	reg052_B	26	84.03	6446.64	9.61	745.46
reg052_B_01258	532	782	CD68+CD163+ macrophages	CN5	reg052_B	26	1149.82	4399.26	7.01	665.23
reg052_B_01259	509	1214	CD68+CD163+ macrophages	CN5	reg052_B	26	332.28	3440.71	14.53	891.67
reg052_B_01260	525	865	CD68+CD163+ macrophages	CN5	reg052_B	26	401.58	35.59	13.35	523.17
reg052_B_01261	535	699	CD68+CD163+ macrophages	CN5	reg052_B	26	0.0	871.91	104.69	286.19
reg052_B_01262	511	988	CD68+CD163+ macrophages	CN4	reg052_B	26	2308.4	258.62	19.33	467.35
reg052_B_01263	521	1152	CD68+CD163+ macrophages	CN4	reg052_B	26	4682.21	1307.98	0.0	586.13
reg052_B_01264	547	623	CD68+CD163+ macrophages	CN7	reg052_B	26	0.0	3319.5	0.0	79.89
reg052_B_01265	533	1082	CD68+CD163+ macrophages	CN4	reg052_B	26	150.62	2792.67	14.66	753.7
reg052_B_01266	555	668	CD68+CD163+ macrophages	CN5	reg052_B	26	154.26	4840.5	0.0	453.63
reg052_B_01267	543	800	CD68+CD163+ macrophages	CN5	reg052_B	26	734.32	2321.43	13.84	487.96
reg052_B_01268	554	637	CD68+CD163+ macrophages	CN5	reg052_B	26	253.9	2216.35	0.0	168.79
reg052_B_01269	556	832	CD68+CD163+ macrophages	CN5	reg052_B	26	67.48	853.08	23.4	456.17
reg052_B_01270	557	910	CD68+CD163+ macrophages	CN5	reg052_B	26	308.24	450.61	16.3	1085.66
reg052_B_01271	558	683	CD68+CD163+ macrophages	CN5	reg052_B	26	0.0	2654.37	0.0	620.82
reg052_B_01272	546	1175	CD68+CD163+ macrophages	CN5	reg052_B	26	219.02	804.23	40.73	1014.06
reg052_B_01273	571	865	CD68+CD163+ macrophages	CN5	reg052_B	26	1984.27	772.16	134.13	439.79
reg052_B_01274	585	831	CD68+CD163+ macrophages	CN5	reg052_B	26	267.67	445.53	16.56	230.37
reg052_B_01275	553	1332	CD68+CD163+ macrophages	CN5	reg052_B	26	233.95	3070.93	15.57	745.89
reg052_B_01276	594	883	CD68+CD163+ macrophages	CN5	reg052_B	26	445.25	1119.22	16.85	454.2
reg052_B_01277	571	1183	CD68+CD163+ macrophages	CN4	reg052_B	26	1264.73	822.65	20.97	302.81
reg052_B_01278	595	712	CD68+CD163+ macrophages	CN5	reg052_B	26	172.8	2626.5	1283.04	951.6
reg052_B_01279	582	893	CD68+CD163+ macrophages	CN5	reg052_B	26	380.95	479.06	2.17	272.57
reg052_B_01280	614	726	CD68+CD163+ macrophages	CN5	reg052_B	26	79.83	4877.19	235.93	388.09
reg052_B_01281	605	950	CD68+CD163+ macrophages	CN5	reg052_B	26	294.38	1514.38	8.44	658.26
reg052_B_01282	596	1304	CD68+CD163+ macrophages	CN5	reg052_B	26	207.12	529.94	14.42	965.51
reg052_B_01283	621	782	CD68+CD163+ macrophages	CN5	reg052_B	26	7.4	1549.26	19.81	690.33
reg052_B_01284	627	716	CD68+CD163+ macrophages	CN5	reg052_B	26	239.6	613.97	0.0	428.83
reg052_B_01285	600	1292	CD68+CD163+ macrophages	CN5	reg052_B	26	314.68	359.1	8.19	809.37
reg052_B_01286	609	1268	CD68+CD163+ macrophages	CN5	reg052_B	26	2466.7	665.37	7.95	421.26
reg052_B_01287	621	1151	CD68+CD163+ macrophages	CN4	reg052_B	26	667.25	866.09	22.25	1247.11
reg052_B_01288	621	1205	CD68+CD163+ macrophages	CN1	reg052_B	26	0.0	5520.84	9.8	513.95
reg052_B_01289	643	726	CD68+CD163+ macrophages	CN5	reg052_B	26	175.09	1743.51	146.23	298.92
reg052_B_01290	628	894	CD68+CD163+ macrophages	CN5	reg052_B	26	0.0	3498.03	8.96	382.23
reg052_B_01291	618	1305	CD68+CD163+ macrophages	CN5	reg052_B	26	421.27	243.47	10.88	447.6
reg052_B_01292	623	1353	CD68+CD163+ macrophages	CN5	reg052_B	26	1953.94	3973.11	24.67	591.66
reg052_B_01293	636	1003	CD68+CD163+ macrophages	CN5	reg052_B	26	457.93	956.52	18.09	789.55
reg052_B_01294	648	894	CD68+CD163+ macrophages	CN5	reg052_B	26	1291.12	1601.06	4.39	260.17
reg052_B_01295	654	739	CD68+CD163+ macrophages	CN5	reg052_B	26	52.13	3316.66	0.0	555.38
reg052_B_01296	660	953	CD68+CD163+ macrophages	CN5	reg052_B	26	342.98	3344.37	13.94	1601.03
reg052_B_01297	630	1340	CD68+CD163+ macrophages	CN5	reg052_B	26	759.52	8282.72	13.84	730.92
reg052_B_01298	647	1029	CD68+CD163+ macrophages	CN5	reg052_B	26	18.93	1393.22	7.16	358.05
reg052_B_01299	697	61	CD68+CD163+ macrophages	CN8	reg052_B	26	210.28	1013.79	5.22	708.0
reg052_B_01300	659	1012	CD68+CD163+ macrophages	CN5	reg052_B	26	307.55	3578.32	5.09	386.22
reg052_B_01301	672	797	CD68+CD163+ macrophages	CN5	reg052_B	26	1718.92	741.95	12.4	230.1
reg052_B_01302	668	922	CD68+CD163+ macrophages	CN5	reg052_B	26	0.0	4249.31	4.14	330.07
reg052_B_01303	698	74	CD68+CD163+ macrophages	CN5	reg052_B	26	206.71	3413.4	17.58	882.73
reg052_B_01304	684	924	CD68+CD163+ macrophages	CN5	reg052_B	26	220.38	534.0	11.94	1272.7
reg052_B_01305	647	1308	CD68+CD163+ macrophages	CN5	reg052_B	26	670.6	1328.9	17.39	633.67
reg052_B_01306	647	1389	CD68+CD163+ macrophages	CN5	reg052_B	26	451.95	148.0	28.22	668.67
reg052_B_01307	644	1371	CD68+CD163+ macrophages	CN5	reg052_B	26	161.74	10030.08	26.6	1220.42
reg052_B_01308	705	658	CD68+CD163+ macrophages	CN7	reg052_B	26	144.05	3125.86	10.53	461.97
reg052_B_01309	677	885	CD68+CD163+ macrophages	CN5	reg052_B	26	435.87	3860.68	9.53	650.99
reg052_B_01310	660	1411	CD68+CD163+ macrophages	CN5	reg052_B	26	54.44	1505.06	0.0	398.34
reg052_B_01311	690	984	CD68+CD163+ macrophages	CN5	reg052_B	26	2039.03	162.15	10.09	637.8
reg052_B_01312	662	1395	CD68+CD163+ macrophages	CN5	reg052_B	26	146.3	2893.35	28.43	379.48
reg052_B_01313	697	859	CD68+CD163+ macrophages	CN5	reg052_B	26	9.59	1119.03	9.43	837.23
reg052_B_01314	686	1023	CD68+CD163+ macrophages	CN5	reg052_B	26	1558.64	309.34	15.94	625.27
reg052_B_01315	694	748	CD68+CD163+ macrophages	CN5	reg052_B	26	69.39	856.3	42.38	382.61
reg052_B_01316	735	110	CD68+CD163+ macrophages	CN8	reg052_B	26	229.92	3221.73	11.47	631.47
reg052_B_01317	699	799	CD68+CD163+ macrophages	CN5	reg052_B	26	0.0	3825.26	0.0	0.0
reg052_B_01318	687	1370	CD68+CD163+ macrophages	CN5	reg052_B	26	0.0	2285.14	22.62	675.99
reg052_B_01319	707	962	CD68+CD163+ macrophages	CN5	reg052_B	26	0.0	436.23	7.91	143.46
reg052_B_01320	721	683	CD68+CD163+ macrophages	CN5	reg052_B	26	33.72	3590.99	2.09	61.53
reg052_B_01321	692	1385	CD68+CD163+ macrophages	CN5	reg052_B	26	142.27	11563.8	0.0	820.03
reg052_B_01322	670	1298	CD68+CD163+ macrophages	CN5	reg052_B	26	150.13	1736.93	13.41	793.33
reg052_B_01323	714	663	CD68+CD163+ macrophages	CN7	reg052_B	26	262.63	2010.25	7.34	477.51
reg052_B_01324	703	1101	CD68+CD163+ macrophages	CN5	reg052_B	26	48.9	5902.17	0.0	521.42
reg052_B_01325	712	999	CD68+CD163+ macrophages	CN5	reg052_B	26	868.28	6074.57	31.53	393.44
reg052_B_01326	691	1256	CD68+CD163+ macrophages	CN1	reg052_B	26	2219.68	713.79	12.73	1003.0
reg052_B_01327	726	904	CD68+CD163+ macrophages	CN5	reg052_B	26	1176.88	879.44	6.89	423.39
reg052_B_01328	724	780	CD68+CD163+ macrophages	CN5	reg052_B	26	286.84	933.79	8.48	1382.61
reg052_B_01329	735	750	CD68+CD163+ macrophages	CN5	reg052_B	26	95.65	3343.06	7.15	351.83
reg052_B_01330	734	975	CD68+CD163+ macrophages	CN5	reg052_B	26	2328.57	674.56	7.85	404.59
reg052_B_01331	720	1116	CD68+CD163+ macrophages	CN5	reg052_B	26	227.52	1002.9	0.0	401.73
reg052_B_01332	735	869	CD68+CD163+ macrophages	CN5	reg052_B	26	107.2	1616.96	8.05	516.08
reg052_B_01333	732	1157	CD68+CD163+ macrophages	CN5	reg052_B	26	0.0	1189.21	64.58	888.26
reg052_B_01334	751	748	CD68+CD163+ macrophages	CN5	reg052_B	26	319.48	849.84	6.85	454.87
reg052_B_01335	731	1014	CD68+CD163+ macrophages	CN5	reg052_B	26	5.03	1884.56	0.0	248.38
reg052_B_01336	739	1062	CD68+CD163+ macrophages	CN5	reg052_B	26	0.0	1726.61	0.0	490.17
reg052_B_01337	733	1236	CD68+CD163+ macrophages	CN5	reg052_B	26	613.2	459.98	7.01	559.48
reg052_B_01338	767	840	CD68+CD163+ macrophages	CN5	reg052_B	26	369.06	1400.17	7.98	143.99
reg052_B_01339	755	1239	CD68+CD163+ macrophages	CN5	reg052_B	26	0.0	1500.05	56.74	40.81
reg052_B_01340	771	999	CD68+CD163+ macrophages	CN5	reg052_B	26	443.47	2034.95	11.62	315.09
reg052_B_01341	753	1375	CD68+CD163+ macrophages	CN5	reg052_B	26	0.0	0.0	0.0	425.95
reg052_B_01342	791	620	CD68+CD163+ macrophages	CN7	reg052_B	26	235.59	1701.32	0.0	517.26
reg052_B_01343	762	1011	CD68+CD163+ macrophages	CN5	reg052_B	26	0.0	1005.43	6.64	206.16
reg052_B_01344	760	1351	CD68+CD163+ macrophages	CN5	reg052_B	26	879.98	0.0	0.0	1337.89
reg052_B_01345	768	1259	CD68+CD163+ macrophages	CN5	reg052_B	26	884.18	1083.77	60.36	438.39
reg052_B_01346	780	973	CD68+CD163+ macrophages	CN5	reg052_B	26	314.91	1793.03	13.11	560.95
reg052_B_01347	785	1034	CD68+CD163+ macrophages	CN5	reg052_B	26	1045.37	631.29	0.0	182.9
reg052_B_01348	792	1098	CD68+CD163+ macrophages	CN5	reg052_B	26	2608.81	1295.0	0.0	201.41
reg052_B_01349	793	862	CD68+CD163+ macrophages	CN5	reg052_B	26	0.0	731.33	5.73	195.94
reg052_B_01350	809	635	CD68+CD163+ macrophages	CN7	reg052_B	26	50.58	1949.77	17.36	826.48
reg052_B_01351	779	1348	CD68+CD163+ macrophages	CN5	reg052_B	26	0.0	2608.88	34.67	318.81
reg052_B_01352	804	893	CD68+CD163+ macrophages	CN5	reg052_B	26	0.0	1315.01	0.67	223.31
reg052_B_01353	793	936	CD68+CD163+ macrophages	CN5	reg052_B	26	126.26	2122.51	6.05	362.7
reg052_B_01354	836	86	CD68+CD163+ macrophages	CN4	reg052_B	26	562.39	0.0	0.0	2012.99
reg052_B_01355	799	951	CD68+CD163+ macrophages	CN8	reg052_B	26	128.37	3964.38	3.08	225.27
reg052_B_01356	838	219	CD68+CD163+ macrophages	CN7	reg052_B	26	0.0	59.92	1098.79	314.79
reg052_B_01357	795	1258	CD68+CD163+ macrophages	CN5	reg052_B	26	1560.46	1892.1	1377.11	1006.3
reg052_B_01358	789	1237	CD68+CD163+ macrophages	CN5	reg052_B	26	0.0	7760.15	158.38	170.18
reg052_B_01359	806	1095	CD68+CD163+ macrophages	CN5	reg052_B	26	0.0	1209.75	111.72	232.17
reg052_B_01360	789	1332	CD68+CD163+ macrophages	CN5	reg052_B	26	123.57	7443.96	17.95	586.0
reg052_B_01361	794	1249	CD68+CD163+ macrophages	CN5	reg052_B	26	249.7	0.0	0.0	573.81
reg052_B_01362	797	1322	CD68+CD163+ macrophages	CN5	reg052_B	26	87.98	0.0	36.68	432.61
reg052_B_01363	812	1157	CD68+CD163+ macrophages	CN5	reg052_B	26	0.0	588.05	12.08	141.76
reg052_B_01364	864	80	CD68+CD163+ macrophages	CN4	reg052_B	26	1639.19	1147.15	25.74	1360.91
reg052_B_01365	818	1096	CD68+CD163+ macrophages	CN5	reg052_B	26	252.82	196.52	0.0	770.67
reg052_B_01366	823	1086	CD68+CD163+ macrophages	CN5	reg052_B	26	371.27	951.91	33.26	330.26
reg052_B_01367	873	167	CD68+CD163+ macrophages	CN4	reg052_B	26	1320.91	3387.17	0.0	353.14
reg052_B_01368	820	1159	CD68+CD163+ macrophages	CN5	reg052_B	26	819.61	944.07	7.8	984.49
reg052_B_01369	822	1298	CD68+CD163+ macrophages	CN5	reg052_B	26	0.0	115.28	0.0	1317.63
reg052_B_01370	837	1041	CD68+CD163+ macrophages	CN5	reg052_B	26	513.58	1631.51	14.86	752.48
reg052_B_01371	860	910	CD68+CD163+ macrophages	CN5	reg052_B	26	151.59	2379.64	5.43	470.36
reg052_B_01372	842	1164	CD68+CD163+ macrophages	CN5	reg052_B	26	1664.97	1023.21	11.95	520.39
reg052_B_01373	814	1392	CD68+CD163+ macrophages	CN5	reg052_B	26	651.7	4531.7	66.57	943.71
reg052_B_01374	877	424	CD68+CD163+ macrophages	CN3	reg052_B	26	284.26	487.13	29.24	251.31
reg052_B_01375	856	728	CD68+CD163+ macrophages	CN5	reg052_B	26	1079.11	3219.94	9.28	475.06
reg052_B_01376	832	1258	CD68+CD163+ macrophages	CN5	reg052_B	26	0.0	988.27	0.0	545.7
reg052_B_01377	858	954	CD68+CD163+ macrophages	CN5	reg052_B	26	66.4	1160.09	5.9	1110.43
reg052_B_01378	842	1348	CD68+CD163+ macrophages	CN5	reg052_B	26	300.43	3257.89	4.94	777.28
reg052_B_01379	856	822	CD68+CD163+ macrophages	CN5	reg052_B	26	126.6	3505.0	5.65	431.45
reg052_B_01380	874	686	CD68+CD163+ macrophages	CN5	reg052_B	26	1201.15	450.32	7.26	529.25
reg052_B_01381	854	1148	CD68+CD163+ macrophages	CN5	reg052_B	26	97.05	3321.48	0.0	249.14
reg052_B_01382	865	1023	CD68+CD163+ macrophages	CN5	reg052_B	26	131.86	4752.29	5.28	383.74
reg052_B_01383	848	1292	CD68+CD163+ macrophages	CN5	reg052_B	26	0.0	3506.51	6.38	853.14
reg052_B_01384	877	961	CD68+CD163+ macrophages	CN5	reg052_B	26	456.25	3154.47	7.64	677.1
reg052_B_01385	850	1109	CD68+CD163+ macrophages	CN5	reg052_B	26	612.85	589.29	1691.85	1098.65
reg052_B_01386	877	1114	CD68+CD163+ macrophages	CN5	reg052_B	26	0.0	1493.97	0.0	416.77
reg052_B_01387	887	736	CD68+CD163+ macrophages	CN5	reg052_B	26	328.41	1121.56	10.74	634.09
reg052_B_01388	863	1150	CD68+CD163+ macrophages	CN5	reg052_B	26	0.0	589.18	26.46	305.09
reg052_B_01389	896	707	CD68+CD163+ macrophages	CN5	reg052_B	26	397.63	475.69	15.72	390.45
reg052_B_01390	879	819	CD68+CD163+ macrophages	CN5	reg052_B	26	2285.83	1611.44	14.55	563.7
reg052_B_01391	881	998	CD68+CD163+ macrophages	CN5	reg052_B	26	346.07	3652.19	4.7	473.99
reg052_B_01392	899	758	CD68+CD163+ macrophages	CN5	reg052_B	26	230.56	3282.51	10.41	429.03
reg052_B_01393	899	865	CD68+CD163+ macrophages	CN5	reg052_B	26	584.8	595.92	13.21	875.37
reg052_B_01394	907	738	CD68+CD163+ macrophages	CN5	reg052_B	26	148.53	976.01	6.74	226.64
reg052_B_01395	878	1419	CD68+CD163+ macrophages	CN5	reg052_B	26	388.57	2611.18	42.23	1134.27
reg052_B_01396	892	1033	CD68+CD163+ macrophages	CN5	reg052_B	26	373.94	471.19	11.44	396.41
reg052_B_01397	897	888	CD68+CD163+ macrophages	CN5	reg052_B	26	137.02	2515.2	6.64	1068.41
reg052_B_01398	920	611	CD68+CD163+ macrophages	CN8	reg052_B	26	1724.1	1993.84	24.46	383.09
reg052_B_01399	923	633	CD68+CD163+ macrophages	CN8	reg052_B	26	0.0	6566.78	9.36	587.41
reg052_B_01400	907	1122	CD68+CD163+ macrophages	CN5	reg052_B	26	2760.04	1121.81	48.64	326.86
reg052_B_01401	898	1367	CD68+CD163+ macrophages	CN5	reg052_B	26	1403.3	371.84	21.84	1249.37
reg052_B_01402	926	819	CD68+CD163+ macrophages	CN5	reg052_B	26	2505.06	654.62	256.57	266.28
reg052_B_01403	914	945	CD68+CD163+ macrophages	CN5	reg052_B	26	222.58	2644.61	6.62	573.87
reg052_B_01404	939	685	CD68+CD163+ macrophages	CN8	reg052_B	26	260.82	2641.41	6.32	447.22
reg052_B_01405	918	1286	CD68+CD163+ macrophages	CN1	reg052_B	26	0.0	2118.63	14.29	964.93
reg052_B_01406	932	800	CD68+CD163+ macrophages	CN5	reg052_B	26	0.0	3048.69	0.0	65.1
reg052_B_01407	950	664	CD68+CD163+ macrophages	CN8	reg052_B	26	142.13	475.97	14.23	870.89
reg052_B_01408	928	1070	CD68+CD163+ macrophages	CN5	reg052_B	26	81.1	1283.41	11.56	271.37
reg052_B_01409	936	984	CD68+CD163+ macrophages	CN5	reg052_B	26	292.35	1343.71	10.09	414.82
reg052_B_01410	947	719	CD68+CD163+ macrophages	CN8	reg052_B	26	0.0	3512.41	1.91	99.58
reg052_B_01411	952	854	CD68+CD163+ macrophages	CN5	reg052_B	26	12.1	2515.02	0.0	564.19
reg052_B_01412	943	1227	CD68+CD163+ macrophages	CN1	reg052_B	26	1947.54	3827.06	9.48	622.12
reg052_B_01413	921	1355	CD68+CD163+ macrophages	CN5	reg052_B	26	0.0	10400.84	0.0	514.28
reg052_B_01414	951	1091	CD68+CD163+ macrophages	CN5	reg052_B	26	34.41	4786.33	10.5	504.69
reg052_B_01415	955	1315	CD68+CD163+ macrophages	CN5	reg052_B	26	0.0	6070.31	0.0	661.41
reg052_B_01416	928	1386	CD68+CD163+ macrophages	CN5	reg052_B	26	3374.43	3302.83	33.66	537.18
reg052_B_01417	959	1155	CD68+CD163+ macrophages	CN1	reg052_B	26	0.0	5301.71	0.0	169.27
reg052_B_01418	944	1256	CD68+CD163+ macrophages	CN5	reg052_B	26	3537.73	2987.02	6.96	686.9
reg052_B_01419	963	1025	CD68+CD163+ macrophages	CN5	reg052_B	26	493.47	1911.34	14.29	885.7
reg052_B_01420	969	1380	CD68+CD163+ macrophages	CN5	reg052_B	26	594.98	1451.61	74.72	912.75
reg052_B_01421	970	1058	CD68+CD163+ macrophages	CN5	reg052_B	26	3188.56	1433.48	128.59	303.72
reg052_B_01422	948	1346	CD68+CD163+ macrophages	CN5	reg052_B	26	3345.89	3655.23	867.84	858.67
reg052_B_01423	970	1188	CD68+CD163+ macrophages	CN4	reg052_B	26	225.73	2996.52	0.0	1022.46
reg052_B_01424	993	886	CD68+CD163+ macrophages	CN5	reg052_B	26	259.65	942.75	9.3	400.84
reg052_B_01425	1001	985	CD68+CD163+ macrophages	CN5	reg052_B	26	0.0	4973.48	0.0	0.0
reg052_B_01426	966	1416	CD68+CD163+ macrophages	CN5	reg052_B	26	423.47	4484.92	59.6	860.56
reg052_B_01427	980	1363	CD68+CD163+ macrophages	CN5	reg052_B	26	1615.28	4918.91	0.0	640.66
reg052_B_01428	998	1035	CD68+CD163+ macrophages	CN5	reg052_B	26	0.0	2185.73	4.06	347.85
reg052_B_01429	1009	921	CD68+CD163+ macrophages	CN5	reg052_B	26	375.6	1196.44	10.66	986.77
reg052_B_01430	1038	894	CD68+CD163+ macrophages	CN5	reg052_B	26	351.11	3073.67	10.84	586.01
reg052_B_01431	1024	853	CD68+CD163+ macrophages	CN5	reg052_B	26	250.24	1933.65	7.06	400.28
reg052_B_01432	1002	1301	CD68+CD163+ macrophages	CN5	reg052_B	26	378.98	429.33	1.7	370.72
reg052_B_01433	1020	999	CD68+CD163+ macrophages	CN5	reg052_B	26	334.41	2983.6	4.52	232.13
reg052_B_01434	1024	1018	CD68+CD163+ macrophages	CN5	reg052_B	26	0.0	2769.54	3.28	192.32
reg052_B_01435	1024	1054	CD68+CD163+ macrophages	CN5	reg052_B	26	2733.26	674.19	11.64	485.84
reg052_B_01436	1016	1270	CD68+CD163+ macrophages	CN5	reg052_B	26	1380.82	1689.58	14.71	835.92
reg052_B_01437	1037	1142	CD68+CD163+ macrophages	CN5	reg052_B	26	387.32	910.49	0.0	510.98
reg052_B_01438	1038	1267	CD68+CD163+ macrophages	CN5	reg052_B	26	1367.7	1052.0	0.0	773.64
reg052_B_01439	1032	976	CD68+CD163+ macrophages	CN5	reg052_B	26	328.98	3773.06	7.82	278.66
reg052_B_01440	1011	1104	CD68+CD163+ macrophages	CN5	reg052_B	26	2114.73	1811.37	21.82	604.89
reg052_B_01441	1034	1200	CD68+CD163+ macrophages	CN1	reg052_B	26	0.0	3678.95	19.88	387.75
reg052_B_01442	1057	918	CD68+CD163+ macrophages	CN5	reg052_B	26	0.0	5435.32	17.39	336.39
reg052_B_01443	1077	389	CD68+CD163+ macrophages	CN8	reg052_B	26	42.86	2662.82	28.81	267.21
reg052_B_01444	1068	709	CD68+CD163+ macrophages	CN8	reg052_B	26	147.48	3347.77	4.32	264.4
reg052_B_01445	1052	830	CD68+CD163+ macrophages	CN5	reg052_B	26	221.72	373.95	9.76	247.89
reg052_B_01446	1039	1357	CD68+CD163+ macrophages	CN5	reg052_B	26	856.18	10074.74	0.0	547.61
reg052_B_01447	1070	1159	CD68+CD163+ macrophages	CN5	reg052_B	26	0.0	190.78	131.94	778.32
reg052_B_01448	1061	1315	CD68+CD163+ macrophages	CN5	reg052_B	26	124.6	3612.77	0.96	926.81
reg052_B_01449	1081	719	CD68+CD163+ macrophages	CN8	reg052_B	26	0.0	3370.53	4.02	0.0
reg052_B_01450	1105	818	CD68+CD163+ macrophages	CN5	reg052_B	26	175.56	5402.19	5.34	720.18
reg052_B_01451	1082	1303	CD68+CD163+ macrophages	CN5	reg052_B	26	0.0	5337.47	24.22	444.53
reg052_B_01452	1066	1387	CD68+CD163+ macrophages	CN4	reg052_B	26	860.49	1591.6	0.0	233.75
reg052_B_01453	1081	1124	CD68+CD163+ macrophages	CN5	reg052_B	26	493.85	883.4	22.13	754.83
reg052_B_01454	1077	1225	CD68+CD163+ macrophages	CN5	reg052_B	26	46.5	6548.88	16.32	570.75
reg052_B_01455	1092	1063	CD68+CD163+ macrophages	CN5	reg052_B	26	1222.49	915.39	33.8	483.22
reg052_B_01456	1086	1269	CD68+CD163+ macrophages	CN5	reg052_B	26	1172.0	1257.92	140.96	294.8
reg052_B_01457	1098	878	CD68+CD163+ macrophages	CN5	reg052_B	26	252.16	3097.35	8.49	402.19
reg052_B_01458	1099	1025	CD68+CD163+ macrophages	CN5	reg052_B	26	284.73	909.21	38.04	1004.14
reg052_B_01459	1092	1411	CD68+CD163+ macrophages	CN4	reg052_B	26	0.0	10414.1	8.4	357.9
reg052_B_01460	1102	1333	CD68+CD163+ macrophages	CN5	reg052_B	26	3542.11	2806.73	0.0	249.21
reg052_B_01461	1157	105	CD68+CD163+ macrophages	CN8	reg052_B	26	723.15	932.21	19.46	562.53
reg052_B_01462	1109	1300	CD68+CD163+ macrophages	CN5	reg052_B	26	0.0	1058.52	36.86	981.38
reg052_B_01463	1125	1006	CD68+CD163+ macrophages	CN5	reg052_B	26	204.94	4944.6	5.11	543.6
reg052_B_01464	1132	850	CD68+CD163+ macrophages	CN5	reg052_B	26	217.25	0.0	7.81	604.57
reg052_B_01465	1117	1201	CD68+CD163+ macrophages	CN1	reg052_B	26	0.0	285.88	496.48	840.8
reg052_B_01466	1157	1032	CD68+CD163+ macrophages	CN5	reg052_B	26	70.01	2552.45	3.55	625.09
reg052_B_01467	1138	1295	CD68+CD163+ macrophages	CN1	reg052_B	26	2851.34	1785.26	23.35	846.48
reg052_B_01468	1150	959	CD68+CD163+ macrophages	CN5	reg052_B	26	305.88	3910.83	6.26	471.82
reg052_B_01469	1148	1097	CD68+CD163+ macrophages	CN1	reg052_B	26	334.03	1443.24	0.0	575.22
reg052_B_01470	1159	784	CD68+CD163+ macrophages	CN1	reg052_B	26	246.87	1598.02	16.29	234.03
reg052_B_01471	1172	1028	CD68+CD163+ macrophages	CN5	reg052_B	26	159.73	3597.02	6.63	480.06
reg052_B_01472	1197	307	CD68+CD163+ macrophages	CN8	reg052_B	26	804.55	3105.97	13.59	756.98
reg052_B_01473	1153	1431	CD68+CD163+ macrophages	CN1	reg052_B	26	2145.26	6303.89	20.35	827.66
reg052_B_01474	1187	575	CD68+CD163+ macrophages	CN8	reg052_B	26	340.76	1279.21	13.19	674.76
reg052_B_01475	1192	823	CD68+CD163+ macrophages	CN1	reg052_B	26	0.0	645.1	0.0	459.53
reg052_B_01476	1183	1096	CD68+CD163+ macrophages	CN5	reg052_B	26	392.53	1686.68	4.1	605.92
reg052_B_01477	1211	561	CD68+CD163+ macrophages	CN8	reg052_B	26	142.59	271.45	6.48	235.09
reg052_B_01478	1192	981	CD68+CD163+ macrophages	CN5	reg052_B	26	105.42	463.51	7.41	171.26
reg052_B_01479	1203	1136	CD68+CD163+ macrophages	CN5	reg052_B	26	44.12	2247.25	14.33	659.36
reg052_B_01480	1204	1200	CD68+CD163+ macrophages	CN5	reg052_B	26	139.57	3033.7	12.96	614.96
reg052_B_01481	1200	1258	CD68+CD163+ macrophages	CN5	reg052_B	26	298.79	1805.2	8.6	1296.01
reg052_B_01482	1221	769	CD68+CD163+ macrophages	CN5	reg052_B	26	398.77	223.66	23.31	1037.57
reg052_B_01483	1231	878	CD68+CD163+ macrophages	CN8	reg052_B	26	273.48	1716.12	9.61	390.17
reg052_B_01484	1217	1162	CD68+CD163+ macrophages	CN1	reg052_B	26	83.75	526.78	5.95	269.02
reg052_B_01485	1227	1077	CD68+CD163+ macrophages	CN5	reg052_B	26	90.36	725.38	0.27	769.34
reg052_B_01486	1245	979	CD68+CD163+ macrophages	CN8	reg052_B	26	135.82	346.69	7.51	276.68
reg052_B_01487	1232	1298	CD68+CD163+ macrophages	CN5	reg052_B	26	1560.28	1177.91	12.35	676.98
reg052_B_01488	1248	1032	CD68+CD163+ macrophages	CN5	reg052_B	26	148.19	4881.44	5.48	240.88
reg052_B_01489	1268	1042	CD68+CD163+ macrophages	CN8	reg052_B	26	0.0	6473.98	1.43	84.07
reg052_B_01490	1252	1360	CD68+CD163+ macrophages	CN5	reg052_B	26	403.27	2357.64	15.23	697.32
reg052_B_01491	1263	1382	CD68+CD163+ macrophages	CN5	reg052_B	26	207.57	2251.71	7.26	613.84
reg052_B_01492	1271	1307	CD68+CD163+ macrophages	CN5	reg052_B	26	367.0	3176.14	4.88	898.67
reg052_B_01493	1282	1016	CD68+CD163+ macrophages	CN5	reg052_B	26	65.56	1372.34	8.29	560.51
reg052_B_01494	1274	1259	CD68+CD163+ macrophages	CN5	reg052_B	26	0.0	7921.32	0.0	461.3
reg052_B_01495	1277	1400	CD68+CD163+ macrophages	CN5	reg052_B	26	403.94	2543.8	14.97	956.15
reg052_B_01496	1311	919	CD68+CD163+ macrophages	CN9	reg052_B	26	84.42	247.91	7.06	195.99
reg052_B_01497	1310	910	CD68+CD163+ macrophages	CN9	reg052_B	26	285.68	1932.23	9.74	301.53
reg052_B_01498	1297	1247	CD68+CD163+ macrophages	CN5	reg052_B	26	1040.13	0.0	410.34	525.09
reg052_B_01499	1315	1260	CD68+CD163+ macrophages	CN8	reg052_B	26	943.24	1649.09	0.0	1169.57
reg052_B_01500	1304	1439	CD68+CD163+ macrophages	CN5	reg052_B	26	0.0	1341.75	4.73	458.33
reg052_B_01501	1332	1013	CD68+CD163+ macrophages	CN8	reg052_B	26	261.33	1418.11	9.19	268.74
reg052_B_01502	1329	1204	CD68+CD163+ macrophages	CN8	reg052_B	26	0.0	968.25	41.26	901.79
reg052_B_01503	1362	1120	CD68+CD163+ macrophages	CN8	reg052_B	26	235.39	985.91	3.29	377.47
reg052_B_01504	1370	1244	CD68+CD163+ macrophages	CN8	reg052_B	26	1337.93	766.9	49.98	164.85
reg052_B_01505	1362	1404	CD68+CD163+ macrophages	CN4	reg052_B	26	1160.32	1717.31	6.87	430.98
reg052_B_01506	1369	1322	CD68+CD163+ macrophages	CN8	reg052_B	26	224.37	4139.79	3.89	540.49
reg052_B_01507	1383	1004	CD68+CD163+ macrophages	CN9	reg052_B	26	241.84	993.23	8.35	834.18
reg052_B_01508	1402	864	CD68+CD163+ macrophages	CN9	reg052_B	26	539.35	436.89	11.18	278.71
reg052_B_01509	1397	1141	CD68+CD163+ macrophages	CN5	reg052_B	26	420.39	1115.4	7.43	809.01
reg052_B_01510	1386	1326	CD68+CD163+ macrophages	CN8	reg052_B	26	0.0	9547.44	3.68	790.89
reg052_B_01511	1407	1104	CD68+CD163+ macrophages	CN5	reg052_B	26	63.0	4146.35	7.3	542.34
reg052_B_01512	1414	1121	CD68+CD163+ macrophages	CN5	reg052_B	26	0.0	2641.67	4.61	442.36
reg052_B_01513	1429	972	CD68+CD163+ macrophages	CN9	reg052_B	26	49.08	153.21	7.32	566.27
reg052_B_01514	1440	1142	CD68+CD163+ macrophages	CN5	reg052_B	26	0.0	1945.02	2.28	88.28
reg052_B_01515	1490	1028	CD68+CD163+ macrophages	CN9	reg052_B	26	263.77	2163.29	6.72	462.01
reg052_B_01516	1524	1328	CD68+CD163+ macrophages	CN8	reg052_B	26	86.57	1556.73	12.61	167.7
reg052_B_01517	1513	1338	CD68+CD163+ macrophages	CN8	reg052_B	26	21.07	489.55	8.96	88.95
reg052_B_01518	1594	13	CD68+CD163+ macrophages	CN3	reg052_B	26	505.63	1485.73	28.9	593.21
reg052_B_01519	1620	191	CD68+CD163+ macrophages	CN7	reg052_B	26	92.3	11455.21	68.3	890.18
reg052_B_01520	1555	1182	CD68+CD163+ macrophages	CN8	reg052_B	26	358.44	1552.63	14.58	406.41
reg052_B_01521	1613	1139	CD68+CD163+ macrophages	CN5	reg052_B	26	121.05	1266.3	13.48	163.14
reg052_B_01522	1616	1087	CD68+CD163+ macrophages	CN5	reg052_B	26	107.99	2010.59	8.59	38.85
reg052_B_01523	1662	1109	CD68+CD163+ macrophages	CN5	reg052_B	26	138.42	1159.32	9.28	389.35
reg052_B_01524	1662	1138	CD68+CD163+ macrophages	CN5	reg052_B	26	70.22	0.0	32.18	82.02
reg052_B_01525	1662	1186	CD68+CD163+ macrophages	CN5	reg052_B	26	22.66	836.14	12.3	55.36
reg052_B_01526	1664	1034	CD68+CD163+ macrophages	CN5	reg052_B	26	524.07	1380.19	3.58	119.73
reg052_B_01527	1667	1165	CD68+CD163+ macrophages	CN5	reg052_B	26	52.31	1073.63	4.8	110.88
reg052_B_01528	1676	1048	CD68+CD163+ macrophages	CN5	reg052_B	26	0.0	1225.28	12.95	198.12
reg052_B_01529	1788	217	CD68+CD163+ macrophages	CN8	reg052_B	26	363.35	1132.86	0.0	579.72
reg052_B_01530	1816	23	CD68+CD163+ macrophages	CN7	reg052_B	26	142.71	5689.38	0.0	727.27
reg052_B_01531	1828	473	CD68+CD163+ macrophages	CN7	reg052_B	26	509.08	1195.22	16.82	970.69
reg052_B_01532	1843	503	CD68+CD163+ macrophages	CN8	reg052_B	26	290.73	2504.7	8.58	485.09
reg052_B_01533	1861	434	CD68+CD163+ macrophages	CN5	reg052_B	26	840.1	408.89	15.82	225.24
reg052_B_01534	1886	286	CD68+CD163+ macrophages	CN8	reg052_B	26	280.26	272.22	16.14	331.11
reg052_B_01535	1915	328	CD68+CD163+ macrophages	CN8	reg052_B	26	0.0	228.6	9.33	103.45
reg052_B_01536	121	589	plasma cells	CN8	reg052_B	26	225.85	49.96	8.33	129.48
reg052_B_01537	344	724	plasma cells	CN4	reg052_B	26	304.22	405.19	10.51	218.32
reg052_B_01538	358	802	plasma cells	CN5	reg052_B	26	0.0	0.0	0.0	43.58
reg052_B_01539	505	1029	plasma cells	CN5	reg052_B	26	3.04	805.94	8.75	505.75
reg052_B_01540	502	1231	plasma cells	CN5	reg052_B	26	464.98	165.22	10.93	181.8
reg052_B_01541	508	1143	plasma cells	CN4	reg052_B	26	0.0	0.0	930.04	257.95
reg052_B_01542	514	1026	plasma cells	CN5	reg052_B	26	677.92	9.2	19.23	401.95
reg052_B_01543	579	1183	plasma cells	CN5	reg052_B	26	0.0	1004.78	10.33	262.05
reg052_B_01544	570	1386	plasma cells	CN7	reg052_B	26	234.89	964.49	0.0	301.02
reg052_B_01545	587	1216	plasma cells	CN1	reg052_B	26	719.72	78.83	10.42	0.0
reg052_B_01546	596	1164	plasma cells	CN4	reg052_B	26	210.92	209.15	68.69	197.54
reg052_B_01547	582	1250	plasma cells	CN1	reg052_B	26	0.0	136.98	4.9	61.95
reg052_B_01548	691	12	plasma cells	CN8	reg052_B	26	77.33	37.63	0.88	51.24
reg052_B_01549	665	1119	plasma cells	CN4	reg052_B	26	258.52	572.17	12.73	386.8
reg052_B_01550	663	1137	plasma cells	CN4	reg052_B	26	191.79	802.6	5.51	169.72
reg052_B_01551	719	101	plasma cells	CN8	reg052_B	26	144.81	252.98	13.37	370.44
reg052_B_01552	729	17	plasma cells	CN1	reg052_B	26	371.07	274.95	27.28	286.86
reg052_B_01553	686	1113	plasma cells	CN4	reg052_B	26	234.0	0.0	24.24	121.68
reg052_B_01554	686	1164	plasma cells	CN1	reg052_B	26	558.33	335.06	6.22	1311.11
reg052_B_01555	716	1153	plasma cells	CN5	reg052_B	26	335.38	139.61	234.47	565.27
reg052_B_01556	713	1371	plasma cells	CN5	reg052_B	26	835.9	889.68	0.0	769.98
reg052_B_01557	807	59	plasma cells	CN8	reg052_B	26	351.94	265.03	21.78	128.67
reg052_B_01558	769	1268	plasma cells	CN5	reg052_B	26	113.86	410.0	0.0	32.81
reg052_B_01559	774	1174	plasma cells	CN5	reg052_B	26	0.0	343.09	18.77	341.28
reg052_B_01560	820	172	plasma cells	CN4	reg052_B	26	119.19	0.0	0.0	152.56
reg052_B_01561	821	134	plasma cells	CN8	reg052_B	26	11.41	209.37	0.0	3.62
reg052_B_01562	818	908	plasma cells	CN5	reg052_B	26	371.92	130.41	12.44	291.95
reg052_B_01563	823	1198	plasma cells	CN5	reg052_B	26	30.4	2296.3	10.06	369.47
reg052_B_01564	862	937	plasma cells	CN5	reg052_B	26	331.0	0.0	11.14	101.08
reg052_B_01565	868	1277	plasma cells	CN1	reg052_B	26	0.0	334.56	2.7	105.13
reg052_B_01566	875	1055	plasma cells	CN5	reg052_B	26	0.0	501.81	13.71	0.0
reg052_B_01567	929	1049	plasma cells	CN5	reg052_B	26	113.37	384.04	4.83	0.0
reg052_B_01568	929	1236	plasma cells	CN1	reg052_B	26	684.82	606.29	7.66	138.38
reg052_B_01569	1026	1225	plasma cells	CN5	reg052_B	26	787.25	706.33	250.17	25.03
reg052_B_01570	1054	1280	plasma cells	CN5	reg052_B	26	0.0	336.23	11.81	634.51
reg052_B_01571	1074	1262	plasma cells	CN5	reg052_B	26	1617.39	0.0	0.0	271.75
reg052_B_01572	1116	534	plasma cells	CN8	reg052_B	26	0.0	162.93	6.96	90.75
reg052_B_01573	1112	504	plasma cells	CN8	reg052_B	26	113.22	131.51	9.35	143.0
reg052_B_01574	1119	479	plasma cells	CN8	reg052_B	26	157.32	151.68	11.42	190.79
reg052_B_01575	1121	1337	plasma cells	CN5	reg052_B	26	0.0	0.0	12.9	454.96
reg052_B_01576	1147	645	plasma cells	CN8	reg052_B	26	422.98	95.51	5.5	131.97
reg052_B_01577	1153	1131	plasma cells	CN1	reg052_B	26	1866.73	458.19	0.0	0.0
reg052_B_01578	1150	1263	plasma cells	CN4	reg052_B	26	0.0	151.47	3.37	131.78
reg052_B_01579	1187	749	plasma cells	CN1	reg052_B	26	0.0	61.23	10.21	26.0
reg052_B_01580	1214	854	plasma cells	CN8	reg052_B	26	104.98	0.0	8.35	79.24
reg052_B_01581	1217	595	plasma cells	CN8	reg052_B	26	44.84	190.38	9.93	111.35
reg052_B_01582	1228	593	plasma cells	CN8	reg052_B	26	336.77	119.5	11.1	226.0
reg052_B_01583	1342	1327	plasma cells	CN8	reg052_B	26	109.32	316.86	1.52	0.0
reg052_B_01584	1402	761	plasma cells	CN1	reg052_B	26	0.0	290.38	4.87	115.98
reg052_B_01585	1368	1176	plasma cells	CN8	reg052_B	26	332.18	58.0	9.4	123.13
reg052_B_01586	1416	586	plasma cells	CN9	reg052_B	26	272.96	119.27	11.56	234.05
reg052_B_01587	1444	745	plasma cells	CN1	reg052_B	26	132.64	15.98	72.02	198.82
reg052_B_01588	1450	735	plasma cells	CN1	reg052_B	26	319.83	271.0	0.0	117.13
reg052_B_01589	1412	1351	plasma cells	CN8	reg052_B	26	1354.76	546.6	18.34	335.09
reg052_B_01590	1444	1381	plasma cells	CN8	reg052_B	26	82.92	208.37	9.8	57.43
reg052_B_01591	1485	539	plasma cells	CN8	reg052_B	26	138.97	916.55	2.6	331.48
reg052_B_01592	1504	548	plasma cells	CN8	reg052_B	26	54.62	136.45	13.78	0.0
reg052_B_01593	1491	740	plasma cells	CN8	reg052_B	26	0.0	1632.04	11.05	568.86
reg052_B_01594	1524	557	plasma cells	CN8	reg052_B	26	0.0	0.0	7.03	65.04
reg052_B_01595	1597	1224	plasma cells	CN5	reg052_B	26	47.85	60.84	10.99	93.56
reg052_B_01596	1606	1251	plasma cells	CN5	reg052_B	26	322.8	80.48	11.69	39.26
reg052_B_01597	1643	1071	plasma cells	CN5	reg052_B	26	88.18	245.91	6.74	0.0
reg052_B_01598	119	687	CD8+ T cells	CN3	reg052_B	26	5065.62	183.15	0.0	522.29
reg052_B_01599	144	1016	CD8+ T cells	CN3	reg052_B	26	3395.97	822.03	31.66	390.72
reg052_B_01600	146	670	CD8+ T cells	CN7	reg052_B	26	1519.34	307.55	35.56	878.15
reg052_B_01601	186	343	CD8+ T cells	CN7	reg052_B	26	4454.11	2089.29	9.9	982.29
reg052_B_01602	196	841	CD8+ T cells	CN3	reg052_B	26	4534.83	393.43	0.0	463.96
reg052_B_01603	202	1026	CD8+ T cells	CN3	reg052_B	26	2137.75	255.63	0.0	455.03
reg052_B_01604	255	684	CD8+ T cells	CN8	reg052_B	26	3800.24	367.22	74.29	306.35
reg052_B_01605	251	865	CD8+ T cells	CN3	reg052_B	26	3738.78	0.0	94.06	297.96
reg052_B_01606	257	745	CD8+ T cells	CN1	reg052_B	26	1562.32	166.64	82.43	237.81
reg052_B_01607	272	1238	CD8+ T cells	CN5	reg052_B	26	1926.39	379.04	0.0	241.29
reg052_B_01608	287	778	CD8+ T cells	CN4	reg052_B	26	6076.41	336.75	12.11	132.5
reg052_B_01609	296	799	CD8+ T cells	CN4	reg052_B	26	2618.8	670.21	0.0	760.3
reg052_B_01610	317	566	CD8+ T cells	CN7	reg052_B	26	2420.73	315.33	9.44	159.72
reg052_B_01611	327	831	CD8+ T cells	CN1	reg052_B	26	5669.38	981.16	24.08	684.91
reg052_B_01612	342	859	CD8+ T cells	CN1	reg052_B	26	3921.99	0.0	0.0	346.03
reg052_B_01613	338	1178	CD8+ T cells	CN4	reg052_B	26	6223.97	917.23	39.15	554.36
reg052_B_01614	375	612	CD8+ T cells	CN8	reg052_B	26	2542.43	999.52	12.71	375.33
reg052_B_01615	368	835	CD8+ T cells	CN1	reg052_B	26	2014.46	113.82	24.55	175.74
reg052_B_01616	361	1179	CD8+ T cells	CN5	reg052_B	26	2439.97	985.12	19.07	729.39
reg052_B_01617	400	841	CD8+ T cells	CN1	reg052_B	26	1891.85	485.58	0.0	107.94
reg052_B_01618	379	1212	CD8+ T cells	CN5	reg052_B	26	2314.59	0.0	463.41	862.22
reg052_B_01619	411	844	CD8+ T cells	CN1	reg052_B	26	2234.08	73.67	56.06	341.16
reg052_B_01620	395	1120	CD8+ T cells	CN5	reg052_B	26	3043.01	155.94	0.0	1312.02
reg052_B_01621	398	1030	CD8+ T cells	CN7	reg052_B	26	1953.5	0.0	64.75	1241.14
reg052_B_01622	410	1257	CD8+ T cells	CN5	reg052_B	26	1251.09	605.22	12.27	811.64
reg052_B_01623	424	736	CD8+ T cells	CN1	reg052_B	26	2861.14	935.27	8.14	140.52
reg052_B_01624	419	894	CD8+ T cells	CN5	reg052_B	26	3567.09	616.9	30.81	703.28
reg052_B_01625	405	1167	CD8+ T cells	CN1	reg052_B	26	3703.5	493.36	33.2	298.38
reg052_B_01626	434	1160	CD8+ T cells	CN1	reg052_B	26	2831.65	157.94	0.0	309.02
reg052_B_01627	453	677	CD8+ T cells	CN5	reg052_B	26	2583.45	1802.75	0.0	301.31
reg052_B_01628	435	1195	CD8+ T cells	CN5	reg052_B	26	2245.96	251.71	85.18	635.41
reg052_B_01629	458	713	CD8+ T cells	CN5	reg052_B	26	1620.21	300.93	0.0	273.18
reg052_B_01630	446	1112	CD8+ T cells	CN5	reg052_B	26	1252.53	459.36	0.0	264.44
reg052_B_01631	465	761	CD8+ T cells	CN1	reg052_B	26	2341.65	115.1	236.65	131.64
reg052_B_01632	452	1130	CD8+ T cells	CN5	reg052_B	26	2667.35	324.94	47.69	510.81
reg052_B_01633	476	656	CD8+ T cells	CN5	reg052_B	26	2071.67	561.45	70.86	285.01
reg052_B_01634	444	1362	CD8+ T cells	CN4	reg052_B	26	1513.81	1393.65	0.0	383.71
reg052_B_01635	485	726	CD8+ T cells	CN1	reg052_B	26	2488.43	22.59	22.3	225.07
reg052_B_01636	489	866	CD8+ T cells	CN5	reg052_B	26	3943.69	0.0	291.3	608.84
reg052_B_01637	482	1145	CD8+ T cells	CN1	reg052_B	26	2789.97	852.15	0.0	310.15
reg052_B_01638	506	811	CD8+ T cells	CN5	reg052_B	26	2077.97	264.58	37.36	410.18
reg052_B_01639	472	1286	CD8+ T cells	CN5	reg052_B	26	1367.47	856.16	17.42	669.83
reg052_B_01640	546	714	CD8+ T cells	CN5	reg052_B	26	3124.14	500.51	0.0	405.1
reg052_B_01641	528	1414	CD8+ T cells	CN7	reg052_B	26	3634.43	129.41	0.0	316.93
reg052_B_01642	516	1429	CD8+ T cells	CN7	reg052_B	26	3504.32	0.0	0.0	88.47
reg052_B_01643	564	633	CD8+ T cells	CN7	reg052_B	26	1119.54	662.23	47.91	189.67
reg052_B_01644	556	1164	CD8+ T cells	CN5	reg052_B	26	3808.39	0.0	0.0	187.52
reg052_B_01645	540	1236	CD8+ T cells	CN5	reg052_B	26	1365.78	620.87	13.39	136.3
reg052_B_01646	576	641	CD8+ T cells	CN5	reg052_B	26	1848.51	105.76	0.0	395.69
reg052_B_01647	593	941	CD8+ T cells	CN5	reg052_B	26	1246.64	0.0	12.78	655.96
reg052_B_01648	567	1224	CD8+ T cells	CN1	reg052_B	26	3334.34	307.33	23.21	568.91
reg052_B_01649	619	836	CD8+ T cells	CN5	reg052_B	26	2606.1	280.65	4.48	336.6
reg052_B_01650	639	658	CD8+ T cells	CN8	reg052_B	26	1771.1	529.52	0.0	300.89
reg052_B_01651	666	35	CD8+ T cells	CN8	reg052_B	26	4363.39	188.04	19.15	317.1
reg052_B_01652	637	876	CD8+ T cells	CN5	reg052_B	26	4332.64	950.09	14.4	464.87
reg052_B_01653	627	1235	CD8+ T cells	CN1	reg052_B	26	2568.76	629.61	14.29	478.23
reg052_B_01654	686	567	CD8+ T cells	CN3	reg052_B	26	4754.25	108.25	251.96	282.6
reg052_B_01655	687	1208	CD8+ T cells	CN4	reg052_B	26	3420.02	389.94	0.0	299.11
reg052_B_01656	727	216	CD8+ T cells	CN7	reg052_B	26	2272.18	125.52	0.0	340.63
reg052_B_01657	691	820	CD8+ T cells	CN5	reg052_B	26	2778.92	492.54	6.69	327.75
reg052_B_01658	732	238	CD8+ T cells	CN3	reg052_B	26	2612.4	159.96	101.33	75.02
reg052_B_01659	670	1271	CD8+ T cells	CN5	reg052_B	26	1945.56	237.24	0.0	504.84
reg052_B_01660	708	1342	CD8+ T cells	CN1	reg052_B	26	3049.8	489.0	0.74	457.5
reg052_B_01661	721	1048	CD8+ T cells	CN5	reg052_B	26	2753.58	258.27	0.6	413.06
reg052_B_01662	721	1059	CD8+ T cells	CN5	reg052_B	26	1690.98	1871.37	35.62	916.28
reg052_B_01663	745	874	CD8+ T cells	CN5	reg052_B	26	4038.34	86.04	11.96	218.48
reg052_B_01664	718	1296	CD8+ T cells	CN1	reg052_B	26	2407.62	174.18	0.0	40.16
reg052_B_01665	719	1253	CD8+ T cells	CN1	reg052_B	26	3225.57	409.18	12.62	352.19
reg052_B_01666	778	12	CD8+ T cells	CN1	reg052_B	26	2653.56	323.18	6.05	637.17
reg052_B_01667	742	1020	CD8+ T cells	CN5	reg052_B	26	1584.56	1333.83	0.0	472.41
reg052_B_01668	736	983	CD8+ T cells	CN5	reg052_B	26	4019.91	0.0	23.62	299.3
reg052_B_01669	793	34	CD8+ T cells	CN8	reg052_B	26	2662.8	187.83	11.1	0.0
reg052_B_01670	752	1055	CD8+ T cells	CN5	reg052_B	26	1840.12	507.86	461.16	305.64
reg052_B_01671	751	1172	CD8+ T cells	CN5	reg052_B	26	4646.25	0.0	0.0	122.19
reg052_B_01672	751	1295	CD8+ T cells	CN1	reg052_B	26	1804.47	328.62	135.96	476.33
reg052_B_01673	751	1359	CD8+ T cells	CN5	reg052_B	26	2858.84	1145.28	142.08	745.39
reg052_B_01674	757	1133	CD8+ T cells	CN5	reg052_B	26	2665.85	470.24	17.03	439.7
reg052_B_01675	813	207	CD8+ T cells	CN7	reg052_B	26	2273.24	316.26	0.0	339.58
reg052_B_01676	770	1310	CD8+ T cells	CN1	reg052_B	26	2502.08	191.88	37.12	38.73
reg052_B_01677	765	1246	CD8+ T cells	CN5	reg052_B	26	1629.74	0.0	0.0	1671.98
reg052_B_01678	842	47	CD8+ T cells	CN4	reg052_B	26	7171.61	238.51	38.31	717.57
reg052_B_01679	806	1275	CD8+ T cells	CN5	reg052_B	26	3353.2	420.94	294.12	81.28
reg052_B_01680	858	111	CD8+ T cells	CN4	reg052_B	26	2708.01	0.0	22.62	2.17
reg052_B_01681	855	220	CD8+ T cells	CN1	reg052_B	26	2647.72	977.37	0.0	508.48
reg052_B_01682	839	1072	CD8+ T cells	CN5	reg052_B	26	3112.9	814.8	17.57	549.33
reg052_B_01683	834	880	CD8+ T cells	CN5	reg052_B	26	3116.51	0.0	15.9	298.92
reg052_B_01684	869	606	CD8+ T cells	CN7	reg052_B	26	3205.16	0.0	12.94	0.0
reg052_B_01685	838	1293	CD8+ T cells	CN5	reg052_B	26	5403.06	1019.48	25.69	243.8
reg052_B_01686	887	18	CD8+ T cells	CN4	reg052_B	26	3799.71	74.56	19.83	1219.62
reg052_B_01687	883	123	CD8+ T cells	CN4	reg052_B	26	2613.32	504.36	15.72	221.38
reg052_B_01688	898	12	CD8+ T cells	CN4	reg052_B	26	5181.18	267.17	0.0	405.08
reg052_B_01689	848	1210	CD8+ T cells	CN1	reg052_B	26	2257.51	762.06	12.41	1023.74
reg052_B_01690	852	1258	CD8+ T cells	CN1	reg052_B	26	3316.84	0.0	62.52	426.56
reg052_B_01691	917	19	CD8+ T cells	CN4	reg052_B	26	5522.26	255.47	35.52	380.96
reg052_B_01692	893	616	CD8+ T cells	CN8	reg052_B	26	3059.26	1164.32	0.0	440.9
reg052_B_01693	866	1079	CD8+ T cells	CN5	reg052_B	26	2054.76	278.08	0.0	29.87
reg052_B_01694	872	1224	CD8+ T cells	CN1	reg052_B	26	2333.89	84.57	15.99	581.61
reg052_B_01695	880	1224	CD8+ T cells	CN1	reg052_B	26	2625.75	185.34	7.74	354.68
reg052_B_01696	876	1297	CD8+ T cells	CN1	reg052_B	26	3485.32	887.81	14.62	1427.23
reg052_B_01697	922	105	CD8+ T cells	CN4	reg052_B	26	2629.72	275.06	14.62	223.31
reg052_B_01698	896	1173	CD8+ T cells	CN1	reg052_B	26	2722.1	155.66	1.94	478.53
reg052_B_01699	893	1387	CD8+ T cells	CN5	reg052_B	26	3426.7	713.83	24.85	585.8
reg052_B_01700	895	1311	CD8+ T cells	CN1	reg052_B	26	1614.98	0.0	1.6	0.0
reg052_B_01701	891	1344	CD8+ T cells	CN1	reg052_B	26	2717.26	0.0	13.58	884.17
reg052_B_01702	903	1232	CD8+ T cells	CN1	reg052_B	26	3501.63	429.14	14.58	355.29
reg052_B_01703	911	1226	CD8+ T cells	CN1	reg052_B	26	2060.6	102.0	6.49	462.34
reg052_B_01704	962	48	CD8+ T cells	CN8	reg052_B	26	1508.72	74.46	10.96	218.4
reg052_B_01705	915	1151	CD8+ T cells	CN1	reg052_B	26	2008.28	234.78	12.4	823.09
reg052_B_01706	926	1161	CD8+ T cells	CN1	reg052_B	26	5138.25	704.44	6.5	588.24
reg052_B_01707	913	1336	CD8+ T cells	CN5	reg052_B	26	6720.15	0.0	91.05	518.36
reg052_B_01708	923	1314	CD8+ T cells	CN5	reg052_B	26	2552.65	271.23	34.64	1080.08
reg052_B_01709	987	193	CD8+ T cells	CN8	reg052_B	26	1687.28	581.66	15.61	221.51
reg052_B_01710	941	1394	CD8+ T cells	CN5	reg052_B	26	2706.26	345.72	3.52	650.06
reg052_B_01711	952	1285	CD8+ T cells	CN5	reg052_B	26	5771.47	0.0	21.97	650.13
reg052_B_01712	964	724	CD8+ T cells	CN8	reg052_B	26	2249.02	0.0	13.36	252.04
reg052_B_01713	969	1153	CD8+ T cells	CN1	reg052_B	26	2701.57	0.0	23.18	777.97
reg052_B_01714	976	1233	CD8+ T cells	CN1	reg052_B	26	2640.41	373.5	18.5	245.07
reg052_B_01715	1046	218	CD8+ T cells	CN1	reg052_B	26	1344.39	490.64	931.71	538.73
reg052_B_01716	1049	116	CD8+ T cells	CN8	reg052_B	26	3408.13	0.0	13.07	171.61
reg052_B_01717	1016	1023	CD8+ T cells	CN5	reg052_B	26	3911.09	0.0	11.06	380.72
reg052_B_01718	1043	560	CD8+ T cells	CN7	reg052_B	26	3185.89	151.19	133.05	260.06
reg052_B_01719	999	1277	CD8+ T cells	CN1	reg052_B	26	5327.66	0.0	27.04	280.24
reg052_B_01720	1022	1406	CD8+ T cells	CN5	reg052_B	26	4885.1	2444.25	790.4	620.54
reg052_B_01721	1081	137	CD8+ T cells	CN1	reg052_B	26	2158.64	398.08	13.74	437.09
reg052_B_01722	1011	1323	CD8+ T cells	CN5	reg052_B	26	3009.18	2310.14	32.73	741.58
reg052_B_01723	1080	234	CD8+ T cells	CN1	reg052_B	26	2418.68	101.94	0.0	466.17
reg052_B_01724	1094	183	CD8+ T cells	CN4	reg052_B	26	2989.63	147.57	18.23	273.16
reg052_B_01725	1055	1218	CD8+ T cells	CN5	reg052_B	26	1441.82	0.0	0.0	306.39
reg052_B_01726	1111	65	CD8+ T cells	CN8	reg052_B	26	1004.84	65.1	11.71	175.03
reg052_B_01727	1053	1342	CD8+ T cells	CN5	reg052_B	26	3283.78	0.0	0.0	239.26
reg052_B_01728	1052	1381	CD8+ T cells	CN4	reg052_B	26	1803.85	0.0	927.6	599.44
reg052_B_01729	1080	1164	CD8+ T cells	CN5	reg052_B	26	4433.96	258.02	91.94	79.77
reg052_B_01730	1094	1287	CD8+ T cells	CN5	reg052_B	26	3606.59	0.0	0.0	198.44
reg052_B_01731	1157	396	CD8+ T cells	CN8	reg052_B	26	4667.6	126.55	16.24	250.87
reg052_B_01732	1125	1283	CD8+ T cells	CN5	reg052_B	26	2194.12	361.31	0.0	91.87
reg052_B_01733	1128	1113	CD8+ T cells	CN1	reg052_B	26	4154.23	339.25	304.16	271.29
reg052_B_01734	1134	1193	CD8+ T cells	CN1	reg052_B	26	3214.81	332.69	906.82	448.61
reg052_B_01735	1131	1251	CD8+ T cells	CN1	reg052_B	26	1652.02	1422.24	15.78	851.05
reg052_B_01736	1182	230	CD8+ T cells	CN8	reg052_B	26	1200.44	371.97	57.24	276.52
reg052_B_01737	1156	852	CD8+ T cells	CN5	reg052_B	26	4035.46	665.05	22.81	278.64
reg052_B_01738	1184	821	CD8+ T cells	CN1	reg052_B	26	4487.16	986.09	352.22	0.0
reg052_B_01739	1148	1336	CD8+ T cells	CN1	reg052_B	26	5944.53	704.39	12.8	515.56
reg052_B_01740	1186	659	CD8+ T cells	CN8	reg052_B	26	2297.59	64.87	11.34	89.29
reg052_B_01741	1173	1344	CD8+ T cells	CN1	reg052_B	26	1873.08	256.44	8.68	322.35
reg052_B_01742	1203	761	CD8+ T cells	CN5	reg052_B	26	4115.27	422.11	0.0	349.03
reg052_B_01743	1182	1151	CD8+ T cells	CN1	reg052_B	26	1960.0	71.71	0.0	0.0
reg052_B_01744	1247	103	CD8+ T cells	CN9	reg052_B	26	2409.18	154.93	15.01	228.44
reg052_B_01745	1229	1324	CD8+ T cells	CN5	reg052_B	26	6584.52	224.64	15.69	499.55
reg052_B_01746	1251	1189	CD8+ T cells	CN1	reg052_B	26	3317.75	289.11	12.44	394.28
reg052_B_01747	1303	461	CD8+ T cells	CN9	reg052_B	26	2702.47	132.17	18.1	250.85
reg052_B_01748	1269	1232	CD8+ T cells	CN1	reg052_B	26	2300.04	49.15	0.0	300.45
reg052_B_01749	1324	293	CD8+ T cells	CN8	reg052_B	26	1595.94	153.95	30.36	260.27
reg052_B_01750	1281	1242	CD8+ T cells	CN5	reg052_B	26	1165.64	1219.17	0.0	135.52
reg052_B_01751	1333	477	CD8+ T cells	CN8	reg052_B	26	1402.28	245.4	10.66	228.94
reg052_B_01752	1397	1269	CD8+ T cells	CN8	reg052_B	26	2584.2	181.78	16.48	348.42
reg052_B_01753	1397	1285	CD8+ T cells	CN8	reg052_B	26	1700.96	122.8	10.7	95.39
reg052_B_01754	1390	1393	CD8+ T cells	CN8	reg052_B	26	974.63	0.0	16.53	282.53
reg052_B_01755	1399	1308	CD8+ T cells	CN8	reg052_B	26	2750.59	327.05	9.44	532.38
reg052_B_01756	1492	712	CD8+ T cells	CN8	reg052_B	26	4359.22	1559.81	13.52	508.34
reg052_B_01757	1518	1213	CD8+ T cells	CN8	reg052_B	26	538.04	32.98	8.83	100.18
reg052_B_01758	1733	329	CD8+ T cells	CN7	reg052_B	26	2578.4	647.26	0.0	562.99
reg052_B_01759	1741	359	CD8+ T cells	CN7	reg052_B	26	4635.88	340.61	0.0	421.05
reg052_B_01760	1737	395	CD8+ T cells	CN7	reg052_B	26	6640.55	133.53	0.0	292.95
reg052_B_01761	1734	379	CD8+ T cells	CN7	reg052_B	26	3066.78	233.51	0.0	389.44
reg052_B_01762	1757	277	CD8+ T cells	CN9	reg052_B	26	3482.25	186.87	0.0	268.76
reg052_B_01763	1757	359	CD8+ T cells	CN7	reg052_B	26	2558.33	0.0	1031.65	239.97
reg052_B_01764	1809	239	CD8+ T cells	CN8	reg052_B	26	2963.17	0.0	7.18	134.05
reg052_B_01765	1881	575	CD8+ T cells	CN9	reg052_B	26	1971.24	88.56	15.55	163.4
reg052_B_01766	1894	336	CD8+ T cells	CN8	reg052_B	26	562.18	0.0	8.65	201.56
reg052_B_01767	52	287	dirt	CN2	reg052_B	26	107.66	101.87	13.43	124.38
reg052_B_01768	95	330	dirt	CN8	reg052_B	26	64.46	190.04	13.41	97.12
reg052_B_01769	102	428	dirt	CN8	reg052_B	26	207.25	29.97	26.35	129.79
reg052_B_01770	120	205	dirt	CN7	reg052_B	26	123.78	107.84	14.33	140.04
reg052_B_01771	383	972	dirt	CN7	reg052_B	26	432.04	1033.57	172.07	458.41
reg052_B_01772	417	1066	dirt	CN5	reg052_B	26	856.61	25.95	14.02	286.59
reg052_B_01773	527	1337	dirt	CN5	reg052_B	26	247.42	85.38	16.83	519.61
reg052_B_01774	691	835	dirt	CN5	reg052_B	26	0.0	23.46	14.71	103.35
reg052_B_01775	942	327	dirt	CN3	reg052_B	26	990.58	194.16	390.3	169.94
reg052_B_01776	996	1379	dirt	CN5	reg052_B	26	492.01	988.65	510.63	366.01
reg052_B_01777	1115	460	dirt	CN8	reg052_B	26	169.31	59.69	10.65	107.5
reg052_B_01778	1107	738	dirt	CN5	reg052_B	26	218.73	3015.06	9.41	184.78
reg052_B_01779	1516	1278	dirt	CN8	reg052_B	26	345.46	151.55	13.5	155.88
reg052_B_01780	1687	1088	dirt	CN5	reg052_B	26	415.27	83.38	14.12	206.26
reg052_B_01781	1814	904	dirt	CN8	reg052_B	26	0.0	3.46	4.82	9.35
reg052_B_01782	407	805	Tregs	CN1	reg052_B	26	1917.64	654.93	1787.17	784.47
reg052_B_01783	444	1102	Tregs	CN5	reg052_B	26	320.84	281.04	113.1	971.73
reg052_B_01784	744	911	Tregs	CN8	reg052_B	26	0.0	238.81	7.09	674.38
reg052_B_01785	747	942	Tregs	CN8	reg052_B	26	0.0	507.65	6.64	460.69
reg052_B_01786	1074	371	Tregs	CN8	reg052_B	26	197.96	0.0	13.93	901.1
reg052_B_01787	335	1229	B cells	CN5	reg052_B	26	94.26	1043.18	18.07	544.8
reg052_B_01788	598	701	B cells	CN5	reg052_B	26	112.63	0.0	0.0	585.53
reg052_B_01789	654	910	B cells	CN5	reg052_B	26	1194.85	1176.11	14.63	1111.5
reg052_B_01790	37	594	smooth muscle	CN3	reg052_B	26	268.84	90.19	19.96	228.06
reg052_B_01791	80	576	smooth muscle	CN7	reg052_B	26	321.84	260.68	17.6	269.66
reg052_B_01792	105	506	smooth muscle	CN7	reg052_B	26	220.35	181.54	10.91	435.33
reg052_B_01793	159	606	smooth muscle	CN8	reg052_B	26	114.97	360.16	17.17	82.21
reg052_B_01794	183	326	smooth muscle	CN7	reg052_B	26	1427.12	216.91	52.07	714.81
reg052_B_01795	182	599	smooth muscle	CN9	reg052_B	26	329.72	0.0	13.79	297.71
reg052_B_01796	155	547	smooth muscle	CN9	reg052_B	26	434.25	1139.89	16.0	428.39
reg052_B_01797	186	432	smooth muscle	CN7	reg052_B	26	448.92	1365.07	63.86	915.92
reg052_B_01798	186	445	smooth muscle	CN7	reg052_B	26	1928.33	870.09	0.0	891.54
reg052_B_01799	179	589	smooth muscle	CN8	reg052_B	26	231.74	960.49	10.23	595.26
reg052_B_01800	180	614	smooth muscle	CN9	reg052_B	26	48.76	177.02	5.28	0.0
reg052_B_01801	174	671	smooth muscle	CN7	reg052_B	26	610.34	806.17	27.04	375.88
reg052_B_01802	194	322	smooth muscle	CN7	reg052_B	26	0.0	277.39	0.0	0.0
reg052_B_01803	207	318	smooth muscle	CN7	reg052_B	26	135.44	312.76	158.99	122.65
reg052_B_01804	191	774	smooth muscle	CN3	reg052_B	26	940.11	0.0	0.0	101.9
reg052_B_01805	216	220	smooth muscle	CN3	reg052_B	26	397.99	338.1	0.0	261.94
reg052_B_01806	217	174	smooth muscle	CN7	reg052_B	26	415.65	420.41	14.33	384.68
reg052_B_01807	240	153	smooth muscle	CN7	reg052_B	26	193.06	2108.87	13.81	323.96
reg052_B_01808	213	680	smooth muscle	CN8	reg052_B	26	366.83	285.68	14.38	116.8
reg052_B_01809	221	635	smooth muscle	CN8	reg052_B	26	326.69	0.0	13.23	0.0
reg052_B_01810	223	524	smooth muscle	CN7	reg052_B	26	33.63	2257.94	8.73	264.77
reg052_B_01811	260	125	smooth muscle	CN7	reg052_B	26	214.15	123.46	20.17	183.89
reg052_B_01812	247	524	smooth muscle	CN7	reg052_B	26	245.96	794.42	3.31	186.24
reg052_B_01813	229	697	smooth muscle	CN5	reg052_B	26	0.0	496.1	3.53	831.95
reg052_B_01814	250	399	smooth muscle	CN3	reg052_B	26	65.81	575.07	0.0	667.04
reg052_B_01815	307	124	smooth muscle	CN3	reg052_B	26	218.79	140.09	0.0	227.99
reg052_B_01816	316	29	smooth muscle	CN7	reg052_B	26	177.3	608.16	15.84	320.59
reg052_B_01817	309	572	smooth muscle	CN7	reg052_B	26	1054.21	0.0	22.16	480.76
reg052_B_01818	334	12	smooth muscle	CN7	reg052_B	26	146.01	207.84	10.34	159.98
reg052_B_01819	373	43	smooth muscle	CN3	reg052_B	26	239.15	220.09	309.99	251.82
reg052_B_01820	360	565	smooth muscle	CN7	reg052_B	26	431.66	212.07	21.99	242.46
reg052_B_01821	356	671	smooth muscle	CN5	reg052_B	26	269.79	223.14	16.75	224.28
reg052_B_01822	378	185	smooth muscle	CN3	reg052_B	26	277.99	140.73	3.46	395.39
reg052_B_01823	366	644	smooth muscle	CN5	reg052_B	26	356.84	49.26	13.76	159.71
reg052_B_01824	387	744	smooth muscle	CN5	reg052_B	26	158.72	175.08	0.0	223.37
reg052_B_01825	414	761	smooth muscle	CN5	reg052_B	26	0.0	149.14	42.43	782.59
reg052_B_01826	435	1374	smooth muscle	CN5	reg052_B	26	405.34	2650.68	23.92	617.44
reg052_B_01827	477	512	smooth muscle	CN3	reg052_B	26	213.97	250.93	187.35	243.43
reg052_B_01828	551	65	smooth muscle	CN3	reg052_B	26	189.4	132.99	0.0	429.6
reg052_B_01829	577	73	smooth muscle	CN3	reg052_B	26	269.87	190.87	0.0	232.2
reg052_B_01830	565	1085	smooth muscle	CN4	reg052_B	26	371.03	637.19	74.1	667.1
reg052_B_01831	556	1005	smooth muscle	CN4	reg052_B	26	512.2	413.98	25.58	408.26
reg052_B_01832	578	790	smooth muscle	CN5	reg052_B	26	304.87	282.25	11.75	98.83
reg052_B_01833	609	23	smooth muscle	CN8	reg052_B	26	95.07	880.65	0.0	242.83
reg052_B_01834	590	654	smooth muscle	CN7	reg052_B	26	758.0	937.53	22.1	222.24
reg052_B_01835	610	97	smooth muscle	CN8	reg052_B	26	323.91	141.61	0.0	413.12
reg052_B_01836	631	99	smooth muscle	CN7	reg052_B	26	153.91	130.96	89.72	224.49
reg052_B_01837	648	91	smooth muscle	CN8	reg052_B	26	339.43	194.19	30.43	249.43
reg052_B_01838	647	112	smooth muscle	CN9	reg052_B	26	371.72	100.89	24.6	327.04
reg052_B_01839	660	154	smooth muscle	CN7	reg052_B	26	404.89	452.28	0.0	533.6
reg052_B_01840	636	684	smooth muscle	CN8	reg052_B	26	0.0	424.88	17.35	75.62
reg052_B_01841	636	841	smooth muscle	CN5	reg052_B	26	0.0	456.29	116.5	957.0
reg052_B_01842	674	141	smooth muscle	CN7	reg052_B	26	195.49	0.0	22.56	126.83
reg052_B_01843	655	612	smooth muscle	CN3	reg052_B	26	11.38	215.08	11.34	2.06
reg052_B_01844	655	801	smooth muscle	CN5	reg052_B	26	0.0	0.0	7.85	338.36
reg052_B_01845	690	12	smooth muscle	CN8	reg052_B	26	433.85	156.03	15.22	153.96
reg052_B_01846	661	708	smooth muscle	CN8	reg052_B	26	347.0	1431.12	15.72	599.79
reg052_B_01847	684	690	smooth muscle	CN8	reg052_B	26	60.15	342.23	8.35	58.22
reg052_B_01848	649	1273	smooth muscle	CN5	reg052_B	26	0.7	344.69	25.43	971.04
reg052_B_01849	698	173	smooth muscle	CN7	reg052_B	26	264.91	311.18	0.0	303.28
reg052_B_01850	659	1165	smooth muscle	CN1	reg052_B	26	319.27	413.02	16.77	403.11
reg052_B_01851	711	188	smooth muscle	CN7	reg052_B	26	201.53	134.92	1119.31	149.7
reg052_B_01852	686	747	smooth muscle	CN5	reg052_B	26	323.85	411.66	2.03	1047.05
reg052_B_01853	717	200	smooth muscle	CN7	reg052_B	26	0.0	84.47	0.0	135.37
reg052_B_01854	703	686	smooth muscle	CN8	reg052_B	26	409.7	447.75	13.52	298.74
reg052_B_01855	728	171	smooth muscle	CN7	reg052_B	26	263.7	828.81	0.0	515.73
reg052_B_01856	697	1295	smooth muscle	CN1	reg052_B	26	377.76	365.21	181.49	858.23
reg052_B_01857	755	20	smooth muscle	CN8	reg052_B	26	2117.06	545.04	14.24	497.62
reg052_B_01858	723	930	smooth muscle	CN5	reg052_B	26	0.0	219.95	4.35	59.28
reg052_B_01859	729	565	smooth muscle	CN3	reg052_B	26	333.64	153.46	253.43	239.85
reg052_B_01860	766	88	smooth muscle	CN8	reg052_B	26	268.88	200.7	11.59	398.4
reg052_B_01861	766	99	smooth muscle	CN8	reg052_B	26	214.64	100.5	14.91	155.0
reg052_B_01862	771	110	smooth muscle	CN8	reg052_B	26	129.46	38.96	0.0	102.94
reg052_B_01863	777	951	smooth muscle	CN5	reg052_B	26	0.0	800.71	7.19	139.74
reg052_B_01864	776	915	smooth muscle	CN8	reg052_B	26	447.24	0.0	6.11	165.26
reg052_B_01865	821	109	smooth muscle	CN8	reg052_B	26	151.87	1154.5	385.5	706.54
reg052_B_01866	804	840	smooth muscle	CN5	reg052_B	26	646.98	533.29	13.22	389.95
reg052_B_01867	797	730	smooth muscle	CN8	reg052_B	26	328.49	428.24	16.16	277.13
reg052_B_01868	804	988	smooth muscle	CN5	reg052_B	26	243.77	475.0	10.62	440.57
reg052_B_01869	813	1006	smooth muscle	CN5	reg052_B	26	262.54	309.53	6.19	173.69
reg052_B_01870	856	167	smooth muscle	CN1	reg052_B	26	86.16	211.38	17.41	762.2
reg052_B_01871	847	400	smooth muscle	CN3	reg052_B	26	247.78	76.78	0.0	198.94
reg052_B_01872	829	731	smooth muscle	CN5	reg052_B	26	53.95	1107.2	8.0	161.63
reg052_B_01873	826	741	smooth muscle	CN5	reg052_B	26	335.42	0.0	9.31	790.84
reg052_B_01874	840	840	smooth muscle	CN5	reg052_B	26	100.84	406.55	5.77	61.55
reg052_B_01875	853	687	smooth muscle	CN8	reg052_B	26	0.0	33.31	8.11	0.0
reg052_B_01876	875	591	smooth muscle	CN7	reg052_B	26	0.0	588.93	0.0	119.21
reg052_B_01877	894	645	smooth muscle	CN8	reg052_B	26	391.4	434.81	22.1	402.29
reg052_B_01878	898	908	smooth muscle	CN5	reg052_B	26	93.47	0.0	4.7	26.72
reg052_B_01879	879	1079	smooth muscle	CN5	reg052_B	26	0.0	0.0	0.0	9.94
reg052_B_01880	936	141	smooth muscle	CN4	reg052_B	26	280.08	1060.76	8.29	365.48
reg052_B_01881	920	724	smooth muscle	CN5	reg052_B	26	11.7	212.64	2.34	24.35
reg052_B_01882	926	587	smooth muscle	CN7	reg052_B	26	297.66	174.9	22.75	250.86
reg052_B_01883	884	1432	smooth muscle	CN5	reg052_B	26	53.92	0.0	0.0	0.0
reg052_B_01884	903	1142	smooth muscle	CN5	reg052_B	26	0.0	1089.17	0.0	870.09
reg052_B_01885	933	675	smooth muscle	CN5	reg052_B	26	25.77	0.0	2.46	309.57
reg052_B_01886	957	67	smooth muscle	CN8	reg052_B	26	244.03	207.17	11.86	148.26
reg052_B_01887	933	717	smooth muscle	CN5	reg052_B	26	76.31	187.09	4.92	74.61
reg052_B_01888	960	268	smooth muscle	CN7	reg052_B	26	93.77	473.83	0.0	304.89
reg052_B_01889	972	247	smooth muscle	CN8	reg052_B	26	566.51	130.83	29.37	191.58
reg052_B_01890	950	912	smooth muscle	CN5	reg052_B	26	187.45	150.49	0.0	143.73
reg052_B_01891	953	1071	smooth muscle	CN5	reg052_B	26	659.29	0.0	1.21	521.84
reg052_B_01892	983	626	smooth muscle	CN8	reg052_B	26	368.93	327.83	18.42	599.17
reg052_B_01893	983	707	smooth muscle	CN8	reg052_B	26	67.05	339.56	10.1	57.45
reg052_B_01894	982	878	smooth muscle	CN5	reg052_B	26	140.53	0.0	3.83	0.0
reg052_B_01895	986	655	smooth muscle	CN8	reg052_B	26	179.57	293.48	6.66	106.62
reg052_B_01896	1015	18	smooth muscle	CN8	reg052_B	26	364.39	213.65	9.64	202.4
reg052_B_01897	1001	372	smooth muscle	CN3	reg052_B	26	188.36	92.07	0.0	171.38
reg052_B_01898	989	975	smooth muscle	CN5	reg052_B	26	356.8	992.34	9.93	425.53
reg052_B_01899	1023	36	smooth muscle	CN8	reg052_B	26	147.53	194.22	9.03	133.05
reg052_B_01900	1002	630	smooth muscle	CN8	reg052_B	26	17.07	58.61	5.33	225.88
reg052_B_01901	1029	87	smooth muscle	CN9	reg052_B	26	0.0	209.2	12.07	877.98
reg052_B_01902	1022	572	smooth muscle	CN7	reg052_B	26	710.5	169.34	9.14	239.52
reg052_B_01903	1016	771	smooth muscle	CN8	reg052_B	26	2067.69	462.31	11.16	223.62
reg052_B_01904	1030	811	smooth muscle	CN8	reg052_B	26	150.48	269.04	9.37	196.53
reg052_B_01905	1037	937	smooth muscle	CN5	reg052_B	26	272.33	1056.6	11.08	713.27
reg052_B_01906	1064	126	smooth muscle	CN1	reg052_B	26	197.33	1215.43	5.42	411.78
reg052_B_01907	1025	1087	smooth muscle	CN5	reg052_B	26	0.0	116.53	0.0	24.72
reg052_B_01908	1041	819	smooth muscle	CN5	reg052_B	26	41.38	92.36	1.46	0.0
reg052_B_01909	1078	101	smooth muscle	CN8	reg052_B	26	0.0	164.21	10.49	212.87
reg052_B_01910	1051	688	smooth muscle	CN8	reg052_B	26	333.01	502.94	13.26	302.54
reg052_B_01911	1073	463	smooth muscle	CN7	reg052_B	26	255.25	363.46	18.13	258.05
reg052_B_01912	1051	796	smooth muscle	CN8	reg052_B	26	188.51	393.7	10.42	176.38
reg052_B_01913	1083	344	smooth muscle	CN8	reg052_B	26	202.07	334.18	7.73	238.76
reg052_B_01914	1074	906	smooth muscle	CN5	reg052_B	26	263.27	529.27	5.71	350.28
reg052_B_01915	1093	653	smooth muscle	CN8	reg052_B	26	255.69	194.79	10.06	478.11
reg052_B_01916	1112	419	smooth muscle	CN8	reg052_B	26	779.16	295.69	14.23	315.41
reg052_B_01917	1104	985	smooth muscle	CN5	reg052_B	26	241.86	602.33	6.63	163.72
reg052_B_01918	1138	513	smooth muscle	CN8	reg052_B	26	0.0	130.45	8.54	72.59
reg052_B_01919	1158	66	smooth muscle	CN8	reg052_B	26	184.07	622.94	24.89	165.72
reg052_B_01920	1137	596	smooth muscle	CN8	reg052_B	26	336.56	133.86	16.84	250.95
reg052_B_01921	1150	445	smooth muscle	CN8	reg052_B	26	348.79	86.73	11.65	204.29
reg052_B_01922	1147	541	smooth muscle	CN8	reg052_B	26	152.88	177.03	16.56	171.54
reg052_B_01923	1147	826	smooth muscle	CN5	reg052_B	26	457.49	398.12	29.69	0.0
reg052_B_01924	1174	274	smooth muscle	CN8	reg052_B	26	1811.79	315.86	22.13	353.8
reg052_B_01925	1177	403	smooth muscle	CN8	reg052_B	26	23.57	163.15	9.97	99.04
reg052_B_01926	1150	1061	smooth muscle	CN5	reg052_B	26	340.18	967.81	11.87	839.78
reg052_B_01927	1199	73	smooth muscle	CN8	reg052_B	26	326.1	269.36	13.98	248.91
reg052_B_01928	1184	565	smooth muscle	CN8	reg052_B	26	0.0	0.0	3.64	44.8
reg052_B_01929	1179	649	smooth muscle	CN8	reg052_B	26	675.1	110.45	4.73	168.24
reg052_B_01930	1197	548	smooth muscle	CN8	reg052_B	26	212.03	203.37	14.44	244.91
reg052_B_01931	1205	500	smooth muscle	CN8	reg052_B	26	126.72	1095.71	935.04	410.99
reg052_B_01932	1224	188	smooth muscle	CN8	reg052_B	26	269.84	17.9	1046.58	152.39
reg052_B_01933	1207	630	smooth muscle	CN8	reg052_B	26	356.75	154.14	10.47	152.26
reg052_B_01934	1219	545	smooth muscle	CN8	reg052_B	26	117.71	143.97	9.99	114.56
reg052_B_01935	1232	210	smooth muscle	CN8	reg052_B	26	185.63	418.47	0.0	271.02
reg052_B_01936	1224	412	smooth muscle	CN8	reg052_B	26	164.27	118.95	11.97	191.76
reg052_B_01937	1234	468	smooth muscle	CN9	reg052_B	26	177.49	287.9	8.1	218.56
reg052_B_01938	1253	50	smooth muscle	CN9	reg052_B	26	205.51	0.0	21.67	97.53
reg052_B_01939	1198	1150	smooth muscle	CN5	reg052_B	26	0.0	245.01	5.19	135.76
reg052_B_01940	1207	1076	smooth muscle	CN8	reg052_B	26	434.74	325.58	0.0	1294.32
reg052_B_01941	1195	1439	smooth muscle	CN5	reg052_B	26	429.27	1397.67	10.01	460.16
reg052_B_01942	1267	54	smooth muscle	CN9	reg052_B	26	367.55	275.69	6.01	281.97
reg052_B_01943	1263	274	smooth muscle	CN8	reg052_B	26	99.12	113.91	11.5	208.49
reg052_B_01944	1231	992	smooth muscle	CN8	reg052_B	26	9.08	460.12	8.79	142.49
reg052_B_01945	1245	732	smooth muscle	CN8	reg052_B	26	179.35	194.38	8.91	156.35
reg052_B_01946	1275	55	smooth muscle	CN8	reg052_B	26	328.38	157.65	16.06	205.22
reg052_B_01947	1235	941	smooth muscle	CN8	reg052_B	26	337.24	1025.98	12.15	451.03
reg052_B_01948	1235	1021	smooth muscle	CN5	reg052_B	26	0.0	703.0	8.55	154.74
reg052_B_01949	1240	1049	smooth muscle	CN8	reg052_B	26	25.22	0.0	4.99	46.8
reg052_B_01950	1281	223	smooth muscle	CN9	reg052_B	26	265.32	119.75	0.0	146.74
reg052_B_01951	1261	998	smooth muscle	CN8	reg052_B	26	1182.38	305.33	6.78	382.41
reg052_B_01952	1264	817	smooth muscle	CN8	reg052_B	26	319.8	194.74	693.04	904.46
reg052_B_01953	1243	1369	smooth muscle	CN5	reg052_B	26	0.0	0.0	6.54	209.9
reg052_B_01954	1269	725	smooth muscle	CN8	reg052_B	26	0.0	89.52	7.49	43.92
reg052_B_01955	1291	289	smooth muscle	CN8	reg052_B	26	263.75	144.43	16.89	206.51
reg052_B_01956	1276	865	smooth muscle	CN8	reg052_B	26	142.74	102.59	14.11	416.16
reg052_B_01957	1275	920	smooth muscle	CN9	reg052_B	26	239.84	234.24	15.32	170.96
reg052_B_01958	1306	299	smooth muscle	CN8	reg052_B	26	122.26	73.53	8.67	159.11
reg052_B_01959	1288	767	smooth muscle	CN8	reg052_B	26	978.8	277.86	11.26	414.88
reg052_B_01960	1287	518	smooth muscle	CN9	reg052_B	26	211.06	124.16	13.12	193.85
reg052_B_01961	1314	590	smooth muscle	CN8	reg052_B	26	264.0	154.45	12.04	189.15
reg052_B_01962	1317	682	smooth muscle	CN9	reg052_B	26	234.83	377.31	12.77	338.87
reg052_B_01963	1341	16	smooth muscle	CN3	reg052_B	26	445.83	158.77	299.88	448.72
reg052_B_01964	1289	1215	smooth muscle	CN5	reg052_B	26	0.0	208.29	0.0	105.51
reg052_B_01965	1337	214	smooth muscle	CN7	reg052_B	26	138.67	94.27	0.0	206.94
reg052_B_01966	1311	880	smooth muscle	CN9	reg052_B	26	148.89	390.97	8.6	178.78
reg052_B_01967	1346	190	smooth muscle	CN7	reg052_B	26	369.61	100.05	206.17	281.95
reg052_B_01968	1308	1224	smooth muscle	CN5	reg052_B	26	0.0	0.0	0.0	0.0
reg052_B_01969	1297	1380	smooth muscle	CN5	reg052_B	26	278.91	826.46	13.97	1596.15
reg052_B_01970	1331	986	smooth muscle	CN9	reg052_B	26	229.4	227.26	8.83	161.2
reg052_B_01971	1326	875	smooth muscle	CN9	reg052_B	26	168.74	206.65	4.11	102.61
reg052_B_01972	1321	1028	smooth muscle	CN8	reg052_B	26	60.01	675.3	3.2	0.0
reg052_B_01973	1332	1143	smooth muscle	CN8	reg052_B	26	0.0	340.22	4.56	0.0
reg052_B_01974	1380	132	smooth muscle	CN9	reg052_B	26	665.6	294.47	12.05	208.78
reg052_B_01975	1340	1296	smooth muscle	CN8	reg052_B	26	404.51	626.72	0.0	612.06
reg052_B_01976	1346	991	smooth muscle	CN9	reg052_B	26	248.79	269.66	8.0	211.15
reg052_B_01977	1361	512	smooth muscle	CN9	reg052_B	26	92.1	85.99	14.2	230.64
reg052_B_01978	1323	1326	smooth muscle	CN8	reg052_B	26	282.33	485.11	16.33	1152.93
reg052_B_01979	1384	226	smooth muscle	CN9	reg052_B	26	44.35	77.4	0.0	540.54
reg052_B_01980	1343	1169	smooth muscle	CN8	reg052_B	26	0.0	584.89	7.53	221.22
reg052_B_01981	1344	725	smooth muscle	CN8	reg052_B	26	249.53	192.88	9.82	193.07
reg052_B_01982	1386	142	smooth muscle	CN9	reg052_B	26	101.45	0.0	24.53	99.98
reg052_B_01983	1382	418	smooth muscle	CN7	reg052_B	26	7.38	57.58	0.0	23.19
reg052_B_01984	1372	619	smooth muscle	CN9	reg052_B	26	75.06	118.08	12.4	71.03
reg052_B_01985	1357	905	smooth muscle	CN9	reg052_B	26	298.71	1287.28	17.01	649.29
reg052_B_01986	1389	157	smooth muscle	CN9	reg052_B	26	241.34	592.61	0.0	253.84
reg052_B_01987	1384	399	smooth muscle	CN3	reg052_B	26	138.78	84.61	0.0	131.9
reg052_B_01988	1389	297	smooth muscle	CN9	reg052_B	26	407.11	152.63	3.6	327.59
reg052_B_01989	1350	1257	smooth muscle	CN8	reg052_B	26	537.09	461.44	15.03	755.93
reg052_B_01990	1375	576	smooth muscle	CN9	reg052_B	26	402.68	151.34	14.56	246.82
reg052_B_01991	1385	482	smooth muscle	CN8	reg052_B	26	98.83	305.9	0.0	135.13
reg052_B_01992	1369	1226	smooth muscle	CN8	reg052_B	26	487.19	380.52	8.87	247.96
reg052_B_01993	1376	996	smooth muscle	CN9	reg052_B	26	121.13	73.29	6.73	0.0
reg052_B_01994	1363	1311	smooth muscle	CN8	reg052_B	26	168.04	136.83	20.67	1243.58
reg052_B_01995	1367	1191	smooth muscle	CN8	reg052_B	26	113.41	308.66	9.76	385.59
reg052_B_01996	1411	172	smooth muscle	CN9	reg052_B	26	111.42	784.77	24.37	216.27
reg052_B_01997	1367	1281	smooth muscle	CN8	reg052_B	26	0.0	95.61	8.94	217.25
reg052_B_01998	1421	178	smooth muscle	CN9	reg052_B	26	303.48	128.95	0.0	217.89
reg052_B_01999	1388	941	smooth muscle	CN9	reg052_B	26	224.92	198.24	6.85	176.42
reg052_B_02000	1412	265	smooth muscle	CN9	reg052_B	26	98.42	107.7	0.0	149.64
reg052_B_02001	1412	280	smooth muscle	CN9	reg052_B	26	304.85	83.43	12.77	220.77
reg052_B_02002	1366	1360	smooth muscle	CN5	reg052_B	26	273.59	0.0	79.43	546.01
reg052_B_02003	1382	1342	smooth muscle	CN8	reg052_B	26	704.1	0.0	3.36	341.88
reg052_B_02004	1410	429	smooth muscle	CN7	reg052_B	26	156.27	33.78	44.45	39.38
reg052_B_02005	1408	477	smooth muscle	CN8	reg052_B	26	247.03	1113.39	68.99	451.02
reg052_B_02006	1424	311	smooth muscle	CN9	reg052_B	26	0.0	93.96	96.77	21.42
reg052_B_02007	1427	276	smooth muscle	CN9	reg052_B	26	104.2	135.91	0.0	125.59
reg052_B_02008	1386	956	smooth muscle	CN9	reg052_B	26	234.79	144.79	10.3	171.54
reg052_B_02009	1429	181	smooth muscle	CN9	reg052_B	26	256.17	520.1	27.47	326.06
reg052_B_02010	1408	592	smooth muscle	CN9	reg052_B	26	98.42	93.0	6.47	63.47
reg052_B_02011	1387	1070	smooth muscle	CN5	reg052_B	26	223.67	563.58	8.8	579.29
reg052_B_02012	1412	617	smooth muscle	CN9	reg052_B	26	193.61	69.43	11.46	161.57
reg052_B_02013	1390	1239	smooth muscle	CN8	reg052_B	26	0.0	1804.2	10.72	330.16
reg052_B_02014	1417	532	smooth muscle	CN9	reg052_B	26	343.01	105.87	14.07	270.92
reg052_B_02015	1441	157	smooth muscle	CN9	reg052_B	26	237.21	326.68	16.72	526.56
reg052_B_02016	1431	298	smooth muscle	CN9	reg052_B	26	281.32	88.32	12.09	233.07
reg052_B_02017	1446	191	smooth muscle	CN9	reg052_B	26	198.04	133.18	4.93	140.85
reg052_B_02018	1447	295	smooth muscle	CN9	reg052_B	26	291.87	85.39	0.0	256.74
reg052_B_02019	1455	207	smooth muscle	CN9	reg052_B	26	237.55	498.27	37.51	324.73
reg052_B_02020	1425	918	smooth muscle	CN9	reg052_B	26	292.63	501.82	4.94	15.45
reg052_B_02021	1463	285	smooth muscle	CN7	reg052_B	26	147.97	102.56	0.0	152.25
reg052_B_02022	1404	1411	smooth muscle	CN8	reg052_B	26	127.51	283.93	24.35	170.52
reg052_B_02023	1434	1062	smooth muscle	CN9	reg052_B	26	328.52	672.32	7.61	348.35
reg052_B_02024	1440	996	smooth muscle	CN9	reg052_B	26	262.18	88.76	10.0	1173.97
reg052_B_02025	1438	1129	smooth muscle	CN5	reg052_B	26	332.5	226.97	8.41	240.62
reg052_B_02026	1436	1292	smooth muscle	CN1	reg052_B	26	314.19	662.29	9.06	405.33
reg052_B_02027	1454	630	smooth muscle	CN9	reg052_B	26	297.04	226.53	14.19	252.85
reg052_B_02028	1477	178	smooth muscle	CN9	reg052_B	26	334.1	536.19	185.89	572.54
reg052_B_02029	1433	1338	smooth muscle	CN8	reg052_B	26	460.76	146.0	16.58	671.04
reg052_B_02030	1452	1149	smooth muscle	CN8	reg052_B	26	315.36	202.33	4.95	171.03
reg052_B_02031	1483	493	smooth muscle	CN7	reg052_B	26	248.83	113.11	52.71	274.57
reg052_B_02032	1490	282	smooth muscle	CN7	reg052_B	26	342.89	88.21	172.01	230.11
reg052_B_02033	1485	461	smooth muscle	CN3	reg052_B	26	332.56	58.76	400.44	288.9
reg052_B_02034	1483	558	smooth muscle	CN8	reg052_B	26	182.09	455.17	14.81	334.32
reg052_B_02035	1507	144	smooth muscle	CN9	reg052_B	26	217.77	156.86	0.0	216.84
reg052_B_02036	1503	191	smooth muscle	CN9	reg052_B	26	61.22	10.89	0.0	558.5
reg052_B_02037	1504	205	smooth muscle	CN9	reg052_B	26	295.56	336.56	68.52	165.1
reg052_B_02038	1509	263	smooth muscle	CN3	reg052_B	26	328.25	113.22	0.0	306.1
reg052_B_02039	1513	109	smooth muscle	CN7	reg052_B	26	273.86	1170.09	21.46	855.75
reg052_B_02040	1483	826	smooth muscle	CN8	reg052_B	26	747.85	300.39	21.37	595.32
reg052_B_02041	1503	818	smooth muscle	CN8	reg052_B	26	231.4	390.93	31.38	342.13
reg052_B_02042	1506	598	smooth muscle	CN9	reg052_B	26	161.38	149.75	13.33	154.1
reg052_B_02043	1492	1068	smooth muscle	CN9	reg052_B	26	99.17	304.36	6.18	308.78
reg052_B_02044	1521	152	smooth muscle	CN9	reg052_B	26	254.07	162.32	48.35	238.02
reg052_B_02045	1499	685	smooth muscle	CN8	reg052_B	26	0.0	87.28	11.35	434.51
reg052_B_02046	1504	1070	smooth muscle	CN9	reg052_B	26	296.69	260.88	9.55	451.97
reg052_B_02047	1494	1259	smooth muscle	CN8	reg052_B	26	371.67	200.36	10.56	284.16
reg052_B_02048	1535	204	smooth muscle	CN9	reg052_B	26	197.95	114.5	39.91	478.2
reg052_B_02049	1530	545	smooth muscle	CN7	reg052_B	26	50.51	102.52	6.13	12.75
reg052_B_02050	1507	1015	smooth muscle	CN9	reg052_B	26	380.61	401.9	5.69	229.51
reg052_B_02051	1526	651	smooth muscle	CN9	reg052_B	26	208.9	148.67	14.03	187.34
reg052_B_02052	1527	821	smooth muscle	CN8	reg052_B	26	1248.57	377.89	19.69	491.11
reg052_B_02053	1549	212	smooth muscle	CN9	reg052_B	26	127.03	95.14	28.25	0.0
reg052_B_02054	1540	528	smooth muscle	CN7	reg052_B	26	295.28	131.78	17.88	280.03
reg052_B_02055	1559	190	smooth muscle	CN9	reg052_B	26	255.06	163.34	142.56	262.67
reg052_B_02056	1558	215	smooth muscle	CN8	reg052_B	26	244.3	184.26	0.0	275.42
reg052_B_02057	1560	247	smooth muscle	CN7	reg052_B	26	314.09	165.77	488.43	311.33
reg052_B_02058	1567	162	smooth muscle	CN9	reg052_B	26	142.56	363.0	0.0	268.62
reg052_B_02059	1542	795	smooth muscle	CN9	reg052_B	26	773.43	239.35	5.94	335.63
reg052_B_02060	1532	1024	smooth muscle	CN9	reg052_B	26	648.39	2832.12	3.76	517.65
reg052_B_02061	1512	1202	smooth muscle	CN8	reg052_B	26	368.75	555.15	7.61	286.41
reg052_B_02062	1576	595	smooth muscle	CN9	reg052_B	26	316.46	183.51	18.23	327.04
reg052_B_02063	1562	748	smooth muscle	CN8	reg052_B	26	291.26	155.81	13.16	631.4
reg052_B_02064	1571	563	smooth muscle	CN9	reg052_B	26	124.4	134.75	14.18	163.59
reg052_B_02065	1568	1031	smooth muscle	CN8	reg052_B	26	743.61	1328.31	7.75	413.56
reg052_B_02066	1571	619	smooth muscle	CN9	reg052_B	26	360.05	148.35	15.31	294.47
reg052_B_02067	1604	536	smooth muscle	CN9	reg052_B	26	486.11	155.92	24.54	327.77
reg052_B_02068	1588	743	smooth muscle	CN8	reg052_B	26	180.99	0.0	10.73	137.91
reg052_B_02069	1598	756	smooth muscle	CN8	reg052_B	26	275.12	274.78	8.16	408.6
reg052_B_02070	1620	578	smooth muscle	CN9	reg052_B	26	34.14	159.98	13.62	82.0
reg052_B_02071	1607	652	smooth muscle	CN9	reg052_B	26	279.43	219.1	19.34	241.54
reg052_B_02072	1632	657	smooth muscle	CN9	reg052_B	26	309.54	189.11	16.21	243.64
reg052_B_02073	1636	631	smooth muscle	CN9	reg052_B	26	136.17	156.31	12.82	220.63
reg052_B_02074	1642	603	smooth muscle	CN9	reg052_B	26	205.63	114.07	8.57	181.0
reg052_B_02075	1646	626	smooth muscle	CN9	reg052_B	26	150.34	88.93	7.17	179.95
reg052_B_02076	1647	553	smooth muscle	CN8	reg052_B	26	495.06	203.94	35.75	392.71
reg052_B_02077	1667	170	smooth muscle	CN7	reg052_B	26	774.73	12.33	0.0	134.18
reg052_B_02078	1651	880	smooth muscle	CN9	reg052_B	26	352.53	172.03	17.96	183.31
reg052_B_02079	1650	778	smooth muscle	CN9	reg052_B	26	349.08	800.81	672.81	449.93
reg052_B_02080	1680	204	smooth muscle	CN8	reg052_B	26	189.92	0.0	16.03	80.65
reg052_B_02081	1673	240	smooth muscle	CN7	reg052_B	26	2824.88	1081.05	35.62	565.11
reg052_B_02082	1674	816	smooth muscle	CN9	reg052_B	26	484.91	591.17	0.0	418.54
reg052_B_02083	1695	530	smooth muscle	CN7	reg052_B	26	368.6	0.0	0.0	249.03
reg052_B_02084	1720	224	smooth muscle	CN9	reg052_B	26	257.23	322.99	22.79	196.89
reg052_B_02085	1698	656	smooth muscle	CN9	reg052_B	26	227.68	257.11	13.26	244.9
reg052_B_02086	1705	603	smooth muscle	CN9	reg052_B	26	268.22	144.92	0.0	320.04
reg052_B_02087	1703	891	smooth muscle	CN8	reg052_B	26	676.84	274.21	11.87	149.69
reg052_B_02088	1717	524	smooth muscle	CN7	reg052_B	26	273.63	1514.01	28.07	452.98
reg052_B_02089	1733	262	smooth muscle	CN9	reg052_B	26	506.91	365.79	10.78	413.27
reg052_B_02090	1744	183	smooth muscle	CN7	reg052_B	26	2214.5	281.36	18.04	272.75
reg052_B_02091	1723	720	smooth muscle	CN9	reg052_B	26	253.28	515.15	8.99	238.74
reg052_B_02092	1750	242	smooth muscle	CN9	reg052_B	26	591.85	391.55	21.26	1402.17
reg052_B_02093	1748	281	smooth muscle	CN9	reg052_B	26	500.81	433.39	1227.18	377.02
reg052_B_02094	1748	307	smooth muscle	CN7	reg052_B	26	167.64	100.01	103.45	246.23
reg052_B_02095	1732	603	smooth muscle	CN9	reg052_B	26	257.36	532.26	14.71	420.27
reg052_B_02096	1733	883	smooth muscle	CN8	reg052_B	26	142.5	116.65	14.34	108.39
reg052_B_02097	1738	766	smooth muscle	CN9	reg052_B	26	208.67	176.24	6.66	173.35
reg052_B_02098	1760	555	smooth muscle	CN9	reg052_B	26	192.15	39.58	3.14	57.36
reg052_B_02099	1771	354	smooth muscle	CN7	reg052_B	26	408.22	189.71	943.03	480.13
reg052_B_02100	1779	300	smooth muscle	CN8	reg052_B	26	385.97	213.54	81.87	307.05
reg052_B_02101	1779	553	smooth muscle	CN9	reg052_B	26	182.93	458.82	14.69	379.41
reg052_B_02102	1755	869	smooth muscle	CN8	reg052_B	26	163.79	39.19	11.27	132.29
reg052_B_02103	1763	778	smooth muscle	CN9	reg052_B	26	74.62	90.6	11.62	106.97
reg052_B_02104	1791	475	smooth muscle	CN7	reg052_B	26	774.8	457.34	38.42	360.1
reg052_B_02105	1802	176	smooth muscle	CN8	reg052_B	26	124.94	240.24	26.19	195.55
reg052_B_02106	1797	381	smooth muscle	CN3	reg052_B	26	488.03	1469.62	811.04	578.22
reg052_B_02107	1792	553	smooth muscle	CN9	reg052_B	26	253.8	48.0	6.51	127.33
reg052_B_02108	1797	519	smooth muscle	CN9	reg052_B	26	364.04	820.31	16.37	289.79
reg052_B_02109	1807	277	smooth muscle	CN7	reg052_B	26	2196.02	734.11	29.31	388.43
reg052_B_02110	1815	209	smooth muscle	CN8	reg052_B	26	294.66	0.0	260.82	139.33
reg052_B_02111	1790	727	smooth muscle	CN9	reg052_B	26	641.85	1484.86	13.57	256.49
reg052_B_02112	1832	52	smooth muscle	CN7	reg052_B	26	901.93	447.08	0.0	244.0
reg052_B_02113	1831	170	smooth muscle	CN7	reg052_B	26	256.61	1693.63	2.19	444.82
reg052_B_02114	1828	525	smooth muscle	CN8	reg052_B	26	900.1	534.43	10.95	247.35
reg052_B_02115	1828	561	smooth muscle	CN9	reg052_B	26	3374.38	501.62	36.88	442.65
reg052_B_02116	1842	288	smooth muscle	CN8	reg052_B	26	163.69	3027.32	0.0	656.2
reg052_B_02117	1837	641	smooth muscle	CN9	reg052_B	26	98.64	122.42	14.08	134.1
reg052_B_02118	1860	253	smooth muscle	CN9	reg052_B	26	265.01	1089.63	0.0	358.08
reg052_B_02119	1832	816	smooth muscle	CN9	reg052_B	26	130.78	49.65	8.06	119.62
reg052_B_02120	1865	216	smooth muscle	CN8	reg052_B	26	266.4	202.94	16.75	218.33
reg052_B_02121	1868	697	smooth muscle	CN9	reg052_B	26	86.38	67.17	13.03	100.59
reg052_B_02122	1886	321	smooth muscle	CN8	reg052_B	26	1406.51	894.57	18.48	476.01
reg052_B_02123	1881	708	smooth muscle	CN9	reg052_B	26	125.06	74.03	8.71	123.78
reg052_B_02124	1882	694	smooth muscle	CN9	reg052_B	26	22.65	130.27	10.08	86.78
reg052_B_02125	1906	175	smooth muscle	CN9	reg052_B	26	163.92	265.35	16.41	246.08
reg052_B_02126	1919	411	smooth muscle	CN5	reg052_B	26	177.8	456.69	18.68	377.9
reg052_B_02127	117	447	undefined	CN8	reg052_B	26	53.37	270.29	13.82	106.97
reg052_B_02128	249	1281	undefined	CN4	reg052_B	26	258.98	371.73	18.38	473.7
reg052_B_02129	353	1193	undefined	CN5	reg052_B	26	0.0	0.0	26.6	406.88
reg052_B_02130	376	753	undefined	CN5	reg052_B	26	1379.46	243.84	0.0	212.91
reg052_B_02131	432	1041	undefined	CN5	reg052_B	26	545.8	338.97	0.0	1063.72
reg052_B_02132	462	787	undefined	CN5	reg052_B	26	1141.09	292.03	7.76	252.08
reg052_B_02133	497	12	undefined	CN3	reg052_B	26	0.99	48.08	29.49	292.51
reg052_B_02134	456	1089	undefined	CN5	reg052_B	26	579.99	442.65	0.0	593.79
reg052_B_02135	478	976	undefined	CN5	reg052_B	26	145.53	295.01	0.0	113.63
reg052_B_02136	546	1049	undefined	CN8	reg052_B	26	1136.66	0.0	38.28	158.63
reg052_B_02137	571	834	undefined	CN5	reg052_B	26	0.0	0.0	0.0	0.0
reg052_B_02138	600	1236	undefined	CN5	reg052_B	26	620.78	367.59	13.24	861.29
reg052_B_02139	709	17	undefined	CN8	reg052_B	26	122.87	132.39	12.33	127.59
reg052_B_02140	808	1251	undefined	CN5	reg052_B	26	0.0	0.0	0.0	0.0
reg052_B_02141	907	1160	undefined	CN1	reg052_B	26	0.0	242.67	5.85	0.0
reg052_B_02142	960	705	undefined	CN8	reg052_B	26	0.0	0.0	11.84	201.76
reg052_B_02143	953	969	undefined	CN5	reg052_B	26	221.02	173.95	7.42	121.85
reg052_B_02144	965	1128	undefined	CN5	reg052_B	26	0.0	0.0	8.5	0.0
reg052_B_02145	1113	523	undefined	CN8	reg052_B	26	272.44	32.29	11.92	125.77
reg052_B_02146	1098	1255	undefined	CN5	reg052_B	26	127.49	0.79	0.0	217.4
reg052_B_02147	1200	641	undefined	CN8	reg052_B	26	0.0	70.86	3.99	0.0
reg052_B_02148	1290	647	undefined	CN8	reg052_B	26	176.69	116.05	7.25	169.89
reg052_B_02149	1391	736	undefined	CN8	reg052_B	26	337.23	63.64	13.68	233.48
reg052_B_02150	1378	1287	undefined	CN8	reg052_B	26	579.58	243.37	7.06	51.61
reg052_B_02151	1462	778	undefined	CN1	reg052_B	26	164.21	259.03	10.74	177.38
reg052_B_02152	1533	747	undefined	CN9	reg052_B	26	262.49	299.23	12.12	235.12
reg052_B_02153	1826	543	undefined	CN9	reg052_B	26	0.0	245.1	0.51	94.07
reg052_B_02154	154	50	immune cells / vasculature	CN8	reg052_B	26	105.38	54.52	15.6	149.99
reg052_B_02155	177	11	immune cells / vasculature	CN8	reg052_B	26	127.49	71.04	15.32	204.07
reg052_B_02156	377	1097	immune cells / vasculature	CN4	reg052_B	26	1181.78	46.66	7.58	1425.71
reg052_B_02157	397	1251	immune cells / vasculature	CN5	reg052_B	26	1540.64	317.11	30.89	1755.11
reg052_B_02158	398	1177	immune cells / vasculature	CN5	reg052_B	26	411.1	0.0	28.29	816.25
reg052_B_02159	639	1186	immune cells / vasculature	CN4	reg052_B	26	393.8	181.66	13.95	919.61
reg052_B_02160	873	379	immune cells / vasculature	CN3	reg052_B	26	267.3	71.34	0.0	257.88
reg052_B_02161	1212	560	immune cells / vasculature	CN8	reg052_B	26	361.58	0.0	13.07	199.57
reg052_B_02162	1657	1013	immune cells / vasculature	CN5	reg052_B	26	664.95	0.0	14.59	137.1
reg052_B_02163	1757	1067	immune cells / vasculature	CN5	reg052_B	26	117.11	74.9	39.27	139.83
reg052_B_02164	36	422	immune cells	CN7	reg052_B	26	64.93	291.41	14.22	155.8
reg052_B_02165	1723	9	immune cells	CN3	reg052_B	26	1184.79	231.05	0.0	154.54
reg052_B_02166	236	195	CD68+ macrophages	CN7	reg052_B	26	170.29	6504.03	16.66	770.97
reg052_B_02167	260	1227	CD68+ macrophages	CN7	reg052_B	26	0.0	2347.54	0.0	609.0
reg052_B_02168	284	561	CD68+ macrophages	CN7	reg052_B	26	0.0	3336.47	0.0	0.0
reg052_B_02169	340	42	CD68+ macrophages	CN7	reg052_B	26	133.79	3108.44	28.71	523.23
reg052_B_02170	334	1127	CD68+ macrophages	CN7	reg052_B	26	393.61	4484.41	0.0	168.2
reg052_B_02171	371	1118	CD68+ macrophages	CN4	reg052_B	26	0.0	1683.91	20.87	0.0
reg052_B_02172	465	545	CD68+ macrophages	CN7	reg052_B	26	339.81	4475.83	14.61	515.79
reg052_B_02173	518	415	CD68+ macrophages	CN3	reg052_B	26	102.63	2027.44	0.0	286.49
reg052_B_02174	479	1336	CD68+ macrophages	CN4	reg052_B	26	242.08	10712.86	19.06	741.1
reg052_B_02175	507	602	CD68+ macrophages	CN7	reg052_B	26	623.96	2543.5	15.73	573.64
reg052_B_02176	532	424	CD68+ macrophages	CN3	reg052_B	26	217.16	0.0	1065.71	405.84
reg052_B_02177	519	1348	CD68+ macrophages	CN7	reg052_B	26	196.35	4024.22	13.33	426.98
reg052_B_02178	746	641	CD68+ macrophages	CN5	reg052_B	26	179.1	2345.0	27.17	562.99
reg052_B_02179	712	1410	CD68+ macrophages	CN5	reg052_B	26	336.89	3726.35	0.0	536.57
reg052_B_02180	775	225	CD68+ macrophages	CN7	reg052_B	26	0.0	1823.61	38.21	371.04
reg052_B_02181	804	650	CD68+ macrophages	CN7	reg052_B	26	198.6	2553.36	6.77	149.44
reg052_B_02182	861	607	CD68+ macrophages	CN7	reg052_B	26	473.23	2789.59	17.26	584.62
reg052_B_02183	956	403	CD68+ macrophages	CN3	reg052_B	26	80.43	2618.3	0.0	412.59
reg052_B_02184	993	1400	CD68+ macrophages	CN5	reg052_B	26	0.0	1696.52	0.0	322.34
reg052_B_02185	1126	1433	CD68+ macrophages	CN5	reg052_B	26	175.15	7696.0	23.09	692.0
reg052_B_02186	1324	1381	CD68+ macrophages	CN8	reg052_B	26	108.63	12225.98	28.9	573.12
reg052_B_02187	1360	1347	CD68+ macrophages	CN8	reg052_B	26	13.55	1971.07	7.73	382.45
reg052_B_02188	1437	496	CD68+ macrophages	CN8	reg052_B	26	305.83	1843.43	21.61	649.94
reg052_B_02189	1630	303	CD68+ macrophages	CN3	reg052_B	26	162.27	3107.98	0.0	599.58
reg052_B_02190	1694	200	CD68+ macrophages	CN8	reg052_B	26	350.54	1833.77	23.91	504.18
reg052_B_02191	1796	955	CD68+ macrophages	CN8	reg052_B	26	233.47	3353.39	12.39	253.24
