gene,log2FoldChange,neglog10_padj
SPRR2F,4.987228,21.47477
SERPINB4,4.821357,15.97625
DEFB4B,5.692523,14.57646
DEFB4B,6.012005,14.57646
S100A7A,4.224586,13.92028
CXCL8,2.484076,13.66532
PI3,3.994327,12.76111
SPRR2A,4.611145,12.67049
BRD2,-0.25368,11.92791
TCN1,3.110764,11.47045
TMPRSS11D,1.666579,10.5488
S100A8,3.845691,10.444
S100A9,3.784066,9.747928
SPRR2B,3.721239,9.417447
S100A7,3.475869,9.080567
HEPHL1,2.459186,9.078709
RHCG,2.691188,9.059071
AKR1B10,2.054405,8.940334
SERPINB3,2.494015,8.934736
IL36G,1.552939,8.868234
DEFB103B,2.374998,8.456371
IL36A,2.359507,7.781017
SPRR2D,2.442022,7.647533
LCE3E,2.367121,7.647533
IGDCC4,-0.69871,7.421976
S100A12,2.808774,6.899601
LMO3,-4.21125,6.881812
SLC6A14,1.573309,6.665926
NOS2,0.669675,6.424227
DEFB4A,4.766142,6.343045
GDA,1.194441,6.23874
LCE3D,2.090027,6.188178
LILRB1,-2.72024,6.113758
LCN2,2.047403,5.88968
IFI27,2.343289,5.843291
FABP5,0.897476,5.759188
PRSS3,0.538613,5.605534
MDFI,0.756054,5.547614
MSI1,-1.06308,5.512347
LCE3A,3.337209,5.500613
NFIB,-0.44542,5.500613
MTHFD2P1,-2.80881,5.392017
SLURP2,0.692586,5.242027
AL512378.1,-1.41507,5.012328
IL5RA,-0.67948,4.99509
RPS3AP46,-2.97808,4.937378
C10orf99,1.367446,4.834737
KIAA1024L,-2.34149,4.735733
GJB2,1.377958,4.701058
GCM1,-1.75724,4.698211
DPPA4,-2.63627,4.697949
OPRK1,-0.55557,4.664154
CXCR2,0.521584,4.664154
PSG2,-2.42637,4.594012
CCBE1,-2.30441,4.569909
APOL1,0.910864,4.522567
TBR1,-0.66975,4.507507
CDH4,-1.04917,4.507507
ADAMTS18,-0.62018,4.507507
GDPD3,0.535933,4.489868
PRSS12,0.324614,4.48951
ANKS1B,-1.61481,4.48951
FHOD3,-0.60182,4.48951
CD274,0.590945,4.476351
DWORF,-2.56172,4.476043
PAX5,-0.27609,4.474097
SERTM1,-0.62269,4.465549
TREX2,0.602029,4.44973
DEFB4B,3.021014,4.38483
GRM3,-0.83363,4.379108
CXCL9,2.010233,4.379108
SPRR2G,1.953261,4.328446
GPR35,-1.29919,4.319154
CHRNA9,0.755861,4.300259
CDH4,-1.72705,4.300259
NFIC,-0.51762,4.300259
ZBED3,-0.42595,4.29343
NIFKP4,-1.88774,4.251072
S100A2,0.652405,4.171649
UBTFL11,-0.74016,4.157739
CHAC1,0.983456,4.156618
NEFL,0.602987,4.156618
H2AFJ,0.311092,4.156618
OCIAD2,0.443535,4.156618
BGN,-0.70849,4.148184
AL591499.1,-0.82237,4.148184
PCDH17,-0.57809,4.143189
FO681491.1,-0.93444,4.110039
ANKS4B,-0.85981,4.110039
AL731733.1,-0.73694,4.090027
AL845552.1,-1.52238,4.08461
ADAMDEC1,0.398172,4.066674
AC063947.2,-1.12993,4.066674
SLC22A9,-1.38536,4.053407
ELAVL3,-1.10671,4.017454
SLITRK5,-0.73407,4.006824
HNF1B,-0.38872,4.006824
HNF1B,-0.39483,3.980228
CRB1,-0.56253,3.980228
NFKBIL1,-1.37092,3.938458
PLA2G4D,0.863928,3.88812
GSTT4,-1.48691,3.88812
CLSTN2,-0.49559,3.881509
BATF2,0.391138,3.880231
UFD1,0.181337,3.8772
FABP5P3,-1.38712,3.869433
PRRG3,-2.78037,3.846072
MEGF8,-0.36808,3.845859
ARPC2,0.158253,3.840972
PPIAL4G,-1.15461,3.830418
GRIA4,-1.18964,3.830418
IFI6,1.80015,3.828718
NT5C3A,0.367525,3.809496
OR9Q1,-0.70651,3.805229
ZNF66,-2.05405,3.798569
TCEAL9,0.417156,3.796746
CCR12P,-0.56126,3.790532
RBM20,-1.44413,3.785152
OR8B5P,-1.06965,3.774429
AL589935.2,-0.60456,3.762674
AC004696.1,-0.73515,3.754742
SRGAP1,-0.89893,3.721394
NFKBIZ,0.283325,3.71316
RHD,-1.08375,3.71316
CBFA2T2,-0.35647,3.71316
SPRR2E,1.276622,3.700266
GALNT6,0.496485,3.692127
PLK2,0.3114,3.65259
LPAR4,-2.49048,3.645788
SRGN,0.57677,3.627489
PLBD1,0.340702,3.619946
CHST5,-1.83337,3.618556
NUGGC,-0.42712,3.618422
RIPPLY3,-1.00875,3.607314
SYT14,-1.42268,3.603856
EPGN,0.991029,3.60379
LRTM1,-3.21773,3.583813
RNF150,-1.53582,3.574927
ANO5,-0.2299,3.574927
MYADM,-1.07873,3.574927
CELF4,-2.39325,3.546114
DNAJC7,0.0863,3.546114
TTLL5,-2.28636,3.544494
RABGGTA,0.165398,3.538323
RTP4,0.727858,3.536874
CNR2,-0.73147,3.536874
UNC5C,-0.25542,3.520637
AL731556.2,-1.08969,3.500771
WDR1,0.131744,3.500771
RNASE7,0.54962,3.473686
NPAS3,-0.4795,3.466196
IFI44,1.227366,3.451844
CCDC141,-1.67098,3.444834
NCAM1,-1.58448,3.438717
PLD5,-1.10821,3.413099
RPSAP48,-2.35804,3.407701
IL20,0.431337,3.39385
ARID1B,-0.44019,3.39119
EFNA5,-0.52134,3.390886
CFAP45,0.544207,3.390886
HERC6,1.026361,3.380988
NFATC2,-0.36563,3.373784
CCR4,-0.86919,3.372666
TMEM45A,0.267063,3.370441
CCNB3P1,-0.79017,3.367514
IL36RN,0.448723,3.356386
RAB31,0.467972,3.356213
C1orf61,-1.64267,3.356213
CNTN4,-0.74811,3.332388
PLA2G4C,-0.70888,3.331811
OASL,1.101287,3.322526
ADRB1,-1.19752,3.310252
WIPF3,-0.27693,3.30335
GBP1,0.620637,3.290509
CPEB1,-1.51108,3.277432
MCOLN3,-0.5944,3.277432
APOBEC3D,-2.79481,3.277432
WDR53,0.217487,3.26098
BMP3,-0.58708,3.26098
KLK13,0.709204,3.256109
KLLN,-2.3465,3.256109
MYL12A,0.226941,3.256109
FABP5P7,0.851528,3.256109
CLEC7A,0.856457,3.255913
ENOX1,-2.03135,3.253649
TPP1,-0.27882,3.236777
PPP4R1,0.098029,3.232368
GPRC5A,-0.34085,3.228242
SULT1A1,-1.26544,3.228242
KIAA1210,-0.66149,3.228242
HOXA5,-0.98629,3.223882
SDCBP2,0.326103,3.216222
POMP,0.252723,3.215853
PCDHB1,-1.10946,3.21244
PELI2,-0.43293,3.211125
AC011473.4,0.795018,3.21012
PPM1N,-3.30589,3.21012
NOVA1,-1.28214,3.21012
BPGM,0.218839,3.202864
SCUBE1,-1.50646,3.195854
IFI16,0.303661,3.189097
TMEM45B,0.423031,3.189097
NOVA2,-0.24996,3.181545
ST3GAL5,-0.49645,3.165181
GZMB,0.539982,3.161797
SOX11,-0.80948,3.161797
HAL,0.410171,3.161769
USP27X,-1.17301,3.161769
CDR1,-1.00271,3.161769
COMP,1.468399,3.1596
WNT5B,-0.52291,3.153518
IFI30,0.422649,3.153518
ZNF221,-0.37806,3.150068
GLRX3,0.111183,3.139598
WFDC12,0.715163,3.134832
AC244636.2,-2.7942,3.128114
SHISA9,-0.74205,3.127158
GPR85,-2.55521,3.124996
FIGN,-0.32733,3.118864
CTSB,0.259622,3.118864
AP002001.1,-0.47335,3.112252
INSR,-0.26183,3.106395
FOXB1,-0.57788,3.097051
CILP,1.068855,3.095266
MRPL47,0.196017,3.081518
SSTR2,-0.33212,3.081043
ZNF285,-0.46798,3.081043
MAGI2,-1.08643,3.068467
C16orf54,-0.77352,3.057898
AL359976.1,-2.42173,3.05606
OTX1,-0.24519,3.043141
PGK1,0.186033,3.04188
CNFN,0.476745,3.04188
NFIX,-0.38844,3.04188
KSR2,-0.14096,3.04188
RASL10B,-0.59796,3.04188
SIK2,-0.21441,3.04188
PRRT2,-1.4742,3.04188
IL1RAPL1,-0.29784,3.036012
HRAS,0.232607,3.036012
PHLPP1,-0.35634,3.036012
PKM,0.170841,3.032607
LMO1,0.298796,3.030232
PARP9,0.764895,3.029877
AC117529.2,-0.99603,3.026665
SPHK1,0.19783,3.026447
SHOX,-1.11026,3.024761
ZNF280B,-1.48601,3.021154
PSMA5,0.195417,3.017196
VAMP2,-0.55682,3.015231
EIF3EP2,-0.4135,2.998627
PLA2G2F,0.390489,2.994639
MDGA2,-0.3768,2.987801
SEMA5A,-0.50116,2.973452
TMPRSS13,0.259134,2.970444
UCHL3,0.235522,2.967012
GADD45A,0.235744,2.957838
SALL2,-0.24787,2.952558
GDPGP1,-1.11405,2.952558
GLA,0.273195,2.946954
SARNP,0.144149,2.932533
RALB,0.183168,2.921316
SFRP4,-0.65881,2.916552
PSMA3,0.137993,2.91639
ZNF462,-0.93207,2.915169
ATP12A,1.410083,2.915169
PYGL,0.191018,2.90934
ABI2,-0.24253,2.905004
KCNJ3,-3.01041,2.905004
FAM110D,-0.96643,2.905004
MSX1,-2.21465,2.905004
ITM2A,0.71618,2.905004
NDUFA4L2,0.418544,2.902475
NAALAD2,-0.37972,2.902475
MX1,0.708836,2.898074
BTBD16,0.408782,2.895417
LCTL,-0.49679,2.893196
SKI,-0.46017,2.893116
EYA1,-1.11575,2.893116
GAPDH,0.252571,2.893116
AC207056.1,-0.33729,2.893116
CYSRT1,0.341296,2.893116
S100P,0.812615,2.88746
CACNA1A,-1.25289,2.886798
ISG15,1.484229,2.886427
AC046144.1,-1.24002,2.873397
ZNF286B,-0.39953,2.858754
PSMA6,0.273369,2.858511
TRIM72,-1.65819,2.856611
PGBD4,-1.41044,2.85452
ZC3H12A,0.533814,2.85066
RGS20,0.373746,2.85066
LRCH3,-0.31135,2.844663
AC116553.1,-2.35013,2.839399
DCTD,0.181127,2.827729
KIAA1324,-0.72161,2.822558
ENPP7P8,-0.86263,2.822558
CASP5,0.393674,2.822558
ZNF542P,-0.30604,2.822114
FGF12,-0.701,2.821125
IFIT3,0.909537,2.81837
ADH6,-1.04636,2.817386
ALDH6A1,-0.66408,2.815521
AJAP1,0.277574,2.812366
RPLP0P2,-0.52218,2.80984
ATF7,-0.22332,2.798633
PBX1,-0.4495,2.793807
FAM174B,-0.20716,2.793165
HNRNPA1P54,-0.97397,2.793165
CSTA,0.376985,2.793165
TMEM8B,-0.2917,2.792705
EPSTI1,0.816741,2.791545
C10orf105,-0.12548,2.789649
DSG3,0.318114,2.783813
ADIPOR1,0.137222,2.779679
NEK5,-0.58113,2.779679
UPP1,0.806864,2.779679
KLHL33,-0.36995,2.779679
SLC10A1,-0.42175,2.779679
BCL9,-0.24555,2.766113
SHISA2,-0.77459,2.762378
ATF4,0.161951,2.758237
SSBP1,0.218036,2.75763
PEAK1,-0.32039,2.75763
DCC,-0.33961,2.75763
OAS2,1.028335,2.75763
PCSK9,0.407826,2.75763
RARB,-0.34899,2.751775
MYL6,0.200137,2.747572
SAMD9,0.616487,2.746848
ASXL2,-0.28156,2.74087
GJB6,0.680045,2.74087
FOLH1,0.144684,2.74087
AC092028.1,-1.48958,2.739354
SIX3,-1.44653,2.739354
SESN2,0.237083,2.734759
KRT16,1.728486,2.734759
IL18,0.264647,2.731086
NPM1P40,-3.11861,2.729779
AC003080.1,-0.48468,2.72855
PGAM1,0.21837,2.728387
FAT1,0.395339,2.728387
RERE,-0.31703,2.728387
ZNF660,-0.34434,2.728387
COL1A1,-1.10769,2.728387
KRT8,-3.42287,2.728387
R3HDM2,-0.36737,2.728387
RSAD2,0.98096,2.726223
PRDM6,-0.31057,2.724026
NDUFB4,0.258907,2.724026
AICDA,-0.52694,2.715666
IGF2R,-0.27147,2.713583
TYMP,1.020447,2.712529
RPL21P135,-0.69181,2.70888
MYO1B,0.262715,2.70888
LCE6A,0.498997,2.704577
WDR61,0.100751,2.702984
KATNAL1,-0.28027,2.700264
ZFAND2A,0.257417,2.696254
IGHA1,-1.80503,2.696254
OAS1,0.659795,2.696254
ALDOB,-0.21242,2.696196
PPARGC1A,-0.62466,2.696196
BEX3,0.234827,2.692155
KMT2A,-0.33469,2.692155
AL590426.1,-2.35027,2.692155
ZNF578,-0.59465,2.692155
FFAR2,-2.62468,2.684152
AC013268.4,0.267021,2.683729
POGZ,-0.43575,2.679101
ADH7,0.30171,2.675239
PLCE1,-0.57478,2.674853
REPS2,-0.40327,2.674783
MEIS2,-0.47908,2.674783
CNDP1,-0.35675,2.670619
ACACB,-0.47408,2.668235
BPIFB1,-0.38228,2.667088
PDGFA,-2.16843,2.664919
PRELID2,-0.51475,2.658871
HEPACAM,-0.68255,2.655988
FGF18,-1.06372,2.655426
SSC5D,-0.76064,2.655426
ATP5MF,0.234126,2.650285
GPR151,-0.2049,2.649696
AC092427.1,-0.70876,2.649019
TSPY26P,-0.30872,2.643007
MPHOSPH6,0.250878,2.634985
DUSP14,0.317748,2.633659
SLC22A25,-0.36947,2.633659
PSMC4,0.176164,2.632843
EFR3B,-1.82391,2.63262
PGF,0.450784,2.63262
SLC2A4,-0.45499,2.63262
PA2G4P6,-0.55473,2.632045
MS4A2,-1.00773,2.632002
FGF8,-2.70072,2.632002
TPD52L2,0.133905,2.632002
H2AFY,0.093466,2.632002
ABCA2,-0.21973,2.626917
POM121L9P,-0.26531,2.625936
PCSK5,-1.14585,2.625936
AGPAT4,-0.31443,2.625936
PSMD6,0.171298,2.62493
UBE2L6,0.498135,2.624619
ATP8A2,-0.2862,2.623977
CNN2,0.179906,2.622404
ICOSLG,-0.48965,2.621464
PSMB1,0.224666,2.611657
LRRC20,0.39045,2.611657
SPRR1A,1.021364,2.611657
IDH3B,0.159852,2.611657
VPS25,0.154119,2.602609
DNMT3A,-0.47197,2.602609
IRF9,0.420487,2.601911
GABBR2,-1.1211,2.601425
ARHGDIB,0.31201,2.601425
OR2C3,-0.74354,2.601425
ERC1,-0.3436,2.600731
NOTCH2,-0.28741,2.600731
CELF5,-0.97698,2.600605
PPP1R7,0.170247,2.595061
PTGIR,-1.85492,2.59139
ACP7,0.549855,2.584246
RBX1,0.189692,2.584246
CNKSR2,-0.61583,2.584246
AR,-0.48989,2.584246
SARS2,0.195204,2.581695
HRH2,0.493772,2.573924
HMGN1P14,-2.54679,2.573924
TMSB4X,0.256753,2.569137
TMPRSS11B,-0.44941,2.565759
TUBB6,0.194587,2.565759
MFHAS1,0.235138,2.560437
PSMB3,0.219431,2.560437
GABRD,-0.39861,2.560437
HHIP,-0.26381,2.559904
AC004945.1,-0.29473,2.559904
BRMS1,0.19072,2.553963
AC097493.5,-0.64576,2.546964
ARV1,0.154348,2.538548
SDC3,-1.71881,2.538508
RPRD2,-0.51645,2.537655
PPIF,0.232253,2.535729
MARCKSL1P2,-0.59094,2.534899
PSMB4,0.182769,2.533662
CNNM2,-0.13897,2.531472
NEUROD2,-2.78946,2.529169
MYO1E,0.124186,2.526081
HIP1,-0.29976,2.524692
MED8,0.148607,2.522134
OR10H5,-0.48834,2.521518
ASPA,-0.2964,2.518626
C6orf226,0.321872,2.518626
PSMC3,0.211396,2.513484
IGF1R,-0.35955,2.504509
AC114324.1,-1.84092,2.504509
IFNGR1,0.175866,2.504509
ARMCX4,-0.38456,2.504509
PLAG1,-0.3912,2.504509
NRXN3,-0.34008,2.497868
MRPS18C,0.200103,2.497868
GBA,0.218958,2.497868
PSMC1,0.181373,2.497868
STC1,-0.41613,2.497868
CHRNA7,-0.26718,2.497868
PDS5B,-0.39889,2.493258
SOX4,-0.47527,2.486361
DPPA2P4,-0.36016,2.46963
GADD45B,0.203551,2.46963
TMEM92,-0.24855,2.46963
EGR3,-0.33398,2.46963
MMP9,0.450554,2.469568
CACNG2,-0.38511,2.46593
NR3C2,-0.3794,2.459584
PDE11A,-0.43401,2.458479
ATP1B3,0.16215,2.458479
NPM3,0.268178,2.455753
SCNM1,0.129183,2.453604
SNX27,-0.26522,2.453155
NDRG4,0.177894,2.451934
SEC61G,0.264998,2.449225
DPP3,0.070061,2.449225
KCNK2,-0.68152,2.449225
RPGRIP1,-2.50882,2.44832
LYST,-0.34937,2.448159
CYSLTR1,-0.46164,2.447488
ATP5ME,0.240461,2.446033
POLB,0.219815,2.441693
C1QB,0.841151,2.437272
TPI1,0.208679,2.434313
IGHG2,-0.6042,2.423433
STAT1,0.598126,2.420932
MMACHC,-1.22257,2.418102
IGFBP5,-0.61476,2.417577
PLA2G3,0.355088,2.413927
B2M,0.42563,2.406932
FBXL2,-0.39552,2.406932
E2F5,-0.48386,2.401612
DMBX1,-0.27398,2.399745
PARP12,0.265463,2.397146
ZNF549,-0.2726,2.397127
ARG1,0.505787,2.391281
ZNF70,-0.62422,2.390191
ABI3BP,-0.65653,2.390191
CAMK2B,-2.39135,2.390101
TIGAR,0.255587,2.389421
AC004386.1,-2.53602,2.389421
TFAP2B,-0.31394,2.389356
SLITRK1,-0.10314,2.389356
BMPR1B,-1.68835,2.386922
SYT14P1,-0.386,2.386464
CHRM1,-0.37306,2.386242
AHCYL2,-0.27739,2.385408
DNAL1,-0.35765,2.378761
NDEL1,0.108058,2.378761
PROSER1,-0.5458,2.377717
FAM60DP,-2.25152,2.376552
NUP214,-0.4398,2.376076
KIAA1671,-0.31141,2.376076
PRELID1,0.17556,2.376076
BNC1,0.17644,2.376076
ZNF667,-0.40595,2.372702
ZNF688,-1.89276,2.372702
INVS,-0.28418,2.370559
ARID1A,-0.3446,2.368994
RNF148,-0.20569,2.367488
MXRA5,-0.54955,2.365809
LYPD4,-0.86823,2.362694
SLC2A3P2,-0.44508,2.362694
PIGR,-0.2071,2.362501
FXYD3,0.200144,2.362501
ZNF385B,-0.67668,2.349749
CPZ,-0.8411,2.349411
MOB2,0.140242,2.348524
MYL12B,0.179843,2.347749
CDON,-0.40508,2.344946
NDUFA4,0.168496,2.343915
GPS2,0.157151,2.341278
CASP4,0.188562,2.341278
IRAK2,0.2925,2.341278
UBTFL9,-2.33745,2.341097
LGI1,-0.73632,2.333782
SLIRP,0.195077,2.333782
SNRPF,0.232891,2.333782
MANF,0.132476,2.330489
PDAP1,0.166001,2.32983
NDUFA7,0.171063,2.327302
ISCU,0.097442,2.325287
AKTIP,0.168029,2.322454
PDCD6,0.08214,2.321874
RNF222,0.228191,2.317411
TTBK2,-0.16665,2.313916
SRSF9,0.100601,2.313916
AC243547.3,0.30826,2.310012
NAALADL2,-0.43753,2.309895
NOTCH3,-0.36711,2.303886
VSIG4,0.66604,2.302399
CD2BP2,0.084427,2.302166
TIAM2,-0.35557,2.300209
LYN,0.313605,2.298846
CBLB,-0.44034,2.298846
ARL10,-0.30077,2.298846
TUSC3,0.260197,2.298843
HMOX2,0.119581,2.298438
UBL5,0.230364,2.296059
WARS,0.259609,2.293252
MYOG,-2.01034,2.291458
TIAL1,-0.28239,2.289024
SURF2,0.211303,2.289024
COX6A1,0.202906,2.289024
AGBL2,-0.73614,2.289024
SOX12,-0.26263,2.289024
STC2,0.347211,2.286721
XYLT2,-1.85061,2.283431
AFAP1L2,0.243356,2.283431
EIF2B5,0.094391,2.283431
AL023280.1,-0.21666,2.278035
HIF3A,-1.11427,2.277847
RPAP1,-0.23741,2.277847
HEXB,0.161713,2.277847
BLK,-0.27156,2.27613
KRT6A,1.359317,2.27462
ZBED9,-1.54398,2.27462
AF131215.1,-0.72091,2.274474
AC125604.1,-1.49162,2.274088
COL19A1,-0.32954,2.274088
NDUFB10,0.169857,2.273946
RBM17,0.023632,2.27198
SBDS,0.166845,2.267401
TRIM67,-0.16515,2.265872
AK1,0.394666,2.26392
APOL3,0.323873,2.260478
PRR26,-0.28169,2.260478
AC104164.1,-0.53536,2.260478
NCF2,0.300623,2.260478
DDX3P1,-0.39447,2.259593
S100A14,0.22201,2.258238
IFITM1,0.546582,2.258238
NAPEPLD,-0.27716,2.256561
P2RY4,-0.45488,2.253601
SLAIN1,-0.45759,2.253601
CDYLP1,-1.64883,2.253601
SDF2,0.117229,2.250057
AC103988.1,-0.49109,2.246646
NREP,-0.35243,2.246646
TCF7L2,-0.47372,2.246646
LCLAT1,-0.34942,2.245706
MED12,-0.32421,2.245589
NMUR2,-0.17837,2.242633
SERPINB13,0.376169,2.24241
RAB30,-0.2415,2.238142
STEAP3,0.279551,2.235757
CREBBP,-0.26474,2.235532
NME1,0.254263,2.234038
BNC2,-0.33655,2.226089
LMX1B,-0.24434,2.225521
CFB,0.625485,2.222645
CRABP2,0.476052,2.222645
VCP,0.083967,2.221572
SPRR1B,0.868101,2.221572
BECN1,0.127823,2.218375
CCSER1,-0.41811,2.218375
C8orf59,0.201856,2.215233
CILP2,-0.26051,2.215233
AC006509.1,-3.35993,2.215233
GRIK1,-0.35466,2.215233
DBI,0.272722,2.215233
F5,-0.42325,2.215144
SCRG1,-0.42324,2.215144
C16orf91,0.165495,2.2151
MRPL52,0.078967,2.2151
CIAPIN1,0.106986,2.2151
SCLY,-0.36963,2.2151
UNC93A,0.423758,2.2151
KRT16P2,0.479167,2.2151
NOG,-0.93703,2.212284
ATP6V1G1,0.222871,2.211241
RAPH1,-0.44115,2.207304
NDUFB8,0.125618,2.199572
ZNF8,-0.23743,2.199572
SPEF2,-0.34667,2.199572
AKAP11,-0.25591,2.195718
PTAFR,0.347973,2.193964
CD3G,-1.2485,2.193964
AC131392.2,-0.55703,2.192173
ITPA,0.11801,2.188534
SFRP5,-0.26278,2.188534
IGHV4-39,-0.95384,2.187443
SOS1,-0.34588,2.184499
PNMA8C,-0.57041,2.183083
AHNAK,-0.20979,2.182765
ENO1,0.201262,2.178194
GNL2,0.073409,2.176598
LRRC4C,-2.74739,2.176598
AC073055.1,-0.85165,2.176598
METTL5,0.17756,2.173044
PSME2,0.295514,2.167347
HLA-V,0.278208,2.16656
FAM136A,0.085582,2.165773
SOST,0.210855,2.165773
CDH7,-0.16555,2.162224
CIB2,0.252716,2.160032
TGM3,0.353441,2.159792
EP400,-0.31823,2.159478
FCGR2A,0.144945,2.159478
ANKRD29,0.35564,2.159478
PNP,0.363728,2.155074
ANO1,-0.31879,2.152974
ARPC3,0.177955,2.152974
ST6GALNAC1,-0.06678,2.148901
NHLRC2,-0.29194,2.147093
NDUFA12,0.242271,2.146459
DBIL5P2,-0.43902,2.146459
MKRN5P,-0.49514,2.146459
ZNF969P,-0.36815,2.145168
SLX4IP,-0.70027,2.144945
ZBTB20,-0.53282,2.14462
HUWE1,-0.22788,2.14462
AP000781.2,0.363274,2.141954
TRIM22,0.350598,2.141954
KDM6B,-0.45806,2.141954
ALDH1A3,0.554426,2.141087
TRAPPC3,0.122731,2.141087
PSMC2,0.22025,2.140587
CD164L2,0.327429,2.137397
CCL3,0.514342,2.136097
RANGRF,0.241576,2.136097
BCDIN3D,-1.6149,2.136097
CA3,-0.40201,2.13604
DMXL1,-0.2295,2.13604
ZNF546,-0.28536,2.134714
ZHX2,-0.30008,2.134714
DAW1,-1.42023,2.131944
ZBTB25,-0.19823,2.131652
HMBOX1,-0.25438,2.131652
HSPD1P3,0.721815,2.130089
SAG,-0.34832,2.127985
ESR1,-0.66521,2.127985
GPHN,-0.27546,2.127985
CCL4,0.646358,2.127985
PTTG1,0.294132,2.126512
LRAT,-0.39041,2.126512
AL138694.1,-0.40562,2.124287
C10orf55,0.212673,2.121929
TNIP1,0.091836,2.121929
ABCG4,0.267139,2.121769
ALDOA,0.140873,2.121769
TNRC6C,-0.31139,2.121769
SOGA1,-0.31491,2.121423
ADGRB1,-0.57664,2.120334
PSMC6,0.134844,2.120197
GLT1D1,0.259848,2.11538
CRCT1,0.385859,2.114711
CXCL1,0.57729,2.114415
KMT2E,-0.26671,2.114263
BCL9L,-0.35008,2.114263
PDLIM1,0.16177,2.114263
GPATCH8,-0.23982,2.114263
ZNF695,-0.57773,2.114147
RFX3,-0.57022,2.111496
MAGI3,-0.32681,2.111017
EP300,-0.32181,2.110169
GALNT18,0.234747,2.10752
OPHN1,-0.24106,2.098243
TNNI2,0.789074,2.09723
LMOD3,-0.19927,2.093981
IPPK,0.122139,2.093981
NCALD,-1.02423,2.092408
UBN2,-0.24645,2.092379
AKAP13,-0.28499,2.090349
ADNP,-0.31208,2.090043
CCNI,-0.2803,2.088886
GLTPD2,0.227041,2.087108
PEG10,-0.16696,2.087108
SUFU,-0.26722,2.085832
HCFC1,-0.26757,2.085832
JCHAIN,-1.3062,2.084744
DHRS7,0.135009,2.084625
YKT6,0.142516,2.081143
SLC26A9,0.352566,2.078902
WDR45,0.158154,2.075684
ANAPC5,0.050105,2.075128
CPA4,0.223653,2.075128
ARID2,-0.27879,2.075128
NFIA,-0.3675,2.075128
KMT2D,-0.38334,2.07292
TMEM214,-0.22159,2.07292
MUC7,-0.40055,2.072147
DNASE1L3,0.429577,2.072147
LRRC7,-0.40636,2.07159
APOL2,0.207197,2.07159
AP003396.2,-0.32358,2.07159
SYCP3,-0.42069,2.07159
AL162578.1,-0.76322,2.07159
CREB3L1,-0.41445,2.07159
IGHV3-30,-1.50613,2.07152
NLRX1,0.135967,2.071245
PTCH1,-0.28603,2.066806
SNRPA,0.066509,2.065477
PSTPIP2,0.083001,2.064004
SLC25A23,-0.28104,2.063901
MBTPS2,-0.22392,2.061784
CMPK2,0.802114,2.061784
HGSNAT,-0.34581,2.061784
VAPB,-0.21577,2.061784
TRAPPC2L,0.178951,2.061784
LAP3,0.231162,2.059858
DENND4A,-0.29793,2.058938
DNAJB6,0.139306,2.058627
ZSWIM1,-1.50006,2.055262
SLC1A2,-0.56196,2.055262
PSME1,0.245071,2.052209
B3GAT2,-0.83622,2.052209
DHX15,0.037516,2.049126
ITGA11,-0.41774,2.045783
NOD2,0.126495,2.039313
OSM,0.245921,2.038317
CHI3L2,0.882116,2.032621
CLCA2,0.219286,2.032119
HIGD1A,0.254015,2.032119
SFI1,-2.35153,2.032119
ZNF585B,-0.22151,2.031363
B4GALT1,-0.77504,2.031363
TRRAP,-0.30333,2.031264
ZNF410,0.039184,2.031264
HAT1,0.181615,2.031264
PSMB10,0.366962,2.029907
GTF2B,0.174173,2.028818
CBX5,-0.22862,2.028009
RNF223,0.277427,2.027433
CTDNEP1,-0.36569,2.026458
FNBP1,-0.13792,2.021927
TRMO,0.103455,2.021502
FN3K,-0.39647,2.017793
IP6K2,0.111305,2.015749
ADD2,-0.45743,2.010345
TNIK,-0.27456,2.010345
LRRC37A,-1.68348,2.009731
MCHR2,-0.13399,2.009731
NPFFR1,-0.36008,2.007331
AC109486.1,-0.74103,2.007087
SMARCA2,-0.31248,2.006872
RNF181,0.16469,2.00305
DKK4,0.316125,2.00305
FERMT1,0.141425,2.00305
PPIH,0.162775,2.00305
ADGRG2,-0.29901,2.001269
KRT23,0.194282,2.001269
ELFN2,-0.24352,1.999753
CDK19,-0.22161,1.999006
LIMA1,0.136509,1.998063
GBP2,0.29735,1.997821
PAK1IP1,0.201417,1.997821
BUD31,0.137321,1.997187
EPHA8,0.079288,1.997187
ATN1,-0.58164,1.995778
C1orf131,0.040097,1.994126
MS4A10,-0.30703,1.994126
NEO1,-0.30515,1.993602
RABGAP1L,-0.24121,1.993073
WRAP53,0.117084,1.993073
CLASP1,-0.34562,1.990784
OR7C1,-0.40177,1.990779
SUMO2P8,-0.86331,1.990779
AC006144.1,-0.36859,1.989667
AC008567.1,-0.2651,1.989376
AC092910.2,-0.69887,1.988253
PET100,0.242672,1.986244
CENPW,0.278333,1.985262
TFG,0.089016,1.985262
ZFAND2B,0.101587,1.985262
CCDC97,-0.22291,1.985262
CCDC38,-0.51501,1.981206
SUZ12P1,-1.16779,1.981206
NF1,-0.40898,1.981206
LRRN3,-0.54222,1.981206
ATP5MPL,0.164192,1.981206
SGIP1,-0.52963,1.981206
GLUL,0.332987,1.980084
ZNF383,-0.20495,1.979979
CHDH,-0.22638,1.976921
NOL4,-0.30923,1.97584
BCL2,-0.34539,1.974604
PPP1R15A,0.138317,1.972821
RUNX3,-0.36204,1.972213
GPC6,-0.38153,1.971485
CYCSP38,-0.71269,1.970675
COL5A1,-0.54666,1.969032
SURF1,0.140514,1.969032
ORAI2,-0.25452,1.96698
KMT2C,-0.33006,1.966548
GALNTL6,-0.31222,1.966548
FGFBP1,0.440384,1.958155
CELSR2,-0.35043,1.956864
CTSL,0.392557,1.95618
XPNPEP3,-0.13173,1.952403
SLC36A2,-0.19166,1.947377
TMEM126A,0.108499,1.947377
TRIM45,-0.4013,1.946698
KCNJ6,-0.15239,1.946698
ADM,0.454342,1.946698
FAM89A,0.234972,1.946216
TIMM17A,0.132756,1.938706
RAB35,0.055385,1.938198
CACYBPP1,-0.53468,1.937856
ROMO1,0.219529,1.937081
SPEN,-0.24605,1.937081
SYCE1,-0.32067,1.937081
PSMA2,0.192774,1.937081
VWA8,-0.28296,1.934788
LINC00643,-0.21475,1.933599
CHAMP1,-0.2971,1.933599
DYNLL1,0.1828,1.933556
NKG7,0.51118,1.93279
ERN2,-0.26353,1.93279
KIAA1549,-0.23657,1.927108
UBE2F,0.146744,1.925638
KIR3DX1,-0.34264,1.925638
PFN1,0.084986,1.925638
MYO16,-0.26281,1.925638
RNF7,0.114195,1.925638
CHERP,-0.2085,1.925638
FBXO45,0.236043,1.92441
AC080014.1,-0.21358,1.92441
RFTN2,-0.42391,1.923622
EPHA2,0.1791,1.923622
CALHM6,0.52672,1.923622
DDX41,0.136571,1.922608
HNRNPA3,-0.32207,1.922608
TPMTP2,-0.53711,1.922559
TRIML2,-0.79451,1.920922
XIAPP2,-0.28592,1.920922
FOXG1,-0.08904,1.920922
KIAA1958,-0.26788,1.920133
PSMB6,0.205975,1.920133
LIMS2,-0.45527,1.918204
TMEM254,-0.29225,1.916668
TXNDC17,0.267718,1.915413
ATP2B3,-0.1197,1.915413
MUC21,-0.10383,1.91411
CXorf40B,0.168396,1.913362
MMP16,-0.39727,1.912473
PMAIP1,0.288473,1.910203
ZNF680,-0.27314,1.909183
CHCHD5,0.200866,1.908504
PRKAG1,0.102604,1.903226
SUPT4H1,0.154111,1.902321
LCE1F,0.526384,1.900999
AL512646.1,-1.17018,1.900999
TTC3,-0.22049,1.900999
PCDH9,-0.79784,1.900999
LTF,1.347194,1.900875
WNT7A,0.373076,1.900446
FCGR3A,0.265043,1.900446
PRDX1,0.212907,1.900446
SEMA3B,-0.65135,1.899165
ZNF385C,-0.34766,1.89765
DCBLD2,-0.22634,1.89765
DTX4,-0.53596,1.897508
RDH10,0.03775,1.897176
ISG20,0.40959,1.895535
EPHB2,0.437351,1.895408
LCE2A,0.424529,1.895408
TRAPPC9,-0.40297,1.895408
CD163,-0.17449,1.895295
DIRC3,-0.25393,1.892463
CFL1,0.119268,1.892431
EHBP1,-0.31503,1.89237
TBCK,-0.46003,1.891738
FBXO4,0.091473,1.886532
SHCBP1,0.161453,1.886532
FKBP9P1,-1.10835,1.886532
FAM110B,-0.7675,1.885045
AC007161.2,-0.45727,1.884891
ULK3,0.21155,1.884762
ARHGAP32,-0.22003,1.884762
MTX2,0.049792,1.88415
TNRC6B,-0.20672,1.88415
ATXN2L,-0.23287,1.882873
AL049767.1,0.486945,1.881148
SGCE,-0.35293,1.880852
ZNF808,-0.20445,1.879498
SCAF4,-0.29948,1.877273
PSMA1,0.111604,1.876588
HAUS1,0.082801,1.87624
CCL13,0.759307,1.87427
HSPB3,0.526178,1.87407
THBS1,-0.68102,1.873274
MIF,0.224757,1.873274
SLC13A2,-0.36528,1.873274
PTPRN2,0.130634,1.872647
SLC12A7,-0.47696,1.867823
ZMIZ1,-0.34378,1.86729
HTR3A,0.432326,1.86729
CCDC83,-0.28074,1.86729
ZNHIT2,0.157738,1.86729
GTF2H4,0.819096,1.866742
EEF1A1P31,-1.93449,1.865819
MID1,0.175783,1.865819
RBM3,0.215532,1.865819
AIMP2,0.15764,1.865819
IQSEC2,-0.23628,1.862617
TNFAIP1,0.067171,1.861547
TRIM21,0.279794,1.861043
SERPINB7,0.303226,1.860343
PTBP2,-0.24267,1.86022
CMTR1,0.110385,1.859995
NCOR2,-0.39056,1.859429
GM2A,0.191721,1.857533
PCGF1,0.068554,1.856633
NFAT5,-0.34974,1.85663
GRIN3A,-0.2869,1.85663
AC104852.1,-0.14751,1.855038
IGKV2-28,-1.46742,1.853134
PFKFB2,0.184792,1.850704
CARD19,0.176614,1.850704
INPP5K,0.06915,1.849809
NEDD4L,-0.73975,1.846892
PPIL6,-0.19425,1.846822
NANOGP1,-0.27672,1.846822
TMEM70,0.132478,1.844775
C1QC,0.638185,1.843486
SIRT7,0.161363,1.843486
PUM2,-0.2972,1.841611
GBP5,0.429557,1.841611
CD177,0.167921,1.841611
AIM2,0.38106,1.841611
SEC16B,-0.44935,1.841611
KCNJ16,-0.30205,1.84147
AL158201.1,-0.21497,1.84147
CXXC1,0.128397,1.84147
TXN,0.271681,1.84147
SETP21,-0.41742,1.84147
KRT18P57,-0.34653,1.84147
RIC8B,-1.31791,1.84092
OAS3,0.484745,1.840434
CAP1,0.103854,1.83831
FBXO48,-0.38933,1.833149
AC016582.3,-0.45834,1.83032
COMMD9,0.070512,1.829758
MARK2,-0.19696,1.82892
SAP30BP,0.128114,1.826354
EYS,-0.40884,1.826354
FAM71F2,-0.23365,1.826354
TLK1,-0.55258,1.825237
RPL23AP18,-0.69102,1.823431
AC079416.1,-0.40399,1.82166
CASP7,0.207954,1.821284
MECP2,-0.23126,1.820984
PHKB,-0.19983,1.820085
UROD,0.15886,1.820085
ZBED8,-0.31448,1.818446
SEC13,0.081396,1.818446
APOOL,-0.17981,1.816759
LCE4A,0.490095,1.816068
SQOR,0.153211,1.814049
FAM182B,0.310895,1.812494
AC183084.1,0.334864,1.809717
TTC21B,-0.34079,1.808931
UNC119,0.155676,1.808802
ATP6V0D1,0.134266,1.808802
EBNA1BP2,0.121347,1.808206
NIPBL,-0.26749,1.808206
PDCD5,0.182523,1.807798
LY6D,0.209822,1.807252
PLSCR1,0.320095,1.806692
PPFIBP1,-0.23964,1.806454
EHD2,-0.34948,1.803149
ATP5IF1,0.195535,1.802445
TMBIM1,0.116116,1.802445
MT-CO1,-0.4493,1.802407
NT5C2,-0.0222,1.801203
GADD45GIP1,0.129829,1.801203
GNL3,0.109818,1.801203
BCORL1,-0.33618,1.801203
CEP41,-0.15695,1.800536
EPHA3,-0.22891,1.799794
NPM1P37,-0.48611,1.799794
SCN9A,-0.42547,1.797768
ZNF850,-0.17471,1.797768
RNF149,0.040906,1.796877
BRD7P4,-0.36012,1.794423
FGF11,0.172804,1.793812
TPM4,0.119302,1.793812
MAP9,-0.2277,1.792856
ARHGAP26,-0.51468,1.79101
OSR1,-0.54289,1.790679
CHAD,-0.32742,1.78779
EXOSC8,0.065955,1.787217
LDHA,0.241543,1.786531
KRT37,0.238318,1.786531
TFAP4,-0.21368,1.786282
C8orf58,0.093434,1.786114
FBLIM1,0.142007,1.786114
PLA2G4E,0.217513,1.78604
STEAP4,0.659674,1.785943
MBD1,0.011148,1.785772
IGFL3,0.373671,1.785389
AL161742.1,-0.41364,1.783867
DNAJC8,0.082132,1.783437
PEAK3,-0.40958,1.781859
PCDHA5,-0.32457,1.780521
FAM162A,0.21296,1.780288
SDR9C7,0.224707,1.780011
EYA3,-0.29589,1.780011
MPRIP,-0.11763,1.780011
AL591135.1,-0.04705,1.780011
RAET1L,0.363146,1.780011
SAAL1,0.036284,1.780011
SLC9A1,-0.32359,1.779311
PLB1,0.095554,1.776718
LIMK2,0.096945,1.775944
RIOK1,0.053914,1.771304
MATN4,-0.80107,1.770796
TNIP2,0.147957,1.770796
CALML3,0.374862,1.770796
KCNJ13,-0.46774,1.770796
MRO,-0.12309,1.769984
TES,0.070405,1.769984
DNM1,-0.90849,1.769984
RPL36AL,0.18053,1.769984
AK2,0.048811,1.76978
TGM1,0.271804,1.769111
TAF11,0.077882,1.768823
PAK2,-0.27864,1.768823
OR7D2,-0.31302,1.768823
TGFB3,-0.42044,1.768823
MBD5,-0.42127,1.768823
POLR2A,-0.5987,1.768823
RPS6KA6,-0.71339,1.768823
HIVEP3,-0.38909,1.768823
ZNF738,-0.28258,1.768823
GBP1P1,-1.81559,1.768823
PSMB7,0.160762,1.768115
AC093227.2,-0.45127,1.768029
IRF2BP2,-0.10803,1.768029
GPR83,-0.33867,1.768029
CYBB,0.397272,1.768029
NAA20,0.149612,1.768029
SLURP1,0.376139,1.767046
HARS,0.046009,1.767046
RPS16P5,-0.66464,1.766763
AZGP1,0.286371,1.766106
ATP5MD,0.226979,1.765785
KIF9,0.140647,1.765358
NRDE2,-0.28879,1.764488
SH3GL3,0.294096,1.763878
RHOXF2,-0.45811,1.763878
TMSB10,0.229521,1.763805
SLC38A5,0.200877,1.763583
MAGEL2,-0.06958,1.757783
NEUROD1,-1.37322,1.757241
STN1,0.105852,1.757241
CCDC51,0.12315,1.755602
PHC3,-0.23991,1.755602
ZNF333,-0.37139,1.755602
FAM45A,0.119193,1.755602
SMIM18,-0.48622,1.755602
TTC39A,0.196202,1.753104
ANKHD1,-0.25334,1.753104
PBK,0.262192,1.750939
WDR45B,0.071918,1.750939
KLK6,1.105402,1.750671
ZNF208,-0.53881,1.750671
ADAM22,-0.32676,1.749782
RNASEH2B,-0.37337,1.747925
SNX10,0.192553,1.746836
TSPAN14,-0.19174,1.744047
MED6,0.041558,1.743701
ZNF827,-0.39717,1.742465
RASSF7,0.165585,1.740604
SNRPG,0.18388,1.740604
DDOST,0.083702,1.740604
ZNF609,-0.21981,1.74055
SLC25A48,-1.01543,1.74055
SEC16A,-0.20904,1.74055
MFSD4BP1,-1.71268,1.740169
GPLD1,-0.65221,1.739342
RAB5A,0.155597,1.738964
TMEM132C,-0.2648,1.738317
KRTDAP,0.227091,1.737464
MRC2,-0.43604,1.737464
MAPK6,0.106314,1.736064
VPS29,0.13375,1.735578
TSHR,-0.41729,1.734389
TCTEX1D2,0.247858,1.734389
SEMA3E,0.005123,1.732732
ANKRD36BP2,-0.46546,1.73237
AL022334.1,-0.30417,1.73237
GSTP1,0.184297,1.73237
MAST3,-0.29159,1.73237
PPM1K,-0.45127,1.731976
HLA-DQB1,1.771436,1.731774
HIST2H2AA4,0.332026,1.731774
CCDC171,-0.44734,1.731774
SNAPC5,0.102766,1.731774
ORC4,-0.2289,1.731774
DAPK3,0.158018,1.731774
SSNA1,0.13715,1.731774
MOBP,-0.19148,1.731389
COX7A2,0.194111,1.731346
HLA-C,-2.07475,1.730218
TSG101,0.083676,1.730218
RAMP3,0.3376,1.728819
GPR87,0.144199,1.728374
GLG1,-0.16727,1.725463
RNF25,0.143587,1.725358
CXCR4,0.42721,1.725358
AP2S1,0.149245,1.723186
NCOA6,-0.28214,1.720125
MMS22L,-0.22204,1.719661
CTSA,0.135951,1.719543
MRPL37,0.073149,1.719076
PAK5,-0.22419,1.719076
C1QA,0.599415,1.719076
CENPX,0.173848,1.718241
ZNF527,-0.53193,1.718241
TUBGCP4,-0.74916,1.717626
SLC25A5,0.179378,1.716346
KMT5A,0.040801,1.716346
RABL2B,-0.29635,1.716346
Z98749.3,0.262255,1.716346
TSKU,-0.22376,1.716346
TBX3,-0.37157,1.715105
GAP43,-0.51335,1.714512
VSIG8,0.37381,1.713843
DHRS1,0.190319,1.713516
WISP3,0.563847,1.713516
DISP2,-0.64066,1.711725
SFMBT2,-0.32322,1.711725
FTSJ3,0.067808,1.711447
ACSF3,-0.26255,1.710541
PPP2CA,0.17823,1.71006
KIAA1549L,-0.2391,1.707654
TGFA,0.192323,1.707654
YWHAH,0.090923,1.707233
PRRC2B,-0.26342,1.706887
SLC13A5,-0.50517,1.706001
OGN,-0.62052,1.706001
DNAH11,-0.54366,1.706001
PAK3,-0.4065,1.705858
CDC37,0.083422,1.705661
ZNF117,-0.50616,1.705661
PRAME,0.216095,1.705661
POLR2L,0.202478,1.705661
OR6C75,-0.43924,1.705661
PSMA7,0.134506,1.705012
HOXA6,-0.6028,1.705012
DUSP12,0.116974,1.704996
PRSS27,0.684059,1.701632
KIF6,-0.11451,1.699799
FTO,-0.23467,1.699799
MOGAT3,-0.39612,1.699799
OR1I1,-0.33202,1.699799
TF,-0.52345,1.699161
PRKACA,-0.28721,1.699161
TBK1,0.048202,1.699161
FAM110C,0.301788,1.698544
SPAG7,0.098204,1.697144
AC122718.2,-0.60771,1.695342
GHITM,0.15384,1.694591
LYZ,0.471416,1.69246
MAMLD1,-0.40195,1.692208
SLC29A4,-0.33495,1.692208
NCKAP5,-0.18711,1.692208
IVL,0.270117,1.690232
RSRC2,0.077946,1.689486
TET3,-0.27289,1.688811
CHCHD1,0.146398,1.688766
HMOX1,0.223047,1.688593
APELA,-0.27842,1.687727
GLTP,0.165553,1.685312
MRPS28,0.085855,1.683771
EXOC1,0.073092,1.683465
PHEX,-0.26443,1.682907
MT-CYB,-0.8673,1.682907
MRPS36,0.115173,1.682907
EMC6,0.148678,1.682907
TNKS,-0.31486,1.681884
CD9,0.153644,1.681778
SAMD4B,-0.28071,1.681585
BTG3,0.132456,1.681174
MOSPD1,0.131274,1.680143
EFCAB11,-0.22309,1.680143
GKAP1,-0.32649,1.679052
DCUN1D5,0.04771,1.679052
ZNF559-ZNF177,-0.50233,1.678889
GAR1,0.141982,1.678503
PDCL3,0.15963,1.678503
RASA4B,0.449181,1.678486
NES,0.349501,1.678486
ARSF,0.521083,1.678486
ZCCHC14,-0.19914,1.678486
EHBP1L1,0.133569,1.678486
PTPN14,-0.29748,1.678486
BRD4,-0.28953,1.678486
GRM6,-0.20865,1.678486
PPEF2,-0.44353,1.677783
DNAJB11,0.103162,1.677502
TESMIN,-0.30494,1.677502
TRNAU1AP,0.082104,1.677502
C12orf56,0.270909,1.677399
ANAPC15,0.179285,1.677399
POLR3G,-0.00185,1.677399
CR589904.1,-0.41321,1.677399
PDE6B,-0.46517,1.676667
XCR1,-0.38138,1.673959
SMAGP,0.152686,1.673959
HDAC3,0.023755,1.673098
FAM120B,-0.19867,1.670576
TMEM258,0.196082,1.669833
DDX39A,0.158048,1.669608
BRWD3,-0.25282,1.66699
IL16,-0.25907,1.666917
PDZK1IP1,0.240736,1.666917
TTC13,0.031022,1.666917
SLC16A12,-0.08496,1.666917
TTC1,0.130453,1.66509
BMP2KL,-0.45875,1.66509
EIF2B1,0.112593,1.664293
SLC25A45,-0.19682,1.662008
TMEM131,-0.2368,1.662008
RAP1B,0.088411,1.659937
ANK3,-0.3278,1.659638
CARHSP1,0.364487,1.657598
LRR1,0.248074,1.656929
TET1,-0.26887,1.656878
HSBP1L1,0.09402,1.656797
ABCC8,-0.13147,1.656797
MKL2,-0.30152,1.656797
ADAMTS9,-0.45878,1.656797
LATS1,-0.2238,1.656797
CNOT4,-0.19154,1.656663
TRPV3,0.11857,1.656663
NABP2,0.155623,1.656379
ACVR2B,-0.69755,1.656243
STXBP4,-0.18336,1.656243
AC104772.1,-0.47014,1.656243
BTF3P12,-0.69833,1.656243
DPF3,-0.39074,1.655986
ARHGEF3,0.061044,1.65551
HYAL1,0.239504,1.655166
FBXO6,0.233805,1.655166
MSL2,-0.20106,1.653889
IL37,0.390309,1.653077
SUSD2,-0.4141,1.653077
MPZL2,0.268823,1.65235
RBM22P2,-0.80811,1.651974
ZKSCAN1,-0.22649,1.649836
TRABD2A,-0.19632,1.647566
ASB11,-0.35438,1.647566
GJD2,-0.32949,1.647566
DENND2A,-0.44576,1.646683
PPIA,0.187834,1.646683
C20orf24,0.179604,1.646067
LINC00032,-0.23585,1.645189
HTATIP2,0.149463,1.6448990000000001
ARHGEF28,-0.28953,1.644684
AL807752.1,-0.38232,1.644684
WNK2,-0.46749,1.644367
TRIP6,0.094936,1.643951
MRPS7,0.089371,1.643833
GZMA,0.558427,1.643777
WWC3,-0.1294,1.643533
RIPOR1,-0.53338,1.643533
BTBD7,-0.22773,1.642632
USP18,0.433966,1.642632
NDUFB6,0.232243,1.642632
GPR68,0.157224,1.641554
ADGRA3,-0.37844,1.638784
LETM1P2,-0.0608,1.638374
CASP2,-0.22232,1.638374
MRPL13,0.190813,1.637287
MAPKAPK3,0.116211,1.63619
AL353748.2,-0.58981,1.63619
CD24,0.459015,1.634865
TMEM94,-0.33619,1.634865
ATP6V1E1,0.139583,1.634865
IGLV3-10,-0.83705,1.63478
AIPL1,-0.26388,1.634678
ARL2BP,0.260927,1.634678
IRS1,-0.32156,1.634678
ZNF536,-0.17965,1.634678
WDR34,0.141276,1.633761
SDHB,0.118614,1.631224
ZNF598,0.122353,1.630893
DTX3L,0.278455,1.630029
NBEA,-0.40301,1.630029
NAMPT,0.352645,1.630029
ZNF728,-0.31346,1.630029
ATXN1,-0.34383,1.630029
LAD1,0.102851,1.628398
ENSA,0.087035,1.62822
C13orf42,-0.55189,1.62822
GUCY2C,0.243186,1.62822
CCRL2,0.199796,1.628136
HDAC1,0.081571,1.628132
TMEM201,-0.24333,1.627501
GRN,0.144699,1.627426
BAK1,0.215555,1.627426
DEPDC7,0.154188,1.627336
WDR7,-0.22683,1.62707
STARD9,-0.48076,1.626996
SYF2,0.12565,1.626996
NIPSNAP3B,-0.40728,1.626996
EFCAB5,-0.4779,1.626873
NDUFA9,0.133931,1.626069
ACP1,0.094446,1.625412
ZBTB8B,-0.25266,1.62352
TDRD5,-0.20447,1.62352
SYT8,0.349696,1.623051
MRPL39,0.162942,1.621768
IGF2BP2,-0.14818,1.621768
ZFP42,-0.32769,1.621607
FGF23,-3.21479,1.621072
AC092641.1,-0.44216,1.620871
S100A16,0.167319,1.620871
AC019206.1,-0.65162,1.620871
HOOK3,-0.18223,1.620871
PLEKHA3,-0.05055,1.620871
BCORP1,-0.19344,1.619998
ZNF347,-0.30027,1.619998
PILRA,0.195296,1.619998
ASNA1,0.155378,1.619998
COQ3,0.165452,1.619998
PLAGL2,-0.26154,1.619954
SON,-0.1538,1.618729
STAT2,0.175134,1.617306
AP002981.1,-0.56738,1.617306
TENM4,-0.46858,1.615634
ERI3,-0.00607,1.614719
FUT3,0.105424,1.614719
NLGN2,-0.33224,1.61468
MORN2,0.204789,1.613772
PSMD13,0.083396,1.6132
KLHL34,-0.15142,1.611594
UBD,0.733332,1.611594
SYVN1,-0.25048,1.610416
RPS3AP38,-0.56119,1.60989
ZNF676,-0.37472,1.609084
FLVCR2,0.152032,1.609056
IKBKG,0.119514,1.609056
AL590282.1,-0.38356,1.609056
NTN5,-0.19637,1.609056
CCDC94,0.121191,1.609056
COX20,0.21576,1.609056
PEG3,-0.47221,1.609056
AC006011.2,-0.21932,1.609056
CCDC80,-0.62143,1.609056
ANKRD17,-0.26108,1.603554
COMMD3,0.108496,1.603391
TBC1D8B,-0.46492,1.601856
LMNTD1,-0.45891,1.601176
HSPD1P3,0.407862,1.600482
PCNX1,-0.27336,1.600414
FASN,-0.61439,1.598921
LRRC69,-0.49098,1.59844
DPYSL5,-0.1043,1.598381
ZDHHC2,-0.46601,1.598093
MSN,0.115306,1.597147
GLRX,0.327857,1.597147
TTLL11,-0.20338,1.597147
SPATA6,-0.20436,1.597147
CCDC60,0.216206,1.596483
ESRRG,-0.49775,1.596041
AL096700.1,-0.56041,1.59528
GTF2A2,0.138821,1.59528
SETD1B,-0.37617,1.593817
SRGAP2,-0.29364,1.593477
NEK9,-0.16739,1.593477
AP1S1,0.193031,1.593477
SLC19A3,-0.71964,1.593477
NOL12,0.181435,1.593477
UBASH3B,0.104259,1.593477
CX3CL1,-0.31094,1.593477
SOX6,-0.39764,1.593477
PARP14,0.359901,1.592833
KRT16P6,0.493029,1.592333
DDX60,0.234662,1.590969
AL356432.3,-2.63951,1.590969
SOAT2,0.226341,1.590969
VPS33A,0.125107,1.590969
EPN3,0.135355,1.590969
PPP3R1,-0.34291,1.590969
ARID3A,-0.76308,1.590969
SEM1,0.191817,1.590969
TMEM136,-0.25642,1.590969
CEP192,-0.18734,1.589701
STYK1,-0.05754,1.589701
SMIM4,0.173014,1.589674
ZCCHC9,0.118108,1.589531
SLC27A1,-0.33999,1.589531
TBC1D14,0.048387,1.588677
BNIP3P39,-0.56406,1.587915
PLAU,0.266025,1.587915
UQCR11,0.149723,1.587832
SNRPA1,0.085197,1.584716
SKP1,0.161453,1.584663
SLC3A1,-0.36365,1.583618
SPATA31C1,-0.19398,1.583523
MRPS24,0.131884,1.583
ILF2,0.106322,1.582626
GRAMD2A,0.051769,1.582526
TSPAN19,-0.40936,1.582526
FCHSD1,0.255399,1.582526
RPL26L1,0.189998,1.582526
CCDC110,-0.28586,1.582455
BTF3,0.132499,1.581947
QRFP,-0.32127,1.581947
GUK1,0.122172,1.581947
POLR2J,0.133392,1.581337
FAM96B,0.161092,1.581337
RNF24,-0.23703,1.580427
NLGN4X,0.094195,1.580427
NOL4L,-0.32436,1.578197
OR14J1,-0.48929,1.578197
LEF1,-0.39471,1.578095
SERPINB1,0.278842,1.577016
TAP1,0.389729,1.577016
ZKSCAN8,-0.20329,1.576689
AC270267.2,-0.88448,1.576689
TMEM221,-0.30757,1.576195
EMC4,0.11687,1.576195
CES1,-0.76858,1.576195
POLR2K,0.193063,1.575966
DYNLT1,0.143618,1.575055
GTF2H1,0.034006,1.574557
RAD54B,-0.38366,1.574503
KCTD2,0.13933,1.574396
PDE6A,-0.38705,1.574396
MOAP1,0.093124,1.574396
IGFL1,0.837215,1.573183
WIF1,-0.65401,1.572866
ATP5MG,0.203916,1.571522
GVQW3,-0.30297,1.57028
ASH1L,-0.19311,1.569271
UBE2D3,0.091637,1.56922
KAT5,0.088126,1.568672
FGFR3,0.146259,1.568672
NFE2,0.328429,1.568672
MYZAP,0.171969,1.568672
GATB,0.24351,1.568633
TAF9,0.175703,1.567269
KLRD1,-0.44939,1.56664
SLC35B1,0.107369,1.56664
PSMD8,0.141183,1.566114
IKZF4,-0.28804,1.566066
ZNF469,-0.16698,1.565206
NR6A1,-0.24403,1.564947
ZNF229,-0.37363,1.563865
RREB1,-0.25099,1.563865
CCDC169,-0.44812,1.563865
ZNF492,-0.32645,1.563865
USF3,-0.18037,1.562732
TOR4A,0.205758,1.562732
VENTXP6,-0.85132,1.562522
TTC6,-0.52714,1.562127
POLR2G,0.122162,1.562127
ATP5F1E,0.126852,1.557771
TUB,-0.2706,1.557747
AC097063.1,-0.21257,1.557617
TWF1,0.225217,1.557617
FAM234B,-0.27298,1.555796
KDM3B,-0.59688,1.55488
UQCRQ,0.127876,1.554154
PAIP2,0.105016,1.554154
IFNGR2,0.100741,1.553438
CYC1,0.105414,1.550124
MAPK3,0.137003,1.550124
RFX4,-0.44407,1.550124
NDUFV1,0.069917,1.549975
SNRPGP18,-0.85487,1.549457
GPR149,0.131349,1.547772
AC002366.1,-0.1843,1.545017
MRPS22,0.105478,1.545017
ZSCAN18,-0.31987,1.545003
ZNF677,-0.23372,1.544103
EFNB3,-0.29376,1.543154
PPIAP91,-0.52599,1.543154
AL592148.2,0.507998,1.542965
UNC50,0.086984,1.541151
PIH1D3,-0.17058,1.540978
CDC42EP4,-0.27119,1.540978
TXNDC9,0.181248,1.540725
VDAC2,0.091663,1.540174
VDAC1P8,-0.51025,1.53824
CAPZA1,0.048255,1.53824
CDH13,0.120193,1.53824
AC140479.4,-0.38501,1.53769
RPUSD1,0.155386,1.537517
AL136981.2,-0.38031,1.536586
ALG5,0.114667,1.536586
LYPD6,-0.2374,1.536586
MED31,0.169204,1.536456
HOXC10,0.457493,1.536169
MACO1,0.055901,1.533947
BRAF,-0.25288,1.533947
EXOSC6,-0.27216,1.533947
RPL7P7,-0.38173,1.533947
UPP2,-0.20064,1.533947
COX6C,0.188094,1.533947
AGO3,-0.1768,1.5339
POLR2C,0.096349,1.532431
ACP5,0.255563,1.531552
ZUFSP,0.064636,1.531426
LSM2,0.144299,1.530284
OR52I1,-0.29414,1.529998
GPR173,-0.28669,1.529998
POLE4,0.2027,1.529998
NAE1,0.062332,1.529076
KLF4P1,-0.26883,1.528896
PFKP,0.104989,1.528896
PSMA4,0.194248,1.528564
TFIP11,0.08168,1.527883
LSM1,0.128345,1.527883
FCGBP,-0.54582,1.526419
PCDHGA8,-0.22878,1.526419
BPTF,-0.25677,1.526075
AP000926.1,-0.48417,1.525692
EHF,0.272068,1.525547
PIGM,-0.19705,1.523898
MRPL21,0.162465,1.523898
BLOC1S2,0.166848,1.523271
OSER1,0.093715,1.523024
PTPN23,-0.22098,1.52233
EPPK1,-0.46122,1.52233
PRPF8,-0.17841,1.52233
MGRN1,-0.28814,1.52233
ADAM23,0.298328,1.52233
TNFSF9,0.220627,1.521387
DCHS2,-0.31829,1.520923
ATP2A2,-0.27278,1.520713
LOXL4,-0.51253,1.520603
HELZ,-0.25333,1.520598
ZNF268,-0.17719,1.519817
SRCAP,-0.30707,1.518569
TRIM61,-0.26904,1.518115
NDUFAB1,0.161482,1.515894
PPP1R8P1,-0.34922,1.515894
NDUFS6,0.179347,1.515894
ZNF471,-0.35519,1.515894
KRT18P37,-0.26589,1.515894
AL355877.1,-0.36847,1.515679
PRR12,-0.40311,1.514624
LETM2,-0.19837,1.512666
ARIH1,-0.11735,1.511661
DNAH17,-0.25845,1.511414
PSMD3,0.095677,1.511203
BAHCC1,-0.31856,1.510892
RNF215,-0.37641,1.510418
NOP10,0.147608,1.508895
ACBD6,0.008505,1.508844
GPX1,0.15148,1.507793
NFXL1,-0.26445,1.507793
ANKRD1,-0.24014,1.507272
MOXD1,0.230705,1.506893
GLB1,-0.06815,1.506761
NMI,0.256679,1.506049
GPR37L1,-0.18344,1.506049
SPATA5L1,-0.03651,1.506049
SYK,0.109029,1.50525
RPH3AL,-0.61121,1.505247
TMPRSS11GP,-0.60852,1.505126
LRP12,-0.27305,1.505126
TSTA3,0.13812,1.505126
NAT1,0.217734,1.504213
DNAH9,0.164004,1.503455
MAGEA10,-0.2979,1.503455
MARCKS,-0.26855,1.503401
NSMCE2,0.00809,1.500203
GTPBP2,-0.00914,1.499524
IGLL5,-0.58745,1.498358
MYH7B,-0.48499,1.498342
SMYD2,0.0442,1.497516
CPSF3,0.137624,1.497003
GRIK3,-0.07313,1.497003
PURA,-0.24667,1.49689
GABARAPL2,0.163425,1.496506
AC110994.2,-0.52701,1.496506
CSDC2,-0.22958,1.496325
HLA-DQA2,-0.57681,1.496178
AC139769.3,-0.66211,1.49536
MPHOSPH8,-0.20443,1.493833
EMC3,0.196079,1.4938
RUNX1T1,-0.57012,1.4938
IQSEC1,-0.33313,1.4938
IMPDH1,0.140444,1.49348
ZDHHC15,-0.381,1.493399
ZSCAN21,0.060673,1.493399
PLLP,-0.38235,1.491853
NDUFB3,0.136476,1.491853
EIF6,0.177195,1.491773
TMEM121B,-0.17083,1.490954
PON2,0.036756,1.489834
FAR2P1,-0.03461,1.489834
AC022826.1,-0.44455,1.489834
TINF2,0.038573,1.489834
LYSMD4,0.090127,1.487633
ZNF43,-0.35577,1.486453
MTCH2,0.146752,1.486453
RAB24,0.113617,1.486453
KARS,0.089408,1.486453
COPE,0.116151,1.486453
CWC25,0.111267,1.485914
ULBP2,0.283234,1.485914
YBX1P3,-0.3209,1.484975
DTWD1,-0.22963,1.484973
QSOX1,0.144424,1.48307
DSG2,-0.33743,1.482886
HNF4A,-0.18152,1.482795
ARNT,-0.20966,1.482795
SPAG17,-0.48546,1.481166
LRRC17,-0.4523,1.480881
DAPL1,0.279851,1.480877
CCDC170,-0.56348,1.480173
FAM49B,0.028657,1.479866
RPL21P44,-0.56845,1.479476
AK5,-0.63675,1.479316
FOXP4,-0.3362,1.479316
CCDC12,0.092485,1.479316
MT-ND5,-0.92861,1.478277
TCEANC2,-0.11835,1.478277
AC007494.1,-0.46405,1.477973
PSMG1,0.175193,1.477321
OR9K1P,-0.12259,1.477281
CDK5RAP1,0.038517,1.477281
FAM129C,-0.35875,1.477281
RAD52,-0.70813,1.477129
AC139769.1,-0.33518,1.477129
DLGAP4,-0.22875,1.475979
STK35,-0.21926,1.475812
SATL1,-0.42564,1.475812
PSMD14,0.137432,1.475812
ZEB2,-0.59717,1.474081
B2M,0.274167,1.474081
ITIH5,-0.57054,1.473842
ORMDL2,0.17208,1.473842
SPINT2,0.127299,1.47272
HERC2,-0.20485,1.47272
EPHA10,-0.14615,1.47272
LCE2C,0.360595,1.472698
C12orf74,0.088255,1.47171
SMG7,-0.32008,1.470996
RAB11FIP1P1,-0.41647,1.470996
EMSY,-0.26029,1.470996
POU5F2,-0.36074,1.470996
FLRT2,-0.30484,1.470996
IGHA2,-1.46804,1.470996
PCBP2,-0.281,1.470996
EFCAB10,-0.28436,1.470996
AC095040.1,-0.45131,1.470996
AIF1,0.32963,1.470996
GSK3B,-0.23818,1.469302
DMKN,0.15583,1.469302
AC011511.1,-0.40206,1.468966
GCOM2,-0.33696,1.468907
C3orf49,-0.35585,1.468184
MMADHC,0.143317,1.468151
DUS2,0.021594,1.468151
POU2AF1,-0.303,1.468151
ZNF318,-0.2411,1.468133
CAMTA2,-0.40911,1.467344
RLIMP1,-0.44559,1.467273
NPLOC4,0.020905,1.46655
TMEM236,-0.25247,1.466475
NPNT,-0.27859,1.466475
SUPT16HP1,-0.07926,1.466475
TCEANC,-0.27154,1.466475
PLAT,0.27487,1.466192
BICRA,-0.23276,1.466192
ZNF124,-0.29706,1.466192
PIP5K1C,-0.33225,1.466192
NDUFV2,0.098384,1.466126
NSMCE4A,0.099582,1.465848
ATP2B4,-0.21047,1.465848
KCNV1,-0.3079,1.465688
MT-ND4,-0.89536,1.465688
FBXL20,-0.20596,1.465688
ODF3B,0.403206,1.464861
BEND7P1,-0.43365,1.463874
DLX1,0.289681,1.46311
BTBD10,-0.0171,1.462602
SARS,0.065724,1.459497
GPC3,0.348657,1.459497
WRB,0.041913,1.459497
FAM237B,-0.10819,1.456769
GTF3C6,0.148277,1.456241
GNA15,0.162756,1.456126
ERCC3,-0.00206,1.456122
HLA-F,0.715498,1.456122
POP7,0.127038,1.455885
QPCT,0.274956,1.45507
ETFA,0.077397,1.45507
UBQLN2,-0.22038,1.454634
MAS1,-0.16499,1.454529
ANKAR,-0.21812,1.454046
DPY30,0.115312,1.454046
TUBB2A,0.211,1.453805
AAK1,-0.82615,1.453805
IFIH1,0.273748,1.453805
FAM168A,-0.21705,1.453337
SCGB1D2,-1.50217,1.452457
SULT1C2,-0.15006,1.452457
SPINK4,-0.5166,1.449341
METTL23,0.050062,1.448797
ZNF493,-0.31005,1.448422
GRPEL1,0.151279,1.448422
ZNF592,-0.21577,1.448293
IL1F10,0.343612,1.44722
SYNE4,-0.20001,1.445267
BACE1,-0.16111,1.445141
TMEM50A,0.161129,1.444828
PSMD4,0.104636,1.444828
MMP1,0.184814,1.444828
GPER1,-0.20815,1.444828
APCDD1L,-0.23378,1.444087
SCD,0.356109,1.44316
IPO5P1,-0.19698,1.441597
CYP2B6,-0.33138,1.441595
PSIP1,-0.31317,1.441595
E2F4,0.084333,1.441162
HIPK2,-0.24504,1.440597
SCAI,-0.1738,1.440055
NEDD8,0.146941,1.439949
AC015802.6,0.086224,1.439264
LSM7,0.135809,1.439199
AL160281.1,-0.89622,1.439013
EMC7,0.125764,1.438135
FOXRED2,-0.27033,1.437122
NUDT8,0.212368,1.436839
IVD,-0.33056,1.43675
PTP4A1P3,-0.43156,1.43675
LGALS3BP,0.35542,1.43675
SETD2,-0.21411,1.43675
RIOK2,0.025482,1.436337
KALRN,-0.38732,1.436337
C8orf46,-0.32599,1.436107
GPR137C,-0.33305,1.435957
CFAP157,-0.29838,1.43583
PRKRA,0.067382,1.43583
RPS6KA4,0.160449,1.43583
ROPN1,-0.35096,1.43583
RFX1,-0.20951,1.43583
NT5DC3,-0.24619,1.43583
SMIM12,0.100554,1.435059
KCNA2,-0.34552,1.435059
IL18R1,0.120494,1.435059
HMGN1P24,-0.64901,1.435059
PLEKHA5,-0.25707,1.435059
DDX5,0.132159,1.435009
S100A11,0.17046,1.434607
CBLN1,0.155517,1.434267
USP31,-0.26395,1.434122
NPIPB12,-0.62024,1.433938
Z82195.2,-0.24849,1.433938
CKMT2,-0.53903,1.433938
MCUB,0.145394,1.433938
UQCR10,0.150475,1.433938
SEC63P2,-0.10943,1.433838
OR2AT4,-0.41705,1.433372
TG,-0.37322,1.432778
TALDO1,0.090483,1.432644
BTBD9,-0.62805,1.432383
ANKRD18CP,-0.10621,1.431303
ZCRB1,0.112904,1.430776
CNIH4,0.203958,1.429782
LCOR,-0.46737,1.429702
TERF2,-0.30439,1.427926
CELF1,-0.13791,1.427926
RSPO4,-0.2054,1.427926
RNF126,0.108833,1.42769
ZNF233,-0.37678,1.426955
OSBPL2,0.051798,1.426955
TDGF1,-0.29876,1.426564
CCR5,0.150401,1.426179
SLC22A1,-0.4458,1.425881
ERVMER34-1,0.268269,1.425881
NCBP2-AS2,0.14183,1.425881
TSPYL2,0.127512,1.425746
ATP6V1F,0.121757,1.425746
NUP107,0.043994,1.425746
IRAK1,0.140204,1.425729
PMF1,0.145694,1.424155
TSPAN2,0.229271,1.424022
NFATC3,-0.28255,1.424022
GSTO1,0.130531,1.423761
WASHC5,-0.04601,1.421256
ALDOC,0.261192,1.420438
HTATSF1P1,-0.38581,1.420278
C1QBP,0.135409,1.420278
SNX11,0.007631,1.419854
MCF2L,-0.2823,1.419409
MT1G,0.405988,1.419324
CNNM3,-0.28001,1.418263
MREG,0.069692,1.418263
B3GALT1,-0.29626,1.418091
RAN,0.194374,1.418091
SHROOM1,-0.16,1.418091
ATXN2,-0.372,1.418091
LONRF3,-0.31647,1.418091
CDKN2B,0.211965,1.416552
CPEB3,-0.20671,1.415797
USP34,-0.22967,1.415793
RBM12B,-0.23614,1.414249
ADIPOQ,-0.7295,1.413872
SLC35A1,0.078187,1.413833
PRMT1,0.095426,1.412003
PRPSAP2,0.000314,1.411952
CDHR3,-0.43986,1.411302
FAM25A,0.503095,1.409965
MCL1,0.095733,1.409965
HOXB2,0.377889,1.409965
PBX3,-0.4267,1.409965
FBXW7,0.068447,1.409965
MTUS2,-0.02212,1.409187
TMEM14EP,-0.60811,1.408201
ANKRD44,-0.16331,1.408201
GLI1,-0.2591,1.408201
NUDT1,0.048889,1.407717
AC000367.1,-0.73616,1.407717
TARBP2,0.113824,1.407717
HDAC4,-0.2717,1.407717
ZDHHC13,0.081238,1.407717
DIO2,0.403816,1.407717
SLC2A1,0.245922,1.407717
PAN3,-0.2192,1.407717
CROCCP4,-0.27035,1.406507
ZNF263,0.053002,1.40639
IFIT5,0.268697,1.405194
FBLN7,-0.33841,1.403465
KCTD9P4,-0.2289,1.40233
MLX,0.088084,1.402323
TRPC4AP,0.043469,1.401852
MARVELD3,-0.34377,1.401852
UTP14C,-0.18853,1.401852
LCE1B,0.317529,1.401852
C4orf22,-0.18697,1.401852
CCL20,0.296942,1.401555
AC017099.1,-0.59577,1.401094
PTS,0.069198,1.401094
BLID,-0.29008,1.400386
MAGOH,0.172531,1.400267
AC233702.6,-0.49561,1.400202
IFIT1,0.699316,1.400202
YWHAEP7,-0.21493,1.400202
RPF2,0.135837,1.400202
COPS8,0.05737,1.400202
SLC25A35,-0.39035,1.400202
CYP26B1,-0.35308,1.400202
FYCO1,-0.2375,1.400202
KRT18P63,-0.39252,1.399931
LENG8,-0.85627,1.399349
CLVS2,-0.08464,1.398766
SULT1C4,-0.27875,1.398567
CMIP,-0.38563,1.398567
ASIC2,-0.24564,1.398443
CAP2P1,-0.42166,1.397804
DCHS1,-0.36639,1.39766
NKX3-2,-0.09051,1.39766
IFITM3,0.460754,1.396967
SF3B6,0.193253,1.396905
POLD4,0.095938,1.396771
CTTNBP2,-0.36173,1.394901
AC007256.1,-0.20429,1.394324
MYO10,-0.22281,1.393279
GLB1L2,0.119955,1.392988
GJC3,0.320741,1.392988
SLC3A2,0.094689,1.392988
MYLK3,-0.46001,1.391568
WDR83OS,0.117564,1.391222
COLEC12,-0.47297,1.391081
ZNF726,-0.3665,1.390922
PHLDA1,-0.28627,1.390664
RPS20P15,-0.73084,1.390407
EIF4A3,0.129263,1.39032
PWP1,0.095568,1.388927
RMC1,0.028546,1.388927
TRIM10,0.134649,1.388545
LCE1C,0.296506,1.388545
SQLE,0.28138,1.388282
IDH3A,-0.03305,1.388212
MTCO1P46,-0.10618,1.38774
RPL23AP48,-0.57598,1.387724
NAPA,0.078512,1.387611
GABRA4,-0.55244,1.386996
SH3GLB2,0.114262,1.386996
ABRA,-0.24648,1.386735
DOCK7,-0.12793,1.386735
SPIRE2,-0.34232,1.386735
C15orf39,-0.1803,1.386523
IL10RB,0.040801,1.386523
AC106827.1,-0.47827,1.386141
DAD1,0.146799,1.386003
SPAAR,-0.29539,1.385662
TLCD2,-0.40522,1.38533
AL356968.2,-0.27489,1.384629
DAPP1,0.07924,1.384629
GYG1,0.150712,1.384629
SDS,-0.4321,1.384629
GREB1,-0.35185,1.384629
MTFP1,0.219885,1.384629
AC113155.1,-0.37536,1.384629
FSIP2,-0.60772,1.384629
GPR108,0.119707,1.384629
SPHKAP,-0.04332,1.384083
PARD6B,-0.82482,1.384083
TBX18,-0.55152,1.383881
JAZF1,-0.32708,1.383881
NPRL2,0.099917,1.382743
PPIE,-0.46524,1.380835
RFX7,-0.32865,1.38044
SP2,-0.3151,1.38044
LCN6,0.266908,1.38044
NTNG1,-0.75099,1.38044
AP3S1,0.084061,1.38001
CD93,0.257734,1.37981
GABRR1,0.124261,1.378561
TPM3,0.084215,1.378385
KRTAP21-2,-0.6132,1.377083
COL1A2,-0.73864,1.377083
CSNK1A1,0.110154,1.375748
EDA,-0.4326,1.373932
C7orf57,0.162129,1.372887
WDTC1,-0.25956,1.372887
LRRC8D,0.098226,1.372327
GAPDHP27,-0.22467,1.370427
CDK2AP1,0.135266,1.370427
CSNK1A1P1,-0.32303,1.370373
ZNF782,-0.24257,1.36939
CCM2,0.126763,1.36939
TSFM,0.150108,1.369245
AC106707.2,-0.70595,1.36877
MIEN1,0.100288,1.36877
PHACTR4,-0.17362,1.367599
CTSV,0.32075,1.3675
GBA2,0.099959,1.367073
CREM,0.10923,1.36655
ANKRD20A9P,-0.05666,1.366369
SCML4,-0.16718,1.365308
ZC3H12B,-0.26635,1.365308
IGF2BP3,-0.222,1.364353
UGT1A1,-0.32265,1.364353
IST1,0.040699,1.364353
ZNF511,0.012999,1.364353
DSTN,0.138994,1.364353
SRSF2,0.070984,1.364353
HNRNPUL2-BSCL2,-0.29899,1.36401
SLC16A7,-0.2955,1.363805
CNTFR,-0.38754,1.361002
KAT6A,-0.16963,1.361002
LRFN1,-0.20943,1.361002
BEX2,0.234585,1.36051
AC019070.1,-0.30025,1.359129
C19orf66,0.181893,1.359105
MRGBP,0.074206,1.359105
OR6B1,-0.20823,1.358997
QSER1,-0.26755,1.358951
STUM,-0.74469,1.357564
GPR158,0.094323,1.357209
TRAPPC2B,0.182193,1.357033
PRDM2,-0.23178,1.355663
ZNF442,-0.30901,1.35444
CREB5,-0.55063,1.354007
ENPP6,-0.2508,1.353546
EGFL8,0.762311,1.353328
UPF3A,0.092937,1.353328
CLDN1,-0.26382,1.352592
SEC63,-0.23422,1.352184
SPRY2,-0.2677,1.351862
SYDE2,-0.24597,1.35165
METTL17,0.134139,1.350643
EPOP,0.208747,1.350198
GADL1,-0.36272,1.348556
OR2B11,-0.2343,1.348466
SULT1B1,-0.39451,1.348466
FOXJ2,-0.22245,1.34843
MRPL9,0.127742,1.347657
CD58,0.126762,1.347091
GPR22,-0.48902,1.347091
APOBEC3B,0.316831,1.347091
DAZ3,0.42936,1.346866
CLDN17,0.583191,1.345984
B4GALT4,0.14229,1.345744
FCER1G,0.437449,1.345607
ZFP3,-0.19648,1.345507
OR2M3,-0.44893,1.345507
PTPN12,-0.33694,1.345458
MPDU1,0.128104,1.345197
LSG1,-0.0376,1.345197
COQ2,0.111575,1.345197
OR4D9,-0.24778,1.345197
DPM1,0.162001,1.345197
UBE2E1,0.085837,1.345108
NACAD,-0.20238,1.34457
KMO,-0.27377,1.344434
BCL2A1,0.384806,1.344434
SENP2,-0.10125,1.344434
POP4,0.178935,1.343609
TBCA,0.123607,1.343609
MTMR14,-0.01705,1.343584
PDP2,-0.23322,1.343584
ABTB2,-0.30978,1.343584
RGMA,-0.37248,1.343184
SCAF1,-0.19826,1.341785
LPAR6,0.102235,1.341308
IRF1,0.468192,1.341308
TUBB8P1,-0.44146,1.341308
IFI35,0.240426,1.341308
DHX58,0.212107,1.341308
TPBG,0.236761,1.341308
CCDC125,-0.37264,1.341308
RET,-0.18528,1.340817
OR10AB1P,-0.41137,1.340429
SPTB,-0.32545,1.340124
LRRC55,0.149105,1.340124
HMGB1P41,-0.61038,1.339633
PFN1P4,-0.61721,1.339633
IYD,-0.29834,1.339633
TRIM38,-0.74073,1.339436
ARNTL2,0.18297,1.339139
LOXHD1,0.121883,1.338831
ZFP37,-0.24375,1.338574
AGAP1,-0.29177,1.338574
GP2,-0.21667,1.338574
RBMS2,-0.36593,1.33844
HLTF,-0.27675,1.33844
AKR1C6P,-0.28574,1.337869
C1QTNF2,-0.31776,1.337869
ATP5MC1,0.178139,1.337869
IL19,0.453126,1.337869
DSC2,0.404779,1.337647
PCDHGA6,-0.24826,1.337647
PLA2G4B,0.320787,1.33593
GIMAP4,0.236364,1.335762
SLC44A3-AS1,-0.33654,1.335762
FBXO30,-0.17735,1.335762
PRKCQ,0.231356,1.335151
GJA1P1,-0.3313,1.334594
KDELC1P1,-0.28348,1.334594
AP000769.1,-0.85315,1.334417
PIAS2,-0.15492,1.334325
SORL1,-0.40218,1.334099
AL590617.1,-0.60603,1.332566
MAP1LC3A,0.208317,1.332537
LIPC,-0.39598,1.332537
IK,0.096017,1.332508
SNRPB,0.142364,1.332117
GUCD1,0.068272,1.331156
BAGE2,-0.31215,1.330974
LYSMD2,0.179893,1.330974
ALKBH3,0.038592,1.330974
MT-ATP6,-0.67956,1.330974
PEX10,0.065627,1.330974
ERCC6,-0.1813,1.330974
DTX2P1,-0.40683,1.33078
SPRR5,0.815697,1.329771
RAX,-0.16326,1.329771
FAM43A,0.211297,1.329771
PIGA,0.051909,1.329771
AC012618.3,-0.22968,1.329771
TRAIP,0.148133,1.329771
SH3BP5L,0.065928,1.329742
NRP1,0.252337,1.329662
SELP,0.295657,1.328154
TCAF1,-0.25914,1.328125
AL513475.2,-0.57312,1.328125
AC245884.3,-0.61462,1.328119
TNR,-0.07135,1.328119
CBL,-0.19907,1.327904
ATP6V0E1,0.084963,1.327796
ZC3H4,-0.15407,1.327619
RGS6,-0.24969,1.327579
AC104772.2,-0.42464,1.327355
ARPC1A,0.049287,1.327245
RPS15AP12,-0.54302,1.327146
GPR1,0.219629,1.327146
MARS,0.101458,1.325827
PRSS22,0.579161,1.325549
C15orf62,0.178076,1.325088
ELMO1,-0.34757,1.325088
TCAF1P1,-0.27129,1.324575
KANSL1L,-0.26391,1.324439
ANKRD37,0.179354,1.324049
ROM1,-0.01908,1.324049
PFDN6,0.169592,1.324049
SMG6,-0.32383,1.323662
CYP2J2,-0.358,1.323078
ZDHHC11,-0.55334,1.322969
TRIM60P18,-0.36375,1.322969
CENPT,0.178728,1.32201
LRRC19,-0.31972,1.32201
KCNK18,0.15079,1.32201
CDC123,0.141624,1.32201
F13A1,0.298884,1.32201
CENPQ,0.194593,1.32201
PAPPA2,-0.30842,1.32201
ATG3,0.087984,1.321629
KIAA1522,-0.33937,1.321232
SHISA6,-0.0729,1.321232
MFN1,-0.0294,1.320983
TLR2,0.153038,1.319803
WDR63,-0.32137,1.319803
ITK,-0.37267,1.319776
PRSS22,0.679807,1.319664
CCDC66,-0.36241,1.319664
CCDC82,-0.38021,1.318992
RPS3AP35,-0.37495,1.318525
B3GALT5,-0.26565,1.318525
ANKRA2,0.068115,1.318414
TUFM,0.098556,1.317603
USP13,-0.28756,1.316192
MTMR10,-0.18832,1.316192
FOXF2,-0.66997,1.316105
OR5E1P,-0.57396,1.31598
PNO1,0.064224,1.31351
TIMM8B,0.160713,1.312154
GSK3A,-0.19885,1.310487
MTIF2,0.045495,1.309403
C15orf53,-0.33348,1.309352
CCDC172,-0.29212,1.309334
AIFM2,-0.28866,1.309334
SIX4,-0.12317,1.307606
DDAH1,-0.3448,1.307606
TMA7,0.141293,1.307606
CHPF,-0.25227,1.3074
MINDY4,-0.24162,1.307099
PRDX4,0.175286,1.306718
ASPRV1,0.26362,1.306716
UBL4A,0.070794,1.306716
PTPN2,-0.01402,1.306716
NDUFA10,0.102236,1.306716
CHPT1,-0.32877,1.306353
NDUFA13,0.106929,1.305784
RNF111,-0.28771,1.305784
ZWILCH,0.020755,1.305784
PPP2R2B,0.08955,1.305712
SUGP1,-0.01085,1.305262
AC087359.1,-0.39282,1.305262
MID1IP1,0.093036,1.305166
GPR75,-0.27367,1.305166
ADAM32,-0.57426,1.305166
SPIRE1,0.098158,1.305166
PNKD,0.117925,1.305166
SMO,-0.28627,1.305166
BICRAL,-0.20164,1.305166
RIMS2,-0.23966,1.304919
CXCL13,0.300027,1.304171
OVCA2,0.212356,1.304171
ZNF865,-0.30345,1.302726
FADS3,-0.24956,1.302044
PLGRKT,0.193728,1.301884
WIPI2,0.109075,1.301778
MORF4L2,0.066346,1.301552
FN1,-0.56803,1.301552
CAPS2,-0.35917,1.30147
ACSF2,-0.27381,1.301217
GRAMD4P3,-0.45091,1.300851
SLC5A5,-0.19845,1.300647
RBFOX3,-0.32815,1.300196
ADAMTSL4,-0.36057,1.299962
ITGA6,0.099438,1.299655
FAM228B,-0.4206,1.299655
CTAGE5,-1.29219,1.299185
ZNF519,-0.32937,1.299185
RPS3P7,-0.46318,1.299119
ASB3,-0.35231,1.298757
MIXL1,-0.72579,1.297725
MRC1,0.394403,1.297451
KATNA1,0.010809,1.296707
MLXIPL,-0.34465,1.296434
SRRM1,-0.2777,1.296434
DCTN6,0.124184,1.296101
C12orf10,0.097493,1.296023
C10orf71,-0.27823,1.296023
LRBA,-0.25183,1.295971
MARCH3,0.129347,1.295971
SLC52A1,0.225224,1.295971
SIGLEC11,-0.18413,1.294284
SKIDA1,-0.20067,1.294076
SERTAD2,-0.20865,1.294076
HMGB1P51,-0.56463,1.294076
PCNX2,-0.57653,1.294076
ZSCAN30,-0.3133,1.294076
RNF113A,0.103673,1.294031
CRYZL2P,-0.27399,1.294031
DCTN3,0.09717,1.294031
C3AR1,0.28812,1.294002
ANKRD30BP2,-0.1264,1.294002
ACOXL,-0.22101,1.29225
PHLPP2,-0.24593,1.29225
CCDC146,-0.35285,1.292134
AC106865.1,-0.31258,1.292134
ANXA7,0.092344,1.291913
PRELP,-0.40244,1.291145
FAM9B,-0.45887,1.289224
C1orf52,0.096599,1.288595
LCE2B,0.31511,1.288081
AC117382.1,-0.4979,1.288081
RAB4A,0.091625,1.288081
GUSBP4,-0.50634,1.288081
MAP1A,-0.49089,1.28633
USP16,0.069426,1.286158
DUSP3,0.015349,1.286158
SNTB2,-0.18684,1.286158
HHATL,0.217268,1.286158
RAD54L2,-0.3367,1.286158
GARS,0.054022,1.286062
GSTM5,-0.50179,1.286062
UBE2D2,0.087561,1.286062
KCNK3,-0.14204,1.284313
TDRD1,-0.26201,1.284313
BAX,0.05344,1.283768
NEMP2,-0.30746,1.283768
ZCWPW2,-0.29916,1.283746
SSFA2,0.054537,1.283172
AC012314.9,0.256399,1.283132
NOTCH4,-0.20882,1.282263
XRCC6,0.076173,1.282157
TMEM155,-0.08015,1.282157
C12orf45,-0.07224,1.282157
CDKN2D,0.175116,1.28189
POLR2I,0.197329,1.28189
HSFX1,-0.27761,1.281153
SYTL4,-0.26258,1.281122
ZNF680P1,-0.17832,1.281122
ATP5F1C,0.112079,1.281122
ZNF556,-0.15356,1.281013
ZNF200,-0.225,1.281013
UNK,0.081658,1.280874
PTPRF,-0.2512,1.28034
CCDC8,-0.35854,1.28034
ZNF724,-0.28912,1.279028
SMIM5,0.128307,1.279028
CD47,-0.50338,1.279028
ATP1B2,-0.17945,1.279028
NAA38,0.137319,1.277879
SLC17A7,-0.24948,1.277879
SFN,0.159054,1.277879
DGKD,-0.42869,1.277879
MED27,0.08843,1.277879
LCE1A,0.31485,1.277879
AC104389.4,-0.42135,1.276736
ZBTB44,-0.23391,1.276462
NRBF2,0.111554,1.276462
RASEF,-0.45103,1.276194
PPP1R8,0.052214,1.275484
CFAP65,-0.1989,1.274458
SLC2A14,-0.43014,1.274458
DDX56,0.029642,1.274458
FO393400.1,-0.32497,1.274458
AC012435.1,-0.31376,1.274458
GBGT1,-0.38286,1.274458
SEMA6D,-0.48593,1.27364
FAM184A,-0.33562,1.273345
COL3A1,-0.74045,1.272879
INA,0.25019,1.272056
LGMN,0.126386,1.271896
AC005183.1,-0.2747,1.27087
KCNT2,-0.32876,1.270742
ATP8A2P3,-0.15591,1.270038
HELZ2,0.202724,1.269976
IGLC2,-1.46958,1.269677
NCOR1,-0.20232,1.269541
NOL11,-0.03705,1.269541
HSPA14,0.086875,1.269541
PCBD2,-0.17335,1.269375
RAI1,-0.25514,1.269375
SYBU,-0.38653,1.269375
NPR2,0.306489,1.269225
TRAM2,-0.27673,1.268864
AP003080.1,-0.12712,1.268864
AC025449.1,-0.32421,1.268864
SORBS3,-0.24889,1.268864
MRPL55,0.111711,1.26884
GPM6A,-0.81636,1.26867
TRAJ12,-1.54988,1.26861
CITED4,0.156761,1.268591
TIMM10B,0.000874,1.266651
ABCA3,-0.24454,1.266396
CR383656.13,-0.51768,1.266367
ZNF264,-0.09299,1.266367
INTU,-0.25288,1.265641
TAF4,-0.26312,1.264746
MAVS,-0.22513,1.264183
SCN3B,-0.23828,1.263349
EEF1A1P17,-0.19999,1.262605
MAML2,-0.25539,1.262605
RMI1,-0.24825,1.262605
LGALS9C,0.221161,1.262605
HSD3B2,-0.25529,1.262605
CTSS,0.316924,1.262307
ALDH7A1P2,-0.57785,1.259251
NUDT6,-0.12163,1.258859
ZNF557,-0.0798,1.258725
LRP6,-0.23012,1.257951
DDI1,-0.06799,1.257951
MAPK10,-0.44575,1.257951
ERH,0.089908,1.257523
STS,0.259369,1.255798
LGALS12,-0.18847,1.255798
ELOB,0.160351,1.25491
TBCC,0.109112,1.254236
UNC5D,-0.08723,1.253277
AC090517.4,-0.26005,1.252878
NANOG,-0.23251,1.252367
AL357153.4,-0.3588,1.252103
TMEM165,0.038246,1.250921
AL691432.1,-0.35515,1.25064
AL445523.1,-0.10376,1.250242
CHRM5,-0.24665,1.250169
ATP5F1AP10,-0.39215,1.250169
TOE1,0.045355,1.250169
FREM1,-0.33134,1.250063
TIMM50,-0.61765,1.249775
PFDN2,0.144566,1.249775
BCL11A,-0.32775,1.249281
SIGLEC15,-0.32684,1.249281
CABYR,-0.36043,1.249241
GBP6,0.340344,1.249241
IGLV3-25,-1.04355,1.249206
AC104332.1,-0.44254,1.249206
ANKRD50,-0.24749,1.249206
TMTC2,-0.20231,1.249206
ZNF737,-0.29388,1.249206
GEMIN7,0.156147,1.249206
HOXA2,-0.31418,1.249206
ZNF423,-0.26908,1.249206
H6PD,-0.17528,1.24871
HSPE1,0.156171,1.247305
NAP1L6,0.144009,1.246819
TNPO1P3,0.129974,1.245456
SNRPD3,0.163007,1.24522
ZNF382,-0.37547,1.244655
DYNC2H1,-0.25276,1.244655
FHIT,-0.32321,1.244655
ABRAXAS1,-0.16625,1.244311
MRPS10P1,-0.65264,1.244311
LRIG1,-0.37872,1.244311
AL139274.1,-0.51602,1.243895
SAMD5,-0.45615,1.243523
SNRPC,0.130966,1.243501
AP004372.1,-0.24325,1.243451
OTUB2,0.239606,1.243451
EXOC6B,-0.28483,1.243385
MOB3B,-0.23582,1.243385
PHLDB1,-0.36286,1.243033
TREM1,0.406072,1.242443
PRMT5,0.035456,1.242259
DOCK3,0.131621,1.241765
AC083875.1,-0.562,1.241765
WTIP,-0.09689,1.241765
C4BPB,-0.41145,1.24166
ZNF75BP,-0.40566,1.240714
SERHL2,-0.53522,1.240714
FBXL17,-0.2998,1.240622
COTL1,0.168617,1.240622
CADPS,-0.70116,1.240571
ATP2A3,-0.73121,1.239759
SLC17A9,-0.33602,1.238648
LCN15,-0.3607,1.238648
PIGC,0.034866,1.238648
CASP9,-0.20004,1.238648
RPL39L,0.204241,1.23804
NOX5,-0.23036,1.23804
FANCD2,-0.63067,1.23803
COX14,0.112618,1.238015
RPL5P14,-0.26635,1.237846
IRGM,-0.31338,1.237817
ZNF414,-0.06328,1.237617
AC079949.3,-0.53389,1.237617
HELB,-0.28366,1.237617
AC073347.1,0.094481,1.237399
EEF1A1P10,-0.18131,1.235625
CDKN2AIP,0.050571,1.235011
HUNK,-0.22644,1.233846
TRHDE,-0.15355,1.233846
TTN,-0.39534,1.233615
C19orf33,0.211117,1.232038
HOXA3,-0.36373,1.230862
ZFP36L2,-0.23634,1.230862
EBPL,0.13689,1.230537
TCF7L1,-0.36605,1.230525
DOPEY2,-0.33312,1.229509
LAPTM4B,0.161334,1.229509
IGLV2-11,-0.98474,1.229412
ZNF736,-0.36573,1.229298
KCNG3,0.161691,1.229298
SCO2,0.83239,1.229278
RNF217,-0.33233,1.229278
MSR1,-1.71515,1.228984
OR2A42,-0.2349,1.228349
PA2G4,0.085058,1.228349
TTC9,0.118619,1.228349
HOXC11,0.346451,1.228349
EIF3B,0.068384,1.228008
KRT16P5,0.329528,1.227388
MLIP,0.211039,1.227388
SLC46A1,-0.2912,1.227134
SORCS1,-0.22594,1.227134
CDK13,-0.28616,1.227134
G6PC3,-0.17733,1.227134
MYORG,-0.2834,1.227023
PAIP2B,-0.25969,1.226686
TGM2,-0.44958,1.226686
RPL21P23,-0.5027,1.225945
CYB5R3,-0.31372,1.225945
SOX9,-0.55797,1.224338
BCAS2P2,-0.42554,1.223705
SRRM1P3,-0.17691,1.22352
DTD1,0.115559,1.223132
CHMP2A,0.077665,1.223132
PSMD1,0.040577,1.222909
DDX18P1,-0.32141,1.222909
AC018868.2,-0.21743,1.222268
CBR1,0.18164,1.222268
SMIM10L2B,-0.20188,1.222268
MCEE,0.101379,1.221173
SNRNP40,0.071348,1.221173
NWD1,-0.13605,1.221173
AC135983.2,-0.37609,1.221173
ACVR2A,-0.19608,1.221173
HOXA7,-0.45859,1.220717
PPIB,0.111751,1.220717
MED29,0.024156,1.220717
IZUMO2,-0.33398,1.220717
DDB2,0.028376,1.220328
RTCB,0.082249,1.219846
HINT1,0.128771,1.219787
EWSR1,0.055372,1.219615
AL365357.1,-0.80832,1.219615
ASL,0.144822,1.219476
HPN,-0.45643,1.218074
VMP1,-0.05637,1.218027
UBE2QL1,-0.37615,1.217964
POLR2B,0.022563,1.217826
MRPL27,0.105749,1.217616
MED4,0.102765,1.217507
P3H3,-0.30283,1.217466
LPO,-0.29737,1.217212
FRG1,0.046848,1.217212
REV3L,-0.33319,1.217212
INO80D,-0.16707,1.217212
NT5C,0.096801,1.21713
KLF15,-0.31237,1.21713
SERTAD1,0.13133,1.21713
MAP4,-0.17114,1.21713
RBBP4P1,-0.35285,1.216665
AFMID,-0.5778,1.216625
DUOXA1,0.160277,1.215809
LRRN2,-0.00268,1.2157
RRN3P3,-0.39721,1.215376
LO000005.1,-0.50213,1.21446
PNRC2,0.108056,1.214417
ZNF835,-0.1423,1.21302
RAE1,0.066451,1.21302
SOX10,-0.40979,1.21302
AURKAIP1,0.103419,1.21302
IL4R,0.174429,1.21302
FGF13,-0.33307,1.21302
UNC80,-0.45228,1.211689
UBE3D,-0.25786,1.211661
SNRPD2,0.127865,1.211584
EIF4E2,0.11676,1.211512
CCDC180,-0.28396,1.211512
LRFN3,-0.10865,1.211512
MPPED2,-0.29701,1.211512
AC005156.1,-0.41903,1.211512
TIMM10,0.168652,1.211512
CYTH1,-0.01905,1.211512
ADGRA2,-0.47547,1.211512
NNAT,-0.37219,1.211512
NDUFC1,0.137359,1.211512
ZNF391,-0.25904,1.21079
POC1B,-0.24307,1.210208
PHF8,-0.13615,1.208527
PLS3,0.130925,1.208293
GSTK1,0.067126,1.208293
KARSP2,-0.13147,1.208293
IGHV3-49,-0.44648,1.208263
RTTN,-0.38434,1.207046
UTP11,0.057323,1.20518
MRPL43,0.063897,1.204255
POU2F1,-0.27257,1.204252
TMEM130,-0.69497,1.204252
PCDH11X,-0.18349,1.203907
PIK3R6,-0.22084,1.203305
SEC61B,0.150756,1.20312
GSDMA,0.159298,1.203021
ZNF98,-0.46793,1.202168
AHDC1,-0.37227,1.200472
KAT7,-0.22377,1.200225
MICU3,-0.58166,1.200217
DCAKD,-0.35154,1.200217
CYP21A2,-0.1822,1.200217
SMLR1,-0.08229,1.199646
PROB1,0.11761,1.198396
AC010442.3,-0.48624,1.198396
ANP32B,-0.24721,1.197715
HMGB1P6,0.156747,1.197715
OR2T12,-0.29709,1.197593
SLC26A4,-0.20432,1.197593
AC073109.1,-0.189,1.195893
ZCCHC10,0.160698,1.195383
ZNF404,-0.35158,1.195359
RPF1,0.103248,1.194991
GOLGA5,0.056524,1.194991
HEBP2,0.098801,1.194136
AC005520.1,-0.29024,1.193641
TRIAP1,0.170952,1.193626
COX5B,0.12801,1.192474
Z99129.1,-0.47811,1.192262
RIC1,-0.20503,1.192188
SMIM31,-0.20776,1.192188
GIMAP6,0.245585,1.192188
ADRM1,0.076457,1.191415
SPATA17,-0.34211,1.191151
CLN8,0.066799,1.190815
MORC2,-0.18152,1.189726
ENAH,0.155332,1.189545
OR5AS1,-0.42719,1.189225
MAP2K5,-0.32554,1.189225
NUP85,-0.01812,1.188555
KIAA2026,-0.19288,1.188397
ZNF774,-0.42395,1.18691
FPR1,0.169743,1.186352
EOGT,0.087658,1.186146
ZNF90P1,-0.27857,1.184519
NHP2,0.117114,1.184365
IGLV1-44,-0.66774,1.184177
COPS7A,0.027321,1.184177
RTRAF,0.095358,1.183927
TTLL7,-0.35017,1.183764
VTCN1,-0.46606,1.183764
CLP1,0.073296,1.183764
BRSK1,-0.29891,1.183764
WASF1,-0.32424,1.183298
APEH,0.139566,1.182306
TDGF1P6,-0.46929,1.181868
PHF5A,0.146658,1.180483
ABCG8,-0.23252,1.180155
CBX3,0.079869,1.179978
AC099548.2,-0.47784,1.179978
SF3B5,0.132511,1.179846
RPP30,0.097995,1.179846
HSD3BP4,-0.26614,1.178343
C2CD4C,0.089367,1.176708
CYP4F8,-1.07603,1.176677
BOLA2B,0.212502,1.176176
EHD4,0.048069,1.176176
NYNRIN,-0.25882,1.175742
CRMP1,-0.27129,1.175742
AL049629.2,-0.71018,1.17556
GSPT1,-0.12481,1.17556
AC022217.1,-0.31793,1.17556
MTCO1P55,-0.29128,1.17556
SSH2,-0.2069,1.17556
EGFR,-0.25357,1.17556
RPS29P22,-1.00698,1.17556
EFCAB6,-0.1851,1.17556
TRMT112,0.106005,1.174958
DUS1L,0.110882,1.174958
YRDCP1,-0.41305,1.173804
OGFOD1P1,-0.1302,1.173804
RPS12P16,-0.64358,1.173804
ODR4,0.005515,1.173611
OCIAD1,0.056921,1.173269
GIPC1,0.087041,1.173259
DPH2,0.126245,1.173259
NDUFA3P2,-0.82897,1.173259
BNIP3P11,-0.51813,1.173259
RABGEF1,0.045623,1.173259
CBX2,0.146718,1.173259
MYO15A,-0.33405,1.173259
EIF3I,0.11623,1.173257
KRT8P31,-0.30533,1.173257
ERO1B,-0.26603,1.173257
HCCS,0.083813,1.172879
ZBTB4,-0.22566,1.172391
ARHGAP30,0.047328,1.172388
RMDN2,0.200748,1.172388
LRRC8C,-0.33875,1.172388
PRRC2C,-0.23163,1.171747
TNRC18,-0.33185,1.171642
RPAP2,-0.06967,1.171642
AC240508.1,-0.55062,1.170373
SNX29P2,-0.26332,1.170373
SMARCA4,-0.19284,1.170373
SUMO3,0.081246,1.170373
PCDH10,-0.0327,1.170373
CCDC160,-0.29465,1.170373
AL356423.1,-0.45354,1.170081
REX1BD,-0.15063,1.170078
MT1M,0.284,1.16956
YLPM1,-0.25452,1.16956
NHS,-0.10579,1.16956
STMND1,-0.31162,1.169299
HSDL1,0.066441,1.169269
AP000705.2,-0.32799,1.168988
KRT16P3,0.199574,1.168625
KLK8,0.159773,1.168543
MS4A3,0.16173,1.167703
UBE2H,0.021063,1.167365
RAD51AP1P1,-0.35323,1.167365
AL591704.2,1.804804,1.167365
GREM1,-0.09957,1.167209
UGT1A4,-0.3883,1.16699
AP003035.1,-0.15265,1.16699
MALSU1,0.137703,1.166353
MARCH6,-0.21883,1.166353
AC105339.1,-0.12409,1.166353
AC079781.1,-0.54297,1.166353
AL365205.1,0.131028,1.165868
PRRG1,0.073812,1.165833
OR1M1,-0.28141,1.165833
CWH43,0.067659,1.165777
STK11,0.083078,1.165772
HIST1H3A,0.247808,1.165772
PLD2,0.110056,1.165772
FBXL14,-0.29177,1.165538
PLEK,0.209444,1.165335
SRRM2,-0.25151,1.1653
VDAC1,0.077415,1.165286
AC090360.1,-0.40743,1.165241
ZMAT1,-0.32799,1.165241
TAP1,0.214171,1.164739
IMPG1,-0.32,1.164641
ZNF703,-0.34456,1.163895
PPARG,-0.72097,1.163891
C18orf54,-0.21328,1.163891
PPP1CA,0.084396,1.163835
MTDHP1,-0.29111,1.163835
CNBP,0.112511,1.163121
OR5A1,-0.31187,1.162515
GJC1,-0.26015,1.162515
IGKC,-1.23172,1.162515
UBB,0.122494,1.162274
AUTS2,-0.32665,1.162274
SCARB1,-0.1625,1.162225
CFB,0.379701,1.162225
AC079140.5,-0.58991,1.161878
UHRF2P1,-0.27505,1.16149
TRIM15,0.212274,1.16149
FAM90A11P,-0.19193,1.161108
TMEM205,0.136091,1.160754
CTGF,0.390881,1.16072
MTATP6P1,-0.69387,1.160562
DAG1,-0.22568,1.160562
ZNF284,-0.28517,1.160562
CEBPZOS,-0.27197,1.160562
OR2A14,-0.09376,1.160223
ZNF829,-0.1636,1.159913
FAM71A,-0.09235,1.159615
CACNA2D1,-0.33753,1.159299
TIMM23,0.086792,1.159299
AC008013.1,-0.45268,1.159299
TAS2R30,-0.39553,1.158901
TMEM79,0.102997,1.158553
DDR1,-0.5268,1.158553
KHDRBS2,-0.07695,1.158553
CTRC,-0.13166,1.158459
SEC24AP1,-0.39106,1.158032
FTSJ1,0.066157,1.156429
EIF4H,0.076607,1.156189
SLC38A6,-0.4021,1.156
CHIC2,0.116341,1.15583
MESTP1,-0.18426,1.155239
AFF1,-0.28352,1.155061
GPR150,0.105599,1.155061
AC139494.1,-0.45812,1.154923
ZNF460,-0.19303,1.154923
SPATA9,-0.22184,1.154696
NOL7,0.080546,1.154222
DDT,0.124096,1.154222
C10orf113,-0.55356,1.154222
SRGAP2B,-0.30696,1.153127
AKAP8L,0.110848,1.152992
FNTA,0.071471,1.152931
AP002414.2,-0.17891,1.152931
SETD5,-0.25875,1.152569
LY6G6C,-0.58559,1.151993
ARL4C,0.172174,1.151917
AC079880.2,-0.20374,1.151906
TAS2R43,-0.41201,1.151731
SPSB3,0.113959,1.151682
NINJ2,0.160497,1.151682
BAG4,-0.57321,1.151682
APBA3,-0.14427,1.151682
CYP4Z1,-0.29432,1.151682
UBE2Q1,-0.05781,1.151682
TBC1D23,0.103307,1.151682
EPB41,-0.20903,1.151682
OR4F17,-0.52092,1.151673
SLC8A3,-0.06831,1.151673
SYNGR2,0.123143,1.14962
LIPH,-0.66768,1.149592
C17orf49,0.092685,1.149299
AUP1,0.070375,1.149299
CORO6,0.277729,1.148863
NUBP1,0.058563,1.148078
ISY1,0.049616,1.147959
ACSM3,-0.44161,1.14712
TTC23,-0.25482,1.14712
NPY2R,-0.04343,1.14712
PHIP,-0.20834,1.14712
MSS51,-0.31379,1.14656
DNAH12,-0.23744,1.146335
AL391416.1,-0.30184,1.146335
NDUFB7,0.12326,1.146335
AC124312.1,-0.25407,1.14631
SPTBN1,-0.22751,1.14624
ITPKC,0.053205,1.146143
WNT5A,0.364575,1.146143
RIMS4,-0.18712,1.144824
CHST12,-0.13191,1.144507
ARAP2,-0.08011,1.144507
ITGAE,0.139595,1.144507
GPKOW,0.075085,1.14382
BABAM2,0.023561,1.143444
LMAN1L,0.114233,1.143137
PITPNB,-0.24597,1.140677
APOL6,0.283965,1.140366
IFI44L,0.93866,1.14035
C10orf82,-0.30902,1.14035
PFDN4,0.134549,1.14035
CSRNP3,-0.18651,1.14035
KCNK6,0.021804,1.140288
ZNF26,-0.08272,1.140288
SIDT1,-0.39767,1.140288
NDUFS5,0.159565,1.140288
RNFT2,-0.24227,1.140288
RFC4,0.09538,1.14015
RPH3A,-0.40805,1.139705
PSMG3,0.08756800000000001,1.139705
DYNLT3,0.188665,1.139705
CERCAM,-0.35562,1.139705
PDPR,-0.29588,1.138164
ARMCX2,-0.29163,1.136554
KCTD11,0.11662,1.136038
GATA3,-0.27383,1.135458
SSR4,0.116292,1.134343
DDX43P1,-0.11713,1.134343
COL4A4,-0.08073,1.134219
IGLV3-1,-1.07308,1.134219
SHC1,0.019926,1.133975
C18orf21,0.074607,1.13364
RARS,-0.006,1.132159
PMM2,0.062857,1.13147
GREB1L,-0.20787,1.130866
C5orf42,-0.2951,1.130603
ANKH,-0.23377,1.129784
GDF6,-0.09622,1.129784
RAB11A,0.20231,1.129104
XKR6,-0.24689,1.129104
SLCO4A1,0.087967,1.12898
SIN3A,-0.18561,1.12898
FGFR1OP,-0.06496,1.12898
SV2C,-0.1777,1.127971
AC026407.1,-0.71209,1.127971
TTC34,-0.26734,1.127971
PRELID3B,0.127907,1.126825
PFDN5,0.105773,1.126825
BOC,-0.2828,1.126225
ZNF93,-0.2672,1.126225
BTBD6,0.043293,1.126111
PECAM1,0.205212,1.126076
CDKN2A,0.184789,1.126076
XRCC2,-0.2916,1.126076
THRB,-0.30044,1.126076
UQCRFS1,0.091912,1.125808
DRG2,0.019133,1.12579
FRRS1L,-0.3133,1.125444
RPS12P5,-0.42994,1.124982
CCND3,0.02809,1.124982
ARHGAP29,0.109446,1.124783
RINT1,-0.03949,1.124702
PPP1R14B,0.124092,1.124702
EMX2,-1.53438,1.123806
FAM198A,-0.34915,1.123806
OR10G3,-0.35577,1.123564
C11orf71,0.089379,1.123564
CEP170,-0.3079,1.123564
HERC1,-0.16442,1.123548
KCNC1,-0.37208,1.123537
AC020633.1,-0.24146,1.123537
WWP1,-0.29619,1.123496
UTS2B,-0.3166,1.121909
FAM196A,-0.36748,1.121713
USH2A,-0.05384,1.121713
SOCS3,0.269724,1.121681
LRRC74B,-0.18059,1.121626
PPIAP71,-0.40059,1.121077
P2RX5,-0.15028,1.120601
ZFPM2,-0.3843,1.120032
ZNF14,-0.23659,1.119915
RBPJ,-0.28671,1.119562
SRP54,0.022959,1.119265
YAE1D1,0.08823,1.119265
SIK1,-0.38311,1.118237
CARD8,-0.20404,1.118237
ABI1,0.065354,1.118237
MLST8,0.077053,1.118155
OR8A1,-0.29317,1.117646
PGLYRP2,0.126922,1.117646
SMIM35,-0.31368,1.117463
LEKR1,-0.23751,1.117463
TAS2R50,-0.32504,1.117363
TMSB4XP4,0.30132,1.117192
JDP2,-0.22258,1.115719
MRPL17,0.113843,1.115594
TREX1,0.14867,1.114604
TNMD,0.500104,1.1134
KANK4,-0.19875,1.1134
IGIP,-0.27259,1.112995
MAPKAP1,-0.03698,1.112995
AC008073.3,-0.22217,1.112848
ADAM9,0.020745,1.112528
GGH,0.208087,1.112528
PDSS2,0.018124,1.112295
TOMM40L,0.113253,1.112295
CGNL1,-0.36003,1.111966
SUSD6,-0.23225,1.111388
CTCFL,-0.36415,1.111291
ADPRHL2,0.073857,1.11109
LCE2D,0.315693,1.109354
AC003989.2,-0.83301,1.109178
ATG4B,0.057937,1.109178
GABRB2,0.142759,1.109059
DROSHA,-0.25395,1.109059
TXNDC12,0.025809,1.109059
IL23R,-0.09293,1.108399
AC010442.2,-0.17705,1.108182
MTND4P32,-0.19411,1.108182
UTP15,0.101092,1.108182
SNRNP25,0.161136,1.107778
SIRPAP1,-0.28399,1.107778
SEZ6,-0.0977,1.107239
ZNF334,-0.34355,1.107239
UGCG,0.058631,1.107239
PRPS2,0.092032,1.107239
BAZ1B,-0.17714,1.107239
AGPAT3,-0.38718,1.107239
COL24A1,-0.29198,1.107239
HIST1H2APS3,-1.15763,1.107239
SMCHD1,-0.30745,1.107239
AL672142.1,-0.67204,1.107239
ZNF444,-0.26162,1.107239
CCDC81,-0.18241,1.107239
NSUN5,0.050845,1.107239
AL357315.2,-0.19349,1.107239
TMEM229B,-0.24494,1.107239
DDX58,0.172986,1.107239
C19orf53,0.122425,1.106597
ERICH3,-0.3023,1.106279
CHMP5,0.139537,1.106279
AC007537.2,-0.34416,1.106279
AL136968.1,-0.15754,1.106002
EGLN3,0.139427,1.106002
CCAR1,-0.00123,1.105474
PLTP,0.202522,1.105373
CFAP52,-0.24635,1.104967
PMCHL1,-0.41569,1.104967
TIMM17B,0.093994,1.103813
OR9H1P,-0.28292,1.103461
USP9YP3,-0.15463,1.103461
SPARCL1,0.219835,1.103461
CCT5,0.131199,1.103461
TUFT1,0.07985,1.10346
FRMD8,0.121663,1.10346
SHH,-0.1503,1.102752
EFCAB3,-0.48542,1.102234
AC010325.1,-0.39634,1.101295
DCLK3,-0.05374,1.10116
AP000889.1,-0.46514,1.10078
AC055733.3,-0.39198,1.10062
TNFRSF10B,0.040683,1.10029
MSMB,0.691452,1.098538
ZNF407,-0.25762,1.098195
SMIM33,-0.1985,1.098115
HIST1H2AK,0.25617,1.097934
USP14,-0.22654,1.097934
POLE3,0.100426,1.097934
COPS9,0.152161,1.097934
KCTD10,0.038988,1.097461
PRKRIP1,0.03613,1.097461
NEIL3,0.105218,1.097461
ETFBKMT,-0.80589,1.097461
AP004289.2,-0.26045,1.097461
Z97634.1,-0.48881,1.097113
HSPG2,-0.2996,1.096983
AC018462.2,-0.34548,1.095845
GTF3A,0.037634,1.095845
NAA10,0.080867,1.095724
SCUBE2,0.258591,1.095454
AC005865.2,-0.32973,1.095454
PLIN1,-0.86056,1.095454
HMGCLL1,-0.13848,1.095374
CCDC162P,-0.51795,1.095243
CWC15,0.067303,1.095243
ABHD16A,0.54229,1.094795
MTCO3P23,-0.57932,1.094756
WASF2,-0.1801,1.094611
TPTE2P6,-0.28271,1.094453
C1GALT1C1,0.128095,1.094453
NMNAT3,-0.23526,1.094453
F2RL3,-0.24022,1.094453
CCNI2,-0.53366,1.094453
MARK3P1,-0.48474,1.094453
R3HCC1,0.062953,1.094453
RAB18,0.120524,1.094364
AGA,0.173306,1.094364
HSD17B11,0.074749,1.093795
ATP5PB,0.133908,1.092636
NLRC5,0.16172,1.092619
NCMAP,-0.18667,1.092619
SF3B1,0.037233,1.092563
RHAG,-0.28792,1.092429
ATG7,-0.03063,1.092429
PARL,0.081045,1.091623
PM20D1,-1.31177,1.091623
HMGN1P7,-0.52998,1.091623
GOLGA7,0.086456,1.091218
FLAD1,0.052538,1.091008
ACKR1,0.356396,1.090714
PPFIA4,0.296701,1.089694
PDPN,0.303454,1.089393
AP004607.7,0.251081,1.089228
RTN4RL1,-0.23615,1.087454
AC026444.1,-1.32694,1.087454
MAP3K7,-0.00943,1.087271
NDUFA2,0.055008,1.086939
HSPA2,0.168689,1.086556
TBC1D1,-0.33126,1.086258
KLF17,-0.09791,1.086186
ERV3-1,-0.43513,1.086186
CBWD2,0.02646,1.085724
AC125612.1,-0.55167,1.085429
PSMD7,0.066442,1.085414
YPEL5,0.098078,1.085414
CDYL2,0.057366,1.085264
OR2T6,-0.06452,1.084637
HAUS5,-0.23112,1.084637
NUDT11,0.19511,1.084637
PIH1D1,0.066923,1.084637
TXNRD1,0.079793,1.084634
ASPN,0.304994,1.084634
SPARC,-0.57932,1.084634
FAM155A,-0.06779,1.084634
POM121C,-0.26601,1.0846
GLI3,-0.35237,1.0846
SLC41A2,-0.17305,1.0846
SPX,-0.24206,1.0846
ARHGAP17,-0.31733,1.0846
HAVCR2,0.067286,1.084206
UGT3A1,-0.1539,1.081628
MARC2,-0.48604,1.081035
CPAMD8,-0.35333,1.080471
CAMK2N1,-0.41441,1.080471
BDH2,0.052281,1.080471
RPS19BP1,0.065972,1.080471
RPL7L1P1,-0.24643,1.080471
MRPS21,0.085007,1.080471
SCYL3,-0.58181,1.08009
NTN4,-0.39782,1.079353
MT-ND4L,-0.65154,1.07826
SPON2,-0.31833,1.077889
MXD1,0.141887,1.077776
RPS20P22,-0.36248,1.077776
HCLS1,0.113043,1.077666
B3GAT1,-0.19979,1.077635
LGALS3,0.133366,1.077635
STK33,-0.36706,1.077635
SNRPE,0.091632,1.0772
ATRX,-0.13934,1.0772
WTAPP1,-0.30021,1.0772
SUB1,0.194575,1.0772
DNASE1L1,0.096883,1.076479
COX6B1,0.136822,1.076419
ABCA10,-0.5795,1.076053
ALDH1L2,-0.30581,1.076053
AC016769.2,-0.60541,1.076053
ZNF302,-0.88759,1.075782
ZNF451,-0.19369,1.075593
SELENOK,0.157179,1.075328
FAM241A,-0.31751,1.075328
COL12A1,0.466504,1.075099
CARD18,0.325594,1.075099
TUBA4A,0.194463,1.074657
AC011498.4,-0.40266,1.074201
CDH2,-0.25862,1.073802
ZNF438,-0.18006,1.073594
XKR4,-0.14833,1.073361
BRI3BP,-0.38664,1.073361
WDPCP,-0.37644,1.073361
HAMP,-0.30943,1.073179
CD52,0.299598,1.072091
SEC14L4,-0.5926,1.072091
C1QTNF4,-0.27853,1.072091
VPS13B,-0.27127,1.072091
GSTO2,-0.04937,1.072091
FOXL2NB,-0.25081,1.072091
SRP14,0.098634,1.072091
FRRS1,0.035165,1.072091
EBI3,0.112421,1.072091
NUTM2G,-0.32285,1.071631
IDO2,-0.20067,1.071539
ART3,-0.37333,1.071162
SNORC,-0.46552,1.071162
HRASLS,0.273962,1.071162
SNAPIN,0.101431,1.071162
CCDC112,0.01408,1.069683
NXNL2,-0.42771,1.06967
PITX1,-1.34974,1.06967
SLC17A8,-0.16439,1.068767
ISLR2,-0.27772,1.068767
C19orf71,-0.39494,1.068767
TMEM212,-0.45909,1.068767
NKX3-1,-0.27528,1.068767
HSPA8P18,-0.21061,1.068767
CMTM6,0.106852,1.068767
COX5BP3,-0.56717,1.068767
KRT18P4,-0.18829,1.068767
ETV7,0.141172,1.068546
ATP5PF,0.133624,1.068546
LURAP1L,0.127118,1.068546
YPEL3,0.045988,1.068492
PPP4C,0.082072,1.068147
SMIM37,0.217627,1.068147
PPP1R9A,-0.07719,1.068147
IGLV1-40,-0.92413,1.067976
NSFL1C,0.05327,1.067968
CLN5,-0.1895,1.067322
ANKRD52,-0.12503,1.067075
AC009303.1,-0.55875,1.067075
ZFP36L1,-0.274,1.066932
GIMAP7,0.270882,1.066874
AC024918.1,-0.5106,1.066826
TCEAL7,-0.34736,1.066635
TDP2,0.0908,1.066481
SNX9,0.095878,1.066046
COX5A,0.112561,1.065667
PLPPR5,-0.06895,1.065323
RPL10P3,-0.34375,1.065323
GPI,1.120535,1.064881
RAB14,-0.1776,1.064598
CCT3,0.068987,1.064398
DRG1,0.078112,1.064398
PQLC1,0.014247,1.064376
ZNF668,0.143877,1.064376
HS3ST3B1,-0.7808,1.064321
CHST6,-0.1545,1.064262
KBTBD4,0.098336,1.064242
PEX7,0.09371,1.064242
FRY,-0.22565,1.063725
CCT2,0.060343,1.063725
AC044810.9,-0.46206,1.063611
SNX22,-0.47009,1.063485
MED14,-0.2465,1.063373
BIRC6,-0.31164,1.063047
CEP295NL,-0.46701,1.06252
ZNF671,-0.33875,1.06182
FARP1,-0.35064,1.061065
ZNF114,-0.19697,1.060646
SPTLC2,0.030074,1.060646
SUGT1,-0.05029,1.060646
MED17,-0.25269,1.06005
SPTLC1,0.074946,1.059803
ELAC2,0.025962,1.059803
POLR3DP1,-0.31044,1.059803
ASTN2,-0.43767,1.05976
LONP2,-0.18216,1.059563
IGLV2-8,-0.57096,1.0594
FCF1P7,-0.45934,1.059352
MT2A,0.202216,1.059037
AP003717.2,-0.1411,1.058738
ELOBP4,-0.56434,1.058738
PLXNA3,-0.28521,1.058543
UBXN7,-0.21068,1.058482
DTNBP1,-0.26171,1.058184
NDUFA1,0.143401,1.057787
OPN1MW,0.288845,1.05693
DCX,-0.10898,1.056869
PSMD9,0.102426,1.056869
N6AMT1,-0.25262,1.056869
FHL5,0.206033,1.05663
CLTA,0.057165,1.056339
CES4A,0.158213,1.055827
TMEM213,-0.45282,1.055774
C1orf54,0.258655,1.055774
ZNF101P2,-0.40903,1.055601
RBPMSLP,-0.40223,1.055117
AC037479.1,-0.37221,1.055051
INSIG2,-0.23822,1.055051
RBM4,0.022826,1.054918
VWFP1,-0.10715,1.054246
ZFAND6,0.055898,1.054222
MON1B,-0.38226,1.054196
AL121769.1,-0.45537,1.053375
LTBP4,-0.44263,1.053375
HOXC9,0.080665,1.052248
GCH1,0.135479,1.052248
SMAD3,-0.26186,1.052248
ARHGEF5,-0.24928,1.052248
FBXW11,-0.02717,1.05214
POLI,-0.22621,1.051474
SNX2,0.033451,1.050969
YAF2,-0.15056,1.050693
FSCN1,0.206936,1.050528
ATP6AP2,0.093857,1.050516
AC012066.1,-0.2851,1.049946
TMEM40,0.112479,1.049864
TEX264,0.088897,1.049728
OLA1P3,-0.34031,1.049358
IKZF2,-0.26972,1.049225
KLK7,0.143273,1.049167
MEF2D,-0.2116,1.049039
KATNB1,0.102003,1.048285
LGALS7B,1.180443,1.047901
SLC35D3,-0.08902,1.047618
KIAA1328,-0.3834,1.047127
FBLL1,-0.22464,1.046188
SELENOF,0.084323,1.046125
ALDH1L1,-0.32805,1.04565
CALCOCO1,0.066273,1.04565
TCHP,0.086,1.04565
FBXW5,0.069051,1.045081
AL139344.1,-0.83896,1.045081
LSM3,0.107613,1.045081
CACNA1G,-0.2887,1.045081
ZKSCAN7P1,-0.3162,1.045081
CHRFAM7A,-0.23605,1.044946
RNF125,-0.239,1.044845
NAF1,-0.26945,1.044653
SPINK9,-0.50248,1.043092
RGS17,-0.23287,1.042907
CCDC122,-0.25229,1.042295
TTC28,-0.35963,1.041817
OR2M4,-0.2029,1.041672
GPD2,-0.22835,1.040634
BBIP1,-0.1362,1.040634
GAPDHP33,-0.24861,1.040255
RPN2,0.070471,1.040255
PSPN,-0.20875,1.040255
WDFY3,-0.16456,1.040255
EGLN3P1,-0.40802,1.040255
ZNF157,-0.16728,1.040255
FNDC3A,-0.19324,1.040255
TPD52L1,0.083813,1.040255
COL6A6,-0.37844,1.040255
LYPD2,0.449306,1.040255
EFCAB12,-0.16676,1.040255
ENC1,-0.33005,1.040255
ADAMTSL5,-0.16335,1.040255
SPATA5,-0.26699,1.040255
APBA1,-0.26518,1.040255
SLC9A2,-0.39433,1.040255
TNFRSF21,0.275847,1.040255
C21orf59,0.063859,1.040255
FAM32A,0.089125,1.040255
CASR,-0.30868,1.039718
BICDL2,0.094248,1.039552
PTCHD1,-0.09949,1.039253
PLCXD1,0.164607,1.039253
AC009879.1,-0.36343,1.038978
GPSM2,-0.02869,1.038978
AC006042.3,-0.38556,1.038687
ZNF844,-0.12857,1.037403
AC140479.7,0.16021,1.037403
ITGAX,-0.33558,1.037403
NARS,0.084964,1.037147
MT1JP,0.132356,1.03525
ARID3B,-0.19121,1.035199
IMPA2,0.112405,1.035199
MT-ND1,-0.70941,1.033686
NTNG2,-0.19444,1.033458
VPS26C,0.021978,1.033099
AC010132.3,0.10828,1.032877
FDXR,0.095523,1.032793
HMGN2P35,-0.67431,1.031998
MARF1,-0.16518,1.031545
PSPC1P1,0.380139,1.031545
CAMK1D,-0.20156,1.031459
PTGS2,0.255123,1.031459
JHY,-0.22614,1.031459
ADGRL1,-0.13847,1.030678
ZNF90,-0.30941,1.030339
SEC24B,-0.16834,1.030239
TNFSF4,-0.25675,1.030231
RABGGTB,0.081828,1.030231
GDPD2,0.154964,1.029923
ZNF254,-0.26527,1.029923
BAHD1,-0.17934,1.02813
CA1,-0.61958,1.027979
SNCG,0.290691,1.027883
INF2,-0.31045,1.027883
YBX2,-0.13354,1.027833
GCSAML,-0.26802,1.027518
EPS8L1,0.112117,1.026633
GCNT3,-0.17592,1.026373
MRPS12,0.051817,1.026373
DNALI1,-0.27788,1.026357
RIOK3,0.060065,1.026345
SPP1,0.201962,1.026345
AL354943.1,-0.41983,1.026228
ARIH2,0.004696,1.026226
TMEM106A,-0.35788,1.026082
CRLF1,0.245495,1.026082
ZNF385D,-0.874,1.025933
ACSL6,-0.15012,1.025933
C2orf27A,-0.38472,1.025933
CCDC30,-0.0931,1.025562
CPVL,0.1994,1.02541
AP2M1,0.030987,1.02537
XDH,0.121139,1.025078
DLG2,-0.19029,1.024325
APC2,-0.19332,1.024325
MRPL51,0.111521,1.023951
KLHDC2,0.009899,1.02392
KANTR,-0.30623,1.023299
PINLYP,0.278693,1.022873
NEK1,-0.25223,1.022725
DNAH3,0.060279,1.022645
CHST9,-0.10284,1.022201
MAB21L1,-0.36652,1.021749
PCNA,0.165292,1.021688
PPA1,0.120038,1.021431
LRRC9,-0.21168,1.021388
POLR2H,0.059827,1.020744
RPL12P20,-0.52611,1.019915
SBDSP1,0.085241,1.019408
ZNF91,-0.32223,1.019316
IER5,0.068545,1.019308
ANAPC11,0.103885,1.019274
ARID5B,-0.54515,1.019274
MS4A4E,-0.46824,1.018449
FKBP3,0.052593,1.017968
PNPLA7,-0.37401,1.017955
OCRL,-0.17432,1.017955
TRERF1,-0.18429,1.017955
CABLES1,-0.27364,1.017955
FAM193A,-0.18256,1.017955
ZNF497,-0.20797,1.017955
FLOT2,0.051948,1.017955
AL122001.1,-0.55539,1.017703
FHL2,0.120027,1.017401
TCTN1,-0.17101,1.017401
UBAC1,0.056117,1.017401
ABHD12B,0.118125,1.017401
TMEM86A,0.14074,1.017401
PABPC1P11,-0.21523,1.017401
KLHL8,-0.18431,1.017401
FAM92A,-0.29341,1.017401
SPTAN1,-0.10764,1.017212
C20orf96,-0.22153,1.017212
GDF5OS,-0.18785,1.016993
ZSCAN23,-0.45154,1.01697
HSPB8,0.11441,1.016798
HTR7,0.164737,1.016687
LPAL2,-0.40515,1.016687
INTS10,-0.02145,1.016687
HRH1,0.16332,1.016687
CADM2,-0.26218,1.016687
BX276092.7,0.296092,1.016306
SNX3,0.08796,1.014635
IGSF10,-0.56818,1.014554
TMEM208,0.099573,1.014554
RPS6KB2,0.117782,1.014554
SNU13,0.095962,1.014554
FAM50A,0.109522,1.014437
SPNS2,0.081989,1.014437
MTND2P11,-0.34661,1.013295
TTLL4,-0.16185,1.013295
EIF2S2,0.084826,1.013295
NR1H2,0.074611,1.013007
ATF7IP,-0.27875,1.01251
STOML2,0.09493,1.012316
SLC31A2,0.099162,1.012217
METRNL,0.355446,1.012217
C11orf98,0.128029,1.011
CTNNBIP1,0.194147,1.011
HMGB1P35,-0.34973,1.010905
RRP36,0.077252,1.010905
ITM2B,0.179653,1.010905
ASS1P1,-0.09869,1.010905
FBXL5,0.063551,1.010878
CLEC19A,-0.32233,1.010743
MUC21,-0.10588,1.010731
AC008687.8,0.147948,1.010731
RSF1,-0.17768,1.01062
ALMS1,-0.17947,1.01002
STAM,-0.09724,1.009921
SZT2,-0.35207,1.009921
ARHGEF38,-0.54253,1.009861
KLK5,0.195496,1.009861
ST3GAL2,-0.19504,1.009861
GUCY1B2,-0.69471,1.009799
TATDN1P1,-0.29469,1.008886
KCNMB1,-0.30447,1.008583
CALB1,-0.36097,1.008522
GTF2IP7,-0.18686,1.008435
FAM217A,-0.30857,1.008435
GRID1,-0.29843,1.008435
CYB5R1,0.116798,1.007676
KCTD9,0.032562,1.007569
ZNF385A,-0.37978,1.007569
MPPE1,-0.02846,1.006955
NLGN3,-0.12652,1.006546
RSU1P3,-0.19229,1.006439
KHSRP,-0.23975,1.006439
LAMP3,0.267513,1.006439
RALGAPA1,-0.21338,1.006301
CSMD3,-0.22084,1.005979
EEF1A1P32,-0.24136,1.00586
YES1,0.072809,1.00586
C10orf67,-0.39611,1.004762
FANK1,-0.5389,1.004602
SLC24A2,-0.12263,1.004466
VANGL2,-0.3069,1.00435
FCRL5,-0.40328,1.00426
GNG7,-0.21956,1.003974
CD74,0.228596,1.00362
VASH2,-0.1659,1.003316
MTPAP,-0.07991,1.003316
RNF19B,0.037648,1.003316
TSTA3,0.502288,1.003316
MT1E,0.349322,1.003303
CD109,-0.22242,1.002669
AC110373.1,-0.16326,1.002538
OXLD1,0.054478,1.002436
PCDHGA4,-0.2534,1.00239
MMP23B,-0.51317,1.002222
HIST1H2AB,0.250787,1.002222
FCGR2B,0.348085,1.002071
CPA2,0.112056,1.002071
LIPM,0.148766,1.00195
SPTSSA,0.198747,1.001447
TMPRSS2,-0.40422,1.001236
NCF4,0.311282,1.001236
PLEKHA8P1,-0.29336,1.00097
OVGP1,0.277966,1.00097
PRELID2P1,0.467711,1.00097
ZNF107,-0.2289,1.000549
PIN1,0.081234,1.000195
SMAP1,0.043283,1.000195
REP15,-0.3239,1.000044
NRSN1,-0.36414,1.000044
STK3,-0.29356,1.000044
C3orf58,-0.26367,1.000044
PGAM1P5,-0.2413,1.000044
CLEC14A,0.202763,1.000044
LTB4R2,0.099999,0.999367
ALOX5AP,0.261058,0.998889
CAPN8,-0.46102,0.998889
ALG11,-0.22479,0.998889
OR10K1,-0.36387,0.998785
AL365214.3,-0.21886,0.998668
FOXP2,-0.37181,0.998488
ZNF18,0.009348,0.998488
AC011726.1,-0.34854,0.998406
KCMF1,0.012547,0.998406
UGP2,0.055851,0.998074
ASAP1,-0.3713,0.997689
GIPC2,-0.34043,0.997672
ZNF354C,-0.22067,0.997471
AC097714.1,-0.97246,0.996955
NDUFS8,0.078839,0.996916
TRIM10,0.076948,0.995942
AL356432.4,-1.30183,0.995942
PEX5L,-0.15062,0.995942
CDC42BPB,-0.1791,0.995355
MKRN9P,-0.24481,0.995355
AC080128.1,-0.11426,0.995092
SMAP2,0.071071,0.995004
GXYLT2,-0.39209,0.994884
TRAJ30,-1.77431,0.994667
OR10H1,-0.35974,0.994309
NDP,-0.23283,0.994309
CCDC36,-0.31073,0.994309
GDPD4,-0.45941,0.99351
TTC3P1,-0.21873,0.993473
CYP46A1,-0.34373,0.993473
MICAL3,-0.19533,0.993388
C2orf40,-0.48545,0.993326
ZNF566,-0.16166,0.99327
MIF4GD,0.050068,0.99327
ARHGEF26,-0.79661,0.993025
LTBP3,-0.16472,0.993025
CHCHD2,0.112699,0.993025
MAMDC2,-0.56479,0.993025
SNTG2,-0.49098,0.993005
HIST4H4,0.154286,0.992993
SFRP1,-0.55798,0.992993
ANTXR1,-0.24718,0.992993
RASGRP2,0.037362,0.992993
AC034105.3,-0.32972,0.992992
BRD2,-0.61777,0.992739
FCF1P5,-0.51594,0.99239
RTF2,0.078806,0.99239
MPHOSPH10,0.030399,0.99239
PLEKHM3,-0.18001,0.992376
NPRL3,-0.23006,0.992125
PZP,-0.10981,0.991041
FAM47E,-0.36119,0.990458
KRTAP4-9,-0.14872,0.990023
RAPGEF4,-0.00121,0.989879
GARNL3,-0.30158,0.989757
AC087894.1,-0.47464,0.989757
CHCHD4P5,-0.59682,0.989757
SNRPB2,0.171555,0.989757
ARPC5L,0.084664,0.989554
IRAK4,0.006963,0.989376
TSLP,0.125442,0.989376
UBE2M,0.06789,0.989376
TMEM2,-0.23119,0.989376
AP005435.1,0.354002,0.989055
PAPD7,-0.24138,0.987903
ALX4,-0.16481,0.987903
MFF,0.062116,0.987903
PRKCH,-0.20476,0.987295
RPL12P39,-0.2979,0.986959
DEPTOR,-0.20735,0.98695
AC008403.1,0.634916,0.98695
SH3BGRL3,0.074331,0.98632
ANKRD13A,0.034353,0.986136
ZMYM4,-0.18765,0.986136
PLEC,-0.22472,0.986113
PSMB8,0.530897,0.98607
OR6C6,-0.19722,0.98607
HOXC6,-0.20958,0.985828
ME3,-0.39877,0.985686
MAP3K8,0.172811,0.985543
IMMP2L,-0.34589,0.985292
OAZ1,0.084981,0.984976
ABCF2,0.077185,0.984976
NMD3,-0.57442,0.984976
MIA,-0.46656,0.984976
C6orf15,0.504838,0.984849
AC104117.1,-0.16475,0.984849
YIPF1,0.035922,0.984792
UBE2FP2,-0.54294,0.984771
AC000093.1,0.261899,0.984538
LEP,-0.23816,0.984538
HYKK,-0.16939,0.984115
ZNF37BP,-0.26044,0.984115
VPS26AP1,-0.34039,0.983797
FBXL4,-0.19972,0.983398
OCSTAMP,-0.06242,0.982374
CTBP2P8,-0.38398,0.982374
HEBP1,-0.20299,0.982323
OSBP2,-0.07016,0.982323
AC006557.5,-0.23415,0.98227
BRK1,0.073655,0.982166
INTS6,-0.20634,0.981554
PDE7B,-0.20544,0.981371
DNAJC11,0.023712,0.980677
NRXN1,-0.45765,0.980575
ITGB6,0.159655,0.980575
SUMO4,-0.39189,0.980575
METTL8,0.066071,0.980575
DCLK2,-0.27001,0.980437
ADGRG1,-0.11191,0.980418
PPDPF,-0.2909,0.980364
SCFD1,0.011294,0.980252
AC010615.1,-0.2043,0.980252
CROT,0.003383,0.980252
AC021106.1,-0.28537,0.980252
ZXDB,-0.19841,0.980252
SHPRH,-0.26186,0.980109
TGOLN2,-0.18111,0.979536
ONECUT3,-0.09973,0.979536
SLC22A3,0.110714,0.978684
MRPL58,0.10235,0.978684
AC001226.2,-0.46001,0.978456
ITPRIPL2,-0.20381,0.978405
EGR2,-0.45046,0.977977
NOL3,0.018323,0.977977
AC140076.1,-0.51554,0.977977
DYNC1H1,-0.17133,0.977912
GAPDHP61,-0.33667,0.977783
ZMYND19,0.079614,0.977652
ENAM,-0.4917,0.977652
NPY6R,-0.1123,0.977551
HLA-L,-0.31289,0.977551
RPL3P6,-0.32715,0.977492
GLOD4,0.053215,0.977231
ECEL1P2,-0.19906,0.976833
RASSF6,-0.27101,0.976746
HMGB1P21,-0.26614,0.976746
COL10A1,-0.39516,0.976746
AC123767.1,-0.68128,0.976746
ZNF445,-0.17128,0.976478
BLVRA,0.092566,0.976467
ALG14,-0.21665,0.975977
AL161670.2,-0.14363,0.975977
FMR1,-1.40335,0.975564
MBD2,-0.00918,0.975105
MYO9A,-0.19967,0.975105
RIN1,0.077456,0.97506
CFAP20,0.052627,0.97506
AATF,0.030311,0.97506
LAMA4,-0.42895,0.97506
COX7C,0.132867,0.97506
RPSAP72,-0.47525,0.974094
SLAMF7,0.208242,0.974061
PLP2,0.07862,0.974061
RPL12P42,-0.3694,0.974059
PLK3,0.0634,0.973465
KANSL2,0.028259,0.973244
CUL7,-0.15526,0.972194
CLIC1,0.187135,0.972188
BRF2,0.047881,0.971453
TMEM54,0.108443,0.971213
FBXO15,-0.3985,0.971213
BUD23,0.097795,0.971102
CSNK1G3,-0.30799,0.970739
PRIM1,0.120513,0.970739
FAM122A,-0.18968,0.970739
GSG1,-0.34326,0.970739
RND3,0.131439,0.970739
DDX60L,0.108291,0.970517
SLITRK3,-0.05375,0.970517
CYTH2,0.072024,0.96989
PRELID1P3,-0.43285,0.96989
PPP1R26P1,-0.16099,0.96989
OMG,-0.45375,0.96989
AC003989.1,-0.50653,0.96989
A2M,0.179724,0.969797
MKX,0.197835,0.969777
STARD4,0.195169,0.969761
MIPOL1,-0.34439,0.968901
GPN1,0.079767,0.968233
CSMD1,-0.22854,0.968168
ZC2HC1C,-0.4146,0.967996
SMG5,0.047304,0.967996
NDUFS3,0.048819,0.967522
MLYCD,-0.1547,0.966751
KCNIP2,-0.24524,0.966472
PCDHGB6,-0.23903,0.966455
YBX1,0.070991,0.966455
GRIN2A,-0.52705,0.966299
CMTR2,0.050339,0.966253
MOCS1,-0.43053,0.965767
TBCB,0.05587,0.96555
MEIOC,-0.09156,0.96555
CCL3L3,0.265724,0.96555
LRP1B,-0.15571,0.965382
DDHD1,-0.25321,0.965382
PDE6C,-0.38259,0.965382
AL136454.1,-0.35396,0.965382
CCDC7,-0.31091,0.965143
CCNB1,0.271927,0.964935
IFT74,-0.00299,0.96441
IGHG2,-0.09091,0.96441
EEF1A1P30,-0.39272,0.964117
AL669918.1,0.559286,0.963227
MTX1,0.065065,0.963227
AL390728.2,-0.18886,0.963158
MPP2,-0.43589,0.963158
ZNF619,-0.17129,0.962975
Z98755.1,-0.3715,0.962836
XYLB,-0.30737,0.961633
TSHZ3,-0.29484,0.961533
TMEM269,-0.25619,0.961315
CYCS,0.218918,0.961003
TEDDM1,-0.2569,0.960997
BIN3,0.04046,0.960997
ROR1,-0.31578,0.960997
GPR179,-0.01964,0.960517
AKIRIN1,0.046139,0.960464
EIF4A2,-0.44302,0.960464
PCDHGA10,-0.28484,0.960464
OSBPL6,-0.20494,0.960245
TMEM200A,-0.34546,0.960174
SCAMP3,0.097064,0.960137
AC073052.1,-0.39137,0.959355
AL512593.1,-0.37848,0.959272
AC118459.2,-0.42896,0.958841
GSTT2B,-1.12557,0.958749
AL513343.1,-0.43529,0.958734
Z99496.1,-0.18919,0.958734
DIRAS1,-0.2157,0.958734
H2AFZ,0.146151,0.958734
NOP9,0.04866,0.958711
SWI5,0.117504,0.958628
SUOX,-0.26683,0.957709
PCYT1B,-0.10078,0.957709
IGDCC3,-0.20912,0.957709
SCN7A,-0.39847,0.957485
EXOSC9,0.059778,0.957485
AC079203.1,-0.4502,0.957467
UGT2B7,0.221913,0.956858
DDX25,-0.19269,0.956858
TP53INP2,-0.32278,0.9567
LAMA2,0.287685,0.9567
COPS4,0.043672,0.956596
FAM184B,-0.13936,0.95644
AC139495.3,-0.40291,0.956145
POLR2J3,0.186167,0.955504
RUNX1,-0.40027,0.955482
ANKRD20A17P,-0.28367,0.955482
FA2H,-0.7233,0.955164
OR51I2,-0.06807,0.955164
GPRIN1,0.271073,0.95452
NDUFAF8,0.167996,0.954338
PKP2,-0.38993,0.953472
SAP18,0.070987,0.953173
SRP72,0.026691,0.953173
SLC25A18,-0.43749,0.953071
SMIM32,-0.16419,0.952721
COBL,-0.27289,0.952648
NDUFS4,0.097831,0.95225
HNRNPA1P27,0.200414,0.951815
RGS13,-0.28065,0.951594
RPGR,0.046844,0.951471
FAM227B,-0.30494,0.951471
RPSAP50,-0.15489,0.950922
IRX6,-0.51323,0.950922
AMPD3,0.027385,0.950886
PLEKHA6,-0.13943,0.950886
RMND1,-0.16695,0.950886
ATP7B,-0.21211,0.950829
EXOSC5,0.045229,0.95075
TRAF5,-0.25572,0.95075
NPM1P27,-0.31193,0.950508
AAED1,0.119635,0.9504
AC007040.2,-0.33779,0.950377
PPP2R5E,-0.17586,0.950377
VPS13C,-0.34559,0.950377
TMEM182,-0.47116,0.950291
PHF21A,-0.24731,0.949954
TUSC5,-0.08812,0.949872
AC098827.1,-0.35979,0.949499
ABCG5,-0.15157,0.949499
CCT6A,0.05943,0.949185
TNFSF10,0.151459,0.948821
MT-ND2,-0.68409,0.948292
SBNO2,0.123677,0.948264
GGCX,-0.04016,0.948187
EPDR1,-0.23657,0.948187
PSMD11,-0.01957,0.947655
PI4KA,-0.15365,0.947594
PGR,-0.18168,0.947271
XPO7,-0.19483,0.94688
TAB2,-0.21872,0.94688
NCCRP1,0.10192,0.946289
PSME4,-0.27559,0.946173
TRPM3,-0.15483,0.946092
DDX23,-0.01877,0.946055
STK33P1,-0.35272,0.945686
RXFP4,-0.12036,0.945271
BCL7B,0.025727,0.945258
DENR,0.051048,0.945181
SULT1C2P1,-0.31386,0.945181
PRC1,0.108662,0.944969
KRT42P,0.20334,0.944927
B3GNT2,0.083077,0.944927
CC2D2B,-0.42849,0.94382
CMAS,0.059584,0.943391
ABCA11P,-0.29313,0.943003
SNX18P1Y,-0.60475,0.942391
MPP5,-0.18152,0.942021
HAPLN1,-0.14081,0.942021
HAPLN3,0.236506,0.941597
ZFP28,-0.18266,0.941597
PRSS51,-0.27181,0.94156
ACSM2A,-0.35231,0.94156
SRCIN1,-0.19972,0.941156
LAMTOR5,0.12916,0.941156
YARS,0.00271,0.941066
KIAA1841,-0.24212,0.940274
LPP,-0.26543,0.940274
CPT1C,0.059317,0.939984
CDK1,0.128913,0.939984
FAM9C,-0.134,0.939899
CHST14,-0.18034,0.939441
MKL1,-0.19193,0.93885
GBF1,-0.19383,0.93885
PEX11A,-0.32381,0.93885
PDIA4,0.042273,0.938824
DBR1,-0.00241,0.938824
AC106886.5,-0.22702,0.936446
SMAD4,-0.10699,0.936242
DNAJC25,0.084185,0.935926
FIBP,0.057588,0.935898
GOLGA2P5,-0.31428,0.935845
AC079781.3,-0.41215,0.935553
TMEM178B,-0.1257,0.93551
FGD3,0.118,0.935473
ZNF583,-0.1785,0.935176
LAMTOR1,0.029855,0.934209
AHCTF1,-0.1639,0.934209
GATM,-0.29835,0.934071
DACT3,-0.22387,0.933938
RIMS3,0.165607,0.933938
AL355355.1,-0.3253,0.933938
MTFMT,0.060204,0.933938
TMEM251,0.085337,0.933703
CAMP,0.229727,0.933359
ATP1A4,-0.15603,0.93325
SEC14L3,-0.2553,0.93325
HES6,0.121167,0.933246
CASQ2,-0.30336,0.933171
SERAC1,-0.20783,0.932259
TCEAL3,0.118143,0.932047
MT-ND6,-0.62056,0.932047
DUS4L,-0.03987,0.931889
AC010655.3,-0.42861,0.931596
PHBP19,-0.38418,0.931596
FOCAD,-0.2962,0.931596
PAQR6,0.263329,0.931596
CSF2RB,0.135695,0.931596
DPM3,0.171995,0.931596
CCL16,-0.29708,0.931596
TSPAN10,-0.26351,0.931302
RELL2,0.165372,0.931042
EIF4EBP2,-0.15842,0.930746
CPLX3,0.115887,0.930092
AL713922.2,-0.42793,0.930092
ELMSAN1,-0.22094,0.930007
SCTR,-0.34686,0.929444
AK3P5,-0.38248,0.929343
AC005086.4,-0.40329,0.92932
ISCA1,0.063495,0.929125
CA13,-0.22262,0.928298
MAPK6PS3,-0.26046,0.92822
SIPA1L2,0.098115,0.92822
AURKA,0.145561,0.928013
MMRN2,0.078684,0.927784
SDHAF2,0.012863,0.927784
EP400P1,-0.13897,0.927784
NEFH,-0.09074,0.92768
DUSP16,-0.16312,0.927562
YOD1,0.208199,0.927562
AL122013.1,-0.26497,0.927544
CTH,-0.36841,0.927544
PSMB9,0.521501,0.927118
WIPF2,-0.3653,0.926977
COL28A1,-0.25179,0.926842
TNXB,-0.04645,0.926842
AC099560.2,0.554676,0.926842
PHLDB2,0.100425,0.926842
AC234301.1,-0.60332,0.926842
DUS3L,0.099572,0.926842
CRACR2A,-0.4123,0.92644
PHF11,0.021814,0.926068
ZNF568,-0.14042,0.925849
MTND5P26,-0.18106,0.925795
RAPGEF5,-0.36809,0.9257
CLTB,0.117589,0.925358
RPS14P8,-0.47271,0.925348
PSMC1P7,-0.19385,0.925008
FGL1,-0.08033,0.925008
SAMD15,0.028314,0.925008
TRIM7,0.16996,0.925008
KLHL32,-0.12632,0.925008
VWA5B1,-0.12551,0.924878
OR5P4P,-0.47361,0.924878
LRRC15,-0.6426,0.924878
LRRC36,-0.28027,0.924878
UQCRH,0.10345,0.924515
SUCLG1,0.067028,0.924515
C6orf136,0.170927,0.924085
C1QTNF6,-0.30754,0.92288
SLC44A4,-0.22115,0.92288
EZH2,0.039842,0.922432
HSPA7,-0.41,0.922432
AC008417.1,-0.43994,0.922432
PNPT1,0.100461,0.922432
MAST2,-0.27783,0.922397
TRIM56,-0.27774,0.922128
ZNF883,-0.32969,0.922128
SEMA3A,0.233518,0.921816
C3orf14,0.244118,0.921067
ZNF454,-0.27313,0.920702
ARFGAP2,0.046703,0.920702
ZW10,0.056182,0.920702
ANKRD7,-0.10466,0.92068
INO80C,-0.28322,0.920637
HOXD11,-0.33145,0.920541
AL110118.2,-0.55473,0.920086
PPIAP51,-0.59526,0.920086
CRACR2B,-0.54795,0.920086
COMMD2,0.085183,0.920086
ATAD3C,-1.20418,0.920086
TMEM160,0.150813,0.919571
FER1L4,-0.40468,0.918694
ALG1L,0.385846,0.918148
ZNF417,-0.20754,0.918115
ZNF611,-0.25057,0.918115
TBC1D4,-0.21855,0.917651
PCDHA3,-0.05112,0.917473
CSGALNACT2,0.052588,0.917335
IGHV1-3,-0.53034,0.917181
EIF5,0.160051,0.917181
RPN1,0.065008,0.916657
AC119674.2,-0.20273,0.916498
PTCHD4,-0.15918,0.916498
ATP5F1B,0.051318,0.916498
STEAP1B,0.246487,0.916086
RPL6P2,-0.40469,0.916086
TYW1,0.051608,0.915867
HLA-DRB1,1.78046,0.915725
SERPINA1,0.335883,0.915515
OTUB1,0.056872,0.915515
AC083899.2,-0.3165,0.915087
AC105129.1,-0.57824,0.915087
SPRYD7,0.101931,0.915087
MRPS10,0.069195,0.915087
HTRA2,0.028986,0.915087
TTC7B,-0.13258,0.915087
HLA-F,0.544865,0.914577
MRPL44,0.062643,0.914525
AC099328.1,-0.25348,0.914525
RICTOR,-0.23145,0.914525
PXYLP1,-0.18961,0.914474
DDX10P1,-0.22326,0.914388
FAM192A,0.018398,0.914287
PARD3B,-0.30532,0.914112
MTND1P11,-0.30087,0.914031
KAZALD1,-0.23933,0.913221
EIF3G,0.068886,0.913181
KLHL17,0.138264,0.912523
YEATS4,0.165437,0.91238
KNDC1,-0.24044,0.911752
CLLU1OS,0.235737,0.911595
SSBP3,-0.16654,0.911595
ADCY7,-0.2165,0.910821
LINC00674,-0.07452,0.91055
IPO8,-0.25276,0.91015
CENPC,-0.20425,0.91015
TMEM185B,0.048907,0.910094
C4B,-0.08286,0.910094
UBE2L3,0.049298,0.909883
GLYATL1P4,-0.26716,0.909883
FILIP1L,-0.29184,0.90902
CASKIN2,-0.27235,0.908226
OR8B9P,-0.10515,0.908226
TMIGD3,0.190909,0.908226
AP004607.4,0.099769,0.907959
MPV17L2,0.079792,0.90791
SCN3A,-0.20021,0.90791
CHRNA1,-0.2249,0.907442
MRPS18B,0.034363,0.90719
RAB25,0.08139,0.907116
TMCO1,0.115646,0.907116
ANKRD20A8P,-0.24971,0.907031
TCAP,-0.05835,0.906967
PYM1,0.108932,0.906793
RPL10AP1,-0.34397,0.906658
UCP2,-0.32801,0.906404
EAPP,0.12093,0.906232
SLC24A4,-0.12406,0.90612
PPCS,0.056471,0.906036
SOX13,-0.36174,0.90596
C6orf10,-0.22838,0.905791
HEATR4,-0.4319,0.905648
TUBA1B,0.105528,0.905642
OS9,0.041584,0.905642
AC104692.2,-0.6316,0.905634
AL390879.1,-0.28399,0.905634
ASAP2,-0.20738,0.905554
PLRG1,0.104803,0.905467
AC079905.2,-0.7652,0.905467
CLPB,-0.06544,0.905467
MICB,-0.22157,0.905278
UBFD1,-0.03695,0.90487
SMC1A,-0.24157,0.90487
PLAA,0.000698,0.904832
GSE1,-0.30453,0.904681
AC079414.2,-0.31056,0.904681
OR8B7P,-0.15504,0.904681
ZNF506,-0.15609,0.904681
AC073358.1,-0.34708,0.904681
CRYBG3,-0.25207,0.90458
JPT1,0.143013,0.90458
NIP7P3,-0.46518,0.904452
FRG2C,-0.18664,0.904202
TNXB,-0.66416,0.904166
DKC1,0.044516,0.903724
EXPH5,-0.18255,0.903489
IRF7,0.365678,0.903326
ADAMTSL3,-0.39361,0.903326
SLC35F4,-0.28057,0.903326
RPL17P25,-0.28386,0.903151
TRIM16,0.0297,0.903098
AIMP1P1,-0.35784,0.902707
FGF1,-0.23937,0.902693
ARHGAP24,-0.36817,0.902693
BCAS2,0.109041,0.902693
COG4,0.071375,0.902693
XKRX,0.119864,0.901899
FCHO1,0.036552,0.901287
MAPKAPK2,0.029259,0.901223
PRMT2,0.04688,0.900883
SLC16A1,0.124911,0.900636
TAGLN2,0.088477,0.900525
ESR2,-0.30705,0.900409
TIMMDC1,0.055678,0.900409
ZPBP2,-0.24892,0.900409
RND1,-0.37072,0.900145
OR6M2P,-0.1965,0.899939
BNIP1,0.116208,0.899572
USP24,-0.15884,0.899422
NPM1P29,-0.3829,0.899386
PCBP2P1,-0.28293,0.899103
CASP14,-0.30495,0.899103
AMZ2,0.046695,0.899103
MOSPD2,-0.31457,0.898796
CDCA4P1,-0.39497,0.898365
SPERT,0.167635,0.898365
CFAP69,-0.26645,0.898151
OR5AU1,-0.14113,0.898144
CFAP221,-0.30843,0.897842
CSRNP1,0.122557,0.897671
ABO,0.031515,0.897569
PSMC5,0.044285,0.897569
TCF23,-0.17208,0.897553
C5orf46,0.278494,0.897553
ZNF662,0.035538,0.897553
CLEC2A,0.125804,0.897553
CCDC152,-0.18067,0.897553
MTCO3P2,-0.66188,0.897553
C21orf62,-0.17702,0.897553
WIZ,-0.22871,0.897362
EPHB4,0.031607,0.897182
AL023775.1,-0.09742,0.895866
DVL3,-0.147,0.895866
P4HB,0.04603,0.895866
TRAFD1,0.033503,0.895859
FAM126A,-0.22224,0.895832
CERK,0.081554,0.895832
OR52A1,-0.14687,0.895832
ZNF236,-0.23121,0.895832
PSMG2,0.072551,0.895832
MTND2P12,-0.1973,0.895832
ANXA2,0.060584,0.895815
ZC3H13,-0.15625,0.895815
TRIM48,0.796745,0.895815
HIP1R,0.126661,0.895724
SARDH,-0.18934,0.895539
ARF5,0.08544,0.895409
ATP5MGL,-0.35509,0.895216
AC084824.1,-0.29341,0.895216
CASTOR2,-0.29919,0.895216
ZNF23,0.078287,0.895203
LAS1L,0.055486,0.894999
AC116565.1,-0.30139,0.894763
KLB,-0.15913,0.894409
LRRC34,-0.29144,0.894048
AL445991.1,-0.42018,0.89393
EIF4EBP1,0.149179,0.893789
DACH2,-0.04515,0.893024
ARHGAP23,-0.29007,0.893024
NFE4,-0.28188,0.893024
MTND2P28,-0.7883,0.893024
FLOT1,-0.50248,0.893024
VARS2,-0.22138,0.892524
HARS2,0.015829,0.892524
AVEN,0.054259,0.892524
ABRACL,0.165052,0.892334
ZPR1,-0.0191,0.892334
PURG,-0.072,0.892334
TUBB8P11,-0.12199,0.892317
COL5A3,-0.21059,0.89224
CNNM4,0.080411,0.891664
FAM126B,-0.23556,0.891664
UBXN1,0.061075,0.890598
GRAMD1B,-0.16923,0.888606
NR2E3,-0.14305,0.888606
TMEM41A,-0.19472,0.888374
DARS,0.058326,0.888128
EPHX1,-0.24799,0.888112
CDK6,-0.24204,0.887879
TOMM22,0.032277,0.887703
IQCJ,-0.36918,0.887375
MYO7B,0.325476,0.8873
BEND3,-0.15206,0.886791
AC091390.1,-0.63128,0.886321
ZBTB8A,-0.25226,0.886309
PTPRE,0.025685,0.886236
C17orf75,0.043117,0.886236
DRAP1,0.097611,0.886236
CCDC124,0.078391,0.886236
CARD14,0.137548,0.886236
HSPD1P16,-0.34625,0.886236
IER5L,0.109959,0.885951
RANBP6,0.122466,0.885927
PLS1,0.056395,0.885534
ZNF415,-0.29627,0.884961
BMP4,0.119013,0.88424
AGO1,-0.16068,0.88344
CDC26,0.0705,0.883022
RAB11B,-0.30225,0.882829
FBRS,-0.15977,0.882548
AL136981.1,-0.57894,0.882353
AKAP5,-0.26816,0.882216
MEA1,0.112466,0.882126
DZIP1,-0.37374,0.882126
FAM169A,0.084947,0.882126
HDDC3,0.079222,0.882126
TFP1,-0.33363,0.881752
HNRNPD,-0.26758,0.881635
LARP7,0.041914,0.881479
ANKRD20A3,-0.32009,0.881449
TUBBP9,-0.10957,0.881373
AIG1P1,-0.93038,0.881373
COX8A,0.123305,0.881373
LELP1,-0.37649,0.881082
BANF1P4,-0.68323,0.881082
CIC,-0.22609,0.8808
ANGPTL3,-0.52089,0.88077
EN1,-0.30364,0.88077
MRPL32,0.074078,0.880698
CASP12,-0.17107,0.879527
CAMKMT,-0.2967,0.878678
LDLRAD1,-0.12977,0.878678
S100A4,0.195513,0.878329
AL022722.1,-0.37731,0.878329
CCL23,0.289902,0.878262
MAEA,-0.06307,0.87808
FGD1,-0.18614,0.877673
PTGES3P1,0.226302,0.877544
STK16,0.027537,0.877079
NUP37,0.003952,0.876844
ATP6V1H,0.005617,0.876844
CALM2,0.102593,0.87645
HNRNPA1P29,-0.14383,0.875773
RNF227,0.106291,0.875659
TPI1P4,-0.52952,0.875648
KLF7P1,-0.12607,0.875473
IGLV1-51,-0.52117,0.874606
LASP1,-0.17277,0.874606
NAPRT,0.150946,0.873889
PKD2,-0.23093,0.873762
CHUK,0.007851,0.873346
LRRTM4,-0.51812,0.873114
IL1R1,-0.19093,0.873114
TVP23A,-0.27712,0.873087
CCDC69,-0.05136,0.872752
MRPL11,0.087807,0.872752
PHF14,-0.27221,0.872752
MFSD14C,-0.29546,0.872696
AL606490.8,-0.623,0.872696
ZNF683,-0.11999,0.872236
CALM1,0.163799,0.872236
SKINT1L,-0.52971,0.871705
ZNF891,-0.19564,0.871705
LGALS7,0.919723,0.871272
SLC27A6,-0.39459,0.871092
ECT2L,-0.24417,0.870971
C4orf3,0.120261,0.870824
STARD10,0.081873,0.870802
AC092910.1,-0.38085,0.870794
CHCHD2P11,-0.30161,0.8705040000000001
ERVW-1,-0.404,0.870486
NDUFA8,0.100948,0.869479
RNF11P2,-0.37459,0.869479
ATRAID,0.060824,0.869418
C14orf180,-0.12209,0.869299
SFXN4,0.222315,0.868892
MELTF,-0.57651,0.868798
TFF2,-0.3329,0.867325
OR5AN1,-0.18945,0.867127
PCDHA4,-0.26556,0.867058
CEACAM1,-0.35993,0.867058
TCERG1L,0.311375,0.866391
UTS2,-0.10159,0.866391
SMPDL3B,-0.22961,0.866391
XK,0.113736,0.866261
ANKRD49,0.089743,0.866185
HTN1,-0.24651,0.866139
UBAP1,0.004388,0.865944
TULP4,-0.15686,0.865876
HIST1H2BD,0.156715,0.865867
COG8,-0.18459,0.865785
AL158801.1,-0.52302,0.865785
SELL,0.075488,0.865725
ARL4AP1,-0.44681,0.865505
MTCYBP3,-0.17222,0.864915
AL357054.1,-0.28386,0.864915
ADGRF1,0.561296,0.864915
PCGF2,-0.46577,0.864915
KRT8P3,-0.22286,0.864562
ID1,0.227326,0.86448
LAG3,0.113103,0.864198
C15orf41,-0.33937,0.864198
DUX4L50,0.181976,0.864198
ANKUB1,-0.31597,0.864198
GPATCH2,-0.30273,0.864198
RPL26P26,-0.32803,0.863588
DHX32,0.04785,0.863277
CNEP1R1,0.043794,0.862096
AKNA,-0.35232,0.861748
METAP1,-0.05653,0.861104
RBM43,-0.18596,0.861104
IFRD2,0.224918,0.860722
KIAA0825,-0.24333,0.860722
NBAS,-0.29861,0.860671
BLOC1S1,0.088877,0.860532
MAGED2,0.115325,0.859945
RPL37P18,-0.66631,0.859933
VRK3,-0.29981,0.859933
COX7B2,-0.26326,0.859224
RPL37P23,-0.58734,0.859111
EEPD1,-0.11586,0.85911
GTPBP4,0.038262,0.85911
WFS1,-0.23969,0.85911
ZNF638,-0.24487,0.85911
ZNF529,-0.24647,0.85911
EEF1E1,0.05923,0.85911
CATSPERB,-0.40878,0.859022
UPF3AP2,0.105442,0.858579
CCDC137,0.151213,0.858552
DNPH1,0.123218,0.858313
TRPM1,-0.36787,0.857826
TTC39C,-0.15092,0.857583
AC147055.2,-0.34667,0.857583
SMIM34B,0.298924,0.857583
CIDEC,-0.55343,0.85752
OR6L2P,-0.26975,0.85752
CDC20B,-0.27041,0.857384
MRPL57,0.069842,0.857204
STX8,-0.02564,0.857152
SLC35C1,-0.22187,0.857152
CKAP5,-0.07899,0.857152
CHN2,-0.3689,0.857152
XRN2,0.039614,0.857129
CTSH,0.205857,0.857129
SPG11,-0.15116,0.857129
AL591438.2,-0.38339,0.857129
ZFHX4,-0.25669,0.857129
ACOX2,-0.62697,0.857129
SERPINE1,0.165156,0.857129
CLASRP,0.105567,0.857129
XKR5,-0.12676,0.856719
CDK11B,0.100229,0.856317
RAB9A,0.099786,0.856091
RCE1,0.032201,0.855832
ATG101,0.058461,0.855703
OR9I3P,-0.20413,0.855504
TAF4,-0.26099,0.855415
CLEC4GP1,-0.31853,0.855412
METTL26,0.073486,0.855163
EXOC7,0.006587,0.854385
RPL31P20,-0.63753,0.85434
CASC10,-0.61585,0.85434
AC092691.2,-0.2051,0.85434
PARP2,0.045055,0.85434
IL2RB,-0.43612,0.853862
GAS2L2,0.094958,0.853831
XAGE5,-0.20113,0.853731
SMPDL3A,0.092868,0.853271
COMTD1,0.095022,0.852428
HMGB2,0.139838,0.852243
C4orf50,-0.02871,0.852151
CASD1,-0.16373,0.852151
TOMM6,0.112873,0.852018
SLIT2,-0.39441,0.851937
AL160269.1,-0.29523,0.851937
ORMDL1,0.129476,0.851937
GAPDHP51,-0.17227,0.851836
USP54,-0.17959,0.851802
CCDC59,0.115509,0.851802
TSNAX,0.178472,0.851802
PLAGL1,-0.28881,0.851737
REXO1L1P,-0.20559,0.851737
SHISA5,0.096574,0.851737
LRP1,-0.31586,0.851737
GBP3,0.216554,0.851464
MKLN1,-0.21098,0.851464
RPL29P19,-0.29031,0.851464
EXOSC1,0.031615,0.851464
PYDC1,0.296183,0.851464
AL356057.1,-0.36319,0.850521
PDCD6IPP2,-0.50626,0.850451
SLC43A2,-0.2432,0.850223
PCBP3,-0.32325,0.849963
GPX2,0.185207,0.849963
HOOK2,-0.73357,0.849963
FHL1,-0.27359,0.849468
AC005041.1,-0.21019,0.849458
ERICH6B,-0.36307,0.848983
SF3A3,-0.01327,0.848983
CDRT15,-0.36341,0.848983
RNF114,-0.00472,0.848983
CDC42,0.094397,0.848983
METTL9,-0.3657,0.848983
ZNF670-ZNF695,-0.3703,0.8487
DNAJC9,0.049203,0.8487
AL591479.1,0.223205,0.8487
TBX19,-0.25415,0.848677
PAF1,0.069386,0.848677
ZRANB1,0.045801,0.848497
DDX18P5,-0.30194,0.848497
AXDND1,-0.51082,0.848281
LIPI,-0.13978,0.848167
OR1A1,-0.36319,0.847598
GFOD2,0.074074,0.847541
BMPR1APS1,-0.11104,0.847084
ADAMTS12,-0.28089,0.847084
CAMK2G,-0.0076,0.846904
DSEL,-0.26037,0.846651
AL592429.1,-0.08466,0.846651
MRPS34,0.034762,0.846581
LIPA,0.10398,0.846581
AC093663.2,-0.64225,0.846581
AL139039.2,-0.33762,0.846581
AL354794.2,-0.19235,0.846581
ATP5PDP4,-0.49628,0.846581
AL589655.1,-0.51913,0.846365
SLC7A6OS,-0.02876,0.846365
C3orf18,-0.21721,0.846365
SERPINE3,-0.33653,0.846365
PRDX5,0.121018,0.846319
RHOD,0.098299,0.846319
AC099336.1,-0.2456,0.846161
IDE,0.180486,0.845918
THSD4,-0.39008,0.845918
RUBCN,-0.1997,0.845918
NUMBL,-0.30935,0.84584
USP49,-0.31642,0.845631
TNS1,-0.42864,0.845631
GRK6P1,-0.13592,0.845245
SYT16,-0.07003,0.845046
AGO2,-0.18123,0.845044
AC092835.1,-0.22526,0.844512
C2,0.311162,0.844407
KMT2B,-0.25344,0.844407
PPP1R1B,-0.41463,0.844407
SLC5A12,-0.30703,0.844407
OR52E4,-0.27483,0.844407
EAF1,0.050403,0.844407
ZMAT2,0.105339,0.844407
OTUD4,-0.2823,0.844407
AP004247.1,-0.13448,0.844273
AL139010.1,-0.20403,0.844273
TMPRSS3,-0.08507,0.843292
CYB5RL,-0.23063,0.843052
PRAMEF17,-0.08007,0.842683
CECR2,-0.31293,0.842434
COL4A3BP,-0.15595,0.842434
ASIC4,-0.12614,0.842434
EIF5A,0.101959,0.842409
AP000580.1,-0.49911,0.842091
TMEM222,0.058075,0.841853
AL137222.1,-0.13478,0.841728
SULT2A1,-0.17585,0.841728
CSAG3,0.191247,0.841695
ANKRD2,0.335306,0.841695
ZBED2,0.279459,0.841425
TEN1,0.065124,0.840052
CD68,0.134945,0.840009
SDCBPP1,-0.18665,0.840009
ZNF853,-0.19643,0.840009
AC063976.2,-0.22364,0.839835
LDB2,-0.63184,0.839224
VSIG10L2,0.277246,0.839224
CLN8,-0.01263,0.839164
ADCY1,-0.0769,0.83903
MYH15,0.197893,0.83903
SGK1,0.149896,0.83903
CPNE4,-0.1089,0.83903
SERBP1P6,-0.3154,0.83903
ZNF626,-0.24171,0.839029
PLAC1,0.254315,0.839029
GBAP1,0.267144,0.838867
ANXA1,0.111361,0.838405
PXDNL,-0.09786,0.838387
SLC19A2,0.098675,0.837794
PES1P2,-0.14569,0.837591
CKS1B,0.100803,0.837591
EEF1GP5,-0.09977,0.837525
RTKN2,-0.30098,0.837518
AC010285.2,-0.1774,0.836485
DSE,-0.20418,0.836485
RAD51D,-0.15174,0.836485
CDCP1,-0.15488,0.836472
KDM5A,-0.15187,0.836415
SGCB,-0.23637,0.836352
KAT6B,-0.1946,0.83634
PARK7,0.070857,0.83634
ARHGEF10,-0.27489,0.836201
TAS2R5,-0.30929,0.836093
AARD,-0.3583,0.835066
CAPN6,-0.14566,0.835066
ERMP1,-0.20047,0.834646
THOC6,0.110196,0.833539
CIAO1,0.002976,0.833343
PHF3,-0.22896,0.832878
LCN12,-0.35706,0.832878
BRINP2,0.075582,0.832877
TBCAP2,-0.5722,0.832697
FAAHP1,0.294907,0.832692
POLN,-0.21188,0.832692
XPNPEP1,-0.03514,0.832666
ALK,-0.36628,0.832417
YIPF5,0.060842,0.832354
GTF3C4,-0.17773,0.832065
NXPE2,-0.14955,0.832013
BTBD1,-0.09326,0.832013
ASTN1,0.124286,0.832013
SLC15A4,-0.02829,0.832013
TBL1X,-0.30043,0.831807
ELL,-0.00778,0.831681
SULF2,0.123335,0.831506
AC023271.1,-0.31281,0.831464
RHOA,0.047767,0.831464
ZKSCAN7,-0.25723,0.831327
BNIP3P37,-0.31999,0.831327
TFDP1,0.025765,0.831327
SNAPC1,0.054539,0.831034
EN2,0.099013,0.831034
VPS37B,0.014988,0.831012
AP005660.1,-0.4385,0.830963
CCNQ,0.084404,0.830963
TPST2,-0.02876,0.830963
GFRA1,-0.44195,0.830963
MANEAL,-0.2861,0.830963
SLC44A3,-0.27757,0.83074
CD248,-0.40203,0.830016
AC022690.1,-0.3946,0.82974
OXTR,-0.19066,0.82947
BUB3,0.040549,0.829422
TUBA4B,0.168609,0.829138
RNF26,-0.20912,0.829138
DRAM2,-0.02403,0.829138
PDCD10,0.043458,0.829138
TRPT1,0.051791,0.829138
VCAM1,0.207166,0.829138
TPRKB,0.118034,0.82907
BNIP3L,0.133538,0.828754
DLSTP1,-0.25707,0.828753
DPY19L2P1,-0.20641,0.828753
CRNN,-0.33656,0.828753
GLCE,-0.23035,0.828753
H3F3AP2,-0.27806,0.828197
HERC2,-0.21261,0.82815
NEBL,-0.25403,0.827951
UTP3,0.042121,0.827951
STAB2,-0.08972,0.827951
KPNA5,0.004427,0.827771
SMYD5,0.07186,0.827756
VPS33B,0.049699,0.82697
KRT18P15,-0.19014,0.826702
OR2L2,-0.27566,0.825491
DCP1B,0.204591,0.825491
ACBD7,-0.32061,0.825211
SEC24D,-0.28201,0.825184
CEP164P1,-0.36929,0.82496
AC068714.1,-0.20898,0.8249
BCCIP,0.063578,0.8249
DLG4,-0.25893,0.824651
AC004840.1,-0.32024,0.824482
AC023794.5,-0.4154,0.824448
KIF26A,-0.20122,0.824261
DMD,-0.30264,0.824207
CPD,-0.19946,0.824207
TXNL4A,0.081227,0.82403
USP5,0.084683,0.823746
AL512326.1,-0.28733,0.823246
TMCO5A,-0.28545,0.823183
RAD51B,-0.32111,0.82301
SYMPK,-0.23402,0.822925
IDH3G,0.017113,0.822405
RNF44,-0.18379,0.822405
ZNF804A,0.066559,0.822301
PIN4P1,0.398468,0.82212
SLC11A1,-0.43581,0.82212
RSU1,0.055755,0.822025
PDZD2,-0.22975,0.821261
AC092656.1,-0.36583,0.821228
BCLAF3,-0.19826,0.820788
MICU2,0.04553,0.820553
RHEB,0.017096,0.820553
C12orf75,0.098805,0.819545
CRYAB,0.142284,0.819532
RBM22,0.008214,0.819422
UBE3A,-0.2027,0.81935
VSIG10,-0.01373,0.818831
AC114490.2,0.153159,0.818785
RPL12P24,-0.29183,0.818785
TARS2,0.052964,0.818785
OBP2A,-0.23213,0.81871
KLHDC1,-0.19136,0.818591
CXCL11,0.94589,0.818591
ACTL6A,0.017439,0.818518
HAX1,0.065916,0.818036
HSP90AB4P,-0.24357,0.817475
RARRES3,0.288546,0.817086
IBA57,-0.008,0.817086
ZKSCAN3,-0.17727,0.817018
COPB2,0.014278,0.816692
R3HCC1L,0.016941,0.816692
TAGLN,0.297527,0.816692
CPLX2,-0.13983,0.816692
SAMD3,-0.2851,0.816692
PTRHD1,0.096154,0.816576
TPM2,0.375562,0.816576
KIF13B,-0.19125,0.816576
HPSE,0.39592,0.816509
SIPA1L3,-0.11482,0.816509
HNRNPH2,0.097779,0.816509
PKD1L2,-0.29471,0.816082
CCND1,-0.20419,0.816034
CR382285.1,-0.39404,0.815517
SLCO4C1,-0.46493,0.81548
JKAMP,0.012821,0.815336
CBR3,0.114761,0.815336
OGG1,-0.16349,0.815246
PLIN4,-0.62737,0.815216
AIMP1,0.077871,0.815216
AZIN2,-0.1768,0.815216
MUC3A,-0.0073,0.815216
TMEM170A,-0.10076,0.815216
LANCL2,0.121053,0.815013
FBXO11,-0.15673,0.813947
CBFA2T3,-0.10621,0.813284
ZNF672,0.039661,0.811776
MTMR9LP,-0.27633,0.811729
FOXO6,-0.21544,0.811729
LRRC3,-0.16905,0.811729
NPC2,0.111062,0.811648
NARSP2,-0.41825,0.811557
RBP4,-0.40436,0.811508
SH3TC2,-0.33687,0.811081
TLX2,-0.10885,0.810893
NDUFB4P2,-0.50224,0.810589
THYN1,0.072381,0.810458
UQCRC1,0.026387,0.810385
PCDHB2,0.21585,0.810385
OR56A1,-0.20724,0.810385
GAPDHP47,-0.20842,0.810198
CALR,0.089694,0.810198
MARK2P13,-0.14804,0.81005
SCAF11,-0.19549,0.81005
AC074141.1,-0.23557,0.81005
FMO5,-0.28374,0.81005
UBR5,-0.16415,0.81005
AC097358.1,-0.24404,0.809814
ERHP2,-0.60358,0.809814
ZNF781,-0.18629,0.809814
RNF207,-0.30603,0.809744
NMRAL1,0.023599,0.809697
AC009779.7,-0.09631,0.809565
FOLR2,0.273822,0.809505
RPGRIP1L,-0.22047,0.809476
IDO1,-0.01593,0.809476
HES2,0.084949,0.809476
HIST3H3,-0.26918,0.809205
ANKRD36,-0.40738,0.809144
CLEC4D,0.083411,0.809083
NDUFS7,0.064393,0.80883
OTUD4P1,-0.11797,0.808765
PIP4P1,0.032987,0.808765
OR51B5,-0.25916,0.808765
FPR3,0.216511,0.808765
EMC1,-0.09536,0.808509
AC011242.1,-0.16657,0.808367
EPS15L1,-0.15399,0.808262
ATP6V0B,0.059358,0.808073
KIAA1614,-0.20199,0.808073
HOMER3,0.095935,0.808073
ELOA3,-0.30189,0.807092
MT1H,0.308201,0.807092
OR51L1,-0.19601,0.806827
DCLRE1C,-0.28107,0.806827
DDR1,1.450686,0.806717
UBE2Q2,0.04844,0.806717
STX10,0.046107,0.806337
PGBD2,-0.17621,0.806302
ENTPD3,0.06748,0.806302
NIP7,0.068401,0.806302
TMEM147,0.104183,0.806302
DGCR6L,0.086234,0.806144
CIR1,0.031252,0.806033
KLK2,-0.38882,0.805391
PRRC2A,-0.56218,0.805128
PTPRR,0.127935,0.805128
MRM2,0.045844,0.805128
ERVFRD-1,-0.27301,0.805108
C6,-0.27754,0.805108
RDH12,0.106174,0.80498
CCDC25,0.048974,0.80498
METAP2,0.015435,0.804975
LYPD1,0.164658,0.804975
AC275401.1,-0.62963,0.804975
LPIN1,-0.57799,0.804432
COL14A1,-0.46175,0.804432
YBX1P7,-0.3006,0.804432
BMPR2,-0.18568,0.804432
LRRC66,-0.08313,0.804432
LECT2,-0.37662,0.804432
FBXW9,0.107278,0.804432
LPL,-0.34338,0.804289
GABRP,-0.42178,0.804143
TRIO,-0.53164,0.804124
LINC00854,-0.30832,0.803952
DNAJC18,-0.22918,0.803952
EEF1A1P29,-0.20937,0.803465
SPP2,-0.55366,0.803465
EPHA5,-0.11965,0.803465
WASHC1,0.141416,0.803465
SOCS2,-0.11058,0.803465
DCP1A,-0.21776,0.803465
DNAJB12,0.006004,0.803388
VN2R9P,-0.10898,0.803199
ICOS,0.120812,0.803199
AC245100.2,-0.24164,0.803199
NBEAL1,-0.20221,0.803199
SCG3,-0.24291,0.802931
OSBP,-0.1651,0.802834
MMP19,-0.19451,0.802394
TMEM132B,-0.24879,0.802143
RORB,-0.1031,0.801826
CUL1,0.003509,0.801786
PDIA3,0.085901,0.801786
LAIR1,-0.16702,0.801656
MAK16,0.050951,0.801018
C1orf127,-0.12647,0.800638
IQCM,-0.41292,0.800638
RANP4,-0.32415,0.800445
MTND4P35,-0.10766,0.800404
KYAT3,0.073001,0.800246
ADGB,-0.25119,0.7997
AC024270.1,-0.43993,0.7997
UBAP2L,-0.13245,0.799665
SNAP23,0.029847,0.798425
STOM,0.099194,0.798159
MTND1P32,-0.2391,0.797864
PIWIL4,-0.31502,0.797765
C12orf65,-0.22423,0.797531
VWF,0.199419,0.797531
USP29,-0.37466,0.797531
ZNF75A,-0.24404,0.797382
AC092658.1,-0.27455,0.797308
ARR3,-0.33101,0.797288
CARD16,0.201501,0.797125
IGHMBP2,-0.45345,0.796721
MRGPRX2,-0.25136,0.796619
AC010642.1,-0.14408,0.796619
CCDC85C,0.000881,0.79652
PLXNC1,-0.29834,0.796508
CYP2C18,0.16463,0.796508
AC270276.2,-0.84581,0.796508
PLBD2,-0.20976,0.796026
OR55B1P,-0.25395,0.796026
AP2B1,-0.22353,0.796026
NDUFAF6,-0.00336,0.795344
KBTBD7,-0.2687,0.795099
AL049844.3,-0.41196,0.794742
AP004290.1,-0.19193,0.794742
CKAP2,0.089624,0.794696
SPRN,-0.20611,0.794696
ANKLE1,-0.32408,0.794164
NR2C2,-0.1557,0.793926
TAF6L,0.021669,0.793305
AHNAK2,-0.18614,0.793259
KPNA2,0.11144,0.793259
TUBB4A,-0.29817,0.793067
ELAVL1,-0.09431,0.793067
ZNF491,-0.30655,0.792842
SOCS1,0.207774,0.792341
RHPN2,-0.34836,0.792059
TBRG4,-0.00055,0.792012
DDX18,0.024268,0.791846
C16orf71,-0.06984,0.791361
BEND3P3,-0.27429,0.791077
TNFRSF11A,-0.16573,0.790901
KCNV2,-0.22929,0.790901
STAT3,0.085542,0.790901
ZNF622,0.06453,0.790762
NAPG,0.000702,0.790652
TOM1,0.039951,0.79038
PHGR1,0.371895,0.790363
RPSAP36,-0.35381,0.790363
AL157407.1,-0.14965,0.790134
ATAD2B,-0.30158,0.790134
RPS3AP37,-0.16644,0.789696
TSACC,0.205469,0.789687
TOM1L1,0.018701,0.788776
AC254960.2,0.434307,0.7887
IGKV1OR10-1,0.482006,0.788304
ABCF1,-0.58042,0.788258
SNX6,0.077163,0.788258
ASB4,-0.10429,0.788258
TIMM21,0.129043,0.788258
HIST1H2AL,0.186037,0.788258
VPS16,0.066816,0.788258
ZNF551,-0.0839,0.788258
CT55,-0.12147,0.788258
AL136146.1,-0.32403,0.788137
SPATA4,-0.499,0.788137
C1orf68,0.20952,0.787941
RAVER1,-0.18025,0.787941
DPF2,-0.24141,0.787802
MYOZ3,-0.1728,0.7877
CAPNS2,0.114398,0.787543
NR3C1,-0.22002,0.787385
AP000646.1,-0.21749,0.787385
DNAJA2,0.084594,0.787385
SRD5A1,-0.25552,0.787385
GART,0.065284,0.787385
GXYLT1,-0.15329,0.787385
ACTR3B,-0.14559,0.787361
GALNT7,-0.27704,0.787095
CHMP2B,0.119247,0.786814
SLC12A5,0.020604,0.786689
MTCH1,0.03011,0.786649
IGKV1-5,-0.80016,0.786498
MPP6,-0.12319,0.786165
KDM4C,-0.24664,0.785915
NDUFA8P1,-0.55901,0.785113
AC005682.1,-0.22366,0.785112
WNT7B,-0.2198,0.784657
NSD3,-0.14166,0.78462
TIGD1,-0.34939,0.784442
ODF2L,-0.27283,0.784396
SLC8A1,-0.24525,0.78435
FNBP1L,-0.18466,0.78435
CDCA4,0.095524,0.78435
PRLR,-0.34477,0.78435
HECTD4,-0.22398,0.78435
PSMB5,0.102394,0.78435
DEDD2,0.037464,0.78435
RGR,-0.25305,0.78435
COMMD1,0.027834,0.78435
HSP90B1,0.09185,0.78435
SORBS2,-0.23135,0.784015
TMEM63C,-0.38295,0.783636
BX322639.1,-0.24687,0.783372
KLK9,0.304968,0.783148
GRAMD1A,-0.27652,0.782848
WBP2NL,-0.19752,0.782104
POLR3GL,0.101585,0.782104
HSPA9,0.019735,0.782104
AL157712.1,-0.1347,0.781771
SH2B2,-0.205,0.781771
CISD2,0.12175,0.781584
ALOX12B,0.11878,0.781474
TRIM13,-0.04377,0.781474
MRPL10,0.045636,0.781405
AP001206.1,-0.2982,0.781305
TACR2,-0.26209,0.781049
OXSM,-0.00641,0.781049
AC109635.5,0.300105,0.781049
UQCRC2,0.032114,0.780751
CDC14A,-0.28721,0.78058
TTF2,-0.17801,0.780545
AL591719.1,-0.36022,0.779976
RPL23AP58,-0.38644,0.779976
FSD1L,-0.22741,0.779927
ZGPAT,0.023876,0.779764
LBX2,-0.22739,0.779764
OR7E12P,-0.16495,0.779383
PAX9,0.088231,0.779383
SOD1,0.101607,0.779137
RPS21P4,-0.54278,0.778994
SNED1,-0.35759,0.778917
UBA2,0.039559,0.778917
CNBD2,0.239248,0.778917
OR5H14,-0.14061,0.778917
TNFRSF12A,0.290044,0.778917
MYCBP,0.10183,0.778594
IL27RA,-0.25851,0.778594
PC,-0.37726,0.778324
TRAPPC3L,-0.36464,0.778096
FAIM,0.154737,0.778096
RNASE1,0.381218,0.778096
ELOF1,0.064302,0.778096
HOXA10,-0.32158,0.777534
EMILIN3,-0.43187,0.777534
UBE2J2,0.005632,0.777498
ISY1-RAB43,0.117907,0.777395
TMEM121,-0.16406,0.777342
HCN4,-0.02032,0.777209
RRAGD,-0.16597,0.777209
PRSS42,-0.15424,0.777209
ZNF204P,-0.25571,0.776245
HIST1H2BI,0.188384,0.776215
BBS9,-0.29418,0.776213
FRK,-0.28135,0.776213
PARVB,-0.18905,0.776213
FABP7P1,-0.37052,0.776213
PLA2G5,-0.2029,0.776213
CCDC88B,-0.25148,0.776181
ALG1,0.074181,0.775937
SLC35F1,-0.13294,0.77576
BRSK2,-0.30826,0.775669
OLAH,-0.60869,0.775631
AL163193.1,-0.28041,0.775619
HIC2,-0.14366,0.775382
FGF14,-0.3314,0.775365
HS3ST1,-0.21209,0.774928
MNT,-0.25653,0.774928
WSB2,0.020814,0.774928
C2,0.211829,0.774574
MOB3A,-0.16931,0.774522
LXN,0.074121,0.774494
VWA1,0.137803,0.774494
NFS1,0.006638,0.774257
AC112229.1,-0.24007,0.774257
AC122718.1,-0.4826,0.774192
PLG,-0.25393,0.773422
UFC1,0.101695,0.773175
AL353754.1,-0.54586,0.773171
VSTM1,-0.31648,0.773095
PCDHGB4,-0.23015,0.773095
RIF1,-0.17559,0.773095
SLC25A3,0.041939,0.772266
ACO1,-0.35262,0.771726
IGBP1P3,0.121088,0.771726
MARCH2,0.04856,0.771367
LACTB2,0.136209,0.771127
POTEI,-0.17073,0.771127
SMARCC1,-0.16347,0.770954
KITLG,-0.36264,0.770891
PUF60,0.102334,0.770272
IGLC3,-1.17522,0.770272
CEND1,-0.2104,0.769379
OAZ3,-0.04081,0.769379
AL132777.1,-0.34347,0.769352
DCAF11,0.058228,0.769277
ADAM3A,-0.31836,0.769147
AL353706.1,-0.24777,0.769147
TGIF1,0.003625,0.769147
LPA,0.052305,0.769147
AC008105.2,-0.4802,0.768994
GCNT1,0.292242,0.768731
RRM2B,0.04299,0.768371
METTL15P1,-0.33725,0.768268
PITHD1,0.049904,0.76753
PI4K2A,0.049982,0.767376
NSUN4,-0.18773,0.767376
PALM,-0.37786,0.767143
GYPB,-0.54196,0.766749
NEURL4,0.163682,0.766604
SEC11C,0.091522,0.766335
AC133561.1,0.151197,0.76608
AL118556.2,-0.37422,0.765877
METTL25,-0.25959,0.765835
KCNA1,-0.15365,0.765577
PKIB,-0.29504,0.765171
ZNF76,0.028255,0.765171
TAF5,0.031186,0.765171
MAB21L2,-0.28345,0.765171
SLC26A3,-0.31364,0.764888
AL136038.4,-0.23417,0.764888
NCR1,-0.08383,0.764758
AC092535.2,-0.103,0.764758
IMPDH1P8,-0.17664,0.764754
CYCSP35,-0.70752,0.764676
AFAP1L1,0.03618,0.764462
SCN2A,-0.32413,0.764421
HSD17B10,0.093429,0.764421
RPS2P35,-0.12716,0.764389
LTV1P1,-0.13402,0.764227
H2AFX,0.105483,0.763914
POP5,0.078939,0.763914
DIRAS3,-0.34551,0.763813
GPBAR1,-0.20511,0.763643
AC008072.1,-0.39671,0.763558
ADAM17,0.003908,0.763534
ADORA3,0.166411,0.763534
ZNF19,-0.25732,0.763534
GAREM2,-0.25609,0.763263
MGAT4A,-0.12243,0.763263
GPATCH4,-0.00532,0.76291
ARL6IP4,0.019979,0.762831
IREB2,-0.15861,0.762831
TRAPPC5,0.136203,0.762831
UBE2SP2,-0.29962,0.762831
PTPRD,0.165514,0.762831
ARHGAP15,-0.42701,0.762825
PGAM5,0.12479,0.762758
BMX,0.272751,0.762758
LMOD1,0.27473,0.762293
HIST1H2AE,0.17986,0.761844
CHRND,-0.08519,0.761729
SIGLEC6,-0.19593,0.761705
STK24P1,-0.09592,0.760947
CYP21A2,-0.08101,0.760898
HLA-DRB1,1.503252,0.760623
SCN2B,-0.10152,0.760554
RAC1,0.025971,0.760554
R3HDM1,-0.30017,0.760554
PDXK,-0.08083,0.760554
YY2,-0.20505,0.760554
TUBD1,0.027327,0.760554
NDUFB1,0.15843,0.760554
BNIPL,0.054493,0.760554
NEK6,-0.26561,0.760554
MTAP,-0.1156,0.760554
NDUFA9P1,-0.30051,0.760554
PATZ1,-0.18015,0.760554
PPIL1,0.13833,0.760366
BAZ2A,-0.19148,0.760153
MDM4,-0.1556,0.759956
RPSAP19,0.13999,0.759956
CPT2,-0.15167,0.759855
MRPL22,0.07433,0.759745
SLC14A1,-0.30786,0.759745
AC119744.1,-0.10335,0.759745
BCAS4,-0.24147,0.75968
PDE3B,-0.21548,0.759501
EIF4BP5,-0.16812,0.75939
MTND3P22,-0.59278,0.758505
MRPL54,0.124938,0.758418
PGM5P2,-0.40228,0.758127
NDRG1,0.058359,0.758127
TMEM145,-0.0636,0.758127
ACKR4,0.228511,0.758127
RCN3,-0.30846,0.758127
URM1,0.008381,0.758127
ATP5PO,0.066214,0.758127
AL355864.1,-0.23538,0.75805
MAD2L1,0.249201,0.75805
GABRR3,-0.0917,0.75805
GPC4,-0.22374,0.757994
WFDC13,-0.19486,0.757994
ZAN,0.034007,0.757533
ZMYM3,-0.11516,0.757358
PGP,0.092475,0.757329
EXD2,-0.18114,0.757329
DHTKD1,-0.04679,0.757259
NDUFB9,0.067071,0.757259
BST2,0.256023,0.757048
SHPK,0.043712,0.757048
ABCC13,-0.10247,0.757048
AP1G2,0.061682,0.757048
S1PR2,-0.20937,0.757048
LRP8,0.041521,0.757048
CREB3L2,-0.28541,0.756926
RAD51C,-0.1455,0.756926
CAB39,0.018613,0.756926
SLFN12L,-0.34039,0.756433
RDH13,0.072542,0.75607
KIF3B,-0.30475,0.75607
NOP16,0.065836,0.75593
DNAJC13,-0.09838,0.755403
POLR2A,-0.13965,0.755338
SCG2,0.058779,0.755295
CCT6B,0.134925,0.755295
SOX5,-0.42528,0.755232
ALYREF,-0.32604,0.755153
HIF1A,0.049367,0.755153
CFAP54,-0.39639,0.754746
WNK4,-0.1824,0.754477
TMEM179B,0.046042,0.754407
CSRP3,-0.12737,0.754407
LNX1,0.135007,0.754407
TMEM72,-0.11476,0.754407
FANCC,-0.26428,0.754407
VNN2,0.088829,0.754313
FGF5,-0.12173,0.754116
LGALS14,-0.33497,0.754116
AC022167.5,-0.19813,0.754116
CCDC198,-0.31369,0.754116
ZSCAN4,-0.21942,0.754116
AC104996.3,-0.50801,0.754116
SCGB2A1,-0.48519,0.754116
ZSCAN1,-0.08706,0.754116
SLC12A2,-0.54287,0.754116
VPS13D,-0.15475,0.754101
SFPQ,0.071062,0.753999
EPPIN,-0.31932,0.753853
FCER1A,0.250488,0.753853
CRAMP1,-0.14921,0.753787
RPS6KA5,-0.25232,0.753787
NPAP1,-0.16228,0.753692
SCAMP4,-0.26977,0.753284
SREBF2,-0.17355,0.753213
WFDC5,0.100662,0.752976
BZW1P2,0.188027,0.752976
FGD2,0.056347,0.752883
NUDT12,0.109288,0.752818
PRSS16,-0.12761,0.752715
HLA-DOB,0.394915,0.752706
SLC35E2B,-0.27086,0.752706
C20orf144,-0.2046,0.752706
IQANK1,-0.19789,0.752397
AC005086.3,-0.76495,0.752397
PCDHA10,-0.11417,0.752312
LRRTM3,0.000947,0.751985
ST3GAL3,-0.26093,0.751985
SCN5A,-0.11456,0.751985
LIPJ,-0.13276,0.751823
ALOXE3,-0.21386,0.751726
SPINK5,0.08662,0.751726
WDSUB1,-0.2039,0.751365
ICK,-0.15299,0.751039
RNASE13,0.102858,0.75099
STOML3,0.072725,0.750824
FOXD4L1,-0.08847,0.750572
HTT,-0.21226,0.750572
SF3B3,-0.01642,0.750572
CD86,0.079403,0.749796
GATAD2B,-0.32239,0.749644
LIF,-0.34018,0.749509
JADE1,-0.13716,0.749509
TTC32,0.112338,0.749163
IFT43,-0.01983,0.748916
CLEC16A,-0.18765,0.748379
RAB34,0.044531,0.748379
TRAJ28,-1.30177,0.74816
CFTR,-0.69748,0.747672
HMGN2P46,-0.34996,0.747665
ILF2P1,-0.30431,0.747518
AC022001.1,-0.65865,0.747068
MED10,0.037984,0.747068
IGHV3-64D,-0.97542,0.746997
CASK,-0.23076,0.746722
SRC,-0.18337,0.746542
NME2,0.075751,0.746302
CYP27A1,-0.36041,0.745952
TECRL,-0.24785,0.745232
ARMCX5,0.074874,0.744767
AL671986.1,-0.31225,0.744767
MRLN,-0.3314,0.744767
GPATCH3,0.072995,0.744651
RRAGA,0.040831,0.744651
PTPN5,-0.13287,0.744651
ZNF280D,-0.23716,0.743999
PPP1R3C,0.249064,0.743824
TEX35,-0.34156,0.743824
C2orf68,-0.4681,0.743824
MRPL20,0.074727,0.743771
GTF3C1,-0.19056,0.743665
THOP1,0.125555,0.743665
EGR1,-0.43437,0.743665
MBD6,-0.37953,0.743665
ATP9B,-0.3151,0.743622
MCTS1,-0.01634,0.743604
ENPP7P12,-0.47205,0.743604
STMN2,0.387586,0.743604
TCP1,0.055772,0.743248
FKBP1AP2,-0.48734,0.743248
HSPB6,-0.32146,0.742869
IMP4,0.091684,0.742869
NOP2,0.064629,0.742852
IFNG,0.103315,0.742852
CLEC4A,0.020641,0.742841
TMED9,0.058475,0.742743
ADCY8,-0.39322,0.742616
EXOSC10,0.008833,0.742616
IFT57,0.034292,0.742456
NAXD,0.017637,0.742456
MGA,-0.4324,0.742456
AC090695.1,-0.24191,0.742456
RGS12,-0.01548,0.742456
ATP6V0D2,-0.28552,0.742456
ETF1,0.056211,0.742456
JMJD7,0.084725,0.742456
SEPT14,-0.23717,0.742456
NDUFA5,0.06945,0.742456
BLZF2P,-0.18025,0.742043
LRG1,0.469324,0.74204
CLCA4,-0.37412,0.741702
GDF1,-0.08414,0.741592
C1orf35,0.081594,0.741536
ARRDC4,0.070391,0.741312
MRPS31,0.061522,0.741128
MICALL1,0.040274,0.74093
RTL5,-0.18345,0.74093
PCNX4,-0.15137,0.74093
PNPLA5,-0.72046,0.740853
IQGAP1,-0.19079,0.740853
AL157791.2,-0.36034,0.740847
EVI5,-0.17385,0.74084
FUNDC2,0.116704,0.74072
TRIM71,-0.07399,0.74072
AC006461.1,-0.54536,0.740533
CDK5R1,0.130994,0.740395
HIPK1,-0.13842,0.740395
SLC25A14P1,-0.28661,0.740395
MTND2P2,-0.25172,0.740395
FNDC9,-0.06502,0.740387
RPL7P33,-0.133,0.740387
BCOR,-0.17921,0.739794
IGKV1OR2-108,-0.61175,0.739794
ANKRD35,0.113273,0.739743
AC084783.1,-0.37185,0.739743
KIFC3,-0.12757,0.739743
TATDN2P2,0.127474,0.739661
BOLA2,0.216502,0.739634
UHRF1BP1L,-0.20946,0.739616
AL590065.1,-0.24551,0.73956
CD53,0.112196,0.738717
HIST1H3I,0.203374,0.738717
SCART1,-0.26048,0.738712
PSMD2,0.045386,0.738433
AREG,0.238267,0.738186
AL132875.1,-0.14493,0.738085
KIRREL3,-0.15438,0.737939
STK17B,-0.00374,0.737904
DPY19L2P3,-0.23221,0.737722
NCAPD3,-0.17328,0.737722
RRAS2,0.011765,0.737718
CCDC129,-0.33191,0.737718
TTC5,-0.16824,0.737482
NEFM,0.143803,0.737287
MTCYBP32,-0.21965,0.737287
ZNF843,-0.13479,0.737287
CCNA2,0.156804,0.737023
TMEM167A,0.086931,0.737023
HLA-DRB6,-0.22972,0.737023
DIO1,-0.24063,0.737023
RGMB,-0.21338,0.736884
PPARA,-0.43793,0.736884
SPACA7,-0.27534,0.736884
AC025198.1,-0.3553,0.73673
ABCA12,0.068886,0.736251
PECR,-0.53604,0.736241
TAS2R64P,-0.29076,0.736241
MRPS17P1,-0.22541,0.73624
FAM212A,0.091356,0.73624
IQGAP3,-0.23402,0.73624
ZNF121,-0.14664,0.736121
CCDC28B,-0.29515,0.736121
MEGF10,-0.19155,0.736121
WSCD2,0.294886,0.736121
OSMR,0.008853,0.736121
RPS10P2,-0.42479,0.73609
AC025271.1,-0.32399,0.735836
SEC24A,-0.1701,0.735531
EDEM2,0.036438,0.735352
POM121,-0.24954,0.735352
ZNF253,-0.15625,0.735271
TTC17,-0.30319,0.735178
SIRT5,-0.24798,0.734983
MADD,-0.1864,0.734982
SYN3,-0.4488,0.734767
AC010332.2,-0.07326,0.734767
MBD4,0.051437,0.734767
DYNAP,-0.28277,0.734767
POU5F1P6,0.110219,0.734622
DCAF7,-0.05917,0.734622
BIRC2,0.007527,0.734622
OR10J2P,-0.21748,0.73405
RPL23AP14,-0.29636,0.733691
MATK,-0.27573,0.733691
GK5,-0.33896,0.733611
TERF1,-0.14482,0.733423
ABO,-0.24622,0.733423
TEAD4,0.098627,0.733423
LTV1,0.08611,0.733348
AC118465.1,-0.2204,0.73244
GIMAP2,0.069431,0.73244
TLR8,0.108563,0.732382
RPL32P3,-0.76372,0.732052
USHBP1,-0.26569,0.731773
PIK3C3,-0.15206,0.731565
MRPL16,0.021978,0.731565
LRRC4B,-0.17305,0.731441
DDX11L1,-0.26665,0.731441
CHMP4BP1,-0.36631,0.731341
KLKB1,-0.16646,0.731245
DCTN2,0.058915,0.731245
C6orf163,-0.2848,0.730961
AC146944.3,0.474834,0.730961
EFNA1,0.082785,0.730961
RADIL,-0.13541,0.730961
RPS17P13,-0.32913,0.730961
ANGPTL7,-0.57119,0.730961
ATOX1,0.108925,0.730911
SAPCD1,0.408363,0.730911
MT-CO3,-0.25611,0.730818
MRPS9,0.044661,0.730681
GDAP2,-0.14032,0.729853
CRYBB2P1,-0.27629,0.729816
S1PR3,-0.22861,0.729788
FEZF2,-2.26051,0.729788
TRAPPC12,-0.20035,0.729655
SLC25A10,0.111102,0.729642
APPL2,-0.10473,0.729588
ZNF131,-0.0093,0.729588
ITSN1,-0.28237,0.729588
EGFL7,0.185741,0.729532
NANOS1,-0.20389,0.729532
IGHV3-23,-1.03421,0.729506
DTWD2,-0.18388,0.729506
MTND1P21,-0.48205,0.729506
TPH2,-0.24941,0.729506
NONOP2,-0.2561,0.729367
AC009299.1,-0.46575,0.729367
HIST1H2BG,0.139964,0.729367
CKS2,0.198182,0.729333
AC084198.1,-0.43828,0.729296
RNPS1,0.003146,0.729223
TKTL1,0.251044,0.728983
FCGR2C,-0.34695,0.728488
ELMOD1,0.11297,0.728386
LARP4B,-0.20295,0.728386
XPR1,0.085344,0.728386
OR5C1,-0.14475,0.728386
AL353662.1,-0.42923,0.728386
FAM180B,-0.41156,0.728363
AKAP14,-0.30323,0.728363
FTOP1,-0.26336,0.728328
CD40LG,-0.17852,0.72811
OBP2B,-0.23514,0.727606
AC133041.1,-0.48589,0.726976
SMIM29,0.093598,0.726816
ZCWPW1,0.068593,0.726816
THAP4,0.069894,0.726816
OR7E121P,0.229613,0.726816
AC005332.2,-0.3795,0.726816
MCM5,0.062993,0.726479
GINS3,-0.07241,0.726422
GMFG,0.177134,0.726422
RAET1G,0.202604,0.726374
DDX49,0.043725,0.7259
FBP1,-0.67613,0.725626
C12orf54,0.290235,0.72523
F12,0.181117,0.72523
FCAR,-0.35501,0.72507
ASXL1,-0.15925,0.72507
CEP85L,-0.33862,0.724811
PAPOLB,-0.0488,0.724811
ARIH2OS,0.090281,0.724752
DYNLRB1,0.097571,0.724752
RTN4IP1,0.122483,0.724265
MFSD13A,-0.23726,0.723548
UBE4B,-0.14608,0.723501
FAM157A,0.117483,0.723501
PSMB8,0.429526,0.723495
FOXO1,-0.21452,0.72287
DUSP4,-0.31659,0.72287
RGS2,0.223342,0.72287
SEC11A,-0.03478,0.722806
EPB41L1,-0.17736,0.722717
TSTD1,0.114903,0.722664
SLC14A2,-0.16735,0.722352
PDRG1,0.059662,0.722352
TET2,-0.18757,0.722352
OR2C1,-0.07898,0.721684
GPR17,-0.22839,0.721236
AC079601.2,-0.28964,0.721157
SVOP,-0.30241,0.720865
NUBP2,0.05163,0.720614
HIST1H3C,0.228561,0.720614
CNTN6,-0.09197,0.720595
COMMD7,0.042533,0.720519
ZNF605,-0.28793,0.720243
KIF28P,-0.31942,0.720243
ANGPT2,-0.21458,0.719739
RPP14,-0.12296,0.719644
AC108688.1,-0.404,0.71951
ATP5MFP6,-0.54841,0.71951
AC005105.1,-0.13671,0.718892
RPS14P4,-0.3617,0.718493
LRFN5,-0.27714,0.718478
FAM46B,0.177086,0.718438
FBXO24,-0.31245,0.718178
KIF1C,0.015659,0.718174
CCT8,0.068848,0.718174
AC090589.1,-0.60453,0.718045
AC084017.1,-0.13765,0.717946
CACNA1S,0.033857,0.717812
ZFP82,-0.18789,0.717787
ATP10A,-0.33757,0.717755
IFNW1,-0.15133,0.717533
EXOSC4,0.097026,0.717533
METTL7A,-0.25321,0.717146
KATNAL2,-0.30128,0.716336
C1orf112,-0.06777,0.716336
NLRP12,-0.18679,0.716336
HIKESHI,0.027037,0.716189
C22orf42,0.096457,0.715703
OR6Y1,-0.29274,0.715227
MGMT,0.052687,0.715166
ZNF517,-0.24655,0.714765
TUNAR,-0.20305,0.714283
KLHL10,-0.03061,0.714265
TANK,-0.06026,0.714265
EVA1C,0.081572,0.713919
CST3,0.129499,0.713919
SLC12A1,-0.2444,0.713919
PPP5D1,-0.27567,0.713919
KLHL18,0.11175,0.713754
SHANK3,-0.25822,0.713654
AC111188.2,-0.15363,0.713554
AKR1C3,0.078962,0.71351
LTB4R,0.107931,0.713465
VSIG10L,-0.2525,0.713465
GLDC,-0.76743,0.713465
ZBTB10,-0.20391,0.713225
KRT7,-0.90657,0.712667
AC013429.2,-0.25066,0.712541
TBC1D16,-0.13104,0.712304
PIGP,-0.03328,0.712304
MRPS18A,0.069492,0.712247
TMEM169,-0.1487,0.712124
BMP8B,-0.17592,0.71209
NACA,0.088742,0.711502
YDJC,0.044496,0.711238
ZIK1,-0.13977,0.710937
NCAPH2,0.006677,0.710859
TRAPPC2,-0.13758,0.710474
AL451074.3,-0.44241,0.710468
WBP11P1,-0.03987,0.710295
TMPRSS11BNL,-0.16065,0.710101
TTYH1,-0.25857,0.709783
PIGS,0.029656,0.709565
KCNMB4,-0.34788,0.709565
PRSS40A,-0.21375,0.709565
TSSC4,0.0767,0.709353
RPS23P6,-0.41763,0.709296
RGS17P1,-0.43344,0.709127
ANKK1,0.133439,0.708726
FAM76A,-0.9157,0.708535
HIST1H3H,0.16107,0.708453
BAG6,0.538846,0.708453
CDK2AP2,0.125761,0.707976
AC104090.1,-0.19812,0.70784
SERPINB8,0.151724,0.707764
TMEM242,0.007925,0.707764
CSPG4,-0.29139,0.707764
SLC9A4,-0.24839,0.707764
AC010186.2,-0.25595,0.707764
AL589993.1,-0.1156,0.707764
AC090543.1,-0.34611,0.707764
PPIAP70,-0.29484,0.707414
CDSN,-1.49947,0.707414
AC079363.1,-0.29761,0.707414
RTP3,-0.10754,0.707414
LMAN2,0.0689,0.707414
TRMT44,-0.29692,0.707316
FOXC1,-0.45973,0.707288
TMEM74B,0.171093,0.707238
CRISPLD1,-0.39649,0.70723
PTTG1IP,0.048737,0.70723
C9orf152,-0.24121,0.706647
VDAC3,0.041468,0.706634
SOD3,-0.36237,0.706634
UGT2A1,-0.4955,0.706634
GUSBP3,-0.39623,0.706567
RPS27,0.100959,0.706481
MRPL15,0.08735,0.706481
NSUN7,-0.36369,0.706481
EML5,-0.12689,0.706427
EML3,0.073611,0.706179
HPGD,0.176296,0.706179
PWP2,-0.48456,0.706037
ADAMTS2,-0.36491,0.705845
ADPRH,0.071683,0.705332
NCBP2,0.027258,0.705055
MTND1P10,-0.30729,0.704932
PIWIL1,0.051119,0.704932
RPS3AP12,-0.29224,0.704506
IFNGR2,0.13227,0.704506
NUDT16L1,0.042732,0.704426
VMA21,0.071884,0.704426
HOXA4,-0.10302,0.704426
CHMP1B,0.06466,0.704426
NCOA2,-0.15867,0.704426
RPL11P3,-0.43825,0.704019
GRK3,-0.18572,0.703771
N4BP3,-0.18569,0.703758
SVIL-AS1,-0.0975,0.703758
ABHD17A,0.020279,0.703758
DCAF13,0.076055,0.703758
AAGAB,0.026065,0.703474
CDH6,-0.20455,0.703392
ARHGEF7,-0.21855,0.703392
WDR31,-0.09443,0.702871
SERPINA11,-0.21304,0.702635
RPL21P90,-0.25305,0.702609
RNF133,-0.10617,0.702225
POLA1,-0.16437,0.702102
BSPRY,0.066485,0.702026
ARMC10,0.056442,0.702026
AL138709.1,-0.1682,0.701932
NIPSNAP3A,0.107399,0.701823
KRTAP8-1,-0.37395,0.701635
MTCO1P40,0.064566,0.701572
CHRNE,0.227584,0.701463
RPRM,0.220122,0.701345
AP1M1,-0.00645,0.701302
OR7A5,-0.19906,0.701298
BNIP3P5,-0.33866,0.701025
TACC2,-0.14498,0.700993
HIST1H2AD,0.195432,0.700911
C3orf62,-0.17585,0.700911
COQ10B,0.057154,0.700891
DACH1,-0.32144,0.700891
IGKV2-30,-0.6672,0.700234
MPP4,-0.29782,0.700053
DCTN4,-0.0431,0.699785
PER3,-0.33069,0.699194
LDHAP3,0.113154,0.699085
NEDD4,-0.35475,0.699044
IGHV3-20,-0.50039,0.698922
ZNF189,-0.194,0.698787
CCDC73,-0.14653,0.698787
RBM34,0.036937,0.698787
KRTAP10-10,-0.14994,0.698787
RPS5P2,-0.24161,0.698787
FAU,0.06192,0.698787
LAMA3,-0.0038,0.698787
LILRB3,0.271802,0.698762
NBPF1,-0.24555,0.698563
TNS2,-0.33604,0.698563
IGLV3-21,-0.98729,0.698563
ADAMTS15,-0.40509,0.698563
AC092474.1,-0.37632,0.698563
RNF144B,0.075756,0.698563
APOBR,-0.17668,0.698563
PSG8,-0.12493,0.698213
MASTL,0.046869,0.698167
GRIA2,-0.42657,0.698167
WDR49,-0.09461,0.697852
SMNDC1,-0.17642,0.697714
LSM12,0.021826,0.697714
SLC24A1,-0.24001,0.697643
HLA-C,0.851298,0.697643
TMEM259,0.086856,0.697424
AC016831.3,-0.0964,0.69726
AL773545.3,-0.40301,0.697147
HS3ST4,-1.68781,0.697147
BRD3,-0.21172,0.697147
RDM1,-0.20443,0.696568
WBP4,0.0469,0.696568
CLIC2,0.2038,0.696568
RPL21P99,-0.29194,0.696568
ATG4D,0.075229,0.696358
UEVLD,0.069584,0.695848
TPMT,0.061162,0.69563
MAPK15,-0.33884,0.69563
FRMD4A,-0.17819,0.69563
CHCHD4P3,0.4861,0.69563
HCN2,-0.12999,0.695581
AKAP17BP,-0.09583,0.695214
SMURF2,-0.20321,0.695118
NUDT19P5,-0.24653,0.695088
LINC00888,-0.13692,0.69492
CD160,-0.16647,0.69492
SPRED3,-0.38413,0.69492
TSPAN18,-0.39062,0.694351
RPL3L,-0.25439,0.694293
LMO7,0.025057,0.694242
AL354822.1,-0.37597,0.694196
AC079866.1,-0.15039,0.694074
QTRT1,0.091116,0.693966
ADSL,0.040504,0.693966
RGPD8,-0.27539,0.693662
AC008277.2,-0.33239,0.693628
ZNF702P,-0.27797,0.693579
FKBPL,1.049614,0.693579
SLC26A2,-0.3067,0.693579
FRA10AC1,-0.31721,0.693579
RPL7L1,0.026436,0.693579
BHMT,-0.25826,0.693579
PDE6D,0.023369,0.693549
WDR5B,-0.1683,0.693314
TUBAL3,-0.13534,0.693038
AC005042.1,-0.35894,0.693007
ADGRD1,-0.22434,0.69296
FAM89B,0.059576,0.692511
IGHV3-43,-0.39402,0.692433
CDK14,-0.39451,0.69235
AC107918.3,-0.24544,0.69235
AC108161.1,-0.38842,0.69235
SMC2,0.033144,0.692323
TAF9BP1,-0.33506,0.69218
IFT20,0.079563,0.69218
XPOTP1,-0.08725,0.69218
AC066692.1,-0.39398,0.69218
CCL22,-0.31741,0.69218
AC005104.2,-0.30471,0.69218
CNTF,0.238144,0.691919
UROS,0.013892,0.691919
FBXO36,0.040317,0.691919
HNRNPA1P14,-0.28639,0.691896
AC040162.1,-0.07353,0.691823
AL359955.1,-0.168,0.691823
MEOX1,0.159966,0.691823
OR52K1,-0.24674,0.691823
AC063955.1,-0.14581,0.691823
DIP2C,-0.19649,0.691823
AC245100.4,-0.3096,0.691823
CCDC88A,-0.32577,0.691809
SLC7A11,0.191113,0.691797
HNRNPUL1,-0.15202,0.691489
KRT18P31,-0.32625,0.691397
TPPP,-0.4641,0.691207
GPR160,-0.32067,0.691184
CEBPG,0.041085,0.690618
AL512590.2,-0.28019,0.690584
LEAP2,-0.21226,0.690584
ASRGL1,-0.20735,0.690574
PCP4,0.422554,0.6905
RPS4XP16,-0.24518,0.690379
SNF8,0.029813,0.690379
ADAM20P1,-0.14841,0.690327
MFAP1P1,-0.08733,0.690327
DOCK8,-0.28658,0.690321
NAP1L2,0.147997,0.690273
RBM8B,0.201091,0.690273
CCDC107,0.094227,0.690273
BORCS6,0.059383,0.690129
IGLC1,-1.22439,0.689929
MRTO4,-2.6e-05,0.689929
UBC,0.072378,0.689767
DDX47,0.01699,0.689413
MAPKBP1,-0.82692,0.689413
PDZRN3,-0.4011,0.688951
WHAMMP3,-0.27591,0.688823
ADRA2C,0.247106,0.688649
MSH6,-0.10609,0.688463
NDUFAF2,0.080656,0.688463
GRHPR,0.023635,0.688463
TEX13C,-0.03788,0.688463
GPATCH2L,-0.02836,0.688348
AKAP17A,0.081824,0.687867
AL449283.1,-0.26084,0.687843
NEDD1,0.007586,0.687843
GPR15,0.218752,0.687843
PROSER2,-0.29131,0.687827
HOXC12,0.177646,0.687822
EBF1,-1.11246,0.687474
PIGN,-0.25059,0.687454
AC103810.7,-0.8964,0.687454
PRPF39,0.113462,0.687454
SPCS1,0.067552,0.687313
DEPDC5,-0.15291,0.687131
TRMT2A,0.121504,0.68711
DFFB,-0.14343,0.687017
AC016769.1,-0.21884,0.687017
ENDOU,0.128072,0.687017
SERINC2,0.150589,0.687017
DECR2,0.037686,0.687017
FZD7,-0.24153,0.687017
AC114801.2,-0.21826,0.687012
ELF3,0.441011,0.686905
NSUN2,-0.02767,0.686824
LAMB1,-0.293,0.686824
PRR4,-0.46984,0.686619
IQCN,-0.3886,0.686619
SYCP1,-0.42879,0.686619
PCLO,-0.31737,0.686619
ZNFX1,0.042671,0.686619
TMEM123,0.119193,0.686474
TMEM232,-0.2767,0.686241
INSM2,-0.07184,0.685894
GRB14,-0.3014,0.68546
CYSLTR2,-0.32302,0.684606
AC091948.2,-0.53426,0.684606
AC000089.1,-0.26094,0.684606
SETBP1,-0.11383,0.684541
PPP2R3C,0.076791,0.684541
AC092851.1,-0.44687,0.684521
IL1RN,0.071605,0.684521
YPEL1,-0.21453,0.684521
SNX12,0.002523,0.684421
SLC35E2,-0.37445,0.684384
RELT,0.026924,0.684302
C19orf54,-0.2178,0.684185
POTEB3,0.039918,0.683642
POTEB3,0.039918,0.683642
TRIM10,0.097926,0.683642
CUTC,0.056144,0.683642
ERBB4,-0.32309,0.683492
SCN1B,-0.13885,0.682901
KRTAP10-7,-0.20621,0.682664
EEF1A1P7,-0.09934,0.682574
TOMM5,0.090785,0.682574
AL606517.2,-0.68707,0.682277
ACTL8,0.05061,0.682277
YRDC,0.054475,0.682143
GAPDHP49,0.18805,0.68205
L1CAM,-0.27942,0.68205
AC106047.2,-0.29544,0.68205
DNAJC12,-0.26422,0.68205
AC243922.1,-0.2506,0.68205
NCAM2,0.005652,0.682038
PDE5A,-0.34095,0.682011
THADA,-0.25676,0.681817
AC079250.1,-0.27221,0.681659
ZNF320,-0.25324,0.681604
FKBP8,0.037913,0.681604
PPP1R14C,0.08319,0.681135
RFC2,0.068979,0.681135
PLA1A,0.059462,0.681135
DEPDC1B,0.026627,0.680988
MTCO2P19,-0.35404,0.680509
A1BG,-0.23991,0.680196
IFNAR1,0.006064,0.679891
ST3GAL1P1,-0.20189,0.679768
NOTO,-0.11648,0.679667
SPDYE16,-0.24369,0.679529
EREG,0.17561,0.679483
IGHV2-5,-0.57256,0.67942
OR4K16P,-0.19071,0.67942
PLCB4,-0.36022,0.67942
DACT1,-0.1633,0.67942
HARBI1,0.040312,0.679387
BCHE,0.165324,0.679134
COA3,0.083234,0.679134
C21orf33,-0.53117,0.679134
C12orf50,-0.40217,0.679072
LRIT2,-0.232,0.678998
OR52I2,-0.05125,0.678998
ADGRV1,-0.22824,0.678912
SLC2A10,-0.39244,0.67872
MRPS6,0.098428,0.678311
ZNF708,-0.18617,0.678102
NLK,-0.2206,0.678101
ENDOG,0.129558,0.677618
KLC2,-0.31257,0.677618
FBXL13,-0.30249,0.677563
KCNN1,-0.0553,0.677539
ZBED6CL,0.121736,0.677539
SLC28A2,-0.21341,0.677411
LPCAT2,0.061386,0.67716
MRPL2,0.030296,0.676943
EMC8,-0.00585,0.676429
EFTUD2,-0.03653,0.676429
TTC4,0.112169,0.676429
MTCO1P19,-0.28223,0.676429
TESPA1,-0.36087,0.676429
PSMD10,0.063071,0.676338
EIF5AP2,-0.12906,0.675412
AC120114.5,0.222871,0.675412
DYNC1LI1,0.037353,0.675412
CHMP4C,0.110247,0.675412
MB,-0.25456,0.675412
IFITM10,0.390702,0.675412
FZD4,-0.26514,0.675412
OR2AG1,-0.07992,0.674901
SCAND2P,-0.21394,0.674442
DMRTC1B,0.178736,0.674442
TNFRSF6B,0.293301,0.674387
SSSCA1,0.076899,0.674387
ZSCAN32,0.034099,0.67411
TRMT9B,-0.18242,0.673863
TRIM15,0.163421,0.673863
MTF1,-0.01044,0.673824
NEXMIF,-0.14999,0.673182
MECOM,-0.15731,0.673104
SMCO3,-0.13397,0.672798
UBE2Z,0.001748,0.672487
NXT1,0.064872,0.672468
MANSC4,-0.14481,0.672468
MAGEF1,0.074449,0.672312
MRFAP1L1,0.037994,0.671979
DAAM1,-0.225,0.671979
DHX33,-0.16633,0.671979
POLHP1,-0.39439,0.671979
KCND2,-0.22638,0.671943
HINT2P1,-0.2476,0.671664
CDC45,0.122038,0.671377
EIF2S2P4,0.274898,0.670954
TUBE1,-0.47847,0.670954
SRSF7,0.113135,0.670588
PDE3A,-0.15146,0.670588
METTL24,-0.30812,0.670588
ACTR1A,-0.00015,0.670257
MTND2P41,-0.28785,0.670157
ATAD3B,0.26875,0.669961
FAM204CP,-0.18804,0.669459
C4BPAP1,-0.04276,0.669346
AC015911.7,-0.15539,0.668931
NFU1,0.101774,0.668931
S1PR1,0.164111,0.66865
PMCH,-0.24386,0.668451
PAQR8,-0.18546,0.668451
ZNF778,-0.02081,0.668451
ACVR1C,-0.10394,0.668002
UIMC1,0.012088,0.667688
PPP1R35,0.066284,0.667688
TLN1,-0.15054,0.667688
LAPTM5,0.128225,0.667688
DGCR5,-0.17299,0.667688
SBK1,-0.13069,0.667688
AC092718.8,-0.12408,0.667688
ZBTB41,-0.21388,0.667688
GRK2,-0.0582,0.667688
ARL16,0.135736,0.667688
ACTG1P17,-0.30709,0.667473
TM4SF20,-0.18191,0.667376
GATC,0.0043,0.667037
AC022022.1,-0.80092,0.666651
TMPRSS15,-0.25284,0.666541
C2orf69,0.085619,0.666237
MRPL3,-0.01748,0.666161
REXO2,0.014351,0.666161
SAXO2,-0.48897,0.665682
AC006994.1,-0.33976,0.665682
CDSN,1.967509,0.665682
SEPT11,-0.44257,0.665557
PPP1R16B,-0.06076,0.665557
AL451074.4,-0.36537,0.665557
UBL3,0.131415,0.665557
NANOGP5,-0.27664,0.665112
TCF12,-0.24303,0.665112
FP700111.2,-0.12999,0.665112
TANC2,-0.24492,0.665112
AC010469.2,-0.25191,0.665021
TMEM211,-0.18479,0.664993
LAMB3,0.076088,0.664693
HEATR5B,-0.22608,0.664363
EEF1A1P3,-0.3567,0.664363
RNF165,-0.09632,0.664363
NEK4P1,0.128784,0.664341
AC013452.1,-0.28366,0.664341
GFRA2,0.069667,0.664214
COX16,0.055766,0.663989
FAM151B,-0.30696,0.663732
AC106872.5,-0.2457,0.663675
ALS2CR12,-0.34279,0.663492
PUS3,0.061683,0.663492
AL353662.2,-0.30305,0.663273
ATP6V0A4,-0.50522,0.663251
DNAH6,-0.18233,0.662873
RAB3GAP2,-0.19643,0.662808
NPM1P26,-0.34011,0.662772
PCDHGB9P,-0.20524,0.662772
CRB2,-0.08297,0.662772
DNAAF1,-0.20812,0.662772
PARM1,-0.26398,0.662735
ARRB2,-0.0338,0.662735
MPZL3,0.087942,0.662712
DHX38,0.029436,0.662474
NPM1,0.106342,0.662387
GJA6P,-0.12618,0.662205
PALB2,-0.04246,0.662129
RABAC1,0.090665,0.66185
LAMA5,-0.07351,0.661717
TAX1BP3,0.037512,0.661717
SIDT2,-0.18454,0.661717
KBTBD3,-0.18497,0.661717
EIF3M,0.084711,0.661596
BICC1,-0.3928,0.661489
RRM2,0.168452,0.661452
AC083822.1,-0.60876,0.661383
NUMB,-0.15966,0.66067
BDH1,0.044557,0.660631
NCOA4P3,-0.15776,0.660595
TNFRSF13C,-0.61771,0.66054
IGHV3-33,-0.77177,0.66054
SF3A2,-0.18065,0.66054
SLC39A1,0.042918,0.660511
AL161636.2,-0.22188,0.660511
AVIL,-0.33462,0.660511
SLC30A3,-0.14765,0.660511
EPS15P1,-0.1994,0.660511
HIST1H2BO,0.195451,0.660511
NELFE,0.174018,0.660511
CETN4P,-0.15939,0.66049
RAP1A,-0.1391,0.660295
RBMS1P1,-0.18452,0.660295
IL7,-0.28464,0.660204
ZNF330,0.010099,0.660066
FILIP1,-0.16002,0.660029
CDKN3,0.182459,0.660029
SSH1,-0.17718,0.659952
TRIM69,0.321971,0.659832
CYP4V2,-0.24168,0.659803
HLA-DRB1,-1.49335,0.659584
DNAJC5,0.01852,0.659485
YES1P1,-0.25007,0.659455
ZNF192P1,-0.14618,0.659455
FAM103A2P,0.333477,0.659455
AL353807.4,-0.49872,0.659308
MRPL37P1,-0.21502,0.659283
CCDC148,-0.23376,0.65921
AC119396.1,-0.13856,0.65921
GUSBP9,-0.38815,0.65921
CFAP43,-0.15482,0.659133
SIGLEC8,-0.17095,0.658962
GUSBP6,-0.08442,0.658729
AL353743.1,-0.22137,0.658729
ADAM7,0.048944,0.658729
MDH1,0.002789,0.658729
HIST1H2BC,0.13582,0.658472
GRIN2B,-0.3899,0.658327
BNIP3P8,-0.31065,0.658118
FBXW10,-0.28844,0.657704
DPRXP1,-0.32623,0.657704
FCGR1A,0.207591,0.657704
CTSF,-0.18195,0.657704
ZNF701,-0.14692,0.657704
NDUFAF1,0.110686,0.657629
HADH,-0.17732,0.657579
KRT127P,0.28807,0.657579
PIM1,0.066565,0.657251
FBRSL1,-0.2388,0.657251
UBE3B,-0.09619,0.657201
SLCO1B7,-0.34338,0.656935
TMEM97,-0.45011,0.656858
PCDH19,-0.48128,0.656858
RPS29P21,-0.68511,0.656858
CRHR2,0.01487,0.656712
AVPI1,0.115646,0.656567
AC018755.3,-0.24159,0.656551
AC109458.1,-0.48037,0.656551
RARS2,-0.04668,0.656375
IGHG4,0.072234,0.656375
MAN2B1,0.024786,0.656375
PRICKLE4,-0.27044,0.656375
PGAP1,-0.26553,0.656375
OTUD5,0.027784,0.656375
CDV3,0.057963,0.656332
PABPC5,-0.13579,0.656166
ACTR10,0.00641,0.656166
ZNF814,-0.21464,0.656082
ZNF716,-0.08266,0.656082
TXNIP,0.090542,0.655964
RBM33,-0.24487,0.655964
CEP68,-0.16332,0.655694
ADGRF4,0.063361,0.655193
AL359885.1,-0.29297,0.655193
PUS7,-0.09251,0.655193
GPR78,-0.08008,0.655193
ASNS,-0.02324,0.655193
KIF22,0.018779,0.655193
AC121758.1,-0.17487,0.65513
SHANK3,0.171233,0.654944
AC087639.1,-0.1326,0.654486
AC026111.1,-0.36126,0.654274
GIMAP1,0.102755,0.654035
RAB1A,0.038302,0.654035
PER2,-0.29525,0.654035
CLMN,-0.15585,0.654035
AC097493.1,-0.34709,0.653994
CDKL1,-0.99153,0.653937
RYR2,0.047155,0.653821
HLA-DPA1,0.412721,0.653821
KRT17P6,-0.10063,0.653821
AC027455.2,-0.42767,0.653821
KNG1,-0.05056,0.653737
USP44,-0.22031,0.653737
CALHM3,-0.06283,0.653737
ABCA6,-0.4399,0.653737
KCNH5,-0.24191,0.653737
CCDC58,-1.19064,0.653737
KCNJ14,-0.21096,0.653737
PCDHGA12,-0.2455,0.653737
GALK2,-0.16711,0.653737
AC019227.1,-0.4251,0.653737
AC087283.1,-0.22216,0.653737
NDUFB11,0.067891,0.653737
DRD4,-0.25012,0.653737
TMEM196,-0.06649,0.653713
SEMA4G,-0.11455,0.653674
BICD2,0.000946,0.653674
C19orf44,-0.23348,0.653674
SMU1,0.01978,0.653674
STX5,-0.01022,0.653674
POLR2D,-0.06174,0.653427
MTCO1P31,-0.24555,0.653395
RAMP2,0.201447,0.653284
CD209,0.285267,0.653284
TMOD2,-0.19518,0.653195
RASAL2,-0.30563,0.653168
ANKRD33B,-0.23778,0.653098
AL023284.2,-0.24361,0.652993
ABCB4,-0.16336,0.652993
SSU72,0.023535,0.652993
CHRM3,-0.32861,0.652993
ACTR3BP4,-0.10981,0.652655
ST6GALNAC6,0.019412,0.652653
PRDM11,-0.09075,0.652569
TMEM132E,-0.10372,0.652449
AC007424.1,-0.29661,0.652443
RNF31,0.026604,0.65234
PIP5K1B,-0.30905,0.65234
QPRT,-0.2028,0.65221
SF3A1,-0.16257,0.65221
HIST1H1A,0.210875,0.65221
UNC93B2,-0.13545,0.652042
MEGF11,-0.33357,0.651958
GPR19,-0.2433,0.651957
GAS2,-0.34326,0.651957
VWA2,-0.21903,0.651957
LY6G6F,-0.11567,0.651957
SULT1E1,0.287156,0.65158
ERCC4,-0.43809,0.651435
TRIR,0.063884,0.651435
GTF3C3,-0.02047,0.651435
CAMKK2,-0.14426,0.65117
KRT4,-0.46797,0.651169
PIWIL1,0.104173,0.650873
CYP17A1,-0.24673,0.650687
WASHC2C,0.038277,0.65066
FAM167A,0.115458,0.650501
LARP1P1,-0.43827,0.650501
SETD1A,-0.11274,0.650472
NSG1,0.039308,0.65033
AC013474.1,-0.21066,0.65033
MINPP1,0.111483,0.650065
MTHFD2,0.165163,0.650065
RCAN1,0.143031,0.650003
INAFM2,-0.00063,0.649907
SNRPCP19,-0.32912,0.649766
NSMCE3,0.052311,0.649704
ITGB3BP,-0.34679,0.6493
WDR20,-0.06294,0.649247
AL139400.1,-0.22692,0.649068
FAM86C1,-0.19624,0.648819
COG3,-0.04932,0.64851
MEST,-0.37817,0.64851
AL157398.1,-0.70138,0.647964
TRABD,0.05754,0.647872
WNT2B,-0.22912,0.647818
OR8G1,-0.14748,0.647818
GPR18,-0.41075,0.647818
FGF10,-0.17288,0.647818
KRTAP5-4,-0.28387,0.647766
HAVCR1P1,-0.2817,0.647739
TPPP2,0.259582,0.647739
AL355916.3,-0.40241,0.647739
AC112673.1,-0.29128,0.647546
UPK3B,-0.3048,0.647279
CNOT10,-0.04252,0.647204
AC068896.1,-0.1662,0.647199
AL109983.1,-0.35789,0.647046
NELFB,0.019454,0.646814
BCKDHB,-0.24944,0.646814
BLOC1S6,-0.27432,0.646814
CASZ1,-0.22914,0.646814
CAPN14,0.122922,0.646814
OPCML,-0.01304,0.646773
HHEX,0.13075,0.646209
CTNNA2,-0.11987,0.646209
BNIP3P42,-0.346,0.646128
TPI1P3,-0.17517,0.646019
NFYB,0.088394,0.646019
SRRM5,-0.10857,0.646019
TEX9,-0.17559,0.645927
AC241377.4,-0.18081,0.645927
ZNF37A,-0.19658,0.645927
GGNBP1,-0.38058,0.645927
FRMD6,-0.01183,0.645927
RBM39,-0.01851,0.645914
GPR4,-0.09535,0.645914
C1QTNF3,-0.40582,0.645801
ARHGEF17,-0.17667,0.645788
IGHV3-33,-0.71112,0.645227
PAXX,0.07565,0.644195
HSD17B1P1,-0.2169,0.644066
APH1A,0.045069,0.644066
IQCK,-0.05139,0.643687
C11orf96,0.196456,0.643687
IGHV3-11,-0.43565,0.643302
PCDHA2,-0.0342,0.643302
AL162726.3,-0.15955,0.643047
SPOCK2,0.172048,0.642926
RPH3AL,-0.25826,0.64288
AP1G1,-0.11561,0.642856
ZNF510,-0.14577,0.642837
CKMT1B,0.075635,0.642837
TNXB,-0.60952,0.642625
CDH22,-0.22673,0.642625
OR2A20P,-0.404,0.642625
RPL30P13,-0.46692,0.642625
TTC38,-0.24121,0.642513
OLFM2,-0.27613,0.642485
SCGB2A2,-1.43414,0.642367
GOT2P2,-0.10153,0.642194
JPH1,-0.08152,0.642156
CDK15,-0.19748,0.642156
UPF1,-0.22186,0.641826
DEFB131E,-0.49396,0.641826
FAM35CP,-0.13306,0.641783
YIF1A,0.046808,0.641776
AC006254.3,-0.15816,0.641776
TP53BP1,-0.18216,0.641776
TMEM9B,0.050602,0.64163
IGLV3-9,-0.38897,0.64163
AC141586.1,-0.2405,0.64163
AL078645.2,-0.35471,0.64163
RIN3,-0.21517,0.64163
LYPLA1,0.122468,0.6416
MARC1,-0.29702,0.641594
ALX3,-0.20367,0.641366
C6orf203,0.035164,0.641366
PLAC8,-0.24241,0.641366
RASL12,0.151837,0.641366
KCNE4,-0.45156,0.641366
NUDT15,0.066309,0.641366
AC018804.1,0.397344,0.641366
MTCO1P12,-0.45685,0.641366
SLC25A53,-0.08727,0.641366
ADAM20,-0.1948,0.641366
OPRD1,-0.13487,0.641366
PHF12,-0.16041,0.641102
SP1,-0.12337,0.641102
TERF2IP,0.034821,0.641102
CIZ1,-0.12973,0.640929
PITRM1,0.018355,0.640929
ZNF587B,-0.17111,0.640804
PPIAP31,-0.21508,0.64079
FAXC,-0.05001,0.640306
RCOR2,-0.16018,0.640185
AL121952.1,-0.37316,0.63993
FKBP1B,0.141318,0.63993
XRCC5,0.045125,0.63993
COL9A2,-0.33406,0.63993
HAVCR1,-0.22877,0.639707
AC008752.3,-0.25413,0.639707
ZNF805,-0.15302,0.639707
LRMDA,-0.18049,0.639425
NR2C2AP,0.082497,0.639236
IL12RB2,-0.07438,0.639226
TYRO3P,-0.21479,0.639226
AC006270.2,-0.35401,0.639039
LRRC26,-0.29258,0.639039
TMPRSS4,0.235993,0.638619
NYAP2,-0.06321,0.638596
FAM83A,-0.3832,0.638596
SRD5A2,-0.02189,0.638425
H3F3A,0.078463,0.638425
NUB1,0.032893,0.638349
ZNF621,-0.2165,0.638153
MYCBP2,-0.23508,0.638153
PRIMPOL,-0.08594,0.638153
AP3B1,-0.04722,0.637924
CFB,0.363682,0.637854
LILRA3,0.070942,0.637619
NFE2L3,0.046535,0.637609
HRH3,0.060396,0.637043
RXFP1,-0.10756,0.636753
ELP4,-0.13133,0.636753
OR5BA1P,-0.18141,0.636662
CA5B,-0.1187,0.636597
ARMC3,-0.21952,0.63652
GOLGA2P9,-0.08558,0.636472
IGKV1-9,-0.43537,0.636183
GABARAP,0.02875,0.635679
FAM240B,-0.18759,0.635649
GABRB3,-0.28212,0.635623
FKBP7,-0.18771,0.635569
RAB15,-0.2283,0.63542
TMC2,-0.29435,0.63542
ST14,0.03042,0.635328
CHRM2,-0.08029,0.63506
AC019109.1,-0.08352,0.63506
ZYG11A,-0.23651,0.63506
TAS2R15P,-0.28616,0.635044
BCL2L1,-0.00811,0.635044
RBMS1,-0.08961,0.634817
CD37,-0.26634,0.634585
NKAPP1,-0.34288,0.634134
MYL10,-0.19578,0.634134
XCL2,0.255274,0.633884
AADACL2,0.233534,0.633863
ALKBH1,-0.09985,0.633698
CR381653.2,-0.42842,0.633591
HSPB1,0.099703,0.633591
OR2A3P,-0.18099,0.633591
TRIM17,-0.22806,0.633591
AL356776.1,-0.41948,0.633572
RNF144A,-0.27664,0.633479
PLEKHS1,-0.12495,0.633184
MFSD12,-0.29233,0.633184
DUSP27,-0.03652,0.632833
EIF3C,0.000394,0.632833
RABIF,0.043316,0.632833
LAMP1,0.025531,0.632685
LDLRAP1,0.081773,0.632685
LY9,-0.22982,0.632685
A4GALT,-0.26929,0.632685
MTND1P36,-0.17061,0.632685
SLC16A13,-0.20257,0.632685
AP000787.3,-0.52825,0.632685
VKORC1L1,-0.16545,0.632624
ADH5,0.089967,0.632343
NHLRC1,0.049246,0.632343
AC013467.2,-0.28377,0.632343
AC013476.2,-0.34284,0.632343
MROH7-TTC4,-0.16696,0.632343
AC091516.1,-0.30423,0.632343
EFHC1,-0.35216,0.632343
HIST1H2BE,0.183226,0.632339
AC097639.2,-0.61596,0.632339
POU5F1P5,-0.3553,0.632339
ARL2,0.053479,0.632326
PHF2,-0.12273,0.632014
CRYM-AS1,-0.10066,0.631817
AKT1S1,-0.0056,0.631817
CH25H,0.160837,0.631817
USP51,-0.15637,0.631817
MYH3,-0.15958,0.631671
ABCC11,-0.17004,0.631545
DRD4,-0.1278,0.631517
SLC4A1,-0.51395,0.631517
CAPN15,0.028401,0.631043
HSP90AB7P,-0.16402,0.630942
SLC2A3P4,-0.22361,0.630942
ACTB,0.037412,0.630942
TFPI,-0.12649,0.630942
STMN3,-0.23687,0.63082
CAT,0.072244,0.630726
SLC16A2,-0.18325,0.630626
PRSS53,0.265215,0.630626
WDR5,-0.00139,0.630626
SHC4,-0.38377,0.630626
PPP1CC,0.03731,0.630615
KIAA2012,-0.19479,0.630475
GRM1,-0.08998,0.630475
LAMTOR2,0.073573,0.630475
CUTALP,0.20928,0.630475
AL359633.1,-0.51739,0.630358
ECM1,0.147411,0.630358
HIPK4,-0.08401,0.630358
KCNJ15,-0.06598,0.630358
ADAMTS16,-0.21662,0.630209
CCDC194,-0.23552,0.629996
SLC16A6P1,-0.31884,0.629762
NFKBIL1,0.271354,0.629711
TFAMP2,-0.14681,0.629711
NRG3,-0.14257,0.629711
AL139317.4,-0.1247,0.629686
ZFP92,0.05054,0.629389
CSMD2,-0.1638,0.629099
PKLR,-0.40061,0.628723
LINC00694,-0.20021,0.628723
FCGBP,-0.32857,0.628641
RPL7P25,-0.29174,0.628344
AC004217.2,-0.11933,0.628236
USP2,0.088231,0.628198
TAF7L,0.135901,0.62819
KCNC3,-0.10303,0.62819
PATL1,-0.1989,0.627968
RPL30P2,-0.59048,0.627968
SNURF,-0.22255,0.627956
C3orf30,0.048621,0.627956
AADAT,-0.24741,0.627784
SERPINI2,-0.16443,0.627784
YWHAQ,0.050865,0.627678
CHD9,-0.2519,0.62752
AC073551.1,-0.31991,0.626702
RAB40A,-0.19211,0.626458
DXO,0.701844,0.626094
CACNA1E,-0.151,0.626088
CHD7,-0.30481,0.626068
SOX1,0.10204,0.625742
PIWIL2,-0.14064,0.625742
PHYKPL,-0.25616,0.625738
TECPR2,-0.18895,0.625738
MDN1,-0.21656,0.625686
CWF19L1,0.047209,0.625686
FAM181B,-0.14235,0.625686
KRT33A,-0.13367,0.625571
MAP1S,-0.17999,0.625309
URB1,-0.17503,0.62517
SDR42E1,-0.10267,0.624818
TMEM225B,0.044626,0.624709
RSPH10B,-0.32696,0.624649
SMG1,-0.22301,0.624633
ALDH5A1,-0.15122,0.624373
TTC12,0.035865,0.623889
HNF4G,-0.29564,0.623678
THBS2,0.228475,0.623678
CES5A,0.136743,0.623678
TRIM4,-0.12891,0.623678
MON2,-0.18657,0.623678
DCUN1D4,-0.18104,0.623678
PLGLB1,-0.29001,0.623579
RRM1,0.033385,0.623419
AC020779.1,-0.29196,0.623296
JTB,0.024596,0.623166
SNX18P12,-0.39889,0.622969
AL591926.6,-0.36173,0.622969
UXT,0.081069,0.622969
COPZ1,0.023908,0.622942
ELOCP33,-0.32387,0.622942
PHTF1,-0.19931,0.622732
ATP5PD,0.09928,0.622688
CRX,-0.17168,0.622688
CHRNG,-0.27693,0.622688
ZNF135,-0.25743,0.622688
PCMT1,0.02523,0.622688
ESYT3,-0.03093,0.622688
CD200,-0.30601,0.622599
ARF1,0.030405,0.622599
PMEPA1,0.103824,0.622599
CARMIL1,-1.04241,0.622342
SLC35D1,0.022938,0.622342
TSPAN5,-0.0067,0.622322
METRNL,-0.41425,0.622322
MSTO1,0.097477,0.622322
FASTK,0.068443,0.622322
HNRNPC,0.032687,0.622322
RRH,-0.1947,0.621964
PES1,0.029656,0.621437
ZNF625,-0.21268,0.62135
H1F0,0.049166,0.62135
PLPPR1,-0.08333,0.621288
ZNF585A,-0.01182,0.621265
GJB7,-0.16209,0.621265
SIGLEC17P,-0.1806,0.621097
LHFPL5,-0.32253,0.620216
FAM177B,-0.15902,0.620216
KCNC4,-0.11559,0.620098
DIABLO,0.074101,0.620098
ZBTB8OS,0.062074,0.620098
CNTNAP2,-0.27729,0.619936
MYO3B,-0.21276,0.619905
S100A10,0.039915,0.619905
MRPL14,0.07894,0.619846
CMA1,-0.47955,0.619795
OR9I1,-0.05945,0.619616
AP001258.1,0.220497,0.619563
ATF4P4,-0.1229,0.619385
MPHOSPH9,-0.18645,0.619308
WDR17,-0.11631,0.619054
FOXK1,-0.2213,0.618979
C1D,0.136478,0.618979
SEMA5B,-0.16152,0.61897
POLD3,-0.07292,0.618937
DAZAP2,0.026056,0.618937
ARHGAP10,-0.13882,0.618937
MYCL,-0.22709,0.618937
EDAR,-0.24671,0.618937
TAF3,-0.13546,0.618937
ZNRF2P2,-0.34613,0.618937
TNS3,-0.22839,0.618839
TMSB15B,-0.18246,0.618685
JPH2,0.182441,0.618503
PKP3,0.091915,0.618503
SLC10A5,-0.17645,0.618503
RPS15AP30,-0.48442,0.617439
TOP3B,0.017963,0.617439
GNAI2,0.049266,0.617439
AC013488.1,-0.13756,0.617336
BLOC1S3,-0.16056,0.617336
AC073073.1,0.26411,0.617336
AC129492.6,0.142321,0.617221
PRB2,-0.02826,0.617221
NEU2,0.209048,0.617204
ABCF1,0.226309,0.617204
NEK10,-0.25114,0.616739
GABRA1,-0.21347,0.616739
GALNT17,-0.10755,0.616726
POLR3C,-0.07792,0.616726
KRTAP20-2,-0.42421,0.616726
PREB,0.048462,0.616726
CCHCR1,-0.58416,0.616726
DDX21,0.082385,0.616449
KCNJ2,-0.2091,0.616308
FZD6,0.05558,0.616307
PAAF1,-0.15594,0.616229
NHSL1,-0.19385,0.616191
PRKAG2,-0.20264,0.616111
IGKV1D-39,-0.85142,0.616047
PHF20,-0.14698,0.616047
MYEF2,-0.22174,0.616047
GALE,0.038498,0.615926
AC022414.1,-0.08778,0.615913
OBSCN,-0.27912,0.615856
COL23A1,-0.28872,0.615856
ABT1,0.046272,0.615856
CHURC1,0.081543,0.615856
ADARB2,-0.03326,0.615856
HIGD2B,0.069522,0.615856
TSN,0.02173,0.615856
KPTN,0.141674,0.615796
C16orf89,-0.31852,0.615781
IFNL3P1,-0.32617,0.615698
AC023424.1,-0.38163,0.615698
HPF1,0.032552,0.615506
AC010615.4,-0.34313,0.615362
AC074140.1,-0.64319,0.61523
KDM5B,-0.16539,0.61507
RBM45,0.064594,0.614847
VWA5B2,-0.10213,0.614702
DSCAML1,-0.16426,0.614503
ADGRF5,0.062407,0.614001
ZNF426,-0.06135,0.613615
PPM1F,-0.05925,0.613615
FAM168B,0.017433,0.613454
C1QTNF1,-0.34263,0.613454
OR2T3,-0.12872,0.613384
SCNN1A,-0.03465,0.613107
ARMC1,0.053749,0.612496
AC112693.2,-0.59468,0.612424
RNF38,-0.16758,0.612424
ATP5MC2,0.062577,0.612424
LILRB2,0.17881,0.612347
IFNA20P,-0.32946,0.611917
ATG5,-0.028,0.611758
ZNF154,-0.25425,0.611721
PGC,-0.0783,0.611721
SYNE3,-0.32015,0.611721
COPS3,0.020402,0.611607
HS3ST3A1,0.111246,0.611607
ORC6,-0.29195,0.611607
HLA-DPA1,0.189583,0.61146
ZNF165,0.095402,0.611371
PUF60,0.064333,0.611334
LDLRAD3,-0.30528,0.611334
FIGNL1,0.081336,0.611222
NKAP,-0.23355,0.611189
CALML5,0.14727,0.611189
NUDT4P2,0.113395,0.611189
TIGD3,0.054902,0.611189
EID2,0.06987,0.611189
ZNF500,-0.06255,0.611187
BX005195.1,-0.29451,0.611131
AKR1B1P3,-0.33091,0.611131
TRIM55,-0.63677,0.611131
SYNDIG1L,0.007688,0.611131
RC3H1,-0.19312,0.611131
SLC16A10,0.203464,0.611106
TREML1,0.074883,0.610951
C6orf120,0.024417,0.610951
ZBTB7A,-0.22393,0.610951
ZNF652,-0.20522,0.610916
TVP23CP1,-0.18046,0.610391
AURKB,0.126867,0.610391
TMEM144,-0.26457,0.610391
LRRC37A12P,-0.07071,0.610391
GPR26,-0.02064,0.610391
C2orf88,-0.30377,0.610162
CARMIL3,0.150873,0.610162
SFRP2,-0.50823,0.610162
PNLIPRP1,-0.29168,0.610162
ANKRD66,-0.11579,0.609844
HSPB2,0.203119,0.609844
ATP6AP1L,-0.24694,0.609844
POLR3F,0.067217,0.609844
AC093616.1,0.281216,0.609801
ARL4AP4,-0.39954,0.609751
STAC2,-0.41679,0.60944
ZNF532,-0.28285,0.60944
TACO1,0.034589,0.60944
MYBPC1,-0.33858,0.60944
HIVEP1,-0.17947,0.60944
GPR141,-0.37463,0.60944
AC090971.4,-0.19727,0.60944
NEK8,-0.22357,0.60944
ZNF274,-0.00951,0.60938
LDHD,-0.44301,0.60938
TMEM245,-0.12976,0.60919
LETMD1,-0.15294,0.608922
AKAP9,-0.17555,0.608922
LRP5,-0.14477,0.608829
SHB,0.05339,0.608806
FITM2,-0.21098,0.608769
NRBP1,0.023846,0.608585
RYR3,-0.62506,0.608554
AHR,-0.2117,0.608261
RPS20P33,-0.4407,0.608081
FAR2P2,-0.18894,0.607876
RHOT2,0.083059,0.607847
CLSTN3,-0.47872,0.607847
BIRC6-AS2,-0.34805,0.607745
MYO19,0.026143,0.607469
RPL7AP2,-0.28507,0.607469
CUX1,-0.10973,0.607443
AL590103.1,-0.47232,0.607399
POLR2F,0.048563,0.607187
C1orf162,0.218442,0.607165
TWIST1,-0.38857,0.606913
CDC34,0.035531,0.606817
GSTA2,-0.14095,0.606803
RAB2B,-0.09609,0.606803
PREX2,-0.30786,0.606246
CKLF,0.066217,0.606246
LARP1,-0.20407,0.606039
COX4I1,0.041398,0.606017
M1AP,-0.17801,0.605865
CHCHD2P6,0.25735,0.605574
AC074276.2,-0.34015,0.605574
CLEC2D,-0.33675,0.605574
PPP1R26,-0.19332,0.605554
CTSC,0.232228,0.605538
IGLV2-14,-1.10467,0.605538
MYH16,-0.09804,0.605538
C5orf67,0.201375,0.605196
C10orf53,-0.1572,0.604911
PLCZ1,-0.37214,0.604911
RHOB,0.114947,0.604911
AC093414.1,-0.26948,0.604911
AGGF1,0.011049,0.604824
HADHAP2,-0.08679,0.604328
TOR1AIP2,-0.11232,0.604328
BRIX1,-0.00068,0.604328
SDSL,-0.10695,0.604262
NARF,0.046281,0.604209
PIGG,-0.04596,0.604209
TIAF1,-0.22789,0.604209
PTH2R,-0.23672,0.604204
VARS2,-0.76628,0.604204
AL354890.1,-0.43945,0.604204
EEF1A1P25,-0.21633,0.604101
DNAJB3,-0.28772,0.60406
CD14,0.147935,0.60406
BZW1,0.14656,0.60406
PCDHGA11,-0.18475,0.60406
SET,0.011486,0.60406
TMEM62,-0.02483,0.60406
FAM110A,0.079256,0.604055
CACNB4,-0.39146,0.604034
AC010616.1,-0.09176,0.604023
SLC7A14,-0.21696,0.603925
AMER2,-0.06705,0.603545
CXXC4,-0.03503,0.603545
SCMH1,-0.15789,0.603545
RAB5CP1,-0.39252,0.603183
RPS4XP5,-0.33945,0.603183
ANXA2P1,-0.19558,0.602875
ADORA2A,-0.27139,0.602802
ZNF486,-0.16134,0.60271
PMS2P9,-0.46157,0.60271
RPL24P8,-0.35257,0.602584
VPS26A,-0.14542,0.601735
CHMP1B2P,-0.0769,0.601735
RPL30,0.082229,0.601735
RPL12P7,-0.21805,0.601668
SLC39A7,0.040171,0.601489
SERTAD4,0.263163,0.601489
TAS2R19,-0.35204,0.601489
TPST2P1,-0.24264,0.60143
IGKV2-24,-0.53324,0.600903
RPS6P25,-0.2439,0.600903
CANT1,-0.23099,0.60075
PTMA,0.089121,0.600457
BRD3OS,-0.20875,0.600387
MRPS30,-0.09145,0.600387
CATIP,-0.22777,0.600277
SLC23A3,-0.24374,0.600277
OR8D4,-0.09434,0.600277
ADAM12,-0.3273,0.600277
B4GALT7,0.018359,0.599295
PDZD11,0.050565,0.598867
OR6C66P,-0.06283,0.598793
VAMP7,0.053559,0.598793
TP53,-0.14921,0.598793
IGHV3-7,-0.7092,0.598793
SCAP,-0.18292,0.598515
PRKXP1,-0.18924,0.598433
CXCL10,1.716974,0.598286
BBS4,-0.09316,0.598216
APEX1,0.082556,0.597908
GAB1,-0.24758,0.597465
AC120036.1,-0.0952,0.597452
NUDT22,0.014816,0.597107
MTND5P32,-0.0846,0.596827
TRMT1,0.119253,0.596725
TAS2R4,-0.28638,0.596672
HACE1,-0.16522,0.596312
DDIAS,0.090239,0.596277
CNTN5,-0.06478,0.596277
OR2A1,-0.15054,0.596277
TTC21A,-0.35358,0.596219
FADD,0.047134,0.596203
MDP1,0.06373,0.596048
FTLP10,-0.08598,0.596048
RAB20,0.126471,0.596048
WDR19,-0.24258,0.596048
HGS,-0.0076,0.596048
UBA52,0.064912,0.595745
USF1P1,-0.2499,0.595745
ZCCHC11,-0.19263,0.595745
HEY2,-0.16981,0.595436
AP000787.2,-0.25847,0.595436
HLA-DMB,0.455984,0.595411
BFSP1,0.110936,0.595411
ULK4,-0.18964,0.595411
TTLL9,-0.15765,0.595411
SUMO2P16,-0.53256,0.59532
SCAND1,0.063383,0.595226
CLASP2,-0.24271,0.595226
LRRC38,-0.15623,0.595226
FAM96A,0.034177,0.59521
HIST1H2AM,0.1566,0.595105
CYB5B,0.036215,0.595105
RBM26,-0.18612,0.595105
CLHC1,-0.20622,0.595105
USF2,0.007197,0.595105
UGT2A2,-0.43559,0.594781
THOC7,0.066298,0.59462
ZNF169,-0.22967,0.594469
RTL1,-0.06896,0.594422
SMOX,0.154278,0.594395
FAM185BP,-0.35644,0.594395
SDHD,0.064631,0.594379
PKDREJ,-0.12502,0.593813
ULK4P2,-0.31818,0.593735
DUTP1,-0.38502,0.593732
AC009220.2,-0.12716,0.593732
CETN3,0.078248,0.593729
NUDCD2,0.172145,0.593729
OR5P1P,-0.32545,0.59371
AC055731.1,-0.264,0.593457
PRR16,-0.21977,0.593289
CASP3,0.010489,0.593289
PHACTR1,-0.1832,0.593171
TLR5,-0.20633,0.593171
C6orf201,-0.44964,0.593078
SAP130,-0.14376,0.592835
SNX16,-0.22901,0.592835
HLA-J,-0.08372,0.592664
SNN,0.058449,0.592664
YIPF4,-0.09977,0.592563
RAB3IL1,-0.39109,0.592563
ELN,-0.45889,0.592563
UBE2I,0.023785,0.592319
AMER1,-0.10388,0.592319
RAB7B,0.026638,0.592115
SLC22A31,-0.39141,0.592
TEK,0.099606,0.591986
DECR1,0.015575,0.591663
RGS5,0.134573,0.591302
SLC4A9,-0.09158,0.591043
RNF220,0.02451,0.590886
TGIF2P1,-0.23113,0.590737
C14orf119,0.044968,0.590653
KLHL12,0.026756,0.590639
ZDHHC3,-0.01107,0.590575
PSMC1P1,0.36825,0.590421
PTPRQ,-0.22573,0.590421
OIT3,-0.08935,0.590372
AC123912.3,-0.10491,0.590336
OLFML2A,-0.16605,0.590222
OCM,-0.21212,0.590222
AC067945.1,0.227365,0.590011
ADK,0.037754,0.590011
MLXIP,-0.23722,0.589825
RABL2A,-0.23849,0.589825
RUVBL2,-0.03109,0.589631
AL355032.1,0.387653,0.589604
ADGRE1,-0.37198,0.589354
ADAMTS14,-0.23156,0.589354
OR52E5,-0.04463,0.588822
GSTA8P,-0.20125,0.588765
RNF122,-0.65704,0.588757
GPR89B,0.012187,0.58863
P2RY1,0.054817,0.58863
CLEC4E,-0.21021,0.588525
BAG3,0.030197,0.588525
MYADML,-0.13296,0.588525
DYRK2,-0.00214,0.588259
NUS1,-0.21996,0.588259
KCTD16,-0.03318,0.588259
COA4,0.048973,0.588259
RELN,-0.31955,0.588259
RBBP8,0.082744,0.588259
TSC22D3,0.165435,0.588259
AL034555.1,-0.67801,0.588226
EFNB2,-0.20947,0.588126
G6PC2,-0.06887,0.587621
AC108734.3,-0.14485,0.587496
POR,-0.01583,0.587496
LGALS9B,0.010358,0.587464
CXADR,0.066933,0.587224
AC119751.5,-0.46125,0.587208
RNH1,0.036865,0.586819
OR2AP1,-0.19222,0.58677
RBM42,0.026978,0.586592
TMEM143,-0.17805,0.586592
VSTM2A,-0.10332,0.586592
RSPRY1,-0.18952,0.586484
RABGAP1,-0.18885,0.586484
ZFPL1,0.047394,0.586484
WFDC1,-0.17274,0.586433
ZSWIM4,-0.20422,0.58635
KLK10,0.148781,0.58635
SCPEP1,0.02361,0.586141
PRPF31,0.181935,0.586033
PRAM1,-0.12966,0.586033
CICP10,-0.70038,0.586018
MCM8,-0.12713,0.585796
ADGRE2,-0.10306,0.585796
AL500527.2,-1.02214,0.58544
NDUFB2,0.085176,0.58544
ZKSCAN5,0.020922,0.58544
TRIM31,-0.23897,0.58544
RAB6B,-0.07929,0.58544
PPRC1,-0.19072,0.58544
KRTAP5-7,-0.19517,0.585394
PPP3R2,-0.0691,0.585394
WNT9B,-0.16557,0.585376
BCL11B,-0.18155,0.585376
IGKV1-16,-0.61619,0.585203
COL5A2,-0.35487,0.585162
AC114812.3,-0.35851,0.584772
RIOX2,-0.00055,0.584772
AC087441.2,-0.42432,0.584772
SMARCC2,-0.22757,0.584772
KCNA7,-0.15989,0.584757
HSPB11,0.005722,0.584757
ARGFXP2,-0.30379,0.584732
RPL12P13,-0.25517,0.584575
HNRNPA1P15,-0.19891,0.584498
RAD50,-0.13884,0.584472
TBX15,-0.30138,0.584086
SIMC1,-0.15057,0.584086
APOC1P1,-0.33651,0.584086
AC004870.1,0.120103,0.583649
CCDC188,-0.22659,0.583649
KLHL29,-0.21394,0.583649
METTL7B,-0.40727,0.58363
AC010469.1,-0.26193,0.583079
IMP3,0.051241,0.582694
AC010598.1,-0.68924,0.582508
CHSY1,0.068594,0.582508
DHX40,0.055435,0.582508
CPN2,-0.23211,0.582508
SUMO2P14,-0.51523,0.582508
TFB2M,0.05768,0.58235
NAV2,-0.26251,0.582307
SIK3,-0.2706,0.582307
RNF6,0.041994,0.582307
SELE,0.185675,0.582307
MEX3C,0.034866,0.582166
OTOA,-0.21753,0.58215
C1QTNF5,0.219226,0.582104
IGHEP2,-0.19455,0.581395
UBE2O,-0.11575,0.581353
CDH9,-0.36572,0.581215
MRPL45P2,-0.10232,0.581145
ULK4P3,-0.29202,0.581016
BRPF3,-0.25956,0.581016
GNL2P1,-0.1285,0.581016
CENPB,0.069814,0.581016
PA2G4P4,-0.36772,0.581016
WRNIP1,0.028191,0.581016
ZNF880,-0.12586,0.581016
GNE,-0.23145,0.580816
SLBP,0.055821,0.580778
PCBP1,-0.16583,0.580523
NPIPB4,-0.3936,0.579933
SKA2,0.036099,0.579933
ACRBP,-0.17807,0.579933
KLHL26,-0.11861,0.579933
BOLA1,0.069759,0.579933
NPIPB5,-0.41258,0.579933
FAM171A2,-0.20846,0.579933
FAM72A,0.105469,0.579609
KCNG4,-0.09218,0.579542
MAIP1,0.046265,0.579542
CEP295,-0.17004,0.579542
Z93242.1,-0.40572,0.579542
SLC10A2,-0.08926,0.579542
ZNF92P3,-0.26522,0.579411
FREM2,-0.28227,0.579411
MTND3P12,-0.29295,0.579386
AMIGO1,-0.23885,0.579225
DHFR,0.092085,0.579188
AC114982.2,-0.46578,0.57885
MTMR10,0.548369,0.57885
BBX,-0.28405,0.578491
LYNX1-SLURP2,0.214648,0.578419
KRT18P60,-0.06212,0.578283
ITGA2,0.130779,0.578283
MME,-0.27788,0.578235
SPN,-0.19602,0.578044
EGLN1,0.115002,0.577574
CARD6,0.146431,0.577347
DLX6,-0.40168,0.577043
BSN,-0.0184,0.577009
PLEKHG4B,-0.1448,0.577009
PLEKHB2,0.009448,0.576936
C3orf38,0.024654,0.576833
DAAM2,-0.3299,0.576815
CLCN2,-0.20729,0.576815
CD22,-0.18615,0.576815
SMG1P4,-0.36602,0.576795
VAMP3,0.011744,0.576764
IFT52,0.043441,0.576544
HMGB3P9,-0.39215,0.576409
LRRIQ3,0.026606,0.576409
RPS9,0.550266,0.576409
ZNF516,-0.11236,0.576409
FOXE1,0.159753,0.576409
GPN3,0.072246,0.576261
PLA2G4F,0.047621,0.576261
AC020893.1,-0.34498,0.576261
STRAP,0.026212,0.576261
C8orf44,-0.17995,0.576261
COL26A1,-0.08233,0.576261
KCTD5,0.037607,0.576224
AL645933.1,0.145065,0.576224
FGF22,0.12668,0.576224
GIMAP5,0.203448,0.576224
OPRM1,-0.22177,0.576224
SPATA2,-0.15645,0.576224
NOTCH2NL,-0.21148,0.576224
PSAP,0.048585,0.576205
OR7E38P,-0.23133,0.576205
CCDC90B,-0.14065,0.576205
NT5C1B,-0.26346,0.576095
FER,-0.21369,0.576059
EIF3K,0.032046,0.575837
AC106782.1,-0.35127,0.575228
TBC1D3B,0.123547,0.575228
RASA4,-0.13784,0.575228
RPL5P12,-0.12838,0.57521
SLC7A5P2,-0.39213,0.57521
POM121L7P,-0.27534,0.57521
TESC,-0.40276,0.575181
UCHL1,-0.42524,0.575176
SRA1,0.006953,0.575174
CLEC12B,-0.29833,0.575174
ERN1,-0.22911,0.57477
AL355365.1,-0.51827,0.574764
TRAF7,0.000337,0.574759
CIRBP,0.109423,0.574759
ATP7A,-0.18284,0.574759
HCG4P5,0.482227,0.574759
MARCH9,-0.22395,0.574759
RPS24P16,-0.33824,0.574759
NBPF25P,-0.21744,0.574648
NRAP,0.027597,0.574588
DNM1P46,-0.12549,0.574588
UBE2Q2P1,-0.26706,0.57453
TAS2R46,-0.27236,0.574252
P2RY14,0.153882,0.574252
OR8D1,-0.07825,0.574252
YIPF3,-0.00209,0.574092
UPK2,0.152365,0.574081
EIF4A1P8,-0.17898,0.574081
KIF5C,-0.12067,0.574081
TMEM168,-0.15463,0.574081
AP001330.3,-0.26054,0.573865
CDKL5,-0.37065,0.573865
TFEB,-0.21179,0.573865
ADGRL4,0.210619,0.573851
ELOC,0.163448,0.573851
CSNK1G2,0.060763,0.573765
CLOCK,-0.12697,0.573645
L3MBTL4,-0.32045,0.573122
LCE1E,0.365915,0.573122
TAF15,-0.21668,0.573037
SPTBN4,-0.20809,0.572971
UBA7,0.046149,0.572929
MARVELD2,-0.37416,0.572851
AC025287.4,-0.21522,0.572726
PLOD2,0.069408,0.572672
DDAH2,-0.29301,0.572597
RPL22L1,0.149837,0.572391
RPS4XP1,-0.14418,0.572228
CDH3,0.081001,0.572013
SLC6A13,-0.16824,0.572013
ANKFY1,-0.09714,0.572013
TPTE2P2,-0.30458,0.572013
USP38,0.045664,0.572013
TRIT1,0.007794,0.572013
TTL,0.154413,0.572013
BCAS3,-0.2458,0.572013
YPEL2,-0.00204,0.572013
KLK1,-0.24641,0.572013
AC090241.1,-0.3414,0.571946
C5orf49,-0.23245,0.571716
MTND4P30,-0.20347,0.571716
BLZF1,0.019202,0.571591
MTND5P40,-0.46548,0.571588
TRIM26,1.13346,0.571359
ADAM32,-0.37721,0.571113
HIST1H4H,0.134069,0.571113
DDX27,0.011951,0.570783
ARRDC5,-0.09992,0.570783
PTCHD3,-0.08137,0.570325
RWDD1,0.046496,0.570325
IRF2BPL,-0.19789,0.570256
SMAD5,-0.14703,0.570256
Z97353.1,-0.2699,0.569732
ZNF470,-0.19741,0.569731
C2orf27A,-0.22773,0.569714
LOX,-0.41235,0.569656
COL18A1,-0.17494,0.569491
APBA2,-0.08856,0.569491
NMNAT2,-0.13021,0.569491
RPS27AP9,-0.28493,0.569469
FAM222A,-0.20735,0.569469
PRKCD,-0.23999,0.569469
UBE2G1,0.025134,0.569468
PPP3CB,-0.18223,0.569366
BSND,-0.07605,0.569366
HIST1H4J,0.138697,0.569366
CICP14,-0.25449,0.569366
HIST2H2AC,0.117375,0.569366
TMEM220,-0.21311,0.569134
ECE2,-0.14667,0.569134
TRA2B,0.017019,0.568976
UGGT2,-0.1638,0.568972
GGT2,-0.09534,0.568899
DES,0.371063,0.568899
PPP4R4,-0.16559,0.56878
F8A3,-0.52713,0.568601
AC087257.2,-0.36995,0.568601
FBXO16,-0.38314,0.568507
CYP51A1P3,-0.24275,0.568433
MYBL2,0.106765,0.568433
TBCD,-0.06458,0.568368
LRIG3,-0.21136,0.568142
PPEF1,-0.2205,0.568142
ZDBF2,-0.14899,0.568142
TXLNB,0.037629,0.568142
STX4,0.050291,0.568142
PDLIM1P4,-0.30893,0.567888
TAGAP,0.036132,0.567881
DUSP13,0.218842,0.567537
GAPDHP70,-0.10823,0.567342
SLC13A4,-0.23778,0.567314
TSSC2,-0.3107,0.567111
MTND4LP30,-0.47033,0.56703
SHMT2,0.012801,0.566977
CPT1B,0.192909,0.566851
HCAR1,-0.19106,0.566751
PMPCB,0.031863,0.566751
TSSK1B,-0.12651,0.566751
USP8,-0.05463,0.566751
CSRP1,0.109872,0.566673
CBX3P5,-0.22413,0.566655
AC067904.2,-0.08139,0.566596
DLX2,0.084273,0.566475
UBE2J1,0.05882,0.566475
DBNL,0.012277,0.566372
DET1,0.088074,0.566355
CBWD1,0.170943,0.566355
MRPL4,0.040507,0.566157
BEND3P1,-0.19003,0.566064
SRXN1,0.134654,0.565864
ARFIP2,0.047288,0.565799
LINGO1,-0.11353,0.565631
CSNK2B,0.79211,0.565504
PPP2R5C,0.040242,0.565504
SS18L2,0.085384,0.565406
RPL38,0.074611,0.565406
AC010287.1,-0.43519,0.565349
PCYOX1,-0.13281,0.565346
LIMS1,-0.03337,0.565346
AMELX,-0.16254,0.565346
CXCL6,0.046657,0.565346
DAPK2,-0.27954,0.565346
ARPC1B,0.049335,0.564633
AC015910.1,-0.38134,0.564633
KDELR1,-0.12185,0.564436
NIF3L1,-0.01555,0.564403
ANKRD13B,-0.18633,0.564003
AP001102.1,-0.35985,0.564003
BTLA,-0.07916,0.563997
CCDC189,0.081209,0.563826
AL022324.1,-0.2011,0.563608
TAS2R60,0.11346,0.563608
MRAP2,0.121681,0.563549
IL5,-0.15851,0.563549
SMPD5,-0.13497,0.563454
UBR2,-0.14941,0.563229
VAMP8,0.082973,0.563229
GAPDHP72,-0.15049,0.563229
TMEM59,0.093028,0.563229
SPATA20,0.103643,0.562919
NABP1,-0.84576,0.562919
OR5A2,-0.20297,0.562686
SPATA1,-0.3104,0.562369
CDA,0.272259,0.562102
STX16,-0.18573,0.561523
ADM5,0.100128,0.561485
SLCO2A1,-0.18052,0.561485
PA2G4P2,-0.10027,0.561468
ACTA1,0.318778,0.561253
STK24,0.021417,0.561253
THUMPD3,0.005805,0.561004
RPL10P12,-0.47241,0.560901
MTCYBP21,-0.14205,0.560901
TMEM171,0.156026,0.560825
CACNA2D3,-0.15759,0.560825
DDX50P1,-0.24688,0.560508
UTP6,0.044031,0.560499
C16orf70,-0.03441,0.560499
CCNK,-0.21571,0.560499
PRRX2,0.098396,0.560499
RAX2,-0.13547,0.560003
OLFM1,0.10714,0.560003
EVPLL,0.204597,0.559799
KRTAP19-5,-0.52793,0.559647
ASIC1,-0.18043,0.559587
PHPT1,0.055303,0.559515
AC090950.1,-0.3183,0.559515
ZNF259P1,-0.06465,0.559515
AC136944.3,0.204293,0.559473
SMOC2,0.198516,0.559285
AGFG2,-0.13643,0.559185
TMEM67,-0.17106,0.558894
TSSK1A,-0.22161,0.558865
PRIM2,-0.2017,0.558782
MRNIP,-0.29092,0.558776
ZNF397,-0.1703,0.558729
CEP55,0.120832,0.558662
PPP1R3D,0.023036,0.558647
PHKG1,-0.29738,0.558571
CSTB,0.109422,0.558281
DERA,-0.02635,0.558269
MYRFL,0.218258,0.55802
AC005336.1,0.189068,0.557896
BDP1,-0.38039,0.557879
LRRTM2,-0.31885,0.557879
TAZ,0.077655,0.557879
TMEM164,-0.23587,0.557879
JOSD1,0.082246,0.557879
AC011939.1,-0.30375,0.557701
TSPYL6,-0.10703,0.557644
EIF3F,0.058829,0.557644
PRLHR,-0.06967,0.557343
GPR157,-0.22132,0.557228
MAPK8IP2,-0.25513,0.557047
MSANTD3,0.049185,0.557047
KRTAP10-3,-0.14981,0.557047
PODN,-0.40867,0.557047
FOXO6,-0.21666,0.557047
TMED3,0.059746,0.556295
OAF,-0.25705,0.55604
USP36,-0.16116,0.55604
TAPBPL,0.069353,0.555768
ANKRD11,-0.22915,0.555395
CD300A,0.104459,0.555395
UBR4,0.098559,0.55514
HMGB3P22,-0.28793,0.555016
HMGB1P33,-0.27184,0.554897
CLMP,-0.56196,0.554897
SCARA5,-0.41947,0.554897
C3orf70,-0.1648,0.554897
ATG16L1,-0.02633,0.554717
HP,-0.20067,0.554717
DAPK1,-0.42866,0.554578
CYSTM1,-0.22767,0.554351
AMOT,-0.26443,0.554351
DOC2A,-0.13098,0.554311
FTH1P4,-0.34442,0.554311
NHP2P1,-0.25316,0.554311
CHRAC1,0.020035,0.554311
IQCF3,-0.39834,0.554219
ODF2,0.040581,0.553955
PABPC1,-0.22747,0.553769
AL593848.2,0.303366,0.553467
SYNJ1,-0.1527,0.553467
SEZ6L2,-0.153,0.553356
MRPL33,0.091593,0.552865
NUTM2B,-0.28118,0.552768
C19orf70,0.011716,0.552768
SMARCA1,-0.19371,0.552754
LCORL,-0.2105,0.552684
OR2L5,-0.10337,0.552684
GPR12,-0.45766,0.552684
DYRK1A,-0.1467,0.552663
PLCD1,-0.00628,0.552663
FAM35A,0.012717,0.552663
TMEM125,0.079802,0.552663
CFHR3,-0.14331,0.55248
HOXD1,-0.09427,0.552213
MTHFR,0.038996,0.552213
CA5A,-0.1659,0.552193
ZFP14,-0.13031,0.551842
PHB2,0.036425,0.551597
ZSCAN5B,-0.03725,0.551597
LHX2,-0.44739,0.551597
GLP1R,-0.04742,0.551517
AGL,-0.16756,0.551371
AC040975.1,-0.46081,0.551201
LEPR,0.217024,0.551201
AC027575.1,-0.13053,0.551201
ARL14,0.111223,0.551201
AC046134.1,-0.2982,0.551201
ZFAND4,-0.15408,0.551193
PITPNA,0.01736,0.551146
SUCLG2P4,-0.3072,0.551122
GLT8D2,-0.27889,0.551082
FDFT1,0.044941,0.550849
SLC25A41,0.097722,0.550849
MTCO3P12,-0.49966,0.550849
RBFOX1,-0.20272,0.550849
SLC20A2,-0.03632,0.550849
POPDC2,0.013354,0.550834
AC069113.1,-0.53686,0.550727
SYNE1,-0.2478,0.550413
SDHA,-0.15309,0.550413
C12orf40,-0.17472,0.550413
AC103591.2,-0.25486,0.550413
PRDX2P1,-0.20344,0.550413
PRDM7,-0.36033,0.550413
HIGD1C,-0.32912,0.550413
ZNF730,-0.19635,0.550413
AL137784.1,0.16012,0.550109
AC098934.2,-0.16665,0.550063
IL17REL,-0.06074,0.550061
FYB2,-0.25244,0.54998
GTF2IP23,-0.34982,0.549957
AC241556.3,-0.61653,0.549957
GDF11,-0.15037,0.549957
ANKRD36C,-0.36396,0.54966
SKP1P1,-0.3264,0.54966
AL117692.1,-0.29935,0.54966
PPIAP72,-0.32838,0.54966
CS,-0.15297,0.54966
BABAM1,0.002228,0.549598
ANKRD36B,-0.41241,0.549546
OR6J1,-0.20044,0.549467
NAXE,0.036071,0.549426
PXMP4,-0.14618,0.549369
NDUFS2,-0.00444,0.548903
METAP1D,0.128962,0.548433
TSPO,0.084968,0.548191
HAP1,-0.16649,0.547893
ITGA2B,-0.03301,0.547893
TTC7A,-0.26833,0.547893
IRF8,-0.05996,0.547893
MSH5,0.074684,0.547893
AC117529.1,-0.30184,0.547828
SLC22A24,-0.05017,0.547828
PSORS1C1,-0.33166,0.547828
CLDN18,-0.28617,0.547796
AKR1B15,-0.29588,0.547705
ZFP2,-0.07396,0.547668
CCDC115,0.042103,0.547668
PDE4DIP,-0.09858,0.547638
CCL2,0.279803,0.547476
HOXC13,0.070418,0.547424
HIST1H2BB,0.205824,0.547424
FASTKD2,0.031564,0.547349
GRM7,-0.17943,0.547343
H3F3B,0.087276,0.547321
DUSP23,0.069456,0.547249
AC007228.1,-0.6982,0.546868
ZNF138,-0.17547,0.546625
PCDHGB8P,-0.19639,0.546625
MANBAL,0.015035,0.546625
TMEM183A,0.018368,0.546585
AC116562.4,-0.34071,0.546394
SNTN,-0.26383,0.546215
PITPNM2,-0.09931,0.545947
SLC27A5,0.062302,0.545922
TRPA1,-0.3029,0.545922
ADPRHL1,0.053576,0.545837
PHB,0.018582,0.545803
YIF1B,0.064855,0.545362
GRK5,0.120809,0.545232
ANKRD20A19P,-0.20865,0.545115
PSMD8P1,-0.21042,0.544995
ERF,-0.01545,0.544829
NRL,0.085704,0.544706
TBC1D10B,-0.14993,0.544321
AC026951.1,-0.11207,0.54432
OR13D3P,-0.13276,0.544256
CDK5RAP2,-0.11046,0.544031
KRBOX1,0.29703,0.543808
SNRK,-0.02072,0.543714
GP1BA,-0.22862,0.54367
RSBN1L,-0.13231,0.54367
ATP5MC3,0.103613,0.54367
PROSER3,-0.26779,0.54367
AC216130.2,-0.2798,0.543582
TMEM199,0.035619,0.543582
TBC1D19,-0.21736,0.543582
FAM103A1,0.079994,0.543351
PIFO,0.136934,0.543307
MAGED4B,-0.21743,0.543163
IL24,0.099255,0.543142
HOXB5,-0.09908,0.543128
DNM1P47,-0.18691,0.543089
FAM222B,-0.23791,0.542947
FAM131A,0.059299,0.542913
SEC23B,0.018364,0.542913
DPCD,0.035336,0.542696
CSPP1,-0.15722,0.542694
DHFR2,-0.1402,0.542324
FAM210B,0.040454,0.542265
AL353779.2,0.31791,0.542178
PMCHL2,-0.1119,0.541903
JMJD1C,-0.174,0.541903
IGFBP2,0.278933,0.541763
ZCCHC4,-0.18441,0.541739
CLIC3,0.101264,0.541739
TJP1,-0.21332,0.541624
GPANK1,-0.26346,0.541624
TLK2P2,-0.19221,0.541284
PSEN2,0.037814,0.541262
TMEM47,-0.24956,0.541262
ZNF674,-0.14403,0.541083
AL023807.1,-0.41836,0.540774
CCT7,0.038058,0.540582
VN1R42P,-0.40321,0.540582
RPL31P2,-0.30287,0.540517
AC098650.1,-0.21475,0.540481
GOLGA8T,-0.17063,0.540401
LRRFIP2,-0.01463,0.540386
RPL37,0.081067,0.540386
ZBTB26,-0.15503,0.5402
NPPC,-0.11333,0.540147
LRPAP1,0.073546,0.540111
AC241556.4,-0.23606,0.540058
ONECUT2,-0.02076,0.540058
MOGAT1,-0.77066,0.540028
INTS3,-0.28018,0.540028
CR392039.4,-0.38782,0.540028
EFCAB13,-0.35316,0.540028
FBLN1,-0.34924,0.540028
RRAD,0.133648,0.540028
BTNL8,-0.13913,0.540028
AC097376.1,-0.31131,0.539986
MS4A4A,0.085368,0.539986
COX17,0.070409,0.539824
SCIN,-0.14635,0.539824
ZNF507,-0.13395,0.539754
PAG1,-0.10849,0.539634
RPP21,0.889398,0.539504
LSM6,0.09197,0.539347
SMIM30,0.093557,0.539216
MGAT4C,-0.00552,0.53907
SPATA13,-0.22517,0.539056
PPFIA1,-0.17521,0.539039
TM2D1,0.018352,0.538786
SLITRK2,-0.15306,0.538786
ENPP3,-0.27538,0.538383
ADAM28,-0.18118,0.538383
PSORS1C1,0.56196,0.538249
CAV2,0.11151,0.538249
IARS2P1,-0.13583,0.538214
TP53AIP1,0.104645,0.538214
UBE2D3P3,-0.34282,0.538214
ITM2C,0.059647,0.538161
SYNRG,-0.10094,0.537742
IGLV6-57,-0.57165,0.537741
BAG1,0.054902,0.537718
PCNAP1,-0.15901,0.537718
AP002383.1,-0.12987,0.537535
CMC4,0.089155,0.537471
AL022331.1,-0.22842,0.537306
YAP1P1,-0.14883,0.537306
AC145285.1,-0.26119,0.537306
HOXB13,-0.10409,0.537306
PPP1R12C,0.07588,0.537306
SLC35F6,-0.16847,0.537306
TRAPPC13,0.034096,0.537306
VBP1,0.052368,0.537306
SRSF12,-0.22997,0.537306
ADAMTS3,0.071421,0.537306
CNTNAP4,-0.02296,0.537306
RCC1,0.088505,0.537306
AP000866.4,-0.29378,0.537306
ANXA13,-0.2512,0.537306
DR1,-0.05586,0.537232
AC073488.1,0.087187,0.537229
AC074367.1,-0.32415,0.537015
AL078595.2,-0.18387,0.537015
RXYLT1,-0.01514,0.536967
ENO4,-0.24492,0.536967
MTCYBP43,-0.26626,0.536827
HMGN4,0.069416,0.53655
SAP30,0.063532,0.53603
TRPC1,-0.28688,0.53603
ETFRF1,0.091428,0.535745
AC133552.1,-0.05873,0.535745
UPB1,-0.41831,0.535571
NOL9,-0.09538,0.535128
NUDT18,0.05238,0.535118
BCAP31,0.035614,0.534865
AL117344.1,0.203443,0.534861
VPS45,-0.03326,0.534851
ETS2,0.078128,0.534836
RPS7P15,-0.2886,0.534827
AC016559.1,-0.68942,0.534827
FPR2,0.069341,0.534743
NPTXR,-0.11426,0.534743
VPS53,-0.13369,0.534714
IDS,-0.10457,0.534659
AC019097.1,-0.22863,0.534659
MUC1,-0.57478,0.534659
AC011487.2,-0.22608,0.534659
AL513122.1,-0.14089,0.534659
CDK5RAP3,0.069748,0.534469
SPDEF,-0.35854,0.5344
UBD,0.379884,0.534292
PLCL1,-0.17182,0.534292
FUCA1,0.054574,0.534248
PWWP2AP1,-0.04855,0.534167
SNRPGP6,-0.82597,0.534166
INHBA,-0.23029,0.534158
RRP9,0.0685,0.534158
FZD1,-0.16293,0.534122
SLC39A3,0.037361,0.534122
LYAR,0.075501,0.534122
EGLN1P1,-0.28588,0.534122
RPL23AP11,-0.32347,0.533995
MLLT3,-0.1795,0.533995
ERMAP,0.051006,0.533995
PTEN,-0.25248,0.533995
CBX7,-0.21999,0.533995
TNFSF13B,-0.95304,0.533995
TAS2R14,-0.22935,0.533995
AAMP,0.012164,0.533922
CFLAR,-0.09117,0.533922
NNMT,0.282317,0.533922
AL593848.1,-0.45757,0.53355
VEPH1,-0.34723,0.533485
DUSP11,-0.00212,0.533466
PIKFYVE,-0.1803,0.533089
NECTIN1,-0.23151,0.533089
MACF1,-0.17878,0.533089
SMIM19,0.081572,0.533054
BNIP3,0.07071,0.533054
FAM200A,0.038095,0.532942
VARS2,0.636008,0.532942
BUD13P1,-0.18153,0.532942
TCEAL4,0.106589,0.532875
SYT7,-0.37853,0.532856
RAB28P5,-0.29722,0.532799
LRP2,-0.01801,0.532272
NSA2,0.054531,0.532272
GOLGA8F,-0.01854,0.532155
WRN,-0.18678,0.532155
DPY19L2P2,-0.22857,0.532155
OR2H2,-0.19114,0.532061
LRRC18,-0.16218,0.53183
ZMPSTE24,0.048749,0.531553
MUS81,0.085486,0.531553
TMEM50B,-0.01412,0.531072
DCDC1,-0.12519,0.531072
AACSP1,-0.17088,0.531033
FTLP14,0.181675,0.531033
SETMAR,-0.12636,0.531033
AC010319.1,-0.29115,0.530995
CLDN11,-1.87545,0.530795
TRAJ29,-1.28693,0.530795
AC087393.1,-1.2472,0.530461
OR5P3,-0.33489,0.530461
SLC30A4,-0.29419,0.530374
DPH1,-0.00278,0.530044
UBE3AP2,-0.06482,0.530044
PPP6R2,0.023064,0.530044
AL627230.1,-0.55359,0.530044
AL356235.1,-0.34378,0.52981
OTOP3,0.261628,0.529666
INTS14,-0.0097,0.529666
AC005351.1,-0.29841,0.529649
SH2D6,-0.30835,0.529645
HNRNPCP4,-0.12149,0.529645
AP002453.1,-0.44397,0.529645
FAM107A,-0.30387,0.529635
AC112191.1,-0.23369,0.529635
MUC20,-0.82563,0.528967
RALGAPA2,-0.28084,0.528967
MMAA,-0.12075,0.528752
SYN2,-0.33151,0.528732
HIST1H2BN,0.050947,0.528699
KRT18P41,-0.10315,0.52857
GALR1,-0.11187,0.528499
IGKV1-17,-0.49001,0.528432
VN2R17P,0.086133,0.528432
HMGB1P39,-0.25108,0.528264
TBX5,-0.26832,0.528072
AC011611.5,-0.28981,0.527973
ST13P3,-0.06812,0.527973
JPH3,-0.07251,0.527822
OR7G2,-0.12402,0.527772
PIK3C2G,-0.27387,0.527754
SELENBP1,-0.2356,0.527721
PCDHGB7,-0.16094,0.527721
CLEC4F,-0.13742,0.527721
FRAS1,-0.29988,0.527649
RANBP1,0.036539,0.527649
OR52B5P,-0.19309,0.527426
AC022826.2,0.552409,0.527426
FNDC3B,-0.24505,0.527131
BHLHE40,0.129151,0.52704
AP002495.1,-0.26088,0.52683
RNLS,-0.0019,0.526714
ZC2HC1A,-0.17902,0.526546
SPINT4,-0.24022,0.526391
AC072052.1,-0.44538,0.526305
TEPSIN,0.131013,0.526305
CELF2,-0.27453,0.526305
FNDC5,-0.23662,0.526305
SFT2D1,0.025096,0.526305
GORASP2,-0.04606,0.526132
CTR9,-0.36605,0.52604
GPR61,-0.27083,0.525672
BRMS1L,0.046326,0.525672
C1orf158,-0.29273,0.525672
ADORA1,-0.22526,0.525672
LAIR1,0.230048,0.52562
BBS1,-0.26849,0.525583
AC007215.1,-0.4824,0.525583
PSORS1C2,0.881697,0.525562
CTBP2P6,-0.08754,0.525562
REC8,0.055251,0.525397
CLDN19,-0.07381,0.52528
AL512605.1,-0.31953,0.525043
TMPRSS11A,0.106145,0.525043
APTX,0.040351,0.525038
CRYBG1,-0.18501,0.525035
GIT2,-0.15719,0.524728
AC091133.5,-0.39872,0.524717
FMN2,-0.19907,0.524717
TMEM163,-0.07792,0.524717
RHBDL2,0.098882,0.524717
VOPP1,0.014437,0.524717
OR2AG2,-0.07686,0.524717
RPL23AP32,-0.31848,0.524602
PAX6,-0.47852,0.524602
ADCY9,-0.14604,0.524602
TUBA1C,0.198571,0.524461
OR2A12,-0.07139,0.524421
SLC48A1,-0.282,0.524421
CCNYL2,-0.171,0.524294
IAPP,-0.18285,0.524294
CBLN2,-0.21164,0.524294
CNOT6L,-0.15461,0.524294
PPP1R42,-0.35445,0.52407
LYPLA2,0.016098,0.5238
AC244517.3,-0.17949,0.523797
EEF1B2P8,-0.1148,0.523628
C18orf32,0.119473,0.523627
LRRK1,-0.17505,0.523532
MYD88,0.107607,0.523532
NR2F2,-0.26845,0.523444
NECAP1P2,-0.265,0.523374
PMFBP1,-0.23999,0.523354
AC022022.2,-0.41017,0.523354
UBE2Q2P6,-0.23396,0.523306
GZMK,0.154607,0.523277
ZMIZ2,-0.19312,0.523243
APBB1IP,-0.26066,0.523037
SCIMP,-0.22883,0.522802
TCIM,-0.22426,0.522538
ZNF257,-0.20525,0.522473
VPS11,-0.05291,0.522458
AL512288.2,-0.40934,0.522377
RPSAP8,0.166116,0.522036
MRPL24,-0.01915,0.521987
RSPO3,0.172251,0.521959
MAP3K9,-0.01734,0.52193
SLC2A9,0.216488,0.521811
BACH2,-0.38678,0.521811
AMD1P1,-0.19741,0.521096
DSP,-0.18499,0.521096
HNRNPK,0.005662,0.520968
RBCK1,0.042669,0.520887
PTPRS,-0.18091,0.520886
SLC6A20,-0.24032,0.520886
DOLPP1,0.031975,0.520809
SDCCAG3,0.023945,0.520809
MTFR1L,0.008858,0.520791
LGSN,-0.10307,0.520789
CNTN3,-0.19847,0.520789
WDR72,-0.41142,0.520789
RAD17P2,-0.08595,0.520789
GNB1L,-0.17071,0.520789
ZNRF1,-0.17393,0.520789
RPS27AP2,0.26154,0.52067
FP565260.1,0.195526,0.52058
HLA-J,-0.08852,0.520019
VWA7,-0.24482,0.519984
HIVEP2,-0.17255,0.519746
BEAN1,-0.27354,0.519599
HLA-DQA1,-1.87587,0.519599
MATN3,-0.11801,0.519379
TMEM243,-0.03355,0.519043
RPL13AP6,-0.29193,0.518933
GLRA1,-0.16119,0.518927
BCR,-0.09549,0.518907
HDGF,0.027034,0.518703
ZNF10,-0.29899,0.518677
PTPRT,-0.19122,0.518677
ASPG,0.159634,0.518677
MTCO1P11,-0.22483,0.518658
ACTBP7,-0.1029,0.518658
EIF4A2P3,-0.08409,0.518553
NUDT16P1,-0.21422,0.518502
OST4,0.055747,0.518164
FADS1,-0.82444,0.518164
PCSK1,-0.44723,0.518045
AC018442.1,0.111684,0.518035
CCDC155,-0.29119,0.518035
ALOX15B,-0.73512,0.517716
ZNF771,-0.21041,0.517363
YWHAEP7,-0.03314,0.517345
HRC,-0.39863,0.517282
AL031282.1,-0.34464,0.517282
CASP1,0.101118,0.517212
AC011499.1,0.255066,0.517149
SRSF10P1,-0.15956,0.516898
IFFO2,0.094856,0.516887
ZDHHC14,-0.17093,0.516887
SCML2P2,-0.28897,0.516887
FGF7P8,0.659733,0.516887
STAU1,-0.12638,0.516702
CR2,-0.26848,0.516507
ADGRG6,-0.27837,0.516507
WDR77,0.052587,0.516507
AL671883.2,0.103899,0.516462
OR4P4,-0.14318,0.516455
YME1L1,0.006484,0.516378
TRAP1,-0.03647,0.51619
ACPP,-0.03667,0.51619
CCNB2,0.137133,0.51619
AC115989.1,-0.29797,0.516004
AL138785.1,-0.42529,0.515695
CCL8,0.137878,0.515695
ERP27,0.258715,0.515685
ZCCHC17,0.054872,0.515685
RIPPLY1,-0.07475,0.514983
NINL,-0.21557,0.514983
EVC,-0.21182,0.514983
KIAA0586,-0.15114,0.514982
SLC25A34,-0.14302,0.514855
BX284632.1,-0.21082,0.514824
CYP2R1,0.02839,0.514824
PELI1,0.00133,0.514544
DEGS1,0.079457,0.514261
AC073415.1,-0.55541,0.514194
SAV1,-0.10447,0.514194
OR2F1,-0.42637,0.513836
CENPS-CORT,0.291349,0.513505
TDG,-0.03318,0.513425
MAST4,-0.18457,0.51312
SYNGR1,-0.08546,0.512942
SLC16A8,-0.17742,0.51272
AC010368.1,-0.2982,0.512548
GDI2,0.040211,0.512475
MCUR1P1,-0.34973,0.512246
KLRG1,-0.16116,0.512246
AC019181.1,-0.39139,0.512246
FCN1,0.283232,0.512221
BCL2L2-PABPN1,0.208844,0.511878
ANAPC7,-0.02436,0.511867
ARHGAP39,-0.25498,0.511867
CTAGE8,-0.71505,0.511867
SYT1,-0.34829,0.511867
PYURF,0.068125,0.511843
QKI,-0.15632,0.511399
TOX4,-0.0976,0.511399
ARAP1,-0.20765,0.511083
PABPC4L,0.106443,0.511083
NUDT5,0.007623,0.511083
INTS12,-0.02888,0.511083
LILRA4,-0.1089,0.511083
GSTM2,-0.25786,0.511083
SCO2,0.085582,0.511083
C5orf24,-0.11555,0.511083
HERC5,0.11234,0.511083
PDE2A,0.036993,0.511083
HNRNPKP2,0.070046,0.511083
CABP4,-0.36261,0.511002
SPON1,-0.30811,0.510739
AC073488.2,0.161316,0.510739
BAIAP3,0.185194,0.510682
PRB1,-0.09122,0.510663
DENND5B,-0.16407,0.510583
UBA3,-0.07859,0.510583
SRMP2,-0.27194,0.510479
EPB41L2,-0.34322,0.510321
ADAMTS10,-0.43361,0.509901
SLC25A25,0.074341,0.509699
VN1R1,-0.15662,0.509674
GPR22,-0.21641,0.509674
KRTAP10-11,-0.12392,0.509646
DAND5,-0.15661,0.509646
OR11G2,-0.0797,0.509646
PHBP16,0.16331,0.509627
AL136380.1,-0.69217,0.509516
AL031777.3,0.147261,0.509516
TMEM35A,-0.11977,0.509516
HNRNPA1P35,-0.20215,0.50935
PYCARD,0.085535,0.509251
L2HGDH,-0.15716,0.509251
MCCC2,-0.08993,0.509121
ZNF137P,-0.25366,0.509121
SLC35F5,-0.19595,0.509121
OR10AD1,-0.19537,0.509121
CDHR5,-0.09393,0.50825
ZNF610,-0.20551,0.50825
IFIT1P1,0.06917,0.508249
HIST1H2AC,0.088184,0.507788
FAM120AOS,0.033589,0.507747
NCAPG2,0.088179,0.507744
SSBP2,-0.15487,0.507682
CNOT3,-0.38914,0.507525
REPS1,-0.19519,0.507525
C1orf146,-0.25898,0.507525
ANKDD1B,-0.13706,0.507525
PTPRB,0.097209,0.507319
AC009237.3,-0.13506,0.507279
MRPS15,0.065589,0.507279
MAGIX,-0.02187,0.507279
RBFOX2,-1.03432,0.507194
IFNK,-0.23401,0.506894
HIST2H2AB,0.118767,0.506739
AC022662.1,-0.45276,0.506689
AC004076.1,-0.41469,0.506689
AC073349.2,-0.25626,0.506569
DPYS,0.174355,0.506519
AC114878.2,-0.18446,0.506519
C2CD3,-0.21971,0.506378
EXD1,-0.06285,0.506378
ELOVL5,-0.57231,0.506378
BDNF,-0.1521,0.50633
EIF1P7,-0.45207,0.506235
GAPDHP60,-0.23526,0.506235
ST6GALNAC4,-0.24863,0.506075
C1GALT1P1,-0.27932,0.506075
AC009093.9,-0.19941,0.506075
AP000902.1,-0.43664,0.50603
TMEM255B,-0.25995,0.50603
HK2,0.121412,0.50603
GALNTL5,-0.17911,0.505849
FBXO46,-0.21066,0.505674
ST8SIA1,-0.27031,0.505359
SLC6A6P1,-0.0483,0.505359
GAPDHP52,-0.14616,0.505359
AC067968.1,0.14216,0.505359
TMEM14B,0.017503,0.505289
UQCRBP1,-0.41532,0.505289
RPS29,0.146513,0.505281
DLGAP2,-0.08535,0.505268
ZNF840P,-0.0384,0.505268
FLRT1,-0.15951,0.50514
FAAH2,0.024088,0.50514
NAB2,0.027872,0.505112
RETREG2,-0.01336,0.505112
GSTM4,0.051229,0.505112
HMCN1,-0.36539,0.50502
ZNF562,-0.09168,0.50502
HNRNPA1P40,-0.18913,0.505011
PUSL1,0.058715,0.505011
CTDSP2,-0.13748,0.504993
AC011431.1,-0.57725,0.504993
RPL9P32,-0.37914,0.504783
TRPC5,-0.06637,0.504581
S100A13,0.10092,0.504442
SIAH3,-0.0447,0.504123
SKAP2,-0.19555,0.503392
RANBP9,0.003314,0.503137
AC008267.3,-0.27853,0.503137
DHX36,-0.17626,0.50307
CHRNA4,-0.19475,0.50307
INTS1,-0.20992,0.50307
SIVA1,0.051103,0.50307
EBF2,-0.11714,0.50274
PHF23,0.034786,0.502312
BANF1,0.05189,0.502186
SMAD2,-0.01847,0.502155
METTL14,0.061192,0.502155
AL355994.2,0.088251,0.501519
RPS10P14,-0.19886,0.501362
CDH24,0.093916,0.501229
METTL9,0.082864,0.501229
TMEM104,-0.26085,0.501165
MLLT1,-0.14532,0.501072
PCDHGA9,-0.21165,0.50104
COIL,0.01824,0.500967
COL11A1,-0.5663,0.50074
OLFML2B,-0.2715,0.500359
C1orf141,-0.15896,0.500283
UBE4A,-0.13563,0.499905
AC027796.3,-0.13648,0.499905
TAF1L,-0.03632,0.499881
PLCD3,0.079764,0.499881
LIG4,0.054972,0.499881
TMEM56,-0.76231,0.499799
BDKRB1,-0.21658,0.499737
FAM205A,-0.07927,0.499737
GAMT,0.073771,0.499597
ANKRD6,-0.3475,0.499218
FAHD2CP,0.090309,0.49914
ADCY10P1,-0.18409,0.49914
STK38L,-0.03429,0.499002
ZNRD1ASP,-0.14289,0.499002
POLR2E,0.037896,0.499002
OR7A2P,-0.08463,0.498933
NVL,0.007326,0.498933
DNAI1,-0.1864,0.498749
PPM1L,-0.20499,0.498648
HIST1H2AJ,0.14859,0.498648
AL157893.1,-0.43497,0.498648
FCMR,0.090964,0.498395
TPM4P1,-0.29073,0.498395
ANKRD27,-0.11428,0.498395
ITIH4,0.120115,0.498395
RPL21P18,-0.228,0.498395
EMC3-AS1,-0.36695,0.498395
ANKRD42,-0.22448,0.498395
FANCB,-0.14732,0.498233
AL138479.1,-0.32524,0.498179
ADHFE1,-0.29321,0.497962
LILRA1,-0.04199,0.497962
C8orf86,-0.13751,0.497962
PRKDC,-0.18409,0.497842
ASS1P10,-0.10961,0.497836
AC100784.1,-0.45645,0.49771
FMO3,-0.0155,0.49765
HOMEZ,-0.11619,0.4976
PPP1R12A,-0.19194,0.4976
FGL2,-0.35755,0.49757
NAV1,-0.29482,0.497553
AC008958.1,-0.1368,0.497553
PGBD4P3,0.154274,0.497547
EML4,-0.02541,0.497547
NEU1,0.126784,0.497547
MCRS1,0.016566,0.497484
CCK,0.137182,0.497484
STAP2,0.010093,0.497484
ANKZF1,0.040625,0.49726
TEX38,-0.21256,0.496932
AL121871.1,-0.36366,0.496932
L3MBTL3,-0.21689,0.496932
GRIP1,-0.39459,0.496372
CBX6,-0.18077,0.496362
SLC39A13,0.059626,0.496359
DMAC1,-0.00645,0.496214
COPB1,0.024164,0.496214
MYOCOS,-0.20564,0.496214
LILRB2,-0.0074,0.496129
DNM3,-0.21371,0.496092
SLC29A1,-0.23437,0.496057
MRPS6P2,-0.30904,0.496035
ALKBH8,0.040014,0.49575
GALNT15,0.242127,0.495235
SETP11,-0.13919,0.495166
CFAP161,-0.16413,0.495166
ZNF563,0.021658,0.494945
PDK2,-0.18581,0.494367
HYPK,0.001854,0.494367
SLC25A2,-0.22223,0.494367
NKAIN3,-0.09289,0.494142
AC114812.4,-0.33145,0.494113
OR4F15,-0.08583,0.493927
DENND2C,0.057944,0.49381
AC004980.5,-0.47899,0.493772
KPRP,0.114575,0.493676
GIF,-0.07896,0.493626
ALG1L13P,-0.23736,0.493626
HIST1H2BH,0.113119,0.493626
FRMD4B,-0.04498,0.493626
PLEK2,0.04929,0.493626
LGI3,-0.29788,0.493626
TMPRSS11CP,-0.24485,0.493626
ZNF675,-0.19789,0.493626
PAK4,-0.18489,0.493424
ATG14,0.023766,0.49337
OR1C1,-0.14936,0.49337
HFM1,-0.14384,0.493312
AC008758.4,-0.1695,0.493312
LRRC8E,0.03231,0.493291
HPS6,0.03109,0.49308
WDR75,-0.02559,0.49308
TSPAN9,-0.08779,0.493066
SYT12,-0.02393,0.492975
HSPD1P6,-0.1704,0.492974
POLR3H,-0.16067,0.492443
SARM1,-0.14801,0.492222
MRPL40,0.052102,0.492151
ALG13,-0.18557,0.491894
PTMAP4,-0.33643,0.491854
SBNO1,-0.05802,0.491544
SNRNP200,-0.12546,0.491498
LIN52,-0.38466,0.49134
CALHM2,-0.29344,0.491091
AACS,-0.21267,0.491091
RNF32,-0.30002,0.491091
VIL1,-0.12497,0.491091
CD5,-0.09864,0.491091
E4F1,-0.01755,0.491091
ZNHIT3,0.083559,0.491091
TRIM34,-0.0149,0.491091
MLLT10,-0.30116,0.491063
AL157713.1,-0.06087,0.491063
FAM216A,-0.24627,0.491063
DEFB134,-0.21771,0.491063
FAM86HP,-0.23248,0.491053
TNS4,-0.24634,0.491053
STK19,0.113323,0.49051
NR1I2,-0.05375,0.490408
CDX1,0.077488,0.490408
SPATS2L,-0.00339,0.490408
MAP3K12,-0.17355,0.490365
DZIP1L,-0.30103,0.490365
SHANK2,-0.45557,0.490365
KIF1B,-0.16246,0.490365
AC104058.1,-0.42791,0.49004
C12orf60,-0.23551,0.49004
SPDYE5,-0.23244,0.49004
MINOS1,0.03092,0.49004
ABCC4,0.125455,0.49004
SMDT1,-0.17085,0.489901
C2orf91,-0.20893,0.489901
AC107393.1,-0.39309,0.489901
USP9X,-0.20137,0.489541
DHRS2,-0.29562,0.489541
ABL1,-0.1334,0.489503
PPA2,0.020257,0.489296
PIEZO2,-0.25049,0.489236
SEMA6A,-0.31949,0.489122
F7,0.06874,0.488908
TM9SF4,-0.15208,0.488894
SMG9,-0.14937,0.488889
MAK,-0.21863,0.488889
KIF17,-0.08682,0.488889
AC004134.1,-0.522,0.488889
SERPINA3,0.446423,0.488809
SDHAF3,0.114907,0.488725
ITPR2,-0.35137,0.488641
AC087465.1,-0.51785,0.488641
AP005901.1,-0.16818,0.488627
PCDH8,-0.01319,0.488627
MTM1,-0.05944,0.488627
ZSCAN22,-0.16389,0.488627
SCN4B,0.13248,0.48842
SLC30A7,-0.09959,0.488392
MIP,0.14051,0.488231
PARP6,0.056199,0.488064
KRTCAP3,0.070797,0.488064
AC079354.2,-0.87319,0.488064
CABLES2,-0.17117,0.488064
HLA-B,0.630011,0.488064
ADAM21,-0.07159,0.487801
RASSF1,0.036315,0.487801
ALDH8A1,-0.27784,0.487801
GNPTAB,-0.21283,0.487668
FMC1,0.12477,0.487586
KIAA0513,-0.01421,0.487401
HHLA1,-0.22836,0.487217
WFDC3,-0.43489,0.487178
GRIN2D,-0.07973,0.487009
PHF21B,-0.10871,0.486846
POU5F1,0.260386,0.486846
KNSTRN,-0.28727,0.486846
GANC,-0.12239,0.486846
MZT1P1,-0.51721,0.486846
LENG9,0.039649,0.486773
UFL1,0.022646,0.486439
ENPP7P1,-0.23505,0.486374
SLPI,0.115525,0.486374
IGSF5,-0.24614,0.486347
LYNX1,-0.18675,0.486347
PSMC1P10,-0.05045,0.486347
C2CD4B,0.161206,0.486347
NUP54,-0.04332,0.486347
ITGB7,0.092277,0.486195
MSRA,0.091597,0.486102
VCPIP1,-0.14634,0.48601
RPL35AP19,-0.38723,0.485985
WRAP73,0.137516,0.485985
GCM2,-0.08552,0.485985
LSM4,0.038232,0.485985
AL157791.1,-0.12357,0.485844
ZFAT,-0.06306,0.485844
AC093019.1,-0.5237,0.485691
GOLGA2P11,-0.16756,0.485691
UTRN,-0.14548,0.485526
C5orf51,-0.13091,0.485446
MED30,0.046797,0.485232
SNX1,-0.11398,0.485128
PTPRZ1,-0.21303,0.485014
HELQ,-0.0311,0.484605
MOB1A,0.053691,0.484414
AC079140.1,-0.34065,0.484362
POU3F2,-0.02693,0.484362
FAT4,-0.27612,0.484147
ATP2B2,-0.15456,0.484076
TMEM249,-0.05521,0.484076
PERP,0.07239,0.483976
PDZD4,0.232994,0.483861
PLEKHH2,-0.22009,0.483817
VAPA,0.059347,0.48375
AC023906.1,-0.32537,0.483545
AL390728.1,-0.03417,0.483545
HLA-DQA1,-0.22417,0.483545
LAIR1,-0.11788,0.483114
BANF1P3,-0.50648,0.482883
RFXANK,-0.00784,0.482883
EEF1DP2,-0.25279,0.482782
CAMLG,0.064952,0.482782
MTCO2P11,-0.25521,0.482778
ZNF362,-0.13437,0.482778
ITSN2,0.031552,0.482698
STK31,-0.59185,0.482633
SDK1,-0.20958,0.482592
AC087633.2,-0.2613,0.482518
ANKDD1A,-0.28171,0.482518
MRPL18,0.068753,0.482518
FBXW12,-0.22784,0.482498
AL160272.2,-0.2895,0.482498
GID8,0.019751,0.48247
ERLEC1,0.002179,0.48247
IL17A,0.095322,0.48247
TLE2,-0.26888,0.48247
UVRAG,-0.29917,0.482136
PEBP1P3,-0.21711,0.482119
AL050335.1,-0.2109,0.482085
KRT89P,-0.0796,0.482085
PRICKLE3,-0.17713,0.482085
TSR1,0.058422,0.481999
AC009093.8,-0.30299,0.481996
CYP2B7P,-0.1464,0.481921
EEF1D,0.015289,0.481831
HIST1H2BJ,0.134566,0.481693
MAML3,-0.15097,0.481693
ZNF764,-0.19627,0.481461
COMMD3-BMI1,0.204434,0.481349
NEK2,0.026267,0.481349
LAYN,-0.30491,0.481219
GTF3C5,-0.00266,0.481219
AL445189.1,-0.31086,0.481135
NPM1P8,-0.09326,0.481117
SHISA8,0.050386,0.480899
CCDC58P5,-0.21015,0.480899
AC006001.3,-0.1624,0.480899
FERMT3,-0.07965,0.480643
CPA5,0.092944,0.480425
GNRHR2,-0.2588,0.480425
DDX3X,0.064862,0.480357
LYPD5,0.095789,0.480265
DNASE2,0.045369,0.480265
FER1L5,-0.16226,0.480265
GCFC2,-0.07174,0.480186
RBP2,-0.25736,0.479769
TPM3P1,-0.34436,0.479769
FAM95C,-0.38061,0.479764
GPS2P1,0.107142,0.479658
AC254562.1,-0.38712,0.479605
MMP24OS,-0.02237,0.479012
MTA3,-0.02505,0.479012
KCNA4,0.002962,0.479012
BCL9P1,-0.05733,0.479012
CLEC4M,-0.10504,0.478925
TBC1D3B,0.124816,0.478869
SLC23A2,0.032193,0.478809
ABCB1,-0.03374,0.478767
GALC,-0.15316,0.478767
TMEM128,0.0295,0.478767
ASXL3,-0.34885,0.478767
OCLN,-0.35443,0.478762
DCD,-1.14631,0.478498
LTA,0.043193,0.478453
LIG3,-0.05847,0.478296
COMMD8,0.088326,0.478296
ETHE1,0.133468,0.478075
AP003170.5,0.296056,0.478041
ZNF593,0.091333,0.47803
CTNND2,-0.59143,0.47803
AC009237.8,-0.32734,0.47803
RPL5P4,-0.25864,0.478022
PDLIM3,-0.38663,0.477586
PLXNA2,-0.1249,0.477555
ATP8A1,-0.30279,0.477555
BRI3BPP1,-0.19287,0.477555
VIPAS39,0.020975,0.477555
AFG1L,-0.1773,0.477555
CELSR1,-0.149,0.477265
HMGN1P28,-0.3947,0.477265
ACOT11,-0.21597,0.477256
RTEL1P1,-0.13378,0.477256
RAB1C,-0.20188,0.477187
PNOC,-0.18442,0.477034
DDO,-0.2009,0.47672
SYT11,0.066948,0.476377
NANOGP4,-0.19603,0.476147
IL17C,0.080341,0.476147
PQBP1,0.062527,0.476147
TP53INP1,0.028741,0.475993
LSM8,0.083455,0.475908
CTNND1,-0.14041,0.475908
CBLL1,-0.11784,0.475908
HSPA8,0.127374,0.475561
BNIP3P40,-0.32053,0.475561
LMBR1L,0.144384,0.475561
UCN2,0.166417,0.475561
CALML4,0.096534,0.475561
GPR63,-0.13908,0.475561
KIF2C,-0.01334,0.475561
AEBP2,-0.16583,0.47551
PDHB,0.05147,0.475177
CCDC187,0.01385,0.475177
SOS2,-0.16144,0.474881
PIGCP1,-0.20459,0.474863
LRRC57,-0.09556,0.474863
CYP2T3P,0.106242,0.474863
AC005324.3,-0.13351,0.474844
GTF2I,-0.15728,0.474844
EIF1B,0.047099,0.474696
CADM1,-0.15618,0.474681
ARHGEF18,-0.00497,0.474681
CKB,0.12358,0.474681
LAT2,-0.20116,0.474622
RPL7P9,0.183241,0.474524
SCT,-0.34459,0.474416
SEPT7P3,0.099661,0.474162
TRAJ18,-0.77878,0.474162
OR7A17,-0.12165,0.47407
SNX25,-0.19452,0.474017
COA1,-0.10296,0.474017
KLHL23,-0.3287,0.473807
OGFR,0.024598,0.473598
TFAP2A,-0.18608,0.473458
SZRD1,-0.00414,0.473251
METTL21A,-0.23791,0.473049
PADI2,-0.34835,0.473049
KDM4A,-0.02731,0.472787
NOP58,-0.06661,0.472787
SMTN,0.066634,0.472769
PSMD10P1,-0.3343,0.472636
HRK,-0.0671,0.472593
ELK3,0.020138,0.47252
HSPA13,0.066311,0.472316
RPL15P4,-0.20439,0.472217
LRRC2,-0.19944,0.472183
FTH1,0.086018,0.472118
IGLV2-23,-0.61697,0.471683
ADAMTS17,-0.26132,0.471323
SLC6A10P,0.032395,0.471318
ZNF483,-0.14103,0.471253
MMP11,0.286089,0.470858
KCNK10,0.140685,0.470765
NPM1P6,-0.15973,0.470429
POMK,-0.12627,0.470429
FMO2,0.089619,0.470217
AC073850.1,-0.54542,0.469902
GLRA2,-0.0396,0.469902
MPP3,0.146682,0.469902
ERMARD,0.023912,0.469902
DSTYK,-0.1534,0.469877
SMIM26,0.092596,0.469721
BAZ2B,-0.22346,0.469721
GPT,-0.22496,0.469721
PRSS8,0.039197,0.469721
FAM213B,0.059604,0.469668
MT-ATP8,-0.47293,0.469475
EEF1A1P28,-0.07816,0.469306
DRD2,-0.07802,0.469264
HIST2H3C,0.111433,0.469093
BTBD19,-0.17388,0.469093
GAPDHP42,-0.24662,0.469082
RPL17P19,-0.40575,0.469049
KLF2P2,-0.09993,0.46898
JMJD7-PLA2G4B,0.102563,0.468854
GALNT16,-0.33351,0.468793
TIRAP,-0.14687,0.468733
RPS15AP36,-0.33438,0.468593
AC246795.3,-0.46463,0.468588
ACTR1B,0.018301,0.46852
SLF1,-0.2968,0.468498
SRRM4,-0.05776,0.468498
AL513366.1,-0.21059,0.468316
HYDIN,-0.25778,0.468285
GLE1,0.002638,0.468201
ST6GALNAC5,-0.18679,0.468043
TCEAL8,0.068642,0.468036
RPL35,0.063252,0.468036
FECH,0.072938,0.467997
ZNF205,0.001364,0.467811
WDR6,-0.21442,0.467607
KLHL30,-0.12351,0.467457
MUC20,-0.86495,0.467433
FAM104B,0.052504,0.467311
KRTAP9-9,-0.14682,0.466984
TRAJ14,-0.93274,0.466904
OR5B1P,-0.06787,0.466834
ABHD1,-0.12219,0.466834
PADI4,-0.26595,0.466834
HSD3BP1,-0.1203,0.466834
RNF11,0.072915,0.466798
ZNF365,0.016689,0.466771
PRDX3P4,-0.28685,0.46663
MT-CO2,-0.29448,0.466455
ACOT2,-0.36665,0.466158
RPL17P17,-0.4331,0.465985
HNRNPA1P71,-0.22637,0.465893
SAMM50P1,-0.09506,0.465658
BX088702.1,-0.46674,0.465525
FAM192BP,-0.19032,0.465443
AC024568.1,-0.18757,0.465443
SLC43A3,0.113709,0.465443
AL136982.4,0.114307,0.465278
NPEPL1,0.024363,0.465278
CDC42P3,-0.12456,0.465278
IGLV7-43,-0.35804,0.464758
OR4K13,-0.07214,0.464758
ARPC5,0.076565,0.464758
NUPR1,0.090623,0.464743
ASPH,-0.20665,0.464743
AC270293.1,-0.36629,0.464743
ATF6B,-0.57187,0.464384
DLGAP1,-0.21166,0.464032
PHACTR3,-0.17702,0.464032
MGAT4EP,-0.11032,0.463995
ACTG1P24,-0.13187,0.463953
TAS2R43,-0.29528,0.463953
RASGRP1,0.057113,0.463934
AP3B2,-0.1628,0.463761
ARFGAP1,0.02456,0.463761
CELA2A,-0.30396,0.463586
PLCB2,-0.37482,0.46354
MRGPRX3,0.079334,0.46354
TMC4,-0.29569,0.463456
PAMR1,-0.31933,0.463308
AL021997.3,0.241517,0.463216
SLC22A6,-0.11171,0.463026
STXBP5L,0.033027,0.462834
IZUMO1,-0.12247,0.462834
GLRA4,-0.04371,0.46282
NPIPB3,-0.4134,0.46244
AC008507.1,-0.28971,0.462439
AL136116.1,-0.27499,0.462439
AF274858.1,-0.10437,0.462439
AC087897.1,-0.52151,0.462427
AP003041.1,-0.13475,0.462427
HEYL,-0.12697,0.462313
AC097065.1,-0.25725,0.462276
ZNF571,-0.24501,0.462096
EYA2,0.088611,0.462096
DTNA,-0.31776,0.462096
PGD,0.066443,0.461952
AL662899.1,0.163631,0.46181
PRPF18,0.010626,0.46181
COPS5,0.04268,0.461774
MPIG6B,-0.27354,0.461582
STX1A,-0.25584,0.461582
ZNF219,-0.01048,0.461582
RPL18AP2,-0.24808,0.461582
EMC9,0.049824,0.461451
OR2A7,-0.44327,0.461426
SMG1P7,-0.2703,0.461426
OR2V1,-0.16167,0.461352
CCDC166,-0.08869,0.461275
MAATS1,-0.2951,0.461209
IER3IP1,0.059828,0.461041
GATA6,-0.22784,0.460927
ASGR1,-0.33178,0.460848
PNPLA8,0.011679,0.460848
TTYH3,-0.30261,0.460808
KBTBD12,-0.15848,0.460808
PIK3C2B,-0.15033,0.460754
AC087385.1,-0.32319,0.460738
PRDM8,-0.26413,0.460641
KRT24,0.102503,0.4605
ZNF570,-0.10839,0.4605
AC026464.4,0.066817,0.460325
HKR1,-0.24769,0.460251
ANXA8,0.083863,0.46025
TRIM60P17,-0.20576,0.46011
ISL1,0.123868,0.45986
TPT1P6,-0.2173,0.459691
ECHS1,0.03503,0.459691
RALBP1,0.014205,0.459611
HMGN1P12,-0.53091,0.459532
AC058823.1,-0.32153,0.459523
RAB3IP,-0.05702,0.459359
MESD,-0.03541,0.459359
RPL7AP10,-0.3296,0.459359
AC098679.2,-0.11664,0.459186
CNIH3,-0.17103,0.459035
SLC30A8,-0.34511,0.458898
GIMAP8,0.115533,0.458666
BX284668.4,0.232753,0.458472
CD36,0.146155,0.458472
RPLP1P6,0.249619,0.458472
VPS35L,-0.18081,0.458472
NF2,-0.15561,0.458097
NAMPTP1,0.474045,0.458088
SNX18P3,-0.27167,0.457993
IMPDH1P11,-0.12938,0.457776
NTN3,-0.06928,0.457683
XPOT,0.022368,0.457683
CFL1P1,-0.19214,0.457481
KIF26B,-0.22879,0.457048
FYB1,-0.38948,0.457048
CCZ1,0.065714,0.457048
HS6ST3,0.098086,0.457048
IARS,0.000417,0.457048
AC098847.1,-0.33394,0.457048
DMTN,-0.23111,0.456898
UNC13B,-0.00699,0.456653
OR6E1P,-0.11087,0.456653
LAMP2,0.05277,0.456643
AL359504.1,-0.29216,0.456282
RBMX2P3,-0.12865,0.45621
NPM1P24,-0.09609,0.456051
TEX10,0.001494,0.456042
CRTAP,-0.07309,0.456042
ZNF296,-0.23656,0.456031
ABCC6,-0.20167,0.456031
ZNF830,0.035198,0.455968
TRMT6,0.01988,0.455843
IRGQ,-0.15036,0.455723
RPL35P6,-0.32252,0.455723
MIPEPP1,-0.0604,0.455723
AKT3,-0.24833,0.455594
C9,-0.21641,0.455194
KCNB1,-0.25702,0.455194
PPIAP36,-0.41564,0.455194
TMEM106C,0.038875,0.454975
AC125232.1,0.063237,0.454975
SLC35E3,-0.05757,0.45479
CYP2C8,-0.04096,0.454767
TMEM256P2,-0.45376,0.454767
AC010615.3,-0.27837,0.454767
LIN28A,-0.17526,0.454763
AL451044.1,-0.47409,0.454387
MAP6,-0.31929,0.454137
RPL7L1P9,-0.12746,0.453905
ULBP3,0.124662,0.453855
PRX,-0.19311,0.453834
ZNF514,-0.10561,0.453834
STK10,-0.12974,0.453834
AL137100.1,-0.04825,0.453744
MTHFD1L,0.026038,0.453744
NATD1,-0.17794,0.453744
RNGTTP1,-0.19771,0.453744
BORCS5,-0.05788,0.453744
FAM98A,-0.00482,0.453744
DGAT2,-0.23016,0.453744
OR7A19P,-0.29404,0.453744
AL391994.1,-0.38146,0.453744
AC270285.4,-0.69416,0.453744
CALB2,-0.32477,0.45366
LCMT1,-0.08084,0.453558
STK32C,0.168854,0.453441
AC097637.1,-0.06947,0.45302
VAMP1,-0.09461,0.45302
ZNF658,0.018249,0.453012
HTR1F,-0.05534,0.453012
KRT2,0.247397,0.453012
STUB1,0.02348,0.453012
RPL23AP1,0.19769,0.452942
P2RY2,0.098794,0.452937
PEF1,-0.00377,0.452937
NTF4,0.132271,0.452849
PRKD2,-0.17496,0.45274
KIF20A,0.014331,0.452712
SRP9,0.088924,0.452524
CES5A,0.145113,0.452362
SLC1A5,0.111604,0.452179
SMG1P3,-0.27945,0.452179
AGAP14P,-0.0575,0.451755
RPL5P11,-0.18509,0.451662
AC005833.2,0.384257,0.451539
ERVK3-1,0.070528,0.451375
C12orf71,-0.28502,0.451375
ADAP2,0.146062,0.451375
CFD,-0.37226,0.451309
ICAM4,-0.2051,0.451155
IFFO1,-0.20732,0.451045
AC138207.8,-0.22318,0.451045
HTR1D,-0.09105,0.451045
OOSP1P2,-0.22585,0.451045
FAT2,-0.18421,0.451045
SYT9,-0.19341,0.451002
OTOGL,-0.196,0.451002
ENTPD2,-0.24582,0.450818
TNFRSF1B,0.114916,0.450818
UTP18,0.045781,0.450818
LIPT2,0.004094,0.450284
MRPS2,0.01731,0.450284
GPR39,-0.20177,0.450279
HHIPL1,-0.12196,0.450265
AC013410.1,-0.16893,0.450201
ATXN7,-0.24443,0.450103
RPL23AP30,-0.30265,0.450091
GINM1,0.017717,0.450062
SVIL,-0.33727,0.449941
AC007161.1,-0.36135,0.449875
LDLR,0.037676,0.449875
RNF185,-0.00685,0.449731
AC044810.6,-0.27904,0.449718
MTND5P14,-0.16044,0.449718
SSB,0.009795,0.449718
FUT10,-0.20379,0.449718
MSI2,-0.22803,0.449519
L1TD1,-0.06969,0.449446
GPR79,-0.22299,0.449387
RPL7P4,-0.12943,0.449297
SLC37A2,0.130235,0.449284
AZGP1P1,0.127562,0.449235
ARPP19,0.050711,0.449235
DUSP19,-0.17836,0.449235
GJA1,0.082149,0.449235
C3orf20,-0.10289,0.449222
AC091132.3,-0.43295,0.449206
AC092032.1,-0.58343,0.449162
RPS4XP18,-0.10516,0.449137
NMNAT1P1,-0.13488,0.449066
KDELR3,-0.24605,0.448838
RASSF4,-0.23398,0.448754
AC005912.1,0.22174,0.448562
ZNF573,-0.19509,0.448554
KCTD20,0.024947,0.448554
COMMD10,-0.01449,0.448554
SMARCE1,0.035982,0.448554
DCUN1D3,-1.27964,0.448554
GSKIP,0.085339,0.448518
SIX5,-0.16971,0.44851
CP,0.099731,0.448329
B3GALT2,-0.19792,0.448292
RPL23AP42,0.069966,0.448185
ZBTB21,-0.18877,0.448088
RPL3P12,-0.06546,0.447805
HIST1H3D,-0.81764,0.447749
PSPC1,-0.01435,0.447749
ARMC9,-0.228,0.447749
FAR2P4,-0.13964,0.447716
ALDH1B1,-0.3156,0.447669
AC002486.1,-0.30484,0.447472
C5AR2,-0.18053,0.447472
CLDN2,-0.18395,0.447472
NUMA1,-0.09379,0.447472
KCNJ9,-0.13231,0.447472
KRT73,0.206622,0.447259
AKR7A3,0.082401,0.447259
PHF2P2,0.300289,0.447237
C5,-0.28219,0.446991
RPL21P1,-0.30119,0.446991
MPEG1,0.112839,0.446989
TYROBP,0.144942,0.44633
RGN,-0.10483,0.446271
CR392039.5,-0.3052,0.446271
CUTA,0.107647,0.446271
ZNF345,-0.21858,0.446109
SEC22A,0.049619,0.445996
YBX1P10,-0.11414,0.445698
U2AF2,-0.0266,0.445624
EEA1,-0.18468,0.445588
SART1,0.066804,0.445576
TRMT10C,0.040948,0.445576
RPS18P1,-0.19271,0.445576
CDYL,-0.01916,0.445576
IGLV8-61,-0.40229,0.445515
FCRL1,-0.19798,0.445479
PACS1,-0.3204,0.445479
GGNBP2,0.001614,0.445402
PPIAP46,-0.23651,0.445165
MS4A15,-0.18941,0.445165
DDX10,-0.16671,0.445055
AC005154.2,-0.37353,0.444959
MCF2L2,-0.22814,0.444577
RPS2P45,-0.18142,0.444577
AC108941.2,0.200158,0.444577
FAM204A,0.095735,0.444577
SDR39U1,0.146801,0.444577
TRA2A,-0.70064,0.444577
RGL2,0.012997,0.444577
CXCR1,0.101997,0.444577
MUC6,-0.0432,0.444577
CLCN3P1,-0.18216,0.444461
PRRT3,0.038073,0.444207
TRIM74,0.261438,0.443879
ABCG1,0.109222,0.443867
PTGR1,0.037712,0.443821
CD8A,0.171113,0.443562
RASL11B,0.114285,0.443557
UQCRHL,-0.21519,0.443479
FBXW8,-0.17969,0.443428
MIIP,0.043815,0.443215
TMEM156,-0.21899,0.443215
FNDC1,-0.28574,0.443181
MFAP3L,-0.15727,0.443075
ZNF384,-0.08365,0.443033
UBE2D4,-0.16079,0.443033
INO80E,0.081099,0.4428
LMNTD2,0.218799,0.44266
DAP3,-0.00023,0.442493
PSMA2P2,-0.10858,0.442164
LILRA2,0.139585,0.442132
GLB1L3,-0.01721,0.442051
AC011816.1,-0.19389,0.441945
FAM217B,-0.01203,0.441906
HLA-DRB4,0.903921,0.441887
RPL36AP41,-0.28692,0.441689
GLIS2,-0.33267,0.441689
MSL3,0.011668,0.441499
HLA-C,0.136986,0.441499
PRPF4,-0.0284,0.441499
HLA-L,-0.21519,0.441441
CYP2A6,-0.16963,0.441285
AC007677.1,-0.1978,0.441258
RFC5,0.025571,0.441258
SIX1,-0.15863,0.441258
C6orf132,0.025676,0.441258
NKIRAS2,0.014734,0.441258
SURF4,0.0335,0.441132
SLN,-0.20824,0.440952
VNN1,0.125115,0.44092
SLC25A37,-0.03178,0.44092
ANKRD22,0.021757,0.44092
PNMA3,0.043143,0.440864
KIAA0355,-0.04539,0.440087
OR1D2,-0.22918,0.440087
MTA2,0.024456,0.439704
RPL37P6,-0.38184,0.439563
GAL3ST4,-0.15222,0.439563
TMEM198B,-0.2392,0.439563
MRPL50,0.028905,0.439556
AC068802.1,-0.14924,0.439556
CNTNAP3P2,-0.26098,0.439479
TSEN34,-0.3159,0.439479
CNTLN,-0.17591,0.439479
ARHGEF1,0.051768,0.439254
ODF3,-0.11131,0.43915
AL137779.3,-0.23117,0.438977
GAPDHP23,-0.08049,0.438967
RIDA,0.072988,0.438742
SLC16A4,-0.19811,0.438742
AP004607.3,-0.03087,0.438353
DDA1,0.14193,0.438194
ST13P20,-0.21876,0.437946
VSTM4,-0.24649,0.437917
LRRC32,0.12343,0.437917
CDC42EP3P1,-0.21469,0.437756
HIST1H2BK,0.08448,0.437756
MRPL53,0.066476,0.437756
ZNF607,-0.25276,0.437756
PCDHGC3,-0.18568,0.43768
CHAT,-0.15364,0.437557
UFM1,0.005615,0.437476
AP002383.3,0.173041,0.437476
EIF2S2P5,-0.21488,0.437476
AL157392.5,-0.22323,0.437476
PDCD2,0.046545,0.437476
AP005018.1,0.305383,0.437476
EMCN,-0.20874,0.437476
CCDC173,-0.16531,0.437476
DOCK1,-0.18047,0.437244
PCDHGA5,-0.14905,0.437242
CR769776.2,-0.4368,0.437162
RPS11P5,-0.30683,0.437161
PHBP13,-0.1081,0.437161
BSCL2,0.205021,0.437161
WAS,-0.11661,0.437124
VARS2,-0.98777,0.437113
KIF2A,-0.13861,0.436927
MAD2L2,0.088317,0.436889
CD3D,-0.00113,0.436889
RPA2,0.08446,0.436756
TGM6,0.11236,0.43673
EFCAB2,-0.12013,0.43673
FAM57B,-0.18457,0.43673
PEX5,-0.01533,0.43673
PDGFRL,-0.32841,0.436651
PPM1J,0.110238,0.436608
CDH23,-0.2973,0.436577
FAM208A,-0.30843,0.436573
CFL1P5,-0.3872,0.436542
IL4I1,-0.03018,0.436324
TTC16,-0.08776,0.436286
SGK2,-0.64153,0.436286
ZBTB5,-0.13955,0.436286
CICP27,-0.17944,0.436261
TAP2,1.262916,0.436261
AP006222.1,-0.12363,0.436177
HRNR,0.154957,0.435924
SCRN2,0.064491,0.435924
SPRR3,0.19421,0.435899
TRIM31,-0.27068,0.435725
G6PC,-0.10488,0.435638
FXR2,-0.00726,0.435638
AC004801.1,-0.3665,0.435638
KRTAP2-3,-0.16646,0.435392
FO393419.3,-0.37463,0.435392
RALYL,-0.18632,0.435392
OR2A5,-0.32075,0.435392
PRKAR2A,-0.14715,0.435392
GPAT3,0.025826,0.435196
CUEDC2,-0.0025,0.435163
NUP188,-0.07573,0.435046
LRRC6,-0.12444,0.435041
CHGB,-0.14757,0.434863
SELENOS,0.01933,0.434671
AC106782.5,-0.34434,0.434671
OARD1,0.022288,0.434574
NECAP2,0.039401,0.434556
AC012358.2,-0.20242,0.434492
C1QTNF9B,0.194515,0.434466
ZSCAN2,-0.30672,0.434455
VCX3B,-0.08371,0.434455
TFCP2,-0.09463,0.434247
DDX1,-0.01114,0.434242
METTL1,0.046739,0.434242
SMPD1,-0.00678,0.434083
CDKL2,-0.32,0.434083
KLK14,-0.25757,0.434075
EXOSC7,0.013486,0.434075
TEX101,0.232912,0.434075
AC022080.1,-0.25094,0.434075
DPPA3,0.111366,0.434075
RTL8C,0.032929,0.434075
SUPT20H,-0.20042,0.433984
TMCO5B,-0.0567,0.433984
EIF2S1,0.045355,0.433984
TUBG1,0.061977,0.4338
DNER,-0.42322,0.4338
EZR,0.035473,0.4338
ARHGEF37,0.00514,0.433764
TRIM59,-0.0654,0.433757
TMEM52,-0.27369,0.433728
RNF135,-0.02402,0.433431
TRIM33,-0.13673,0.433366
TMEM87A,-0.01546,0.433366
TSPAN17,0.060809,0.43335
SDC4P,-0.12583,0.433328
SSRP1,-0.00442,0.433263
AC023050.4,-0.23355,0.43323
XPO6,-0.07427,0.43323
COLEC10,-0.23794,0.43322
JAM2,-0.22537,0.43322
BAD,0.038691,0.43322
FUS,-0.19311,0.43322
MLLT11,0.041988,0.433172
AC097523.1,-0.1165,0.432928
AL512633.1,-0.1778,0.432897
CDC37L1,0.003183,0.432866
NOP56,0.044846,0.432866
SFT2D2,-0.0893,0.432866
BLNK,0.037071,0.432855
POLR1D,0.061239,0.432855
SYNRG,-0.32467,0.432855
SLC36A3,-0.15544,0.432821
PISD,-0.02657,0.432786
MTCO3P39,-0.37982,0.432646
PRKCI,0.022321,0.432589
ABHD17AP5,0.100398,0.432589
MPIG6B,-0.35815,0.432589
AC241640.1,-0.71903,0.432589
PHTF2,-0.05504,0.432589
SYNPO2,0.202736,0.432578
SLC25A28,0.049153,0.432472
BNIP3P30,-0.16596,0.432472
CASP16P,-0.21061,0.43241
MCMDC2,0.03306,0.432374
GLUD1P2,-0.355,0.432374
DNTTIP2,0.086592,0.432374
YTHDF3,-0.1483,0.43207
AP000920.1,-0.44944,0.431895
ZCCHC2,-0.18949,0.431794
ZNF90P3,-0.12291,0.43171
CCNJL,-0.14908,0.43171
TRIM14,0.038294,0.43171
ACTA2,0.183027,0.43171
ISPD,0.047588,0.43171
HNRNPCP1,-0.27695,0.43171
NUSAP1,0.039038,0.43171
AC010424.1,-0.3586,0.431601
AL359075.1,-0.4494,0.431523
CAPN13,-0.27022,0.431408
DNAH5,-0.07886,0.431298
DDRGK1,0.01445,0.431277
ZBTB43,0.022037,0.431277
PDIA2,0.098688,0.431277
FKBP2,0.028888,0.431277
AC040169.2,-0.11704,0.431277
LRRC37BP1,-0.19598,0.431277
CCL19,0.228975,0.431277
RUVBL1,-0.00876,0.431181
SLC22A10,-0.14592,0.431165
TPH1,0.047708,0.431156
DOC2B,0.118513,0.431156
CSAG2,0.050281,0.431156
SMG8,-0.02875,0.431156
MTCO3P15,-0.19278,0.431045
IGHV4-61,-0.38704,0.430783
PFDN6,0.215673,0.430663
DNAJB2,0.021866,0.430663
CRISP3,-0.47023,0.430663
DKK1,0.078008,0.430663
KDM4B,-0.18979,0.430663
ZNF669,0.0521,0.430503
FBXO3,0.037156,0.430338
C8orf59P2,-0.42222,0.430338
RPS5P3,0.135395,0.430218
AC025030.1,-0.28908,0.430205
SNAI2,0.040601,0.4302
AC007342.3,-0.17003,0.430151
TTC9C,-0.0142,0.430151
C1S,0.108544,0.430151
SASS6,-0.15652,0.430144
PANK2,-0.11811,0.430144
MFSD14A,0.031798,0.430095
RPE65,-0.03317,0.430057
PPTC7,-0.17076,0.429861
MARK2P6,-0.11056,0.429851
AC026458.1,-0.27576,0.429796
RPL35P3,-0.37352,0.429789
LRRC4,-0.26116,0.429763
PELO,-0.00856,0.429722
SOHLH2,-0.15595,0.429644
NXPE1,-0.09379,0.429644
MSL3P1,0.108601,0.429644
C11orf87,-0.04392,0.429644
DEFB109D,-0.48146,0.429525
NELL2,0.254649,0.429486
ADAR,0.008622,0.429429
GIGYF2,-0.15618,0.429277
AQP6,-0.05777,0.429191
GSDMD,0.00642,0.429191
ADAM1B,-0.21191,0.429191
CCDC167,0.104004,0.429191
MEI1,-0.35406,0.429191
RNFT1P2,-0.21298,0.429191
ETV6,-0.06653,0.429191
SEC31A,-0.07837,0.429191
CNOT1,-0.08934,0.42919
GCNT2,-0.2077,0.42919
ASB15,-0.0319,0.429111
SRPX2,-0.05831,0.429111
AC083902.2,-0.01513,0.429111
AC007688.1,-0.11699,0.429111
SCLT1,-0.18466,0.429111
STRN3,-0.02936,0.429111
SLC34A2,-0.28048,0.429111
SHC3,-0.1956,0.429078
NDUFA11,0.050902,0.428834
SAT1,0.068335,0.428834
IL13RA1,0.070618,0.428834
TMED7-TICAM2,-0.00306,0.428834
ERGIC3,0.056909,0.428834
PRKAR1A,0.043381,0.428834
TMEM256-PLSCR3,-0.24612,0.428834
RPL7AP15,-0.25913,0.428834
ROCK1,-0.20811,0.428727
RPS20P31,-0.46223,0.428727
CDC73,-0.11303,0.428727
IGHV3-15,-0.58443,0.428495
RPL35A,0.063764,0.428463
AL391094.1,-0.07664,0.428438
HSD3BP2,-0.33714,0.428438
UGT8,-0.25127,0.428279
SPRED2,-0.21269,0.428279
TARS,0.096638,0.428279
ATG4A,0.041443,0.428172
HIST1H2BM,0.145688,0.428172
ARHGEF33,-0.28232,0.428172
CTSW,0.101741,0.428172
CHD6,-0.12696,0.428172
PHLDA3,0.031805,0.428172
NDUFAF4P3,-0.23032,0.428172
PLEKHA2,-0.03657,0.428117
IL22RA2,0.073539,0.427695
DPRXP3,-0.3153,0.427662
GAL3ST3,-0.08106,0.427662
AP000889.2,-0.30283,0.427662
BIK,0.110265,0.427662
RPL11,0.038552,0.427662
RPL9P28,0.259421,0.427662
SYCP2,-0.24604,0.427662
AL591767.3,-0.2667,0.427655
RASSF9,-0.23018,0.427287
SIRPB1,-0.1,0.427268
SMIM36,-0.17008,0.427147
BMS1,-0.00614,0.426851
MKRN1,-0.0503,0.426851
EFNA2,-0.08398,0.426845
RANP3,-0.3791,0.426735
PARP11,-0.16324,0.426726
CCR1,0.138239,0.426694
MERTK,-0.31827,0.426632
GGT3P,-0.19841,0.426509
EIF4A2P2,-0.19813,0.42633
PCNPP5,-0.24423,0.426233
MYL6P4,-0.27804,0.425962
EPHA1,0.016004,0.425944
SAMD10,-0.00141,0.425944
HNRNPF,0.068566,0.425814
LILRA6,-0.31321,0.425765
GPR52,-0.27059,0.425643
LYRM7,-0.09624,0.425505
RPL9,0.432853,0.425505
GLYATL1B,-0.1132,0.425435
ADAM11,0.114152,0.425385
ZDHHC23,0.007223,0.425184
AC089984.2,-0.2023,0.425184
HSPA1B,-1.61826,0.425184
NBPF10,-0.20333,0.425164
AC026634.1,-0.50478,0.425164
UBE2FP3,0.124758,0.425099
CHMP6,-0.0095,0.425099
HSPBP1,0.041261,0.424986
HIC1,-0.34465,0.424986
KLF1,0.04517,0.424986
OR5H1,-0.04415,0.424986
NFKBIA,0.048722,0.424941
CYP4Z2P,0.214425,0.424941
TATDN2P1,-0.07331,0.424895
AC234644.1,-0.3151,0.424846
CYP4A11,-0.41208,0.424707
LDHAL6B,-0.1746,0.424677
FAM118B,0.002535,0.424677
AP001767.1,-0.39932,0.424546
IKZF3,-0.17965,0.424546
MFAP1,0.034578,0.42427
ST8SIA5,-0.07508,0.42427
HSBP1,0.06313,0.42427
AL158062.1,-0.25732,0.424258
DBN1,-0.28937,0.424101
CTAGE7P,-0.13813,0.423991
OR2G6,-0.24815,0.423991
REPIN1,0.011111,0.423991
CYP4F35P,0.089418,0.423965
AC243733.1,-0.45251,0.423965
CCHCR1,0.66991,0.423859
LCMT2,-0.17287,0.423793
MYH14,-0.20088,0.423793
CCDC43,0.044667,0.42345
SLC39A2,0.095691,0.423352
MRPS35,0.023301,0.423155
VPS9D1,0.060442,0.423103
ENPP5,-0.18581,0.423103
SNX24,0.073689,0.423103
DEC1,-0.23151,0.422722
DIEXF,-0.12768,0.422402
TRAJ39,-0.554,0.422344
GALK1,0.067536,0.422344
WT1,-0.04214,0.422344
RPS3AP54,-0.10806,0.422344
TPGS2,-0.12685,0.422344
GOT2,0.005445,0.422344
CNTROB,0.017548,0.422147
UFSP1,0.109061,0.42202
ACOX1,-0.07775,0.421893
FOLH1B,0.05066,0.421893
SSPN,-0.26,0.421715
AC090666.1,-0.3312,0.421587
OR4K17,-0.21446,0.421586
GTF2IP5,-0.24306,0.42152
P2RX4,-0.3096,0.421506
GRM5,-0.09957,0.421503
MSX2,0.112044,0.421503
TMX1,0.059881,0.421502
MTND6P4,0.179196,0.420861
ZBTB8OSP1,-0.33583,0.42086
DHCR24,-0.18533,0.420799
R3HDM4,-0.04511,0.420121
GTF2IP12,-0.16624,0.41996
ENHO,-0.23662,0.419748
PCDHB18P,-0.11394,0.419734
WASH3P,0.112278,0.419686
STX6,-0.01373,0.419686
TMEM63A,-0.19142,0.419686
AL133477.1,0.219156,0.419686
KRT18P59,-0.1149,0.419686
PDIA6,0.06136,0.419385
RPL27A,0.080866,0.419385
SAFB,-0.11121,0.419385
RGS16,-0.20678,0.419119
DEAF1,0.127334,0.419059
ENPP1,-0.22867,0.419007
LTBR,0.017865,0.419007
TM9SF2,0.008013,0.418749
SCAF8,-0.16905,0.418749
TPP2,-0.23872,0.418749
XRCC4,0.055916,0.418749
PRF1,0.042676,0.418632
AL358472.1,-0.30619,0.418632
PCK1,-0.27288,0.418421
RPL15P18,-0.17804,0.418411
OR2T7,-0.11943,0.418411
TRBV26OR9-2,0.435483,0.418353
ASMTL,-0.00871,0.418316
ZNF285B,-0.11038,0.418144
SEL1L2,-0.1837,0.418052
IGKV1-33,-0.77111,0.418052
INHBE,-0.06528,0.417941
FOXD4L4,-0.07472,0.417917
POTEH,-0.17833,0.417486
CEP152,-0.24153,0.417486
RBMXP4,-0.15943,0.417486
PGPEP1,-0.23295,0.417486
WASHC3,-0.00439,0.417269
EXT1,-0.16281,0.417269
CLCC1,-0.1442,0.417221
RBL2,-0.15654,0.417221
TELO2,0.106412,0.417221
AC017081.4,-0.31112,0.417173
ITGB8,-0.21688,0.417173
LMOD2,-0.12067,0.417173
PDLIM4,0.06607,0.417173
PIK3IP1,0.113587,0.417173
EVL,-0.21135,0.417163
PTPRC,0.350259,0.417128
CYP4F11,0.157688,0.417128
NPAP1P2,-0.17299,0.417128
HMGA2,-0.11699,0.417002
AC104806.1,-0.47467,0.417002
MEX3A,-0.09103,0.417002
PIK3CB,-0.18006,0.417002
CASTOR1,0.069025,0.417002
TRAJ3,-1.23753,0.41687
MICA,-0.51844,0.41687
EEF1A1P14,-0.09449,0.41679
AL365338.1,-0.20874,0.416772
AL356390.1,-0.29092,0.416729
TMPRSS11F,0.090627,0.416636
TMEM95,-0.12853,0.416506
HPS4,0.001284,0.416387
IGKV1-12,-0.54398,0.416387
SPIN3,-0.20952,0.416387
SPINK7,0.379731,0.416387
SLC39A10,-0.18832,0.416387
ALS2CL,0.142169,0.416335
CYR61,0.230343,0.416335
PYGO2,-0.09718,0.416335
KLF16,-0.17213,0.416335
ATP1B4,-0.05463,0.416278
CDKN2C,0.0349,0.416278
AL138880.1,-0.16229,0.416235
KRT17P7,-0.25197,0.41581
IRX2,-0.16362,0.41581
SERPINB6,-0.0433,0.415803
PLXNB1,0.109926,0.415741
GPD1,-0.55598,0.41547
UPK1A,-0.53477,0.415351
TAGLN2P1,-0.262,0.415333
RHOH,-0.24863,0.415309
TEX12,0.164141,0.415309
FAM69B,-0.21698,0.415218
BCO2,-0.28089,0.415136
GP5,-0.03865,0.415102
MAGEA5,-0.0869,0.414994
SRRT,-0.00942,0.414965
HIST2H2BB,-0.368,0.41492
ZNF648,-0.03706,0.41492
DUSP7,-0.2027,0.414867
PAIP1,0.037596,0.414867
GGCT,0.133237,0.414816
LRIT3,-0.09493,0.414701
GAB3,-0.43238,0.414669
FLVCR1,-0.11608,0.414427
SMAD1,-0.08002,0.414369
DDX18P4,-0.06443,0.414165
AF252830.2,0.667773,0.414165
LRRC10B,-0.18602,0.414123
CFB,-0.4076,0.414123
BCAS2P1,0.132355,0.414123
STRC,-0.23669,0.414123
CTLA4,0.006406,0.414065
LARGE1,-0.20549,0.414065
AC009119.2,-0.27694,0.414065
KARSP1,-0.09647,0.414065
ZNF436,-0.15577,0.414065
C12orf66,-0.13192,0.413938
TRAM1L1,0.133574,0.413938
STAG3L2,-0.217,0.413889
TSEN34,0.990628,0.413734
MIOX,-0.14327,0.413496
ATG13,-0.26235,0.413496
C9orf78,0.036774,0.413389
DBNDD2,0.038412,0.413376
EVI5L,0.055373,0.413376
AC092431.2,-0.43312,0.413376
HDHD5,0.021488,0.413247
SLC12A7,-0.23582,0.413156
CDKAL1,-0.13471,0.413147
SMIM17,-0.15436,0.413044
KCNQ5,0.138192,0.412985
AC018638.3,-0.71204,0.412985
NOL10,-0.0207,0.412956
SMBD1P,-0.34867,0.412956
ZNF408,0.019122,0.41291
OR6K3,-0.12679,0.412779
TAX1BP1,0.014869,0.412779
SHARPIN,0.028755,0.412779
CHRNB1,-0.03115,0.412779
ZFAND5,0.004314,0.412736
KLHL35,-0.08251,0.412097
RTL6,-0.1588,0.412
ZNF678,-0.10149,0.412
PDE4A,-0.16811,0.411773
ZNF207,0.050025,0.411501
PPP2R5B,-0.08744,0.411446
DNM1P51,-0.13128,0.411398
TP73-AS1,-0.18529,0.411398
PRNP,0.030992,0.411398
DUTP7,-0.29438,0.411324
TEX2,-0.01338,0.411301
ANG,0.173653,0.411301
IGHV1-2,-0.79128,0.41117
ZNF394,0.005281,0.411153
VSTM5,-0.09599,0.411076
CEP290,-0.21991,0.411076
TPK1,-0.18288,0.410913
COA5,0.009766,0.410913
BACE2,-0.16116,0.41078
UFSP2,-0.0137,0.410346
RGCC,0.086261,0.410229
HMGB3P10,-0.35074,0.409959
AGMO,-0.27487,0.409937
AC103706.2,-0.31564,0.409937
AC128688.1,-0.31123,0.409937
BCL2L10,0.101899,0.409869
ABCE1,0.000774,0.409708
VPS28,-0.00839,0.409588
ACMSD,-0.18566,0.409363
PPT1,0.064718,0.409363
EEF1A1P26,-0.06497,0.409276
MUC21,-0.04637,0.409223
YPEL4,-0.20979,0.409223
AC114490.1,-0.13257,0.409133
GPR31,0.033252,0.409114
CUL4A,0.001594,0.409089
PROX1,-0.28203,0.40902
AC008833.1,-0.2811,0.40902
THAP12P9,-0.08239,0.40902
AC067942.1,-0.0853,0.40902
CUTA,0.039391,0.408891
PPIAP41,-0.37207,0.408757
NCL,0.022312,0.408709
AC025884.2,-0.23782,0.408429
CNGB3,-0.27494,0.408429
ENPEP,-0.31583,0.408429
RPL7AP66,-0.2144,0.408429
INO80,-0.2151,0.408429
ARSE,-0.19748,0.408429
UBA52P8,-0.32403,0.408429
RHPN1,0.158248,0.408286
HMGB3P14,-0.26029,0.408129
GLIPR1,-0.002,0.408129
PIM3,0.023263,0.408115
CDK4P1,-0.29212,0.408075
CASKIN1,0.006937,0.408075
MTCO2P29,0.404211,0.408075
ACSL5,-0.39233,0.408075
AC275401.5,-0.55691,0.408045
CD82,-0.02083,0.408045
CHFR,0.017585,0.408045
AC073508.2,0.05821,0.408045
ONECUT1,0.080132,0.407896
STK19,0.368195,0.407853
THAP3,0.054144,0.407811
GTF2F1,0.003295,0.407788
PRB3,-0.1171,0.407788
SUDS3P1,-0.11684,0.407729
APLN,0.083139,0.407626
FAM122B,-0.17891,0.407565
MUC17,-0.26172,0.407238
SPOCK1,0.105882,0.407238
AL096711.2,-0.04145,0.407238
MGME1,0.028533,0.407238
CDSN,-1.27394,0.407238
CETN2,0.049746,0.407238
MLF1,0.16392,0.407145
TMCC3,0.040656,0.407145
DPH7,0.068446,0.407145
SCHIP1,-0.09422,0.407145
KRTCAP2,0.051004,0.407145
AC140113.3,0.34063,0.407145
PPHLN1,-0.03088,0.407145
LRP10,0.021213,0.407145
SSR1,-0.03345,0.407145
GRINA,0.10885,0.407145
CBX5P1,-0.31785,0.406909
KLRB1,-0.18154,0.40683
ZC3H15,0.006054,0.40683
AL096701.1,-0.2642,0.40683
PLXDC1,-0.05354,0.40683
MEGF6,-0.22786,0.406716
TREH,-0.11579,0.406716
CCDC39,-0.21132,0.406612
TNFSF15,-0.15242,0.406245
AP000436.1,-0.08237,0.406244
NPIPB13,-0.33076,0.406236
RPL23AP36,0.198956,0.40614
TRIB2,0.034175,0.40614
KRT18P12,-0.04793,0.406098
AC018889.1,-0.34428,0.406098
CD63,0.053462,0.406098
KCNE1,-0.17344,0.406098
FARSB,0.014013,0.405989
ZIC1,-0.05729,0.40597
TAS2R3,-0.29181,0.40597
SCML2,-0.12904,0.405889
TATDN2,-0.15192,0.405784
SPTBN2,-0.08498,0.405717
AL162431.4,-0.35486,0.405451
NFE2L2,-0.19248,0.405365
SLC11A2,-0.02473,0.405168
IQCJ-SCHIP1,0.209017,0.405168
CBWD3,-0.11375,0.404825
POLK,-0.16148,0.404825
MEI4,-0.09245,0.404805
AC092447.7,-0.10801,0.404756
SEPT7P6,-0.22176,0.404756
PEX2,0.059738,0.404673
RPS3AP29,-0.25528,0.404625
PRPH2,-0.14735,0.404625
RTCA,0.005007,0.404454
EMG1,0.011196,0.404454
FAM105A,0.063891,0.404454
CCDC32,-0.0463,0.40414
ARL8B,-0.0047,0.404103
C4orf47,0.105932,0.403911
SYCE3,0.240108,0.403703
RPS13,0.054656,0.403541
PIGW,0.03881,0.40354
ABI1P1,-0.16842,0.403526
FUNDC1,0.045605,0.40346
BPIFB9P,-0.09591,0.40346
MYOCD,0.031218,0.403426
CSTF2,0.013468,0.403108
RPL7P59,-0.1219,0.402539
IKZF5,-0.1178,0.402134
PCDHA12,-0.05056,0.402125
MAF1,0.014065,0.40211
VPS4B,0.025997,0.40211
IGSF9B,-0.30157,0.402062
AL365258.2,-0.25249,0.402062
C12orf4,-0.12712,0.402062
AC080013.2,-0.43251,0.402062
C9orf84,-0.18307,0.402062
RPL17P43,-0.15181,0.401926
PGAP3,-0.01872,0.401747
HSH2D,-0.1804,0.401747
SLC15A2,-0.15642,0.401747
DNMT3L,-0.07977,0.401747
MUC6,-0.33897,0.401747
AC022973.1,-0.22677,0.401747
AL139811.1,-0.13321,0.401645
ORM2,-0.11695,0.401613
SERPINB2,0.076332,0.401613
CFL1P3,-0.26667,0.401613
CASC1,-0.04179,0.401613
FBXO38,-0.12135,0.401613
MYSM1,-0.22038,0.401613
AL096855.2,-0.29464,0.401613
RPS28P7,0.094763,0.401613
ENTPD5,-0.09552,0.401613
AC091491.1,-0.31736,0.401613
MYL9,0.16538,0.401613
TIPRL,0.048171,0.401613
CAMK4,-0.14652,0.401556
AC239803.1,-0.26878,0.401487
EEF1B2P6,0.184596,0.401454
PARP3,0.082821,0.401454
AL390023.1,-0.49684,0.401417
SEC61A1,-0.02157,0.40134
GPS1,0.011416,0.401145
OSTC,0.038319,0.401145
TUSC1,0.029991,0.401145
CSF3,-0.06914,0.400966
ALG10B,-0.16674,0.400891
TAS2R13,-0.16873,0.400861
MAP1B,-0.32762,0.400861
SAMD7,-0.04515,0.400861
AC005840.3,0.036452,0.400825
OCA2,-0.29017,0.400739
MARK4,-0.24982,0.400543
TMEM150B,-0.14239,0.400514
RPL35P1,0.272679,0.400331
AC044810.8,-0.47707,0.400264
AC013290.1,-0.16539,0.400264
KIF5A,-0.03736,0.400264
CREG2,0.039279,0.400145
OXSR1,-0.02868,0.3997
RAF1,-0.03515,0.399553
PRKG2,-0.16186,0.399553
CYP27C1,0.091635,0.399262
PTPN2P2,-0.14711,0.399162
EIF4G2,-0.04721,0.399162
GORASP1,-0.03966,0.399155
C3orf67,-0.09552,0.399122
AL024509.1,-0.08778,0.399122
INTS4P1,-0.1036,0.398984
AC108108.1,-0.35502,0.398874
RIMS1,-0.30781,0.398805
MTCO1P1,-0.21907,0.398805
SLC4A1AP,-0.00198,0.398795
PTGER1,-0.0882,0.398795
GPM6B,-0.21677,0.398795
ZWINT,0.039024,0.398795
KRT80,0.039735,0.398795
AP006285.3,-0.16447,0.398795
PDS5A,-0.13836,0.398795
DNAAF4,0.033433,0.398795
NHLRC4,-0.06606,0.398795
RPL23A,0.054592,0.398795
C20orf196,0.032345,0.398795
CNTN2,-0.08944,0.398761
C1orf53,0.126388,0.398761
MARCO,0.250596,0.398491
RHOQ,0.018568,0.398453
RACGAP1P,0.108781,0.398265
AL009178.1,-0.07613,0.397668
AC006529.1,-0.16003,0.397629
CEP85,-0.07896,0.397559
LIMS3,0.263662,0.397559
AC007000.1,-0.29798,0.397504
FRG1HP,-0.18212,0.397482
YWHAQP5,-0.24327,0.397285
RNF5,-0.29697,0.397285
DLGAP5,0.015858,0.396964
EIPR1,-0.00801,0.39695
RBM43P1,-0.19485,0.396929
TXNP6,-0.42013,0.396929
SMPD4P1,-0.07599,0.396929
AC010329.5,-0.08103,0.396929
AC006445.2,-0.25389,0.396892
HELLS,-0.19931,0.396876
PTGDR,-0.09811,0.396824
SMIM1,-0.25183,0.396824
BCAT2,-0.32098,0.396817
SERTAD3,0.053046,0.396551
SLC6A1,-0.24957,0.396548
LRCOL1,0.115414,0.396548
GAPDHP2,-0.17786,0.396463
MED11,0.03196,0.396336
COPG1,0.02821,0.396322
RPL7P11,-0.29129,0.396298
PSKH1,-0.05905,0.396298
NPIPA1,-0.28793,0.396214
PPIAP10,-0.24478,0.396214
PXMP2,-0.22909,0.396214
NUDT9,-0.07576,0.396214
ATP6V1C2,0.065728,0.396193
POLD2,0.003531,0.396193
NCAPH,0.004804,0.395964
COL4A6,0.032773,0.39588
RPL7L1P10,-0.37789,0.395774
AC114940.1,-0.09251,0.39576
BX842568.2,0.062197,0.39576
TPI1P2,0.03526,0.39576
G0S2,-0.66377,0.395652
C22orf23,0.006513,0.395632
VN1R83P,-0.30525,0.395371
MSANTD1,-0.11314,0.395338
SLC9A8,-0.14065,0.395307
BAG5,0.025137,0.395154
DNMBP,-0.175,0.395154
ADGRL3,-0.38023,0.395154
HLA-A,1.693939,0.395154
AC093225.1,-0.20822,0.395069
UBL7,0.004693,0.394572
MTHFD2L,0.059767,0.394572
ATP2C1,-0.16281,0.394492
AC068620.3,-0.22809,0.394012
PTPN2P1,-0.19649,0.394012
FP565260.3,-0.18348,0.394012
PDZD9,-0.24496,0.394012
MRPL28,0.048565,0.393727
ACTG2,0.249451,0.393727
LDHAL6A,-0.1868,0.393686
CAPG,-0.00436,0.393487
HLA-DQA1,-1.03923,0.393446
TBC1D3D,-0.52936,0.39316
FAM213AP1,-0.14256,0.393086
HEATR5A,-0.16037,0.392853
TGS1,-0.0386,0.392846
FAM98B,-0.27504,0.392846
KRT17,0.335899,0.392827
TNXB,-0.967,0.392753
AC015912.2,-0.54193,0.392245
XIAPP3,-0.24068,0.392245
KCNT1,0.167758,0.391667
SCGB3A2,-0.30942,0.391651
AC121251.1,-0.47966,0.391651
BDP1,-0.41149,0.391651
AK4P4,-0.18833,0.391651
HECW1,-0.15459,0.391589
TEX53,-0.21009,0.391589
MGST2,0.05148,0.391589
LAX1,-0.2025,0.391589
CNOT8,-0.0002,0.391589
TMEM60,0.038194,0.391524
RUBCNL,-0.15953,0.391347
HCG4P7,-0.10379,0.391301
AC254813.1,-0.62901,0.391115
AC018523.2,0.242775,0.39101
USP9YP21,0.153706,0.39101
NADSYN1,0.024212,0.39101
CREB1,-0.06282,0.39101
KLHL21,0.066156,0.39101
ARPC3P5,-0.2937,0.390716
BTN3A1,0.080466,0.390583
CEP126,-0.13322,0.390583
PWWP2A,-0.04565,0.390556
AC010240.2,-0.22056,0.39032
CHORDC1,-0.12621,0.390304
ARHGAP27,0.196888,0.390107
TRAPPC6B,0.031607,0.389868
RABEPK,0.040311,0.389746
DDX54,-0.02077,0.389551
MTCO3P11,-0.22833,0.38949
HOXB7,-0.25732,0.38949
KHK,-0.19927,0.38949
TFAP2C,-0.13952,0.38949
ZSWIM5,-0.04969,0.389086
AC100868.1,-0.08359,0.389086
AC006270.3,-0.179,0.389086
GMPPB,0.010471,0.389086
ZNF106,-0.09204,0.389086
AASS,0.053783,0.389086
HMGA1P1,-0.13561,0.389086
RPS3AP34,-0.33228,0.389085
LNPK,-0.13975,0.388841
MAB21L3,-0.21072,0.388774
RPS10P7,-0.20528,0.388398
C12orf57,0.061311,0.388379
AL161420.1,-0.42504,0.388379
ZNF213,-0.22134,0.388379
RAB6C,-0.0374,0.388379
AKR1E2,-0.18427,0.388379
MAP7,0.013163,0.388379
AC007386.1,-0.19034,0.388256
RGPD6,-0.28469,0.388256
TSHZ2,-0.17679,0.388111
AF107885.1,-0.21214,0.387739
VN1R85P,-0.32421,0.38766
ADAMTS5,-0.32385,0.38766
LIMCH1,0.041124,0.387573
DPEP3,-0.04449,0.38742
MEX3B,-0.17544,0.387404
AC023509.5,-0.21529,0.387242
PRR4,-0.32119,0.387148
FAM189B,-0.20753,0.387074
ZNF101,-0.01341,0.386918
SSR2,0.027683,0.38675
RNF112,-0.3254,0.38675
CTU2,0.001442,0.38675
ELOVL7,0.095788,0.386125
ICAM1,-0.00608,0.385959
TSR3,0.017653,0.385959
SAFB2,-0.02724,0.385868
FAM220A,-0.01927,0.385868
ARHGAP5,-0.12389,0.385868
PAK6,-0.07588,0.385868
BCKDHA,-0.02488,0.385765
FO681525.2,-0.24526,0.385765
SRSF6,-0.15229,0.385356
SCYL1,-0.00029,0.385209
DENND4C,-0.16946,0.385154
ANO2,-0.05019,0.385154
AL109620.1,0.099897,0.385154
PRR15L,-0.28549,0.385154
CSNK1E,0.049052,0.385039
ARL9,0.062813,0.384965
TNXB,-1.6781,0.384965
MFGE8,0.044053,0.384862
AC051619.1,-0.26155,0.384862
TRIM25,0.007785,0.3847
DOCK4,-0.26333,0.384655
RPL14P3,-0.15892,0.384655
EIF4E,0.105917,0.384655
CNPPD1,0.005262,0.384655
MUC12,0.036431,0.384655
CYBA,0.103772,0.384655
ISCA2,0.069407,0.384515
MECR,-0.16592,0.384335
CDC42P4,-0.24935,0.384288
ELP5,0.023337,0.38417
FAHD1,0.034823,0.384019
TMX2,0.010109,0.383845
PROS1,0.033502,0.383716
KBTBD8,-6.4e-05,0.38342
SRSF4,-0.04129,0.38327
GABRA3,-0.17621,0.383238
AKIRIN1P2,-0.13089,0.383143
AC018620.1,-0.35612,0.383115
NPTN,0.012778,0.383115
HLA-DOA,0.280382,0.383085
ZNF358,-0.24949,0.38301
LAGE3,0.062229,0.38283
RPL4P2,-0.05623,0.38283
ASZ1,-0.10753,0.382678
APLF,-0.16681,0.382678
CHMP4B,0.003713,0.382676
ALDH16A1,0.111749,0.382676
AC124856.1,-0.14664,0.382676
LRRC42,-0.00355,0.382676
RCOR3,-0.19903,0.382676
JAM3,0.039076,0.382291
ADGRL2,-0.02993,0.382129
BORA,-0.07639,0.382129
AC107956.2,0.230504,0.382129
MPP1,0.005065,0.382129
HLA-DOB,-0.10537,0.382129
AC113420.1,-0.27417,0.382129
AC114801.1,-0.33226,0.382129
HSP90B2P,-0.17362,0.382129
ANKRD20A9P,0.156072,0.382129
RPL5P13,-0.18513,0.382129
AC104978.1,-0.26401,0.381997
PARP10,0.182935,0.381997
ATF5,0.06372,0.381963
AC115621.1,-0.2652,0.381898
STAM2,0.006901,0.381644
SPICE1,-0.22178,0.381268
RPL23AP17,-0.28169,0.381227
SYNE2,-0.1743,0.381155
HIST1H4B,0.123288,0.380803
HMGB1,0.099033,0.380803
PPIAL4C,0.445318,0.38077
RTN3,-0.13065,0.38077
HNRNPA1P62,-0.19188,0.38077
NAA60,-0.20105,0.380753
CLEC10A,0.141598,0.380753
GTSF1,-0.21891,0.380672
CEACAM19,0.024093,0.38057
TDRD3,-0.17276,0.380405
FAM171A1,-0.2035,0.380289
AC241585.2,-0.27822,0.380289
AC011352.2,-0.19729,0.380285
MX2,0.018479,0.380184
ANO7L1,0.125364,0.380184
RAB39A,-0.14506,0.380106
YBX3,0.031186,0.380106
HNRNPKP1,-0.05545,0.380106
AC004812.1,-0.72717,0.380106
MORF4L1,0.005625,0.379722
MAP3K14,-0.19621,0.379722
BZW2,0.006625,0.379722
RGS9BP,-0.31063,0.379722
TAF1B,-0.04664,0.379722
ZNF707,-0.15521,0.379722
EXOC3,-0.02313,0.379635
MPV17L,-0.31995,0.379612
PPIAP11,-0.29114,0.379612
TCAF2P1,-0.12008,0.379612
AC067940.1,-0.38298,0.379612
SOBP,-0.13301,0.379612
FOXD3,-0.11255,0.379612
KNOP1P2,-0.23765,0.379612
RHOBTB3,-0.14737,0.379612
AXL,-0.27732,0.379574
SERF2,0.043874,0.379465
BMP5,-0.05164,0.379465
FAM117A,-0.20685,0.379445
DBX2,0.221239,0.379399
AC006028.1,-0.27535,0.379399
EEF1GP4,-0.09442,0.379399
ILKAP,0.026628,0.379399
FTLP3,-0.12706,0.379399
KRTAP10-4,-0.10413,0.379392
TAS2R31,-0.32461,0.379392
NLRP10,0.079674,0.379392
ENPP7P9,0.163314,0.379356
AC135626.1,-0.22418,0.379356
P2RY12,0.149432,0.379356
SRARP,-0.1242,0.379191
MTCO1P28,-0.07771,0.378879
TERT,-0.05807,0.37884
ATXN7L3,-0.03105,0.378794
SNW1,-0.02719,0.37875
AQP8,0.060496,0.37859
BMS1P22,-0.18868,0.37857
VKORC1,0.025813,0.37857
C20orf202,0.067357,0.37857
HCG4,0.241968,0.378449
DYRK4,-0.00954,0.378449
MKRN2,-0.00173,0.378243
DOT1L,-0.14086,0.378126
FCRL3,-0.32511,0.377984
HAAO,-0.20436,0.377807
IL17RA,-0.08253,0.377807
CDC20,0.013121,0.377807
RNASEK,0.031789,0.377792
COL6A2,-0.3226,0.377792
NCLN,0.027365,0.377792
HTRA4,-0.25491,0.377566
TMLHE,-0.15509,0.377529
SHF,-0.32365,0.377521
SV2B,-0.22252,0.377521
PCOLCE,-0.33071,0.377521
KRTAP10-2,-0.16831,0.377521
CARD17,0.367824,0.377492
SEC1P,-0.19492,0.377492
TGDS,-0.04263,0.377424
TGFBR1,0.05475,0.377424
CAMSAP3,-0.19456,0.377357
TRIM73,-0.21582,0.377197
BTF3L4P2,0.088985,0.377164
DGUOK,0.019377,0.376226
DLEC1,-0.21151,0.376196
AC005244.1,-0.30223,0.37616
SOX8,-0.16244,0.37616
TBC1D3L,0.270612,0.37616
AADACL3,-0.86593,0.376102
SLC25A39,0.005341,0.375688
AL589843.2,-0.08934,0.375581
STPG4,-0.24272,0.375581
ATP6V1B1,-0.60033,0.375581
AC096582.3,0.03216,0.375571
PEMT,0.077445,0.375571
SPATA19,0.108828,0.375475
ACR,0.077687,0.375475
AC073488.9,0.199128,0.37524
SH2D2A,0.049896,0.375225
EDN2,0.131699,0.375225
SRP9P1,-0.15761,0.37488
IL31RA,0.190071,0.37488
TMEM272,-0.07619,0.37488
PLK4,0.001744,0.37488
RPL12P15,-0.30503,0.37488
NR5A2,0.061006,0.37488
OR4E1,-0.07133,0.374764
OR4F3,-0.1552,0.374764
RGS9,-0.16362,0.374764
MTCL1,0.111194,0.374747
GNG4,-0.04259,0.374747
MTND2P30,-0.25001,0.374747
CCNL2P1,-0.09904,0.374747
SELENOH,0.020565,0.374636
A2MP1,-0.13886,0.374604
CCDC28A,0.032582,0.374604
FH,0.014059,0.374429
TUBA1A,0.04568,0.373976
HBA1,0.300585,0.373976
RPL34P31,0.290888,0.373948
MTCYBP40,-0.09038,0.373922
RFXAP,-0.17878,0.37383
FTL,0.085276,0.373745
AC135507.2,-0.39918,0.373745
GNRHR,-0.14784,0.373709
AC100858.1,-0.06352,0.373635
SMPD3,0.062823,0.373494
PALLD,0.080316,0.373487
TAS1R1,0.020645,0.372924
AC233724.2,-0.40911,0.372731
AC074276.1,-0.16969,0.372558
ANKRD39,-0.10818,0.372558
ATP11A,-0.20108,0.372558
CD1E,-0.33031,0.372394
DIAPH1,-0.20452,0.372345
MTCYBP44,-0.17762,0.372264
PCDHB15,-0.13229,0.372264
CITED2,0.068184,0.372225
BOLA2P3,-0.36618,0.372126
PPIP5K2,-0.16596,0.37212
HMGA1P2,-0.42375,0.372031
PGPEP1L,-0.13925,0.371903
CNTNAP3P1,-0.24445,0.371864
PIP5K1A,-0.02441,0.371864
RPL13P2,-0.13544,0.371864
PINK1,0.00634,0.371837
NPAT,-0.16198,0.371829
RBM15,-0.12347,0.371815
AC003002.2,-0.34126,0.371815
CDX4,0.178125,0.371815
EME2,0.060294,0.371815
TMC3,-0.12188,0.371792
AC007599.1,-0.19072,0.371763
CYP2E1,0.05316,0.371625
TBC1D2B,-0.21624,0.371587
DCTN5,0.078876,0.371514
ZNF143,-0.02549,0.371474
PMS2P2,0.156318,0.371453
AGRP,-0.16457,0.371391
RFX5,0.139119,0.37111
ADCYAP1R1,-0.12342,0.37111
AC244517.10,-0.16829,0.37081
STXBP1,-0.07444,0.37081
TRAJ17,-1.06511,0.37081
SAMD9L,0.118521,0.370686
ERRFI1,-0.00483,0.370686
AC010343.1,-0.23777,0.370009
AL139156.1,-0.20339,0.370009
HDAC9,-0.27057,0.369767
DEFA1,0.356443,0.369686
CDK18,-0.13067,0.369686
ZPLD1,-0.08958,0.369549
SLC7A1,-0.01148,0.369352
ZNF721,-0.13837,0.369352
MOGAT2,-0.58825,0.369352
EIF3CL,-0.55166,0.369352
PLCXD2,-0.06529,0.369352
ZIC3,0.03744,0.369352
JUNB,0.061895,0.369293
RPS3AP4,-0.08462,0.369067
ADA,-0.2436,0.369067
YWHAG,0.010813,0.368894
CENPUP2,-0.12594,0.368894
ACTG1,0.056707,0.368894
LINC00672,-0.20214,0.368894
HGD,-0.7245,0.368894
OLIG3,-0.06445,0.368894
GP6,-0.24732,0.368894
MICE,-0.09131,0.368894
ZSCAN12,-0.11186,0.368894
AC108059.1,-0.15841,0.368894
AL355987.3,0.188915,0.368753
TRPM8,-0.18644,0.368732
NSD1,-0.11701,0.368732
SETP10,-0.17396,0.368732
AREL1,-0.09071,0.368732
ANKRD18A,-0.19626,0.368669
BOD1L1,-0.14612,0.368669
C2CD5,-0.23481,0.368669
C2orf74,0.202769,0.368386
AL669831.4,-0.23759,0.368355
NRP2,0.07335,0.368029
PXN,-0.18974,0.368029
NUTM2D,-0.25372,0.368029
PARP1,0.029223,0.368029
RPS3AP32,-0.09585,0.368029
OXT,-0.21366,0.368029
RASGRP4,-0.13271,0.368029
MRPL38,0.054209,0.368029
ATP6V1B2,-0.01136,0.368029
SMS,0.041263,0.368029
LMX1A,-0.10318,0.367778
HMGB1P49,-0.18781,0.367595
AC138409.2,-0.23237,0.367523
RASL10A,-0.33056,0.367511
PIGK,0.06707,0.367373
AC138207.3,-0.52139,0.367292
NIPA2,-0.00581,0.367266
PSG4,0.347897,0.367185
AC140062.1,0.939072,0.367185
RPL19,0.026491,0.367185
MLH3,-0.13589,0.367185
AL591212.2,-0.40992,0.367154
LYRM4,0.067103,0.367103
STX19,0.056411,0.367085
GRIN1,-0.10532,0.367085
AC093664.1,0.333751,0.367085
LMLN,-0.09011,0.367083
CENPI,-0.16152,0.366959
AMMECR1,-0.03402,0.366959
ARHGEF19,-0.16267,0.366959
MED13L,-0.21039,0.366941
CMYA5,-0.21134,0.36685
NDST3,-0.0884,0.36685
AC093162.2,-0.25653,0.366806
DMRTA1,0.183528,0.366752
C12orf29,0.127461,0.366752
Z84492.2,0.220514,0.366752
AC209007.1,-0.09677,0.36663
SLC12A6,-0.07256,0.36663
VSTM2L,-0.08095,0.36663
RPS6KB1,-0.0028,0.36663
PLIN5,-0.5963,0.36663
AC006254.1,0.119236,0.36663
CEP70,-0.16285,0.36663
SYT15,-0.05325,0.36663
GZMH,0.127254,0.36663
BIN1,-0.23519,0.36637
KRTAP4-7,-0.32683,0.366295
ANGPT4,-0.09835,0.366248
SELENOOLP,0.108391,0.366162
PDZK1,-0.48401,0.366162
YWHAZP3,-0.18724,0.366162
AL445238.1,-0.26218,0.366162
CYP4F22,0.036219,0.366136
RNF4,-0.09954,0.366131
ZNF815P,0.036148,0.366131
RNF8,0.009215,0.366131
ALDOA,0.077855,0.366094
RIC8A,-0.01985,0.366094
KATNBL1P5,-0.15376,0.366066
NMU,0.08682,0.365846
TOMM7,0.090349,0.365801
DRAXIN,-0.10073,0.365681
FGD6,-0.15549,0.365604
RARRES2,-0.34821,0.365568
LINC02210,-0.17218,0.365468
RPL36AP13,-0.36939,0.365468
AC011497.2,0.155768,0.36544
Z84478.1,-0.21257,0.365432
INSL6,-0.27505,0.365368
NCBP1,-0.11435,0.365368
DDX20,0.03971,0.365195
FAR2,-0.44789,0.365042
AC016582.2,0.1027,0.364698
AP001282.1,-0.06655,0.36469
TAF1A,-0.2241,0.364671
UBASH3A,-0.06566,0.364599
OSGIN2,-0.19464,0.364599
ARL17B,-0.36726,0.364599
SUCLA2,-0.0115,0.364599
NUTM1,-0.06167,0.364363
KCNK1,-0.02926,0.363548
AC015818.3,0.409442,0.363548
IFITM2,0.392137,0.363548
VNN3,0.120679,0.363548
CATSPERG,-0.29109,0.363548
AC093909.1,0.11031,0.363483
FADS2,-0.76214,0.363483
E2F2,-0.1553,0.363483
FAM49A,-0.03337,0.363458
BTF3L4P1,-0.35542,0.363389
ARL17B,-0.23763,0.363389
UBE2V2,0.053355,0.363056
PAPOLA,-0.16673,0.362916
HYLS1,0.054439,0.362837
KCNJ10,-0.10729,0.362837
ZNF280A,0.03734,0.362837
DHRS13,0.064006,0.362837
RER1,0.13536,0.362813
MARK3,-0.05767,0.362766
C10orf128,0.194016,0.36276
ABHD14A,-0.21865,0.362741
AEBP1,-0.32721,0.362741
EFEMP1,0.04724,0.362672
TAPT1,-0.16611,0.362645
UCK1,-0.0121,0.362645
TMC4,-0.40537,0.362645
DDX11L16,-0.11765,0.362645
GULP1,-0.21267,0.362645
AC139495.2,-0.37152,0.362645
CXCL3,0.102469,0.362524
HMGB3P4,-0.29885,0.362486
PLAC8L1,-0.26878,0.362477
HIST2H3DP1,-0.29097,0.362336
AL354798.1,0.330239,0.362011
AC104446.1,-0.16375,0.361661
GANAB,-0.12136,0.361052
PRMT3,0.052487,0.360958
VPS8,-0.23968,0.360958
EFCAB7,0.044685,0.360911
ZNF25,-0.00748,0.360878
SLC45A3,-0.18544,0.360878
TJP2,-0.01658,0.360878
UGGT1,-0.01707,0.360626
DESI2,0.016845,0.360626
UBXN10,0.053556,0.360626
AC011444.4,-0.241,0.360626
SMG1P1,-0.34458,0.360539
ATP6V1G1P6,-0.3653,0.360539
ZNRD1,0.065905,0.360431
CICP16,-0.10263,0.360338
HLA-E,0.408809,0.360184
ACLY,-0.1802,0.360184
FRMPD3,-0.08002,0.360166
CCNL1,0.065925,0.360166
AC080125.1,-0.17238,0.360164
WDR78,-0.1262,0.360164
SLC25A46,0.051144,0.360099
AQP7,-0.28599,0.360099
TPCN2,-0.16247,0.359764
HAUS4,0.054353,0.359764
ARNT2,-0.20732,0.359764
MUM1,-0.18542,0.359458
AC068234.1,-0.2009,0.359406
OLFML1,-0.24825,0.359406
AF186192.2,-0.26182,0.359344
RPL3P4,-0.51548,0.359194
PRAMEF13,-0.08379,0.35909
GNAQ,-0.14243,0.358981
S100PBP,-0.17248,0.358868
LHX6,0.061361,0.358816
DHX8,-0.00524,0.358816
SNX18P2,-0.19078,0.358533
ACER2,0.048421,0.358527
TP53BP2,-0.10608,0.358292
PSORS1C2,-1.15103,0.358292
ACTR6,0.035355,0.35822
PAPLN,-0.26636,0.358108
FAM60BP,-0.19954,0.357971
SLC35A3,-0.1003,0.357914
DNPEP,0.030423,0.357779
TRIM51EP,0.079005,0.357629
IL26,0.070487,0.3576
AL355312.1,-0.11188,0.3576
TOX3,-0.09971,0.3576
AL513477.1,0.035918,0.3576
SAT2,-0.01408,0.3576
AL161931.1,-0.35802,0.3576
MAP1LC3B2,-0.45389,0.357597
NOXA1,0.0886,0.357496
BIRC5,0.081355,0.357403
RNPS1P1,-0.10798,0.357389
FANCF,-0.12229,0.357357
BEND6,-0.15971,0.357357
CTNNA1,-0.11039,0.357141
MLH1,-0.0645,0.357141
FRS2,-0.05961,0.357141
SHQ1P1,-0.16017,0.357121
SPAG5,0.041354,0.357039
GLYR1,-0.04337,0.356913
HID1,-0.24518,0.356803
PDCD6IPP1,-0.29223,0.356803
AF252830.1,0.446004,0.356698
COL6A1,-0.31499,0.356698
GPX1P1,0.155988,0.356695
SLC10A3,-0.00045,0.356695
MAEL,0.112473,0.356662
SWSAP1,0.02162,0.356416
HSPE1P13,-0.3775,0.356416
SLU7,0.043756,0.356416
DYNC1LI2,-0.01232,0.356416
PMCHL2,-0.06664,0.356092
WASHC2A,-0.08318,0.356091
SHROOM3,-0.3001,0.356061
OSTN,0.130841,0.356061
ATP6V0A2,-0.00122,0.356061
FANCE,0.031929,0.356012
SLC38A11,-0.02153,0.356012
TRAJ26,-0.86956,0.355998
NNT,-0.14006,0.355959
AC093107.1,-0.15512,0.355959
SELENOT,-0.01615,0.355959
DNM1L,-0.06887,0.355795
BPIFA3,-0.04229,0.355531
SLC35D2,0.011468,0.355515
SLC25A13,-0.02117,0.355515
ST13P15,-0.19597,0.355515
AL049844.1,0.141488,0.355515
TOMM34,0.031089,0.355365
SUPT5H,0.053697,0.355228
MT1F,0.054486,0.355054
MKRN7P,-0.06163,0.355054
ERG,0.09589,0.355034
RALGPS2,0.036904,0.354883
COLQ,-0.1721,0.354883
RMDN1,-0.06348,0.354839
HASPIN,-0.13521,0.354839
ESRRB,-0.1169,0.354839
AL133517.1,-0.17779,0.354839
APOC4,-0.1605,0.354511
MTCYBP23,-0.09554,0.353924
CRTAC1,0.181075,0.353924
DCAF10,-0.07155,0.353924
PHLDA2,0.088896,0.353924
RSRC1,-0.20212,0.353852
F11R,0.066558,0.353852
TPRXL,-0.36249,0.353852
ANKRD13C,-0.0491,0.353852
TBC1D32,-0.25957,0.353852
USP42,-0.16211,0.353649
EXTL1,-0.19221,0.353563
IMPA1,-0.00287,0.353563
AC093752.1,-0.22958,0.353563
ARMC12,0.114018,0.353505
KRTAP4-9,-0.20873,0.353329
HNRNPA1P23,-0.06497,0.353329
C22orf15,-0.16296,0.35331
HGF,-0.20954,0.35331
ABCB11,-0.19033,0.353278
GPR21,-0.20626,0.353208
CBX3P2,0.141638,0.35296
KRT18P61,-0.14198,0.352871
PNMA8B,-0.16459,0.352871
GCC1,-0.01121,0.351942
PRORY,-0.2188,0.351928
SLCO1B1,-0.0399,0.351928
RPL37A,0.054572,0.351913
TCF21,-0.02593,0.351913
AC055748.1,-0.10724,0.351762
UBQLNL,-0.06837,0.351719
PTPRVP,-0.12569,0.351646
GPRASP1,-0.18387,0.351646
RAB32,0.092635,0.351437
AC117409.1,-0.08043,0.35141
FN3KRP,-0.12016,0.351369
PROM1,-0.31876,0.351369
ENSAP1,-0.30875,0.351369
KCTD1,-0.18057,0.351045
KIAA1147,-0.1384,0.351026
TMEM11,0.028539,0.351026
ATG12P2,-0.31651,0.351026
TNPO1P1,-0.25823,0.350988
QRSL1P3,-0.22221,0.350988
TLN2,-0.20861,0.350988
TOR1B,0.033395,0.350939
CYP4A22,-0.15951,0.350882
C10orf88,-0.07933,0.350882
PCDHB11,0.155665,0.350882
AL451007.1,-0.42579,0.350882
SPATA18,0.030633,0.350882
SORCS3,0.019948,0.350882
TSPEAR,-0.12284,0.350824
FAM219B,0.083598,0.350698
SECISBP2L,-0.28568,0.350588
GYPE,-0.16625,0.350576
AC021072.1,-0.27469,0.350576
IL23A,0.076522,0.35052
MRPS11,0.044802,0.350494
TRAPPC12,-0.16656,0.350418
SPATA21,-0.20273,0.350418
AC022748.2,-0.25873,0.350398
HNRNPRP1,-0.24278,0.350257
FAM133CP,-0.20342,0.350257
AC074198.1,-0.18879,0.350154
PTK2,-0.27804,0.350089
GPANK1,0.624278,0.350037
MGLL,0.011511,0.349933
TDRD6,-0.21064,0.349603
AL158207.1,-0.31593,0.349567
AL606495.2,-0.18014,0.349405
FKBP6,-0.09912,0.349405
OTUD6A,-0.12471,0.349387
USF1,-0.75598,0.349387
KRT128P,0.225967,0.349387
CENPN,0.151111,0.349387
AC036176.2,-0.21281,0.349387
AC113208.1,-0.2278,0.349387
MTR,-0.18249,0.349387
HENMT1,0.114219,0.349387
METTL2A,-0.27893,0.349387
RPL29,0.043917,0.348946
ZNF595,-0.23536,0.348902
LIMD1,-0.10539,0.34874
CXorf56,0.031938,0.34874
MAN1B1,-0.01023,0.34874
MIB1,-0.14571,0.348712
GRM4,-0.04247,0.348712
AC093155.2,-0.12864,0.348712
MUC4,-0.03684,0.348494
FAM83D,-0.21401,0.348463
DDX55,-0.02359,0.348463
AC004832.3,-0.28401,0.348463
RALGAPB,-0.10698,0.348393
GNPTG,-0.04792,0.348393
ADSS,0.012141,0.348393
OR4A49P,-0.11697,0.348393
NEB,-0.21469,0.348393
DNAJB5P1,-0.1524,0.348393
SELENOO,0.031449,0.348069
ZFHX2,-0.06878,0.348043
FAM189A2,-0.24043,0.348042
HIST1H2APS4,0.153465,0.347935
MNX1,0.243545,0.347935
CSNK1G1,-0.06601,0.34781
NDUFA3,-0.04605,0.34768
ASB7,-0.00588,0.34767
TNFAIP8L3,0.038786,0.34767
COLEC11,-0.29548,0.3474
XBP1P1,-0.26842,0.347316
DUSP8P3,-0.0437,0.347316
BNIP3P27,-0.30047,0.347257
SPRY3,-0.06181,0.347257
AL512637.1,-0.09537,0.346935
FOXA1,-0.27102,0.346763
ATF6B,1.176221,0.346522
AC063952.2,-0.06691,0.346508
AC064853.3,-0.16739,0.346474
AL359092.1,0.317324,0.346463
ANXA2P2,-0.17768,0.346457
NEU1,-0.58262,0.346397
FXN,-0.14097,0.34631
EDF1,0.008796,0.34621
AL031667.2,-0.33578,0.34621
TMED1,0.074083,0.34621
DBF4,0.023188,0.34621
SMG1P2,-0.2061,0.34621
ZIM2,0.037768,0.346092
CCL4L2,0.202735,0.346092
MNDA,0.104715,0.346066
CTDSPL2,-0.08709,0.346066
PLEKHG5,0.086444,0.345875
SUPT7L,0.03805,0.345709
SWT1,-0.16242,0.345677
AC136618.2,0.210644,0.345572
SRSF5,0.116101,0.345493
CYP4F12,0.041916,0.345393
RPL12P29,-0.30306,0.345156
AC138749.6,-0.28626,0.345156
MON1A,0.093185,0.344966
KRT8P38,-0.31133,0.344966
STIM1,-0.19534,0.344948
AC243587.1,-0.73431,0.344943
CLEC3B,-0.34482,0.344943
LTA,0.03464,0.344943
RPP40,0.086846,0.344943
CNOT2,-0.15583,0.344943
SRF,0.00118,0.344705
PRG2,0.164298,0.344627
GCNT1P1,-0.10993,0.344627
TGIF1P1,-0.21029,0.344627
SLC6A4,-0.0183,0.344627
RPL7P19,-0.13098,0.344312
AC020915.1,0.072012,0.344312
ALPK1,-0.20986,0.344312
FAM114A1,-0.16866,0.344312
AC138409.1,-0.2752,0.344248
KIF21A,-0.23548,0.344008
DNAJC16,-0.11872,0.344003
SAPCD1,0.962168,0.343997
NKAIN2,0.079692,0.343997
CNIH2,-0.11479,0.343997
CPNE8,-0.03648,0.343942
AC243772.3,-0.1588,0.343942
SIK1B,0.284634,0.34393
GLB1L,-0.03893,0.34393
ZNF518A,-0.2225,0.343845
HSD17B8,0.044563,0.343845
PDPK2P,-0.19214,0.343833
LYG1,-0.16169,0.343658
ATAT1,0.026974,0.343658
ATOH7,0.060804,0.343658
AC015818.6,0.09911,0.343658
PRIMA1,-0.15836,0.343658
BROX,-0.27593,0.343417
RILPL1,-0.15746,0.343412
SLC10A6,0.020016,0.343353
AL352979.3,-0.39187,0.343311
AC022080.3,-0.13705,0.343311
AL109809.4,-0.14537,0.343311
RPS4XP17,-0.22341,0.342923
C19orf48,0.002019,0.342822
BBC3,0.029166,0.34254
ARAF,-0.05309,0.342537
ITGAD,-0.18384,0.34223
MT1XP1,-0.45327,0.34223
GATAD2B,-0.55807,0.342215
DDIT3,0.038525,0.342196
AP1B1P1,-0.18776,0.342196
FAM174A,0.054732,0.342196
SLC9A7,-0.07005,0.342196
FAM78B,-0.12366,0.342196
LAMTOR4,0.054618,0.342196
TMEM26,-0.03174,0.342196
TINCR,0.151203,0.342196
AC010997.1,-0.20959,0.342196
IQSEC3,-0.03193,0.342173
SAR1A,-0.00947,0.342099
RHOXF2B,-0.48507,0.342072
FBXW4P1,-0.16941,0.342072
TARM1,-0.11895,0.342072
CDK7,0.521542,0.342072
UBE2A,0.014,0.342072
SPOUT1,-0.00395,0.342072
YIPF2,0.007285,0.342072
INSIG1,-0.45932,0.342072
ACSBG1,-0.44036,0.342042
DVL1,0.044801,0.34201
CD7,0.076849,0.341994
PCDHB19P,-0.08395,0.341981
MEPCE,0.023639,0.341981
NUDC,0.025342,0.34193
CLGN,-0.06318,0.34193
PTGES2,-0.03251,0.34193
WIPI1,-0.02015,0.341542
KCNMB3,-0.1397,0.341515
AL139353.1,-0.14789,0.341464
RBM17P2,-0.29908,0.341464
AC073210.1,-0.51123,0.341327
AIF1L,0.075418,0.341135
ZNF879,-0.14978,0.341135
ABCB9,-0.11917,0.341135
ATP5PBP1,-0.28153,0.341135
DCAF15,0.049125,0.341135
RPL10P11,0.183542,0.341018
KLF13,0.229094,0.341003
GNPDA1,0.013811,0.340932
HSPA1A,1.48292,0.340932
FAM204BP,-0.19003,0.340932
COQ9,-0.01928,0.340932
CCL28,-0.10202,0.340896
FBXO2,0.039962,0.340889
FAM124A,-0.07383,0.340781
AC010724.1,0.265116,0.340781
HSPE1P5,-0.27581,0.340779
BNIP3P28,-0.166,0.340779
DNAH2,-0.17825,0.340265
ZAR1,-0.08613,0.340201
C12orf76,-0.20356,0.340169
ZNF663P,-0.02629,0.340159
IRS4,-0.10753,0.34012
BTF3L4,0.019915,0.340101
PATJ,-0.16155,0.340032
TAMM41,-0.15117,0.3399
AKAP12,-0.20889,0.3399
EDIL3,-0.16502,0.3399
CCL4,0.117983,0.3399
RNASE3,-0.23218,0.33981
ZNF559,-0.1851,0.339433
AL445670.1,-0.1087,0.339433
OFD1P17,-0.10122,0.339433
POTEC,-0.1998,0.339433
SLC25A32,-0.02394,0.339433
KRT17P1,-0.16945,0.339222
NBPF15,-0.28358,0.339222
PAX3,-0.17322,0.339147
IGHV4-34,-0.32357,0.339147
LDHAL6FP,-0.17015,0.339147
RP1,0.164413,0.339147
TUBA3E,-0.07172,0.339147
CNST,0.044127,0.339131
THAP12P7,-0.1849,0.339103
HLA-H,0.273636,0.339103
REXO4,-0.00493,0.339103
THAP6,-0.16762,0.339103
EVI2A,0.050653,0.338943
NDUFC2,0.067912,0.338932
AP1AR,-0.04268,0.338932
PICK1,0.002849,0.338865
AKR1B1,0.056064,0.338608
ACSM4,-0.04263,0.338597
SPATA12,-0.17337,0.338597
ISOC1,-0.17551,0.338538
FABP6,0.207312,0.338495
APRT,0.026615,0.338373
AC093422.3,-0.38705,0.338329
INTS13,0.026464,0.33825
AATK,-0.08698,0.338117
SHOX2,-0.19463,0.338117
JAG2,-0.12281,0.338117
GPD1L,-0.17595,0.338117
ZNF430,-0.21198,0.338117
GLYATL1,-0.29575,0.338117
ZNF772,-0.13535,0.338099
ZNF100,-0.27672,0.337757
CD6,-0.22285,0.337612
ST13P11,-0.20201,0.337612
KLC1,-0.00871,0.337598
BCL10,-0.33667,0.337598
UBR3,-0.18018,0.337598
UBE2V1P5,-0.21975,0.337598
AL590560.1,0.1795,0.337522
POLR2KP1,-0.48952,0.336712
ZNF234,-0.13101,0.336712
CCNE1,0.105444,0.336623
LRMP,0.09512,0.336623
PDE7A,-0.20137,0.336492
SEL1L3,-0.00086,0.33649
POLDIP2,-0.00373,0.33649
TSEN54,0.00796,0.33649
AC067805.1,-0.17059,0.33649
ABHD17B,0.056063,0.336098
RGSL1,-0.1099,0.335851
AL353898.2,-0.49863,0.335851
DUX4L34,0.087039,0.335558
PPP1R13L,-0.1322,0.335446
HMGN3,0.026028,0.335403
TMCO2,-0.19743,0.335262
AQP2,-0.07777,0.335262
C1orf109,0.02811,0.335236
GAPDHP39,-0.20366,0.335236
OR2AO1P,-0.30351,0.335038
BLCAP,-0.02722,0.335019
MEIOB,0.012011,0.335019
TCF7,-0.26929,0.334917
SLCO1C1,-0.06989,0.334754
AC138207.6,-0.2145,0.334747
RPL7P36,-0.13005,0.334716
NENF,0.021869,0.33469
ECD,-0.0239,0.334399
OR52N1,-0.10488,0.33417
VCPKMT,-0.00276,0.334166
SULF1,-0.16874,0.334157
PRPF40A,-0.03254,0.334157
MTND5P31,-0.04935,0.334121
GPSM1,0.003441,0.334121
VHL,0.008427,0.333952
CENPV,-0.2751,0.333941
TRAK2,-0.19025,0.333724
SMG1P5,-0.30142,0.33366
FCF1P1,-0.24771,0.333634
RNF183,-0.11547,0.33363
AC245060.4,0.026027,0.33363
BNIP3P10,-0.22594,0.333564
MCU,-0.05673,0.333522
UNC5A,0.020296,0.333478
NTS,0.200917,0.333285
RWDD4,0.0149,0.333195
DDX39B,0.984194,0.333195
ADCK5,0.061111,0.333006
RHOC,0.006652,0.332923
GPR82,-0.17991,0.332923
PABPC1L,-0.22681,0.332923
GFPT1,-0.11921,0.332922
LONRF1,-0.17491,0.332848
RPL12P28,-0.38446,0.332773
PRH1,-0.40763,0.332773
LSM5,0.152025,0.332773
AL035551.1,-0.30966,0.332669
KRTAP9-2,-0.33839,0.33239
LILRA1,0.041684,0.332149
ZNF195,-0.21235,0.332149
SLC18A1,-0.15518,0.332149
LIN7B,0.09716,0.332149
OPLAH,-0.13883,0.332149
NUP160,-0.15637,0.332149
HNRNPA1P53,-0.10216,0.332131
ENDOV,-0.18856,0.332131
HTN3,-0.30317,0.332122
CYP2D7,-0.19641,0.33202
POLR1A,-0.13276,0.331976
NGFR,-0.26023,0.331976
SLC6A21P,0.24158,0.331961
DNAJC3,0.005475,0.331957
PRKAG3,-0.12834,0.331957
DNTTIP1,0.011471,0.331957
H2BFS,0.092245,0.331957
MARCH5,-0.01465,0.331957
COL17A1,0.05194,0.331903
KRT18P9,0.052775,0.33172
NBPF7,0.057458,0.331649
P2RX1,0.137548,0.331642
RPL7P14,-0.25015,0.331626
ABCD4,-0.21121,0.33151
PGGHG,-0.30599,0.33151
FMNL1,-0.27363,0.33151
PCDHGA3,-0.13458,0.33145
QRICH1,-0.03916,0.331399
NPIPB15,-0.05802,0.331394
PDXDC1,-0.31652,0.331201
MTHFD2P7,0.073701,0.331201
Z82190.1,-0.20994,0.331201
SCN1A,-0.1901,0.331165
URB2,-0.13044,0.331164
ANKRD19P,-0.16963,0.330925
HSPA1L,-0.26241,0.330786
HIF1AN,0.013744,0.330726
GPI,-0.00694,0.330705
IMPG2,-0.0512,0.33005
HERC3,-0.25571,0.329988
AL353691.1,-0.27081,0.329988
HIST2H4A,0.108793,0.329817
AC008147.3,0.215182,0.329731
AC009884.2,-0.43159,0.329731
ANAPC10,0.011468,0.329691
SMIM11B,-0.25922,0.329627
FOXI2,-0.06077,0.329584
MPV17L,-0.15993,0.329584
DHX9,-0.04917,0.329547
TRBC1,-0.24979,0.329547
RPS27P21,0.336223,0.329302
CSF2RA,-1.9181,0.329111
AP001646.1,-0.184,0.329111
MPZ,-0.121,0.329111
ZNF33BP1,-0.16422,0.329068
RABEP2,-0.00486,0.329068
CYCSP4,-0.37752,0.329068
PHAX,0.030838,0.329068
CTPS2,-0.12918,0.328936
AC094085.1,-0.16303,0.328936
CYS1,-0.23747,0.328936
ZNF780A,-0.04557,0.328936
AC239809.2,-0.20987,0.328936
KRTAP16-1,-0.38903,0.328834
RPS27P16,-0.39013,0.3287
AC012254.2,0.373103,0.328522
AL354718.1,-0.25339,0.328488
PCBP4,0.041963,0.32841
MYPOP,-0.13632,0.32841
TICAM2,-0.24285,0.32841
RPS6KA2,-0.28403,0.328397
CIITA,-0.1909,0.328318
TCP11,0.157393,0.328318
AP000925.1,-0.15278,0.328318
AC124944.2,-0.18,0.328318
CDC42SE2,-0.03679,0.328318
ZNF725P,-0.31467,0.328262
SLC25A26,0.000338,0.328262
POU4F1,-0.02705,0.328262
AL109615.1,-0.24781,0.328147
AL032819.3,0.062297,0.328006
AC026412.2,-0.12206,0.328006
DOCK5,-0.21819,0.327869
ARHGAP44,-0.05011,0.327787
NR2F1,-0.05802,0.327682
HNRNPCP2,0.164649,0.327659
PPP5C,-0.04212,0.327516
RHBDF1,0.007291,0.327424
KRT10,0.05961,0.32851
KRT5,0.176681,2.207304
KRT14,0.159624,2.493462
SEMA4A,-0.16527,0.630942
