feature_id	feature_name	bioType	annotationLevel	SAMPLE_01	SAMPLE_02	SAMPLE_03	SAMPLE_04	SAMPLE_05	SAMPLE_06	SAMPLE_07	SAMPLE_08	SAMPLE_09	SAMPLE_10	SAMPLE_11	SAMPLE_12
FEAT00000	Feature0	protein_coding	1	6601.959032093218	46713.807660365645	5710.395618692698	165.27211214387205	3773.744143170369	19611.661471891806	1800.6212068028967	22210.437543420332	9180.065846066127	6443.243481054868	1887.4884637570824	1201.9564283434945
FEAT00001	Feature1	protein_coding	2	1907.5223781906807	3390.1236738755224	7765.430532442112	6460.944114769411	1764.4557146846585	3414.033804195532	6103.50710301789	163.1562154043959	763.0639181381025	722.431070605314	2109.7704285827235	1855.7052831226838
FEAT00002	Feature2	protein_coding	2	1916.8807801758492	634.1843919682574	10247.758004376768	5036.99879667256	158.86694358282813	3132.2990027449614	402.8877357882051	65554.26262217184	1348.575156691556	1507.959899120413	3564.3714337048377	2139.056508795143
FEAT00003	Feature3	protein_coding	1	2761.3614971996167	49718.06937451691	4610.72937776625	13801.781469614043	23363.73460757128	531.5794325388757	64284.617002672916	10610.448815529771	17221.85198515703	650.1905097066984	13397.44286388405	6476.926244993152
FEAT00004	Feature4	protein_coding	2	1170.571118981902	187485.88682632303	8542.25317040114	2001.9671731946144	4368.655464017845	15862.179310432108	23575.491256594905	8784.43426025057	27584.851515526458	43499.17227872414	334.24927011916657	1287.5067912590182
FEAT00005	Feature5	protein_coding	1	568.9018988952294	3678.060576258741	41485.9944364822	10007.894319414874	470.30667901152736	1821.1302330674775	19677.945927593828	1187.1455867171305	2596.5273129556513	5345.488370712308	116.43118719740728	12572.44699307284
FEAT00006	Feature6	protein_coding	3	5722.533931792933	8598.528423841202	530.8146807561124	775.5808098156184	1055.4264656600642	4851.372390269107	3507.382874887763	3889.6315122130973	77737.30030486615	32398.49134456352	847.0512963403355	953.0770626929223
FEAT00007	Feature7	protein_coding	3	67799.44892784221	1746.6436948842618	36971.76595237283	54913.77376588506	1164.1794343384445	1902.500245620335	3587.088364427945	652.7730544804555	531.575843004168	1500.949255109232	14340.681797941741	1379.9362397165628
FEAT00008	Feature8	protein_coding	1	2131.5818765541526	1337.5126487416624	264.88417417869687	44706.601628703014	45.60314787555702	952.0982040250811	8448.177143376684	250.5060436521413	9177.78768941155	29442.34836118399	657.5032660033328	4497.692247200059
FEAT00009	Feature9	protein_coding	3	418.5611545629066	7693.192711672479	3620.6721225216816	4551.436519628815	36107.269705451916	7209.745980457003	34813.28586931916	9666.74974298291	356.2390946211582	4941.641736862733	7450.161714282957	228.78533518027234
FEAT00010	Feature10	protein_coding	3	34036.73585983612	3488.776370773039	5987.217386667794	614.6825876385761	3517.2791421759625	5295.005675126074	1715.5801572814967	3568.4859388796544	67.99502370432042	35816.826948923874	415.2754574865004	60.72445008761228
FEAT00011	Feature11	protein_coding	1	547.6128467416709	686.3279361910623	8206.390869871759	595.2766495999689	5142.954732169789	548.0844747392774	163744.03902990688	8223.938317016573	104219.80198556774	496.0558109261046	10171.232979461476	550.7228137403238
FEAT00012	Feature12	protein_coding	2	8720.02267794691	10427.988143834604	174.40623650234136	397.514456429876	376.59513232490184	205.10363534135502	823.660001594551	544.941263773456	227.51273466338503	3655.506283406636	8180.322396975895	287.27227845637645
FEAT00013	Feature13	protein_coding	2	1122.9390014942628	3102.723725588625	2014.1472922447804	865.6297039429088	13130.003589119115	14019.177318362212	10369.742005725147	2095.8080532103027	108862.55259154562	69903.03897247615	1477.4151297443445	2452.429953022689
FEAT00014	Feature14	protein_coding	2	25845.273635792015	721.5673573308528	6232.279243674571	3303.8834376764703	857.0857711912242	2002.68731328306	179.42821706916985	1142.4432716982706	83.63153977321534	183847.3806119514	45598.6711754117	27679.923626255302
FEAT00015	Feature15	protein_coding	1	5218.929919453603	18275.933934814846	29892.53986358962	18836.834792531383	15793.345361786493	585.1173186279598	6533.374767729496	1153.2810330762613	360.3187753669808	386.4169680029718	6508.481267091157	20046.06185003403
FEAT00016	Feature16	protein_coding	1	256.6635380494809	69648.91340321538	42337.18719812994	1515.1628381608336	1305.3771738332462	2632.771954410601	17555.099207395746	1505.3313766707054	409.2352603990375	5560.464238203251	72.75067505372216	3855.3639012928734
FEAT00017	Feature17	protein_coding	3	24087.352308043857	5180.519756756856	12170.005825683993	7262.00605873057	11065.018974862744	3874.848247122311	670.195339326867	1990.5809756930612	2612.6719777573303	28737.27627433819	55662.233271147124	6355.662579441124
FEAT00018	Feature18	protein_coding	1	768.963807126521	801.5699277507016	2127.053095581344	36309.529058119646	5443.8004944209915	2698.362623692691	752.1813893895792	14592.780777053278	5018.41142685914	2720.578919120863	3590.9163145819766	62052.04714940745
FEAT00019	Feature19	protein_coding	1	2233.488979811295	62269.42710884312	27892.49664427319	3275.462181366307	14632.09810639777	2385.5806237793963	671.1028345197113	1840.470604801435	582.2939067516055	7484.6362800634015	3061.041298514092	8284.107868121753
FEAT00020	Feature20	protein_coding	3	13200.806850443676	10.843429850447935	5222.3219246226545	116.39399296600257	4023.6153378047056	614.4326713791008	3596.181830192032	34815.39351249733	137.82191103498485	4201.439440261266	2588.499779643824	98.8899468974303
FEAT00021	Feature21	protein_coding	1	9569.78599115317	3170.3552281006337	1193.053085946246	813.0521460820974	967619.68888706	1467.0912204767262	116.67806669023652	558.013368419412	1540.8593196979512	1492.3164102344572	2586.509227773149	452.7912346037332
FEAT00022	Feature22	protein_coding	3	7901.225358120329	1247.8836262151108	257.4163050831902	686.732483997167	1491.5931424686112	13732.531933842212	7130.550735837321	1622.2518219092515	3088.542319617038	4390.808384513596	116973.83874604435	980.7102245515363
FEAT00023	Feature23	protein_coding	3	6909.994785855992	11019.946928475465	536.1972563556889	4190.606157838209	4000.519046306454	1279.6662698086634	8280.416078478454	18982.762538015206	22797.602693150904	2110.6143371471135	4195.546269846646	205086.87548703828
FEAT00024	Feature24	protein_coding	1	408.8920675221438	4444.244681656412	14793.647486077769	3905.798917508718	9708.404670159616	4067.695499926492	11574.752481511016	29989.828858675013	2001.121843069777	4253.561919250894	2698.8969253274918	1441.5432599701107
FEAT00025	Feature25	protein_coding	3	2877.4511388884803	388.7890764855395	11385.92405067184	63857.50979174603	64094.9276124646	29629.844779406714	525.6181039283247	45962.78645499425	822.4279743142249	2709.4280559746535	82710.97295306706	432.9244238650008
FEAT00026	Feature26	protein_coding	2	13552.71832582474	4945.758385453049	2267.0459450504363	615.9256678882239	6377.341594169231	1293.5869115455914	19564.27789492821	27003.485273560913	248.94878474880758	1200.5399307157438	1678.5030904843352	355.2844405826399
FEAT00027	Feature27	protein_coding	3	398.5261971769668	3496.803637004015	2049.805221391951	152.4248326411468	1131.5847749466027	7585.765205915457	339.9336918669786	565.3908634456149	51938.399395482826	31920.039074617252	161.11875332853592	261.9751845173183
FEAT00028	Feature28	protein_coding	2	5878.487744305072	349.079798310507	1891.237788615221	1323.0428600825878	8170.462192271306	31.446372068849232	56.57069938415427	327.94772482628315	18489.907896150286	2257.927658554028	137.7173844897294	7240.032132437777
FEAT00029	Feature29	protein_coding	1	10655.42070926818	1914.9510715315741	1644.196118809103	6553.448732209876	26292.562533776178	3922.10789686285	7782.041898102117	2733.085524208327	1500.698838835645	573.2539471300072	4728.423669656045	1736.5352183011187
FEAT00030	Feature30	protein_coding	2	1922.6429847120655	15890.724264306695	7175.316331500269	14273.756017758411	174.8329264557315	8144.405851040859	1030.9526268798677	695.8685757152559	642.9901751694965	26383.994632423804	13228.84561372025	820.226308685431
FEAT00031	Feature31	protein_coding	2	384.6631859426861	3055.545622170643	1303.4509941337317	59113.324763099175	214.79722372204648	110.63787507573656	1881.1534575026928	3039.1326674769475	3784.662686306231	11569.88642510454	124492.92339982989	1609.6678641481442
FEAT00032	Feature32	protein_coding	3	1118.9381602854216	125.63385972746084	4619.908247078878	13851.312531537327	1865.3659578163558	24961.927972837606	3147.997494041852	45557.73116446923	5429.707059579585	444.57146275881865	947.4016913674255	188.52995055258674
FEAT00033	Feature33	protein_coding	2	130.74998394949398	4819.603006921028	14260.89356136366	100475.71138797441	2699.1363734028873	1946.2378937130047	404.9378024847783	17626.567745238113	6006.02290368373	1021.2317172866237	10294.40249805846	8188.025017455556
FEAT00034	Feature34	protein_coding	2	102.93387010070583	11348.592406894739	3808.5241119100965	1473.421533367022	1407.0569876707973	69364.06001353906	47322.10927377624	79753.46536904361	377.0586625942038	917.7356691148924	15212.499757483003	338.5793374270448
FEAT00035	Feature35	protein_coding	3	815.3642137246311	115.85473508944224	83747.81111717521	20187.794254146917	6804.392804673556	4423.111191473751	1406.9275398074508	1456.5420014852382	9029.345469581902	827.8228742155061	27154.859089333633	1228.2646860977836
FEAT00036	Feature36	protein_coding	2	618.7664592815757	30835.493232343128	2300.400229013228	8093.164113047133	1412.4943778346685	51.925770781517436	7982.164995850173	264.0054970111511	20910.648174403243	182.82468771344898	103.88021105887458	5186.16684517205
FEAT00037	Feature37	protein_coding	3	6409.1815751335025	3612.069019220462	335.4784452147356	14755.299693429015	213.48376277753658	1292.491274322288	721.527208700896	1510.4814160107348	13835.660258522397	952.0920916752475	8232.977111667316	10398.982868880476
FEAT00038	Feature38	protein_coding	1	137.02023813374672	365.0939759639491	1495.1262413389798	1026.7782689105409	5186.4708019508025	92.11246473500418	10905.95332859643	11387.055037816157	2202.104413874297	247.27335568642894	3011.0686572797795	1132.8783022812588
FEAT00039	Feature39	protein_coding	1	8266.374656923994	2556.1130066052383	11056.883523269824	1366.5165051749295	40002.85507545141	47.06034230420469	478.60914647821016	7211.717036595786	196.43887723011892	11211.292722731721	333.58731413748967	3525.4245066727585
FEAT00040	Feature40	protein_coding	2	574.4648737193538	1347.2631583587324	4081.9204910285052	2468.7770026021703	1500.6059112263922	143718.0903766085	3026.7090538037696	520.1263473047821	15830.311960309598	13058.453942451122	26937.199247778815	74389.12488038643
FEAT00041	Feature41	protein_coding	2	549.6021933439833	20073.16761099769	23185.42077201354	2982.913346423056	4634.550513406784	13.39647801682009	1060.9191328091258	74483.57132268183	119.54336621306885	1136.5491714132722	5005.460866171421	8400.227519559015
FEAT00042	Feature42	protein_coding	2	56205.85503806535	124.82560675375015	3219.4939427438308	14008.360066695865	280.1800402654284	2775.42551463738	88666.09781457401	31879.28075840642	7872.232395677151	26.968105972117275	2357.5968041807323	5976.300550276176
FEAT00043	Feature43	protein_coding	3	1710.8497504062366	2649.7207664390735	766939.0618031034	2026.2795677416648	520.4354296248925	4615.433756406511	1688.8242981863234	1706.9327476909073	2548.404436533123	12007.349451390337	4571.1042038499245	342.88748751786216
FEAT00044	Feature44	protein_coding	2	2347.5588794105815	7002.388374084244	1284.460669151649	23578.695227829383	12074.253929898076	501.0054163128363	5300.885499627443	105957.64076895987	49430.801387562	2693.806213966547	14998.434672600826	886.2917890362274
FEAT00045	Feature45	protein_coding	2	219.96333866534735	8085.076294925076	4646.024034354979	7521.128462459266	2851.331883497592	5360.162036278404	1184.1182706785114	6987.410829654344	13353.651483430674	2683.4596536272416	12906.191797297412	123.01465176004746
FEAT00046	Feature46	protein_coding	3	724.0045181794216	40139.8491289409	71040.93577429671	4680.095183736948	2474.914764181759	304.1931422147648	5735.537486792294	12102.766881649564	207.01260020542594	8151.988321388624	7209.824997441611	6591.6352246782235
FEAT00047	Feature47	protein_coding	3	391.6826148541375	7905.533068275946	201.08067723138487	43454.6207113516	3802.1813915118105	367.02383217228567	33568.223559000995	23794.715844761195	924.4725808387859	157532.56931345534	489.08846433817683	5240.410060919699
FEAT00048	Feature48	protein_coding	3	25043.95490915812	50.038386558990666	18081.297064459784	2653.1617807108287	2897.8965300064638	429.08227101844	5413.999896187871	404.39343280518807	521.5323962135345	1331.5154836101083	327.2759098899221	50560.02462051293
FEAT00049	Feature49	protein_coding	3	272.68216625433496	766.1769919350332	1686.7316757287883	3000.1787694525233	12409.238353814362	13003.131582048787	1728.2320895538385	1493.172765173529	3174.978120326272	13090.73049604	10461.634873567915	1176.78333212348
FEAT00050	Feature50	protein_coding	3	73.21759534669575	141138.26349744652	16524.2475700875	4788.471445674057	5501.612387603119	1165.7649629583332	491.81165244682654	1638.4983908176464	1997.3172210679425	967.3422719599796	216.39976018772794	1698.2696931473681
FEAT00051	Feature51	protein_coding	3	8415.292827076417	1223.1576987268625	3101.2189142518737	71.71378599385878	2051.3947285947293	2393.411169474388	328.00842465395414	132.53373536719658	6255.953562414403	694.1067862388456	7180.019899105555	1399.158799742661
FEAT00052	Feature52	protein_coding	1	9152.417799399793	1619.9779319318232	197.96421920488515	2551.3054386587914	1650.9799492892269	9732.91598457083	1324.6947388752246	1469.19900938458	14013.565727674943	24327.4209915752	11695.965662813782	19303.12216651171
FEAT00053	Feature53	protein_coding	3	6751.847186651574	11927.919600757949	14484.85371964836	6165.7669040503315	3338.5074178382692	3850.1980121242514	226100.4642021418	3055.261465546177	1946.416572350913	1547.4018465809002	2807.3033897992746	4626.591197959941
FEAT00054	Feature54	protein_coding	3	389.1498950163557	84.3502030203492	5071.7967286933235	165.52203517749513	4749.020470329992	3839.572184602722	23747.488563395054	60255.8001539927	5777.981678824658	1099.8179499552703	359.7392532002261	716.8165311288353
FEAT00055	Feature55	protein_coding	2	3203.3722178048506	71.89151536097538	3413.322481821405	2916.9616023117137	9509.041553094934	1632.208477990354	3582.0345105807837	792.3180769535458	1293.0332818271681	122.50822576867817	3723.992776246208	48423.17505157414
FEAT00056	Feature56	protein_coding	1	3994.77967400318	5758.913996066315	509.314263474258	39195.99523401639	749.4781936963474	12621.956693901207	3616.2886807800664	530.3833635354378	18938.01745375383	3064.6321954172963	4112.143282399711	6726.786648196744
FEAT00057	Feature57	protein_coding	1	2867.7634064059316	1507.6615069270345	6898.858747988718	1438.6161645697455	3353.073475801127	896.2042332884238	203.94062441133312	887.3926710521349	1222.6118321173035	3061.478858475164	25132.631472424033	142.4446829767891
FEAT00058	Feature58	protein_coding	3	3757.3530531192832	55.61946636494954	453.7044184275855	1196.6485972908395	51.64900525513354	105.22535014893623	3933.4678069778856	3428.8034754063456	2428.8676941163353	701.552928308651	144042.92069342735	2229.998829288913
FEAT00059	Feature59	protein_coding	1	631.5647319179345	61151.966123762555	9006.999100431718	1528.9046993384723	25510.09506982101	3952.095066730609	9486.70577183405	4548.932455019342	468.17135957025056	17122.8369931208	3979.1545343983976	484.48807805350225
FEAT00060	Feature60	protein_coding	2	755.0172145399172	16641.04758710077	1533.2253831399253	3240.794706487725	9683.22891436867	3755.563318148215	190.9685130821039	9389.393228294844	16140.457652730773	14185.238787123075	54735.17160920531	5742.803455076384
FEAT00061	Feature61	protein_coding	1	12072.231357007362	52090.482870417625	1766.3840728990906	67878.48909369823	67667.63709693842	12204.517609660334	81751.35858261595	13814.7291582765	610.7786633055939	23093.37385301584	5364.279132649525	6274.592373218962
FEAT00062	Feature62	protein_coding	3	3937.439976702297	34450.777461453545	8056.67816513364	851.9765223433932	7147.1224229629925	11077.625453174916	807.5042397778982	1364.1943478319185	1495.9148004362996	999.043737344041	5584.92602012245	18619.08580382745
FEAT00063	Feature63	protein_coding	2	89883.01541301483	25602.266139838528	18765.089953092658	23336.140727662485	32975.25624865918	1513.1078053032911	10388.843130915233	5324.23347639852	2361.7912478841636	1314.337317945424	1200.5076508677212	1840.1779506000798
FEAT00064	Feature64	protein_coding	1	322.92275326549554	7624.196713969788	2865.8124308427173	3607.7656418780443	5484.286818288642	10991.303638020228	1027.4548244845196	2461.9384133151248	164.79386050028583	54.83096380302628	90.65960292037879	47395.25909714705
FEAT00065	Feature65	protein_coding	3	111.33230644883358	6974.059761189046	42573.87299568558	1307.686985494649	56029.71887743732	82875.64649608784	16343.887456061027	213349.97760675737	9144.601355444702	803.312416107575	7657.090193990711	1348.4489857052033
FEAT00066	Feature66	protein_coding	1	287.1958245117092	301.805008683476	192724.05550720738	1135.6181205834878	2884.205196478644	913.6467323827624	3871.20674739753	1969.2856365594298	1447.9927104867886	342.6962285983962	238.73237619654313	796.8039934037213
FEAT00067	Feature67	protein_coding	3	5155.583956110916	127990.92230847836	20314.243541492382	81318.27478094066	7323.76621988434	2616.9695879464794	282.18374904773754	3079.8497534367507	64.66385536751498	1789.5317724735112	57623.21334550496	5564.226258467358
FEAT00068	Feature68	protein_coding	2	23486.535558261323	1550.5254294774081	259.2567949202455	1304.5451370913493	1514.3490382246378	27108.47091060352	108457.94118659703	817.510508518781	1625.5425785212612	2389.2872054269747	1658.0561707197555	331.29420182343284
FEAT00069	Feature69	protein_coding	3	3678.014054334486	5974.0764963472775	6239.104699446664	355.34062720949106	2541.171577513032	136.1877108929757	16165.621357667816	498.48020693505987	1907.4610058503506	1394.08589960135	1095.4256159756185	465.61076970861444
FEAT00070	Feature70	protein_coding	1	130.13454871517942	70975.66085080574	4972.594214158054	5064.511246466141	137411.51244841624	2622.8666211429017	8503.340150544687	3267.2424550486708	26675.427097032894	7770.70227714376	5548.4430340619765	1990.5339925506064
FEAT00071	Feature71	protein_coding	1	5216.324790123606	25621.73291718754	75.07449707038931	2501.6846612545924	1488.0206459918245	1839.1266697722085	90.11559250214356	11782.79491718343	689.7255764898731	2100.3066196553223	1276.1296142358647	156.43044251607125
FEAT00072	Feature72	protein_coding	1	1415.9519804573	114.8283339022689	579.5348524814709	1792.9211984224487	3136.090343718671	3493.7432906243466	2468.877625464592	148333.79976831007	6926.632498933318	350.8851422342058	1051.049074620887	968.9701294444278
FEAT00073	Feature73	protein_coding	2	2299.176044475214	1068.0128023252557	678.5757189846466	61581.68382386664	3425.4913150138245	1725.0812797180886	2009.959702287906	2142.548754771506	38841.84267921467	7490.961585668016	23915.684424259325	11.567219815969148
FEAT00074	Feature74	protein_coding	3	5700.7062609770655	21335.269169939646	110634.93108602607	3344.517949744027	144.31853318292752	9160.965485226667	1079.6690207467532	126.16369532329854	1042.4982233849614	21253.55289593242	27640.206205551916	11645.890286876716
FEAT00075	Feature75	protein_coding	1	481.88489729185824	295135.3357871494	387.6311828719181	2766.900186176206	236.2618471969546	34104.82682367135	7111.242991993328	15771.081404659057	3752.9126283935652	2822.815413526527	4371.071322840147	106.72833431394508
FEAT00076	Feature76	protein_coding	3	19132.85782472841	16554.278201792946	1578.8698612246344	3130.159024692803	5493.409895591429	54108.52871413731	6977.941181857056	3464.0618458055337	1284.3037643930593	214.57655973776488	1099.1216370061609	3658.2088499857973
FEAT00077	Feature77	protein_coding	2	2044.4688447898764	3690.628444071278	12330.854773206027	7062.188598833747	5297.22465251515	10522.914731724253	4518.76603426655	3057.975987579354	7533.274136163656	144.3346148171592	30871.309438424454	318.17293853043236
FEAT00078	Feature78	protein_coding	1	14622.513023611407	3319.537556214212	23849.661184136086	3460.3451525158143	593.8840907272714	22450.876649208174	4536.463616097711	4030.0095025431547	3769.7885868716285	19764.292472634916	14211.782373516398	4939.001623575422
FEAT00079	Feature79	protein_coding	3	200.24384414327008	1578.7255628981961	3954.231622328879	82770.29396014691	6539.205282429215	2775.0966910649527	28209.324480578398	2682.8202674970994	3118.6869958606253	4353.613286176766	221.44910768388894	18401.724614010876
FEAT00080	Feature80	protein_coding	2	7068.873418311461	1975.8172984654186	420.6336791965145	4829.905008732377	40880.50572317478	1037.4044599736737	486.8826805168247	7012.410657098475	186.01395678329163	60.45086279011201	1480.3509709444988	951.930069617734
FEAT00081	Feature81	protein_coding	3	2003.1410753567582	1222.7910254117498	6002.616386370383	2217.896126376918	1123.5424284978499	1449.1910326800505	10297.570724535264	18559.229762146202	16834.65722793766	11600.877252471228	8.739115881412255	545.1455182941168
FEAT00082	Feature82	protein_coding	2	1879.1190938591692	4796.409742862157	180.1978582889912	42865.50059545925	5723.117594613447	1083.9554187983142	4451.99632833961	1778.3791632508187	845.3429126873249	8253.78407259974	1467.1477590362742	261.6662537983174
FEAT00083	Feature83	protein_coding	2	1059.1516691156633	2703.6255382191102	475.9647843578868	32192.976914018367	468.21141850217754	78689.40077927649	16657.318760846778	611.7576461704181	4212.670920706059	27993.002436058527	2365.688552600152	389.9486115342517
FEAT00084	Feature84	protein_coding	1	4085.587634273951	120154.73205318807	228.79578822025064	9082.49486348401	3408.98122656237	2711.128625991765	1662.8984479412918	1888.992839980489	21751.04325527821	9840.30726656476	558.6302912241952	55667.60412163602
FEAT00085	Feature85	protein_coding	1	326.0593601523971	11110.549643441856	4694.278760916331	29178.24266835064	6408.822831241327	22606.789809555652	3235.017518893413	19482.15833038107	6290.301112167949	162006.38731288956	968.1067766162263	29075.840720059772
FEAT00086	Feature86	protein_coding	2	7822.228612272689	4659.5287940884045	1223.932388680721	7593.2074792877975	239.2573061951515	289.1960847079723	12239.537540653622	206.94214149958017	45170.22449555141	2076.0160394422414	5334.881249157622	3899.243792589183
FEAT00087	Feature87	protein_coding	3	7259.551885793818	2062.0646194210435	1759.3291494052846	2718.1323029114137	22552.21362703854	26241.633051651806	33806.597208135565	6589.686612501436	2379.9682714417545	166.09912224073625	10868.070002625198	15513.91704872919
FEAT00088	Feature88	protein_coding	2	1653.8446007027696	14609.223473801245	34787.69359743486	4052.440909074957	22912.101158462032	5950.347725711863	150.60682323970266	1461.0651337627853	1635.3283925549079	8872.711062850873	723.2895402815825	1553.1644979624473
FEAT00089	Feature89	protein_coding	3	605.3374483811024	3192.4799125414206	3880.068034559421	19781.139965754286	14370.3093920599	4602.960239863832	5284.199004435105	4163.942134252286	4193.013731003847	55411.88817558857	38.993626744227555	2496.045917573748
FEAT00090	Feature90	protein_coding	3	6012.270104127314	26171.089457621783	477.69009175753155	6393.510598009506	16158.244783163313	1536.1696959419808	110.26628261067394	1791.9827537469607	394.3831185804305	11053.463992505429	740.440168788535	84441.50876050774
FEAT00091	Feature91	protein_coding	3	4418.295219708042	803.6126298187523	1380.9857944058442	479.5850849300346	6904.995899935539	50159.87276196977	2323.728125189441	18098.31399955804	628.0294284996031	5963.132749570064	216608.20012039487	272.79202776313286
FEAT00092	Feature92	protein_coding	3	31475.464568516127	28322.745383776983	116.13928464967266	259.0085430602535	590.9008354126798	19582.407514170554	1582.2325976464679	2532.9030981405717	12231.042708864157	4232.188677375216	5137.935922116584	1919.1696133623616
FEAT00093	Feature93	protein_coding	1	25879.427596823018	843.3060734793904	69734.81102113947	1860.7089327950493	813.1232977137942	10943.485045137506	7693.117838318404	96.68562199876895	5084.150723082725	300.4720375304537	766.5290402507937	14053.85581683075
FEAT00094	Feature94	protein_coding	1	721.7923873334967	6457.792270929843	1718.9361852140519	110389.92380486403	2860.589089113235	409.9018267112613	464.8826377919145	664.44227722505	4262.213907097093	3367.2847489094424	19359.940053527607	4565.413406725648
FEAT00095	Feature95	protein_coding	2	4255.470716460429	6042.278916832543	2669.1863061653357	5698.661274941427	13775.819894788192	13771.84697112796	1259.465868154846	139.31956347678582	783.2680592575883	5567.581775387001	37.98674336453927	1421.9305106348254
FEAT00096	Feature96	protein_coding	3	7506.610143521519	1211.0751636501102	446.21325629452366	78398.51745860453	40317.98944277341	2092.4290276432425	35990.37330569682	34438.583610601934	434.87605414462206	413579.51908006653	614.4013274361794	2064.965528880473
FEAT00097	Feature97	protein_coding	2	461.1265838226861	3806.3622977124414	310.15589665979496	3261.848228238734	23164.968662490726	4843.613844382594	2047.6479111818865	53186.23281756033	655.3206376429313	18778.804416600877	1906.7494346335313	4839.799382663296
FEAT00098	Feature98	protein_coding	3	3469.863529728112	4124.787963356692	2973.8695644071345	800.1637035207159	1173.9537241605688	7221.831299200056	2683.1637108182395	401.270282632795	913.3812102950052	933.084392599116	2936.489430483326	4463.058825499904
FEAT00099	Feature99	protein_coding	3	3808.0637186838885	995.2982154832729	3328.415598224767	274.1600444963333	17.91101955199856	2908.6800883712162	163.4398606669447	582.4878843915748	364.7844025762715	9890.463223251325	360.8028162160904	5218.393398579432
FEAT00100	Feature100	protein_coding	3	1314.8842695661533	341.7643130266573	185.46679077818206	7228.184197613248	6296.196870692392	12627.969664947117	84537.8543807694	5095.629002368788	5172.823259440462	2492.2193966939035	3757.3607210454034	1651.0907803226273
FEAT00101	Feature101	protein_coding	1	619.0820018436383	111825.9872805466	108.11020268361531	4863.8932673601585	6821.295746795451	4023.496026716609	542.831462113025	2167.0074073872315	1331.1178304493833	440.5207987302917	2797.3300475364463	1457.0766513893618
FEAT00102	Feature102	protein_coding	3	1120.9765899538386	10333.48855361584	448.17537370328495	6647.059662951277	1001.03168898017	6467.873548693993	3392.3293283837675	4611.12697569588	512.4368154936143	739.3291173811596	638.172649545374	4062.4112670458217
FEAT00103	Feature103	protein_coding	2	11372.014783188431	20636.46718021213	1203.6656664121208	3445.9949664500605	161.3448077547064	54.8208571258891	621.4655673384929	889.6710202996084	180.460262982876	120.25111687720316	7646.076927825279	691.4185429236413
FEAT00104	Feature104	protein_coding	3	142.77575269389607	188869.531675676	3968.3475519474223	1643.2500965115978	9803.375909320956	740.8639413356526	50060.285763443695	182.25692447635427	276.1033775088014	2250.056318652706	727.796517523728	36084.062905370905
FEAT00105	Feature105	protein_coding	1	161.28133847338677	770.048538200682	4376.248810554095	7820.949285162687	17188.63795685636	5260.277592462982	147977.40457465276	1209.4584497937283	3873.9506536301046	13126.470698305227	1598.9035815336035	1663.7566779028814
FEAT00106	Feature106	protein_coding	1	1222.0352234873776	883.9818691164886	369.7558654373211	1034.3782946444298	173.53711040892418	5515.319144403448	160.13592960262488	112939.60417676331	58621.91273324308	20140.458664513364	1896.8813260550303	965.5604353091604
FEAT00107	Feature107	protein_coding	1	24842.83832665572	3820.3725261163536	7524.862747906333	757.6849500546286	18632.377869849188	655.4283586945718	3328.3138136685193	123.27574812334203	847.0672684939091	6730.485963902623	1220.888477428152	1227.929298212564
FEAT00108	Feature108	protein_coding	3	11248.714849361724	2395.8675632382947	25303.963412714507	35.79978238915436	7552.201480372725	6761.7861282908625	170.87807205681315	265.4466687668396	13133.727777108128	401.3508628071165	868.3599350169709	7940.756062393082
FEAT00109	Feature109	protein_coding	1	1497.6940270080675	6384.307729247091	572.59553048935	4621.503573954047	18881.60035560318	4857.661643757249	53.064707261903465	8713.06351851165	3008.245531825964	534.3082983149342	32908.76150501703	118.98392566648721
FEAT00110	Feature110	protein_coding	3	77942.1605547933	871.2309210089027	45491.78179931647	2499.8747913827065	249.3929284620016	3209.131447681557	4904.863432941004	7145.105676084409	18118.048480817855	541.7887619642705	6536.718697488763	10129.568010421614
FEAT00111	Feature111	protein_coding	3	1661.541651831449	504.79842605275945	487.10048556804884	10358.608544988694	11318.76044549329	611.5089692088462	245.21184158174418	24881.05704691165	166.8920102316701	3593.510024647629	637.3403782426784	116.16995290596691
FEAT00112	Feature112	protein_coding	1	3371.058587507523	1918.8330082235746	35578.22222486385	158083.52296512434	1925.433147032009	16937.4899681367	17538.32522406717	1055.8700354720133	570.5600764915557	48286.63999018816	1401.26952437095	2574.50926702824
FEAT00113	Feature113	protein_coding	3	1600.212022412469	2123.19885491519	913.428796902383	10304.641665723384	25567.128914956847	1381.1422511901824	227.40964983310477	2950.780993457538	187.64145770828176	857.0431344585317	24431.153017528475	172289.025734508
FEAT00114	Feature114	protein_coding	2	5285.5005733073685	399.7966666366315	10898.561044061806	48.18335120764122	776.4636863005838	41266.35232657667	10237.15634008753	227.34293960555442	136.96453039217837	12467.800897836138	2474.598546280256	930.6657380533126
FEAT00115	Feature115	protein_coding	2	5640.572395166636	963.5682040941214	86.226541973232	11467.962217523407	844.1852966015582	446.9089871281184	247.30105637736895	4216.705555076054	637.4727885149521	8243.447307713364	1669.5203460112589	18672.387705533107
FEAT00116	Feature116	protein_coding	1	1349.0577067018078	835.6859479396041	79.19024223932924	376.74707715775907	9792.12257682269	641522.3191521361	286.50476821557896	420.39856442854034	4938.725130946663	6339.99035450254	802.1818644354342	3105.6637441617163
FEAT00117	Feature117	protein_coding	2	151.54988969510256	1582.485235361929	13540.945139627494	50369.761462091505	1999.0698471420012	1696.6146465634358	6070.205671391905	19603.867359093467	6461.288311941413	703.8867698304147	5114.807134989831	15285.450055312122
FEAT00118	Feature118	protein_coding	1	753.7845242370561	246.95261522232587	6726.8362592702715	5208.12768719085	15265.142128018459	3170.2415022059376	853.2739734269521	1237.4096461275014	429.009101491661	497.0959835092294	991.830004504414	1140.5657340430616
FEAT00119	Feature119	protein_coding	1	19942.11526534801	301.6456574506805	2491.769936268724	945.783310073677	39015.9993115415	4347.616777677107	1394.1739283973232	11705.373053092908	3068.9806802813387	1162.2253206805829	42569.193359659956	9738.13022331105
FEAT00120	Feature120	protein_coding	2	60348.289286190055	21664.729810390283	10946.580965770856	3464.176389344248	392.6290344330277	9745.330203792833	3119.037564006845	9184.200775733389	2703.167891197629	798.6841593186936	453.6596840818656	9606.611988044277
FEAT00121	Feature121	protein_coding	3	27751.701293846592	1643.1308192963675	6205.107083601126	32730.44449682504	618.7460506195115	1498.8723872304188	372.08817270660666	22727.310804541245	4410.8552736438805	1208.5815801846488	142.86858270104264	2002.9825755441225
FEAT00122	Feature122	protein_coding	3	16463.360328550956	1629.910930703092	1295.531745574358	8707.92630725375	305.456704438538	3041.8475932716483	8077.7205594988845	688.2520481586234	629.9192472110143	4322.527080725207	2324.233302892471	1821.7805147237214
FEAT00123	Feature123	protein_coding	2	4023.975419067306	4136.583047163559	531.6267830865597	844.9610152831714	6206.22442429804	20654.606215495092	31313.312312776397	613.6087777089414	19695.084006455076	10814.951903355568	2644.300036050413	6680.013378601925
FEAT00124	Feature124	protein_coding	2	12299.30046147518	68098.84684571419	425.01679460623626	8187.913472948796	2182.51842584387	1936.6363037736078	21728.388901850303	12087.622917235702	458.27910898319163	1693.0737500987373	4214.643953432709	225.77467536822934
FEAT00125	Feature125	protein_coding	1	13125.91209289379	2459.5297415796404	3757.77040237437	5118.450111427055	70625.1325187521	3004.243800725484	1489.0987699154527	62582.86068163359	1152.0492041025861	1105.5632808314372	237.82398927712705	19359.866782879548
FEAT00126	Feature126	protein_coding	1	4580.070152412375	6533.513094050498	3793.765707038589	2218.499924424002	697.0703194964044	702.9467573844543	6099.353025107683	3523.713093309985	51704.31785988646	730.4388354363211	1188.017370607892	459.53188865662554
FEAT00127	Feature127	protein_coding	2	32955.68227172621	315.1123888188977	11190.288165733336	36678.67480036049	2207.3770055699397	10303.361223272252	64.2024880000472	1424.7194268231262	148.08390660320438	3852.4612725049487	2883.4586091806596	722.0408892481125
FEAT00128	Feature128	protein_coding	3	15256.109456186934	5346.52748356574	1119.1467891175464	1140.6725748360539	207.6210954599078	2042.899695973937	123496.6771790106	802.7130102415301	6013.598709248698	1071.7907919800925	11889.006693412306	6225.653604873572
FEAT00129	Feature129	protein_coding	3	1879.5985225738182	119.23733632769456	1141.122394749961	24087.204660479943	1845.1973898196125	8722.584938363989	1211.8152381610723	102.95749122696044	6084.605730094659	5036.733369735792	1018.4487386278914	1474.4971831842176
FEAT00130	Feature130	protein_coding	3	4775.495746910405	993.6808700433294	5278.596374602041	1986.127500858636	43.03668672632403	2208.2922822069845	986.8883779281424	644.1170015256076	5843.586775357177	1197.7361497183053	7463.7974156600585	19991.603347911667
FEAT00131	Feature131	protein_coding	1	3687.5802899988544	182.02322261398817	778.2978667142106	14516.20432219565	1806.3784326064279	681.2105274750389	2439.154649194456	7012.994995583894	4543.181509624549	9041.70263417546	660.8967837419955	1759.2743091928905
FEAT00132	Feature132	protein_coding	3	1832.1937696929904	2760.147559193882	68.96669764217343	1885.2980241765408	263.96426494485434	34068.42366554588	45796.05831794707	57192.2604371008	12146.436783057068	1212.200099101679	15862.307918614533	2014.0700583988287
FEAT00133	Feature133	protein_coding	3	8546.834786092428	578.2205936871378	1013.2272294289348	6591.8668378441525	67531.38918984741	2758.6670357308403	159124.09503564407	388918.19275181	294.8963125172336	2750.5821741925297	530.8616894963557	2255.734904384878
FEAT00134	Feature134	protein_coding	1	1117.0728278564272	2565.814792636832	16090.039201230587	15380.690992701211	4594.9776872468665	2908.774059600703	3575.012749466584	3630.168527552209	8041.587562743938	2924.7440274669725	7091.313279114289	282.0041819894019
FEAT00135	Feature135	protein_coding	1	11892.223142303092	65000.821895599525	4021.3269845907307	234.48091010315426	32131.358640686336	1615.6147620430147	14.208373971111767	1969.5617680971047	8538.505458244408	5756.955208904472	26457.609511713268	8781.208522714525
FEAT00136	Feature136	protein_coding	3	3630.594596524777	86.30657924119863	400.3334381770619	4004.868728163292	9718.558952438969	467.4167012359591	979.1524155619995	6722.88400999147	97.10835338613103	90.95444260465241	1933.4658371964852	4563.54806034206
FEAT00137	Feature137	protein_coding	1	1241.1693906098087	48.992740974864844	3036.006261274045	273.42848045939627	9338.423237937473	2434.3823062789015	4667.1823281880825	9135.298435794395	1140.980618348063	12724.266511924765	26707.175002627126	5910.378245041362
FEAT00138	Feature138	protein_coding	3	31159.671560660223	954.8984683088305	14913.489418758812	4711.303766507298	502.91206338758866	2537.159205116542	1134.7529607206206	1090.6386479683858	3406.0591910565995	19358.113582311627	1657.6772266071043	3645.934501081391
FEAT00139	Feature139	protein_coding	3	213.421311986362	3531.5963745099903	22817.437261365332	12368.262219137838	6804.629079210952	1142.6068066563066	514.0371034784081	2470.919827204696	269.0137024586342	323.9012611748869	15665.203838585247	569.4277518722545
FEAT00140	Feature140	protein_coding	2	71721.05473640877	228.76998763406223	6286.855954964924	361.84700518126067	3986.530017639714	457.3411197338002	3140.786850872556	2210.6318366814935	1305.9591520915365	7273.188842450731	43022.5688948195	1017.8408916045452
FEAT00141	Feature141	protein_coding	3	14131.650743174934	3395.480146384268	2767.656253430271	145625.27534249253	60.920721880643015	867.5022651197586	115.74971486161455	1669.63618589901	1940.515556218246	2607019.0958623085	5414.406272760228	71704.68625576075
FEAT00142	Feature142	protein_coding	2	29561.97952033044	1331.2140290874415	6860.380714956556	57251.52842764905	3976.0758714324284	4236.719112712584	7155.28674443497	199.6449684880206	685.7626476260526	5319.299647750392	7720.974404024859	566.9449659916081
FEAT00143	Feature143	protein_coding	1	1638.952818926816	2342.948514148393	2225.9799261614426	10040.840334251183	3523.6265939976024	3917.315000303762	233.51183891622057	444.7508380283572	5167.266319144017	169.28144861715	4705.436275428522	894.023916932506
FEAT00144	Feature144	protein_coding	2	682.2792020013775	9227.396163288955	867.7855710453342	627.3427117816457	868.8118022601608	3212.093583726271	391108.5273239998	65.82137124447297	2793.2577759946944	1877.675045854441	15813.548899482905	1489.5133862366738
FEAT00145	Feature145	protein_coding	3	34.93023150744782	30772.61004320451	410.46305620310034	2584.076741478355	249.35757098151845	405.82153493088765	1181.9872968023078	13280.372132810357	12931.568068943998	983.6943466490449	7022.296629180239	1469.9330689530304
FEAT00146	Feature146	protein_coding	2	3493.0105887834075	3766.8202243156893	8651.229511372592	949.6389081560122	2251.474600970078	4206.649843437307	3346.623368535618	684.1455206699536	61832.76479171133	1246.7441496767685	11010.138079403054	4089.7799273322717
FEAT00147	Feature147	protein_coding	2	25229.223568096048	57.11884858118999	111124.85917472908	1936.9962668694614	313.303326037094	3569.7355289143134	160471.43710264016	6997.106436450427	312.95046086396957	1236.840247620729	30828.349667787377	229.69990773279295
FEAT00148	Feature148	protein_coding	2	2048.3488501151264	1669.7804764950865	136287.8227369438	1676.6354180039905	29607.57855329213	840.8513496179255	671.1948513028722	17014.87208598952	8597.363187964978	128.366884253321	8861.815602448965	8909.708302968782
FEAT00149	Feature149	protein_coding	2	941.3663221732679	4181.94286520094	4563.597193294399	1182.0508283187662	990.5426917603138	848.8336713414801	1733.4591143668629	261.5435230959266	2609.108166198906	194.4446947983411	3216.6566365950302	2417.97983703162
FEAT00150	Feature150	protein_coding	1	441.5816700295415	12906.022512423428	89581.02217038398	30020.188662237728	244.46934912631107	27358.476667635954	4151.859182760187	2555.7088434737075	968.7475129300227	2773.5322104924358	33568.49826061783	7422.962723078571
FEAT00151	Feature151	protein_coding	3	1339.0286436229576	847.740335515761	1333.725810546406	7999.08230289461	78718.40245343078	423.9043853865816	2794.1297718075048	1409.31340249482	730.5490278358991	5707.105124877974	7502.959785747684	223.04193956031364
FEAT00152	Feature152	protein_coding	3	441.0370517358052	23656.43398366354	4938.844748076863	7113.560385097771	1145.363049064442	1421.5990584012045	6355.65722465723	1154.2462367390397	386.85313893188066	2803.9035959779903	14090.701265685017	445.77208515532243
FEAT00153	Feature153	protein_coding	2	18472.887633632297	9800.631026025634	601.2589515542887	2839.829244670984	2601.4398453600825	8677.155650364974	9198.65438694009	274.7202413675189	253.42667670256495	17566.749965257302	3429.693287784178	5897.892178801748
FEAT00154	Feature154	protein_coding	2	5083.924458458353	42990.22276857009	326.21977377457233	19544.400899264594	651.7854446849905	10253.42154760137	30574.89938642405	238.64140579096252	5747.565280424919	1710.75362824374	1671.0379074339528	3024.9282996352426
FEAT00155	Feature155	protein_coding	1	430.7591880653411	504.0167641580106	9042.761608930887	12627.35738905798	1020.2856239884975	210.10662975419385	173111.10466025854	19840.95448027278	5317.568724843069	448.36633236388286	994.4289999881315	4316.802674633708
FEAT00156	Feature156	protein_coding	3	507.9327899530957	48510.90564263397	3575.553092975617	5637.7256852936025	449.8483352779759	558.5226212221563	690.3549747669822	4581.291251182956	1749.3047366025414	1677.937405383659	4907.939193250429	4182.7685628008185
FEAT00157	Feature157	protein_coding	2	39066.38257387969	1976.7353816736506	464.3579069545142	2746.0834063270872	37637.869909936366	1050.0146597758687	3057.724264248329	1487.1221017236467	5750.48400586924	4422.962381952799	666.3134130471464	1872.028892219563
FEAT00158	Feature158	protein_coding	3	14881.264593458594	19539.170957302093	14391.063566471143	12938.871413811647	1555.9825939528662	1473.3691874259293	14554.703244761069	352.1772084060922	2534.244359995288	104.88936128573178	1434.5848792280676	804.7206830904971
FEAT00159	Feature159	protein_coding	3	332.82295275152694	7830.832396728392	764.3234578819855	1466.3647948459864	1780.6750655049873	763.7629672203021	34778.075066669335	1172.7204032641566	3980.6467658473885	278.88685042470024	1216.930103129029	1586.0872111431352
FEAT00160	Feature160	protein_coding	1	1633.4328453234912	1000.3297276044069	3622.17053873585	44250.64064489644	2224.149784081371	2198.523662119899	1410.4222048406227	249094.24612742625	48737.45137342194	7530.795255478653	9772.40582052028	802.1305651415242
FEAT00161	Feature161	protein_coding	2	2148.063039431031	4083.5346562049594	3476.935122511796	619.8302775837858	709.99964316246	7001.893551436049	4891.2254015672725	68.05467069712232	3315.910546153729	26615.893202548184	901.5203846834133	4307.003176608489
FEAT00162	Feature162	protein_coding	1	215.96224982586605	12261.89208231876	393.7053988875908	309.2309206490857	1611.0180419291198	185180.31487538537	959.026604714725	303.69440750395177	6372.2111648662085	4227.040910192475	52663.27647959873	300.5572222964928
FEAT00163	Feature163	protein_coding	2	169.22498208518724	1617.0269168070313	5504.159849506653	5300.5859451380275	19146.997114451122	202.06564639975144	657.9905027027704	2237.3376703747663	12422.652074434247	6539.027245603472	1341.4582154308134	465.7966119465475
FEAT00164	Feature164	protein_coding	1	13401.418022403286	15087.960231704457	339194.838993653	2063.5382768276854	49589.04758229389	334.1516419040697	1082.432507240395	855.376246501516	1246.7441500839332	602.2651740838519	1083.1247678280806	2566.3768626955166
FEAT00165	Feature165	protein_coding	3	1277.346312945534	9053.965748607605	2438.0584887948967	2818.1542226476913	38026.961906394754	4926.785239568154	3713.0565447377144	2732.4434867571445	3156.5372009418907	7771.0839897214855	687.0834264372269	21297.22812733651
FEAT00166	Feature166	protein_coding	2	45190.563134227086	21625.743411664826	1187.9239815479198	170.401404367841	1308.5160573990447	3708.3556769831275	12179.69379250046	2049.94254947598	1656.1289827577034	41330.31731170158	867.9508143758393	18518.830003211147
FEAT00167	Feature167	protein_coding	1	13951.31023442634	271.0771250694067	4620.4259710870565	1058.8645537804164	531.1365262523063	108.2861718507158	178.5005921058897	5875.114599769988	1426.148029664929	4578.524248525438	434.08952451092216	1607.207303884299
FEAT00168	Feature168	protein_coding	2	1752.1465539782555	185.57562737949792	150.83801295788155	6148.658220185921	3668.341259370311	545.893673742089	2365.642483978239	9098.539930587232	71449.4222016541	591.2409478625698	8392.87564606886	118537.94730890078
FEAT00169	Feature169	protein_coding	1	3178.563376164413	37610.201774718014	29.58411241087408	36417.22354442456	2777.656594775973	103.31583079222126	11187.812333995076	18008.653117150086	23843.20573495116	23466.478921182654	2683.4066128770196	755.8924892254502
FEAT00170	Feature170	protein_coding	3	1254.0303470613844	2660.1066843698204	5788.930420818044	1209.9511166291522	3081.7527752175165	13290.235758669665	5021.508797224452	162117.48889502615	127420.0302039134	372.82939726584556	1038.349835487091	280.3983399523784
FEAT00171	Feature171	protein_coding	1	361.9030329261794	7417.220870412201	490.31546961748256	445.07467084928595	1755.7511909225068	11633.673725363671	1510.0129156193634	1504.6001655477678	14329.667975957098	6510.615005131784	6332.76275286821	15104.072313261107
FEAT00172	Feature172	protein_coding	2	472.7617505802748	4138.683020052939	922.350818012012	17366.38630038023	11964.010098186318	446.2739909739333	30119.568548101073	358.24420431354713	22394.10992716817	4064.5188828779796	605.2231130783312	390.9672649174745
FEAT00173	Feature173	protein_coding	2	1650.2782199217518	2709.895455242886	804.3081329218011	7657.969545193143	237.08003462193614	2791.0810688900874	2830.950233871693	102.91591058027726	4889.163498027926	301.9062909119242	33.922438861218666	953.009457895591
FEAT00174	Feature174	protein_coding	1	1884.6903521573406	14020.90265162383	1193.9468653535087	38433.16812495928	36145.195505887954	19593.910286503055	29485.668242609565	5256.383430896994	1052.529518146472	8912.673453066222	15706.555177118076	4313.544952030897
FEAT00175	Feature175	protein_coding	2	1828.899253331539	175.09071655591083	9366.16543179898	5269.919820488163	280.5859129985907	3368.931994532683	10174.338882627737	2326.3070637146748	11341.106817395925	10770.107185778776	205.40594645428163	1654.0955390221188
FEAT00176	Feature176	protein_coding	1	6672.912521619272	14367.195406648823	34509.21432606408	93.706622116888	2509.6337425484135	10061.733963287106	24823.13979366733	56531.761671934946	536.5418902971728	1456.036885710608	434.1298579526985	12074.56037646419
FEAT00177	Feature177	protein_coding	3	268.56603844999074	23131.66158304103	14905.57815053015	6710.618611327899	59.53238533163289	846.5359090089527	10685.114780424055	227.33718075000988	1842.6640413875252	2343.8557008505163	13726.946091384081	4662.929794561932
FEAT00178	Feature178	protein_coding	3	4595.987679918851	1289.5788598379115	2847.762434833718	2221.478042321486	10292.3328083874	2049.9003453925698	17714.71213848986	137.6731626822145	23830.4832795723	2082.727441917522	20956.094156167706	3269.775101833098
FEAT00179	Feature179	protein_coding	3	12881.065913050668	40147.2700748857	1051.5274859238145	3247.226915958268	2081.5276940053964	4078.390015284565	158.03711167431806	2076.2113962075855	1807.0252821910626	695.2392259046909	1990.9328403065376	181.0862580641396
FEAT00180	Feature180	protein_coding	3	33815.362547978315	6229.297342097996	80220.55438153273	594.3277209477435	352.87666986897085	4643.377793791003	144.69700684696485	4199.641884659545	804.5491010077963	1549.3199694488221	4410.175479407352	3044.5631215885846
FEAT00181	Feature181	protein_coding	1	76927.62380129953	8630.252120467603	281.8748049483416	16021.102937020516	258.92852514692083	3267.590898206953	304.7881185842745	642.2235338152304	28965.438348395328	1039.1160081077678	889.6064175703505	1028.983680071543
FEAT00182	Feature182	protein_coding	3	1603.4513383894043	36275.42451614689	343.0317092126961	309.5382201132777	7819.367595276685	163.4323696416262	1453.8369114858149	20830.95614783725	2789.2218307388425	1184.7028934898142	786.0526693974314	544.0328829924105
FEAT00183	Feature183	protein_coding	2	970.1857090351857	3531.384190625586	25289.470138288852	15418.067359741584	1011.1001964770625	751.9732414395257	9497.59545239705	109.171030702017	1261.0063763542573	1542.557933067069	380.9576964718104	467.30143831738906
FEAT00184	Feature184	protein_coding	2	5082.269421927819	144.34780711312868	537.1155618253349	860.652166880479	3144.836149541044	237.23912826602196	18705.30179591106	1565.3598373147177	1702.0476249373987	1416.9703024124337	814.1957696785114	470.8532602007401
FEAT00185	Feature185	protein_coding	2	20652.27448718592	3847.59587145751	2203.1848125879346	15669.496906266128	754.5905690797174	8157.918594632154	2769.879293544796	547.8389465599512	10232.974111579057	186.59375659279337	8412.445824959092	550.2674460498135
FEAT00186	Feature186	protein_coding	2	5457.850074989589	30580.64888635152	7215.929121174931	903.7770080627489	2496.5648776587004	1366.6612950524275	327.19361993106725	367.4612546141257	2822.049066930037	6762.159170996808	114.07194083620354	2287.796404418853
FEAT00187	Feature187	protein_coding	2	6372.582590536927	3147.1308084707607	437.71130236795517	16172.724878804913	299.2286234717496	8119.092200857457	43856.17883255384	69.21292922721356	4047.2950702463695	4464.810494860771	3820.7053216392087	657.0153418454842
FEAT00188	Feature188	protein_coding	1	1470.2647643122452	215.21774536636826	3219.2164610991736	6584.790187732416	783.4868197129836	494.046821743465	1099.53133806462	2497.8992507173753	2820.4406049893623	2105.6592748505636	2854.4515777534048	249.0455308689868
FEAT00189	Feature189	protein_coding	3	20.259019265082966	7506.090296519742	31110.314030323523	206.04963602268174	776.403112932415	4276.260483330211	13550.617506330529	7901.2323018905145	24012.329320609122	2282.4380460277316	5214.683847420677	5188.560981053495
FEAT00190	Feature190	protein_coding	2	1169.8318043282404	20926.716544483937	7533.11871171576	14091.061939298994	1258.3002750389342	15431.235362792668	389.8261784091646	5010.315378666175	24.867522725656563	421.36195212514644	9162.646365809589	1128.4934886118328
FEAT00191	Feature191	protein_coding	2	3390.968493701929	142.97859690829753	38211.887527048544	7135.99590988315	2382.6956402737233	5188.987088228236	4443.93502246431	30198.879089300022	3636.7119949514126	186.3787974056119	1588.21158467335	23914.954721181155
FEAT00192	Feature192	protein_coding	1	6793.440937924106	1187.4503866136336	7297.760092729167	3058.7004632775106	7288.231507279068	152.39130550962602	512.5555866831938	8052.845368382208	1682.7622509286068	4627.098913384591	78370.33551794598	1439.1823981909404
FEAT00193	Feature193	protein_coding	1	3811.451396212269	934.3149258212271	829.2683432743349	2184.1504670075383	193.18831029248665	61.38236180153331	27533.935613959402	2076.3450511085607	17995.809768458614	3089.4454668766093	3238.442825955867	8106.878696263804
FEAT00194	Feature194	protein_coding	2	8815.274084531824	300.0583498981447	20867.572315025318	451.9254983253308	3564.3809519706347	223380.8230436605	2871.223210174004	46794.126567150844	1353.4796066432598	7344.444529493342	2729.6085092724948	5200.655636636066
FEAT00195	Feature195	protein_coding	2	554.764976853293	496.51084565384	4501.797176407405	159.85886482839774	565.8427496357668	7714.096797717166	846.2109573903739	523.4688258865983	355.99436939296845	3233.717316324118	1316.9068203641677	3249.4599480743377
FEAT00196	Feature196	protein_coding	2	1794.2691527270035	64611.229182295465	1159.78054633642	80.04654803803406	3064.3721388158983	2508.2595157973096	3287.6203774537853	148.90530228399706	18248.029756894244	2364.7066038144067	2317.473289960806	155.1798154344817
FEAT00197	Feature197	protein_coding	1	5735.765690907389	2227.703251136985	26763.11462116131	1205.1055075547108	285.960685302582	3131.0565454039106	503.48221646026377	5178.2557211816575	374.2477418557001	1993.1376914042253	1679.6648063843566	2353.9425057271555
FEAT00198	Feature198	protein_coding	1	1014.8454338286998	603.573445653138	2252.0939014827527	905.4369412149141	3265.3238846992813	1552.2661805876744	49.00018416548779	2242.649232665575	28395.794519441206	4247.879362919309	7122.423192107399	5542.871988676659
FEAT00199	Feature199	protein_coding	2	1100.7212760860864	243.09590578874125	10279.73132124298	15762.614846194037	6720.807722801694	5242.68051215115	4978.447012584547	2381.2892632995795	4032.054842563547	2553.069679623738	4414.498497726189	481.8909852630438
FEAT00200	Feature200	protein_coding	1	835.3817369955128	6731.3030867767575	1387.0726640494604	37.19252747960172	3109.1970114392434	46.99712198761498	69434.25198931336	8744.071890250541	8054.073891875249	791.4428043438239	354.2054143306702	1736.5997568273294
FEAT00201	Feature201	protein_coding	1	2598.9384445675673	660.3317581086947	3307.0463788522943	8272.168824036537	7111.073242789428	416.24308778662146	59.440024795338225	2534.6809966250617	806.03768073119	5464.369143111532	43173.98492656887	43105.371379428645
FEAT00202	Feature202	protein_coding	1	4149.700812200403	17194.54741457192	43351.502085758875	2745.209108295669	4059.448833393108	11059.214108716742	2389.5674217611004	1075.0296829333784	698.1418949503991	2577.9189083010124	874.100889153808	10104.079145604564
FEAT00203	Feature203	protein_coding	2	1439.5107594636277	31878.141625985674	20634.003921339874	303.41117549512796	16506.259560028513	1284.7260600960042	27230.556411285226	6230.78723767323	2384.976967854906	8209.29555949731	991.9136626786233	4558.37289603069
FEAT00204	Feature204	protein_coding	1	5024.288039076326	2015.4030557481974	5052.363752552434	467.3402323593546	6785.666935006773	325.8267390098135	7605.875445904148	5876.911375463872	8833.043635917898	1007.2050161123524	479221.02597347763	1783.4328034366642
FEAT00205	Feature205	protein_coding	2	3418.840845868265	724.2913313973776	30707.313286147386	1182.335891813994	14558.31871886844	526.8363909098236	4529.4107645292615	1412.7491577472645	13146.910964272098	1625.4622419221705	611.4964916150352	5811.620862229163
FEAT00206	Feature206	protein_coding	2	348.9879256206084	523.4013338748965	10011.390612628453	110.03038808275717	9889.256923280629	1363.6772800950182	566.9569919335684	4115.851464163724	7990.600957448769	1003.0139245652795	2016.8698534598818	10692.16926811598
FEAT00207	Feature207	protein_coding	2	9875.19176286283	2508.2183054345765	737.0652937701738	546.9841213066696	995.2858481920554	8761.350291248917	7373.247579788975	4634.402751710771	29596.03436310131	1662.000982831437	1452.8931253154692	1442.0627349756921
FEAT00208	Feature208	protein_coding	3	71923.84876941568	84.07491924360556	4574.311928910686	5968.34574381721	3109.6662082911935	148615.06273161125	20564.295320123292	10428.070405439923	611.8389346684569	6573.403039297315	1501.5051523537459	3049.537115804812
FEAT00209	Feature209	protein_coding	2	3983.537198803009	1251.6213382706894	8314.747311014808	45267.959699832456	16533.811621616587	4119.863847734212	107.73974771553164	18083.97781355123	17828.207214077273	2068.632804571863	1279.3494019571685	8789.5539569
FEAT00210	Feature210	protein_coding	1	731.0468019330158	11129.4660916608	463.6549234504019	607.961087337111	2976.8435595321853	246.01912954513733	2912.157819366645	7153.011478081238	313.52015348211796	13957.772918877723	1126.4127716904472	7379.015977178116
FEAT00211	Feature211	protein_coding	2	4188.73244191476	1349.690106583	1205.895921754251	163.11159349886913	901.4232643800572	795.281085186743	47116.209411489835	16387.82268590005	289.5566845553263	11364.034210166996	4275.235410906789	1545.565778370237
FEAT00212	Feature212	protein_coding	3	6417.390558726989	11193.42731194997	1124.981036211193	1851.612732427321	3897.2034676251405	559.0847534248547	4026.8820919770515	2573.671290325132	937.0467924590532	713.9734501032881	4945.363352119076	12945.084874993721
FEAT00213	Feature213	protein_coding	3	5164.703453508574	699.0412646723581	10459.379080049284	3942.9676790406743	8034.73077308156	21055.476353729315	646.5110171786927	2340.6405824210506	1082.538836664233	679.3596027025161	86770.24204481587	14419.748344862071
FEAT00214	Feature214	protein_coding	1	151.2790080162035	6082.086128412157	1163.3775498575055	20511.69594350715	3417.4434033283073	2213.6507737618535	3775.3206015395526	5667.261618589317	3125.00541558295	2053.065161831946	2355.639341262007	7025.71186576164
FEAT00215	Feature215	protein_coding	1	444.92619520630507	2963.3762331874436	2429.915947351988	1312.8651187520104	10266.717129698141	339.4125533030182	1608.829465836212	709.5096741524593	7442.311559039981	1354.428320120918	3230.4807938177464	5684.922939933695
FEAT00216	Feature216	protein_coding	2	202.86144094852295	6366.439262088225	846.1928535959381	1940.2318630152083	2463.9621054331533	11596.216155496755	10300.797076152032	57972.35012818745	4010.0551395100715	1336.6190911753688	1279.3643621301612	8939.264140535854
FEAT00217	Feature217	protein_coding	3	44083.35236980253	5284.9217503353475	1130.6243050414546	4726.914027901444	4581.266036153894	3148.321572268369	854.949821597171	41.79777784524901	1209.0302463148792	17496.498713313926	4260.574824306575	72.77852298783353
FEAT00218	Feature218	protein_coding	2	3005.992277728587	133.59945046802375	84511.84691250841	4105.710358003439	394.3368241480838	11397.923770669844	800.2076604608341	7660.985052910227	3091.4207648248903	410.18929842534146	9116.32623000889	313.76226825517926
FEAT00219	Feature219	protein_coding	2	28375.221067607792	3300.115185277456	528.7396863834458	141.54237513112855	45101.613263714185	34186.80406836976	360.3067425350667	47453.87338589242	3947.908056617862	2055.0821333889676	2575.5827466648307	1898.134773584303
FEAT00220	Feature220	protein_coding	1	33041.677668083954	3836.836045356836	134.67331418259516	100559.01504287847	13125.952218800385	478.081706920031	1637.4607069549318	651.7143750186079	3223.870432462774	5783.288419652897	4448.50655105159	1090.349502590561
FEAT00221	Feature221	protein_coding	3	776.4885155361115	12379.23747461392	2517.4151259382775	131033.00786757651	767.5273174247036	11219.340339524215	3236.3151306595864	830.8126533260838	29438.851949101296	3669.0470133949907	663.4648185293528	1743.6166970055779
FEAT00222	Feature222	protein_coding	2	16488.157104216614	380.2223393364054	30270.12961237953	9431.748590069374	1866.4317248513494	29186.025288775036	56458.00729613418	8162.14711798042	3971.8134463327033	66666.84127104814	36901.494169648286	626.2340694978055
FEAT00223	Feature223	protein_coding	2	2104.5888219092667	2074.7326329787825	1492.5039184588763	239.3866762295223	13626.002252453358	3432.6526812663637	3520.9189243130986	32018.403255648547	1149.5936936068097	2708.074649004802	4731.454052223526	1437.2301799322618
FEAT00224	Feature224	protein_coding	3	2471.706519865833	10864.936308853625	2937.82385414001	28200.601277858317	839.0517340849865	4191.084420188584	267.6864778503333	2441.3020788004146	909.851156415008	29788.014758899626	10490.625245781215	7048.484737933422
FEAT00225	Feature225	protein_coding	1	67507.40022539768	34243.609375799104	10048.626292200592	927.4796427996116	257.99940738452995	2834.65174803288	1632.680689281107	996.7983633560018	1822.731920207402	180.92790730857567	37259.31109362136	431.5724452573378
FEAT00226	Feature226	protein_coding	1	954.5159718190629	7832.435332867184	188.62252001005268	14216.92283605709	14632.145917022173	1754.048011270567	478.5755152183857	1333.9424244185898	128.83925793319005	31476.39904271114	3268.537586931308	853.4922133539854
FEAT00227	Feature227	protein_coding	3	637.8726280231281	7901.420204484428	38354.36928906004	342.02614143173946	1122.0156929325735	149.85762349323207	9408.478789392408	3890.310730433263	139134.13088322198	2420.236611909866	1420.130338806596	891.48285087867
FEAT00228	Feature228	protein_coding	2	12737.814734685584	186.24983721941106	10699.878078172755	4538.573388065281	1260.1449566672568	640.4907578991867	17982.04896164133	71160.45410491384	1394.1842934847111	7350.485847008693	58178.10127828772	1035.3884778959884
FEAT00229	Feature229	protein_coding	3	1939.8285894995856	371.8938725926686	2316.553617168463	2593.7716392385446	1459.494336485244	843.8895099947188	199.64626452233134	299.7034259263618	561.730296788207	8915.431004636563	1248.8704711570383	695.226897552239
FEAT00230	Feature230	protein_coding	2	9153.569642592262	7801.528135775471	820.4505965936476	1020.8180218771618	9228.843161091332	5566.531601739259	713.1489985998484	4499.34884676449	2834.621276790184	20077.122151971562	674.5372920450837	13527.023323359283
FEAT00231	Feature231	protein_coding	3	6250.628778267021	529.1793664290828	18160.816553046716	14168.290425819445	310.5502083841645	89286.82921944828	416.99022820311876	615.8329505867895	1713.530737076533	11187.990554589403	8110.7666755582595	2533.3397936690985
FEAT00232	Feature232	protein_coding	3	31192.014189436046	5978.831690686072	32846.59541210699	379978.1410708344	4158.403559632784	35.38941120831298	1367.1624278724084	466.7293797793875	3494.0903011459477	3527.8197205539686	358.9729758463871	407.1092646614476
FEAT00233	Feature233	protein_coding	2	1889.8487638437568	2122.5711788365356	33.033322864153575	16045.759891275327	3145.154600821529	2929.8825115248783	4984.559774213683	505.45353834925896	2729.4444603797097	18048.436366415284	19326.60281936737	6648.318860303119
FEAT00234	Feature234	protein_coding	3	1835.1878366562019	714.7303212453061	29614.77677071523	7424.775860061949	1426.8825578353217	67.80922530227117	653.9043813448535	102.901793730277	26261.30957689048	4141.853002794502	810.6004746078752	1836.659712884708
FEAT00235	Feature235	protein_coding	3	281088.10832405224	25077.039983453025	282.67944535223694	2369.6089686092723	343.87485276133737	144.49629758095142	4047.290731264635	207890.38807316535	46418.250714149865	3218.972061539979	1537.097277231459	4250.128094959914
FEAT00236	Feature236	protein_coding	3	18446.997909530863	226.77069634220476	110.26225607005792	82409.34081608598	4887.959440391218	50881.29580679155	4536.571031089077	40615.28132526801	1010.8610594977059	7192.1971856251175	46521.31034190692	18191.131695254135
FEAT00237	Feature237	protein_coding	3	1318.8438952564707	14561.940623245358	916.6382754398805	237.31320067274666	7549.032790612389	35795.70118076595	13487.703479622114	318.48767299266234	13981.85422531623	9979.577239487433	1314.9755490546588	35.66816396835779
FEAT00238	Feature238	protein_coding	2	18179.657029815615	14458.79198056788	7229.831194168929	136.20851545786962	209.31787775358544	18129.510850724215	12485.985949485836	7202.1323251001795	1918.7283266333307	6023.293306788673	1132.6034157368297	1705.848369389582
FEAT00239	Feature239	protein_coding	2	632.9761499982384	4726.6076571600715	1411.2017564683763	16358.174641867112	10808.0485619242	696.8468585347009	79801.60817346458	399.71204464800127	6674.486274602766	20749.11567713011	29596.47649545905	57.142984922304784
FEAT00240	Feature240	protein_coding	3	17930.208799646138	26553.094624606736	39333.645008970605	55.12654047497689	885.4060204040285	2496.713564764777	1339.0149372385113	33091.02274757505	881.0851312768614	27075.72091795294	8170.234387126236	218.65998749665587
FEAT00241	Feature241	protein_coding	3	501.6010005386371	1282.8765823132674	3547.1346621300145	17777.252716796633	2146.8244542599364	15289.916722574315	175.64622170252937	12.347462635854345	1625.3542578707418	6803.009152211636	1556.0528620165833	484.34194480636023
FEAT00242	Feature242	protein_coding	2	6375.225989252134	96693.58331187298	2474.6894747442198	806.8872954867642	650.8052695287543	102624.69388078459	2772.3056259462173	8972.432867962338	26796.11076431922	20721.368420290702	567.0706531022147	16661.477923076665
FEAT00243	Feature243	protein_coding	3	13614.709928838227	7191.328786494126	18348.55790465973	1085.404866462086	2607.643599373639	1159.2500966872863	11672.145466416167	920.0643408328541	6051.121721643044	416.0306376892764	2393.2385282705736	1554.2043597604638
FEAT00244	Feature244	protein_coding	3	2426.9691125218847	3786.607576800439	2141.0174681395574	2008.1489503888426	71.7745905461954	21796.587234712697	970.8061726797341	1918.8034261428634	672.3595024079253	18008.032936090225	585.371262819341	7389.254722612077
FEAT00245	Feature245	protein_coding	1	24858.452218284543	57636.136693554414	25305.504581907182	9092.587825236355	345.5749274792633	30436.54921030837	25328.20271329607	13499.226325993672	12681.197407291156	3438.2405484831925	1187.6643332504482	20958.83748758922
FEAT00246	Feature246	protein_coding	2	29637.613227550053	465.15768521181866	15563.51126400743	4691.12466338312	14843.93764692123	4949.257695190887	22267.460445312456	19093.19445345963	14918.586960561683	255.97382671030348	13332.73680096149	3330.6163281981717
FEAT00247	Feature247	protein_coding	1	404.66552396625485	10846.175507537948	263.1831422074445	15209.735801984489	63702.59946500389	1245.683621263674	15935.590484021192	6892.1937460920935	9855.475767152497	274.03934884159366	9171.600886704857	3921.370643115091
FEAT00248	Feature248	protein_coding	3	11595.191263238274	3141.1941291193366	21958.162487301655	5061.817054996162	10450.928483205607	35839.24537202916	4308.638000651956	18370.588661489735	4679.900888653941	7924.533383315114	1221.9572800257672	12463.01516411943
FEAT00249	Feature249	protein_coding	2	27860.21189536011	2709.6737966467035	12900.203909113783	6734.068710831053	439.57385984992237	5891.605777330565	32869.842592611814	1328.0136922349552	132.84535021906814	4535.919403050732	1006.8126579725093	91787.11067234032
FEAT00250	Feature250	protein_coding	1	2938.023292782226	3134.5599067317044	1036.5220850975975	4929.063290059923	1164.4137275168941	639.7805198794241	2836.5636985568103	754.0058977020324	32752.84071886669	402.0418877153516	2785.6029698539073	937.9921067339496
FEAT00251	Feature251	protein_coding	2	275.9691703928994	60092.308621831064	77.11273624862196	41521.943567336835	261.6732033967112	3724.0083969185575	173252.7199604595	73.94516194632762	281.1405470039741	32229.125421600922	4311.777522171343	1210.4446701584438
FEAT00252	Feature252	protein_coding	1	3001.642082040293	578.3815292018712	3942.255297029195	44409.0235410672	1616.8957962171892	4060.952896725087	26561.81248487311	106025.47245858522	1125.5465692765306	5400.217465841737	1176.9422135583093	1018.9234430760712
FEAT00253	Feature253	protein_coding	2	1568.1611360381348	1040.810467787904	149.94446540032885	94.91045198798363	875.4559839484874	4010.7054705364944	27067.329326314426	1246.7510101969353	2365.1598564773685	10188.671288085201	11720.672409935565	2595.3964528189526
FEAT00254	Feature254	protein_coding	3	2892.17374935342	86366.97396719281	1761.4047362859553	1339.127098569699	180.64589206772894	6817.484017415788	1995.7698492056668	92035.89661230602	1760.4395292359106	13292.399408078481	16454.83910155914	57976.95926814414
FEAT00255	Feature255	protein_coding	2	315.53645533357025	50113.4564639026	3251.957843514279	2643.0431330960114	1838.7359317692337	1584.0710828944284	1732.4322181164107	52.101641361995235	7802.815546939985	3546.2004082925964	595.1867007116421	2838.4659745458357
FEAT00256	Feature256	protein_coding	1	181692.20741175362	6202.725654887814	1604.3983588331544	64441.18830927002	782.4584464005873	2422.030332511682	1199.4466592451279	2092.8258127656445	11487.032052869743	8806.412451814438	877.1777981122053	2526.6770440597775
FEAT00257	Feature257	protein_coding	3	3682.8831278092575	1545.5305675978916	2971.8231567507005	892.2038582793256	870.4593700634308	3422.59307717079	516.322500602007	6591.779577219083	2250.805251070849	627.1277480046103	1078.1932077697022	1364.8879369105098
FEAT00258	Feature258	protein_coding	1	2384.497356350943	3854.257540379306	2188.6579734328775	688.6455599945974	38782.783566545266	15394.739234719102	3827.5454385491257	16684.085958140622	5587.09145955185	2003.5262566585275	3657.630037621242	333919.7101558799
FEAT00259	Feature259	protein_coding	3	17884.643898300586	19486.630193540826	1578.997300989587	8992.636213021124	163277.49178174292	6635.403312530444	20537.285948056877	28340.067987615395	9686.54821152018	49358.974548693695	4701.383394669426	7492.191700075685
FEAT00260	Feature260	protein_coding	3	1049.9999470864989	315679.5988522532	5345.969670901957	3812.421971568905	35517.35197249803	1341.7442171404746	3111.340257266662	801.9996941900115	3261.945694770226	1593.7463511377937	8083.610829236742	2514.558397798731
FEAT00261	Feature261	protein_coding	1	1104.3584443587695	1877.153700887858	2547.6472984147945	1283.6168226586965	16060.684750110713	10113.347978624604	4037.068880693541	394.319693935577	7711.850041764273	338.1375287089191	4324.400506145299	3401.9811718248
FEAT00262	Feature262	protein_coding	3	1121.8724574114362	738.5212314544666	933.5223632705829	111589.13846356006	1971.6944430401759	2183.6630230088695	16604.813724306154	6488.691883168968	19693.35836259965	370.5127996190225	471.21664214223335	1022645.5756320582
FEAT00263	Feature263	protein_coding	2	2908.446498809583	1890.9855321340062	4139.087092391346	17519.029435372184	395.9709710983082	5116.915806783577	2976.854574068249	10070.047282304125	4226.416367795191	1243.2784021261507	694.7086248511843	45.5498858605529
FEAT00264	Feature264	protein_coding	3	17110.786663402476	244.21338436046238	1552.497418007553	55954.702100352704	1513.2328039659149	9031.437455357236	2168.0463030089923	10500.639329658989	3288.518720301225	1293.1403520005008	32483.165085598266	1971.0239102606204
FEAT00265	Feature265	protein_coding	3	307.17602224063745	1767.9258857112275	7949.394715740185	454.0158326951316	12199.580248527713	11766.983685144502	123172.96126147699	1028.8370366560707	9817.802418962296	173.53674495578449	1513.5241990671093	3744.6661727573814
FEAT00266	Feature266	protein_coding	1	6321.766367432092	2839.0525024448225	2668.357050228904	1081.3540106908542	1444.9278894975607	5297.690366854486	8208.962064201301	9442.595791046431	17453.624134318445	24361.42525532225	138.538030067963	1266.2189814463227
FEAT00267	Feature267	protein_coding	3	2361.0761984240125	1025.9627034758628	19051.04293043533	11379.22513361515	2593.224720914606	3847.517146326749	27698.96185624405	1712.9631588059028	1813.5389701066024	14934.072993772943	7025.118789354593	36210.73099792696
FEAT00268	Feature268	protein_coding	2	5910.51766477019	11370.224282148167	1218.6892859498112	616.9457340518277	3073.239328507426	32.066496440117334	6315.518388326511	16672.029149714737	3561.869335299453	2134.4880877605387	20374.56021105001	2902.8426478964197
FEAT00269	Feature269	protein_coding	1	16936.649012186823	137023.8990359536	10877.342658439973	15749.275461325122	7318.548570938293	4817.890378942763	5026.178069731856	3511.444767146753	20229.250883871362	193.9923565136179	1971.9408406421223	9696.125855564927
FEAT00270	Feature270	protein_coding	2	730.9043232487038	2607.9148396591527	945.8299018932582	6675.8394053768525	13840.178116297564	38184.95639526226	7423.2942163762245	907.2588108316137	4822.2063859887585	8329.996130418873	35457.57936668193	77.98246174669455
FEAT00271	Feature271	protein_coding	2	5921.555525860278	134.71923751876506	10702.197165467067	6722.883356778959	7380.870575120217	14335.607101969637	6066.695077720255	1028.0918793624803	5721.780030761295	24640.647022828205	2560.5775149929614	3280.8253657647665
FEAT00272	Feature272	protein_coding	1	388.5504972338332	22992.662843793943	1312.7300589467534	872.0319343473616	1449.0908260110612	711.200268059929	2029.7342722842768	28018.31108157847	12224.902381466625	36200.275825118464	40260.39743835819	670.7112550987858
FEAT00273	Feature273	protein_coding	1	7141.185045624564	41125.51628270574	161817.27346611416	274.7351699427757	270.11762023469475	6987.923186286488	1755.641989152717	565.935764711691	6006.746025154889	805.6977829467595	63.24085416350832	2995.708495983496
FEAT00274	Feature274	protein_coding	2	3864.854880828306	9313.124574989333	15673.290456713525	4260.0279035039985	2073.6063764617666	990.4717456740636	183.4315128523076	1464.1155051042342	17244.79082183258	9516.774901817307	105550.66271880783	2390.584767348065
FEAT00275	Feature275	protein_coding	2	144.72542883568678	12852.267529143126	18444.510256925983	416.58077548197724	193.75681465524647	4027.4905706970703	10524.236415350846	451.8997735171442	1727.6956708555897	815.2998469357325	405.76030769996464	321.93282844811694
FEAT00276	Feature276	protein_coding	3	3930.018398463043	1628.6293550376106	974.7355942705121	34.88203426179914	62161.76351247379	608.65967844671	2435.0174550874754	435.77690575777507	5899.643272360961	229.95437250410237	3610.398184597183	2222.2413682383035
FEAT00277	Feature277	protein_coding	3	14869.685278588315	466.4589384675204	1005.3018995117442	2045.1613110497958	111969.14503031601	243.22732393470136	5043.714893350095	991.8122619218011	5216.67823313478	9385.77612625418	3887.972416065033	4789.438308184116
FEAT00278	Feature278	protein_coding	3	4927.0438428237085	1110.3216265155052	2100.3769404825603	176.54237750999818	1652.7746041542619	811.4485502113075	1961.5194098476925	10763.427798886632	5852.98241819753	6811.132772971297	20193.51158620211	50.41169255198605
FEAT00279	Feature279	protein_coding	1	6344.793172735294	2904.759812926943	2557.0270512427037	320.46280526572275	7774.048813465131	21727.29988304856	17663.38783971222	2605.2083150959434	9040.704803258393	14709.998597247004	69132.15818702528	24813.541131519225
FEAT00280	Feature280	protein_coding	2	3846.8875315795926	3544.8772143037268	4013.3626980486297	4449.233609609055	1282.9907124648578	11335.197452184133	916.5772503183006	759.3129293143493	5532.521015300277	1122.310816191132	1975.5067960015328	84.87881480840629
FEAT00281	Feature281	protein_coding	3	11761.753064788363	2971.4803597156615	2412.361133236956	6648.831609958611	4306.5408323501615	902.2862104423061	93945.95223956271	1383.1513404747743	15985.032803552665	69551.03177713024	1032.8043299185933	3521.9202469011284
FEAT00282	Feature282	protein_coding	2	735.1397031475174	18199.279286373	1686.39959335292	452.9046711117054	28756.310158632215	14493.127785694729	651.1174909842059	22861.443989735788	4189.233269511455	317472.07478723855	56988.19969406991	1154.064871234055
FEAT00283	Feature283	protein_coding	2	1884.252382150446	663.3705972495432	3761.27747386736	3244.1969800320867	10588.403475485327	3468.736324385515	238.88206374533976	741.672000170073	33915.2959331739	21724.00620413057	2262.868263052405	2364.538056217646
FEAT00284	Feature284	protein_coding	1	2235.493390681298	3103.471115370248	167.0286868992175	13886.979631939319	963.7190094089657	3840.754572618089	38.80806898446331	4460.724767826817	29726.999087181717	64.08454373717083	40571.700735965984	6716.486345459397
FEAT00285	Feature285	protein_coding	3	846.3083099527533	195.5781861340748	21995.070704952213	4669.376130127372	8262.955437793456	1869.9725648156834	757.8354699246509	13310.837147025411	577.800368316691	14035.196170179806	168.64822662513234	607.5500153831545
FEAT00286	Feature286	protein_coding	2	245.6217547851598	28345.461226018768	146.85840538683843	420.2765577112082	9281.287776229417	4420.447442580816	129414.79848404508	70767.51667103962	8621.346240880708	9769.245969444082	128.9947470928872	653.9320697820726
FEAT00287	Feature287	protein_coding	3	1694.126164729764	2195.585683155119	279.48977804153947	600.1790518586425	693.6171096113014	18554.45691870898	6200.641694298901	1682.931312745377	1854.0653884325554	4920.13477088239	896.5883851327517	1893.2339481308934
FEAT00288	Feature288	protein_coding	2	153.81030655041337	9438.717839102623	15587.441180366328	5558.701225232631	6779.056273858566	5587.0934319562075	100103.97169802291	4229.533081325433	305.35700963022606	489.63062240284717	10142.707975306921	18689.109336476162
FEAT00289	Feature289	protein_coding	1	11226.935939570752	12648.336049262962	4104.317766351793	228.97682943940106	876.6801114136297	131.4485512338081	1525.1722695227731	283.4767154916166	3507.246332868223	2213.9425698260375	103.09054806780182	10491.719701876616
FEAT00290	Feature290	protein_coding	1	11010.604031377312	269.1336909015514	3799.7585349375267	10203.379024452981	1791.2849350800873	12957.371662016041	4092.230628535441	18837.40572389016	4065.88476032353	2216.450471131032	7124.649124066822	11400.607633487947
FEAT00291	Feature291	protein_coding	2	4527.798005774445	1352.3289209293591	749.5488003868273	1538.4687243532837	1087.9080397878402	4175.828846163913	3925.1700886072686	2523.5212878296043	2910.299542771002	3932.2787472400555	43908.82931210972	23448.17090795294
FEAT00292	Feature292	protein_coding	1	1073.7250557317498	6049.086619724413	1647.6697849336438	2458.801962308188	1906.2712286094616	984.5893913857101	274.7149598874665	40.70949705049715	4108.900240899222	22542.095083453823	602.758779111235	6968.830276157217
FEAT00293	Feature293	protein_coding	3	1482.284214820593	4699.78811773775	714.1778522806783	1935.302520396531	2385.8541920978205	46.620431426385096	4197.313982351627	2272.9068154731385	38.86108768294992	8900.558112915249	2716.7495551619495	4104.200829531344
FEAT00294	Feature294	protein_coding	2	5385.398878237899	1394.5451488707888	443.33922840707015	1324.7032693287035	1365.7020282426022	136005.56737357954	70708.73509000798	1226.5197927182014	1394.1642620560688	5012.546962798094	7640.559112678189	856.7005727171959
FEAT00295	Feature295	protein_coding	1	500.10086843125015	82678.10985461398	17943.02542114662	190.46079645615623	131.5570265834825	674.9925139457185	4175.717177371543	7386.557461279215	1569.7308729664771	169.8630109375547	4163.073775129084	8113.914203323618
FEAT00296	Feature296	protein_coding	2	2830.987991186298	1194.192350623948	7733.120121312527	2565.974662146443	399.8469895992051	3336.8897306414037	294.65856971158775	15236.775697962232	6417.099520763894	495.6345085989256	4094.9435203454736	25195.97831321736
FEAT00297	Feature297	protein_coding	3	66.38614650439828	2212.5215612816705	50424.12477667178	186.62197655793844	2106.902829346484	232.78665694700047	2508.5030166866864	41.96409311126	164.08626014558658	1099.8367929120843	3597.5073373675136	5484.248514502624
FEAT00298	Feature298	protein_coding	1	5954.7525194318305	21212.776899740158	9619.669798870002	10325.237527885674	505.08552179291615	2144.6157483275747	762262.6882877803	152272.63931800087	12137.854874105631	10380.594172051684	16093.008490298917	1387.366215240779
FEAT00299	Feature299	protein_coding	1	89083.17117767199	1457.127360030427	2444.3856290828867	131095.18090840927	71.97763467608479	5349.979497285529	135.09933716703478	891.744903399715	2402.408997351631	1516.3577770672211	3839.0665455705475	727.3842160033078
FEAT00300	Feature300	protein_coding	3	2352.6457979043853	346.2886066368354	1423.1482980151125	242.5258603576734	9020.879331515716	285.4149239147444	9645.773908530655	1356.753887376425	1649.9822176314497	22882.955700820337	3422.5917485967034	98.0775510671137
FEAT00301	Feature301	protein_coding	1	6853.309259397423	16.416623302290947	4536.999745042956	1386.6166150817216	235.34436273340924	3249.3787612067144	1633.6379096962862	99834.86510505094	1295.6630225172319	89338.87902049358	33068.36631271204	952.5786050950232
FEAT00302	Feature302	protein_coding	2	660.7826554252158	29645.37392720412	2216.6233134921054	3754.8080952719447	1794.5970731969828	326.9479670487733	1453.8430451471802	510.3419153631513	184.15849538669403	1673.67365718263	68211.05206055703	50604.55298628243
FEAT00303	Feature303	protein_coding	1	2529.3294644800458	3599.0910973390382	7058.414880765992	32059.580498103664	4989.813922324218	1203.6473895309923	1403.628568099256	21428.3990758425	297098.23013806343	922.3864655899581	72.07854031146802	12045.415420822834
FEAT00304	Feature304	protein_coding	2	2463.9346675734673	3623.7135674066694	25867.36191786402	3191.160407776029	263.00826013773514	84.09299308672367	2597.0720900547917	355.3358003998271	4753.920634795853	288.3895560238434	1504.098621645556	202.67567893333143
FEAT00305	Feature305	protein_coding	1	1476.4264801297095	1271.1603013848003	8223.534881191918	31466.270424723392	2036.4035703596276	603.1070496592865	94597.00008382137	5432.9729749404905	8486.480184121021	8447.264393056776	38559.704860786886	17356.63828153238
FEAT00306	Feature306	protein_coding	1	9575.292375933954	11241.016609331586	607.9625485870332	952.6253658839935	2346.3420553537717	3359.5462491147064	2938.885598956733	4950.076665366526	2982.3531778153842	1319.8891444536814	154.18288878296244	12763.594777718337
FEAT00307	Feature307	protein_coding	3	8172.7543839198715	587.3717629398567	6954.433229849951	5781.542618846008	3242.968104200394	104.70660507726804	326.372574030179	967.4820177202231	51705.431396191234	608.9496319799672	1526.8727011925591	387.1155375245989
FEAT00308	Feature308	protein_coding	3	1175.4881392198179	5265.641172151296	68.59377079280746	17.41091496839983	9350.70492310128	3030.001804836708	959.6845736130625	16229.081028347728	16283.643312555083	65.7783998418101	2104.592335633175	20846.66290037495
FEAT00309	Feature309	protein_coding	1	855.0472175929038	1618.9749212704369	15793.764238011272	1757.073888995518	330.79841065109434	828.0535664254044	262.3582731543536	7700.536960395248	128.1320817762134	17226.802494887703	147.58164425946842	3083.849349406076
FEAT00310	Feature310	protein_coding	3	203.45050965861526	1610.796010651613	17875.184717389424	21400.948531514205	29712.471301423077	2422.7598164377805	3448.332379321436	4318.308184310074	8607.354263717478	1386.3836301368808	20572.491406322762	5106.63343371712
FEAT00311	Feature311	protein_coding	2	22261.531406737246	6714.238830578766	9626.80728679189	764.283194375226	1344.5801743283337	278.22014887823843	1669.7000902914142	2070.756568340971	12792.779482900678	294.9860054864024	958630.9992906216	2282.503995193196
FEAT00312	Feature312	protein_coding	3	27357.820100539007	18461.776533234744	30.466084542118466	1772.7633499889707	40304.06730434869	36.17480449128174	11339.167417870234	546.7100450910652	1227.1060803492676	4252.056530282539	98.80496453144222	4038.7644159466604
FEAT00313	Feature313	protein_coding	2	887.3888391350303	736.8776878838258	10034.766618010679	1566769.851287613	5262.320458225965	7682.34177853839	2589.136254620121	771.5626644619592	4515.984226798061	43591.92532523304	3984.617777147499	14078.469321383294
FEAT00314	Feature314	protein_coding	1	1882.6784543179897	264341.92468462745	145.5590926651476	8111.587622442549	7498.2116155052945	4564.058491664367	378.5777524898175	363.9254799671821	1846.9116290412246	3370.541076502853	317.4024364090997	413.20107513899904
FEAT00315	Feature315	protein_coding	3	7713.5894814320045	18027.2860599192	1023.3345005399605	798.780754011972	758.2621702558989	242922.3962696631	6770.1747891960795	2489.40450183074	17141.66728422144	174598.8264831084	23044.325590465767	213.97456814947432
FEAT00316	Feature316	protein_coding	2	2396.837664562732	1349.261291438317	1505.9294421279142	311.7027417421841	1377.555588101195	395.3114843014599	5135.508385297318	3020.4486462895006	217.64089743018562	128.23701291770988	1171.6397582346829	8995.092518763728
FEAT00317	Feature317	protein_coding	3	6783.041305642729	2465.9307314917382	7.176810036313424	1138.405094240028	730.7059048762723	1516.7443353551544	307.3521980894614	1271.3679803976113	836.1423378659263	372034.9555194341	9879.661882901137	1957.9942289794317
FEAT00318	Feature318	protein_coding	3	2543.6869978254563	2238.5266452623437	3896.4728466085658	1335.2261387984345	2686.4864613045365	17687.990697032503	12437.298782646325	4843.8801032852325	30703.43809872621	4157.723006840225	471.47942291039493	118.27961131246826
FEAT00319	Feature319	protein_coding	2	789.9273402622744	2475.8573295350557	5690.690593185269	19388.75504566006	983.6399239041325	647.7998312904472	11158.412112903961	23228.60515760964	1170.772460985494	5100.178053732928	33221.812895167976	4948.11322535804
FEAT00320	Feature320	protein_coding	2	2512.2069285783027	65.05901330206964	30361.339729972715	8869.28600956475	3480.3532880549724	1197.9964046824637	292.34218215262285	2316.7456947277537	2287.157623778822	20106.94465708126	311.236231328404	37406.01275177677
FEAT00321	Feature321	protein_coding	3	2954.4447540363262	23626.972294800915	481.61837004594184	5184.854526388071	25096.4455364736	3411.3128560960913	195.34972438392484	1528.5678467690138	7288.025233347167	222.08944691807193	204.66115143341528	4240.111032760321
FEAT00322	Feature322	protein_coding	3	499.14604477586096	9474.814032673914	332.5323438461085	101.02761753130335	683.5955832199217	40973.145236132776	584.4710895408399	2747.0134890692793	4329.5841563386675	500.3917533887868	19880.00806788974	3821.793096562342
FEAT00323	Feature323	protein_coding	1	6201.317754156277	133.68737412889112	118.31709898736187	19.311629709052923	1974.043707629022	1838.4376238455395	10246.069379801907	40511.69974482041	1761.4025301493366	1714.3336081298805	6270.851944467717	43840.15286244657
FEAT00324	Feature324	protein_coding	1	630.94500638443	8607.86481694862	1784.8070657963895	1524.3485465977737	12109.724815531443	670.4218070107024	406.28390145325267	9251.177341674473	2665.199690503973	1734.8706287538162	2193.9123636352138	6831.051264015391
FEAT00325	Feature325	protein_coding	2	1432.6418833725652	11089.844675140424	5888.709616531569	40334.87339846529	27330.011516736886	13091.123836452807	1939.1665770726197	3458.7997576851567	960.5558812746782	475787.5364684064	1875.9526165751388	7615.313964661398
FEAT00326	Feature326	protein_coding	3	32374.321461091782	240.39010429986766	632.6031908959593	1375.56665589776	467.1816904512715	285.47685758715926	1105.6046971382598	28771.26776418685	10342.511891731441	2989.759988594114	2955.845672180954	141.09096241581253
FEAT00327	Feature327	protein_coding	1	9852.37293283287	6056.20355363865	400.5619546780397	4083.201586214624	1989.0145019789195	1106.9062971520202	474.41041348551073	834.011330657379	515.6590358299252	6464.330149337486	5438.289677881783	5035.280041688555
FEAT00328	Feature328	protein_coding	3	2029.4920718518583	1352.8774152289873	111490.89279306208	98.69412577445915	24320.05737569736	5333.375966440251	3195.9848579438667	1128.8944048991286	1903.6029950234524	333.7567170643936	232.27405362386875	2309.671333749337
FEAT00329	Feature329	protein_coding	3	143.2756761348571	12801.808302006417	21025.46395155019	5.775017440620475	172.7046959312489	4614.195180001625	4141.706296365799	3457.1139149065452	6047.2358575591015	10851.90095394121	13459.07630691296	71039.70244643078
FEAT00330	Feature330	protein_coding	2	2974.0126713835925	13420.171435274699	152.76938831723962	2239.5189295568484	315.9981220546946	34869.6068069876	190023.16046338016	7533.062408018998	273.5768029460819	2321.769195926871	2999.158657683875	4068.1862136466093
FEAT00331	Feature331	protein_coding	2	20221.39385693529	15862.76371092858	24.180721673065946	33349.69611009382	1166.3913710385523	1042.3473672399177	36531.1743557833	1764.48417774673	242.09895502481726	262.540197901744	3166.9302935427045	14621.4696836234
FEAT00332	Feature332	protein_coding	2	42567.1774602858	2100.3187847266963	1229.379026906308	53052.33653484333	1253.9826244764874	39431.71656572917	4359.51879472922	4381.924871089989	1872.0034676342752	4878.594418922264	1239.6203794701826	842.4383838753182
FEAT00333	Feature333	protein_coding	1	2242.2737846583495	887.4434773247519	4945.6800049865815	3335.5340132904266	1784.6152688709453	1997.3157705529472	1896.1970202378845	65441.345613975296	2813.9974524454215	982.3174896197985	1679.8906131081633	9423.61083057711
FEAT00334	Feature334	protein_coding	1	1993.7557188847413	2180.5585401252197	1803.1572329568264	3845.7714617477586	5774.850637225438	6352.267543613318	150.58918861218018	418.8197278292859	25.239858543242626	12082.432155188133	20982.216487859892	29637.17058541724
FEAT00335	Feature335	protein_coding	3	3697.981677754119	22565.393812469432	2670.900231012493	2297.2476906200313	178.53155821871928	698.7066768184865	984.3866185864589	14895.433090785345	56420.26099823157	1228.307206587055	5579.146926353145	4688.7855945149295
FEAT00336	Feature336	protein_coding	2	709.815456240907	129.056505618087	736.4340158155136	215.15146483876177	1616.0412765185786	2209.921459030516	2058.5484540414927	2105.6566157351485	6793.442148975903	533.3384637250956	14055.89596697453	140.92151432240158
FEAT00337	Feature337	protein_coding	2	3182.7862940950495	5720.436196097412	685.1900655881783	161.7552101718059	8952.225054822531	846.6431518936283	11575.224460718166	11298.006352069882	2809.55254446903	2831.0172982534796	16732.51021833696	5581.758422214426
FEAT00338	Feature338	protein_coding	3	530.8290213834354	3836.2410086290706	7673.46477319351	4083.1991337787017	3987.472814472052	2178.070753749624	2294.165598741768	529.7437879533985	217.74198973802734	21381.491266203993	905.7313566695275	4227.280978006703
FEAT00339	Feature339	protein_coding	2	192.25482594524274	3769.1788145058076	643.5180507155114	580070.8856601755	457.105465611162	502.7675692467519	15366.939908894721	21767.446557903837	65.09815504791395	4476.237098053154	13679.4642976937	316.71664740975433
FEAT00340	Feature340	protein_coding	3	9643.552680860526	1102.5002200428028	474.4083384639211	1512.166663725287	1239.8060613599628	235.34055812344988	155378.09681031745	1253.922389307648	744.4516093551213	13055.460416333357	2486.848611158801	30779.90482742873
FEAT00341	Feature341	protein_coding	1	1755.275274504438	5307.6697156351665	3343.795067226776	3812.9737914204884	1950.1704293982484	2348.3736898702455	56675.404291598636	838.3384898475616	1065.5261805985506	1530.8173012499094	7844.3796638623535	5795.515623743141
FEAT00342	Feature342	protein_coding	3	15049.655732375108	258.06988175996923	4497.228057738237	2065.182651292601	1696.3595104401054	3791.5525356962735	84.02826465638866	4608.092603879227	3662.5387336666963	220.79336418277447	2387.6077958445435	44985.722056457256
FEAT00343	Feature343	protein_coding	3	1415.5335503683027	8155.10593597135	1892.1445109994413	664.8307252665438	547.3590853385923	1392.6100763437832	28797.37575367163	12142.467367720028	803.1722984769553	16804.956602150556	2253.519809828411	825.2889279015751
FEAT00344	Feature344	protein_coding	2	6099.651762537233	556.907393852104	172.29006355103058	28451.164721072528	109.03449632267238	7438.7139658384785	187.09677798019953	2689.0847292996446	1991.463955990029	1295.1655288241095	57.70760338194231	2334.9873714278556
FEAT00345	Feature345	protein_coding	2	2654.6755071241646	573.3981748105359	2513.8361423628057	16618.902029403955	790.2350533949464	4486.094946829447	366.810635258891	5605.911462580297	8863.41732042022	234288.83266178455	14226.839359763228	6141.419346856512
FEAT00346	Feature346	protein_coding	3	34831.4195840706	485.90476949398357	19133.382966822475	1081.1354952675317	947.7906204838782	19959.962543770358	4321.12341078367	30058.34593641355	217.72308458089574	4632.456211738863	1123.50618583388	1769.1854310861204
FEAT00347	Feature347	protein_coding	3	96.91470876128004	15100.52367879598	4158.017269525013	498.4704218237472	263.1509982899962	613.7195501405396	34223.73501235184	2405.323543086073	1591.383587389937	6897.674841720992	2941.4341234903795	4348.482847732331
FEAT00348	Feature348	protein_coding	2	10772.19707351922	5193.632318767403	13698.797592654118	350.1737847400569	3238.088060467263	1547.8206568616306	3505.9394429321974	2707.3463436000256	945.265491507092	1570.6897166012284	15565.084173378676	1098.6234540371656
FEAT00349	Feature349	protein_coding	1	323.5993297798072	8359.626004032321	16314.988219118104	1818.5606647130912	3674.759675832405	668.2240086042061	2054.0850528097085	20769.43944353388	12129.891645786925	3827.881328508072	1815.12537404536	166.41118805216774
FEAT00350	Feature350	protein_coding	3	5152.961353738896	6635.122126267374	19012.87672282266	103599.00441919277	5758.047768127421	16034.71234102588	414.2956232817706	24858.178609841532	13722.303750077019	32868.40864964724	9779.076048702073	6611.290611892158
FEAT00351	Feature351	protein_coding	3	40315.314776619416	926.140332282161	9282.45250294704	20125.184778025177	750.9060642940179	394.20114269574884	6429.378242657516	3733.65692658252	8762.523032706558	9340.109199160355	782.8528991602672	5460.791371954918
FEAT00352	Feature352	protein_coding	3	21898.45861677275	1619.699813095667	1834.4108104459913	418.0472007154797	12721.760218119256	93375.58938121684	274.3567461939092	11578.671995263925	14835.689663546107	1138.7614898571117	1584.1360602538186	486.62949982332145
FEAT00353	Feature353	protein_coding	2	771.299735628594	4082.3010440588037	9595.20970361567	3752.024070902444	13719.016150643696	4384.053149087567	393.88378033608217	39138.30218423689	24517.171881719965	882.9303397025157	68875.01856953354	7006.760810385761
FEAT00354	Feature354	protein_coding	2	3882.284723131618	89090.99266105134	38.49724465304432	184.464174637719	10746.196812833063	2008.4524025855133	587.7441669841191	43639.0737726059	7287.400556133551	330.40603566023844	974.5341736315701	13695.544112198044
FEAT00355	Feature355	protein_coding	2	71350.76133399388	92.58559877076485	4830.706578305966	1595.9892243520032	145.45275872435437	2332.4417547521493	187.53789720641663	1218.6476627217653	53555.439964920806	7718.340636805817	12351.014830368973	8983.466155940041
FEAT00356	Feature356	protein_coding	2	5848.938181550126	17321.89684006494	406.41187707555815	1673.821629373653	14085.826106772709	878.1600568357791	1463.134450620727	26302.023568228138	46759.65521890673	1092.8660441177608	756.5041711956304	8845.057176477576
FEAT00357	Feature357	protein_coding	2	5109.7702100605375	974.5420126502994	9068.66845770675	8421.277189647219	3673.0545344519855	556376.5110867957	34729.48201995813	13357.83475145533	19289.78258332255	580943.4242831235	22000.400426297987	904.6592187963423
FEAT00358	Feature358	protein_coding	2	5627.179996007789	3643.4078247621414	1181.3512557290221	5061.420026998492	4986.231599265839	2907.105060060791	1363.9667572644862	13775.59804161528	193.99954341359702	13675.819883502762	3266.4708329856203	5207.957534564752
FEAT00359	Feature359	protein_coding	3	49.233508991478416	61753.64855321382	153.07775262626052	702.3626323994055	9978.407971774479	1106.8008205541662	1570.0355636602737	63.124220887499355	1492.3189668728635	4675.273041102835	10635.141681203451	1942.6441535978497
FEAT00360	Feature360	protein_coding	1	4736.949362252825	6968.757926770508	983.1849576739693	859.3632246568027	101945.93506914872	720.4630314237664	28300.450849417895	3656.2747782450274	43241.310545975844	1047.3056117020578	8037.468530852498	5788.346811195053
FEAT00361	Feature361	protein_coding	3	2164.83117073392	5584.372544838883	833.9303267938327	2804.551427891541	1598.3797485831649	12367.735503984044	2753.4452935532067	277.3382243763686	1678.0029241071625	2718.7516358220905	657.4106016915432	33800.546698587255
FEAT00362	Feature362	protein_coding	2	6599.903234458261	14296.749581239115	839.8211585976143	1600.2917987045357	19151.570906756482	258.2476773866451	6184.51480239949	3786.8216493956566	1337.6565354638506	3793.040532185848	484.02708622655047	4806.74146117565
FEAT00363	Feature363	protein_coding	1	377.344563650023	339.47722286999556	38220.64665406518	936.8267632539884	77.27730215257789	18077.926835626826	826.3063713579094	6.409871669011503	2921.654101886733	16658.010081951325	6024.087530943269	67634.20531374266
FEAT00364	Feature364	protein_coding	1	2592.7779129642254	9326.147215584162	544.9967299796001	4321.105858679326	48548.210945785504	7896.852283769152	4317.699455912368	98.12123034038245	1662.737964616316	331.3028577782368	12813.879927210633	876.3589378047536
FEAT00365	Feature365	protein_coding	3	6144.123600503491	550.3681052494444	91356.52938826497	406.50789483484425	4135.695378177373	340773.1582449693	4744.02714289501	691.1902403062361	9630.988735813798	18790.529251360316	15166.882982496762	98.97333277398391
FEAT00366	Feature366	protein_coding	3	4760.260838204623	74.81197368478406	93837.23906415542	3684.07480171699	1433.4169201773161	10705.958937874753	7712.463672593654	396.69902313504844	58016.13089093631	2111.3833448656387	143.3156200495311	39022.52512548426
FEAT00367	Feature367	protein_coding	1	49486.042354460646	30210.837932723785	8617.943481848459	666.6912211989237	17212.080929112024	88684.90904558841	13855.376630471274	56112.82446088704	820.0831622632134	19975.63752807171	17264.461765988955	229.92271351955492
FEAT00368	Feature368	protein_coding	3	180.3847955711695	905.9071873000901	3773.448013603156	7316.666047267816	2185.8393244280833	2909.4559521397787	2673.009308217505	3823.9049967543488	9262.853937465721	7919.011033513629	2967.6613820373564	5194.8965876497905
FEAT00369	Feature369	protein_coding	1	1464.1985070592539	13557.35705982317	1331.781801533492	61227.720718065524	3139.5827058212235	5345.360547135905	843.8646671257115	1770.970267679084	4399.118305713585	3391.850915463983	1081.1056909544604	412.44313831120945
FEAT00370	Feature370	protein_coding	1	3523.6093232238413	4317.840443727528	8747.816825947077	30425.37677862527	1878.011130183092	92.9591852698069	2541.978844220742	121.27991463315637	329.76345583969214	20700.696943340223	9043.534763712212	1038.019399331321
FEAT00371	Feature371	protein_coding	1	1055.1709864442475	2802.2514848801075	142.4016126491783	7760.10406172092	1761.2311270351504	88432.34645449488	494.03490327268605	19807.352946359882	972.0151596033566	20434.376619033035	570.7578881720565	12250.863392112076
FEAT00372	Feature372	protein_coding	2	1497.6735503041637	752.0524037227665	2516.8181297429983	7729.433675431742	6798.534278104599	55691.915219081704	14356.296390133566	29.32512313542459	1608.3014914288437	92.85341435254796	1656.9848500942821	10081.964486880564
FEAT00373	Feature373	protein_coding	1	300.29334375882723	397.5441439093372	4271.408890790348	1967.5189137298341	56359.216947865636	5881.540592710733	8570.596266190827	76024.80729492998	1344.026865582991	3293.3726151613578	557.2021311626415	5247.327104655727
FEAT00374	Feature374	protein_coding	3	21140.563096657163	38473.41028369509	3097.3627011039343	923.5916697573435	836.8912895955175	271.05868638382964	4115.840151090031	37956.92800960234	47.03745353100037	66.73575812328015	41036.46372251875	184.3473973900565
FEAT00375	Feature375	protein_coding	3	6011.064390796484	346.23058323682966	13532.595293449584	13551.488921758748	4505.158647499931	14656.412951146554	3645.922585191898	9177.3149182801	88365.03190038267	24007.31757330812	1023.3461171344289	789.101214068915
FEAT00376	Feature376	protein_coding	2	2177.591666124611	2216.9151869278326	3807.233535178962	1130.910036744511	10830.136028297742	3590.513994582308	6430.004257914141	3401.619241350437	10153.339143699264	391.4083696623532	57720.9948220283	6281.734456717512
FEAT00377	Feature377	protein_coding	2	7567.396633562068	10129.888044865762	23632.154239997348	12706.333685105252	5182.984435986975	2443.0434025896584	176.06014449694734	4985.512782043199	1934.805778376718	1931.9800549283973	256781.98195156862	119.93170095435477
FEAT00378	Feature378	protein_coding	1	3762.3880278005563	30149.599116406564	19196.150026013143	31724.728675920232	348.6467107526924	605.8384251206286	10406.270820138618	2007.0934868850684	74432.98184424716	5165.703543980953	4877.910426982907	7585.199389486537
FEAT00379	Feature379	protein_coding	2	2106.2953513203083	4259.890814101006	1021.8453942875861	3221.4409412943573	1444.5097029910237	5470.254197274958	269.72813932420866	235.75499356207644	7904.789987418416	5201.139475829881	610.9641158815188	2303.348490185289
FEAT00380	Feature380	protein_coding	1	524.9639581646333	136370.75937889467	208.38167375612565	75772.32194418089	789.6712177585467	7415.816795537522	2167.9299454936745	1753.4045399169245	18759.8668091928	15115.559488447063	2069.7078476432307	678.8113514515225
FEAT00381	Feature381	protein_coding	3	145356.67864834823	43645.23093749157	4499.364830546724	2045.252372177145	5917.83105193851	4049.8527607947944	30085.137246453007	615.0492221923189	3629.8393038536374	852.8452984212034	36746.76680184361	89798.57802767122
FEAT00382	Feature382	protein_coding	1	2968.325753987815	9244.649705205275	43993.025484522695	2042.8741802747859	652.6279552329754	22781.046838916285	8719.757869890806	2413.410930041372	48606.306247569155	5365.418634386111	142.37191043048728	6544.816948997283
FEAT00383	Feature383	protein_coding	3	3154.0404041257348	103606.67114684725	3407.653328106093	2422.2301480591573	7709.8323545729445	5459.584037577379	278.6503084277354	4358.19659653729	1948.4668500557084	44045.48975883928	264355.97421003255	470.4089140288297
FEAT00384	Feature384	protein_coding	3	618.4282026923687	772.3427021720054	1078.6178516638886	1015.5099221419762	3878.2614914768205	24993.626287548494	338.4823531545316	220.74810081556151	127.76910715878694	25744.509020280904	38384.191339708166	222.48459471287333
FEAT00385	Feature385	protein_coding	2	186.99946962641545	4455.978509649961	25205.64801156704	21907.98755805631	4996.839704434363	12040.76058312864	6358.685101295141	1300.9501103043012	109587.92886363302	3522.2895675505856	476.84328074281535	1520.6764687253544
FEAT00386	Feature386	protein_coding	2	219.9912759180046	3639.7264525554697	25425.045078461502	362.17119764023846	26881.05000671445	153088.49691351337	6984.448186093303	439.4440990811648	760.6098821706017	1934.8098681250447	351.5197158552277	372.25873579036255
FEAT00387	Feature387	protein_coding	2	2214.5871837743325	2554.6410918201973	10519.886631271298	407.56917018777233	102953.169614765	23910.032845494785	17580.27365745329	1094.8549510845066	81085.31164048998	1906.7950872383678	93031.06790393626	24347.7704306538
FEAT00388	Feature388	protein_coding	2	703.361592462001	1560.8513468360516	102816.351078503	21480.360265866537	2674.3657962528573	5109.559850297213	5059.446198493578	879.5107147979185	2467.2922715154473	1077.8326074106285	1634.8730434255501	8202.257092197295
FEAT00389	Feature389	protein_coding	3	630.5629740169511	13099.03152636051	4313.3360333930295	13985.582356696541	17573.90860609995	33453.47759578025	10981.429120003873	12660.796238585513	2558.3154473495497	9872.886424215967	697.8154415641908	2270.101294786147
FEAT00390	Feature390	protein_coding	3	13654.038638416143	3221.506223697021	7905.963534886953	526.6084119328357	41677.690168745576	1250.1378116486396	7219.893301613494	3395.1163925560227	19021.764868885224	1774.4297932071959	582.5126901387256	115.34415814663194
FEAT00391	Feature391	protein_coding	1	2034.888386198626	410.36852495186525	9278.813226514018	47647.18386547884	63.83460146392522	345.2206520389643	6175.792444303003	32803.4092934955	6138.291700801511	6346.282147193057	8810.910079428579	9985.378451058159
FEAT00392	Feature392	protein_coding	3	68711.7875474091	10682.469713738285	376.33023266271283	1506.3096704211453	5163.564785687619	816.46794406028	2206.4723388711095	1367.592339742213	996.3508642642165	12381.517650666838	1749.0358477397908	490.84673345360636
FEAT00393	Feature393	protein_coding	3	969.8584108828829	3781.9511888398065	160869.64538272345	5639.345336562969	51720.91926714129	8642.209217646743	72.4757897196451	7009.63060712482	756.4045254096061	304.8815725035439	502.7472196572853	89832.53530766275
FEAT00394	Feature394	protein_coding	1	202.8689918358875	1149.8208927666492	28737.54047752866	11760.657052968263	159.44510146163157	2885.411751396073	1385.5338572215799	2475.9776081441964	13762.194703496814	1241.2618894547181	1974.1447145598743	49587.89827423695
FEAT00395	Feature395	protein_coding	1	124.95162750817899	1793.6380440153991	8248.58864976092	368.0816136359208	1122.6706511266837	325.13051580065303	4664.409179081032	1136.8199665872578	14642.917839730186	22383.33080445546	3823.694049761475	1765.9984106315774
FEAT00396	Feature396	protein_coding	1	5635.011379947281	3900.735285178023	386.6491324410949	24514.16129445788	5288.5463761240335	14674.945050981103	297.08557261541773	17209.39198709413	160144.0496298228	10722.47439178058	252.73622768311301	3749.1656532123834
FEAT00397	Feature397	protein_coding	1	3149.6990027397223	5205.830632634076	2293.004253726337	8612.099792649264	1506.642332971789	5312.401406633629	1002.9625406279755	4186.944122970399	21304.419519303494	1435.012200689792	11733.174138913844	698.3505323100231
FEAT00398	Feature398	protein_coding	1	1778.3711726341896	2274.0857772910754	33578.18461119582	868.5045133709793	31886.441165293814	243.83616035461262	2617.505370002699	18297.331405048884	12325.834970808117	556.6368912390622	377.43136194060327	17152.178646643348
FEAT00399	Feature399	protein_coding	3	351.69333480498494	9981.85538442397	1349.8658368105416	3408.816655897619	233855.7113942964	58222.0672203922	16004.270012542927	284.1536476430655	6214.422297285796	3825.2646057753877	2891.8523606785325	39469.49661363269
