gene,log2FoldChange,neglog10_padj,padj
SPRR2F,4.987228,21.47477,3.3514288201824937e-22
SERPINB4,4.821357,15.97625,1.056209331217468e-16
DEFB4B,5.692523,14.57646,2.6517953211369555e-15
DEFB4B,6.012005,14.57646,2.6517953211369555e-15
S100A7A,4.224586,13.92028,1.2014895559094403e-14
CXCL8,2.484076,13.66532,2.1611255607697503e-14
PI3,3.994327,12.76111,1.7333649079274426e-13
SPRR2A,4.611145,12.67049,2.1355512583662517e-13
BRD2,-0.25368,11.92791,1.1805652619811891e-12
TCN1,3.110764,11.47045,3.384932400975112e-12
TMPRSS11D,1.666579,10.5488,2.8261811798101582e-11
S100A8,3.845691,10.444,3.597493351557416e-11
S100A9,3.784066,9.747928,1.7867837742596734e-10
SPRR2B,3.721239,9.417447,3.8243092153661977e-10
S100A7,3.475869,9.080567,8.30678557375999e-10
HEPHL1,2.459186,9.078709,8.342399817739685e-10
RHCG,2.691188,9.059071,8.728286636023507e-10
AKR1B10,2.054405,8.940334,1.1472709580004408e-09
SERPINB3,2.494015,8.934736,1.1621548527195426e-09
IL36G,1.552939,8.868234,1.354459426316988e-09
DEFB103B,2.374998,8.456371,3.4964635084698324e-09
IL36A,2.359507,7.781017,1.6557051513670356e-08
SPRR2D,2.442022,7.647533,2.2514743312740374e-08
LCE3E,2.367121,7.647533,2.2514743312740374e-08
IGDCC4,-0.69871,7.421976,3.784634988050646e-08
S100A12,2.808774,6.899601,1.2600825576375854e-07
LMO3,-4.21125,6.881812,1.3127680549458873e-07
SLC6A14,1.573309,6.665926,2.1581121013457672e-07
NOS2,0.669675,6.424227,3.7650695232366006e-07
DEFB4A,4.766142,6.343045,4.538945833229741e-07
GDA,1.194441,6.23874,5.771118607756212e-07
LCE3D,2.090027,6.188178,6.483686386173409e-07
LILRB1,-2.72024,6.113758,7.695591388817337e-07
LCN2,2.047403,5.88968,1.2891991188320454e-06
IFI27,2.343289,5.843291,1.434527902585581e-06
FABP5,0.897476,5.759188,1.7410530327611021e-06
PRSS3,0.538613,5.605534,2.4800817697159385e-06
MDFI,0.756054,5.547614,2.8339096495830224e-06
MSI1,-1.06308,5.512347,3.0736400041530177e-06
LCE3A,3.337209,5.500613,3.1578173023578917e-06
NFIB,-0.44542,5.500613,3.1578173023578917e-06
MTHFD2P1,-2.80881,5.392017,4.054926625545999e-06
SLURP2,0.692586,5.242027,5.727604214794969e-06
AL512378.1,-1.41507,5.012328,9.720128358261511e-06
IL5RA,-0.67948,4.99509,1.0113698436802687e-05
RPS3AP46,-2.97808,4.937378,1.1551064262792412e-05
C10orf99,1.367446,4.834737,1.4630629076978186e-05
KIAA1024L,-2.34149,4.735733,1.837667776306774e-05
GJB2,1.377958,4.701058,1.990407502442998e-05
GCM1,-1.75724,4.698211,2.0034984002770502e-05
DPPA4,-2.63627,4.697949,2.004707430024659e-05
OPRK1,-0.55557,4.664154,2.166935577320647e-05
CXCR2,0.521584,4.664154,2.166935577320647e-05
PSG2,-2.42637,4.594012,2.5467598820367616e-05
CCBE1,-2.30441,4.569909,2.6920988344174138e-05
APOL1,0.910864,4.522567,3.0021542331893244e-05
TBR1,-0.66975,4.507507,3.10808580591143e-05
CDH4,-1.04917,4.507507,3.10808580591143e-05
ADAMTS18,-0.62018,4.507507,3.10808580591143e-05
GDPD3,0.535933,4.489868,3.236920253328211e-05
PRSS12,0.324614,4.48951,3.2395896291817645e-05
ANKS1B,-1.61481,4.48951,3.2395896291817645e-05
FHOD3,-0.60182,4.48951,3.2395896291817645e-05
CD274,0.590945,4.476351,3.339250502510951e-05
DWORF,-2.56172,4.476043,3.341619526259078e-05
PAX5,-0.27609,4.474097,3.3566263536726604e-05
SERTM1,-0.62269,4.465549,3.423347609564818e-05
TREX2,0.602029,4.44973,3.5503404458258825e-05
DEFB4B,3.021014,4.38483,4.122588619059781e-05
GRM3,-0.83363,4.379108,4.177264738479929e-05
CXCL9,2.010233,4.379108,4.177264738479929e-05
SPRR2G,1.953261,4.328446,4.6941179716147166e-05
GPR35,-1.29919,4.319154,4.7956336622245594e-05
CHRNA9,0.755861,4.300259,5.008884299353249e-05
CDH4,-1.72705,4.300259,5.008884299353249e-05
NFIC,-0.51762,4.300259,5.008884299353249e-05
ZBED3,-0.42595,4.29343,5.088268262301132e-05
NIFKP4,-1.88774,4.251072,5.6095496977142095e-05
S100A2,0.652405,4.171649,6.735207808292911e-05
UBTFL11,-0.74016,4.157739,6.954421351623179e-05
CHAC1,0.983456,4.156618,6.972395276485988e-05
NEFL,0.602987,4.156618,6.972395276485988e-05
H2AFJ,0.311092,4.156618,6.972395276485988e-05
OCIAD2,0.443535,4.156618,6.972395276485988e-05
BGN,-0.70849,4.148184,7.109122536233634e-05
AL591499.1,-0.82237,4.148184,7.109122536233634e-05
PCDH17,-0.57809,4.143189,7.191359501407435e-05
FO681491.1,-0.93444,4.110039,7.761774121319683e-05
ANKS4B,-0.85981,4.110039,7.761774121319683e-05
AL731733.1,-0.73694,4.090027,8.12779984226295e-05
AL845552.1,-1.52238,4.08461,8.229813622130112e-05
ADAMDEC1,0.398172,4.066674,8.576814159827055e-05
AC063947.2,-1.12993,4.066674,8.576814159827055e-05
SLC22A9,-1.38536,4.053407,8.842865104060921e-05
ELAVL3,-1.10671,4.017454,9.606075595082314e-05
SLITRK5,-0.73407,4.006824,9.844099619723173e-05
HNF1B,-0.38872,4.006824,9.844099619723173e-05
HNF1B,-0.39483,3.980228,0.00010465789609378039
CRB1,-0.56253,3.980228,0.00010465789609378039
NFKBIL1,-1.37092,3.938458,0.00011522374856818441
PLA2G4D,0.863928,3.88812,0.00012938382913234045
GSTT4,-1.48691,3.88812,0.00012938382913234045
CLSTN2,-0.49559,3.881509,0.00013136842708496075
BATF2,0.391138,3.880231,0.0001317555747989627
UFD1,0.181337,3.8772,0.000132678331072416
FABP5P3,-1.38712,3.869433,0.00013507251924815144
PRRG3,-2.78037,3.846072,0.00014253712672314154
MEGF8,-0.36808,3.845859,0.00014260705129187377
ARPC2,0.158253,3.840972,0.0001442208331134848
PPIAL4G,-1.15461,3.830418,0.00014776854599655604
GRIA4,-1.18964,3.830418,0.00014776854599655604
IFI6,1.80015,3.828718,0.00014834810397293987
NT5C3A,0.367525,3.809496,0.00015506150684210413
OR9Q1,-0.70651,3.805229,0.000156592515259334
ZNF66,-2.05405,3.798569,0.00015901240274363503
TCEAL9,0.417156,3.796746,0.00015968127807047737
CCR12P,-0.56126,3.790532,0.00016198246364164374
RBM20,-1.44413,3.785152,0.00016400156788414497
OR8B5P,-1.06965,3.774429,0.00016810127211589919
AL589935.2,-0.60456,3.762674,0.0001727133866020684
AC004696.1,-0.73515,3.754742,0.00017589682485461106
SRGAP1,-0.89893,3.721394,0.000189935436858755
NFKBIZ,0.283325,3.71316,0.00019357086911287155
RHD,-1.08375,3.71316,0.00019357086911287155
CBFA2T2,-0.35647,3.71316,0.00019357086911287155
SPRR2E,1.276622,3.700266,0.00019940406156489612
GALNT6,0.496485,3.692127,0.00020317627791060177
PLK2,0.3114,3.65259,0.00022254098194113362
LPAR4,-2.49048,3.645788,0.00022605389786056705
SRGN,0.57677,3.627489,0.00023578219151464846
PLBD1,0.340702,3.619946,0.0002399131207477314
CHST5,-1.83337,3.618556,0.0002406822151923215
NUGGC,-0.42712,3.618422,0.00024075648828171352
RIPPLY3,-1.00875,3.607314,0.00024699377053788706
SYT14,-1.42268,3.603856,0.00024896826911395906
EPGN,0.991029,3.60379,0.00024900610785033014
LRTM1,-3.21773,3.583813,0.00026072759581154825
RNF150,-1.53582,3.574927,0.00026611723352364564
ANO5,-0.2299,3.574927,0.00026611723352364564
MYADM,-1.07873,3.574927,0.00026611723352364564
CELF4,-2.39325,3.546114,0.0002843714549469186
DNAJC7,0.0863,3.546114,0.0002843714549469186
TTLL5,-2.28636,3.544494,0.0002854341947705496
RABGGTA,0.165398,3.538323,0.00028951895330336756
RTP4,0.727858,3.536874,0.00029048653083648345
CNR2,-0.73147,3.536874,0.00029048653083648345
UNC5C,-0.25542,3.520637,0.00030155254630618797
AL731556.2,-1.08969,3.500771,0.00031566686707101154
WDR1,0.131744,3.500771,0.00031566686707101154
RNASE7,0.54962,3.473686,0.0003359804442465197
NPAS3,-0.4795,3.466196,0.0003418251397290437
IFI44,1.227366,3.451844,0.0003533100571308566
CCDC141,-1.67098,3.444834,0.00035905915128461207
NCAM1,-1.58448,3.438717,0.0003641522519379268
PLD5,-1.10821,3.413099,0.0003862789124505375
RPSAP48,-2.35804,3.407701,0.0003911100718236718
IL20,0.431337,3.39385,0.0004037848312260584
ARID1B,-0.44019,3.39119,0.0004062655526891997
EFNA5,-0.52134,3.390886,0.00040655003238911606
CFAP45,0.544207,3.390886,0.00040655003238911606
HERC6,1.026361,3.380988,0.00041592210268765286
NFATC2,-0.36563,3.373784,0.0004228788843283619
CCR4,-0.86919,3.372666,0.0004239688996740685
TMEM45A,0.267063,3.370441,0.0004261465727365086
CCNB3P1,-0.79017,3.367514,0.0004290283587757186
IL36RN,0.448723,3.356386,0.00044016347325204257
RAB31,0.467972,3.356213,0.00044033884607575657
C1orf61,-1.64267,3.356213,0.00044033884607575657
CNTN4,-0.74811,3.332388,0.00046517032325561996
PLA2G4C,-0.70888,3.331811,0.00046578875536992863
OASL,1.101287,3.322526,0.0004758543020654676
ADRB1,-1.19752,3.310252,0.0004894947069378393
WIPF3,-0.27693,3.30335,0.0004973361178740555
GBP1,0.620637,3.290509,0.000512260654440822
CPEB1,-1.51108,3.277432,0.0005279198597778394
MCOLN3,-0.5944,3.277432,0.0005279198597778394
APOBEC3D,-2.79481,3.277432,0.0005279198597778394
WDR53,0.217487,3.26098,0.0005483022145895696
BMP3,-0.58708,3.26098,0.0005483022145895696
KLK13,0.709204,3.256109,0.0005544865294789253
KLLN,-2.3465,3.256109,0.0005544865294789253
MYL12A,0.226941,3.256109,0.0005544865294789253
FABP5P7,0.851528,3.256109,0.0005544865294789253
CLEC7A,0.856457,3.255913,0.000554736829429437
ENOX1,-2.03135,3.253649,0.0005576362525850249
TPP1,-0.27882,3.236777,0.0005797262958304714
PPP4R1,0.098029,3.232368,0.0005856417099354365
GPRC5A,-0.34085,3.228242,0.0005912320927163621
SULT1A1,-1.26544,3.228242,0.0005912320927163621
KIAA1210,-0.66149,3.228242,0.0005912320927163621
HOXA5,-0.98629,3.223882,0.0005971975261204924
SDCBP2,0.326103,3.216222,0.0006078242179829973
POMP,0.252723,3.215853,0.0006083408776597773
PCDHB1,-1.10946,3.21244,0.0006131404947884277
PELI2,-0.43293,3.211125,0.0006149998360516313
AC011473.4,0.795018,3.21012,0.0006164246539018424
PPM1N,-3.30589,3.21012,0.0006164246539018424
NOVA1,-1.28214,3.21012,0.0006164246539018424
BPGM,0.218839,3.202864,0.0006268101205168095
SCUBE1,-1.50646,3.195854,0.0006370096331733182
IFI16,0.303661,3.189097,0.0006469980920977312
TMEM45B,0.423031,3.189097,0.0006469980920977312
NOVA2,-0.24996,3.181545,0.0006583472108878183
ST3GAL5,-0.49645,3.165181,0.000683626674247085
GZMB,0.539982,3.161797,0.0006889742647303132
SOX11,-0.80948,3.161797,0.0006889742647303132
HAL,0.410171,3.161769,0.0006890186859746692
USP27X,-1.17301,3.161769,0.0006890186859746692
CDR1,-1.00271,3.161769,0.0006890186859746692
COMP,1.468399,3.1596,0.000692468464322636
WNT5B,-0.52291,3.153518,0.0007022342379590153
IFI30,0.422649,3.153518,0.0007022342379590153
ZNF221,-0.37806,3.150068,0.0007078349458938117
GLRX3,0.111183,3.139598,0.0007251068368498963
WFDC12,0.715163,3.134832,0.0007331080696382817
AC244636.2,-2.7942,3.128114,0.0007445365113645333
SHISA9,-0.74205,3.127158,0.0007461772434409401
GPR85,-2.55521,3.124996,0.000749901116145174
FIGN,-0.32733,3.118864,0.0007605644115937054
CTSB,0.259622,3.118864,0.0007605644115937054
AP002001.1,-0.47335,3.112252,0.0007722323661233159
INSR,-0.26183,3.106395,0.0007827174209060653
FOXB1,-0.57788,3.097051,0.0007997403345137098
CILP,1.068855,3.095266,0.0008030341230586622
MRPL47,0.196017,3.081518,0.0008288615621241931
SSTR2,-0.33212,3.081043,0.0008297686070956007
ZNF285,-0.46798,3.081043,0.0008297686070956007
MAGI2,-1.08643,3.068467,0.0008541477476325218
C16orf54,-0.77352,3.057898,0.000875189301270733
AL359976.1,-2.42173,3.05606,0.0008789010837707565
OTX1,-0.24519,3.043141,0.0009054385894080349
PGK1,0.186033,3.04188,0.0009080714049186043
CNFN,0.476745,3.04188,0.0009080714049186043
NFIX,-0.38844,3.04188,0.0009080714049186043
KSR2,-0.14096,3.04188,0.0009080714049186043
RASL10B,-0.59796,3.04188,0.0009080714049186043
SIK2,-0.21441,3.04188,0.0009080714049186043
PRRT2,-1.4742,3.04188,0.0009080714049186043
IL1RAPL1,-0.29784,3.036012,0.0009204241391429843
HRAS,0.232607,3.036012,0.0009204241391429843
PHLPP1,-0.35634,3.036012,0.0009204241391429843
PKM,0.170841,3.032607,0.0009276689060540117
LMO1,0.298796,3.030232,0.000932755889728067
PARP9,0.764895,3.029877,0.0009335186526150578
AC117529.2,-0.99603,3.026665,0.000940448460823771
SPHK1,0.19783,3.026447,0.0009409206501730206
SHOX,-1.11026,3.024761,0.0009445805528060847
ZNF280B,-1.48601,3.021154,0.0009524583642052117
PSMA5,0.195417,3.017196,0.0009611783942553314
VAMP2,-0.55682,3.015231,0.0009655371759049783
EIF3EP2,-0.4135,2.998627,0.0010031664519841096
PLA2G2F,0.390489,2.994639,0.0010124206622770914
MDGA2,-0.3768,2.987801,0.0010284874579700306
SEMA5A,-0.50116,2.973452,0.0010630360678712842
TMPRSS13,0.259134,2.970444,0.00107042439963581
UCHL3,0.235522,2.967012,0.0010789169102420337
GADD45A,0.235744,2.957838,0.0011019502810416405
SALL2,-0.24787,2.952558,0.001115429175908865
GDPGP1,-1.11405,2.952558,0.001115429175908865
GLA,0.273195,2.946954,0.001129915587767146
SARNP,0.144149,2.932533,0.001168064970712528
RALB,0.183168,2.921316,0.0011986268446438641
SFRP4,-0.65881,2.916552,0.001211847580214846
PSMA3,0.137993,2.91639,0.0012122997064474483
ZNF462,-0.93207,2.915169,0.0012157128298897727
ATP12A,1.410083,2.915169,0.0012157128298897727
PYGL,0.191018,2.90934,0.0012321398392205246
ABI2,-0.24253,2.905004,0.0012445031494209991
KCNJ3,-3.01041,2.905004,0.0012445031494209991
FAM110D,-0.96643,2.905004,0.0012445031494209991
MSX1,-2.21465,2.905004,0.0012445031494209991
ITM2A,0.71618,2.905004,0.0012445031494209991
NDUFA4L2,0.418544,2.902475,0.0012517713287078093
NAALAD2,-0.37972,2.902475,0.0012517713287078093
MX1,0.708836,2.898074,0.0012645208657633181
BTBD16,0.408782,2.895417,0.0012722808782559861
LCTL,-0.49679,2.893196,0.0012788040411020934
SKI,-0.46017,2.893116,0.0012790396272094621
EYA1,-1.11575,2.893116,0.0012790396272094621
GAPDH,0.252571,2.893116,0.0012790396272094621
AC207056.1,-0.33729,2.893116,0.0012790396272094621
CYSRT1,0.341296,2.893116,0.0012790396272094621
S100P,0.812615,2.88746,0.0012958060401678632
CACNA1A,-1.25289,2.886798,0.0012977827581824853
ISG15,1.484229,2.886427,0.0012988918745428114
AC046144.1,-1.24002,2.873397,0.001338452613321079
ZNF286B,-0.39953,2.858754,0.0013843503026846706
PSMA6,0.273369,2.858511,0.0013851251024276179
TRIM72,-1.65819,2.856611,0.0013911981773085315
PGBD4,-1.41044,2.85452,0.001397912537589032
ZC3H12A,0.533814,2.85066,0.0014103925329195935
RGS20,0.373746,2.85066,0.0014103925329195935
LRCH3,-0.31135,2.844663,0.0014300031693391098
AC116553.1,-2.35013,2.839399,0.0014474414325193875
DCTD,0.181127,2.827729,0.001486863156314757
KIAA1324,-0.72161,2.822558,0.001504672556460855
ENPP7P8,-0.86263,2.822558,0.001504672556460855
CASP5,0.393674,2.822558,0.001504672556460855
ZNF542P,-0.30604,2.822114,0.0015062116417166639
FGF12,-0.701,2.821125,0.001509645580700772
IFIT3,0.909537,2.81837,0.001519252641077406
ADH6,-1.04636,2.817386,0.0015226987807859652
ALDH6A1,-0.66408,2.815521,0.00152925179875065
AJAP1,0.277574,2.812366,0.001540401738157884
RPLP0P2,-0.52218,2.80984,0.0015493873291640983
ATF7,-0.22332,2.798633,0.0015898897153651039
PBX1,-0.4495,2.793807,0.0016076555346762017
FAM174B,-0.20716,2.793165,0.0016100338243833152
HNRNPA1P54,-0.97397,2.793165,0.0016100338243833152
CSTA,0.376985,2.793165,0.0016100338243833152
TMEM8B,-0.2917,2.792705,0.0016117400581822472
EPSTI1,0.816741,2.791545,0.001616050768182699
C10orf105,-0.12548,2.789649,0.001623121386053745
DSG3,0.318114,2.783813,0.0016450799148595972
ADIPOR1,0.137222,2.779679,0.001660814011039749
NEK5,-0.58113,2.779679,0.001660814011039749
UPP1,0.806864,2.779679,0.001660814011039749
KLHL33,-0.36995,2.779679,0.001660814011039749
SLC10A1,-0.42175,2.779679,0.001660814011039749
BCL9,-0.24555,2.766113,0.0017135114073430636
SHISA2,-0.77459,2.762378,0.0017283114215828161
ATF4,0.161951,2.758237,0.0017448696955649164
SSBP1,0.218036,2.75763,0.0017473101511891922
PEAK1,-0.32039,2.75763,0.0017473101511891922
DCC,-0.33961,2.75763,0.0017473101511891922
OAS2,1.028335,2.75763,0.0017473101511891922
PCSK9,0.407826,2.75763,0.0017473101511891922
RARB,-0.34899,2.751775,0.0017710262568772673
MYL6,0.200137,2.747572,0.0017882490376498466
SAMD9,0.616487,2.746848,0.001791232663115004
ASXL2,-0.28156,2.74087,0.001816059193427395
GJB6,0.680045,2.74087,0.001816059193427395
FOLH1,0.144684,2.74087,0.001816059193427395
AC092028.1,-1.48958,2.739354,0.001822409623095154
SIX3,-1.44653,2.739354,0.001822409623095154
SESN2,0.237083,2.734759,0.001841793771679649
KRT16,1.728486,2.734759,0.001841793771679649
IL18,0.264647,2.731086,0.0018574366047696043
NPM1P40,-3.11861,2.729779,0.001863034940509789
AC003080.1,-0.48468,2.72855,0.0018683145672097874
PGAM1,0.21837,2.728387,0.0018690159172006244
FAT1,0.395339,2.728387,0.0018690159172006244
RERE,-0.31703,2.728387,0.0018690159172006244
ZNF660,-0.34434,2.728387,0.0018690159172006244
COL1A1,-1.10769,2.728387,0.0018690159172006244
KRT8,-3.42287,2.728387,0.0018690159172006244
R3HDM2,-0.36737,2.728387,0.0018690159172006244
RSAD2,0.98096,2.726223,0.0018783520795335247
PRDM6,-0.31057,2.724026,0.0018878783237004462
NDUFB4,0.258907,2.724026,0.0018878783237004462
AICDA,-0.52694,2.715666,0.0019245712772745448
IGF2R,-0.27147,2.713583,0.001933824241326525
TYMP,1.020447,2.712529,0.0019385231868070958
RPL21P135,-0.69181,2.70888,0.00195487953433427
MYO1B,0.262715,2.70888,0.00195487953433427
LCE6A,0.498997,2.704577,0.001974344798914293
WDR61,0.100751,2.702984,0.0019816000293033206
KATNAL1,-0.28027,2.700264,0.0019940497985664976
ZFAND2A,0.257417,2.696254,0.002012546854254213
IGHA1,-1.80503,2.696254,0.002012546854254213
OAS1,0.659795,2.696254,0.002012546854254213
ALDOB,-0.21242,2.696196,0.0020128156477048505
PPARGC1A,-0.62466,2.696196,0.0020128156477048505
BEX3,0.234827,2.692155,0.0020316317907413746
KMT2A,-0.33469,2.692155,0.0020316317907413746
AL590426.1,-2.35027,2.692155,0.0020316317907413746
ZNF578,-0.59465,2.692155,0.0020316317907413746
FFAR2,-2.62468,2.684152,0.002069416940722551
AC013268.4,0.267021,2.683729,0.00207143352126863
POGZ,-0.43575,2.679101,0.0020936255033916717
ADH7,0.30171,2.675239,0.0021123262690953292
PLCE1,-0.57478,2.674853,0.0021142045347086985
REPS2,-0.40327,2.674783,0.002114545331682113
MEIS2,-0.47908,2.674783,0.002114545331682113
CNDP1,-0.35675,2.670619,0.00213491702235
ACACB,-0.47408,2.668235,0.0021466685813418098
BPIFB1,-0.38228,2.667088,0.0021523455661602202
PDGFA,-2.16843,2.664919,0.0021631219286633355
PRELID2,-0.51475,2.658871,0.0021934563685687175
HEPACAM,-0.68255,2.655988,0.002208065743287187
FGF18,-1.06372,2.655426,0.0022109249465750757
SSC5D,-0.76064,2.655426,0.0022109249465750757
ATP5MF,0.234126,2.650285,0.002237252489424322
GPR151,-0.2049,2.649696,0.002240288760320863
AC092427.1,-0.70876,2.649019,0.0022437837580778185
TSPY26P,-0.30872,2.643007,0.0022750607608295922
MPHOSPH6,0.250878,2.634985,0.00231747469132637
DUSP14,0.317748,2.633659,0.00232456128254047
SLC22A25,-0.36947,2.633659,0.00232456128254047
PSMC4,0.176164,2.632843,0.002328933028439705
EFR3B,-1.82391,2.63262,0.0023301291878369498
PGF,0.450784,2.63262,0.0023301291878369498
SLC2A4,-0.45499,2.63262,0.0023301291878369498
PA2G4P6,-0.55473,2.632045,0.0023332162904482526
MS4A2,-1.00773,2.632002,0.0023334473163342476
FGF8,-2.70072,2.632002,0.0023334473163342476
TPD52L2,0.133905,2.632002,0.0023334473163342476
H2AFY,0.093466,2.632002,0.0023334473163342476
ABCA2,-0.21973,2.626917,0.0023609293980566327
POM121L9P,-0.26531,2.625936,0.002366268377988163
PCSK5,-1.14585,2.625936,0.002366268377988163
AGPAT4,-0.31443,2.625936,0.002366268377988163
PSMD6,0.171298,2.62493,0.002371755956748746
UBE2L6,0.498135,2.624619,0.002373454988860036
ATP8A2,-0.2862,2.623977,0.0023769661661293875
CNN2,0.179906,2.622404,0.002385591067724005
ICOSLG,-0.48965,2.621464,0.002390760104559888
PSMB1,0.224666,2.611657,0.002445361103876307
LRRC20,0.39045,2.611657,0.002445361103876307
SPRR1A,1.021364,2.611657,0.002445361103876307
IDH3B,0.159852,2.611657,0.002445361103876307
VPS25,0.154119,2.602609,0.002496841648757984
DNMT3A,-0.47197,2.602609,0.002496841648757984
IRF9,0.420487,2.601911,0.0025008578101608785
GABBR2,-1.1211,2.601425,0.0025036579774670702
ARHGDIB,0.31201,2.601425,0.0025036579774670702
OR2C3,-0.74354,2.601425,0.0025036579774670702
ERC1,-0.3436,2.600731,0.0025076620063848075
NOTCH2,-0.28741,2.600731,0.0025076620063848075
CELF5,-0.97698,2.600605,0.0025083896491830764
PPP1R7,0.170247,2.595061,0.0025406158314544647
PTGIR,-1.85492,2.59139,0.0025621821425738647
ACP7,0.549855,2.584246,0.0026046777489944018
RBX1,0.189692,2.584246,0.0026046777489944018
CNKSR2,-0.61583,2.584246,0.0026046777489944018
AR,-0.48989,2.584246,0.0026046777489944018
SARS2,0.195204,2.581695,0.0026200223737214276
HRH2,0.493772,2.573924,0.0026673253962029467
HMGN1P14,-2.54679,2.573924,0.0026673253962029467
TMSB4X,0.256753,2.569137,0.0026968885535381564
TMPRSS11B,-0.44941,2.565759,0.0027179471018145096
TUBB6,0.194587,2.565759,0.0027179471018145096
MFHAS1,0.235138,2.560437,0.002751458710514053
PSMB3,0.219431,2.560437,0.002751458710514053
GABRD,-0.39861,2.560437,0.002751458710514053
HHIP,-0.26381,2.559904,0.00275483758784377
AC004945.1,-0.29473,2.559904,0.00275483758784377
BRMS1,0.19072,2.553963,0.002792781763955538
AC097493.5,-0.64576,2.546964,0.0028381542819936657
ARV1,0.154348,2.538548,0.002893689976954923
SDC3,-1.71881,2.538508,0.002893956507925125
RPRD2,-0.51645,2.537655,0.0028996461282932264
PPIF,0.232253,2.535729,0.0029125339739794675
MARCKSL1P2,-0.59094,2.534899,0.0029181055729204986
PSMB4,0.182769,2.533662,0.002926429054737467
CNNM2,-0.13897,2.531472,0.0029412233153094736
NEUROD2,-2.78946,2.529169,0.002956861618740379
MYO1E,0.124186,2.526081,0.0029779609599410372
HIP1,-0.29976,2.524692,0.0029875005918930738
MED8,0.148607,2.522134,0.003005148931675375
OR10H5,-0.48834,2.521518,0.0030094144364975956
ASPA,-0.2964,2.518626,0.0030295212282413875
C6orf226,0.321872,2.518626,0.0030295212282413875
PSMC3,0.211396,2.513484,0.003065603618356445
IGF1R,-0.35955,2.504509,0.003129615615035293
AC114324.1,-1.84092,2.504509,0.003129615615035293
IFNGR1,0.175866,2.504509,0.003129615615035293
ARMCX4,-0.38456,2.504509,0.003129615615035293
PLAG1,-0.3912,2.504509,0.003129615615035293
NRXN3,-0.34008,2.497868,0.003177839800424702
MRPS18C,0.200103,2.497868,0.003177839800424702
GBA,0.218958,2.497868,0.003177839800424702
PSMC1,0.181373,2.497868,0.003177839800424702
STC1,-0.41613,2.497868,0.003177839800424702
CHRNA7,-0.26718,2.497868,0.003177839800424702
PDS5B,-0.39889,2.493258,0.0032117519760760664
SOX4,-0.47527,2.486361,0.0032631647431391065
DPPA2P4,-0.36016,2.46963,0.0033913295962176037
GADD45B,0.203551,2.46963,0.0033913295962176037
TMEM92,-0.24855,2.46963,0.0033913295962176037
EGR3,-0.33398,2.46963,0.0033913295962176037
MMP9,0.450554,2.469568,0.0033918137779261046
CACNG2,-0.38511,2.46593,0.0034203456752979174
NR3C2,-0.3794,2.459584,0.0034706914027211253
PDE11A,-0.43401,2.458479,0.003479533322775946
ATP1B3,0.16215,2.458479,0.003479533322775946
NPM3,0.268178,2.455753,0.003501442509319993
SCNM1,0.129183,2.453604,0.003518811478608909
SNX27,-0.26522,2.453155,0.0035224513207517925
NDRG4,0.177894,2.451934,0.0035323684733448092
SEC61G,0.264998,2.449225,0.0035544712022912853
DPP3,0.070061,2.449225,0.0035544712022912853
KCNK2,-0.68152,2.449225,0.0035544712022912853
RPGRIP1,-2.50882,2.44832,0.003561885872625174
LYST,-0.34937,2.448159,0.0035632065662067336
CYSLTR1,-0.46164,2.447488,0.0035687160987423966
ATP5ME,0.240461,2.446033,0.00358069228068301
POLB,0.219815,2.441693,0.003616654312862822
C1QB,0.841151,2.437272,0.003653658901335749
TPI1,0.208679,2.434313,0.003678637553128142
IGHG2,-0.6042,2.423433,0.0037719593174683685
STAT1,0.598126,2.420932,0.003793743811655998
MMACHC,-1.22257,2.418102,0.003818545765366179
IGFBP5,-0.61476,2.417577,0.0038231646330213836
PLA2G3,0.355088,2.413927,0.0038554315767225632
B2M,0.42563,2.406932,0.003918032192024453
FBXL2,-0.39552,2.406932,0.003918032192024453
E2F5,-0.48386,2.401612,0.003966322284419684
DMBX1,-0.27398,2.399745,0.003983409914790978
PARP12,0.265463,2.397146,0.004007319779364629
ZNF549,-0.2726,2.397127,0.004007495099900614
ARG1,0.505787,2.391281,0.004061804346556316
ZNF70,-0.62422,2.390191,0.004072011538946113
ABI3BP,-0.65653,2.390191,0.004072011538946113
CAMK2B,-2.39135,2.390101,0.004072855480165312
TIGAR,0.255587,2.389421,0.004079237580767443
AC004386.1,-2.53602,2.389421,0.004079237580767443
TFAP2B,-0.31394,2.389356,0.004079848157915122
SLITRK1,-0.10314,2.389356,0.004079848157915122
BMPR1B,-1.68835,2.386922,0.004102777829314325
SYT14P1,-0.386,2.386464,0.004107106835305183
CHRM1,-0.37306,2.386242,0.004109206817767854
AHCYL2,-0.27739,2.385408,0.004117105539353462
DNAL1,-0.35765,2.378761,0.00418060369431835
NDEL1,0.108058,2.378761,0.00418060369431835
PROSER1,-0.5458,2.377717,0.004190665531651583
FAM60DP,-2.25152,2.376552,0.0042019221319221705
NUP214,-0.4398,2.376076,0.004206530091526163
KIAA1671,-0.31141,2.376076,0.004206530091526163
PRELID1,0.17556,2.376076,0.004206530091526163
BNC1,0.17644,2.376076,0.004206530091526163
ZNF667,-0.40595,2.372702,0.0042393375704977065
ZNF688,-1.89276,2.372702,0.0042393375704977065
INVS,-0.28418,2.370559,0.004260308022929213
ARID1A,-0.3446,2.368994,0.004275687931919585
RNF148,-0.20569,2.367488,0.004290540442764588
MXRA5,-0.54955,2.365809,0.004307159950474223
LYPD4,-0.86823,2.362694,0.004338164339007113
SLC2A3P2,-0.44508,2.362694,0.004338164339007113
PIGR,-0.2071,2.362501,0.0043400926430033114
FXYD3,0.200144,2.362501,0.0043400926430033114
ZNF385B,-0.67668,2.349749,0.004469418270391779
CPZ,-0.8411,2.349411,0.00447289805529749
MOB2,0.140242,2.348524,0.004482042806283394
MYL12B,0.179843,2.347749,0.004490048167794337
CDON,-0.40508,2.344946,0.004519121314531208
NDUFA4,0.168496,2.343915,0.004529862295719543
GPS2,0.157151,2.341278,0.004557450916247009
CASP4,0.188562,2.341278,0.004557450916247009
IRAK2,0.2925,2.341278,0.004557450916247009
UBTFL9,-2.33745,2.341097,0.0045593507113623885
LGI1,-0.73632,2.333782,0.004636796115940116
SLIRP,0.195077,2.333782,0.004636796115940116
SNRPF,0.232891,2.333782,0.004636796115940116
MANF,0.132476,2.330489,0.0046720878468982955
PDAP1,0.166001,2.32983,0.004679182671200447
NDUFA7,0.171063,2.327302,0.004706499317001104
ISCU,0.097442,2.325287,0.004728386840669312
AKTIP,0.168029,2.322454,0.004759331986468769
PDCD6,0.08214,2.321874,0.004765692317425472
RNF222,0.228191,2.317411,0.004814919160640286
TTBK2,-0.16665,2.313916,0.004853823723576418
SRSF9,0.100601,2.313916,0.004853823723576418
AC243547.3,0.30826,2.310012,0.004897652864665109
NAALADL2,-0.43753,2.309895,0.0048989724821210095
NOTCH3,-0.36711,2.303886,0.004967226914130398
VSIG4,0.66604,2.302399,0.004984263570720385
CD2BP2,0.084427,2.302166,0.004986938357173217
TIAM2,-0.35557,2.300209,0.00500946100166627
LYN,0.313605,2.298846,0.005025207508383168
CBLB,-0.44034,2.298846,0.005025207508383168
ARL10,-0.30077,2.298846,0.005025207508383168
TUSC3,0.260197,2.298843,0.005025242221406757
HMOX2,0.119581,2.298438,0.005029930681541831
UBL5,0.230364,2.296059,0.005057559491153717
WARS,0.259609,2.293252,0.00509035416811245
MYOG,-2.01034,2.291458,0.005111425085102861
TIAL1,-0.28239,2.289024,0.005140152452653461
SURF2,0.211303,2.289024,0.005140152452653461
COX6A1,0.202906,2.289024,0.005140152452653461
AGBL2,-0.73614,2.289024,0.005140152452653461
SOX12,-0.26263,2.289024,0.005140152452653461
STC2,0.347211,2.286721,0.005167482327035085
XYLT2,-1.85061,2.283431,0.005206777266595794
AFAP1L2,0.243356,2.283431,0.005206777266595794
EIF2B5,0.094391,2.283431,0.005206777266595794
AL023280.1,-0.21666,2.278035,0.005271873734282273
HIF3A,-1.11427,2.277847,0.00527415634862259
RPAP1,-0.23741,2.277847,0.00527415634862259
HEXB,0.161713,2.277847,0.00527415634862259
BLK,-0.27156,2.27613,0.005295049202492355
KRT6A,1.359317,2.27462,0.005313491620220763
ZBED9,-1.54398,2.27462,0.005313491620220763
AF131215.1,-0.72091,2.274474,0.005315278196430314
AC125604.1,-1.49162,2.274088,0.005320004504296633
COL19A1,-0.32954,2.274088,0.005320004504296633
NDUFB10,0.169857,2.273946,0.005321744255057156
RBM17,0.023632,2.27198,0.005345889775623253
SBDS,0.166845,2.267401,0.005402552551148025
TRIM67,-0.16515,2.265872,0.005421606583505829
AK1,0.394666,2.26392,0.005446029631763829
APOL3,0.323873,2.260478,0.005489363623018052
PRR26,-0.28169,2.260478,0.005489363623018052
AC104164.1,-0.53536,2.260478,0.005489363623018052
NCF2,0.300623,2.260478,0.005489363623018052
DDX3P1,-0.39447,2.259593,0.0055005611865331745
S100A14,0.22201,2.258238,0.0055177497530867784
IFITM1,0.546582,2.258238,0.0055177497530867784
NAPEPLD,-0.27716,2.256561,0.005539097375918889
P2RY4,-0.45488,2.253601,0.005576978882273538
SLAIN1,-0.45759,2.253601,0.005576978882273538
CDYLP1,-1.64883,2.253601,0.005576978882273538
SDF2,0.117229,2.250057,0.005622675242246499
AC103988.1,-0.49109,2.246646,0.005667010274053371
NREP,-0.35243,2.246646,0.005667010274053371
TCF7L2,-0.47372,2.246646,0.005667010274053371
LCLAT1,-0.34942,2.245706,0.005679289404895296
MED12,-0.32421,2.245589,0.005680819625521976
NMUR2,-0.17837,2.242633,0.005719617680735486
SERPINB13,0.376169,2.24241,0.0057225553240055705
RAB30,-0.2415,2.238142,0.005779070599253119
STEAP3,0.279551,2.235757,0.005810894625048947
CREBBP,-0.26474,2.235532,0.005813905922882294
NME1,0.254263,2.234038,0.0058339405609110235
BNC2,-0.33655,2.226089,0.0059417038275815385
LMX1B,-0.24434,2.225521,0.0059494798777771085
CFB,0.625485,2.222645,0.0059890094727013555
CRABP2,0.476052,2.222645,0.0059890094727013555
VCP,0.083967,2.221572,0.006003824655728188
SPRR1B,0.868101,2.221572,0.006003824655728188
BECN1,0.127823,2.218375,0.006048184070259301
CCSER1,-0.41811,2.218375,0.006048184070259301
C8orf59,0.201856,2.215233,0.006092099669838734
CILP2,-0.26051,2.215233,0.006092099669838734
AC006509.1,-3.35993,2.215233,0.006092099669838734
GRIK1,-0.35466,2.215233,0.006092099669838734
DBI,0.272722,2.215233,0.006092099669838734
F5,-0.42325,2.215144,0.00609334825220215
SCRG1,-0.42324,2.215144,0.00609334825220215
C16orf91,0.165495,2.2151,0.0060939656234012
MRPL52,0.078967,2.2151,0.0060939656234012
CIAPIN1,0.106986,2.2151,0.0060939656234012
SCLY,-0.36963,2.2151,0.0060939656234012
UNC93A,0.423758,2.2151,0.0060939656234012
KRT16P2,0.479167,2.2151,0.0060939656234012
NOG,-0.93703,2.212284,0.006133607764224622
ATP6V1G1,0.222871,2.211241,0.00614835591610699
RAPH1,-0.44115,2.207304,0.006204345867513427
NDUFB8,0.125618,2.199572,0.006315794634945895
ZNF8,-0.23743,2.199572,0.006315794634945895
SPEF2,-0.34667,2.199572,0.006315794634945895
AKAP11,-0.25591,2.195718,0.006372091449788258
PTAFR,0.347973,2.193964,0.006397878672608447
CD3G,-1.2485,2.193964,0.006397878672608447
AC131392.2,-0.55703,2.192173,0.0064243175543503605
ITPA,0.11801,2.188534,0.006478373754601957
SFRP5,-0.26278,2.188534,0.006478373754601957
IGHV4-39,-0.95384,2.187443,0.006494668667880151
SOS1,-0.34588,2.184499,0.006538844356275622
PNMA8C,-0.57041,2.183083,0.006560198793692724
AHNAK,-0.20979,2.182765,0.006565004075016443
ENO1,0.201262,2.178194,0.006634466415839379
GNL2,0.073409,2.176598,0.006658892442123616
LRRC4C,-2.74739,2.176598,0.006658892442123616
AC073055.1,-0.85165,2.176598,0.006658892442123616
METTL5,0.17756,2.173044,0.006713608314007871
PSME2,0.295514,2.167347,0.006802256432423296
HLA-V,0.278208,2.16656,0.006814594211246799
FAM136A,0.085582,2.165773,0.0068269543680544035
SOST,0.210855,2.165773,0.0068269543680544035
CDH7,-0.16555,2.162224,0.006882971954942922
CIB2,0.252716,2.160032,0.006917799968071387
TGM3,0.353441,2.159792,0.006921623942117021
EP400,-0.31823,2.159478,0.006926630166904579
FCGR2A,0.144945,2.159478,0.006926630166904579
ANKRD29,0.35564,2.159478,0.006926630166904579
PNP,0.363728,2.155074,0.006997227591757098
ANO1,-0.31879,2.152974,0.007031144121237131
ARPC3,0.177955,2.152974,0.007031144121237131
ST6GALNAC1,-0.06678,2.148901,0.007097395388568975
NHLRC2,-0.29194,2.147093,0.0071270039582694705
NDUFA12,0.242271,2.146459,0.007137415834219062
DBIL5P2,-0.43902,2.146459,0.007137415834219062
MKRN5P,-0.49514,2.146459,0.007137415834219062
ZNF969P,-0.36815,2.145168,0.007158664349564654
SLX4IP,-0.70027,2.144945,0.007162341099187294
ZBTB20,-0.53282,2.14462,0.007167702972639594
HUWE1,-0.22788,2.14462,0.007167702972639594
AP000781.2,0.363274,2.141954,0.00721183862149301
TRIM22,0.350598,2.141954,0.00721183862149301
KDM6B,-0.45806,2.141954,0.00721183862149301
ALDH1A3,0.554426,2.141087,0.007226250293127385
TRAPPC3,0.122731,2.141087,0.007226250293127385
PSMC2,0.22025,2.140587,0.0072345746121727506
CD164L2,0.327429,2.137397,0.007287909986571992
CCL3,0.514342,2.136097,0.007309758012531112
RANGRF,0.241576,2.136097,0.007309758012531112
BCDIN3D,-1.6149,2.136097,0.007309758012531112
CA3,-0.40201,2.13604,0.007310717461862809
DMXL1,-0.2295,2.13604,0.007310717461862809
ZNF546,-0.28536,2.134714,0.007333072858591809
ZHX2,-0.30008,2.134714,0.007333072858591809
DAW1,-1.42023,2.131944,0.007379993851515401
ZBTB25,-0.19823,2.131652,0.007384957494631201
HMBOX1,-0.25438,2.131652,0.007384957494631201
HSPD1P3,0.721815,2.130089,0.007411583401039406
SAG,-0.34832,2.127985,0.0074475769648132085
ESR1,-0.66521,2.127985,0.0074475769648132085
GPHN,-0.27546,2.127985,0.0074475769648132085
CCL4,0.646358,2.127985,0.0074475769648132085
PTTG1,0.294132,2.126512,0.007472879855758974
LRAT,-0.39041,2.126512,0.007472879855758974
AL138694.1,-0.40562,2.124287,0.007511263541857761
C10orf55,0.212673,2.121929,0.007552156829082241
TNIP1,0.091836,2.121929,0.007552156829082241
ABCG4,0.267139,2.121769,0.0075549396590645305
ALDOA,0.140873,2.121769,0.0075549396590645305
TNRC6C,-0.31139,2.121769,0.0075549396590645305
SOGA1,-0.31491,2.121423,0.007560961035782072
ADGRB1,-0.57664,2.120334,0.007579944050402889
PSMC6,0.134844,2.120197,0.007582335552453828
GLT1D1,0.259848,2.11538,0.007666903552718636
CRCT1,0.385859,2.114711,0.007678722977724682
CXCL1,0.57729,2.114415,0.007683958311899045
KMT2E,-0.26671,2.114263,0.007686648113692759
BCL9L,-0.35008,2.114263,0.007686648113692759
PDLIM1,0.16177,2.114263,0.007686648113692759
GPATCH8,-0.23982,2.114263,0.007686648113692759
ZNF695,-0.57773,2.114147,0.0076887014906268595
RFX3,-0.57022,2.111496,0.007735778036570037
MAGI3,-0.32681,2.111017,0.00774431482904603
EP300,-0.32181,2.110169,0.007759451090120241
GALNT18,0.234747,2.10752,0.0078069248709240376
OPHN1,-0.24106,2.098243,0.007975483116463915
TNNI2,0.789074,2.09723,0.007994107792726884
LMOD3,-0.19927,2.093981,0.008054136765652848
IPPK,0.122139,2.093981,0.008054136765652848
NCALD,-1.02423,2.092408,0.00808336147150824
UBN2,-0.24645,2.092379,0.00808390125573121
AKAP13,-0.28499,2.090349,0.008121775861582827
ADNP,-0.31208,2.090043,0.008127500408566666
CCNI,-0.2803,2.088886,0.008149181676483834
GLTPD2,0.227041,2.087108,0.008182612782795789
PEG10,-0.16696,2.087108,0.008182612782795789
SUFU,-0.26722,2.085832,0.008206689458285671
HCFC1,-0.26757,2.085832,0.008206689458285671
JCHAIN,-1.3062,2.084744,0.00822727473444654
DHRS7,0.135009,2.084625,0.008229529379346366
YKT6,0.142516,2.081143,0.008295775678081228
SLC26A9,0.352566,2.078902,0.00833869328789582
WDR45,0.158154,2.075684,0.00840071014053572
ANAPC5,0.050105,2.075128,0.00841147193045506
CPA4,0.223653,2.075128,0.00841147193045506
ARID2,-0.27879,2.075128,0.00841147193045506
NFIA,-0.3675,2.075128,0.00841147193045506
KMT2D,-0.38334,2.07292,0.008454345656196972
TMEM214,-0.22159,2.07292,0.008454345656196972
MUC7,-0.40055,2.072147,0.008469406931255155
DNASE1L3,0.429577,2.072147,0.008469406931255155
LRRC7,-0.40636,2.07159,0.008480276252225685
APOL2,0.207197,2.07159,0.008480276252225685
AP003396.2,-0.32358,2.07159,0.008480276252225685
SYCP3,-0.42069,2.07159,0.008480276252225685
AL162578.1,-0.76322,2.07159,0.008480276252225685
CREB3L1,-0.41445,2.07159,0.008480276252225685
IGHV3-30,-1.50613,2.07152,0.008481643221425228
NLRX1,0.135967,2.071245,0.008487015591109828
PTCH1,-0.28603,2.066806,0.008574207708486398
SNRPA,0.066509,2.065477,0.008600486133904644
PSTPIP2,0.083001,2.064004,0.008629705994774146
SLC25A23,-0.28104,2.063901,0.008631752912629676
MBTPS2,-0.22392,2.061784,0.008673931737582876
CMPK2,0.802114,2.061784,0.008673931737582876
HGSNAT,-0.34581,2.061784,0.008673931737582876
VAPB,-0.21577,2.061784,0.008673931737582876
TRAPPC2L,0.178951,2.061784,0.008673931737582876
LAP3,0.231162,2.059858,0.008712484129419992
DENND4A,-0.29793,2.058938,0.008730960029176166
DNAJB6,0.139306,2.058627,0.008737214543435843
ZSWIM1,-1.50006,2.055262,0.008805175165214701
SLC1A2,-0.56196,2.055262,0.008805175165214701
PSME1,0.245071,2.052209,0.008867291795391231
B3GAT2,-0.83622,2.052209,0.008867291795391231
DHX15,0.037516,2.049126,0.0089304635042755
ITGA11,-0.41774,2.045783,0.008999471376632717
NOD2,0.126495,2.039313,0.009134546690555983
OSM,0.245921,2.038317,0.009155519669570625
CHI3L2,0.882116,2.032621,0.009276390020236905
CLCA2,0.219286,2.032119,0.009287118777758962
HIGD1A,0.254015,2.032119,0.009287118777758962
SFI1,-2.35153,2.032119,0.009287118777758962
ZNF585B,-0.22151,2.031363,0.009303299449188394
B4GALT1,-0.77504,2.031363,0.009303299449188394
TRRAP,-0.30333,2.031264,0.009305420433148739
ZNF410,0.039184,2.031264,0.009305420433148739
HAT1,0.181615,2.031264,0.009305420433148739
PSMB10,0.366962,2.029907,0.009334541696582392
GTF2B,0.174173,2.028818,0.009357977572083712
CBX5,-0.22862,2.028009,0.009375425777804905
RNF223,0.277427,2.027433,0.00938786855154461
CTDNEP1,-0.36569,2.026458,0.009408968184263422
FNBP1,-0.13792,2.021927,0.009507645930213261
TRMO,0.103455,2.021502,0.00951695465383269
FN3K,-0.39647,2.017793,0.009598580245416759
IP6K2,0.111305,2.015749,0.009643862285102642
ADD2,-0.45743,2.010345,0.009764612199303012
TNIK,-0.27456,2.010345,0.009764612199303012
LRRC37A,-1.68348,2.009731,0.009778427046829791
MCHR2,-0.13399,2.009731,0.009778427046829791
NPFFR1,-0.36008,2.007331,0.009832614218458975
AC109486.1,-0.74103,2.007087,0.009838140035746299
SMARCA2,-0.31248,2.006872,0.009843011669748778
RNF181,0.16469,2.00305,0.00993001718291996
DKK4,0.316125,2.00305,0.00993001718291996
FERMT1,0.141425,2.00305,0.00993001718291996
PPIH,0.162775,2.00305,0.00993001718291996
ADGRG2,-0.29901,2.001269,0.009970822843470336
KRT23,0.194282,2.001269,0.009970822843470336
ELFN2,-0.24352,1.999753,0.010005689002803861
CDK19,-0.22161,1.999006,0.010022913908149543
LIMA1,0.136509,1.998063,0.010044700684074651
GBP2,0.29735,1.997821,0.01005029940809615
PAK1IP1,0.201417,1.997821,0.01005029940809615
BUD31,0.137321,1.997187,0.010064981941080008
EPHA8,0.079288,1.997187,0.010064981941080008
ATN1,-0.58164,1.995778,0.010097689216818318
C1orf131,0.040097,1.994126,0.01013617266631957
MS4A10,-0.30703,1.994126,0.01013617266631957
NEO1,-0.30515,1.993602,0.010148409892918665
RABGAP1L,-0.24121,1.993073,0.010160778872927009
WRAP53,0.117084,1.993073,0.010160778872927009
CLASP1,-0.34562,1.990784,0.010214473828089305
OR7C1,-0.40177,1.990779,0.010214591427242107
SUMO2P8,-0.86331,1.990779,0.010214591427242107
AC006144.1,-0.36859,1.989667,0.010240779141561749
AC008567.1,-0.2651,1.989376,0.01024764329820585
AC092910.2,-0.69887,1.988253,0.01027417597495272
PET100,0.242672,1.986244,0.010321813316001342
CENPW,0.278333,1.985262,0.010345178772425018
TFG,0.089016,1.985262,0.010345178772425018
ZFAND2B,0.101587,1.985262,0.010345178772425018
CCDC97,-0.22291,1.985262,0.010345178772425018
CCDC38,-0.51501,1.981206,0.01044224791944881
SUZ12P1,-1.16779,1.981206,0.01044224791944881
NF1,-0.40898,1.981206,0.01044224791944881
LRRN3,-0.54222,1.981206,0.01044224791944881
ATP5MPL,0.164192,1.981206,0.01044224791944881
SGIP1,-0.52963,1.981206,0.01044224791944881
GLUL,0.332987,1.980084,0.010469260350191214
ZNF383,-0.20495,1.979979,0.010471791824293735
CHDH,-0.22638,1.976921,0.010545787112651382
NOL4,-0.30923,1.97584,0.010572069269014796
BCL2,-0.34539,1.974604,0.010602200183023913
PPP1R15A,0.138317,1.972821,0.010645817087172951
RUNX3,-0.36204,1.972213,0.010660731367556974
GPC6,-0.38153,1.971485,0.01067861674537763
CYCSP38,-0.71269,1.970675,0.0106985519533391
COL5A1,-0.54666,1.969032,0.010739102807922464
SURF1,0.140514,1.969032,0.010739102807922464
ORAI2,-0.25452,1.96698,0.010789964107067144
KMT2C,-0.33006,1.966548,0.010800702405103202
GALNTL6,-0.31222,1.966548,0.010800702405103202
FGFBP1,0.440384,1.958155,0.011011462395500705
CELSR2,-0.35043,1.956864,0.011044244179990049
CTSL,0.392557,1.95618,0.01106165221836145
XPNPEP3,-0.13173,1.952403,0.011158273443998166
SLC36A2,-0.19166,1.947377,0.011288155931162884
TMEM126A,0.108499,1.947377,0.011288155931162884
TRIM45,-0.4013,1.946698,0.01130581826166808
KCNJ6,-0.15239,1.946698,0.01130581826166808
ADM,0.454342,1.946698,0.01130581826166808
FAM89A,0.234972,1.946216,0.011318372944603826
TIMM17A,0.132756,1.938706,0.0115157969854665
RAB35,0.055385,1.938198,0.011529275046719127
CACYBPP1,-0.53468,1.937856,0.011538357743293952
ROMO1,0.219529,1.937081,0.011558966365069758
SPEN,-0.24605,1.937081,0.011558966365069758
SYCE1,-0.32067,1.937081,0.011558966365069758
PSMA2,0.192774,1.937081,0.011558966365069758
VWA8,-0.28296,1.934788,0.011620157111068669
LINC00643,-0.21475,1.933599,0.011652014059972992
CHAMP1,-0.2971,1.933599,0.011652014059972992
DYNLL1,0.1828,1.933556,0.011653167796505192
NKG7,0.51118,1.93279,0.011673739559614198
ERN2,-0.26353,1.93279,0.011673739559614198
KIAA1549,-0.23657,1.927108,0.011827473944867046
UBE2F,0.146744,1.925638,0.011867575409134518
KIR3DX1,-0.34264,1.925638,0.011867575409134518
PFN1,0.084986,1.925638,0.011867575409134518
MYO16,-0.26281,1.925638,0.011867575409134518
RNF7,0.114195,1.925638,0.011867575409134518
CHERP,-0.2085,1.925638,0.011867575409134518
FBXO45,0.236043,1.92441,0.011901179349102002
AC080014.1,-0.21358,1.92441,0.011901179349102002
RFTN2,-0.42391,1.923622,0.011922792892167787
EPHA2,0.1791,1.923622,0.011922792892167787
CALHM6,0.52672,1.923622,0.011922792892167787
DDX41,0.136571,1.922608,0.011950663005987235
HNRNPA3,-0.32207,1.922608,0.011950663005987235
TPMTP2,-0.53711,1.922559,0.01195201143556118
TRIML2,-0.79451,1.920922,0.011997147545352405
XIAPP2,-0.28592,1.920922,0.011997147545352405
FOXG1,-0.08904,1.920922,0.011997147545352405
KIAA1958,-0.26788,1.920133,0.012018963049390655
PSMB6,0.205975,1.920133,0.012018963049390655
LIMS2,-0.45527,1.918204,0.012072466251313382
TMEM254,-0.29225,1.916668,0.012115239391069293
TXNDC17,0.267718,1.915413,0.012150299968596059
ATP2B3,-0.1197,1.915413,0.012150299968596059
MUC21,-0.10383,1.91411,0.012186808870217754
CXorf40B,0.168396,1.913362,0.01220781670727482
MMP16,-0.39727,1.912473,0.012232831679527843
PMAIP1,0.288473,1.910203,0.01229693847087639
ZNF680,-0.27314,1.909183,0.012325853455139648
CHCHD5,0.200866,1.908504,0.012345139448247019
PRKAG1,0.102604,1.903226,0.01249608584389263
SUPT4H1,0.154111,1.902321,0.012522152831560636
LCE1F,0.526384,1.900999,0.01256032855814075
AL512646.1,-1.17018,1.900999,0.01256032855814075
TTC3,-0.22049,1.900999,0.01256032855814075
PCDH9,-0.79784,1.900999,0.01256032855814075
LTF,1.347194,1.900875,0.012563915302098274
WNT7A,0.373076,1.900446,0.012576332182513897
FCGR3A,0.265043,1.900446,0.012576332182513897
PRDX1,0.212907,1.900446,0.012576332182513897
SEMA3B,-0.65135,1.899165,0.012613482238781386
ZNF385C,-0.34766,1.89765,0.012657560153646682
DCBLD2,-0.22634,1.89765,0.012657560153646682
DTX4,-0.53596,1.897508,0.012661699435838253
RDH10,0.03775,1.897176,0.012671382477110903
ISG20,0.40959,1.895535,0.012719352400857736
EPHB2,0.437351,1.895408,0.012723072443440408
LCE2A,0.424529,1.895408,0.012723072443440408
TRAPPC9,-0.40297,1.895408,0.012723072443440408
CD163,-0.17449,1.895295,0.01272638331728819
DIRC3,-0.25393,1.892463,0.012809642224651627
CFL1,0.119268,1.892431,0.012810586108744634
EHBP1,-0.31503,1.89237,0.012812385580457488
TBCK,-0.46003,1.891738,0.012831044169752752
FBXO4,0.091473,1.886532,0.0129857787754998
SHCBP1,0.161453,1.886532,0.0129857787754998
FKBP9P1,-1.10835,1.886532,0.0129857787754998
FAM110B,-0.7675,1.885045,0.013030317560897819
AC007161.2,-0.45727,1.884891,0.01303493890611532
ULK3,0.21155,1.884762,0.013038811294427048
ARHGAP32,-0.22003,1.884762,0.013038811294427048
MTX2,0.049792,1.88415,0.013057198305888163
TNRC6B,-0.20672,1.88415,0.013057198305888163
ATXN2L,-0.23287,1.882873,0.013095648208348106
AL049767.1,0.486945,1.881148,0.013147767028242231
SGCE,-0.35293,1.880852,0.013156731143009661
ZNF808,-0.20445,1.879498,0.013197813895110282
SCAF4,-0.29948,1.877273,0.013265603121689333
PSMA1,0.111604,1.876588,0.013286543079638497
HAUS1,0.082801,1.87624,0.013297193848116281
CCL13,0.759307,1.87427,0.013357648160694242
HSPB3,0.526178,1.87407,0.013363801001635948
THBS1,-0.68102,1.873274,0.013388317408337253
MIF,0.224757,1.873274,0.013388317408337253
SLC13A2,-0.36528,1.873274,0.013388317408337253
PTPRN2,0.130634,1.872647,0.01340766036092262
SLC12A7,-0.47696,1.867823,0.01355741842609168
ZMIZ1,-0.34378,1.86729,0.013574067359835216
HTR3A,0.432326,1.86729,0.013574067359835216
CCDC83,-0.28074,1.86729,0.013574067359835216
ZNHIT2,0.157738,1.86729,0.013574067359835216
GTF2H4,0.819096,1.866742,0.013591206154513712
EEF1A1P31,-1.93449,1.865819,0.01362012207164546
MID1,0.175783,1.865819,0.01362012207164546
RBM3,0.215532,1.865819,0.01362012207164546
AIMP2,0.15764,1.865819,0.01362012207164546
IQSEC2,-0.23628,1.862617,0.01372091266454613
TNFAIP1,0.067171,1.861547,0.013754759461510623
TRIM21,0.279794,1.861043,0.013770731165385611
SERPINB7,0.303226,1.860343,0.013792944858909053
PTBP2,-0.24267,1.86022,0.013796851821938138
CMTR1,0.110385,1.859995,0.013804001569555196
NCOR2,-0.39056,1.859429,0.013822003544405066
GM2A,0.191721,1.857533,0.013882478194829946
PCGF1,0.068554,1.856633,0.01391127705345433
NFAT5,-0.34974,1.85663,0.013911373149483736
GRIN3A,-0.2869,1.85663,0.013911373149483736
AC104852.1,-0.14751,1.855038,0.013962461866360838
IGKV2-28,-1.46742,1.853134,0.014023809382077762
PFKFB2,0.184792,1.850704,0.014102496480096694
CARD19,0.176614,1.850704,0.014102496480096694
INPP5K,0.06915,1.849809,0.014131589064359275
NEDD4L,-0.73975,1.846892,0.014226825346765814
PPIL6,-0.19425,1.846822,0.014229118624894718
NANOGP1,-0.27672,1.846822,0.014229118624894718
TMEM70,0.132478,1.844775,0.014296344340418068
C1QC,0.638185,1.843486,0.014338839382677309
SIRT7,0.161363,1.843486,0.014338839382677309
PUM2,-0.2972,1.841611,0.01440087895539507
GBP5,0.429557,1.841611,0.01440087895539507
CD177,0.167921,1.841611,0.01440087895539507
AIM2,0.38106,1.841611,0.01440087895539507
SEC16B,-0.44935,1.841611,0.01440087895539507
KCNJ16,-0.30205,1.84147,0.014405555168592632
AL158201.1,-0.21497,1.84147,0.014405555168592632
CXXC1,0.128397,1.84147,0.014405555168592632
TXN,0.271681,1.84147,0.014405555168592632
SETP21,-0.41742,1.84147,0.014405555168592632
KRT18P57,-0.34653,1.84147,0.014405555168592632
RIC8B,-1.31791,1.84092,0.014423810234582711
OAS3,0.484745,1.840434,0.014439960325837596
CAP1,0.103854,1.83831,0.01451075468159335
FBXO48,-0.38933,1.833149,0.01468422397251065
AC016582.3,-0.45834,1.83032,0.01478018942248041
COMMD9,0.070512,1.829758,0.014799328148906853
MARK2,-0.19696,1.82892,0.014827912002234453
SAP30BP,0.128114,1.826354,0.014915781060613776
EYS,-0.40884,1.826354,0.014915781060613776
FAM71F2,-0.23365,1.826354,0.014915781060613776
TLK1,-0.55258,1.825237,0.014954193640947263
RPL23AP18,-0.69102,1.823431,0.015016509666625715
AC079416.1,-0.40399,1.82166,0.015077870189368943
CASP7,0.207954,1.821284,0.015090929839646619
MECP2,-0.23126,1.820984,0.015101357885978018
PHKB,-0.19983,1.820085,0.015132650436204391
UROD,0.15886,1.820085,0.015132650436204391
ZBED8,-0.31448,1.818446,0.015189868004938935
SEC13,0.081396,1.818446,0.015189868004938935
APOOL,-0.17981,1.816759,0.015248987204363492
LCE4A,0.490095,1.816068,0.015273268971052524
SQOR,0.153211,1.814049,0.0153444384684344
FAM182B,0.310895,1.812494,0.015399478010776334
AC183084.1,0.334864,1.809717,0.015498262056386066
TTC21B,-0.34079,1.808931,0.01552633670272008
UNC119,0.155676,1.808802,0.015530949229499425
ATP6V0D1,0.134266,1.808802,0.015530949229499425
EBNA1BP2,0.121347,1.808206,0.015552277615034846
NIPBL,-0.26749,1.808206,0.015552277615034846
PDCD5,0.182523,1.807798,0.015566895140791705
LY6D,0.209822,1.807252,0.01558647832729524
PLSCR1,0.320095,1.806692,0.015606589238375563
PPFIBP1,-0.23964,1.806454,0.01561514423123114
EHD2,-0.34948,1.803149,0.015734429468978017
ATP5IF1,0.195535,1.802445,0.015759955976246926
TMBIM1,0.116116,1.802445,0.015759955976246926
MT-CO1,-0.4493,1.802407,0.015761335004885822
NT5C2,-0.0222,1.801203,0.015805090974764867
GADD45GIP1,0.129829,1.801203,0.015805090974764867
GNL3,0.109818,1.801203,0.015805090974764867
BCORL1,-0.33618,1.801203,0.015805090974764867
CEP41,-0.15695,1.800536,0.015829383466592538
EPHA3,-0.22891,1.799794,0.01585645137179359
NPM1P37,-0.48611,1.799794,0.01585645137179359
SCN9A,-0.42547,1.797768,0.015930595117659485
ZNF850,-0.17471,1.797768,0.015930595117659485
RNF149,0.040906,1.796877,0.015963311928941983
BRD7P4,-0.36012,1.794423,0.016053768646623726
FGF11,0.172804,1.793812,0.01607637025964403
TPM4,0.119302,1.793812,0.01607637025964403
MAP9,-0.2277,1.792856,0.01611179769128046
ARHGAP26,-0.51468,1.79101,0.01618042780402268
OSR1,-0.54289,1.790679,0.016192764509396048
CHAD,-0.32742,1.78779,0.01630084057625234
EXOSC8,0.065955,1.787217,0.01632236179402669
LDHA,0.241543,1.786531,0.016348164535410662
KRT37,0.238318,1.786531,0.016348164535410662
TFAP4,-0.21368,1.786282,0.016357540339882293
C8orf58,0.093434,1.786114,0.016363869221513106
FBLIM1,0.142007,1.786114,0.016363869221513106
PLA2G4E,0.217513,1.78604,0.016366657719972946
STEAP4,0.659674,1.785943,0.016370313633575828
MBD1,0.011148,1.785772,0.016376760583574193
IGFL3,0.373671,1.785389,0.01639120945667181
AL161742.1,-0.41364,1.783867,0.016448753790054206
DNAJC8,0.082132,1.783437,0.016465047957013246
PEAK3,-0.40958,1.781859,0.016524982186507588
PCDHA5,-0.32457,1.780521,0.016575971829811662
FAM162A,0.21296,1.780288,0.016584867263262134
SDR9C7,0.224707,1.780011,0.016595448732290838
EYA3,-0.29589,1.780011,0.016595448732290838
MPRIP,-0.11763,1.780011,0.016595448732290838
AL591135.1,-0.04705,1.780011,0.016595448732290838
RAET1L,0.363146,1.780011,0.016595448732290838
SAAL1,0.036284,1.780011,0.016595448732290838
SLC9A1,-0.32359,1.779311,0.01662221900378882
PLB1,0.095554,1.776718,0.01672176054267579
LIMK2,0.096945,1.775944,0.016751588650673516
RIOK1,0.053914,1.771304,0.01693152202930103
MATN4,-0.80107,1.770796,0.016951338642193663
TNIP2,0.147957,1.770796,0.016951338642193663
CALML3,0.374862,1.770796,0.016951338642193663
KCNJ13,-0.46774,1.770796,0.016951338642193663
MRO,-0.12309,1.769984,0.016983062192225545
TES,0.070405,1.769984,0.016983062192225545
DNM1,-0.90849,1.769984,0.016983062192225545
RPL36AL,0.18053,1.769984,0.016983062192225545
AK2,0.048811,1.76978,0.016991041475073354
TGM1,0.271804,1.769111,0.017017235144930844
TAF11,0.077882,1.768823,0.017028523773520158
PAK2,-0.27864,1.768823,0.017028523773520158
OR7D2,-0.31302,1.768823,0.017028523773520158
TGFB3,-0.42044,1.768823,0.017028523773520158
MBD5,-0.42127,1.768823,0.017028523773520158
POLR2A,-0.5987,1.768823,0.017028523773520158
RPS6KA6,-0.71339,1.768823,0.017028523773520158
HIVEP3,-0.38909,1.768823,0.017028523773520158
ZNF738,-0.28258,1.768823,0.017028523773520158
GBP1P1,-1.81559,1.768823,0.017028523773520158
PSMB7,0.160762,1.768115,0.017056306828252685
AC093227.2,-0.45127,1.768029,0.01705968469210247
IRF2BP2,-0.10803,1.768029,0.01705968469210247
GPR83,-0.33867,1.768029,0.01705968469210247
CYBB,0.397272,1.768029,0.01705968469210247
NAA20,0.149612,1.768029,0.01705968469210247
SLURP1,0.376139,1.767046,0.017098342017165508
HARS,0.046009,1.767046,0.017098342017165508
RPS16P5,-0.66464,1.766763,0.01710948746778147
AZGP1,0.286371,1.766106,0.01713539026106406
ATP5MD,0.226979,1.765785,0.017148060220690767
KIF9,0.140647,1.765358,0.017164928550401918
NRDE2,-0.28879,1.764488,0.017199348641382336
SH3GL3,0.294096,1.763878,0.017223523422990338
RHOXF2,-0.45811,1.763878,0.017223523422990338
TMSB10,0.229521,1.763805,0.017226418746183723
SLC38A5,0.200877,1.763583,0.01723522669268044
MAGEL2,-0.06958,1.757783,0.017466946900706878
NEUROD1,-1.37322,1.757241,0.017488759278113622
STN1,0.105852,1.757241,0.017488759278113622
CCDC51,0.12315,1.755602,0.01755488545279108
PHC3,-0.23991,1.755602,0.01755488545279108
ZNF333,-0.37139,1.755602,0.01755488545279108
FAM45A,0.119193,1.755602,0.01755488545279108
SMIM18,-0.48622,1.755602,0.01755488545279108
TTC39A,0.196202,1.753104,0.017656149602737377
ANKHD1,-0.25334,1.753104,0.017656149602737377
PBK,0.262192,1.750939,0.017744386969492137
WDR45B,0.071918,1.750939,0.017744386969492137
KLK6,1.105402,1.750671,0.017755340282276433
ZNF208,-0.53881,1.750671,0.017755340282276433
ADAM22,-0.32676,1.749782,0.01779172265556678
RNASEH2B,-0.37337,1.747925,0.017867961169673523
SNX10,0.192553,1.746836,0.01791282157386327
TSPAN14,-0.19174,1.744047,0.01802822626134256
MED6,0.041558,1.743701,0.018042594971983204
ZNF827,-0.39717,1.742465,0.018094017249284722
RASSF7,0.165585,1.740604,0.018171718479361
SNRPG,0.18388,1.740604,0.018171718479361
DDOST,0.083702,1.740604,0.018171718479361
ZNF609,-0.21981,1.74055,0.01817397808395382
SLC25A48,-1.01543,1.74055,0.01817397808395382
SEC16A,-0.20904,1.74055,0.01817397808395382
MFSD4BP1,-1.71268,1.740169,0.018189928836525447
GPLD1,-0.65221,1.739342,0.01822459978829619
RAB5A,0.155597,1.738964,0.01824046896888034
TMEM132C,-0.2648,1.738317,0.01826766337065061
KRTDAP,0.227091,1.737464,0.01830357823989851
MRC2,-0.43604,1.737464,0.01830357823989851
MAPK6,0.106314,1.736064,0.018362677209970528
VPS29,0.13375,1.735578,0.018383237582562925
TSHR,-0.41729,1.734389,0.018433635684306834
TCTEX1D2,0.247858,1.734389,0.018433635684306834
SEMA3E,0.005123,1.732732,0.018504101415136656
ANKRD36BP2,-0.46546,1.73237,0.018519531676124905
AL022334.1,-0.30417,1.73237,0.018519531676124905
GSTP1,0.184297,1.73237,0.018519531676124905
MAST3,-0.29159,1.73237,0.018519531676124905
PPM1K,-0.45127,1.731976,0.01853634056187959
HLA-DQB1,1.771436,1.731774,0.018544964230548147
HIST2H2AA4,0.332026,1.731774,0.018544964230548147
CCDC171,-0.44734,1.731774,0.018544964230548147
SNAPC5,0.102766,1.731774,0.018544964230548147
ORC4,-0.2289,1.731774,0.018544964230548147
DAPK3,0.158018,1.731774,0.018544964230548147
SSNA1,0.13715,1.731774,0.018544964230548147
MOBP,-0.19148,1.731389,0.018561411542605245
COX7A2,0.194111,1.731346,0.01856324942045844
HLA-C,-2.07475,1.730218,0.01861152671346216
TSG101,0.083676,1.730218,0.01861152671346216
RAMP3,0.3376,1.728819,0.018671577000958225
GPR87,0.144199,1.728374,0.01869071864424435
GLG1,-0.16727,1.725463,0.018816420071007214
RNF25,0.143587,1.725358,0.018820969893871352
CXCR4,0.42721,1.725358,0.018820969893871352
AP2S1,0.149245,1.723186,0.01891533337680738
NCOA6,-0.28214,1.720125,0.019049123612013562
MMS22L,-0.22204,1.719661,0.01906948656178059
CTSA,0.135951,1.719543,0.01907466854136131
MRPL37,0.073149,1.719076,0.01909519070235113
PAK5,-0.22419,1.719076,0.01909519070235113
C1QA,0.599415,1.719076,0.01909519070235113
CENPX,0.173848,1.718241,0.01913193955049255
ZNF527,-0.53193,1.718241,0.01913193955049255
TUBGCP4,-0.74916,1.717626,0.01915905128735693
SLC25A5,0.179378,1.716346,0.019215602225702427
KMT5A,0.040801,1.716346,0.019215602225702427
RABL2B,-0.29635,1.716346,0.019215602225702427
Z98749.3,0.262255,1.716346,0.019215602225702427
TSKU,-0.22376,1.716346,0.019215602225702427
TBX3,-0.37157,1.715105,0.019270589490578076
GAP43,-0.51335,1.714512,0.019296920160921598
VSIG8,0.37381,1.713843,0.019326668611403766
DHRS1,0.190319,1.713516,0.01934122601596756
WISP3,0.563847,1.713516,0.01934122601596756
DISP2,-0.64066,1.711725,0.019421152568743428
SFMBT2,-0.32322,1.711725,0.019421152568743428
FTSJ3,0.067808,1.711447,0.019433588390596987
ACSF3,-0.26255,1.710541,0.019474171934182025
PPP2CA,0.17823,1.71006,0.019495752373788245
KIAA1549L,-0.2391,1.707654,0.019604058959965198
TGFA,0.192323,1.707654,0.019604058959965198
YWHAH,0.090923,1.707233,0.019623072119905664
PRRC2B,-0.26342,1.706887,0.019638711941654296
SLC13A5,-0.50517,1.706001,0.01967881758486426
OGN,-0.62052,1.706001,0.01967881758486426
DNAH11,-0.54366,1.706001,0.01967881758486426
PAK3,-0.4065,1.705858,0.019685298289494106
CDC37,0.083422,1.705661,0.0196942297486926
ZNF117,-0.50616,1.705661,0.0196942297486926
PRAME,0.216095,1.705661,0.0196942297486926
POLR2L,0.202478,1.705661,0.0196942297486926
OR6C75,-0.43924,1.705661,0.0196942297486926
PSMA7,0.134506,1.705012,0.01972368236813522
HOXA6,-0.6028,1.705012,0.01972368236813522
DUSP12,0.116974,1.704996,0.01972440902883272
PRSS27,0.684059,1.701632,0.01987778550709492
KIF6,-0.11451,1.699799,0.019961859752103003
FTO,-0.23467,1.699799,0.019961859752103003
MOGAT3,-0.39612,1.699799,0.019961859752103003
OR1I1,-0.33202,1.699799,0.019961859752103003
TF,-0.52345,1.699161,0.019991206258439947
PRKACA,-0.28721,1.699161,0.019991206258439947
TBK1,0.048202,1.699161,0.019991206258439947
FAM110C,0.301788,1.698544,0.020019627849688672
SPAG7,0.098204,1.697144,0.02008426763605366
AC122718.2,-0.60771,1.695342,0.02016777557920291
GHITM,0.15384,1.694591,0.02020268070277242
LYZ,0.471416,1.69246,0.020302055000856023
MAMLD1,-0.40195,1.692208,0.020313838716003202
SLC29A4,-0.33495,1.692208,0.020313838716003202
NCKAP5,-0.18711,1.692208,0.020313838716003202
IVL,0.270117,1.690232,0.02040647540059985
RSRC2,0.077946,1.689486,0.02044155830738688
TET3,-0.27289,1.688811,0.02047335419880721
CHCHD1,0.146398,1.688766,0.02047547568252367
HMOX1,0.223047,1.688593,0.020483633656107433
APELA,-0.27842,1.687727,0.020524519564634653
GLTP,0.165553,1.685312,0.020638969060323618
MRPS28,0.085855,1.683771,0.02071233205573127
EXOC1,0.073092,1.683465,0.0207269309217944
PHEX,-0.26443,1.682907,0.02075357887870957
MT-CYB,-0.8673,1.682907,0.02075357887870957
MRPS36,0.115173,1.682907,0.02075357887870957
EMC6,0.148678,1.682907,0.02075357887870957
TNKS,-0.31486,1.681884,0.020802522480119188
CD9,0.153644,1.681778,0.02080760045507975
SAMD4B,-0.28071,1.681585,0.020816849385266206
BTG3,0.132456,1.681174,0.02083655899508166
MOSPD1,0.131274,1.680143,0.020886083022568183
EFCAB11,-0.22309,1.680143,0.020886083022568183
GKAP1,-0.32649,1.679052,0.020938617335107972
DCUN1D5,0.04771,1.679052,0.020938617335107972
ZNF559-ZNF177,-0.50233,1.678889,0.020946477520610924
GAR1,0.141982,1.678503,0.020965102980618596
PDCL3,0.15963,1.678503,0.020965102980618596
RASA4B,0.449181,1.678486,0.02096592365355182
NES,0.349501,1.678486,0.02096592365355182
ARSF,0.521083,1.678486,0.02096592365355182
ZCCHC14,-0.19914,1.678486,0.02096592365355182
EHBP1L1,0.133569,1.678486,0.02096592365355182
PTPN14,-0.29748,1.678486,0.02096592365355182
BRD4,-0.28953,1.678486,0.02096592365355182
GRM6,-0.20865,1.678486,0.02096592365355182
PPEF2,-0.44353,1.677783,0.020999889040070732
DNAJB11,0.103162,1.677502,0.02101348091958882
TESMIN,-0.30494,1.677502,0.02101348091958882
TRNAU1AP,0.082104,1.677502,0.02101348091958882
C12orf56,0.270909,1.677399,0.021018465199392454
ANAPC15,0.179285,1.677399,0.021018465199392454
POLR3G,-0.00185,1.677399,0.021018465199392454
CR589904.1,-0.41321,1.677399,0.021018465199392454
PDE6B,-0.46517,1.676667,0.02105392153268736
XCR1,-0.38138,1.673959,0.021185611306663715
SMAGP,0.152686,1.673959,0.021185611306663715
HDAC3,0.023755,1.673098,0.021227653988507476
FAM120B,-0.19867,1.670576,0.021351284134236127
TMEM258,0.196082,1.669833,0.02138784361806313
DDX39A,0.158048,1.669608,0.021398927138123778
BRWD3,-0.25282,1.66699,0.021528313049263774
IL16,-0.25907,1.666917,0.021531932019816732
PDZK1IP1,0.240736,1.666917,0.021531932019816732
TTC13,0.031022,1.666917,0.021531932019816732
SLC16A12,-0.08496,1.666917,0.021531932019816732
TTC1,0.130453,1.66509,0.021622703842542144
BMP2KL,-0.45875,1.66509,0.021622703842542144
EIF2B1,0.112593,1.664293,0.021662421403525145
SLC25A45,-0.19682,1.662008,0.021776696578261593
TMEM131,-0.2368,1.662008,0.021776696578261593
RAP1B,0.088411,1.659937,0.02188079009929502
ANK3,-0.3278,1.659638,0.021895859618128337
CARHSP1,0.364487,1.657598,0.021998952399178935
LRR1,0.248074,1.656929,0.022032866347137928
TET1,-0.26887,1.656878,0.02203545385909305
HSBP1L1,0.09402,1.656797,0.022039564061490248
ABCC8,-0.13147,1.656797,0.022039564061490248
MKL2,-0.30152,1.656797,0.022039564061490248
ADAMTS9,-0.45878,1.656797,0.022039564061490248
LATS1,-0.2238,1.656797,0.022039564061490248
CNOT4,-0.19154,1.656663,0.02204636533889412
TRPV3,0.11857,1.656663,0.02204636533889412
NABP2,0.155623,1.656379,0.022060786925304502
ACVR2B,-0.69755,1.656243,0.022067696377220405
STXBP4,-0.18336,1.656243,0.022067696377220405
AC104772.1,-0.47014,1.656243,0.022067696377220405
BTF3P12,-0.69833,1.656243,0.022067696377220405
DPF3,-0.39074,1.655986,0.0220807591182913
ARHGEF3,0.061044,1.65551,0.022104973571307814
HYAL1,0.239504,1.655166,0.02212248961995258
FBXO6,0.233805,1.655166,0.02212248961995258
MSL2,-0.20106,1.653889,0.02218763434304947
IL37,0.390309,1.653077,0.022229157348578887
SUSD2,-0.4141,1.653077,0.022229157348578887
MPZL2,0.268823,1.65235,0.02226639966196383
RBM22P2,-0.80811,1.651974,0.022285685634642723
ZKSCAN1,-0.22649,1.649836,0.022395666929401346
TRABD2A,-0.19632,1.647566,0.022513032588029464
ASB11,-0.35438,1.647566,0.022513032588029464
GJD2,-0.32949,1.647566,0.022513032588029464
DENND2A,-0.44576,1.646683,0.022558852259091818
PPIA,0.187834,1.646683,0.022558852259091818
C20orf24,0.179604,1.646067,0.022590872267178833
LINC00032,-0.23585,1.645189,0.022636589746651708
HTATIP2,0.149463,1.6448990000000001,0.022651710369976517
ARHGEF28,-0.28953,1.644684,0.022662927006663114
AL807752.1,-0.38232,1.644684,0.022662927006663114
WNK2,-0.46749,1.644367,0.022679475157107908
TRIP6,0.094936,1.643951,0.022701209676234752
MRPS7,0.089371,1.643833,0.02270737854735871
GZMA,0.558427,1.643777,0.022710306733737078
WWC3,-0.1294,1.643533,0.022723069667658965
RIPOR1,-0.53338,1.643533,0.022723069667658965
BTBD7,-0.22773,1.642632,0.02277026054565574
USP18,0.433966,1.642632,0.02277026054565574
NDUFB6,0.232243,1.642632,0.02277026054565574
GPR68,0.157224,1.641554,0.022826850788946376
ADGRA3,-0.37844,1.638784,0.022972909409253298
LETM1P2,-0.0608,1.638374,0.022994607452054564
CASP2,-0.22232,1.638374,0.022994607452054564
MRPL13,0.190813,1.637287,0.023052232970562306
MAPKAPK3,0.116211,1.63619,0.023110535034814427
AL353748.2,-0.58981,1.63619,0.023110535034814427
CD24,0.459015,1.634865,0.02318115121722341
TMEM94,-0.33619,1.634865,0.02318115121722341
ATP6V1E1,0.139583,1.634865,0.02318115121722341
IGLV3-10,-0.83705,1.63478,0.023185688669968105
AIPL1,-0.26388,1.634678,0.023191134785642876
ARL2BP,0.260927,1.634678,0.023191134785642876
IRS1,-0.32156,1.634678,0.023191134785642876
ZNF536,-0.17965,1.634678,0.023191134785642876
WDR34,0.141276,1.633761,0.023240153916319468
SDHB,0.118614,1.631224,0.02337631226429627
ZNF598,0.122353,1.630893,0.02339413544428962
DTX3L,0.278455,1.630029,0.023440722847427257
NBEA,-0.40301,1.630029,0.023440722847427257
NAMPT,0.352645,1.630029,0.023440722847427257
ZNF728,-0.31346,1.630029,0.023440722847427257
ATXN1,-0.34383,1.630029,0.023440722847427257
LAD1,0.102851,1.628398,0.023528920373814804
ENSA,0.087035,1.62822,0.023538565917094315
C13orf42,-0.55189,1.62822,0.023538565917094315
GUCY2C,0.243186,1.62822,0.023538565917094315
CCRL2,0.199796,1.628136,0.023543119119697108
HDAC1,0.081571,1.628132,0.02354333596083621
TMEM201,-0.24333,1.627501,0.02357756767019419
GRN,0.144699,1.627426,0.023581639723481897
BAK1,0.215555,1.627426,0.023581639723481897
DEPDC7,0.154188,1.627336,0.023586527115766674
WDR7,-0.22683,1.62707,0.023600977997012725
STARD9,-0.48076,1.626996,0.023604999740886652
SYF2,0.12565,1.626996,0.023604999740886652
NIPSNAP3B,-0.40728,1.626996,0.023604999740886652
EFCAB5,-0.4779,1.626873,0.023611686047707463
NDUFA9,0.133931,1.626069,0.02365543833876409
ACP1,0.094446,1.625412,0.023691251330266717
ZBTB8B,-0.25266,1.62352,0.02379468719849146
TDRD5,-0.20447,1.62352,0.02379468719849146
SYT8,0.349696,1.623051,0.023820397256262806
MRPL39,0.162942,1.621768,0.023890871918482076
IGF2BP2,-0.14818,1.621768,0.023890871918482076
ZFP42,-0.32769,1.621607,0.02389973029360385
FGF23,-3.21479,1.621072,0.02392919010744545
AC092641.1,-0.44216,1.620871,0.023940267568963093
S100A16,0.167319,1.620871,0.023940267568963093
AC019206.1,-0.65162,1.620871,0.023940267568963093
HOOK3,-0.18223,1.620871,0.023940267568963093
PLEKHA3,-0.05055,1.620871,0.023940267568963093
BCORP1,-0.19344,1.619998,0.023988439660787668
ZNF347,-0.30027,1.619998,0.023988439660787668
PILRA,0.195296,1.619998,0.023988439660787668
ASNA1,0.155378,1.619998,0.023988439660787668
COQ3,0.165452,1.619998,0.023988439660787668
PLAGL2,-0.26154,1.619954,0.023990870142543155
SON,-0.1538,1.618729,0.024058635919398705
STAT2,0.175134,1.617306,0.02413759521822447
AP002981.1,-0.56738,1.617306,0.02413759521822447
TENM4,-0.46858,1.615634,0.024230702196043886
ERI3,-0.00607,1.614719,0.024281806839548992
FUT3,0.105424,1.614719,0.024281806839548992
NLGN2,-0.33224,1.61468,0.024283987463590374
MORN2,0.204789,1.613772,0.02433481225633385
PSMD13,0.083396,1.6132,0.02436688423459584
KLHL34,-0.15142,1.611594,0.02445715860684265
UBD,0.733332,1.611594,0.02445715860684265
SYVN1,-0.25048,1.610416,0.024523587361730256
RPS3AP38,-0.56119,1.60989,0.02455330733807367
ZNF676,-0.37472,1.609084,0.02459891772881512
FLVCR2,0.152032,1.609056,0.02460050373077668
IKBKG,0.119514,1.609056,0.02460050373077668
AL590282.1,-0.38356,1.609056,0.02460050373077668
NTN5,-0.19637,1.609056,0.02460050373077668
CCDC94,0.121191,1.609056,0.02460050373077668
COX20,0.21576,1.609056,0.02460050373077668
PEG3,-0.47221,1.609056,0.02460050373077668
AC006011.2,-0.21932,1.609056,0.02460050373077668
CCDC80,-0.62143,1.609056,0.02460050373077668
ANKRD17,-0.26108,1.603554,0.0249141457051532
COMMD3,0.108496,1.603391,0.024923498271454778
TBC1D8B,-0.46492,1.601856,0.02501174544301641
LMNTD1,-0.45891,1.601176,0.025050938455493683
HSPD1P3,0.407862,1.600482,0.02509100170810048
PCNX1,-0.27336,1.600414,0.025094930659003832
FASN,-0.61439,1.598921,0.025181349454789347
LRRC69,-0.49098,1.59844,0.025209254343015075
DPYSL5,-0.1043,1.598381,0.025212679316397528
ZDHHC2,-0.46601,1.598093,0.025229404511185067
MSN,0.115306,1.597147,0.02528442024511244
GLRX,0.327857,1.597147,0.02528442024511244
TTLL11,-0.20338,1.597147,0.02528442024511244
SPATA6,-0.20436,1.597147,0.02528442024511244
CCDC60,0.216206,1.596483,0.025323107579778268
ESRRG,-0.49775,1.596041,0.025348893104695774
AL096700.1,-0.56041,1.59528,0.02539335007892802
GTF2A2,0.138821,1.59528,0.02539335007892802
SETD1B,-0.37617,1.593817,0.02547903644405803
SRGAP2,-0.29364,1.593477,0.025498991254969343
NEK9,-0.16739,1.593477,0.025498991254969343
AP1S1,0.193031,1.593477,0.025498991254969343
SLC19A3,-0.71964,1.593477,0.025498991254969343
NOL12,0.181435,1.593477,0.025498991254969343
UBASH3B,0.104259,1.593477,0.025498991254969343
CX3CL1,-0.31094,1.593477,0.025498991254969343
SOX6,-0.39764,1.593477,0.025498991254969343
PARP14,0.359901,1.592833,0.025536830860109494
KRT16P6,0.493029,1.592333,0.025566248153846078
DDX60,0.234662,1.590969,0.025646670962751795
AL356432.3,-2.63951,1.590969,0.025646670962751795
SOAT2,0.226341,1.590969,0.025646670962751795
VPS33A,0.125107,1.590969,0.025646670962751795
EPN3,0.135355,1.590969,0.025646670962751795
PPP3R1,-0.34291,1.590969,0.025646670962751795
ARID3A,-0.76308,1.590969,0.025646670962751795
SEM1,0.191817,1.590969,0.025646670962751795
TMEM136,-0.25642,1.590969,0.025646670962751795
CEP192,-0.18734,1.589701,0.025721660400347908
STYK1,-0.05754,1.589701,0.025721660400347908
SMIM4,0.173014,1.589674,0.025723259560475855
ZCCHC9,0.118108,1.589531,0.025731730844210737
SLC27A1,-0.33999,1.589531,0.025731730844210737
TBC1D14,0.048387,1.588677,0.02578237969891777
BNIP3P39,-0.56406,1.587915,0.025827656393709295
PLAU,0.266025,1.587915,0.025827656393709295
UQCR11,0.149723,1.587832,0.02583259290667176
SNRPA1,0.085197,1.584716,0.026018604524159286
SKP1,0.161453,1.584663,0.02602177995061377
SLC3A1,-0.36365,1.583618,0.026084468985514586
SPATA31C1,-0.19398,1.583523,0.026090175472023438
MRPS24,0.131884,1.583,0.026121613543992065
ILF2,0.106322,1.582626,0.02614411829976959
GRAMD2A,0.051769,1.582526,0.026150138898596697
TSPAN19,-0.40936,1.582526,0.026150138898596697
FCHSD1,0.255399,1.582526,0.026150138898596697
RPL26L1,0.189998,1.582526,0.026150138898596697
CCDC110,-0.28586,1.582455,0.026154414365391954
BTF3,0.132499,1.581947,0.02618502542941889
QRFP,-0.32127,1.581947,0.02618502542941889
GUK1,0.122172,1.581947,0.02618502542941889
POLR2J,0.133392,1.581337,0.026221830152920633
FAM96B,0.161092,1.581337,0.026221830152920633
RNF24,-0.23703,1.580427,0.02627683173229478
NLGN4X,0.094195,1.580427,0.02627683173229478
NOL4L,-0.32436,1.578197,0.02641210408043862
OR14J1,-0.48929,1.578197,0.02641210408043862
LEF1,-0.39471,1.578095,0.026418308052901286
SERPINB1,0.278842,1.577016,0.026484025660530576
TAP1,0.389729,1.577016,0.026484025660530576
ZKSCAN8,-0.20329,1.576689,0.026503974192984368
AC270267.2,-0.88448,1.576689,0.026503974192984368
TMEM221,-0.30757,1.576195,0.02653413900762958
EMC4,0.11687,1.576195,0.02653413900762958
CES1,-0.76858,1.576195,0.02653413900762958
POLR2K,0.193063,1.575966,0.026548133935874053
DYNLT1,0.143618,1.575055,0.026603881211123257
GTF2H1,0.034006,1.574557,0.02663440504317075
RAD54B,-0.38366,1.574503,0.026637716960204404
KCTD2,0.13933,1.574396,0.02664428067901287
PDE6A,-0.38705,1.574396,0.02664428067901287
MOAP1,0.093124,1.574396,0.02664428067901287
IGFL1,0.837215,1.573183,0.026718803130112233
WIF1,-0.65401,1.572866,0.02673831282423831
ATP5MG,0.203916,1.571522,0.02682118736421475
GVQW3,-0.30297,1.57028,0.026898000665835513
ASH1L,-0.19311,1.569271,0.02696056566637006
UBE2D3,0.091637,1.56922,0.02696373188110034
KAT5,0.088126,1.568672,0.026997776641025692
FGFR3,0.146259,1.568672,0.026997776641025692
NFE2,0.328429,1.568672,0.026997776641025692
MYZAP,0.171969,1.568672,0.026997776641025692
GATB,0.24351,1.568633,0.027000201172329985
TAF9,0.175703,1.567269,0.027085134714640594
KLRD1,-0.44939,1.56664,0.027124391241360048
SLC35B1,0.107369,1.56664,0.027124391241360048
PSMD8,0.141183,1.566114,0.027157263115043618
IKZF4,-0.28804,1.566066,0.02716026481256283
ZNF469,-0.16698,1.565206,0.027214101485240092
NR6A1,-0.24403,1.564947,0.027230335986799418
ZNF229,-0.37363,1.563865,0.027298262146491416
RREB1,-0.25099,1.563865,0.027298262146491416
CCDC169,-0.44812,1.563865,0.027298262146491416
ZNF492,-0.32645,1.563865,0.027298262146491416
USF3,-0.18037,1.562732,0.027369571618643822
TOR4A,0.205758,1.562732,0.027369571618643822
VENTXP6,-0.85132,1.562522,0.027382809180048363
TTC6,-0.52714,1.562127,0.027407725752452834
POLR2G,0.122162,1.562127,0.027407725752452834
ATP5F1E,0.126852,1.557771,0.027684010162911565
TUB,-0.2706,1.557747,0.02768554008012312
AC097063.1,-0.21257,1.557617,0.027693828601132245
TWF1,0.225217,1.557617,0.027693828601132245
FAM234B,-0.27298,1.555796,0.02781019281842509
KDM3B,-0.59688,1.55488,0.02786891108724446
UQCRQ,0.127876,1.554154,0.027915537860312253
PAIP2,0.105016,1.554154,0.027915537860312253
IFNGR2,0.100741,1.553438,0.027961598796441257
CYC1,0.105414,1.550124,0.02817578339884646
MAPK3,0.137003,1.550124,0.02817578339884646
RFX4,-0.44407,1.550124,0.02817578339884646
NDUFV1,0.069917,1.549975,0.028185451750972583
SNRPGP18,-0.85487,1.549457,0.028219089697370605
GPR149,0.131349,1.547772,0.028328788368415687
AC002366.1,-0.1843,1.545017,0.0285090666958135
MRPS22,0.105478,1.545017,0.0285090666958135
ZSCAN18,-0.31987,1.545003,0.02850998573435443
ZNF677,-0.23372,1.544103,0.028569128996603705
EFNB3,-0.29376,1.543154,0.02863162517877337
PPIAP91,-0.52599,1.543154,0.02863162517877337
AL592148.2,0.507998,1.542965,0.028644088046804003
UNC50,0.086984,1.541151,0.02876398144978664
PIH1D3,-0.17058,1.540978,0.02877544178430925
CDC42EP4,-0.27119,1.540978,0.02877544178430925
TXNDC9,0.181248,1.540725,0.028792209917540928
VDAC2,0.091663,1.540174,0.028828762479057024
VDAC1P8,-0.51025,1.53824,0.02895742898791712
CAPZA1,0.048255,1.53824,0.02895742898791712
CDH13,0.120193,1.53824,0.02895742898791712
AC140479.4,-0.38501,1.53769,0.02899412453841072
RPUSD1,0.155386,1.537517,0.02900567656805517
AL136981.2,-0.38031,1.536586,0.029067922927009406
ALG5,0.114667,1.536586,0.029067922927009406
LYPD6,-0.2374,1.536586,0.029067922927009406
MED31,0.169204,1.536456,0.029076625306994584
HOXC10,0.457493,1.536169,0.02909584671039377
MACO1,0.055901,1.533947,0.029245092544317366
BRAF,-0.25288,1.533947,0.029245092544317366
EXOSC6,-0.27216,1.533947,0.029245092544317366
RPL7P7,-0.38173,1.533947,0.029245092544317366
UPP2,-0.20064,1.533947,0.029245092544317366
COX6C,0.188094,1.533947,0.029245092544317366
AGO3,-0.1768,1.5339,0.029248257663345614
POLR2C,0.096349,1.532431,0.02934735732951925
ACP5,0.255563,1.531552,0.029406815718505414
ZUFSP,0.064636,1.531426,0.02941534862988784
LSM2,0.144299,1.530284,0.02949279960995963
OR52I1,-0.29414,1.529998,0.029512228175184233
GPR173,-0.28669,1.529998,0.029512228175184233
POLE4,0.2027,1.529998,0.029512228175184233
NAE1,0.062332,1.529076,0.029574948701104522
KLF4P1,-0.26883,1.528896,0.029587209032150952
PFKP,0.104989,1.528896,0.029587209032150952
PSMA4,0.194248,1.528564,0.029609835865748814
TFIP11,0.08168,1.527883,0.029656302299819096
LSM1,0.128345,1.527883,0.029656302299819096
FCGBP,-0.54582,1.526419,0.029756441927198573
PCDHGA8,-0.22878,1.526419,0.029756441927198573
BPTF,-0.25677,1.526075,0.029780021022763205
AP000926.1,-0.48417,1.525692,0.029806295312016347
EHF,0.272068,1.525547,0.029816248545524116
PIGM,-0.19705,1.523898,0.029929674934252755
MRPL21,0.162465,1.523898,0.029929674934252755
BLOC1S2,0.166848,1.523271,0.029972916236762355
OSER1,0.093715,1.523024,0.029989967837213437
PTPN23,-0.22098,1.52233,0.030037929938883465
EPPK1,-0.46122,1.52233,0.030037929938883465
PRPF8,-0.17841,1.52233,0.030037929938883465
MGRN1,-0.28814,1.52233,0.030037929938883465
ADAM23,0.298328,1.52233,0.030037929938883465
TNFSF9,0.220627,1.521387,0.030103223291178975
DCHS2,-0.31829,1.520923,0.03013540274658015
ATP2A2,-0.27278,1.520713,0.030149978029301663
LOXL4,-0.51253,1.520603,0.030157615514384676
HELZ,-0.25333,1.520598,0.030157962718762962
ZNF268,-0.17719,1.519817,0.030212245148776143
SRCAP,-0.30707,1.518569,0.030299188709694783
TRIM61,-0.26904,1.518115,0.030330879243988036
NDUFAB1,0.161482,1.515894,0.030486389924023846
PPP1R8P1,-0.34922,1.515894,0.030486389924023846
NDUFS6,0.179347,1.515894,0.030486389924023846
ZNF471,-0.35519,1.515894,0.030486389924023846
KRT18P37,-0.26589,1.515894,0.030486389924023846
AL355877.1,-0.36847,1.515679,0.030501486124446614
PRR12,-0.40311,1.514624,0.030575671236177385
LETM2,-0.19837,1.512666,0.030713831687732104
ARIH1,-0.11735,1.511661,0.030784988805298202
DNAH17,-0.25845,1.511414,0.030802502394061203
PSMD3,0.095677,1.511203,0.030817471285829897
BAHCC1,-0.31856,1.510892,0.030839547702737138
RNF215,-0.37641,1.510418,0.03087322514125316
NOP10,0.147608,1.508895,0.030981682572593
ACBD6,0.008505,1.508844,0.03098532102220656
GPX1,0.15148,1.507793,0.031060396829468994
NFXL1,-0.26445,1.507793,0.031060396829468994
ANKRD1,-0.24014,1.507272,0.031097680695435607
MOXD1,0.230705,1.506893,0.03112483085663297
GLB1,-0.06815,1.506761,0.031134292413883737
NMI,0.256679,1.506049,0.031185377100202118
GPR37L1,-0.18344,1.506049,0.031185377100202118
SPATA5L1,-0.03651,1.506049,0.031185377100202118
SYK,0.109029,1.50525,0.03124280369029343
RPH3AL,-0.61121,1.505247,0.031243019508680962
TMPRSS11GP,-0.60852,1.505126,0.031251725426443375
LRP12,-0.27305,1.505126,0.031251725426443375
TSTA3,0.13812,1.505126,0.031251725426443375
NAT1,0.217734,1.504213,0.03131749379155912
DNAH9,0.164004,1.503455,0.03137220180556775
MAGEA10,-0.2979,1.503455,0.03137220180556775
MARCKS,-0.26855,1.503401,0.031376102854957615
NSMCE2,0.00809,1.500203,0.031607998786508884
GTPBP2,-0.00914,1.499524,0.03165745513035987
IGLL5,-0.58745,1.498358,0.03174256371525913
MYH7B,-0.48499,1.498342,0.03174373317606565
SMYD2,0.0442,1.497516,0.031804165152966045
CPSF3,0.137624,1.497003,0.03184175526144854
GRIK3,-0.07313,1.497003,0.03184175526144854
PURA,-0.24667,1.49689,0.03185004131304742
GABARAPL2,0.163425,1.496506,0.031878215340096126
AC110994.2,-0.52701,1.496506,0.031878215340096126
CSDC2,-0.22958,1.496325,0.03189150392595324
HLA-DQA2,-0.57681,1.496178,0.031902300389569066
AC139769.3,-0.66211,1.49536,0.03196244546260077
MPHOSPH8,-0.20443,1.493833,0.03207502473810549
EMC3,0.196079,1.4938,0.03207746206134073
RUNX1T1,-0.57012,1.4938,0.03207746206134073
IQSEC1,-0.33313,1.4938,0.03207746206134073
IMPDH1,0.140444,1.49348,0.032101106318645635
ZDHHC15,-0.381,1.493399,0.03210709403485005
ZSCAN21,0.060673,1.493399,0.03210709403485005
PLLP,-0.38235,1.491853,0.03222159243213513
NDUFB3,0.136476,1.491853,0.03222159243213513
EIF6,0.177195,1.491773,0.03222752841551516
TMEM121B,-0.17083,1.490954,0.03228836098415341
PON2,0.036756,1.489834,0.03237173674914971
FAR2P1,-0.03461,1.489834,0.03237173674914971
AC022826.1,-0.44455,1.489834,0.03237173674914971
TINF2,0.038573,1.489834,0.03237173674914971
LYSMD4,0.090127,1.487633,0.03253621280992637
ZNF43,-0.35577,1.486453,0.03262473554618224
MTCH2,0.146752,1.486453,0.03262473554618224
RAB24,0.113617,1.486453,0.03262473554618224
KARS,0.089408,1.486453,0.03262473554618224
COPE,0.116151,1.486453,0.03262473554618224
CWC25,0.111267,1.485914,0.0326652510255533
ULBP2,0.283234,1.485914,0.0326652510255533
YBX1P3,-0.3209,1.484975,0.03273595386663098
DTWD1,-0.22963,1.484973,0.03273610462161685
QSOX1,0.144424,1.48307,0.032879863052700686
DSG2,-0.33743,1.482886,0.03289379640168724
HNF4A,-0.18152,1.482795,0.03290068953347646
ARNT,-0.20966,1.482795,0.03290068953347646
SPAG17,-0.48546,1.481166,0.033024328830634574
LRRC17,-0.4523,1.480881,0.033046007721371395
DAPL1,0.279851,1.480877,0.03304631208775209
CCDC170,-0.56348,1.480173,0.033099924258907204
FAM49B,0.028657,1.479866,0.033123330656247625
RPL21P44,-0.56845,1.479476,0.03315308903796877
AK5,-0.63675,1.479316,0.033165305337533015
FOXP4,-0.3362,1.479316,0.033165305337533015
CCDC12,0.092485,1.479316,0.033165305337533015
MT-ND5,-0.92861,1.478277,0.033244744533494505
TCEANC2,-0.11835,1.478277,0.033244744533494505
AC007494.1,-0.46405,1.477973,0.03326802353139647
PSMG1,0.175193,1.477321,0.03331800584156399
OR9K1P,-0.12259,1.477281,0.033321074684630435
CDK5RAP1,0.038517,1.477281,0.033321074684630435
FAM129C,-0.35875,1.477281,0.033321074684630435
RAD52,-0.70813,1.477129,0.03333273886639939
AC139769.1,-0.33518,1.477129,0.03333273886639939
DLGAP4,-0.22875,1.475979,0.03342112001796812
STK35,-0.21926,1.475812,0.03343397396963408
SATL1,-0.42564,1.475812,0.03343397396963408
PSMD14,0.137432,1.475812,0.03343397396963408
ZEB2,-0.59717,1.474081,0.03356750018635518
B2M,0.274167,1.474081,0.03356750018635518
ITIH5,-0.57054,1.473842,0.03358597806434539
ORMDL2,0.17208,1.473842,0.03358597806434539
SPINT2,0.127299,1.47272,0.033672859635571956
HERC2,-0.20485,1.47272,0.033672859635571956
EPHA10,-0.14615,1.47272,0.033672859635571956
LCE2C,0.360595,1.472698,0.03367456544051894
C12orf74,0.088255,1.47171,0.033751260736346836
SMG7,-0.32008,1.470996,0.033806794991253
RAB11FIP1P1,-0.41647,1.470996,0.033806794991253
EMSY,-0.26029,1.470996,0.033806794991253
POU5F2,-0.36074,1.470996,0.033806794991253
FLRT2,-0.30484,1.470996,0.033806794991253
IGHA2,-1.46804,1.470996,0.033806794991253
PCBP2,-0.281,1.470996,0.033806794991253
EFCAB10,-0.28436,1.470996,0.033806794991253
AC095040.1,-0.45131,1.470996,0.033806794991253
AIF1,0.32963,1.470996,0.033806794991253
GSK3B,-0.23818,1.469302,0.03393891858258703
DMKN,0.15583,1.469302,0.03393891858258703
AC011511.1,-0.40206,1.468966,0.03396518621782719
GCOM2,-0.33696,1.468907,0.033969800787427035
C3orf49,-0.35585,1.468184,0.03402639975850451
MMADHC,0.143317,1.468151,0.034028985363205366
DUS2,0.021594,1.468151,0.034028985363205366
POU2AF1,-0.303,1.468151,0.034028985363205366
ZNF318,-0.2411,1.468133,0.03403039577585321
CAMTA2,-0.40911,1.467344,0.03409227633818396
RLIMP1,-0.44559,1.467273,0.03409785031987573
NPLOC4,0.020905,1.46655,0.03415466264138846
TMEM236,-0.25247,1.466475,0.034160561451997126
NPNT,-0.27859,1.466475,0.034160561451997126
SUPT16HP1,-0.07926,1.466475,0.034160561451997126
TCEANC,-0.27154,1.466475,0.034160561451997126
PLAT,0.27487,1.466192,0.0341828288069427
BICRA,-0.23276,1.466192,0.0341828288069427
ZNF124,-0.29706,1.466192,0.0341828288069427
PIP5K1C,-0.33225,1.466192,0.0341828288069427
NDUFV2,0.098384,1.466126,0.034188023987245186
NSMCE4A,0.099582,1.465848,0.0342099153850047
ATP2B4,-0.21047,1.465848,0.0342099153850047
KCNV1,-0.3079,1.465688,0.03422252110551334
MT-ND4,-0.89536,1.465688,0.03422252110551334
FBXL20,-0.20596,1.465688,0.03422252110551334
ODF3B,0.403206,1.464861,0.0342877510131939
BEND7P1,-0.43365,1.463874,0.034365763735799956
DLX1,0.289681,1.46311,0.034426272335603254
BTBD10,-0.0171,1.462602,0.034466564762417
SARS,0.065724,1.459497,0.03471386738284221
GPC3,0.348657,1.459497,0.03471386738284221
WRB,0.041913,1.459497,0.03471386738284221
FAM237B,-0.10819,1.456769,0.034932607161680375
GTF3C6,0.148277,1.456241,0.034975102827485324
GNA15,0.162756,1.456126,0.03498436536607433
ERCC3,-0.00206,1.456122,0.03498468758547093
HLA-F,0.715498,1.456122,0.03498468758547093
POP7,0.127038,1.455885,0.03500378438284692
QPCT,0.274956,1.45507,0.03506953439859262
ETFA,0.077397,1.45507,0.03506953439859262
UBQLN2,-0.22038,1.454634,0.03510475933325363
MAS1,-0.16499,1.454529,0.03511324768736412
ANKAR,-0.21812,1.454046,0.03515232056001108
DPY30,0.115312,1.454046,0.03515232056001108
TUBB2A,0.211,1.453805,0.03517183280484981
AAK1,-0.82615,1.453805,0.03517183280484981
IFIH1,0.273748,1.453805,0.03517183280484981
FAM168A,-0.21705,1.453337,0.03520975474625013
SCGB1D2,-1.50217,1.452457,0.03528117171866143
SULT1C2,-0.15006,1.452457,0.03528117171866143
SPINK4,-0.5166,1.449341,0.03553521930273298
METTL23,0.050062,1.448797,0.035579758831392305
ZNF493,-0.31005,1.448422,0.0356104941323403
GRPEL1,0.151279,1.448422,0.0356104941323403
ZNF592,-0.21577,1.448293,0.035621073212322656
IL1F10,0.343612,1.44722,0.03570919007399375
SYNE4,-0.20001,1.445267,0.03587013407663309
BACE1,-0.16111,1.445141,0.03588054243496339
TMEM50A,0.161129,1.444828,0.035906411190437436
PSMD4,0.104636,1.444828,0.035906411190437436
MMP1,0.184814,1.444828,0.035906411190437436
GPER1,-0.20815,1.444828,0.035906411190437436
APCDD1L,-0.23378,1.444087,0.03596772756229409
SCD,0.356109,1.44316,0.03604458254077295
IPO5P1,-0.19698,1.441597,0.03617453856041845
CYP2B6,-0.33138,1.441595,0.03617470515070851
PSIP1,-0.31317,1.441595,0.03617470515070851
E2F4,0.084333,1.441162,0.036210790017218886
HIPK2,-0.24504,1.440597,0.03625792948415838
SCAI,-0.1738,1.440055,0.03630320766851373
NEDD8,0.146941,1.439949,0.03631206941976075
AC015802.6,0.086224,1.439264,0.03636938857816776
LSM7,0.135809,1.439199,0.03637483232031349
AL160281.1,-0.89622,1.439013,0.03639041430008582
EMC7,0.125764,1.438135,0.03646405811512306
FOXRED2,-0.27033,1.437122,0.03654921048366438
NUDT8,0.212368,1.436839,0.036573034865004364
IVD,-0.33056,1.43675,0.03658053054773837
PTP4A1P3,-0.43156,1.43675,0.03658053054773837
LGALS3BP,0.35542,1.43675,0.03658053054773837
SETD2,-0.21411,1.43675,0.03658053054773837
RIOK2,0.025482,1.436337,0.03661533399452095
KALRN,-0.38732,1.436337,0.03661533399452095
C8orf46,-0.32599,1.436107,0.03663473041229946
GPR137C,-0.33305,1.435957,0.036647385785299136
CFAP157,-0.29838,1.43583,0.03665810408536414
PRKRA,0.067382,1.43583,0.03665810408536414
RPS6KA4,0.160449,1.43583,0.03665810408536414
ROPN1,-0.35096,1.43583,0.03665810408536414
RFX1,-0.20951,1.43583,0.03665810408536414
NT5DC3,-0.24619,1.43583,0.03665810408536414
SMIM12,0.100554,1.435059,0.036723240766094234
KCNA2,-0.34552,1.435059,0.036723240766094234
IL18R1,0.120494,1.435059,0.036723240766094234
HMGN1P24,-0.64901,1.435059,0.036723240766094234
PLEKHA5,-0.25707,1.435059,0.036723240766094234
DDX5,0.132159,1.435009,0.03672746892881991
S100A11,0.17046,1.434607,0.03676148105309778
CBLN1,0.155517,1.434267,0.03679027211059499
USP31,-0.26395,1.434122,0.036802557507532044
NPIPB12,-0.62024,1.433938,0.036818153158783014
Z82195.2,-0.24849,1.433938,0.036818153158783014
CKMT2,-0.53903,1.433938,0.036818153158783014
MCUB,0.145394,1.433938,0.036818153158783014
UQCR10,0.150475,1.433938,0.036818153158783014
SEC63P2,-0.10943,1.433838,0.03682663182794991
OR2AT4,-0.41705,1.433372,0.03686616818282102
TG,-0.37322,1.432778,0.03691662584996791
TALDO1,0.090483,1.432644,0.03692801809949336
BTBD9,-0.62805,1.432383,0.03695021757442802
ANKRD18CP,-0.10621,1.431303,0.037042219423525306
ZCRB1,0.112904,1.430776,0.037087196045133594
CNIH4,0.203958,1.429782,0.037172177305503824
LCOR,-0.46737,1.429702,0.03717902530431549
TERF2,-0.30439,1.427926,0.03733137617927985
CELF1,-0.13791,1.427926,0.03733137617927985
RSPO4,-0.2054,1.427926,0.03733137617927985
RNF126,0.108833,1.42769,0.03735166793834251
ZNF233,-0.37678,1.426955,0.03741493542462786
OSBPL2,0.051798,1.426955,0.03741493542462786
TDGF1,-0.29876,1.426564,0.03744863566206746
CCR5,0.150401,1.426179,0.0374818484194063
SLC22A1,-0.4458,1.425881,0.037507576178547365
ERVMER34-1,0.268269,1.425881,0.037507576178547365
NCBP2-AS2,0.14183,1.425881,0.037507576178547365
TSPYL2,0.127512,1.425746,0.03751923718293989
ATP6V1F,0.121757,1.425746,0.03751923718293989
NUP107,0.043994,1.425746,0.03751923718293989
IRAK1,0.140204,1.425729,0.0375207058627007
PMF1,0.145694,1.424155,0.03765693771274001
TSPAN2,0.229271,1.424022,0.03766847168310898
NFATC3,-0.28255,1.424022,0.03766847168310898
GSTO1,0.130531,1.423761,0.037691116285662594
WASHC5,-0.04601,1.421256,0.03790914591724458
ALDOC,0.261192,1.420438,0.037980615633281346
HTATSF1P1,-0.38581,1.420278,0.03799461078702644
C1QBP,0.135409,1.420278,0.03799461078702644
SNX11,0.007631,1.419854,0.0380317228898297
MCF2L,-0.2823,1.419409,0.03807071208035585
MT1G,0.405988,1.419324,0.03807816399917568
CNNM3,-0.28001,1.418263,0.03817130430950531
MREG,0.069692,1.418263,0.03817130430950531
B3GALT1,-0.29626,1.418091,0.038186424843831654
RAN,0.194374,1.418091,0.038186424843831654
SHROOM1,-0.16,1.418091,0.038186424843831654
ATXN2,-0.372,1.418091,0.038186424843831654
LONRF3,-0.31647,1.418091,0.038186424843831654
CDKN2B,0.211965,1.416552,0.03832198530442514
CPEB3,-0.20671,1.415797,0.03838866416885853
USP34,-0.22967,1.415793,0.038389017743150206
RBM12B,-0.23614,1.414249,0.03852574094281748
ADIPOQ,-0.7295,1.413872,0.038559198679012
SLC35A1,0.078187,1.413833,0.03856266148209793
PRMT1,0.095426,1.412003,0.03872549698498157
PRPSAP2,0.000314,1.411952,0.03873004485836479
CDHR3,-0.43986,1.411302,0.03878805475423271
FAM25A,0.503095,1.409965,0.03890764995920025
MCL1,0.095733,1.409965,0.03890764995920025
HOXB2,0.377889,1.409965,0.03890764995920025
PBX3,-0.4267,1.409965,0.03890764995920025
FBXW7,0.068447,1.409965,0.03890764995920025
MTUS2,-0.02212,1.409187,0.03897741202681252
TMEM14EP,-0.60811,1.408201,0.03906600488168957
ANKRD44,-0.16331,1.408201,0.03906600488168957
GLI1,-0.2591,1.408201,0.03906600488168957
NUDT1,0.048889,1.407717,0.03910956630615548
AC000367.1,-0.73616,1.407717,0.03910956630615548
TARBP2,0.113824,1.407717,0.03910956630615548
HDAC4,-0.2717,1.407717,0.03910956630615548
ZDHHC13,0.081238,1.407717,0.03910956630615548
DIO2,0.403816,1.407717,0.03910956630615548
SLC2A1,0.245922,1.407717,0.03910956630615548
PAN3,-0.2192,1.407717,0.03910956630615548
CROCCP4,-0.27035,1.406507,0.039218682497694814
ZNF263,0.053002,1.40639,0.03922924953040444
IFIT5,0.268697,1.405194,0.039337431530266705
FBLN7,-0.33841,1.403465,0.03949435267541698
KCTD9P4,-0.2289,1.40233,0.039597703554218364
MLX,0.088084,1.402323,0.03959834179893545
TRPC4AP,0.043469,1.401852,0.03964131019248525
MARVELD3,-0.34377,1.401852,0.03964131019248525
UTP14C,-0.18853,1.401852,0.03964131019248525
LCE1B,0.317529,1.401852,0.03964131019248525
C4orf22,-0.18697,1.401852,0.03964131019248525
CCL20,0.296942,1.401555,0.03966842887873118
AC017099.1,-0.59577,1.401094,0.039710558944245695
PTS,0.069198,1.401094,0.039710558944245695
BLID,-0.29008,1.400386,0.03977534909559887
MAGOH,0.172531,1.400267,0.03978624933788707
AC233702.6,-0.49561,1.400202,0.03979220451312668
IFIT1,0.699316,1.400202,0.03979220451312668
YWHAEP7,-0.21493,1.400202,0.03979220451312668
RPF2,0.135837,1.400202,0.03979220451312668
COPS8,0.05737,1.400202,0.03979220451312668
SLC25A35,-0.39035,1.400202,0.03979220451312668
CYP26B1,-0.35308,1.400202,0.03979220451312668
FYCO1,-0.2375,1.400202,0.03979220451312668
KRT18P63,-0.39252,1.399931,0.03981704261972478
LENG8,-0.85627,1.399349,0.039870437387971025
CLVS2,-0.08464,1.398766,0.03992399568704596
SULT1C4,-0.27875,1.398567,0.03994229362998362
CMIP,-0.38563,1.398567,0.03994229362998362
ASIC2,-0.24564,1.398443,0.03995369960393275
CAP2P1,-0.42166,1.397804,0.040012528823363126
DCHS1,-0.36639,1.39766,0.04002579806744399
NKX3-2,-0.09051,1.39766,0.04002579806744399
IFITM3,0.460754,1.396967,0.040089717876562105
SF3B6,0.193253,1.396905,0.040095441504285144
POLD4,0.095938,1.396771,0.040107814717273406
CTTNBP2,-0.36173,1.394901,0.04028088465233821
AC007256.1,-0.20429,1.394324,0.04033443706403858
MYO10,-0.22281,1.393279,0.04043160670184242
GLB1L2,0.119955,1.392988,0.040458707069689216
GJC3,0.320741,1.392988,0.040458707069689216
SLC3A2,0.094689,1.392988,0.040458707069689216
MYLK3,-0.46001,1.391568,0.040591210226905185
WDR83OS,0.117564,1.391222,0.04062356190398362
COLEC12,-0.47297,1.391081,0.040636753073557054
ZNF726,-0.3665,1.390922,0.04065163336082441
PHLDA1,-0.28627,1.390664,0.04067579032754728
RPS20P15,-0.73084,1.390407,0.04069986793437221
EIF4A3,0.129263,1.39032,0.0407080219481707
PWP1,0.095568,1.388927,0.04083880259809525
RMC1,0.028546,1.388927,0.04083880259809525
TRIM10,0.134649,1.388545,0.04087473970119756
LCE1C,0.296506,1.388545,0.04087473970119756
SQLE,0.28138,1.388282,0.04089950011758695
IDH3A,-0.03305,1.388212,0.04090609286943542
MTCO1P46,-0.10618,1.38774,0.040950574603436325
RPL23AP48,-0.57598,1.387724,0.04095208330614959
NAPA,0.078512,1.387611,0.04096274010168646
GABRA4,-0.55244,1.386996,0.04102078811234163
SH3GLB2,0.114262,1.386996,0.04102078811234163
ABRA,-0.24648,1.386735,0.04104544797778705
DOCK7,-0.12793,1.386735,0.04104544797778705
SPIRE2,-0.34232,1.386735,0.04104544797778705
C15orf39,-0.1803,1.386523,0.041065489123881756
IL10RB,0.040801,1.386523,0.041065489123881756
AC106827.1,-0.47827,1.386141,0.04110162570533627
DAD1,0.146799,1.386003,0.041114688099267514
SPAAR,-0.29539,1.385662,0.04114698326955461
TLCD2,-0.40522,1.38533,0.0411784504465527
AL356968.2,-0.27489,1.384629,0.041244970754920965
DAPP1,0.07924,1.384629,0.041244970754920965
GYG1,0.150712,1.384629,0.041244970754920965
SDS,-0.4321,1.384629,0.041244970754920965
GREB1,-0.35185,1.384629,0.041244970754920965
MTFP1,0.219885,1.384629,0.041244970754920965
AC113155.1,-0.37536,1.384629,0.041244970754920965
FSIP2,-0.60772,1.384629,0.041244970754920965
GPR108,0.119707,1.384629,0.041244970754920965
SPHKAP,-0.04332,1.384083,0.04129685701401898
PARD6B,-0.82482,1.384083,0.04129685701401898
TBX18,-0.55152,1.383881,0.041316069566289096
JAZF1,-0.32708,1.383881,0.041316069566289096
NPRL2,0.099917,1.382743,0.04142447375785776
PPIE,-0.46524,1.380835,0.04160686559942984
RFX7,-0.32865,1.38044,0.041644725136499805
SP2,-0.3151,1.38044,0.041644725136499805
LCN6,0.266908,1.38044,0.041644725136499805
NTNG1,-0.75099,1.38044,0.041644725136499805
AP3S1,0.084061,1.38001,0.04168597848085635
CD93,0.257734,1.37981,0.04170518000435856
GABRR1,0.124261,1.378561,0.041825293768383544
TPM3,0.084215,1.378385,0.04184224711180255
KRTAP21-2,-0.6132,1.377083,0.041967876960164796
COL1A2,-0.73864,1.377083,0.041967876960164796
CSNK1A1,0.110154,1.375748,0.042097082645914656
EDA,-0.4326,1.373932,0.04227347991175734
C7orf57,0.162129,1.372887,0.04237532089506427
WDTC1,-0.25956,1.372887,0.04237532089506427
LRRC8D,0.098226,1.372327,0.04242999689644349
GAPDHP27,-0.22467,1.370427,0.042616031030037214
CDK2AP1,0.135266,1.370427,0.042616031030037214
CSNK1A1P1,-0.32303,1.370373,0.04262133021951963
ZNF782,-0.24257,1.36939,0.04271791035254385
CCM2,0.126763,1.36939,0.04271791035254385
TSFM,0.150108,1.369245,0.042732175169162355
AC106707.2,-0.70595,1.36877,0.04277893811049744
MIEN1,0.100288,1.36877,0.04277893811049744
PHACTR4,-0.17362,1.367599,0.04289443976766204
CTSV,0.32075,1.3675,0.04290421892388855
GBA2,0.099959,1.367073,0.04294642326079275
CREM,0.10923,1.36655,0.04299817273050083
ANKRD20A9P,-0.05666,1.366369,0.04301609672354537
SCML4,-0.16718,1.365308,0.04312131536271315
ZC3H12B,-0.26635,1.365308,0.04312131536271315
IGF2BP3,-0.222,1.364353,0.04321624212048649
UGT1A1,-0.32265,1.364353,0.04321624212048649
IST1,0.040699,1.364353,0.04321624212048649
ZNF511,0.012999,1.364353,0.04321624212048649
DSTN,0.138994,1.364353,0.04321624212048649
SRSF2,0.070984,1.364353,0.04321624212048649
HNRNPUL2-BSCL2,-0.29899,1.36401,0.04325038721506665
SLC16A7,-0.2955,1.363805,0.04327080751204118
CNTFR,-0.38754,1.361002,0.04355098680838902
KAT6A,-0.16963,1.361002,0.04355098680838902
LRFN1,-0.20943,1.361002,0.04355098680838902
BEX2,0.234585,1.36051,0.04360035245326548
AC019070.1,-0.30025,1.359129,0.04373921657452273
C19orf66,0.181893,1.359105,0.04374163375974495
MRGBP,0.074206,1.359105,0.04374163375974495
OR6B1,-0.20823,1.358997,0.04375251274643223
QSER1,-0.26755,1.358951,0.043757147210513624
STUM,-0.74469,1.357564,0.043897117169175916
GPR158,0.094323,1.357209,0.043933014119483346
TRAPPC2B,0.182193,1.357033,0.04395082180016398
PRDM2,-0.23178,1.355663,0.04408968540524731
ZNF442,-0.30901,1.35444,0.044214019658183876
CREB5,-0.55063,1.354007,0.04425812387383972
ENPP6,-0.2508,1.353546,0.04430512844929328
EGFL8,0.762311,1.353328,0.04432737359152316
UPF3A,0.092937,1.353328,0.04432737359152316
CLDN1,-0.26382,1.352592,0.04440255899851967
SEC63,-0.23422,1.352184,0.04444429279249489
SPRY2,-0.2677,1.351862,0.04447725745018638
SYDE2,-0.24597,1.35165,0.04449897423629461
METTL17,0.134139,1.350643,0.04460227386405433
EPOP,0.208747,1.350198,0.04464799902246018
GADL1,-0.36272,1.348556,0.04481712569331458
OR2B11,-0.2343,1.348466,0.0448264142278231
SULT1B1,-0.39451,1.348466,0.0448264142278231
FOXJ2,-0.22245,1.34843,0.044830130180628563
MRPL9,0.127742,1.347657,0.044909994306014764
CD58,0.126762,1.347091,0.04496856200349951
GPR22,-0.48902,1.347091,0.04496856200349951
APOBEC3B,0.316831,1.347091,0.04496856200349951
DAZ3,0.42936,1.346866,0.044991865426133655
CLDN17,0.583191,1.345984,0.04508333135485842
B4GALT4,0.14229,1.345744,0.045108252209723726
FCER1G,0.437449,1.345607,0.04512248404005869
ZFP3,-0.19648,1.345507,0.04513287507223552
OR2M3,-0.44893,1.345507,0.04513287507223552
PTPN12,-0.33694,1.345458,0.045137967551495774
MPDU1,0.128104,1.345197,0.04516510248130873
LSG1,-0.0376,1.345197,0.04516510248130873
COQ2,0.111575,1.345197,0.04516510248130873
OR4D9,-0.24778,1.345197,0.04516510248130873
DPM1,0.162001,1.345197,0.04516510248130873
UBE2E1,0.085837,1.345108,0.04517435911751893
NACAD,-0.20238,1.34457,0.045230355373749476
KMO,-0.27377,1.344434,0.04524452154863037
BCL2A1,0.384806,1.344434,0.04524452154863037
SENP2,-0.10125,1.344434,0.04524452154863037
POP4,0.178935,1.343609,0.04533055120784422
TBCA,0.123607,1.343609,0.04533055120784422
MTMR14,-0.01705,1.343584,0.045333160719238
PDP2,-0.23322,1.343584,0.045333160719238
ABTB2,-0.30978,1.343584,0.045333160719238
RGMA,-0.37248,1.343184,0.04537493333732271
SCAF1,-0.19826,1.341785,0.045521336038937196
LPAR6,0.102235,1.341308,0.045571361095639175
IRF1,0.468192,1.341308,0.045571361095639175
TUBB8P1,-0.44146,1.341308,0.045571361095639175
IFI35,0.240426,1.341308,0.045571361095639175
DHX58,0.212107,1.341308,0.045571361095639175
TPBG,0.236761,1.341308,0.045571361095639175
CCDC125,-0.37264,1.341308,0.045571361095639175
RET,-0.18528,1.340817,0.04562291181190893
OR10AB1P,-0.41137,1.340429,0.04566368967174328
SPTB,-0.32545,1.340124,0.04569577001724729
LRRC55,0.149105,1.340124,0.04569577001724729
HMGB1P41,-0.61038,1.339633,0.045747461465960954
PFN1P4,-0.61721,1.339633,0.045747461465960954
IYD,-0.29834,1.339633,0.045747461465960954
TRIM38,-0.74073,1.339436,0.04576821764549703
ARNTL2,0.18297,1.339139,0.045799527759323666
LOXHD1,0.121883,1.338831,0.04583202013113977
ZFP37,-0.24375,1.338574,0.0458591499140358
AGAP1,-0.29177,1.338574,0.0458591499140358
GP2,-0.21667,1.338574,0.0458591499140358
RBMS2,-0.36593,1.33844,0.045873301772901984
HLTF,-0.27675,1.33844,0.045873301772901984
AKR1C6P,-0.28574,1.337869,0.04593365455966163
C1QTNF2,-0.31776,1.337869,0.04593365455966163
ATP5MC1,0.178139,1.337869,0.04593365455966163
IL19,0.453126,1.337869,0.04593365455966163
DSC2,0.404779,1.337647,0.045957140646800274
PCDHGA6,-0.24826,1.337647,0.045957140646800274
PLA2G4B,0.320787,1.33593,0.04613919361609776
GIMAP4,0.236364,1.335762,0.04615704529115834
SLC44A3-AS1,-0.33654,1.335762,0.04615704529115834
FBXO30,-0.17735,1.335762,0.04615704529115834
PRKCQ,0.231356,1.335151,0.0462220283925593
GJA1P1,-0.3313,1.334594,0.046281348019846714
KDELC1P1,-0.28348,1.334594,0.046281348019846714
AP000769.1,-0.85315,1.334417,0.04630021417744822
PIAS2,-0.15492,1.334325,0.046310023353221784
SORL1,-0.40218,1.334099,0.04633412863057196
AL590617.1,-0.60603,1.332566,0.046497970754431836
MAP1LC3A,0.208317,1.332537,0.04650107575859404
LIPC,-0.39598,1.332537,0.04650107575859404
IK,0.096017,1.332508,0.046504180970099736
SNRPB,0.142364,1.332117,0.0465460680380003
GUCD1,0.068272,1.331156,0.046649178483902404
BAGE2,-0.31215,1.330974,0.04666873187468263
LYSMD2,0.179893,1.330974,0.04666873187468263
ALKBH3,0.038592,1.330974,0.04666873187468263
MT-ATP6,-0.67956,1.330974,0.04666873187468263
PEX10,0.065627,1.330974,0.04666873187468263
ERCC6,-0.1813,1.330974,0.04666873187468263
DTX2P1,-0.40683,1.33078,0.04668958352447437
SPRR5,0.815697,1.329771,0.046798183931413814
RAX,-0.16326,1.329771,0.046798183931413814
FAM43A,0.211297,1.329771,0.046798183931413814
PIGA,0.051909,1.329771,0.046798183931413814
AC012618.3,-0.22968,1.329771,0.046798183931413814
TRAIP,0.148133,1.329771,0.046798183931413814
SH3BP5L,0.065928,1.329742,0.04680130898297056
NRP1,0.252337,1.329662,0.046809930896765536
SELP,0.295657,1.328154,0.046972751458378
TCAF1,-0.25914,1.328125,0.04697588816706492
AL513475.2,-0.57312,1.328125,0.04697588816706492
AC245884.3,-0.61462,1.328119,0.04697653716742698
TNR,-0.07135,1.328119,0.04697653716742698
CBL,-0.19907,1.327904,0.046999798931841016
ATP6V0E1,0.084963,1.327796,0.04701148825715732
ZC3H4,-0.15407,1.327619,0.047030652049580984
RGS6,-0.24969,1.327579,0.04703498393220142
AC104772.2,-0.42464,1.327355,0.047059249849428206
ARPC1A,0.049287,1.327245,0.0470711707310419
RPS15AP12,-0.54302,1.327146,0.047081902106363205
GPR1,0.219629,1.327146,0.047081902106363205
MARS,0.101458,1.325827,0.04722511237228315
PRSS22,0.579161,1.325549,0.04725535172509176
C15orf62,0.178076,1.325088,0.04730553952229885
ELMO1,-0.34757,1.325088,0.04730553952229885
TCAF1P1,-0.27129,1.324575,0.047361451078345475
KANSL1L,-0.26391,1.324439,0.04737628471370043
ANKRD37,0.179354,1.324049,0.04741884811348866
ROM1,-0.01908,1.324049,0.04741884811348866
PFDN6,0.169592,1.324049,0.04741884811348866
SMG6,-0.32383,1.323662,0.04746112190177775
CYP2J2,-0.358,1.323078,0.04752498626239071
ZDHHC11,-0.55334,1.322969,0.04753691566477484
TRIM60P18,-0.36375,1.322969,0.04753691566477484
CENPT,0.178728,1.32201,0.04764200167028337
LRRC19,-0.31972,1.32201,0.04764200167028337
KCNK18,0.15079,1.32201,0.04764200167028337
CDC123,0.141624,1.32201,0.04764200167028337
F13A1,0.298884,1.32201,0.04764200167028337
CENPQ,0.194593,1.32201,0.04764200167028337
PAPPA2,-0.30842,1.32201,0.04764200167028337
ATG3,0.087984,1.321629,0.04768381561861924
KIAA1522,-0.33937,1.321232,0.047727424576709004
SHISA6,-0.0729,1.321232,0.047727424576709004
MFN1,-0.0294,1.320983,0.04775479664039212
TLR2,0.153038,1.319803,0.04788472526154561
WDR63,-0.32137,1.319803,0.04788472526154561
ITK,-0.37267,1.319776,0.04788770233776014
PRSS22,0.679807,1.319664,0.04790005366739954
CCDC66,-0.36241,1.319664,0.04790005366739954
CCDC82,-0.38021,1.318992,0.04797422857347811
RPS3AP35,-0.37495,1.318525,0.04802584335462162
B3GALT5,-0.26565,1.318525,0.04802584335462162
ANKRA2,0.068115,1.318414,0.048038119701991386
TUFM,0.098556,1.317603,0.04812790972978946
USP13,-0.28756,1.316192,0.04828452907121879
MTMR10,-0.18832,1.316192,0.04828452907121879
FOXF2,-0.66997,1.316105,0.048294202633721126
OR5E1P,-0.57396,1.31598,0.048308104823193865
PNO1,0.064224,1.31351,0.04858363440134652
TIMM8B,0.160713,1.312154,0.04873556440722417
GSK3A,-0.19885,1.310487,0.04892299093306915
MTIF2,0.045495,1.309403,0.04904525535071932
C15orf53,-0.33348,1.309352,0.04905101516347189
CCDC172,-0.29212,1.309334,0.049053048200056376
AIFM2,-0.28866,1.309334,0.049053048200056376
SIX4,-0.12317,1.307606,0.04924861256107588
DDAH1,-0.3448,1.307606,0.04924861256107588
TMA7,0.141293,1.307606,0.04924861256107588
CHPF,-0.25227,1.3074,0.0492719783211614
MINDY4,-0.24162,1.307099,0.04930613948773053
PRDX4,0.175286,1.306718,0.0493494139996507
ASPRV1,0.26362,1.306716,0.04934964126262404
UBL4A,0.070794,1.306716,0.04934964126262404
PTPN2,-0.01402,1.306716,0.04934964126262404
NDUFA10,0.102236,1.306716,0.04934964126262404
CHPT1,-0.32877,1.306353,0.04939090683053317
NDUFA13,0.106929,1.305784,0.04945565976971818
RNF111,-0.28771,1.305784,0.04945565976971818
ZWILCH,0.020755,1.305784,0.04945565976971818
PPP2R2B,0.08955,1.305712,0.04946385951167753
SUGP1,-0.01085,1.305262,0.049515138709399865
AC087359.1,-0.39282,1.305262,0.049515138709399865
MID1IP1,0.093036,1.305166,0.0495260851499465
GPR75,-0.27367,1.305166,0.0495260851499465
ADAM32,-0.57426,1.305166,0.0495260851499465
SPIRE1,0.098158,1.305166,0.0495260851499465
PNKD,0.117925,1.305166,0.0495260851499465
SMO,-0.28627,1.305166,0.0495260851499465
BICRAL,-0.20164,1.305166,0.0495260851499465
RIMS2,-0.23966,1.304919,0.04955426055367473
CXCL13,0.300027,1.304171,0.0496396830660224
OVCA2,0.212356,1.304171,0.0496396830660224
ZNF865,-0.30345,1.302726,0.04980512105265625
FADS3,-0.24956,1.302044,0.049883394616502555
PLGRKT,0.193728,1.301884,0.049901775723952865
WIPI2,0.109075,1.301778,0.049913956937450224
MORF4L2,0.066346,1.301552,0.04993993813306407
FN1,-0.56803,1.301552,0.04993993813306407
CAPS2,-0.35917,1.30147,0.04994936828177998
ACSF2,-0.27381,1.301217,0.04997847496477948
GRAMD4P3,-0.45091,1.300851,0.05002061188471037
SLC5A5,-0.19845,1.300647,0.05004411345385794
RBFOX3,-0.32815,1.300196,0.05009610955143529
ADAMTSL4,-0.36057,1.299962,0.050123108854347016
ITGA6,0.099438,1.299655,0.05015855308656354
FAM228B,-0.4206,1.299655,0.05015855308656354
CTAGE5,-1.29219,1.299185,0.05021286480795531
ZNF519,-0.32937,1.299185,0.05021286480795531
RPS3P7,-0.46318,1.299119,0.050220496267822365
ASB3,-0.35231,1.298757,0.05026237430053451
MIXL1,-0.72579,1.297725,0.05038195318239499
MRC1,0.394403,1.297451,0.05041374960486688
KATNA1,0.010809,1.296707,0.05050018859360169
MLXIPL,-0.34465,1.296434,0.050531943281080884
SRRM1,-0.2777,1.296434,0.050531943281080884
DCTN6,0.124184,1.296101,0.05057070405437658
C12orf10,0.097493,1.296023,0.05057978745129387
C10orf71,-0.27823,1.296023,0.05057978745129387
LRBA,-0.25183,1.295971,0.050585843955631454
MARCH3,0.129347,1.295971,0.050585843955631454
SLC52A1,0.225224,1.295971,0.050585843955631454
SIGLEC11,-0.18413,1.294284,0.05078272483674905
SKIDA1,-0.20067,1.294076,0.05080705242338288
SERTAD2,-0.20865,1.294076,0.05080705242338288
HMGB1P51,-0.56463,1.294076,0.05080705242338288
PCNX2,-0.57653,1.294076,0.05080705242338288
ZSCAN30,-0.3133,1.294076,0.05080705242338288
RNF113A,0.103673,1.294031,0.05081231713640211
CRYZL2P,-0.27399,1.294031,0.05081231713640211
DCTN3,0.09717,1.294031,0.05081231713640211
C3AR1,0.28812,1.294002,0.05081571024052342
ANKRD30BP2,-0.1264,1.294002,0.05081571024052342
ACOXL,-0.22101,1.29225,0.051021121424114
PHLPP2,-0.24593,1.29225,0.051021121424114
CCDC146,-0.35285,1.292134,0.05103475097919897
AC106865.1,-0.31258,1.292134,0.05103475097919897
ANXA7,0.092344,1.291913,0.05106072770840373
PRELP,-0.40244,1.291145,0.05115110263661409
FAM9B,-0.45887,1.289224,0.05137785869938455
C1orf52,0.096599,1.288595,0.051452324501532865
LCE2B,0.31511,1.288081,0.05151325585609914
AC117382.1,-0.4979,1.288081,0.05151325585609914
RAB4A,0.091625,1.288081,0.05151325585609914
GUSBP4,-0.50634,1.288081,0.05151325585609914
MAP1A,-0.49089,1.28633,0.05172136761939479
USP16,0.069426,1.286158,0.05174185564642559
DUSP3,0.015349,1.286158,0.05174185564642559
SNTB2,-0.18684,1.286158,0.05174185564642559
HHATL,0.217268,1.286158,0.05174185564642559
RAD54L2,-0.3367,1.286158,0.05174185564642559
GARS,0.054022,1.286062,0.05175329435307913
GSTM5,-0.50179,1.286062,0.05175329435307913
UBE2D2,0.087561,1.286062,0.05175329435307913
KCNK3,-0.14204,1.284313,0.051962136568526815
TDRD1,-0.26201,1.284313,0.051962136568526815
BAX,0.05344,1.283768,0.05202738524691609
NEMP2,-0.30746,1.283768,0.05202738524691609
ZCWPW2,-0.29916,1.283746,0.052030020858268765
SSFA2,0.054537,1.283172,0.052098833560509074
AC012314.9,0.256399,1.283132,0.052103632261394785
NOTCH4,-0.20882,1.282263,0.052207993214701494
XRCC6,0.076173,1.282157,0.052220737384671215
TMEM155,-0.08015,1.282157,0.052220737384671215
C12orf45,-0.07224,1.282157,0.052220737384671215
CDKN2D,0.175116,1.28189,0.05225285205416843
POLR2I,0.197329,1.28189,0.05225285205416843
HSFX1,-0.27761,1.281153,0.052341600698684335
SYTL4,-0.26258,1.281122,0.05234533698270585
ZNF680P1,-0.17832,1.281122,0.05234533698270585
ATP5F1C,0.112079,1.281122,0.05234533698270585
ZNF556,-0.15356,1.281013,0.05235847635710468
ZNF200,-0.225,1.281013,0.05235847635710468
UNK,0.081658,1.280874,0.05237523685789299
PTPRF,-0.2512,1.28034,0.05243967603311203
CCDC8,-0.35854,1.28034,0.05243967603311203
ZNF724,-0.28912,1.279028,0.05259833538974725
SMIM5,0.128307,1.279028,0.05259833538974725
CD47,-0.50338,1.279028,0.05259833538974725
ATP1B2,-0.17945,1.279028,0.05259833538974725
NAA38,0.137319,1.277879,0.05273767748738148
SLC17A7,-0.24948,1.277879,0.05273767748738148
SFN,0.159054,1.277879,0.05273767748738148
DGKD,-0.42869,1.277879,0.05273767748738148
MED27,0.08843,1.277879,0.05273767748738148
LCE1A,0.31485,1.277879,0.05273767748738148
AC104389.4,-0.42135,1.276736,0.0528766582032829
ZBTB44,-0.23391,1.276462,0.05291002905250438
NRBF2,0.111554,1.276462,0.05291002905250438
RASEF,-0.45103,1.276194,0.05294268952697638
PPP1R8,0.052214,1.275484,0.053029312899019874
CFAP65,-0.1989,1.274458,0.05315474022122978
SLC2A14,-0.43014,1.274458,0.05315474022122978
DDX56,0.029642,1.274458,0.05315474022122978
FO393400.1,-0.32497,1.274458,0.05315474022122978
AC012435.1,-0.31376,1.274458,0.05315474022122978
GBGT1,-0.38286,1.274458,0.05315474022122978
SEMA6D,-0.48593,1.27364,0.0532549522966459
FAM184A,-0.33562,1.273345,0.053291138682773444
COL3A1,-0.74045,1.272879,0.05334835101161988
INA,0.25019,1.272056,0.05344954345650044
LGMN,0.126386,1.271896,0.05346923862378002
AC005183.1,-0.2747,1.27087,0.053595706478152455
KCNT2,-0.32876,1.270742,0.05361150511658397
ATP8A2P3,-0.15591,1.270038,0.05369848090924007
HELZ2,0.202724,1.269976,0.05370614746640976
IGLC2,-1.46958,1.269677,0.053743135426946705
NCOR1,-0.20232,1.269541,0.05375996780973065
NOL11,-0.03705,1.269541,0.05375996780973065
HSPA14,0.086875,1.269541,0.05375996780973065
PCBD2,-0.17335,1.269375,0.05378052036285208
RAI1,-0.25514,1.269375,0.05378052036285208
SYBU,-0.38653,1.269375,0.05378052036285208
NPR2,0.306489,1.269225,0.05379909870470549
TRAM2,-0.27673,1.268864,0.053843836894036594
AP003080.1,-0.12712,1.268864,0.053843836894036594
AC025449.1,-0.32421,1.268864,0.053843836894036594
SORBS3,-0.24889,1.268864,0.053843836894036594
MRPL55,0.111711,1.26884,0.053846812496643144
GPM6A,-0.81636,1.26867,0.053867894390035705
TRAJ12,-1.54988,1.26861,0.05387533702877994
CITED4,0.156761,1.268591,0.05387769407874952
TIMM10B,0.000874,1.266651,0.05411890489577779
ABCA3,-0.24454,1.266396,0.0541506906393443
CR383656.13,-0.51768,1.266367,0.054154306670691356
ZNF264,-0.09299,1.266367,0.054154306670691356
INTU,-0.25288,1.265641,0.054244910876929384
TAF4,-0.26312,1.264746,0.054356814797113365
MAVS,-0.22513,1.264183,0.05442732624197387
SCN3B,-0.23828,1.263349,0.05453194650464242
EEF1A1P17,-0.19999,1.262605,0.05462544651895495
MAML2,-0.25539,1.262605,0.05462544651895495
RMI1,-0.24825,1.262605,0.05462544651895495
LGALS9C,0.221161,1.262605,0.05462544651895495
HSD3B2,-0.25529,1.262605,0.05462544651895495
CTSS,0.316924,1.262307,0.05466294174371778
ALDH7A1P2,-0.57785,1.259251,0.055048944970011886
NUDT6,-0.12163,1.258859,0.055098655314235856
ZNF557,-0.0798,1.258725,0.05511565842910356
LRP6,-0.23012,1.257951,0.05521397318536344
DDI1,-0.06799,1.257951,0.05521397318536344
MAPK10,-0.44575,1.257951,0.05521397318536344
ERH,0.089908,1.257523,0.0552684137317482
STS,0.259369,1.255798,0.055488374168626974
LGALS12,-0.18847,1.255798,0.055488374168626974
ELOB,0.160351,1.25491,0.055601947072501955
TBCC,0.109112,1.254236,0.05568830508304922
UNC5D,-0.08723,1.253277,0.05581141070428861
AC090517.4,-0.26005,1.252878,0.055862709964202416
NANOG,-0.23251,1.252367,0.055928477885257025
AL357153.4,-0.3588,1.252103,0.0559624861617027
TMEM165,0.038246,1.250921,0.05611500423111119
AL691432.1,-0.35515,1.25064,0.05615132386952503
AL445523.1,-0.10376,1.250242,0.05620280614996086
CHRM5,-0.24665,1.250169,0.056212254001261834
ATP5F1AP10,-0.39215,1.250169,0.056212254001261834
TOE1,0.045355,1.250169,0.056212254001261834
FREM1,-0.33134,1.250063,0.056225975626539186
TIMM50,-0.61765,1.249775,0.05626327393913307
PFDN2,0.144566,1.249775,0.05626327393913307
BCL11A,-0.32775,1.249281,0.05632730853324146
SIGLEC15,-0.32684,1.249281,0.05632730853324146
CABYR,-0.36043,1.249241,0.0563324967090004
GBP6,0.340344,1.249241,0.0563324967090004
IGLV3-25,-1.04355,1.249206,0.056337036754791237
AC104332.1,-0.44254,1.249206,0.056337036754791237
ANKRD50,-0.24749,1.249206,0.056337036754791237
TMTC2,-0.20231,1.249206,0.056337036754791237
ZNF737,-0.29388,1.249206,0.056337036754791237
GEMIN7,0.156147,1.249206,0.056337036754791237
HOXA2,-0.31418,1.249206,0.056337036754791237
ZNF423,-0.26908,1.249206,0.056337036754791237
H6PD,-0.17528,1.24871,0.05640141503766271
HSPE1,0.156171,1.247305,0.05658417653282153
NAP1L6,0.144009,1.246819,0.05664753285821168
TNPO1P3,0.129974,1.245456,0.056825596078256886
SNRPD3,0.163007,1.24522,0.05685648407174187
ZNF382,-0.37547,1.244655,0.05693050025172359
DYNC2H1,-0.25276,1.244655,0.05693050025172359
FHIT,-0.32321,1.244655,0.05693050025172359
ABRAXAS1,-0.16625,1.244311,0.05697561215419039
MRPS10P1,-0.65264,1.244311,0.05697561215419039
LRIG1,-0.37872,1.244311,0.05697561215419039
AL139274.1,-0.51602,1.243895,0.0570302138380279
SAMD5,-0.45615,1.243523,0.05707908465980279
SNRPC,0.130966,1.243501,0.05708197618092798
AP004372.1,-0.24325,1.243451,0.05708854836461766
OTUB2,0.239606,1.243451,0.05708854836461766
EXOC6B,-0.28483,1.243385,0.0570972248057524
MOB3B,-0.23582,1.243385,0.0570972248057524
PHLDB1,-0.36286,1.243033,0.057143521434135515
TREM1,0.406072,1.242443,0.057221205103962676
PRMT5,0.035456,1.242259,0.05724545347199468
DOCK3,0.131621,1.241765,0.05731060590840631
AC083875.1,-0.562,1.241765,0.05731060590840631
WTIP,-0.09689,1.241765,0.05731060590840631
C4BPB,-0.41145,1.24166,0.05732446365095965
ZNF75BP,-0.40566,1.240714,0.057449466499851796
SERHL2,-0.53522,1.240714,0.057449466499851796
FBXL17,-0.2998,1.240622,0.05746163775920789
COTL1,0.168617,1.240622,0.05746163775920789
CADPS,-0.70116,1.240571,0.05746838598126486
ATP2A3,-0.73121,1.239759,0.057575935081451576
SLC17A9,-0.33602,1.238648,0.057723412784897996
LCN15,-0.3607,1.238648,0.057723412784897996
PIGC,0.034866,1.238648,0.057723412784897996
CASP9,-0.20004,1.238648,0.057723412784897996
RPL39L,0.204241,1.23804,0.05780428052440048
NOX5,-0.23036,1.23804,0.05780428052440048
FANCD2,-0.63067,1.23803,0.0578056115324707
COX14,0.112618,1.238015,0.05780760810204111
RPL5P14,-0.26635,1.237846,0.057830107551738515
IRGM,-0.31338,1.237817,0.057833969284234295
ZNF414,-0.06328,1.237617,0.05786060894488055
AC079949.3,-0.53389,1.237617,0.05786060894488055
HELB,-0.28366,1.237617,0.05786060894488055
AC073347.1,0.094481,1.237399,0.05788966015228107
EEF1A1P10,-0.18131,1.235625,0.058126610639551164
CDKN2AIP,0.050571,1.235011,0.058208847419347794
HUNK,-0.22644,1.233846,0.05836520294871716
TRHDE,-0.15355,1.233846,0.05836520294871716
TTN,-0.39534,1.233615,0.058396255491850665
C19orf33,0.211117,1.232038,0.05860868807036812
HOXA3,-0.36373,1.230862,0.05876760608952359
ZFP36L2,-0.23634,1.230862,0.05876760608952359
EBPL,0.13689,1.230537,0.058811600708403536
TCF7L1,-0.36605,1.230525,0.05881322575543531
DOPEY2,-0.33312,1.229509,0.05895097603714294
LAPTM4B,0.161334,1.229509,0.05895097603714294
IGLV2-11,-0.98474,1.229412,0.05896414425260176
ZNF736,-0.36573,1.229298,0.058979624059588315
KCNG3,0.161691,1.229298,0.058979624059588315
SCO2,0.83239,1.229278,0.058982340234193055
RNF217,-0.33233,1.229278,0.058982340234193055
MSR1,-1.71515,1.228984,0.05902228243837301
OR2A42,-0.2349,1.228349,0.05910864449034644
PA2G4,0.085058,1.228349,0.05910864449034644
TTC9,0.118619,1.228349,0.05910864449034644
HOXC11,0.346451,1.228349,0.05910864449034644
EIF3B,0.068384,1.228008,0.059155073730783464
KRT16P5,0.329528,1.227388,0.05923958398635484
MLIP,0.211039,1.227388,0.05923958398635484
SLC46A1,-0.2912,1.227134,0.05927424078247771
SORCS1,-0.22594,1.227134,0.05927424078247771
CDK13,-0.28616,1.227134,0.05927424078247771
G6PC3,-0.17733,1.227134,0.05927424078247771
MYORG,-0.2834,1.227023,0.05928939244081616
PAIP2B,-0.25969,1.226686,0.05933541715502929
TGM2,-0.44958,1.226686,0.05933541715502929
RPL21P23,-0.5027,1.225945,0.05943674258360666
CYB5R3,-0.31372,1.225945,0.05943674258360666
SOX9,-0.55797,1.224338,0.059657081045387694
BCAS2P2,-0.42554,1.223705,0.05974409680928867
SRRM1P3,-0.17691,1.22352,0.059769551915905425
DTD1,0.115559,1.223132,0.05982297407406221
CHMP2A,0.077665,1.223132,0.05982297407406221
PSMD1,0.040577,1.222909,0.05985369965171349
DDX18P1,-0.32141,1.222909,0.05985369965171349
AC018868.2,-0.21743,1.222268,0.059942106367568776
CBR1,0.18164,1.222268,0.059942106367568776
SMIM10L2B,-0.20188,1.222268,0.059942106367568776
MCEE,0.101379,1.221173,0.060093430928650486
SNRNP40,0.071348,1.221173,0.060093430928650486
NWD1,-0.13605,1.221173,0.060093430928650486
AC135983.2,-0.37609,1.221173,0.060093430928650486
ACVR2A,-0.19608,1.221173,0.060093430928650486
HOXA7,-0.45859,1.220717,0.06015656089405228
PPIB,0.111751,1.220717,0.06015656089405228
MED29,0.024156,1.220717,0.06015656089405228
IZUMO2,-0.33398,1.220717,0.06015656089405228
DDB2,0.028376,1.220328,0.06021046760125822
RTCB,0.082249,1.219846,0.0602773290448664
HINT1,0.128771,1.219787,0.06028551842820694
EWSR1,0.055372,1.219615,0.06030939891296542
AL365357.1,-0.80832,1.219615,0.06030939891296542
ASL,0.144822,1.219476,0.060328704587965
HPN,-0.45643,1.218074,0.06052377387241992
VMP1,-0.05637,1.218027,0.060530324200412745
UBE2QL1,-0.37615,1.217964,0.06053910553931762
POLR2B,0.022563,1.217826,0.06055834530492857
MRPL27,0.105749,1.217616,0.06058763494181807
MED4,0.102765,1.217507,0.06060284324241041
P3H3,-0.30283,1.217466,0.0606085647838212
LPO,-0.29737,1.217212,0.06064402247159795
FRG1,0.046848,1.217212,0.06064402247159795
REV3L,-0.33319,1.217212,0.06064402247159795
INO80D,-0.16707,1.217212,0.06064402247159795
NT5C,0.096801,1.21713,0.06065547387045858
KLF15,-0.31237,1.21713,0.06065547387045858
SERTAD1,0.13133,1.21713,0.06065547387045858
MAP4,-0.17114,1.21713,0.06065547387045858
RBBP4P1,-0.35285,1.216665,0.060720452592000006
AFMID,-0.5778,1.216625,0.06072604540991397
DUOXA1,0.160277,1.215809,0.06084025140740325
LRRN2,-0.00268,1.2157,0.06085552311808157
RRN3P3,-0.39721,1.215376,0.06090094056413162
LO000005.1,-0.50213,1.21446,0.06102952643272825
PNRC2,0.108056,1.214417,0.061035569336026
ZNF835,-0.1423,1.21302,0.06123221925964139
RAE1,0.066451,1.21302,0.06123221925964139
SOX10,-0.40979,1.21302,0.06123221925964139
AURKAIP1,0.103419,1.21302,0.06123221925964139
IL4R,0.174429,1.21302,0.06123221925964139
FGF13,-0.33307,1.21302,0.06123221925964139
UNC80,-0.45228,1.211689,0.061420167997724595
UBE3D,-0.25786,1.211661,0.06142412802995031
SNRPD2,0.127865,1.211584,0.0614350194351192
EIF4E2,0.11676,1.211512,0.06144520535335346
CCDC180,-0.28396,1.211512,0.06144520535335346
LRFN3,-0.10865,1.211512,0.06144520535335346
MPPED2,-0.29701,1.211512,0.06144520535335346
AC005156.1,-0.41903,1.211512,0.06144520535335346
TIMM10,0.168652,1.211512,0.06144520535335346
CYTH1,-0.01905,1.211512,0.06144520535335346
ADGRA2,-0.47547,1.211512,0.06144520535335346
NNAT,-0.37219,1.211512,0.06144520535335346
NDUFC1,0.137359,1.211512,0.06144520535335346
ZNF391,-0.25904,1.21079,0.061547440903015165
POC1B,-0.24307,1.210208,0.06162997619762637
PHF8,-0.13615,1.208527,0.061868986253409
PLS3,0.130925,1.208293,0.061902330549316494
GSTK1,0.067126,1.208293,0.061902330549316494
KARSP2,-0.13147,1.208293,0.061902330549316494
IGHV3-49,-0.44648,1.208263,0.061906606758516156
RTTN,-0.38434,1.207046,0.0620803275938634
UTP11,0.057323,1.20518,0.062347637259192186
MRPL43,0.063897,1.204255,0.0624805724623244
POU2F1,-0.27257,1.204252,0.062481004064319355
TMEM130,-0.69497,1.204252,0.062481004064319355
PCDH11X,-0.18349,1.203907,0.06253065818497376
PIK3R6,-0.22084,1.203305,0.06261739554801124
SEC61B,0.150756,1.20312,0.06264407487810181
GSDMA,0.159298,1.203021,0.06265835659382572
ZNF98,-0.46793,1.202168,0.06278154512859865
AHDC1,-0.37227,1.200472,0.06302719798171849
KAT7,-0.22377,1.200225,0.0630630541723222
MICU3,-0.58166,1.200217,0.06306421584740925
DCAKD,-0.35154,1.200217,0.06306421584740925
CYP21A2,-0.1822,1.200217,0.06306421584740925
SMLR1,-0.08229,1.199646,0.06314718570185845
PROB1,0.11761,1.198396,0.0633291997260186
AC010442.3,-0.48624,1.198396,0.0633291997260186
ANP32B,-0.24721,1.197715,0.06342858163739207
HMGB1P6,0.156747,1.197715,0.06342858163739207
OR2T12,-0.29709,1.197593,0.06344640220450946
SLC26A4,-0.20432,1.197593,0.06344640220450946
AC073109.1,-0.189,1.195893,0.06369524317551917
ZCCHC10,0.160698,1.195383,0.06377008560723021
ZNF404,-0.35158,1.195359,0.06377360976976948
RPF1,0.103248,1.194991,0.06382767132315004
GOLGA5,0.056524,1.194991,0.06382767132315004
HEBP2,0.098801,1.194136,0.06395345328770143
AC005520.1,-0.29024,1.193641,0.06402638768712872
TRIAP1,0.170952,1.193626,0.06402859911840625
COX5B,0.12801,1.192474,0.06419866543089948
Z99129.1,-0.47811,1.192262,0.06423001153372877
RIC1,-0.20503,1.192188,0.06424095670114686
SMIM31,-0.20776,1.192188,0.06424095670114686
GIMAP6,0.245585,1.192188,0.06424095670114686
ADRM1,0.076457,1.191415,0.06435540088857704
SPATA17,-0.34211,1.191151,0.06439453330102493
CLN8,0.066799,1.190815,0.06444437260595431
MORC2,-0.18152,1.189726,0.0646061706183523
ENAH,0.155332,1.189545,0.0646331020082059
OR5AS1,-0.42719,1.189225,0.06468074298713915
MAP2K5,-0.32554,1.189225,0.06468074298713915
NUP85,-0.01812,1.188555,0.06478060505031982
KIAA2026,-0.19288,1.188397,0.06480417706907922
ZNF774,-0.42395,1.18691,0.06502644324081015
FPR1,0.169743,1.186352,0.06511004567401
EOGT,0.087658,1.186146,0.0651409368124048
ZNF90P1,-0.27857,1.184519,0.06538543238298371
NHP2,0.117114,1.184365,0.065408622044619
IGLV1-44,-0.66774,1.184177,0.06543694265057137
COPS7A,0.027321,1.184177,0.06543694265057137
RTRAF,0.095358,1.183927,0.06547462202669671
TTLL7,-0.35017,1.183764,0.06549920066370167
VTCN1,-0.46606,1.183764,0.06549920066370167
CLP1,0.073296,1.183764,0.06549920066370167
BRSK1,-0.29891,1.183764,0.06549920066370167
WASF1,-0.32424,1.183298,0.06556951933018502
APEH,0.139566,1.182306,0.06571946207451491
TDGF1P6,-0.46929,1.181868,0.06578577570693049
PHF5A,0.146658,1.180483,0.06599590671604309
ABCG8,-0.23252,1.180155,0.06604576881344439
CBX3,0.079869,1.179978,0.06607269175187765
AC099548.2,-0.47784,1.179978,0.06607269175187765
SF3B5,0.132511,1.179846,0.06609277701944433
RPP30,0.097995,1.179846,0.06609277701944433
HSD3BP4,-0.26614,1.178343,0.06632190619160865
C2CD4C,0.089367,1.176708,0.06657206062387394
CYP4F8,-1.07603,1.176677,0.06657681271634093
BOLA2B,0.212502,1.176176,0.0666536597200097
EHD4,0.048069,1.176176,0.0666536597200097
NYNRIN,-0.25882,1.175742,0.06672030147664512
CRMP1,-0.27129,1.175742,0.06672030147664512
AL049629.2,-0.71018,1.17556,0.06674826784540333
GSPT1,-0.12481,1.17556,0.06674826784540333
AC022217.1,-0.31793,1.17556,0.06674826784540333
MTCO1P55,-0.29128,1.17556,0.06674826784540333
SSH2,-0.2069,1.17556,0.06674826784540333
EGFR,-0.25357,1.17556,0.06674826784540333
RPS29P22,-1.00698,1.17556,0.06674826784540333
EFCAB6,-0.1851,1.17556,0.06674826784540333
TRMT112,0.106005,1.174958,0.06684085552812215
DUS1L,0.110882,1.174958,0.06684085552812215
YRDCP1,-0.41305,1.173804,0.06701870010449455
OGFOD1P1,-0.1302,1.173804,0.06701870010449455
RPS12P16,-0.64358,1.173804,0.06701870010449455
ODR4,0.005515,1.173611,0.06704848976139383
OCIAD1,0.056921,1.173269,0.06710131017601965
GIPC1,0.087041,1.173259,0.06710285525857329
DPH2,0.126245,1.173259,0.06710285525857329
NDUFA3P2,-0.82897,1.173259,0.06710285525857329
BNIP3P11,-0.51813,1.173259,0.06710285525857329
RABGEF1,0.045623,1.173259,0.06710285525857329
CBX2,0.146718,1.173259,0.06710285525857329
MYO15A,-0.33405,1.173259,0.06710285525857329
EIF3I,0.11623,1.173257,0.06710316427935328
KRT8P31,-0.30533,1.173257,0.06710316427935328
ERO1B,-0.26603,1.173257,0.06710316427935328
HCCS,0.083813,1.172879,0.06716159476584335
ZBTB4,-0.22566,1.172391,0.06723710408137637
ARHGAP30,0.047328,1.172388,0.06723756854044122
RMDN2,0.200748,1.172388,0.06723756854044122
LRRC8C,-0.33875,1.172388,0.06723756854044122
PRRC2C,-0.23163,1.171747,0.06733688157624923
TNRC18,-0.33185,1.171642,0.06735316367891483
RPAP2,-0.06967,1.171642,0.06735316367891483
AC240508.1,-0.55062,1.170373,0.06755025611855378
SNX29P2,-0.26332,1.170373,0.06755025611855378
SMARCA4,-0.19284,1.170373,0.06755025611855378
SUMO3,0.081246,1.170373,0.06755025611855378
PCDH10,-0.0327,1.170373,0.06755025611855378
CCDC160,-0.29465,1.170373,0.06755025611855378
AL356423.1,-0.45354,1.170081,0.06759568913252367
REX1BD,-0.15063,1.170078,0.06759615606861485
MT1M,0.284,1.16956,0.06767682874665593
YLPM1,-0.25452,1.16956,0.06767682874665593
NHS,-0.10579,1.16956,0.06767682874665593
STMND1,-0.31162,1.169299,0.06771751303302542
HSDL1,0.066441,1.169269,0.06772219095467462
AP000705.2,-0.32799,1.168988,0.0677660231796164
KRT16P3,0.199574,1.168625,0.06782268830138635
KLK8,0.159773,1.168543,0.06783549524630665
MS4A3,0.16173,1.167703,0.06796682769521122
UBE2H,0.021063,1.167365,0.06801974508329044
RAD51AP1P1,-0.35323,1.167365,0.06801974508329044
AL591704.2,1.804804,1.167365,0.06801974508329044
GREM1,-0.09957,1.167209,0.06804418238717252
UGT1A4,-0.3883,1.16699,0.06807850341679823
AP003035.1,-0.15265,1.16699,0.06807850341679823
MALSU1,0.137703,1.166353,0.06817843060333516
MARCH6,-0.21883,1.166353,0.06817843060333516
AC105339.1,-0.12409,1.166353,0.06817843060333516
AC079781.1,-0.54297,1.166353,0.06817843060333516
AL365205.1,0.131028,1.165868,0.0682546116525707
PRRG1,0.073812,1.165833,0.06826011254602371
OR1M1,-0.28141,1.165833,0.06826011254602371
CWH43,0.067659,1.165777,0.06826891489770537
STK11,0.083078,1.165772,0.06826970087715861
HIST1H3A,0.247808,1.165772,0.06826970087715861
PLD2,0.110056,1.165772,0.06826970087715861
FBXL14,-0.29177,1.165538,0.06830649483880916
PLEK,0.209444,1.165335,0.06833843044988
SRRM2,-0.25151,1.1653,0.06834393809860217
VDAC1,0.077415,1.165286,0.06834614128237598
AC090360.1,-0.40743,1.165241,0.06835322342555612
ZMAT1,-0.32799,1.165241,0.06835322342555612
TAP1,0.214171,1.164739,0.06843227844139568
IMPG1,-0.32,1.164641,0.06844772215592645
ZNF703,-0.34456,1.163895,0.06856539779608678
PPARG,-0.72097,1.163891,0.06856602930964643
C18orf54,-0.21328,1.163891,0.06856602930964643
PPP1CA,0.084396,1.163835,0.06857487111023669
MTDHP1,-0.29111,1.163835,0.06857487111023669
CNBP,0.112511,1.163121,0.06868770406193414
OR5A1,-0.31187,1.162515,0.0687836154879384
GJC1,-0.26015,1.162515,0.0687836154879384
IGKC,-1.23172,1.162515,0.0687836154879384
UBB,0.122494,1.162274,0.06882179569126246
AUTS2,-0.32665,1.162274,0.06882179569126246
SCARB1,-0.1625,1.162225,0.06882956106332551
CFB,0.379701,1.162225,0.06882956106332551
AC079140.5,-0.58991,1.161878,0.06888457765412273
UHRF2P1,-0.27505,1.16149,0.06894614684251453
TRIM15,0.212274,1.16149,0.06894614684251453
FAM90A11P,-0.19193,1.161108,0.06900681769057952
TMEM205,0.136091,1.160754,0.06906308912199544
CTGF,0.390881,1.16072,0.0690684961373872
MTATP6P1,-0.69387,1.160562,0.0690936284109337
DAG1,-0.22568,1.160562,0.0690936284109337
ZNF284,-0.28517,1.160562,0.0690936284109337
CEBPZOS,-0.27197,1.160562,0.0690936284109337
OR2A14,-0.09376,1.160223,0.06914758231779912
ZNF829,-0.1636,1.159913,0.06919695757736793
FAM71A,-0.09235,1.159615,0.06924445477222138
CACNA2D1,-0.33753,1.159299,0.06929485654137556
TIMM23,0.086792,1.159299,0.06929485654137556
AC008013.1,-0.45268,1.159299,0.06929485654137556
TAS2R30,-0.39553,1.158901,0.06935838945549731
TMEM79,0.102997,1.158553,0.06941398857888513
DDR1,-0.5268,1.158553,0.06941398857888513
KHDRBS2,-0.07695,1.158553,0.06941398857888513
CTRC,-0.13166,1.158459,0.06942901437678348
SEC24AP1,-0.39106,1.158032,0.06949731081911896
FTSJ1,0.066157,1.156429,0.0697543024364715
EIF4H,0.076607,1.156189,0.06979286074161464
SLC38A6,-0.4021,1.156,0.06982324040771715
CHIC2,0.116341,1.15583,0.0698505773296694
MESTP1,-0.18426,1.155239,0.0699456966422674
AFF1,-0.28352,1.155061,0.06997437047147247
GPR150,0.105599,1.155061,0.06997437047147247
AC139494.1,-0.45812,1.154923,0.06999660883252275
ZNF460,-0.19303,1.154923,0.06999660883252275
SPATA9,-0.22184,1.154696,0.07003320470038756
NOL7,0.080546,1.154222,0.0701096824415046
DDT,0.124096,1.154222,0.0701096824415046
C10orf113,-0.55356,1.154222,0.0701096824415046
SRGAP2B,-0.30696,1.153127,0.07028667516942083
AKAP8L,0.110848,1.152992,0.07030852710738623
FNTA,0.071471,1.152931,0.07031840317430689
AP002414.2,-0.17891,1.152931,0.07031840317430689
SETD5,-0.25875,1.152569,0.0703770405157759
LY6G6C,-0.58559,1.151993,0.07047044273689747
ARL4C,0.172174,1.151917,0.07048277589450713
AC079880.2,-0.20374,1.151906,0.07048456113559569
TAS2R43,-0.41201,1.151731,0.07051296878113314
SPSB3,0.113959,1.151682,0.07052092497338816
NINJ2,0.160497,1.151682,0.07052092497338816
BAG4,-0.57321,1.151682,0.07052092497338816
APBA3,-0.14427,1.151682,0.07052092497338816
CYP4Z1,-0.29432,1.151682,0.07052092497338816
UBE2Q1,-0.05781,1.151682,0.07052092497338816
TBC1D23,0.103307,1.151682,0.07052092497338816
EPB41,-0.20903,1.151682,0.07052092497338816
OR4F17,-0.52092,1.151673,0.07052238641240632
SLC8A3,-0.06831,1.151673,0.07052238641240632
SYNGR2,0.123143,1.14962,0.07085654955184612
LIPH,-0.66768,1.149592,0.07086111798968629
C17orf49,0.092685,1.149299,0.0709089410998898
AUP1,0.070375,1.149299,0.0709089410998898
CORO6,0.277729,1.148863,0.07098016425297578
NUBP1,0.058563,1.148078,0.07110857900118711
ISY1,0.049616,1.147959,0.07112806596377842
ACSM3,-0.44161,1.14712,0.07126560887649475
TTC23,-0.25482,1.14712,0.07126560887649475
NPY2R,-0.04343,1.14712,0.07126560887649475
PHIP,-0.20834,1.14712,0.07126560887649475
MSS51,-0.31379,1.14656,0.07135756141978926
DNAH12,-0.23744,1.146335,0.07139454004080402
AL391416.1,-0.30184,1.146335,0.07139454004080402
NDUFB7,0.12326,1.146335,0.07139454004080402
AC124312.1,-0.25407,1.14631,0.07139864995918635
SPTBN1,-0.22751,1.14624,0.0714101589893736
ITPKC,0.053205,1.146143,0.07142611028352906
WNT5A,0.364575,1.146143,0.07142611028352906
RIMS4,-0.18712,1.144824,0.07164336897083154
CHST12,-0.13191,1.144507,0.07169568195086949
ARAP2,-0.08011,1.144507,0.07169568195086949
ITGAE,0.139595,1.144507,0.07169568195086949
GPKOW,0.075085,1.14382,0.07180918537700548
BABAM2,0.023561,1.143444,0.07187138267914234
LMAN1L,0.114233,1.143137,0.07192220606252031
PITPNB,-0.24597,1.140677,0.07233075527378728
APOL6,0.283965,1.140366,0.07238257016456233
IFI44L,0.93866,1.14035,0.07238523688611771
C10orf82,-0.30902,1.14035,0.07238523688611771
PFDN4,0.134549,1.14035,0.07238523688611771
CSRNP3,-0.18651,1.14035,0.07238523688611771
KCNK6,0.021804,1.140288,0.07239557136015556
ZNF26,-0.08272,1.140288,0.07239557136015556
SIDT1,-0.39767,1.140288,0.07239557136015556
NDUFS5,0.159565,1.140288,0.07239557136015556
RNFT2,-0.24227,1.140288,0.07239557136015556
RFC4,0.09538,1.14015,0.07241857919636047
RPH3A,-0.40805,1.139705,0.0724928209494911
PSMG3,0.08756800000000001,1.139705,0.0724928209494911
DYNLT3,0.188665,1.139705,0.0724928209494911
CERCAM,-0.35562,1.139705,0.0724928209494911
PDPR,-0.29588,1.138164,0.07275050293325981
ARMCX2,-0.29163,1.136554,0.07302070135841578
KCTD11,0.11662,1.136038,0.07310751129038422
GATA3,-0.27383,1.135458,0.07320521154927558
SSR4,0.116292,1.134343,0.07339339879036974
DDX43P1,-0.11713,1.134343,0.07339339879036974
COL4A4,-0.08073,1.134219,0.07341435710594366
IGLV3-1,-1.07308,1.134219,0.07341435710594366
SHC1,0.019926,1.133975,0.0734556151391198
C18orf21,0.074607,1.13364,0.07351229816246728
RARS,-0.006,1.132159,0.07376341246988306
PMM2,0.062857,1.13147,0.07388052960928376
GREB1L,-0.20787,1.130866,0.0739833512814257
C5orf42,-0.2951,1.130603,0.07402816767896124
ANKH,-0.23377,1.129784,0.07416790298641118
GDF6,-0.09622,1.129784,0.07416790298641118
RAB11A,0.20231,1.129104,0.07428412292611036
XKR6,-0.24689,1.129104,0.07428412292611036
SLCO4A1,0.087967,1.12898,0.07430533559804102
SIN3A,-0.18561,1.12898,0.07430533559804102
FGFR1OP,-0.06496,1.12898,0.07430533559804102
SV2C,-0.1777,1.127971,0.07447817050198675
AC026407.1,-0.71209,1.127971,0.07447817050198675
TTC34,-0.26734,1.127971,0.07447817050198675
PRELID3B,0.127907,1.126825,0.07467496023310494
PFDN5,0.105773,1.126825,0.07467496023310494
BOC,-0.2828,1.126225,0.0747781988015123
ZNF93,-0.2672,1.126225,0.0747781988015123
BTBD6,0.043293,1.126111,0.07479783025888224
PECAM1,0.205212,1.126076,0.07480385849470117
CDKN2A,0.184789,1.126076,0.07480385849470117
XRCC2,-0.2916,1.126076,0.07480385849470117
THRB,-0.30044,1.126076,0.07480385849470117
UQCRFS1,0.091912,1.125808,0.07485003366327556
DRG2,0.019133,1.12579,0.0748531360018567
FRRS1L,-0.3133,1.125444,0.07491279484106605
RPS12P5,-0.42994,1.124982,0.07499252904906538
CCND3,0.02809,1.124982,0.07499252904906538
ARHGAP29,0.109446,1.124783,0.07502689958221655
RINT1,-0.03949,1.124702,0.07504089410869598
PPP1R14B,0.124092,1.124702,0.07504089410869598
EMX2,-1.53438,1.123806,0.07519587200998655
FAM198A,-0.34915,1.123806,0.07519587200998655
OR10G3,-0.35577,1.123564,0.07523778475066262
C11orf71,0.089379,1.123564,0.07523778475066262
CEP170,-0.3079,1.123564,0.07523778475066262
HERC1,-0.16442,1.123548,0.07524055666414839
KCNC1,-0.37208,1.123537,0.0752424624139089
AC020633.1,-0.24146,1.123537,0.0752424624139089
WWP1,-0.29619,1.123496,0.07524956608828322
UTS2B,-0.3166,1.121909,0.07552504626765212
FAM196A,-0.36748,1.121713,0.07555913891794783
USH2A,-0.05384,1.121713,0.07555913891794783
SOCS3,0.269724,1.121681,0.07556470652616477
LRRC74B,-0.18059,1.121626,0.07557427681132706
PPIAP71,-0.40059,1.121077,0.07566987211608436
P2RX5,-0.15028,1.120601,0.07575285407124747
ZFPM2,-0.3843,1.120032,0.07585216830270301
ZNF14,-0.23659,1.119915,0.07587260581596211
RBPJ,-0.28671,1.119562,0.07593430109119689
SRP54,0.022959,1.119265,0.07598624787288996
YAE1D1,0.08823,1.119265,0.07598624787288996
SIK1,-0.38311,1.118237,0.07616632473101644
CARD8,-0.20404,1.118237,0.07616632473101644
ABI1,0.065354,1.118237,0.07616632473101644
MLST8,0.077053,1.118155,0.07618070720316612
OR8A1,-0.29317,1.117646,0.07627004453876171
PGLYRP2,0.126922,1.117646,0.07627004453876171
SMIM35,-0.31368,1.117463,0.07630218945375708
LEKR1,-0.23751,1.117463,0.07630218945375708
TAS2R50,-0.32504,1.117363,0.07631976070504441
TMSB4XP4,0.30132,1.117192,0.07634981692095853
JDP2,-0.22258,1.115719,0.07660921284266672
MRPL17,0.113843,1.115594,0.07663126592014213
TREX1,0.14867,1.114604,0.07680615068496165
TNMD,0.500104,1.1134,0.07701937676097963
KANK4,-0.19875,1.1134,0.07701937676097963
IGIP,-0.27259,1.112995,0.0770912344469701
MAPKAP1,-0.03698,1.112995,0.0770912344469701
AC008073.3,-0.22217,1.112848,0.07711733270529426
ADAM9,0.020745,1.112528,0.07717417579511432
GGH,0.208087,1.112528,0.07717417579511432
PDSS2,0.018124,1.112295,0.07721559102867823
TOMM40L,0.113253,1.112295,0.07721559102867823
CGNL1,-0.36003,1.111966,0.07727410789987357
SUSD6,-0.23225,1.111388,0.0773770200280179
CTCFL,-0.36415,1.111291,0.07739430417392668
ADPRHL2,0.073857,1.11109,0.0774301320653982
LCE2D,0.315693,1.109354,0.07774026200793228
AC003989.2,-0.83301,1.109178,0.07777177302054114
ATG4B,0.057937,1.109178,0.07777177302054114
GABRB2,0.142759,1.109059,0.07779308599926746
DROSHA,-0.25395,1.109059,0.07779308599926746
TXNDC12,0.025809,1.109059,0.07779308599926746
IL23R,-0.09293,1.108399,0.07791139850872753
AC010442.2,-0.17705,1.108182,0.0779503375206469
MTND4P32,-0.19411,1.108182,0.0779503375206469
UTP15,0.101092,1.108182,0.0779503375206469
SNRNP25,0.161136,1.107778,0.07802288412165745
SIRPAP1,-0.28399,1.107778,0.07802288412165745
SEZ6,-0.0977,1.107239,0.07811977792015662
ZNF334,-0.34355,1.107239,0.07811977792015662
UGCG,0.058631,1.107239,0.07811977792015662
PRPS2,0.092032,1.107239,0.07811977792015662
BAZ1B,-0.17714,1.107239,0.07811977792015662
AGPAT3,-0.38718,1.107239,0.07811977792015662
COL24A1,-0.29198,1.107239,0.07811977792015662
HIST1H2APS3,-1.15763,1.107239,0.07811977792015662
SMCHD1,-0.30745,1.107239,0.07811977792015662
AL672142.1,-0.67204,1.107239,0.07811977792015662
ZNF444,-0.26162,1.107239,0.07811977792015662
CCDC81,-0.18241,1.107239,0.07811977792015662
NSUN5,0.050845,1.107239,0.07811977792015662
AL357315.2,-0.19349,1.107239,0.07811977792015662
TMEM229B,-0.24494,1.107239,0.07811977792015662
DDX58,0.172986,1.107239,0.07811977792015662
C19orf53,0.122425,1.106597,0.07823534463189435
ERICH3,-0.3023,1.106279,0.07829265125509849
CHMP5,0.139537,1.106279,0.07829265125509849
AC007537.2,-0.34416,1.106279,0.07829265125509849
AL136968.1,-0.15754,1.106002,0.07834260349476856
EGLN3,0.139427,1.106002,0.07834260349476856
CCAR1,-0.00123,1.105474,0.07843790760651129
PLTP,0.202522,1.105373,0.07845615133345446
CFAP52,-0.24635,1.104967,0.07852953032486154
PMCHL1,-0.41569,1.104967,0.07852953032486154
TIMM17B,0.093994,1.103813,0.0787384751527367
OR9H1P,-0.28292,1.103461,0.07880231934019066
USP9YP3,-0.15463,1.103461,0.07880231934019066
SPARCL1,0.219835,1.103461,0.07880231934019066
CCT5,0.131199,1.103461,0.07880231934019066
TUFT1,0.07985,1.10346,0.07880250078944535
FRMD8,0.121663,1.10346,0.07880250078944535
SHH,-0.1503,1.102752,0.0789310717813653
EFCAB3,-0.48542,1.102234,0.07902527212220704
AC010325.1,-0.39634,1.101295,0.07919631967520475
DCLK3,-0.05374,1.10116,0.07922094159764537
AP000889.1,-0.46514,1.10078,0.07929028885652105
AC055733.3,-0.39198,1.10062,0.079319505860104
TNFRSF10B,0.040683,1.10029,0.07937979993540883
MSMB,0.691452,1.098538,0.07970067508564752
ZNF407,-0.25762,1.098195,0.07976364648147863
SMIM33,-0.1985,1.098115,0.07977834084150576
HIST1H2AK,0.25617,1.097934,0.0798115968227613
USP14,-0.22654,1.097934,0.0798115968227613
POLE3,0.100426,1.097934,0.0798115968227613
COPS9,0.152161,1.097934,0.0798115968227613
KCTD10,0.038988,1.097461,0.07989856880147705
PRKRIP1,0.03613,1.097461,0.07989856880147705
NEIL3,0.105218,1.097461,0.07989856880147705
ETFBKMT,-0.80589,1.097461,0.07989856880147705
AP004289.2,-0.26045,1.097461,0.07989856880147705
Z97634.1,-0.48881,1.097113,0.07996261715121784
HSPG2,-0.2996,1.096983,0.07998655642891603
AC018462.2,-0.34548,1.095845,0.08019642339053802
GTF3A,0.037634,1.095845,0.08019642339053802
NAA10,0.080867,1.095724,0.0802187702532247
SCUBE2,0.258591,1.095454,0.08026865760608312
AC005865.2,-0.32973,1.095454,0.08026865760608312
PLIN1,-0.86056,1.095454,0.08026865760608312
HMGCLL1,-0.13848,1.095374,0.08028344500116577
CCDC162P,-0.51795,1.095243,0.08030766524360401
CWC15,0.067303,1.095243,0.08030766524360401
ABHD16A,0.54229,1.094795,0.08039055001079519
MTCO3P23,-0.57932,1.094756,0.08039776947214791
WASF2,-0.1801,1.094611,0.08042461674601015
TPTE2P6,-0.28271,1.094453,0.08045388122375285
C1GALT1C1,0.128095,1.094453,0.08045388122375285
NMNAT3,-0.23526,1.094453,0.08045388122375285
F2RL3,-0.24022,1.094453,0.08045388122375285
CCNI2,-0.53366,1.094453,0.08045388122375285
MARK3P1,-0.48474,1.094453,0.08045388122375285
R3HCC1,0.062953,1.094453,0.08045388122375285
RAB18,0.120524,1.094364,0.0804703703330269
AGA,0.173306,1.094364,0.0804703703330269
HSD17B11,0.074749,1.093795,0.08057586936778335
ATP5PB,0.133908,1.092636,0.08079118906157969
NLRC5,0.16172,1.092619,0.08079435160946541
NCMAP,-0.18667,1.092619,0.08079435160946541
SF3B1,0.037233,1.092563,0.08080477028986652
RHAG,-0.28792,1.092429,0.08082970615777947
ATG7,-0.03063,1.092429,0.08082970615777947
PARL,0.081045,1.091623,0.08097985596980323
PM20D1,-1.31177,1.091623,0.08097985596980323
HMGN1P7,-0.52998,1.091623,0.08097985596980323
GOLGA7,0.086456,1.091218,0.08105540871128918
FLAD1,0.052538,1.091008,0.08109461195366857
ACKR1,0.356396,1.090714,0.08114952834958786
PPFIA4,0.296701,1.089694,0.08134034310732258
PDPN,0.303454,1.089393,0.0813967378595602
AP004607.7,0.251081,1.089228,0.08142766851588704
RTN4RL1,-0.23615,1.087454,0.08176096336822085
AC026444.1,-1.32694,1.087454,0.08176096336822085
MAP3K7,-0.00943,1.087271,0.08179542249609084
NDUFA2,0.055008,1.086939,0.08185797558826911
HSPA2,0.168689,1.086556,0.08193019716684485
TBC1D1,-0.33126,1.086258,0.08198643453154209
KLF17,-0.09791,1.086186,0.0820000278717271
ERV3-1,-0.43513,1.086186,0.0820000278717271
CBWD2,0.02646,1.085724,0.08208730544950466
AC125612.1,-0.55167,1.085429,0.08214308322796583
PSMD7,0.066442,1.085414,0.08214592039854572
YPEL5,0.098078,1.085414,0.08214592039854572
CDYL2,0.057366,1.085264,0.08217429749457851
OR2T6,-0.06452,1.084637,0.08229301992187793
HAUS5,-0.23112,1.084637,0.08229301992187793
NUDT11,0.19511,1.084637,0.08229301992187793
PIH1D1,0.066923,1.084637,0.08229301992187793
TXNRD1,0.079793,1.084634,0.08229358838388412
ASPN,0.304994,1.084634,0.08229358838388412
SPARC,-0.57932,1.084634,0.08229358838388412
FAM155A,-0.06779,1.084634,0.08229358838388412
POM121C,-0.26601,1.0846,0.08230003122773448
GLI3,-0.35237,1.0846,0.08230003122773448
SLC41A2,-0.17305,1.0846,0.08230003122773448
SPX,-0.24206,1.0846,0.08230003122773448
ARHGAP17,-0.31733,1.0846,0.08230003122773448
HAVCR2,0.067286,1.084206,0.08237472921938493
UGT3A1,-0.1539,1.081628,0.08286516510384313
MARC2,-0.48604,1.081035,0.08297838921389838
CPAMD8,-0.35333,1.080471,0.08308621976459998
CAMK2N1,-0.41441,1.080471,0.08308621976459998
BDH2,0.052281,1.080471,0.08308621976459998
RPS19BP1,0.065972,1.080471,0.08308621976459998
RPL7L1P1,-0.24643,1.080471,0.08308621976459998
MRPS21,0.085007,1.080471,0.08308621976459998
SCYL3,-0.58181,1.08009,0.08315914203442197
NTN4,-0.39782,1.079353,0.08330038334172918
MT-ND4L,-0.65154,1.07826,0.08351029157110093
SPON2,-0.31833,1.077889,0.08358166147492577
MXD1,0.141887,1.077776,0.08360341159372464
RPS20P22,-0.36248,1.077776,0.08360341159372464
HCLS1,0.113043,1.077666,0.08362458971227305
B3GAT1,-0.19979,1.077635,0.08363055906006102
LGALS3,0.133366,1.077635,0.08363055906006102
STK33,-0.36706,1.077635,0.08363055906006102
SNRPE,0.091632,1.0772,0.08371436744351556
ATRX,-0.13934,1.0772,0.08371436744351556
WTAPP1,-0.30021,1.0772,0.08371436744351556
SUB1,0.194575,1.0772,0.08371436744351556
DNASE1L1,0.096883,1.076479,0.08385346243853661
COX6B1,0.136822,1.076419,0.08386504802277839
ABCA10,-0.5795,1.076053,0.08393575475834858
ALDH1L2,-0.30581,1.076053,0.08393575475834858
AC016769.2,-0.60541,1.076053,0.08393575475834858
ZNF302,-0.88759,1.075782,0.08398814706105179
ZNF451,-0.19369,1.075593,0.0840247056980982
SELENOK,0.157179,1.075328,0.08407599196278057
FAM241A,-0.31751,1.075328,0.08407599196278057
COL12A1,0.466504,1.075099,0.08412033624974855
CARD18,0.325594,1.075099,0.08412033624974855
TUBA4A,0.194463,1.074657,0.08420599268111674
AC011498.4,-0.40266,1.074201,0.08429445362139647
CDH2,-0.25862,1.073802,0.08437193317317715
ZNF438,-0.18006,1.073594,0.08441235175095793
XKR4,-0.14833,1.073361,0.08445765132464857
BRI3BP,-0.38664,1.073361,0.08445765132464857
WDPCP,-0.37644,1.073361,0.08445765132464857
HAMP,-0.30943,1.073179,0.08449305245097923
CD52,0.299598,1.072091,0.08470499087355751
SEC14L4,-0.5926,1.072091,0.08470499087355751
C1QTNF4,-0.27853,1.072091,0.08470499087355751
VPS13B,-0.27127,1.072091,0.08470499087355751
GSTO2,-0.04937,1.072091,0.08470499087355751
FOXL2NB,-0.25081,1.072091,0.08470499087355751
SRP14,0.098634,1.072091,0.08470499087355751
FRRS1,0.035165,1.072091,0.08470499087355751
EBI3,0.112421,1.072091,0.08470499087355751
NUTM2G,-0.32285,1.071631,0.08479475701149691
IDO2,-0.20067,1.071539,0.08481272165142309
ART3,-0.37333,1.071162,0.08488637738386351
SNORC,-0.46552,1.071162,0.08488637738386351
HRASLS,0.273962,1.071162,0.08488637738386351
SNAPIN,0.101431,1.071162,0.08488637738386351
CCDC112,0.01408,1.069683,0.08517595272228068
NXNL2,-0.42771,1.06967,0.08517850238386804
PITX1,-1.34974,1.06967,0.08517850238386804
SLC17A8,-0.16439,1.068767,0.08535579270115272
ISLR2,-0.27772,1.068767,0.08535579270115272
C19orf71,-0.39494,1.068767,0.08535579270115272
TMEM212,-0.45909,1.068767,0.08535579270115272
NKX3-1,-0.27528,1.068767,0.08535579270115272
HSPA8P18,-0.21061,1.068767,0.08535579270115272
CMTM6,0.106852,1.068767,0.08535579270115272
COX5BP3,-0.56717,1.068767,0.08535579270115272
KRT18P4,-0.18829,1.068767,0.08535579270115272
ETV7,0.141172,1.068546,0.08539923886813729
ATP5PF,0.133624,1.068546,0.08539923886813729
LURAP1L,0.127118,1.068546,0.08539923886813729
YPEL3,0.045988,1.068492,0.08540985803509109
PPP4C,0.082072,1.068147,0.08547773388727145
SMIM37,0.217627,1.068147,0.08547773388727145
PPP1R9A,-0.07719,1.068147,0.08547773388727145
IGLV1-40,-0.92413,1.067976,0.08551139669231471
NSFL1C,0.05327,1.067968,0.08551297188496115
CLN5,-0.1895,1.067322,0.085640264511201
ANKRD52,-0.12503,1.067075,0.08568898528169376
AC009303.1,-0.55875,1.067075,0.08568898528169376
ZFP36L1,-0.274,1.066932,0.08571720471110039
GIMAP7,0.270882,1.066874,0.08572865300269394
AC024918.1,-0.5106,1.066826,0.085738128607211
TCEAL7,-0.34736,1.066635,0.08577584399343367
TDP2,0.0908,1.066481,0.08580626533846716
SNX9,0.095878,1.066046,0.08589225405442352
COX5A,0.112561,1.065667,0.08596724320123555
PLPPR5,-0.06895,1.065323,0.08603536390759653
RPL10P3,-0.34375,1.065323,0.08603536390759653
GPI,1.120535,1.064881,0.08612297033634296
RAB14,-0.1776,1.064598,0.08617910907259124
CCT3,0.068987,1.064398,0.08621880515862688
DRG1,0.078112,1.064398,0.08621880515862688
PQLC1,0.014247,1.064376,0.08622317284423346
ZNF668,0.143877,1.064376,0.08622317284423346
HS3ST3B1,-0.7808,1.064321,0.08623409302628209
CHST6,-0.1545,1.064262,0.08624580894097184
KBTBD4,0.098336,1.064242,0.08624978079870659
PEX7,0.09371,1.064242,0.08624978079870659
FRY,-0.22565,1.063725,0.08635251682351325
CCT2,0.060343,1.063725,0.08635251682351325
AC044810.9,-0.46206,1.063611,0.08637518687681725
SNX22,-0.47009,1.063485,0.08640025017582642
MED14,-0.2465,1.063373,0.0864225347691302
BIRC6,-0.31164,1.063047,0.08648743157156387
CEP295NL,-0.46701,1.06252,0.08659244451474617
ZNF671,-0.33875,1.06182,0.08673212758609472
FARP1,-0.35064,1.061065,0.0868830383421892
ZNF114,-0.19697,1.060646,0.0869669020826039
SPTLC2,0.030074,1.060646,0.0869669020826039
SUGT1,-0.05029,1.060646,0.0869669020826039
MED17,-0.25269,1.06005,0.08708633223391209
SPTLC1,0.074946,1.059803,0.0871358756727377
ELAC2,0.025962,1.059803,0.0871358756727377
POLR3DP1,-0.31044,1.059803,0.0871358756727377
ASTN2,-0.43767,1.05976,0.08714450352389816
LONP2,-0.18216,1.059563,0.08718404204478572
IGLV2-8,-0.57096,1.0594,0.08721677022030956
FCF1P7,-0.45934,1.059352,0.08722641030670905
MT2A,0.202216,1.059037,0.08728969981943649
AP003717.2,-0.1411,1.058738,0.0873498171081365
ELOBP4,-0.56434,1.058738,0.0873498171081365
PLXNA3,-0.28521,1.058543,0.08738904633993629
UBXN7,-0.21068,1.058482,0.08740132166563708
DTNBP1,-0.26171,1.058184,0.08746131444206745
NDUFA1,0.143401,1.057787,0.0875413016818992
OPN1MW,0.288845,1.05693,0.08771421883673926
DCX,-0.10898,1.056869,0.08772653983862568
PSMD9,0.102426,1.056869,0.08772653983862568
N6AMT1,-0.25262,1.056869,0.08772653983862568
FHL5,0.206033,1.05663,0.08777483060471321
CLTA,0.057165,1.056339,0.08783366403704795
CES4A,0.158213,1.055827,0.08793727427588689
TMEM213,-0.45282,1.055774,0.08794800653275377
C1orf54,0.258655,1.055774,0.08794800653275377
ZNF101P2,-0.40903,1.055601,0.08798304735550014
RBPMSLP,-0.40223,1.055117,0.0880811548247247
AC037479.1,-0.37221,1.055051,0.08809454158926522
INSIG2,-0.23822,1.055051,0.08809454158926522
RBM4,0.022826,1.054918,0.08812152412937797
VWFP1,-0.10715,1.054246,0.08825798338725653
ZFAND6,0.055898,1.054222,0.0882628608384295
MON1B,-0.38226,1.054196,0.08826814504804181
AL121769.1,-0.45537,1.053375,0.08843516694445878
LTBP4,-0.44263,1.053375,0.08843516694445878
HOXC9,0.080665,1.052248,0.0886649554108168
GCH1,0.135479,1.052248,0.0886649554108168
SMAD3,-0.26186,1.052248,0.0886649554108168
ARHGEF5,-0.24928,1.052248,0.0886649554108168
FBXW11,-0.02717,1.05214,0.08868700728192067
POLI,-0.22621,1.051474,0.08882311506505046
SNX2,0.033451,1.050969,0.08892645914216955
YAF2,-0.15056,1.050693,0.0889829910676848
FSCN1,0.206936,1.050528,0.0890168044905323
ATP6AP2,0.093857,1.050516,0.08901926414971811
AC012066.1,-0.2851,1.049946,0.08913617628042603
TMEM40,0.112479,1.049864,0.08915300784709823
TEX264,0.088897,1.049728,0.08918093062351425
OLA1P3,-0.34031,1.049358,0.08925694126992845
IKZF2,-0.26972,1.049225,0.08928427984227026
KLK7,0.143273,1.049167,0.08929620454832903
MEF2D,-0.2116,1.049039,0.08932252677713555
KATNB1,0.102003,1.048285,0.08947773870352027
LGALS7B,1.180443,1.047901,0.08955688925173184
SLC35D3,-0.08902,1.047618,0.08961526636721316
KIAA1328,-0.3834,1.047127,0.0897166399285654
FBLL1,-0.22464,1.046188,0.08991082858886165
SELENOF,0.084323,1.046125,0.08992387225693194
ALDH1L1,-0.32805,1.04565,0.09002227831153431
CALCOCO1,0.066273,1.04565,0.09002227831153431
TCHP,0.086,1.04565,0.09002227831153431
FBXW5,0.069051,1.045081,0.09014030018006981
AL139344.1,-0.83896,1.045081,0.09014030018006981
LSM3,0.107613,1.045081,0.09014030018006981
CACNA1G,-0.2887,1.045081,0.09014030018006981
ZKSCAN7P1,-0.3162,1.045081,0.09014030018006981
CHRFAM7A,-0.23605,1.044946,0.0901683245565675
RNF125,-0.239,1.044845,0.09018929663935661
NAF1,-0.26945,1.044653,0.09022917781212522
SPINK9,-0.50248,1.043092,0.09055407527918347
RGS17,-0.23287,1.042907,0.09059265756201837
CCDC122,-0.25229,1.042295,0.09072040910280472
TTC28,-0.35963,1.041817,0.09082031419093069
OR2M4,-0.2029,1.041672,0.09085064187120523
GPD2,-0.22835,1.040634,0.09106804217447437
BBIP1,-0.1362,1.040634,0.09106804217447437
GAPDHP33,-0.24861,1.040255,0.0911475500982061
RPN2,0.070471,1.040255,0.0911475500982061
PSPN,-0.20875,1.040255,0.0911475500982061
WDFY3,-0.16456,1.040255,0.0911475500982061
EGLN3P1,-0.40802,1.040255,0.0911475500982061
ZNF157,-0.16728,1.040255,0.0911475500982061
FNDC3A,-0.19324,1.040255,0.0911475500982061
TPD52L1,0.083813,1.040255,0.0911475500982061
COL6A6,-0.37844,1.040255,0.0911475500982061
LYPD2,0.449306,1.040255,0.0911475500982061
EFCAB12,-0.16676,1.040255,0.0911475500982061
ENC1,-0.33005,1.040255,0.0911475500982061
ADAMTSL5,-0.16335,1.040255,0.0911475500982061
SPATA5,-0.26699,1.040255,0.0911475500982061
APBA1,-0.26518,1.040255,0.0911475500982061
SLC9A2,-0.39433,1.040255,0.0911475500982061
TNFRSF21,0.275847,1.040255,0.0911475500982061
C21orf59,0.063859,1.040255,0.0911475500982061
FAM32A,0.089125,1.040255,0.0911475500982061
CASR,-0.30868,1.039718,0.09126032267451151
BICDL2,0.094248,1.039552,0.09129521169520963
PTCHD1,-0.09949,1.039253,0.09135808761997237
PLCXD1,0.164607,1.039253,0.09135808761997237
AC009879.1,-0.36343,1.038978,0.09141595487606402
GPSM2,-0.02869,1.038978,0.09141595487606402
AC006042.3,-0.38556,1.038687,0.09147722886951368
ZNF844,-0.12857,1.037403,0.09174808325427085
AC140479.7,0.16021,1.037403,0.09174808325427085
ITGAX,-0.33558,1.037403,0.09174808325427085
NARS,0.084964,1.037147,0.09180218118585194
MT1JP,0.132356,1.03525,0.09220405051772057
ARID3B,-0.19121,1.035199,0.09221487884478735
IMPA2,0.112405,1.035199,0.09221487884478735
MT-ND1,-0.70941,1.033686,0.09253669833040726
NTNG2,-0.19444,1.033458,0.09258529187068375
VPS26C,0.021978,1.033099,0.09266185711093967
AC010132.3,0.10828,1.032877,0.09270923554123003
FDXR,0.095523,1.032793,0.0927271688313912
HMGN2P35,-0.67431,1.031998,0.09289706648380952
MARF1,-0.16518,1.031545,0.09299401527767172
PSPC1P1,0.380139,1.031545,0.09299401527767172
CAMK1D,-0.20156,1.031459,0.09301243199153691
PTGS2,0.255123,1.031459,0.09301243199153691
JHY,-0.22614,1.031459,0.09301243199153691
ADGRL1,-0.13847,1.030678,0.0931798485003051
ZNF90,-0.30941,1.030339,0.09325261088061922
SEC24B,-0.16834,1.030239,0.09327408556005783
TNFSF4,-0.25675,1.030231,0.09327580374803467
RABGGTB,0.081828,1.030231,0.09327580374803467
GDPD2,0.154964,1.029923,0.09334197805692171
ZNF254,-0.26527,1.029923,0.09334197805692171
BAHD1,-0.17934,1.02813,0.0937281402806324
CA1,-0.61958,1.027979,0.09376073431642912
SNCG,0.290691,1.027883,0.09378146224591806
INF2,-0.31045,1.027883,0.09378146224591806
YBX2,-0.13354,1.027833,0.09379225985731496
GCSAML,-0.26802,1.027518,0.09386031340214275
EPS8L1,0.112117,1.026633,0.09405177581801606
GCNT3,-0.17592,1.026373,0.09410809885226082
MRPS12,0.051817,1.026373,0.09410809885226082
DNALI1,-0.27788,1.026357,0.09411156598661617
RIOK3,0.060065,1.026345,0.09411416642120934
SPP1,0.201962,1.026345,0.09411416642120934
AL354943.1,-0.41983,1.026228,0.09413952442437717
ARIH2,0.004696,1.026226,0.09413995795390658
TMEM106A,-0.35788,1.026082,0.09417117732735251
CRLF1,0.245495,1.026082,0.09417117732735251
ZNF385D,-0.874,1.025933,0.09420349160552693
ACSL6,-0.15012,1.025933,0.09420349160552693
C2orf27A,-0.38472,1.025933,0.09420349160552693
CCDC30,-0.0931,1.025562,0.09428400017530153
CPVL,0.1994,1.02541,0.09431700468450052
AP2M1,0.030987,1.02537,0.09432569200172022
XDH,0.121139,1.025078,0.0943891336632131
DLG2,-0.19029,1.024325,0.09455293189880497
APC2,-0.19332,1.024325,0.09455293189880497
MRPL51,0.111521,1.023951,0.09463439281762792
KLHDC2,0.009899,1.02392,0.09464114807472844
KANTR,-0.30623,1.023299,0.09477657275716847
PINLYP,0.278693,1.022873,0.09486958482618985
NEK1,-0.25223,1.022725,0.09490192023873606
DNAH3,0.060279,1.022645,0.094919403428695
CHST9,-0.10284,1.022201,0.09501649369174264
MAB21L1,-0.36652,1.021749,0.09511543534049265
PCNA,0.165292,1.021688,0.09512879597316776
PPA1,0.120038,1.021431,0.09518510646470896
LRRC9,-0.21168,1.021388,0.09519453131899462
POLR2H,0.059827,1.020744,0.09533579665143829
RPL12P20,-0.52611,1.019915,0.09551795152075665
SBDSP1,0.085241,1.019408,0.09562952530741958
ZNF91,-0.32223,1.019316,0.09564978540425818
IER5,0.068545,1.019308,0.09565154735464645
ANAPC11,0.103885,1.019274,0.09565903600589808
ARID5B,-0.54515,1.019274,0.09565903600589808
MS4A4E,-0.46824,1.018449,0.09584092574606184
FKBP3,0.052593,1.017968,0.09594713253713139
PNPLA7,-0.37401,1.017955,0.09595000462379938
OCRL,-0.17432,1.017955,0.09595000462379938
TRERF1,-0.18429,1.017955,0.09595000462379938
CABLES1,-0.27364,1.017955,0.09595000462379938
FAM193A,-0.18256,1.017955,0.09595000462379938
ZNF497,-0.20797,1.017955,0.09595000462379938
FLOT2,0.051948,1.017955,0.09595000462379938
AL122001.1,-0.55539,1.017703,0.09600569590839143
FHL2,0.120027,1.017401,0.09607247963359787
TCTN1,-0.17101,1.017401,0.09607247963359787
UBAC1,0.056117,1.017401,0.09607247963359787
ABHD12B,0.118125,1.017401,0.09607247963359787
TMEM86A,0.14074,1.017401,0.09607247963359787
PABPC1P11,-0.21523,1.017401,0.09607247963359787
KLHL8,-0.18431,1.017401,0.09607247963359787
FAM92A,-0.29341,1.017401,0.09607247963359787
SPTAN1,-0.10764,1.017212,0.09611429837869437
C20orf96,-0.22153,1.017212,0.09611429837869437
GDF5OS,-0.18785,1.016993,0.09616277778672574
ZSCAN23,-0.45154,1.01697,0.09616787065009076
HSPB8,0.11441,1.016798,0.09620596496244287
HTR7,0.164737,1.016687,0.09623055709372944
LPAL2,-0.40515,1.016687,0.09623055709372944
INTS10,-0.02145,1.016687,0.09623055709372944
HRH1,0.16332,1.016687,0.09623055709372944
CADM2,-0.26218,1.016687,0.09623055709372944
BX276092.7,0.296092,1.016306,0.09631501575208927
SNX3,0.08796,1.014635,0.09668631315070587
IGSF10,-0.56818,1.014554,0.09670434773799551
TMEM208,0.099573,1.014554,0.09670434773799551
RPS6KB2,0.117782,1.014554,0.09670434773799551
SNU13,0.095962,1.014554,0.09670434773799551
FAM50A,0.109522,1.014437,0.09673040363637432
SPNS2,0.081989,1.014437,0.09673040363637432
MTND2P11,-0.34661,1.013295,0.096985095996429
TTLL4,-0.16185,1.013295,0.096985095996429
EIF2S2,0.084826,1.013295,0.096985095996429
NR1H2,0.074611,1.013007,0.09704943245990726
ATF7IP,-0.27875,1.01251,0.09716055792743054
STOML2,0.09493,1.012316,0.09720396939043995
SLC31A2,0.099162,1.012217,0.09722613013685964
METRNL,0.355446,1.012217,0.09722613013685964
C11orf98,0.128029,1.011,0.09749896377173872
CTNNBIP1,0.194147,1.011,0.09749896377173872
HMGB1P35,-0.34973,1.010905,0.097520293572307
RRP36,0.077252,1.010905,0.097520293572307
ITM2B,0.179653,1.010905,0.097520293572307
ASS1P1,-0.09869,1.010905,0.097520293572307
FBXL5,0.063551,1.010878,0.09752635657767754
CLEC19A,-0.32233,1.010743,0.097556677259212
MUC21,-0.10588,1.010731,0.09755937288706262
AC008687.8,0.147948,1.010731,0.09755937288706262
RSF1,-0.17768,1.01062,0.0975843109759556
ALMS1,-0.17947,1.01002,0.09771922185548916
STAM,-0.09724,1.009921,0.09774150007014895
SZT2,-0.35207,1.009921,0.09774150007014895
ARHGEF38,-0.54253,1.009861,0.0977550044902415
KLK5,0.195496,1.009861,0.0977550044902415
ST3GAL2,-0.19504,1.009861,0.0977550044902415
GUCY1B2,-0.69471,1.009799,0.09776896101783517
TATDN1P1,-0.29469,1.008886,0.0979747130087242
KCNMB1,-0.30447,1.008583,0.09804309217889273
CALB1,-0.36097,1.008522,0.09805686405236673
GTF2IP7,-0.18686,1.008435,0.098076509251801
FAM217A,-0.30857,1.008435,0.098076509251801
GRID1,-0.29843,1.008435,0.098076509251801
CYB5R1,0.116798,1.007676,0.09824806371445642
KCTD9,0.032562,1.007569,0.09827227272098131
ZNF385A,-0.37978,1.007569,0.09827227272098131
MPPE1,-0.02846,1.006955,0.09841130706623127
NLGN3,-0.12652,1.006546,0.09850403028789462
RSU1P3,-0.19229,1.006439,0.0985283023663642
KHSRP,-0.23975,1.006439,0.0985283023663642
LAMP3,0.267513,1.006439,0.0985283023663642
RALGAPA1,-0.21338,1.006301,0.09855961537349717
CSMD3,-0.22084,1.005979,0.09863271776255214
EEF1A1P32,-0.24136,1.00586,0.098659747582418
YES1,0.072809,1.00586,0.098659747582418
C10orf67,-0.39611,1.004762,0.09890949852989606
FANK1,-0.5389,1.004602,0.09894594484904316
SLC24A2,-0.12263,1.004466,0.09897693477929914
VANGL2,-0.3069,1.00435,0.0990033750367271
FCRL5,-0.40328,1.00426,0.09902389389533892
GNG7,-0.21956,1.003974,0.09908912650149306
CD74,0.228596,1.00362,0.09916992847400238
VASH2,-0.1659,1.003316,0.09923937032381286
MTPAP,-0.07991,1.003316,0.09923937032381286
RNF19B,0.037648,1.003316,0.09923937032381286
TSTA3,0.502288,1.003316,0.09923937032381286
MT1E,0.349322,1.003303,0.09924234096050527
CD109,-0.22242,1.002669,0.0993873245958559
AC110373.1,-0.16326,1.002538,0.09941730817587
OXLD1,0.054478,1.002436,0.09944066043286383
PCDHGA4,-0.2534,1.00239,0.09945119363747494
MMP23B,-0.51317,1.002222,0.09948967221185082
HIST1H2AB,0.250787,1.002222,0.09948967221185082
FCGR2B,0.348085,1.002071,0.0995242698249878
CPA2,0.112056,1.002071,0.0995242698249878
LIPM,0.148766,1.00195,0.09955200242324769
SPTSSA,0.198747,1.001447,0.0996673703792009
TMPRSS2,-0.40422,1.001236,0.09971580508301134
NCF4,0.311282,1.001236,0.09971580508301134
PLEKHA8P1,-0.29336,1.00097,0.09977689848818022
OVGP1,0.277966,1.00097,0.09977689848818022
PRELID2P1,0.467711,1.00097,0.09977689848818022
ZNF107,-0.2289,1.000549,0.09987366794460725
PIN1,0.081234,1.000195,0.09995510966941189
SMAP1,0.043283,1.000195,0.09995510966941189
REP15,-0.3239,1.000044,0.09998986913879725
NRSN1,-0.36414,1.000044,0.09998986913879725
STK3,-0.29356,1.000044,0.09998986913879725
C3orf58,-0.26367,1.000044,0.09998986913879725
PGAM1P5,-0.2413,1.000044,0.09998986913879725
CLEC14A,0.202763,1.000044,0.09998986913879725
LTB4R2,0.099999,0.999367,0.10014585990862473
ALOX5AP,0.261058,0.998889,0.10025614469524076
CAPN8,-0.46102,0.998889,0.10025614469524076
ALG11,-0.22479,0.998889,0.10025614469524076
OR10K1,-0.36387,0.998785,0.10028015579372374
AL365214.3,-0.21886,0.998668,0.10030717515334814
FOXP2,-0.37181,0.998488,0.10034875761511808
ZNF18,0.009348,0.998488,0.10034875761511808
AC011726.1,-0.34854,0.998406,0.10036770645132298
KCMF1,0.012547,0.998406,0.10036770645132298
UGP2,0.055851,0.998074,0.10044446270737963
ASAP1,-0.3713,0.997689,0.10053354572754718
GIPC2,-0.34043,0.997672,0.10053748108431293
ZNF354C,-0.22067,0.997471,0.10058402257078994
AC097714.1,-0.97246,0.996955,0.10070360088206393
NDUFS8,0.078839,0.996916,0.10071264455392029
TRIM10,0.076948,0.995942,0.10093876807351244
AL356432.4,-1.30183,0.995942,0.10093876807351244
PEX5L,-0.15062,0.995942,0.10093876807351244
CDC42BPB,-0.1791,0.995355,0.10107529091632465
MKRN9P,-0.24481,0.995355,0.10107529091632465
AC080128.1,-0.11426,0.995092,0.10113651861607426
SMAP2,0.071071,0.995004,0.10115701373117177
GXYLT2,-0.39209,0.994884,0.10118496830888585
TRAJ30,-1.77431,0.994667,0.10123553912089099
OR10H1,-0.35974,0.994309,0.10131902455843696
NDP,-0.23283,0.994309,0.10131902455843696
CCDC36,-0.31073,0.994309,0.10131902455843696
GDPD4,-0.45941,0.99351,0.10150559937756048
TTC3P1,-0.21873,0.993473,0.10151424758130924
CYP46A1,-0.34373,0.993473,0.10151424758130924
MICAL3,-0.19533,0.993388,0.10153411786717195
C2orf40,-0.48545,0.993326,0.10154861394054539
ZNF566,-0.16166,0.99327,0.10156170894697525
MIF4GD,0.050068,0.99327,0.10156170894697525
ARHGEF26,-0.79661,0.993025,0.10161901945771534
LTBP3,-0.16472,0.993025,0.10161901945771534
CHCHD2,0.112699,0.993025,0.10161901945771534
MAMDC2,-0.56479,0.993025,0.10161901945771534
SNTG2,-0.49098,0.993005,0.1016236992942591
HIST4H4,0.154286,0.992993,0.10162650729963403
SFRP1,-0.55798,0.992993,0.10162650729963403
ANTXR1,-0.24718,0.992993,0.10162650729963403
RASGRP2,0.037362,0.992993,0.10162650729963403
AC034105.3,-0.32972,0.992992,0.1016267413035842
BRD2,-0.61777,0.992739,0.10168596161897857
FCF1P5,-0.51594,0.99239,0.1017677095231844
RTF2,0.078806,0.99239,0.1017677095231844
MPHOSPH10,0.030399,0.99239,0.1017677095231844
PLEKHM3,-0.18001,0.992376,0.10177099017941459
NPRL3,-0.23006,0.992125,0.10182982560729754
PZP,-0.10981,0.991041,0.10208431054556164
FAM47E,-0.36119,0.990458,0.10222144127181515
KRTAP4-9,-0.14872,0.990023,0.10232388006743806
RAPGEF4,-0.00121,0.989879,0.10235781345230131
GARNL3,-0.30158,0.989757,0.1023865713755833
AC087894.1,-0.47464,0.989757,0.1023865713755833
CHCHD4P5,-0.59682,0.989757,0.1023865713755833
SNRPB2,0.171555,0.989757,0.1023865713755833
ARPC5L,0.084664,0.989554,0.10243444058231164
IRAK4,0.006963,0.989376,0.1024764329820585
TSLP,0.125442,0.989376,0.1024764329820585
UBE2M,0.06789,0.989376,0.1024764329820585
TMEM2,-0.23119,0.989376,0.1024764329820585
AP005435.1,0.354002,0.989055,0.10255220436799078
PAPD7,-0.24138,0.987903,0.10282459319852985
ALX4,-0.16481,0.987903,0.10282459319852985
MFF,0.062116,0.987903,0.10282459319852985
PRKCH,-0.20476,0.987295,0.10296864553390049
RPL12P39,-0.2979,0.986959,0.10304833996539732
DEPTOR,-0.20735,0.98695,0.10305047548566788
AC008403.1,0.634916,0.98695,0.10305047548566788
SH3BGRL3,0.074331,0.98632,0.10320007193174476
ANKRD13A,0.034353,0.986136,0.1032438045536038
ZMYM4,-0.18765,0.986136,0.1032438045536038
PLEC,-0.22472,0.986113,0.10324927243423263
PSMB8,0.530897,0.98607,0.10325949577046595
OR6C6,-0.19722,0.98607,0.10325949577046595
HOXC6,-0.20958,0.985828,0.10331705063821177
ME3,-0.39877,0.985686,0.10335083743618871
MAP3K8,0.172811,0.985543,0.10338487333533676
IMMP2L,-0.34589,0.985292,0.10344464177473768
OAZ1,0.084981,0.984976,0.10351993723301109
ABCF2,0.077185,0.984976,0.10351993723301109
NMD3,-0.57442,0.984976,0.10351993723301109
MIA,-0.46656,0.984976,0.10351993723301109
C6orf15,0.504838,0.984849,0.10355021381962697
AC104117.1,-0.16475,0.984849,0.10355021381962697
YIPF1,0.035922,0.984792,0.10356380540272397
UBE2FP2,-0.54294,0.984771,0.1035688132777635
AC000093.1,0.261899,0.984538,0.10362439309507471
LEP,-0.23816,0.984538,0.10362439309507471
HYKK,-0.16939,0.984115,0.10372537174809655
ZNF37BP,-0.26044,0.984115,0.10372537174809655
VPS26AP1,-0.34039,0.983797,0.10380134956635047
FBXL4,-0.19972,0.983398,0.10389675895205873
OCSTAMP,-0.06242,0.982374,0.10414202065869275
CTBP2P8,-0.38398,0.982374,0.10414202065869275
HEBP1,-0.20299,0.982323,0.10415425096587291
OSBP2,-0.07016,0.982323,0.10415425096587291
AC006557.5,-0.23415,0.98227,0.10416696241484998
BRK1,0.073655,0.982166,0.10419191014449607
INTS6,-0.20634,0.981554,0.10433883901728379
PDE7B,-0.20544,0.981371,0.10438281385866763
DNAJC11,0.023712,0.980677,0.10454975032082285
NRXN1,-0.45765,0.980575,0.10457430814362992
ITGB6,0.159655,0.980575,0.10457430814362992
SUMO4,-0.39189,0.980575,0.10457430814362992
METTL8,0.066071,0.980575,0.10457430814362992
DCLK2,-0.27001,0.980437,0.10460754261512872
ADGRG1,-0.11191,0.980418,0.10461211920283539
PPDPF,-0.2909,0.980364,0.10462512744007416
SCFD1,0.011294,0.980252,0.1046521126445106
AC010615.1,-0.2043,0.980252,0.1046521126445106
CROT,0.003383,0.980252,0.1046521126445106
AC021106.1,-0.28537,0.980252,0.1046521126445106
ZXDB,-0.19841,0.980252,0.1046521126445106
SHPRH,-0.26186,0.980109,0.10468657708466378
TGOLN2,-0.18111,0.979536,0.10482478975001386
ONECUT3,-0.09973,0.979536,0.10482478975001386
SLC22A3,0.110714,0.978684,0.10503063713446355
MRPL58,0.10235,0.978684,0.10503063713446355
AC001226.2,-0.46001,0.978456,0.10508579158224418
ITPRIPL2,-0.20381,0.978405,0.10509813272468785
EGR2,-0.45046,0.977977,0.10520175866282383
NOL3,0.018323,0.977977,0.10520175866282383
AC140076.1,-0.51554,0.977977,0.10520175866282383
DYNC1H1,-0.17133,0.977912,0.10521750518125113
GAPDHP61,-0.33667,0.977783,0.10524876294472726
ZMYND19,0.079614,0.977652,0.10528051482775629
ENAM,-0.4917,0.977652,0.10528051482775629
NPY6R,-0.1123,0.977551,0.1053050018267541
HLA-L,-0.31289,0.977551,0.1053050018267541
RPL3P6,-0.32715,0.977492,0.10531930874846579
GLOD4,0.053215,0.977231,0.10538262201235118
ECEL1P2,-0.19906,0.976833,0.1054792419551349
RASSF6,-0.27101,0.976746,0.10550037419064345
HMGB1P21,-0.26614,0.976746,0.10550037419064345
COL10A1,-0.39516,0.976746,0.10550037419064345
AC123767.1,-0.68128,0.976746,0.10550037419064345
ZNF445,-0.17128,0.976478,0.10556549780406317
BLVRA,0.092566,0.976467,0.10556817164688251
ALG14,-0.21665,0.975977,0.10568734791772977
AL161670.2,-0.14363,0.975977,0.10568734791772977
FMR1,-1.40335,0.975564,0.10578790096968857
MBD2,-0.00918,0.975105,0.10589976588403834
MYO9A,-0.19967,0.975105,0.10589976588403834
RIN1,0.077456,0.97506,0.10591073939754854
CFAP20,0.052627,0.97506,0.10591073939754854
AATF,0.030311,0.97506,0.10591073939754854
LAMA4,-0.42895,0.97506,0.10591073939754854
COX7C,0.132867,0.97506,0.10591073939754854
RPSAP72,-0.47525,0.974094,0.10614657854957092
SLAMF7,0.208242,0.974061,0.10615464443648305
PLP2,0.07862,0.974061,0.10615464443648305
RPL12P42,-0.3694,0.974059,0.10615513329781234
PLK3,0.0634,0.973465,0.1063004247844489
KANSL2,0.028259,0.973244,0.10635453178597233
CUL7,-0.15526,0.972194,0.10661197775340783
CLIC1,0.187135,0.972188,0.10661345066248655
BRF2,0.047881,0.971453,0.10679403603925626
TMEM54,0.108443,0.971213,0.10685306891443726
FBXO15,-0.3985,0.971213,0.10685306891443726
BUD23,0.097795,0.971102,0.10688038265428838
CSNK1G3,-0.30799,0.970739,0.10696975472621703
PRIM1,0.120513,0.970739,0.10696975472621703
FAM122A,-0.18968,0.970739,0.10696975472621703
GSG1,-0.34326,0.970739,0.10696975472621703
RND3,0.131439,0.970739,0.10696975472621703
DDX60L,0.108291,0.970517,0.10702444884983477
SLITRK3,-0.05375,0.970517,0.10702444884983477
CYTH2,0.072024,0.96989,0.10717907386927802
PRELID1P3,-0.43285,0.96989,0.10717907386927802
PPP1R26P1,-0.16099,0.96989,0.10717907386927802
OMG,-0.45375,0.96989,0.10717907386927802
AC003989.1,-0.50653,0.96989,0.10717907386927802
A2M,0.179724,0.969797,0.10720202769807434
MKX,0.197835,0.969777,0.10720696464756925
STARD4,0.195169,0.969761,0.10721091437086401
MIPOL1,-0.34439,0.968901,0.10742342624967843
GPN1,0.079767,0.968233,0.107588784243249
CSMD1,-0.22854,0.968168,0.10760488804983162
ZC2HC1C,-0.4146,0.967996,0.10764751282865097
SMG5,0.047304,0.967996,0.10764751282865097
NDUFS3,0.048819,0.967522,0.10776506618999188
MLYCD,-0.1547,0.966751,0.10795655068940653
KCNIP2,-0.24524,0.966472,0.10802592655254667
PCDHGB6,-0.23903,0.966455,0.10803015519640737
YBX1,0.070991,0.966455,0.10803015519640737
GRIN2A,-0.52705,0.966299,0.10806896695213697
CMTR2,0.050339,0.966253,0.10808041410600801
MOCS1,-0.43053,0.965767,0.10820142987939171
TBCB,0.05587,0.96555,0.10825550741937191
MEIOC,-0.09156,0.96555,0.10825550741937191
CCL3L3,0.265724,0.96555,0.10825550741937191
LRP1B,-0.15571,0.965382,0.1082973924630952
DDHD1,-0.25321,0.965382,0.1082973924630952
PDE6C,-0.38259,0.965382,0.1082973924630952
AL136454.1,-0.35396,0.965382,0.1082973924630952
CCDC7,-0.31091,0.965143,0.10835700685181887
CCNB1,0.271927,0.964935,0.10840891553690901
IFT74,-0.00299,0.96441,0.10854004567499735
IGHG2,-0.09091,0.96441,0.10854004567499735
EEF1A1P30,-0.39272,0.964117,0.1086132977307519
AL669918.1,0.559286,0.963227,0.10883610726527415
MTX1,0.065065,0.963227,0.10883610726527415
AL390728.2,-0.18886,0.963158,0.1088534003424594
MPP2,-0.43589,0.963158,0.1088534003424594
ZNF619,-0.17129,0.962975,0.108899277899266
Z98755.1,-0.3715,0.962836,0.10893413770726786
XYLB,-0.30737,0.961633,0.1092363046530574
TSHZ3,-0.29484,0.961533,0.10926146013774925
TMEM269,-0.25619,0.961315,0.10931631917565479
CYCS,0.218918,0.961003,0.10939488095153298
TEDDM1,-0.2569,0.960997,0.10939639230810581
BIN3,0.04046,0.960997,0.10939639230810581
ROR1,-0.31578,0.960997,0.10939639230810581
GPR179,-0.01964,0.960517,0.10951736851074595
AKIRIN1,0.046139,0.960464,0.10953073449849024
EIF4A2,-0.44302,0.960464,0.10953073449849024
PCDHGA10,-0.28484,0.960464,0.10953073449849024
OSBPL6,-0.20494,0.960245,0.10958598106699566
TMEM200A,-0.34546,0.960174,0.10960389803581534
SCAMP3,0.097064,0.960137,0.10961323620876033
AC073052.1,-0.39137,0.959355,0.10981078596604434
AL512593.1,-0.37848,0.959272,0.10983177441192095
AC118459.2,-0.42896,0.958841,0.10994082712550059
GSTT2B,-1.12557,0.958749,0.10996411921857456
AL513343.1,-0.43529,0.958734,0.10996791731029006
Z99496.1,-0.18919,0.958734,0.10996791731029006
DIRAS1,-0.2157,0.958734,0.10996791731029006
H2AFZ,0.146151,0.958734,0.10996791731029006
NOP9,0.04866,0.958711,0.10997374130570996
SWI5,0.117504,0.958628,0.10999476089770119
SUOX,-0.26683,0.957709,0.11022776457818323
PCYT1B,-0.10078,0.957709,0.11022776457818323
IGDCC3,-0.20912,0.957709,0.11022776457818323
SCN7A,-0.39847,0.957485,0.11028463241543397
EXOSC9,0.059778,0.957485,0.11028463241543397
AC079203.1,-0.4502,0.957467,0.11028920342567014
UGT2B7,0.221913,0.956858,0.11044396762916124
DDX25,-0.19269,0.956858,0.11044396762916124
TP53INP2,-0.32278,0.9567,0.11048415538712973
LAMA2,0.287685,0.9567,0.11048415538712973
COPS4,0.043672,0.956596,0.11051061606885526
FAM184B,-0.13936,0.95644,0.11055031897429492
AC139495.3,-0.40291,0.956145,0.11062543718126731
POLR2J3,0.186167,0.955504,0.11078883612983956
RUNX1,-0.40027,0.955482,0.11079444848788654
ANKRD20A17P,-0.28367,0.955482,0.11079444848788654
FA2H,-0.7233,0.955164,0.1108756043355725
OR51I2,-0.06807,0.955164,0.1108756043355725
GPRIN1,0.271073,0.95452,0.11104013982820364
NDUFAF8,0.167996,0.954338,0.11108668322547058
PKP2,-0.38993,0.953472,0.11130841536758954
SAP18,0.070987,0.953173,0.11138507458574738
SRP72,0.026691,0.953173,0.11138507458574738
SLC25A18,-0.43749,0.953071,0.11141123796649802
SMIM32,-0.16419,0.952721,0.11150106100555164
COBL,-0.27289,0.952648,0.11151980465051255
NDUFS4,0.097831,0.95225,0.1116220514625469
HNRNPA1P27,0.200414,0.951815,0.11173391085696084
RGS13,-0.28065,0.951594,0.11179078350725563
RPGR,0.046844,0.951471,0.11182244914955487
FAM227B,-0.30494,0.951471,0.11182244914955487
RPSAP50,-0.15489,0.950922,0.11196389543996196
IRX6,-0.51323,0.950922,0.11196389543996196
AMPD3,0.027385,0.950886,0.11197317685491648
PLEKHA6,-0.13943,0.950886,0.11197317685491648
RMND1,-0.16695,0.950886,0.11197317685491648
ATP7B,-0.21211,0.950829,0.11198787400214315
EXOSC5,0.045229,0.95075,0.11200824692217967
TRAF5,-0.25572,0.95075,0.11200824692217967
NPM1P27,-0.31193,0.950508,0.1120706781764672
AAED1,0.119635,0.9504,0.11209855128753142
AC007040.2,-0.33779,0.950377,0.11210448812315807
PPP2R5E,-0.17586,0.950377,0.11210448812315807
VPS13C,-0.34559,0.950377,0.11210448812315807
TMEM182,-0.47116,0.950291,0.11212668951186683
PHF21A,-0.24731,0.949954,0.11221373035725245
TUSC5,-0.08812,0.949872,0.11223491965393147
AC098827.1,-0.35979,0.949499,0.11233135561963957
ABCG5,-0.15157,0.949499,0.11233135561963957
CCT6A,0.05943,0.949185,0.11241260187364385
TNFSF10,0.151459,0.948821,0.11250685897610321
MT-ND2,-0.68409,0.948292,0.11264398342260867
SBNO2,0.123677,0.948264,0.11265124608272391
GGCX,-0.04016,0.948187,0.11267122081257709
EPDR1,-0.23657,0.948187,0.11267122081257709
PSMD11,-0.01957,0.947655,0.11280932484139426
PI4KA,-0.15365,0.947594,0.11282517089147157
PGR,-0.18168,0.947271,0.11290911413014866
XPO7,-0.19483,0.94688,0.11301081319529727
TAB2,-0.21872,0.94688,0.11301081319529727
NCCRP1,0.10192,0.946289,0.11316470613760672
PSME4,-0.27559,0.946173,0.11319493645307072
TRPM3,-0.15483,0.946092,0.11321605034081432
DDX23,-0.01877,0.946055,0.11322569626652663
STK33P1,-0.35272,0.945686,0.11332193980191974
RXFP4,-0.12036,0.945271,0.11343027892149281
BCL7B,0.025727,0.945258,0.11343367434961264
DENR,0.051048,0.945181,0.11345378781555444
SULT1C2P1,-0.31386,0.945181,0.11345378781555444
PRC1,0.108662,0.944969,0.11350918357924156
KRT42P,0.20334,0.944927,0.11352016142132788
B3GNT2,0.083077,0.944927,0.11352016142132788
CC2D2B,-0.42849,0.94382,0.11380988906019414
CMAS,0.059584,0.943391,0.11392236703768732
ABCA11P,-0.29313,0.943003,0.11402419110218838
SNX18P1Y,-0.60475,0.942391,0.11418498521610707
MPP5,-0.18152,0.942021,0.11428230730589006
HAPLN1,-0.14081,0.942021,0.11428230730589006
HAPLN3,0.236506,0.941597,0.11439393515651086
ZFP28,-0.18266,0.941597,0.11439393515651086
PRSS51,-0.27181,0.94156,0.11440368143715869
ACSM2A,-0.35231,0.94156,0.11440368143715869
SRCIN1,-0.19972,0.941156,0.11451015433381753
LAMTOR5,0.12916,0.941156,0.11451015433381753
YARS,0.00271,0.941066,0.11453388703652104
KIAA1841,-0.24212,0.940274,0.11474294702901607
LPP,-0.26543,0.940274,0.11474294702901607
CPT1C,0.059317,0.939984,0.11481959218186918
CDK1,0.128913,0.939984,0.11481959218186918
FAM9C,-0.134,0.939899,0.11484206684107862
CHST14,-0.18034,0.939441,0.11496324132725368
MKL1,-0.19193,0.93885,0.11511979299664755
GBF1,-0.19383,0.93885,0.11511979299664755
PEX11A,-0.32381,0.93885,0.11511979299664755
PDIA4,0.042273,0.938824,0.11512668510405194
DBR1,-0.00241,0.938824,0.11512668510405194
AC106886.5,-0.22702,0.936446,0.11575879571620545
SMAD4,-0.10699,0.936242,0.11581318356232449
DNAJC25,0.084185,0.935926,0.11589748185540975
FIBP,0.057588,0.935898,0.11590495428308278
GOLGA2P5,-0.31428,0.935845,0.11591909984026261
AC079781.3,-0.41215,0.935553,0.11599706481604559
TMEM178B,-0.1257,0.93551,0.11600855038846401
FGD3,0.118,0.935473,0.11601843423316333
ZNF583,-0.1785,0.935176,0.11609780263701869
LAMTOR1,0.029855,0.934209,0.11635659398486183
AHCTF1,-0.1639,0.934209,0.11635659398486183
GATM,-0.29835,0.934071,0.11639357295202055
DACT3,-0.22387,0.933938,0.11642922322267735
RIMS3,0.165607,0.933938,0.11642922322267735
AL355355.1,-0.3253,0.933938,0.11642922322267735
MTFMT,0.060204,0.933938,0.11642922322267735
TMEM251,0.085337,0.933703,0.11649224099637327
CAMP,0.229727,0.933359,0.11658454980431852
ATP1A4,-0.15603,0.93325,0.11661381407382743
SEC14L3,-0.2553,0.93325,0.11661381407382743
HES6,0.121167,0.933246,0.11661488813169334
CASQ2,-0.30336,0.933171,0.11663502854843416
SERAC1,-0.20783,0.932259,0.11688021451358561
TCEAL3,0.118143,0.932047,0.11693728328905405
MT-ND6,-0.62056,0.932047,0.11693728328905405
DUS4L,-0.03987,0.931889,0.11697983379986233
AC010655.3,-0.42861,0.931596,0.1170587817425721
PHBP19,-0.38418,0.931596,0.1170587817425721
FOCAD,-0.2962,0.931596,0.1170587817425721
PAQR6,0.263329,0.931596,0.1170587817425721
CSF2RB,0.135695,0.931596,0.1170587817425721
DPM3,0.171995,0.931596,0.1170587817425721
CCL16,-0.29708,0.931596,0.1170587817425721
TSPAN10,-0.26351,0.931302,0.1171380526860927
RELL2,0.165372,0.931042,0.11720820096873194
EIF4EBP2,-0.15842,0.930746,0.11728811322781828
CPLX3,0.115887,0.930092,0.11746486935527745
AL713922.2,-0.42793,0.930092,0.11746486935527745
ELMSAN1,-0.22094,0.930007,0.11748786179809731
SCTR,-0.34686,0.929444,0.11764026658708059
AK3P5,-0.38248,0.929343,0.11766762831773639
AC005086.4,-0.40329,0.92932,0.11767386009646925
ISCA1,0.063495,0.929125,0.11772670800488318
CA13,-0.22262,0.928298,0.11795110124204468
MAPK6PS3,-0.26046,0.92822,0.11797228735541697
SIPA1L2,0.098115,0.92822,0.11797228735541697
AURKA,0.145561,0.928013,0.11802853049274124
MMRN2,0.078684,0.927784,0.1180907824020484
SDHAF2,0.012863,0.927784,0.1180907824020484
EP400P1,-0.13897,0.927784,0.1180907824020484
NEFH,-0.09074,0.92768,0.11811906485211476
DUSP16,-0.16312,0.927562,0.11815116275785406
YOD1,0.208199,0.927562,0.11815116275785406
AL122013.1,-0.26497,0.927544,0.11815605981524592
CTH,-0.36841,0.927544,0.11815605981524592
PSMB9,0.521501,0.927118,0.11827201610350492
WIPF2,-0.3653,0.926977,0.11831042106227986
COL28A1,-0.25179,0.926842,0.11834720345347252
TNXB,-0.04645,0.926842,0.11834720345347252
AC099560.2,0.554676,0.926842,0.11834720345347252
PHLDB2,0.100425,0.926842,0.11834720345347252
AC234301.1,-0.60332,0.926842,0.11834720345347252
DUS3L,0.099572,0.926842,0.11834720345347252
CRACR2A,-0.4123,0.92644,0.11845680098113225
PHF11,0.021814,0.926068,0.11855831000273988
ZNF568,-0.14042,0.925849,0.11861811001983502
MTND5P26,-0.18106,0.925795,0.11863285986457298
RAPGEF5,-0.36809,0.9257,0.11865881311724225
CLTB,0.117589,0.925358,0.11875229184778731
RPS14P8,-0.47271,0.925348,0.11875502625183787
PSMC1P7,-0.19385,0.925008,0.1188480334618564
FGL1,-0.08033,0.925008,0.1188480334618564
SAMD15,0.028314,0.925008,0.1188480334618564
TRIM7,0.16996,0.925008,0.1188480334618564
KLHL32,-0.12632,0.925008,0.1188480334618564
VWA5B1,-0.12551,0.924878,0.11888361428922666
OR5P4P,-0.47361,0.924878,0.11888361428922666
LRRC15,-0.6426,0.924878,0.11888361428922666
LRRC36,-0.28027,0.924878,0.11888361428922666
UQCRH,0.10345,0.924515,0.11898302331699707
SUCLG1,0.067028,0.924515,0.11898302331699707
C6orf136,0.170927,0.924085,0.1191008881274236
C1QTNF6,-0.30754,0.92288,0.11943180611526412
SLC44A4,-0.22115,0.92288,0.11943180611526412
EZH2,0.039842,0.922432,0.11955507053112105
HSPA7,-0.41,0.922432,0.11955507053112105
AC008417.1,-0.43994,0.922432,0.11955507053112105
PNPT1,0.100461,0.922432,0.11955507053112105
MAST2,-0.27783,0.922397,0.11956470591968801
TRIM56,-0.27774,0.922128,0.11963878668761788
ZNF883,-0.32969,0.922128,0.11963878668761788
SEMA3A,0.233518,0.921816,0.11972476685615052
C3orf14,0.244118,0.921067,0.11993142668254482
ZNF454,-0.27313,0.920702,0.12003226464598787
ARFGAP2,0.046703,0.920702,0.12003226464598787
ZW10,0.056182,0.920702,0.12003226464598787
ANKRD7,-0.10466,0.92068,0.12003834525907053
INO80C,-0.28322,0.920637,0.12005023098315888
HOXD11,-0.33145,0.920541,0.12007677080007792
AL110118.2,-0.55473,0.920086,0.12020263829977688
PPIAP51,-0.59526,0.920086,0.12020263829977688
CRACR2B,-0.54795,0.920086,0.12020263829977688
COMMD2,0.085183,0.920086,0.12020263829977688
ATAD3C,-1.20418,0.920086,0.12020263829977688
TMEM160,0.150813,0.919571,0.12034526290101359
FER1L4,-0.40468,0.918694,0.1205885297085827
ALG1L,0.385846,0.918148,0.12074023033006905
ZNF417,-0.20754,0.918115,0.12074940516223877
ZNF611,-0.25057,0.918115,0.12074940516223877
TBC1D4,-0.21855,0.917651,0.12087848270521653
PCDHA3,-0.05112,0.917473,0.12092803613214692
CSGALNACT2,0.052588,0.917335,0.12096646793668463
IGHV1-3,-0.53034,0.917181,0.12100937002295108
EIF5,0.160051,0.917181,0.12100937002295108
RPN1,0.065008,0.916657,0.12115546255021288
AC119674.2,-0.20273,0.916498,0.12119982702203703
PTCHD4,-0.15918,0.916498,0.12119982702203703
ATP5F1B,0.051318,0.916498,0.12119982702203703
STEAP1B,0.246487,0.916086,0.12131485961808161
RPL6P2,-0.40469,0.916086,0.12131485961808161
TYW1,0.051608,0.915867,0.12137605002033083
HLA-DRB1,1.78046,0.915725,0.12141574248208754
SERPINA1,0.335883,0.915515,0.12147446639523383
OTUB1,0.056872,0.915515,0.12147446639523383
AC083899.2,-0.3165,0.915087,0.12159423927048318
AC105129.1,-0.57824,0.915087,0.12159423927048318
SPRYD7,0.101931,0.915087,0.12159423927048318
MRPS10,0.069195,0.915087,0.12159423927048318
HTRA2,0.028986,0.915087,0.12159423927048318
TTC7B,-0.13258,0.915087,0.12159423927048318
HLA-F,0.544865,0.914577,0.12173711349617662
MRPL44,0.062643,0.914525,0.12175169049210892
AC099328.1,-0.25348,0.914525,0.12175169049210892
RICTOR,-0.23145,0.914525,0.12175169049210892
PXYLP1,-0.18961,0.914474,0.12176598885664039
DDX10P1,-0.22326,0.914388,0.12179010362755967
FAM192A,0.018398,0.914287,0.12181843056108912
PARD3B,-0.30532,0.914112,0.12186752748018108
MTND1P11,-0.30087,0.914031,0.12189025903845951
KAZALD1,-0.23933,0.913221,0.12211780795423659
EIF3G,0.068886,0.913181,0.12212905593798479
KLHL17,0.138264,0.912523,0.1223142340380275
YEATS4,0.165437,0.91238,0.12235451503658894
KNDC1,-0.24044,0.911752,0.12253157051546043
CLLU1OS,0.235737,0.911595,0.12257587440376287
SSBP3,-0.16654,0.911595,0.12257587440376287
ADCY7,-0.2165,0.910821,0.1227945240136709
LINC00674,-0.07452,0.91055,0.12287117177708168
IPO8,-0.25276,0.91015,0.12298439244051729
CENPC,-0.20425,0.91015,0.12298439244051729
TMEM185B,0.048907,0.910094,0.12300025165658424
C4B,-0.08286,0.910094,0.12300025165658424
UBE2L3,0.049298,0.909883,0.12306002528896692
GLYATL1P4,-0.26716,0.909883,0.12306002528896692
FILIP1L,-0.29184,0.90902,0.12330480479603062
CASKIN2,-0.27235,0.908226,0.12353044332078827
OR8B9P,-0.10515,0.908226,0.12353044332078827
TMIGD3,0.190909,0.908226,0.12353044332078827
AP004607.4,0.099769,0.907959,0.12360641197919438
MPV17L2,0.079792,0.90791,0.12362035886576943
SCN3A,-0.20021,0.90791,0.12362035886576943
CHRNA1,-0.2249,0.907442,0.12375364518129373
MRPS18B,0.034363,0.90719,0.12382547424998547
RAB25,0.08139,0.907116,0.12384657483075652
TMCO1,0.115646,0.907116,0.12384657483075652
ANKRD20A8P,-0.24971,0.907031,0.12387081642150498
TCAP,-0.05835,0.906967,0.12388907204469833
PYM1,0.108932,0.906793,0.12393871812208253
RPL10AP1,-0.34397,0.906658,0.12397725033566906
UCP2,-0.32801,0.906404,0.12404978045825983
EAPP,0.12093,0.906232,0.12409891943837913
SLC24A4,-0.12406,0.90612,0.12413092737751694
PPCS,0.056471,0.906036,0.1241549387494762
SOX13,-0.36174,0.90596,0.12417666732628298
C6orf10,-0.22838,0.905791,0.12422499845036557
HEATR4,-0.4319,0.905648,0.12426590870928374
TUBA1B,0.105528,0.905642,0.12426762551811679
OS9,0.041584,0.905642,0.12426762551811679
AC104692.2,-0.6316,0.905634,0.1242699146334567
AL390879.1,-0.28399,0.905634,0.1242699146334567
ASAP2,-0.20738,0.905554,0.12429280810619417
PLRG1,0.104803,0.905467,0.12431770954503875
AC079905.2,-0.7652,0.905467,0.12431770954503875
CLPB,-0.06544,0.905467,0.12431770954503875
MICB,-0.22157,0.905278,0.12437182296676234
UBFD1,-0.03695,0.90487,0.12448871956355967
SMC1A,-0.24157,0.90487,0.12448871956355967
PLAA,0.000698,0.904832,0.1244996125831694
GSE1,-0.30453,0.904681,0.1245429074230869
AC079414.2,-0.31056,0.904681,0.1245429074230869
OR8B7P,-0.15504,0.904681,0.1245429074230869
ZNF506,-0.15609,0.904681,0.1245429074230869
AC073358.1,-0.34708,0.904681,0.1245429074230869
CRYBG3,-0.25207,0.90458,0.12457187462612765
JPT1,0.143013,0.90458,0.12457187462612765
NIP7P3,-0.46518,0.904452,0.1246085952169227
FRG2C,-0.18664,0.904202,0.12468034634002605
TNXB,-0.66416,0.904166,0.12469068190424079
DKC1,0.044516,0.903724,0.1248176495236411
EXPH5,-0.18255,0.903489,0.12488520756597117
IRF7,0.365678,0.903326,0.12493208845033586
ADAMTSL3,-0.39361,0.903326,0.12493208845033586
SLC35F4,-0.28057,0.903326,0.12493208845033586
RPL17P25,-0.28386,0.903151,0.12498244027813715
TRIM16,0.0297,0.903098,0.1249976936921639
AIMP1P1,-0.35784,0.902707,0.12511028113642966
FGF1,-0.23937,0.902693,0.1251143142803925
ARHGAP24,-0.36817,0.902693,0.1251143142803925
BCAS2,0.109041,0.902693,0.1251143142803925
COG4,0.071375,0.902693,0.1251143142803925
XKRX,0.119864,0.901899,0.12534326407149746
FCHO1,0.036552,0.901287,0.12552002006412702
MAPKAPK2,0.029259,0.901223,0.12553851874085903
PRMT2,0.04688,0.900883,0.12563683868357192
SLC16A1,0.124911,0.900636,0.1257083135163258
TAGLN2,0.088477,0.900525,0.12574044702645698
ESR2,-0.30705,0.900409,0.12577403676931878
TIMMDC1,0.055678,0.900409,0.12577403676931878
ZPBP2,-0.24892,0.900409,0.12577403676931878
RND1,-0.37072,0.900145,0.12585051584355558
OR6M2P,-0.1965,0.899939,0.12591022499690868
BNIP1,0.116208,0.899572,0.12601667024190172
USP24,-0.15884,0.899422,0.1260602023751572
NPM1P29,-0.3829,0.899386,0.1260706523246065
PCBP2P1,-0.28293,0.899103,0.1261528307152479
CASP14,-0.30495,0.899103,0.1261528307152479
AMZ2,0.046695,0.899103,0.1261528307152479
MOSPD2,-0.31457,0.898796,0.12624203887349753
CDCA4P1,-0.39497,0.898365,0.1263673854499386
SPERT,0.167635,0.898365,0.1263673854499386
CFAP69,-0.26645,0.898151,0.12642966872862835
OR5AU1,-0.14113,0.898144,0.1264317065505449
CFAP221,-0.30843,0.897842,0.1265196552942914
CSRNP1,0.122557,0.897671,0.1265694812114821
ABO,0.031515,0.897569,0.12659921127666957
PSMC5,0.044285,0.897569,0.12659921127666957
TCF23,-0.17208,0.897553,0.126603875449893
C5orf46,0.278494,0.897553,0.126603875449893
ZNF662,0.035538,0.897553,0.126603875449893
CLEC2A,0.125804,0.897553,0.126603875449893
CCDC152,-0.18067,0.897553,0.126603875449893
MTCO3P2,-0.66188,0.897553,0.126603875449893
C21orf62,-0.17702,0.897553,0.126603875449893
WIZ,-0.22871,0.897362,0.1266595672889551
EPHB4,0.031607,0.897182,0.12671207416701782
AL023775.1,-0.09742,0.895866,0.12709661967638727
DVL3,-0.147,0.895866,0.12709661967638727
P4HB,0.04603,0.895866,0.12709661967638727
TRAFD1,0.033503,0.895859,0.12709866824836966
FAM126A,-0.22224,0.895832,0.12710657019246713
CERK,0.081554,0.895832,0.12710657019246713
OR52A1,-0.14687,0.895832,0.12710657019246713
ZNF236,-0.23121,0.895832,0.12710657019246713
PSMG2,0.072551,0.895832,0.12710657019246713
MTND2P12,-0.1973,0.895832,0.12710657019246713
ANXA2,0.060584,0.895815,0.12711154574264152
ZC3H13,-0.15625,0.895815,0.12711154574264152
TRIM48,0.796745,0.895815,0.12711154574264152
HIP1R,0.126661,0.895724,0.12713818288193787
SARDH,-0.18934,0.895539,0.12719235251832303
ARF5,0.08544,0.895409,0.1272304314751719
ATP5MGL,-0.35509,0.895216,0.12728698510714148
AC084824.1,-0.29341,0.895216,0.12728698510714148
CASTOR2,-0.29919,0.895216,0.12728698510714148
ZNF23,0.078287,0.895203,0.1272907953226557
LAS1L,0.055486,0.894999,0.1273506013369248
AC116565.1,-0.30139,0.894763,0.1274198237440068
KLB,-0.15913,0.894409,0.12752372791047606
LRRC34,-0.29144,0.894048,0.12762977393765548
AL445991.1,-0.42018,0.89393,0.12766445630208587
EIF4EBP1,0.149179,0.893789,0.12770591114781216
DACH2,-0.04515,0.893024,0.12793106048873745
ARHGAP23,-0.29007,0.893024,0.12793106048873745
NFE4,-0.28188,0.893024,0.12793106048873745
MTND2P28,-0.7883,0.893024,0.12793106048873745
FLOT1,-0.50248,0.893024,0.12793106048873745
VARS2,-0.22138,0.892524,0.1280784313823713
HARS2,0.015829,0.892524,0.1280784313823713
AVEN,0.054259,0.892524,0.1280784313823713
ABRACL,0.165052,0.892334,0.12813447682366882
ZPR1,-0.0191,0.892334,0.12813447682366882
PURG,-0.072,0.892334,0.12813447682366882
TUBB8P11,-0.12199,0.892317,0.12813949261095298
COL5A3,-0.21059,0.89224,0.12816221363568578
CNNM4,0.080411,0.891664,0.12833230654282854
FAM126B,-0.23556,0.891664,0.12833230654282854
UBXN1,0.061075,0.890598,0.12864769224606273
GRAMD1B,-0.16923,0.888606,0.12923912231873128
NR2E3,-0.14305,0.888606,0.12923912231873128
TMEM41A,-0.19472,0.888374,0.1293081802682024
DARS,0.058326,0.888128,0.1293814458160817
EPHX1,-0.24799,0.888112,0.12938621249250173
CDK6,-0.24204,0.887879,0.12945564712079705
TOMM22,0.032277,0.887703,0.12950812029780143
IQCJ,-0.36918,0.887375,0.12960596798002716
MYO7B,0.325476,0.8873,0.12962835207050682
BEND3,-0.15206,0.886791,0.12978036761376946
AC091390.1,-0.63128,0.886321,0.12992089389960146
ZBTB8A,-0.25226,0.886309,0.12992448379616023
PTPRE,0.025685,0.886236,0.1299463244708053
C17orf75,0.043117,0.886236,0.1299463244708053
DRAP1,0.097611,0.886236,0.1299463244708053
CCDC124,0.078391,0.886236,0.1299463244708053
CARD14,0.137548,0.886236,0.1299463244708053
HSPD1P16,-0.34625,0.886236,0.1299463244708053
IER5L,0.109959,0.885951,0.13003162801124366
RANBP6,0.122466,0.885927,0.13003881402311732
PLS1,0.056395,0.885534,0.13015654147763817
ZNF415,-0.29627,0.884961,0.13032838091504592
BMP4,0.119013,0.88424,0.13054492708326146
AGO1,-0.16068,0.88344,0.13078562134526306
CDC26,0.0705,0.883022,0.13091156056179787
RAB11B,-0.30225,0.882829,0.13096975044711648
FBRS,-0.15977,0.882548,0.13105451875542487
AL136981.1,-0.57894,0.882353,0.13111337598334902
AKAP5,-0.26816,0.882216,0.1311547427672573
MEA1,0.112466,0.882126,0.13118192512969806
DZIP1,-0.37374,0.882126,0.13118192512969806
FAM169A,0.084947,0.882126,0.13118192512969806
HDDC3,0.079222,0.882126,0.13118192512969806
TFP1,-0.33363,0.881752,0.13129494330839894
HNRNPD,-0.26758,0.881635,0.1313303192535402
LARP7,0.041914,0.881479,0.1313775020078507
ANKRD20A3,-0.32009,0.881449,0.1313865775576358
TUBBP9,-0.10957,0.881373,0.13140957175642162
AIG1P1,-0.93038,0.881373,0.13140957175642162
COX8A,0.123305,0.881373,0.13140957175642162
LELP1,-0.37649,0.881082,0.13149765254330326
BANF1P4,-0.68323,0.881082,0.13149765254330326
CIC,-0.22609,0.8808,0.13158306550959187
ANGPTL3,-0.52089,0.88077,0.13159215525969106
EN1,-0.30364,0.88077,0.13159215525969106
MRPL32,0.074078,0.880698,0.13161397322192286
CASP12,-0.17107,0.879527,0.13196932640936954
CAMKMT,-0.2967,0.878678,0.13222756488420803
LDLRAD1,-0.12977,0.878678,0.13222756488420803
S100A4,0.195513,0.878329,0.13233386595207838
AL022722.1,-0.37731,0.878329,0.13233386595207838
CCL23,0.289902,0.878262,0.1323542830960786
MAEA,-0.06307,0.87808,0.13240976049360037
FGD1,-0.18614,0.877673,0.1325339067459335
PTGES3P1,0.226302,0.877544,0.13257327960031257
STK16,0.027537,0.877079,0.13271530210330018
NUP37,0.003952,0.876844,0.13278713478106305
ATP6V1H,0.005617,0.876844,0.13278713478106305
CALM2,0.102593,0.87645,0.1329076563912884
HNRNPA1P29,-0.14383,0.875773,0.1331150010734548
RNF227,0.106291,0.875659,0.13314994764225105
TPI1P4,-0.52952,0.875648,0.13315332016489154
KLF7P1,-0.12607,0.875473,0.1332069854252044
IGLV1-51,-0.52117,0.874606,0.1334731776452621
LASP1,-0.17277,0.874606,0.1334731776452621
NAPRT,0.150946,0.873889,0.1336937176571709
PKD2,-0.23093,0.873762,0.13373281920157712
CHUK,0.007851,0.873346,0.1338609799503021
LRRTM4,-0.51812,0.873114,0.13393250755451133
IL1R1,-0.19093,0.873114,0.13393250755451133
TVP23A,-0.27712,0.873087,0.13394083437022167
CCDC69,-0.05136,0.872752,0.13404419163470593
MRPL11,0.087807,0.872752,0.13404419163470593
PHF14,-0.27221,0.872752,0.13404419163470593
MFSD14C,-0.29546,0.872696,0.13406147704593138
AL606490.8,-0.623,0.872696,0.13406147704593138
ZNF683,-0.11999,0.872236,0.1342035487339956
CALM1,0.163799,0.872236,0.1342035487339956
SKINT1L,-0.52971,0.871705,0.13436773610042949
ZNF891,-0.19564,0.871705,0.13436773610042949
LGALS7,0.919723,0.871272,0.13450177013886286
SLC27A6,-0.39459,0.871092,0.13455752801167944
ECT2L,-0.24417,0.870971,0.13459502268382073
C4orf3,0.120261,0.870824,0.1346405881193252
STARD10,0.081873,0.870802,0.13464740876312453
AC092910.1,-0.38085,0.870794,0.13464988908289888
CHCHD2P11,-0.30161,0.8705040000000001,0.1347398315290154
ERVW-1,-0.404,0.870486,0.13474541614344127
NDUFA8,0.100948,0.869479,0.13505821327121403
RNF11P2,-0.37459,0.869479,0.13505821327121403
ATRAID,0.060824,0.869418,0.13507718456825757
C14orf180,-0.12209,0.869299,0.1351142018182096
SFXN4,0.222315,0.868892,0.1352408837314627
MELTF,-0.57651,0.868798,0.13527015884197208
TFF2,-0.3329,0.867325,0.13572973463334234
OR5AN1,-0.18945,0.867127,0.1357916295357812
PCDHA4,-0.26556,0.867058,0.13581320560267365
CEACAM1,-0.35993,0.867058,0.13581320560267365
TCERG1L,0.311375,0.866391,0.13602195107541148
UTS2,-0.10159,0.866391,0.13602195107541148
SMPDL3B,-0.22961,0.866391,0.13602195107541148
XK,0.113736,0.866261,0.13606267344513695
ANKRD49,0.089743,0.866185,0.13608648601578668
HTN1,-0.24651,0.866139,0.13610090091202495
UBAP1,0.004388,0.865944,0.1361620244949562
TULP4,-0.15686,0.865876,0.13618334584016856
HIST1H2BD,0.156715,0.865867,0.1361861680330894
COG8,-0.18459,0.865785,0.13621188404046966
AL158801.1,-0.52302,0.865785,0.13621188404046966
SELL,0.075488,0.865725,0.13623070370767712
ARL4AP1,-0.44681,0.865505,0.13629973140310106
MTCYBP3,-0.17222,0.864915,0.13648502385736555
AL357054.1,-0.28386,0.864915,0.13648502385736555
ADGRF1,0.561296,0.864915,0.13648502385736555
PCGF2,-0.46577,0.864915,0.13648502385736555
KRT8P3,-0.22286,0.864562,0.13659600569358624
ID1,0.227326,0.86448,0.13662179909053151
LAG3,0.113103,0.864198,0.13671054039423017
C15orf41,-0.33937,0.864198,0.13671054039423017
DUX4L50,0.181976,0.864198,0.13671054039423017
ANKUB1,-0.31597,0.864198,0.13671054039423017
GPATCH2,-0.30273,0.864198,0.13671054039423017
RPL26P26,-0.32803,0.863588,0.13690269577909112
DHX32,0.04785,0.863277,0.1370007674527762
CNEP1R1,0.043794,0.862096,0.13737382791168568
AKNA,-0.35232,0.861748,0.13748394962108926
METAP1,-0.05653,0.861104,0.1376879709611788
RBM43,-0.18596,0.861104,0.1376879709611788
IFRD2,0.224918,0.860722,0.13780913285853102
KIAA0825,-0.24333,0.860722,0.13780913285853102
NBAS,-0.29861,0.860671,0.13782531698878345
BLOC1S1,0.088877,0.860532,0.13786943632713636
MAGED2,0.115325,0.859945,0.1380559090545486
RPL37P18,-0.66631,0.859933,0.13805972373298833
VRK3,-0.29981,0.859933,0.13805972373298833
COX7B2,-0.26326,0.859224,0.13828529484063276
RPL37P23,-0.58734,0.859111,0.13832128026539992
EEPD1,-0.11586,0.85911,0.13832159876228456
GTPBP4,0.038262,0.85911,0.13832159876228456
WFS1,-0.23969,0.85911,0.13832159876228456
ZNF638,-0.24487,0.85911,0.13832159876228456
ZNF529,-0.24647,0.85911,0.13832159876228456
EEF1E1,0.05923,0.85911,0.13832159876228456
CATSPERB,-0.40878,0.859022,0.13834962936019224
UPF3AP2,0.105442,0.858579,0.13849082423535103
CCDC137,0.151213,0.858552,0.1384994344494957
DNPH1,0.123218,0.858313,0.1385756741348242
TRPM1,-0.36787,0.857826,0.13873115436420203
TTC39C,-0.15092,0.857583,0.13880880007463514
AC147055.2,-0.34667,0.857583,0.13880880007463514
SMIM34B,0.298924,0.857583,0.13880880007463514
CIDEC,-0.55343,0.85752,0.13882893753684994
OR6L2P,-0.26975,0.85752,0.13882893753684994
CDC20B,-0.27041,0.857384,0.13887241884473317
MRPL57,0.069842,0.857204,0.13892998857530017
STX8,-0.02564,0.857152,0.13894662427348764
SLC35C1,-0.22187,0.857152,0.13894662427348764
CKAP5,-0.07899,0.857152,0.13894662427348764
CHN2,-0.3689,0.857152,0.13894662427348764
XRN2,0.039614,0.857129,0.13895398300613596
CTSH,0.205857,0.857129,0.13895398300613596
SPG11,-0.15116,0.857129,0.13895398300613596
AL591438.2,-0.38339,0.857129,0.13895398300613596
ZFHX4,-0.25669,0.857129,0.13895398300613596
ACOX2,-0.62697,0.857129,0.13895398300613596
SERPINE1,0.165156,0.857129,0.13895398300613596
CLASRP,0.105567,0.857129,0.13895398300613596
XKR5,-0.12676,0.856719,0.13908522582858227
CDK11B,0.100229,0.856317,0.13921402816982895
RAB9A,0.099786,0.856091,0.1392864918076568
RCE1,0.032201,0.855832,0.13936958280258346
ATG101,0.058461,0.855703,0.13941098638317118
OR9I3P,-0.20413,0.855504,0.13947488114695478
TAF4,-0.26099,0.855415,0.13950346667348543
CLEC4GP1,-0.31853,0.855412,0.13950443033262216
METTL26,0.073486,0.855163,0.13958443725076217
EXOC7,0.006587,0.854385,0.1398347144831142
RPL31P20,-0.63753,0.85434,0.1398492043936042
CASC10,-0.61585,0.85434,0.1398492043936042
AC092691.2,-0.2051,0.85434,0.1398492043936042
PARP2,0.045055,0.85434,0.1398492043936042
IL2RB,-0.43612,0.853862,0.14000321215467434
GAS2L2,0.094958,0.853831,0.14001320595993733
XAGE5,-0.20113,0.853731,0.14004544890398754
SMPDL3A,0.092868,0.853271,0.14019386210791399
COMTD1,0.095022,0.852428,0.14046625378368738
HMGB2,0.139838,0.852243,0.14052610209769792
C4orf50,-0.02871,0.852151,0.14055587399531738
CASD1,-0.16373,0.852151,0.14055587399531738
TOMM6,0.112873,0.852018,0.1405989249544318
SLIT2,-0.39441,0.851937,0.14062515042008758
AL160269.1,-0.29523,0.851937,0.14062515042008758
ORMDL1,0.129476,0.851937,0.14062515042008758
GAPDHP51,-0.17227,0.851836,0.1406578581620951
USP54,-0.17959,0.851802,0.14066887040052414
CCDC59,0.115509,0.851802,0.14066887040052414
TSNAX,0.178472,0.851802,0.14066887040052414
PLAGL1,-0.28881,0.851737,0.14068992560899274
REXO1L1P,-0.20559,0.851737,0.14068992560899274
SHISA5,0.096574,0.851737,0.14068992560899274
LRP1,-0.31586,0.851737,0.14068992560899274
GBP3,0.216554,0.851464,0.14077839190473546
MKLN1,-0.21098,0.851464,0.14077839190473546
RPL29P19,-0.29031,0.851464,0.14077839190473546
EXOSC1,0.031615,0.851464,0.14077839190473546
PYDC1,0.296183,0.851464,0.14077839190473546
AL356057.1,-0.36319,0.850521,0.14108440144523757
PDCD6IPP2,-0.50626,0.850451,0.14110714339674663
SLC43A2,-0.2432,0.850223,0.14118124260041026
PCBP3,-0.32325,0.849963,0.14126578918012705
GPX2,0.185207,0.849963,0.14126578918012705
HOOK2,-0.73357,0.849963,0.14126578918012705
FHL1,-0.27359,0.849468,0.14142689284167795
AC005041.1,-0.21019,0.849458,0.14143014935372183
ERICH6B,-0.36307,0.848983,0.14158492007978618
SF3A3,-0.01327,0.848983,0.14158492007978618
CDRT15,-0.36341,0.848983,0.14158492007978618
RNF114,-0.00472,0.848983,0.14158492007978618
CDC42,0.094397,0.848983,0.14158492007978618
METTL9,-0.3657,0.848983,0.14158492007978618
ZNF670-ZNF695,-0.3703,0.8487,0.14167721135183647
DNAJC9,0.049203,0.8487,0.14167721135183647
AL591479.1,0.223205,0.8487,0.14167721135183647
TBX19,-0.25415,0.848677,0.14168471469872346
PAF1,0.069386,0.848677,0.14168471469872346
ZRANB1,0.045801,0.848497,0.1417434502699659
DDX18P5,-0.30194,0.848497,0.1417434502699659
AXDND1,-0.51082,0.848281,0.14181396509689656
LIPI,-0.13978,0.848167,0.14185119539737026
OR1A1,-0.36319,0.847598,0.14203716650861958
GFOD2,0.074074,0.847541,0.14205580973377824
BMPR1APS1,-0.11104,0.847084,0.14220537109486464
ADAMTS12,-0.28089,0.847084,0.14220537109486464
CAMK2G,-0.0076,0.846904,0.14226432250485097
DSEL,-0.26037,0.846651,0.14234722330379457
AL592429.1,-0.08466,0.846651,0.14234722330379457
MRPS34,0.034762,0.846581,0.14237016881454317
LIPA,0.10398,0.846581,0.14237016881454317
AC093663.2,-0.64225,0.846581,0.14237016881454317
AL139039.2,-0.33762,0.846581,0.14237016881454317
AL354794.2,-0.19235,0.846581,0.14237016881454317
ATP5PDP4,-0.49628,0.846581,0.14237016881454317
AL589655.1,-0.51913,0.846365,0.142440995422721
SLC7A6OS,-0.02876,0.846365,0.142440995422721
C3orf18,-0.21721,0.846365,0.142440995422721
SERPINE3,-0.33653,0.846365,0.142440995422721
PRDX5,0.121018,0.846319,0.1424560834173427
RHOD,0.098299,0.846319,0.1424560834173427
AC099336.1,-0.2456,0.846161,0.14250791957213152
IDE,0.180486,0.845918,0.14258767908042827
THSD4,-0.39008,0.845918,0.14258767908042827
RUBCN,-0.1997,0.845918,0.14258767908042827
NUMBL,-0.30935,0.84584,0.14261329036088838
USP49,-0.31642,0.845631,0.142681938138019
TNS1,-0.42864,0.845631,0.142681938138019
GRK6P1,-0.13592,0.845245,0.1428088099106114
SYT16,-0.07003,0.845046,0.1428742619629366
AGO2,-0.18123,0.845044,0.14287491992474313
AC092835.1,-0.22526,0.844512,0.1430500454085733
C2,0.311162,0.844407,0.14308463500451446
KMT2B,-0.25344,0.844407,0.14308463500451446
PPP1R1B,-0.41463,0.844407,0.14308463500451446
SLC5A12,-0.30703,0.844407,0.14308463500451446
OR52E4,-0.27483,0.844407,0.14308463500451446
EAF1,0.050403,0.844407,0.14308463500451446
ZMAT2,0.105339,0.844407,0.14308463500451446
OTUD4,-0.2823,0.844407,0.14308463500451446
AP004247.1,-0.13448,0.844273,0.14312879006548487
AL139010.1,-0.20403,0.844273,0.14312879006548487
TMPRSS3,-0.08507,0.843292,0.1434524599466819
CYB5RL,-0.23063,0.843052,0.1435317566141412
PRAMEF17,-0.08007,0.842683,0.14365376075413086
CECR2,-0.31293,0.842434,0.1437361473467986
COL4A3BP,-0.15595,0.842434,0.1437361473467986
ASIC4,-0.12614,0.842434,0.1437361473467986
EIF5A,0.101959,0.842409,0.14374442170270657
AP000580.1,-0.49911,0.842091,0.143849713082849
TMEM222,0.058075,0.841853,0.14392856652410413
AL137222.1,-0.13478,0.841728,0.14396999845781944
SULT2A1,-0.17585,0.841728,0.14396999845781944
CSAG3,0.191247,0.841695,0.14398093847814009
ANKRD2,0.335306,0.841695,0.14398093847814009
ZBED2,0.279459,0.841425,0.14407047896673236
TEN1,0.065124,0.840052,0.14452667122070817
CD68,0.134945,0.840009,0.14454098168236795
SDCBPP1,-0.18665,0.840009,0.14454098168236795
ZNF853,-0.19643,0.840009,0.14454098168236795
AC063976.2,-0.22364,0.839835,0.14459890360109218
LDB2,-0.63184,0.839224,0.14480248000326235
VSIG10L2,0.277246,0.839224,0.14480248000326235
CLN8,-0.01263,0.839164,0.14482248658714938
ADCY1,-0.0769,0.83903,0.14486717793870466
MYH15,0.197893,0.83903,0.14486717793870466
SGK1,0.149896,0.83903,0.14486717793870466
CPNE4,-0.1089,0.83903,0.14486717793870466
SERBP1P6,-0.3154,0.83903,0.14486717793870466
ZNF626,-0.24171,0.839029,0.14486751150809307
PLAC1,0.254315,0.839029,0.14486751150809307
GBAP1,0.267144,0.838867,0.14492155989113562
ANXA1,0.111361,0.838405,0.14507580865230463
PXDNL,-0.09786,0.838387,0.14508182166601147
SLC19A2,0.098675,0.837794,0.1452800564746037
PES1P2,-0.14569,0.837591,0.14534797984544678
CKS1B,0.100803,0.837591,0.14534797984544678
EEF1GP5,-0.09977,0.837525,0.145370070145994
RTKN2,-0.30098,0.837518,0.14537241325357259
AC010285.2,-0.1774,0.836485,0.14571860332838416
DSE,-0.20418,0.836485,0.14571860332838416
RAD51D,-0.15174,0.836485,0.14571860332838416
CDCP1,-0.15488,0.836472,0.1457229652769576
KDM5A,-0.15187,0.836415,0.14574209228518528
SGCB,-0.23637,0.836352,0.1457632355835563
KAT6B,-0.1946,0.83634,0.1457672632262403
PARK7,0.070857,0.83634,0.1457672632262403
ARHGEF10,-0.27489,0.836201,0.14581392486539024
TAS2R5,-0.30929,0.836093,0.1458501902631608
AARD,-0.3583,0.835066,0.14619549833742992
CAPN6,-0.14566,0.835066,0.14619549833742992
ERMP1,-0.20047,0.834646,0.1463369503060528
THOC6,0.110196,0.833539,0.1467104333821885
CIAO1,0.002976,0.833343,0.14677665972361048
PHF3,-0.22896,0.832878,0.1469338979593768
LCN12,-0.35706,0.832878,0.1469338979593768
BRINP2,0.075582,0.832877,0.1469342362875694
TBCAP2,-0.5722,0.832697,0.14699514805438754
FAAHP1,0.294907,0.832692,0.14699684040831276
POLN,-0.21188,0.832692,0.14699684040831276
XPNPEP1,-0.03514,0.832666,0.14700564096281193
ALK,-0.36628,0.832417,0.14708994988586616
YIPF5,0.060842,0.832354,0.14711128872249904
GTF3C4,-0.17773,0.832065,0.1472092160808857
NXPE2,-0.14955,0.832013,0.14722684314696594
BTBD1,-0.09326,0.832013,0.14722684314696594
ASTN1,0.124286,0.832013,0.14722684314696594
SLC15A4,-0.02829,0.832013,0.14722684314696594
TBL1X,-0.30043,0.831807,0.14729669419283759
ELL,-0.00778,0.831681,0.14733943495234386
SULF2,0.123335,0.831506,0.14739881769339214
AC023271.1,-0.31281,0.831464,0.14741307311214616
RHOA,0.047767,0.831464,0.14741307311214616
ZKSCAN7,-0.25723,0.831327,0.14745958251437108
BNIP3P37,-0.31999,0.831327,0.14745958251437108
TFDP1,0.025765,0.831327,0.14745958251437108
SNAPC1,0.054539,0.831034,0.14755910078426596
EN2,0.099013,0.831034,0.14755910078426596
VPS37B,0.014988,0.831012,0.14756657585608388
AP005660.1,-0.4385,0.830963,0.14758322624066167
CCNQ,0.084404,0.830963,0.14758322624066167
TPST2,-0.02876,0.830963,0.14758322624066167
GFRA1,-0.44195,0.830963,0.14758322624066167
MANEAL,-0.2861,0.830963,0.14758322624066167
SLC44A3,-0.27757,0.83074,0.147659026214636
CD248,-0.40203,0.830016,0.14790538968051734
AC022690.1,-0.3946,0.82974,0.14799941542441158
OXTR,-0.19066,0.82947,0.14809145496873283
BUB3,0.040549,0.829422,0.14810782354575447
TUBA4B,0.168609,0.829138,0.14820470798645413
RNF26,-0.20912,0.829138,0.14820470798645413
DRAM2,-0.02403,0.829138,0.14820470798645413
PDCD10,0.043458,0.829138,0.14820470798645413
TRPT1,0.051791,0.829138,0.14820470798645413
VCAM1,0.207166,0.829138,0.14820470798645413
TPRKB,0.118034,0.82907,0.14822791507193042
BNIP3L,0.133538,0.828754,0.14833580745381478
DLSTP1,-0.25707,0.828753,0.14833614901002704
DPY19L2P1,-0.20641,0.828753,0.14833614901002704
CRNN,-0.33656,0.828753,0.14833614901002704
GLCE,-0.23035,0.828753,0.14833614901002704
H3F3AP2,-0.27806,0.828197,0.14852617609659283
HERC2,-0.21261,0.82815,0.14854225069185847
NEBL,-0.25403,0.827951,0.1486103304914932
UTP3,0.042121,0.827951,0.1486103304914932
STAB2,-0.08972,0.827951,0.1486103304914932
KPNA5,0.004427,0.827771,0.1486719370852073
SMYD5,0.07186,0.827756,0.14867707212067688
VPS33B,0.049699,0.82697,0.1489463962682864
KRT18P15,-0.19014,0.826702,0.14903833838323383
OR2L2,-0.27566,0.825491,0.14945450138991698
DCP1B,0.204591,0.825491,0.14945450138991698
ACBD7,-0.32061,0.825211,0.14955088933633573
SEC24D,-0.28201,0.825184,0.14956018717386269
CEP164P1,-0.36929,0.82496,0.14963734708376325
AC068714.1,-0.20898,0.8249,0.1496580216753656
BCCIP,0.063578,0.8249,0.1496580216753656
DLG4,-0.25893,0.824651,0.1497438517601925
AC004840.1,-0.32024,0.824482,0.14980213395471306
AC023794.5,-0.4154,0.824448,0.14981386210725176
KIF26A,-0.20122,0.824261,0.14987838336111514
DMD,-0.30264,0.824207,0.14989702033723779
CPD,-0.19946,0.824207,0.14989702033723779
TXNL4A,0.081227,0.82403,0.14995812445219278
USP5,0.084683,0.823746,0.15005621926358156
AL512326.1,-0.28733,0.823246,0.1502290773563989
TMCO5A,-0.28545,0.823183,0.15025087159687361
RAD51B,-0.32111,0.82301,0.15031073553656568
SYMPK,-0.23402,0.822925,0.15034015719268298
IDH3G,0.017113,0.822405,0.15052027392454273
RNF44,-0.18379,0.822405,0.15052027392454273
ZNF804A,0.066559,0.822301,0.1505563231575536
PIN4P1,0.398468,0.82212,0.1506190832777569
SLC11A1,-0.43581,0.82212,0.1506190832777569
RSU1,0.055755,0.822025,0.15065203414086156
PDZD2,-0.22975,0.821261,0.15091729068261814
AC092656.1,-0.36583,0.821228,0.15092875861513527
BCLAF3,-0.19826,0.820788,0.15108174767778687
MICU2,0.04553,0.820553,0.15116352126624868
RHEB,0.017096,0.820553,0.15116352126624868
C12orf75,0.098805,0.819545,0.15151478015114825
CRYAB,0.142284,0.819532,0.15151931560279297
RBM22,0.008214,0.819422,0.15155769793632504
UBE3A,-0.2027,0.81935,0.15158282618293656
VSIG10,-0.01373,0.818831,0.15176408225837007
AC114490.2,0.153159,0.818785,0.15178015779652596
RPL12P24,-0.29183,0.818785,0.15178015779652596
TARS2,0.052964,0.818785,0.15178015779652596
OBP2A,-0.23213,0.81871,0.1518063715645961
KLHDC1,-0.19136,0.818591,0.15184797336743558
CXCL11,0.94589,0.818591,0.15184797336743558
ACTL6A,0.017439,0.818518,0.1518734994429291
HAX1,0.065916,0.818036,0.15204214921136847
HSP90AB4P,-0.24357,0.817475,0.15223867659849408
RARRES3,0.288546,0.817086,0.1523750987217479
IBA57,-0.008,0.817086,0.1523750987217479
ZKSCAN3,-0.17727,0.817018,0.15239895884055604
COPB2,0.014278,0.816692,0.15251339895908997
R3HCC1L,0.016941,0.816692,0.15251339895908997
TAGLN,0.297527,0.816692,0.15251339895908997
CPLX2,-0.13983,0.816692,0.15251339895908997
SAMD3,-0.2851,0.816692,0.15251339895908997
PTRHD1,0.096154,0.816576,0.15255414070906112
TPM2,0.375562,0.816576,0.15255414070906112
KIF13B,-0.19125,0.816576,0.15255414070906112
HPSE,0.39592,0.816509,0.15257767754021373
SIPA1L3,-0.11482,0.816509,0.15257767754021373
HNRNPH2,0.097779,0.816509,0.15257767754021373
PKD1L2,-0.29471,0.816082,0.15272776626967863
CCND1,-0.20419,0.816034,0.15274464729908072
CR382285.1,-0.39404,0.815517,0.15292658837450943
SLCO4C1,-0.46493,0.81548,0.15293961760937902
JKAMP,0.012821,0.815336,0.1529903365510548
CBR3,0.114761,0.815336,0.1529903365510548
OGG1,-0.16349,0.815246,0.15302204443054368
PLIN4,-0.62737,0.815216,0.1530326151839925
AIMP1,0.077871,0.815216,0.1530326151839925
AZIN2,-0.1768,0.815216,0.1530326151839925
MUC3A,-0.0073,0.815216,0.1530326151839925
TMEM170A,-0.10076,0.815216,0.1530326151839925
LANCL2,0.121053,0.815013,0.1531041631398817
FBXO11,-0.15673,0.813947,0.15348042742952756
CBFA2T3,-0.10621,0.813284,0.1537149117239294
ZNF672,0.039661,0.811776,0.15424958348642995
MTMR9LP,-0.27633,0.811729,0.15426627751094205
FOXO6,-0.21544,0.811729,0.15426627751094205
LRRC3,-0.16905,0.811729,0.15426627751094205
NPC2,0.111062,0.811648,0.15429505230395002
NARSP2,-0.41825,0.811557,0.15432738594269974
RBP4,-0.40436,0.811508,0.1543447991699968
SH3TC2,-0.33687,0.811081,0.15449662619463364
TLX2,-0.10885,0.810893,0.1545635200984442
NDUFB4P2,-0.50224,0.810589,0.15467175025363356
THYN1,0.072381,0.810458,0.15471841226831706
UQCRC1,0.026387,0.810385,0.15474442087274037
PCDHB2,0.21585,0.810385,0.15474442087274037
OR56A1,-0.20724,0.810385,0.15474442087274037
GAPDHP47,-0.20842,0.810198,0.15481106560055558
CALR,0.089694,0.810198,0.15481106560055558
MARK2P13,-0.14804,0.81005,0.15486383150737476
SCAF11,-0.19549,0.81005,0.15486383150737476
AC074141.1,-0.23557,0.81005,0.15486383150737476
FMO5,-0.28374,0.81005,0.15486383150737476
UBR5,-0.16415,0.81005,0.15486383150737476
AC097358.1,-0.24404,0.809814,0.15494800894410724
ERHP2,-0.60358,0.809814,0.15494800894410724
ZNF781,-0.18629,0.809814,0.15494800894410724
RNF207,-0.30603,0.809744,0.1549729856252267
NMRAL1,0.023599,0.809697,0.15498975794163927
AC009779.7,-0.09631,0.809565,0.1550368728793815
FOLR2,0.273822,0.809505,0.15505829349457248
RPGRIP1L,-0.22047,0.809476,0.15506864785281385
IDO1,-0.01593,0.809476,0.15506864785281385
HES2,0.084949,0.809476,0.15506864785281385
HIST3H3,-0.26918,0.809205,0.15516544097228332
ANKRD36,-0.40738,0.809144,0.15518723668244622
CLEC4D,0.083411,0.809083,0.15520903545419923
NDUFS7,0.064393,0.80883,0.1552994794447646
OTUD4P1,-0.11797,0.808765,0.15532272455155668
PIP4P1,0.032987,0.808765,0.15532272455155668
OR51B5,-0.25916,0.808765,0.15532272455155668
FPR3,0.216511,0.808765,0.15532272455155668
EMC1,-0.09536,0.808509,0.15541430835175976
AC011242.1,-0.16657,0.808367,0.15546513202323095
EPS15L1,-0.15399,0.808262,0.15550272359535705
ATP6V0B,0.059358,0.808073,0.15557041133262214
KIAA1614,-0.20199,0.808073,0.15557041133262214
HOMER3,0.095935,0.808073,0.15557041133262214
ELOA3,-0.30189,0.807092,0.1559222165601432
MT1H,0.308201,0.807092,0.1559222165601432
OR51L1,-0.19601,0.806827,0.15601738699843193
DCLRE1C,-0.28107,0.806827,0.15601738699843193
DDR1,1.450686,0.806717,0.15605690876739417
UBE2Q2,0.04844,0.806717,0.15605690876739417
STX10,0.046107,0.806337,0.15619351556142344
PGBD2,-0.17621,0.806302,0.15620610377878125
ENTPD3,0.06748,0.806302,0.15620610377878125
NIP7,0.068401,0.806302,0.15620610377878125
TMEM147,0.104183,0.806302,0.15620610377878125
DGCR6L,0.086234,0.806144,0.15626294321715548
CIR1,0.031252,0.806033,0.15630288708982817
KLK2,-0.38882,0.805391,0.15653411420256455
PRRC2A,-0.56218,0.805128,0.15662893682101142
PTPRR,0.127935,0.805128,0.15662893682101142
MRM2,0.045844,0.805128,0.15662893682101142
ERVFRD-1,-0.27301,0.805108,0.15663615001620118
C6,-0.27754,0.805108,0.15663615001620118
RDH12,0.106174,0.80498,0.15668232233226947
CCDC25,0.048974,0.80498,0.15668232233226947
METAP2,0.015435,0.804975,0.15668412621455213
LYPD1,0.164658,0.804975,0.15668412621455213
AC275401.1,-0.62963,0.804975,0.15668412621455213
LPIN1,-0.57799,0.804432,0.15688015147817075
COL14A1,-0.46175,0.804432,0.15688015147817075
YBX1P7,-0.3006,0.804432,0.15688015147817075
BMPR2,-0.18568,0.804432,0.15688015147817075
LRRC66,-0.08313,0.804432,0.15688015147817075
LECT2,-0.37662,0.804432,0.15688015147817075
FBXW9,0.107278,0.804432,0.15688015147817075
LPL,-0.34338,0.804289,0.1569318158589005
GABRP,-0.42178,0.804143,0.15698458166127202
TRIO,-0.53164,0.804124,0.15699144974830104
LINC00854,-0.30832,0.803952,0.15705363768365715
DNAJC18,-0.22918,0.803952,0.15705363768365715
EEF1A1P29,-0.20937,0.803465,0.157229849964522
SPP2,-0.55366,0.803465,0.157229849964522
EPHA5,-0.11965,0.803465,0.157229849964522
WASHC1,0.141416,0.803465,0.157229849964522
SOCS2,-0.11058,0.803465,0.157229849964522
DCP1A,-0.21776,0.803465,0.157229849964522
DNAJB12,0.006004,0.803388,0.15725772913929464
VN2R9P,-0.10898,0.803199,0.15732618080114838
ICOS,0.120812,0.803199,0.15732618080114838
AC245100.2,-0.24164,0.803199,0.15732618080114838
NBEAL1,-0.20221,0.803199,0.15732618080114838
SCG3,-0.24291,0.802931,0.15742329561669186
OSBP,-0.1651,0.802834,0.15745846015533513
MMP19,-0.19451,0.802394,0.157618068055425
TMEM132B,-0.24879,0.802143,0.15770918956716204
RORB,-0.1031,0.801826,0.15782434659849853
CUL1,0.003509,0.801786,0.15783888342744556
PDIA3,0.085901,0.801786,0.15783888342744556
LAIR1,-0.16702,0.801656,0.15788613736930687
MAK16,0.050951,0.801018,0.15811825033815663
C1orf127,-0.12647,0.800638,0.15825666155895307
IQCM,-0.41292,0.800638,0.15825666155895307
RANP4,-0.32415,0.800445,0.15832700627830026
MTND4P35,-0.10766,0.800404,0.1583419540014499
KYAT3,0.073001,0.800246,0.1583995706215358
ADGB,-0.25119,0.7997,0.15859883761122814
AC024270.1,-0.43993,0.7997,0.15859883761122814
UBAP2L,-0.13245,0.799665,0.15861161968245158
SNAP23,0.029847,0.798425,0.15906513558622049
STOM,0.099194,0.798159,0.15916259085691226
MTND1P32,-0.2391,0.797864,0.15927074077952832
PIWIL4,-0.31502,0.797765,0.15930705162692094
C12orf65,-0.22423,0.797531,0.15939291017724277
VWF,0.199419,0.797531,0.15939291017724277
USP29,-0.37466,0.797531,0.15939291017724277
ZNF75A,-0.24404,0.797382,0.15944760490427792
AC092658.1,-0.27455,0.797308,0.15947477570323032
ARR3,-0.33101,0.797288,0.15948211995716158
CARD16,0.201501,0.797125,0.15954198823915966
IGHMBP2,-0.45345,0.796721,0.1596904703283122
MRGPRX2,-0.25136,0.796619,0.159727980224436
AC010642.1,-0.14408,0.796619,0.159727980224436
CCDC85C,0.000881,0.79652,0.15976439531414968
PLXNC1,-0.29834,0.796508,0.15976880982851868
CYP2C18,0.16463,0.796508,0.15976880982851868
AC270276.2,-0.84581,0.796508,0.15976880982851868
PLBD2,-0.20976,0.796026,0.15994622704008124
OR55B1P,-0.25395,0.796026,0.15994622704008124
AP2B1,-0.22353,0.796026,0.15994622704008124
NDUFAF6,-0.00336,0.795344,0.16019759800253625
KBTBD7,-0.2687,0.795099,0.16028799630575563
AL049844.3,-0.41196,0.794742,0.16041981087569324
AP004290.1,-0.19193,0.794742,0.16041981087569324
CKAP2,0.089624,0.794696,0.16043680326778179
SPRN,-0.20611,0.794696,0.16043680326778179
ANKLE1,-0.32408,0.794164,0.160633454806143
NR2C2,-0.1557,0.793926,0.1607215085145634
TAF6L,0.021669,0.793305,0.1609514894445779
AHNAK2,-0.18614,0.793259,0.16096853815446574
KPNA2,0.11144,0.793259,0.16096853815446574
TUBB4A,-0.29817,0.793067,0.16103971748859586
ELAVL1,-0.09431,0.793067,0.16103971748859586
ZNF491,-0.30655,0.792842,0.1611231708264461
SOCS1,0.207774,0.792341,0.16130914898302115
RHPN2,-0.34836,0.792059,0.16141392570441238
TBRG4,-0.00055,0.792012,0.1614313951067368
DDX18,0.024268,0.791846,0.16149311068170025
C16orf71,-0.06984,0.791361,0.16167355946157347
BEND3P3,-0.27429,0.791077,0.16177931790167044
TNFRSF11A,-0.16573,0.790901,0.1618448930617559
KCNV2,-0.22929,0.790901,0.1618448930617559
STAT3,0.085542,0.790901,0.1618448930617559
ZNF622,0.06453,0.790762,0.16189670131987338
NAPG,0.000702,0.790652,0.16193771241580576
TOM1,0.039951,0.79038,0.16203916628155488
PHGR1,0.371895,0.790363,0.16204550925816755
RPSAP36,-0.35381,0.790363,0.16204550925816755
AL157407.1,-0.14965,0.790134,0.16213097708788515
ATAD2B,-0.30158,0.790134,0.16213097708788515
RPS3AP37,-0.16644,0.789696,0.16229457389282542
TSACC,0.205469,0.789687,0.1622979372012733
TOM1L1,0.018701,0.788776,0.16263873960190126
AC254960.2,0.434307,0.7887,0.16266720329719034
IGKV1OR10-1,0.482006,0.788304,0.16281559475099372
ABCF1,-0.58042,0.788258,0.1628328409153486
SNX6,0.077163,0.788258,0.1628328409153486
ASB4,-0.10429,0.788258,0.1628328409153486
TIMM21,0.129043,0.788258,0.1628328409153486
HIST1H2AL,0.186037,0.788258,0.1628328409153486
VPS16,0.066816,0.788258,0.1628328409153486
ZNF551,-0.0839,0.788258,0.1628328409153486
CT55,-0.12147,0.788258,0.1628328409153486
AL136146.1,-0.32403,0.788137,0.1628782145490217
SPATA4,-0.499,0.788137,0.1628782145490217
C1orf68,0.20952,0.787941,0.16295173916481245
RAVER1,-0.18025,0.787941,0.16295173916481245
DPF2,-0.24141,0.787802,0.1630039017360474
MYOZ3,-0.1728,0.7877,0.16304218992825648
CAPNS2,0.114398,0.787543,0.16310114129026695
NR3C1,-0.22002,0.787385,0.16316048965787147
AP000646.1,-0.21749,0.787385,0.16316048965787147
DNAJA2,0.084594,0.787385,0.16316048965787147
SRD5A1,-0.25552,0.787385,0.16316048965787147
GART,0.065284,0.787385,0.16316048965787147
GXYLT1,-0.15329,0.787385,0.16316048965787147
ACTR3B,-0.14559,0.787361,0.16316950648888348
GALNT7,-0.27704,0.787095,0.16326947640601777
CHMP2B,0.119247,0.786814,0.16337515025258226
SLC12A5,0.020604,0.786689,0.16342218016859872
MTCH1,0.03011,0.786649,0.163437232600815
IGKV1-5,-0.80016,0.786498,0.16349406802925687
MPP6,-0.12319,0.786165,0.16361947695071516
KDM4C,-0.24664,0.785915,0.16371369100723632
NDUFA8P1,-0.55901,0.785113,0.16401629602048654
AC005682.1,-0.22366,0.785112,0.16401667368239953
WNT7B,-0.2198,0.784657,0.16418860009654096
NSD3,-0.14166,0.78462,0.16420258884667463
TIGD1,-0.34939,0.784442,0.16426990273750197
ODF2L,-0.27283,0.784396,0.16428730294873792
SLC8A1,-0.24525,0.78435,0.16430470500308295
FNBP1L,-0.18466,0.78435,0.16430470500308295
CDCA4,0.095524,0.78435,0.16430470500308295
PRLR,-0.34477,0.78435,0.16430470500308295
HECTD4,-0.22398,0.78435,0.16430470500308295
PSMB5,0.102394,0.78435,0.16430470500308295
DEDD2,0.037464,0.78435,0.16430470500308295
RGR,-0.25305,0.78435,0.16430470500308295
COMMD1,0.027834,0.78435,0.16430470500308295
HSP90B1,0.09185,0.78435,0.16430470500308295
SORBS2,-0.23135,0.784015,0.16443149296084697
TMEM63C,-0.38295,0.783636,0.16457505162631575
BX322639.1,-0.24687,0.783372,0.16467512432744041
KLK9,0.304968,0.783148,0.1647600822162748
GRAMD1A,-0.27652,0.782848,0.16487393376744977
WBP2NL,-0.19752,0.782104,0.16515662521998584
POLR3GL,0.101585,0.782104,0.16515662521998584
HSPA9,0.019735,0.782104,0.16515662521998584
AL157712.1,-0.1347,0.781771,0.1652833094140376
SH2B2,-0.205,0.781771,0.1652833094140376
CISD2,0.12175,0.781584,0.16535449298954982
ALOX12B,0.11878,0.781474,0.16539638000095622
TRIM13,-0.04377,0.781474,0.16539638000095622
MRPL10,0.045636,0.781405,0.1654226599960551
AP001206.1,-0.2982,0.781305,0.16546075435675717
TACR2,-0.26209,0.781049,0.16555831589974593
OXSM,-0.00641,0.781049,0.16555831589974593
AC109635.5,0.300105,0.781049,0.16555831589974593
UQCRC2,0.032114,0.780751,0.16567195609239616
CDC14A,-0.28721,0.78058,0.1657372009521444
TTF2,-0.17801,0.780545,0.1657505583306653
AL591719.1,-0.36022,0.779976,0.16596786221334742
RPL23AP58,-0.38644,0.779976,0.16596786221334742
FSD1L,-0.22741,0.779927,0.16598658887090773
ZGPAT,0.023876,0.779764,0.16604889887727767
LBX2,-0.22739,0.779764,0.16604889887727767
OR7E12P,-0.16495,0.779383,0.16619463498901652
PAX9,0.088231,0.779383,0.16619463498901652
SOD1,0.101607,0.779137,0.16628880026890697
RPS21P4,-0.54278,0.778994,0.166343563142395
SNED1,-0.35759,0.778917,0.16637305831312882
UBA2,0.039559,0.778917,0.16637305831312882
CNBD2,0.239248,0.778917,0.16637305831312882
OR5H14,-0.14061,0.778917,0.16637305831312882
TNFRSF12A,0.290044,0.778917,0.16637305831312882
MYCBP,0.10183,0.778594,0.16649684180251387
IL27RA,-0.25851,0.778594,0.16649684180251387
PC,-0.37726,0.778324,0.1666003847348051
TRAPPC3L,-0.36464,0.778096,0.16668787113373387
FAIM,0.154737,0.778096,0.16668787113373387
RNASE1,0.381218,0.778096,0.16668787113373387
ELOF1,0.064302,0.778096,0.16668787113373387
HOXA10,-0.32158,0.777534,0.16690371366951243
EMILIN3,-0.43187,0.777534,0.16690371366951243
UBE2J2,0.005632,0.777498,0.16691754940305784
ISY1-RAB43,0.117907,0.777395,0.16695714130948905
TMEM121,-0.16406,0.777342,0.16697751750310028
HCN4,-0.02032,0.777209,0.16702866116629067
RRAGD,-0.16597,0.777209,0.16702866116629067
PRSS42,-0.15424,0.777209,0.16702866116629067
ZNF204P,-0.25571,0.776245,0.16739982513666263
HIST1H2BI,0.188384,0.776215,0.16741138910632128
BBS9,-0.29418,0.776213,0.16741216006603435
FRK,-0.28135,0.776213,0.16741216006603435
PARVB,-0.18905,0.776213,0.16741216006603435
FABP7P1,-0.37052,0.776213,0.16741216006603435
PLA2G5,-0.2029,0.776213,0.16741216006603435
CCDC88B,-0.25148,0.776181,0.1674244959043108
ALG1,0.074181,0.775937,0.16751858656557678
SLC35F1,-0.13294,0.77576,0.16758687394679073
BRSK2,-0.30826,0.775669,0.1676219929824336
OLAH,-0.60869,0.775631,0.16763666025239177
AL163193.1,-0.28041,0.775619,0.16764129228848465
HIC2,-0.14366,0.775382,0.16773280123172912
FGF14,-0.3314,0.775365,0.16773936708404624
HS3ST1,-0.21209,0.774928,0.16790823636104787
MNT,-0.25653,0.774928,0.16790823636104787
WSB2,0.020814,0.774928,0.16790823636104787
C2,0.211829,0.774574,0.16804515669910666
MOB3A,-0.16931,0.774522,0.16806527869391413
LXN,0.074121,0.774494,0.1680761146121695
VWA1,0.137803,0.774494,0.1680761146121695
NFS1,0.006638,0.774257,0.16816786090822128
AC112229.1,-0.24007,0.774257,0.16816786090822128
AC122718.1,-0.4826,0.774192,0.1681930321444661
PLG,-0.25393,0.773422,0.16849150130957227
UFC1,0.101695,0.773175,0.16858735617190995
AL353754.1,-0.54586,0.773171,0.16858890892599335
VSTM1,-0.31648,0.773095,0.16861841397100624
PCDHGB4,-0.23015,0.773095,0.16861841397100624
RIF1,-0.17559,0.773095,0.16861841397100624
SLC25A3,0.041939,0.772266,0.16894058744875926
ACO1,-0.35262,0.771726,0.16915077813906668
IGBP1P3,0.121088,0.771726,0.16915077813906668
MARCH2,0.04856,0.771367,0.16929066072415141
LACTB2,0.136209,0.771127,0.16938424005511857
POTEI,-0.17073,0.771127,0.16938424005511857
SMARCC1,-0.16347,0.770954,0.16945172723721394
KITLG,-0.36264,0.770891,0.16947631017253675
PUF60,0.102334,0.770272,0.16971803701240243
IGLC3,-1.17522,0.770272,0.16971803701240243
CEND1,-0.2104,0.769379,0.17006737171008462
OAZ3,-0.04081,0.769379,0.17006737171008462
AL132777.1,-0.34347,0.769352,0.17007794509281618
DCAF11,0.058228,0.769277,0.17010731904967083
ADAM3A,-0.31836,0.769147,0.1701582459264328
AL353706.1,-0.24777,0.769147,0.1701582459264328
TGIF1,0.003625,0.769147,0.1701582459264328
LPA,0.052305,0.769147,0.1701582459264328
AC008105.2,-0.4802,0.768994,0.17021820247462396
GCNT1,0.292242,0.768731,0.17032131441126588
RRM2B,0.04299,0.768371,0.17046255749858888
METTL15P1,-0.33725,0.768268,0.17050299026105545
PITHD1,0.049904,0.76753,0.17079297363782167
PI4K2A,0.049982,0.767376,0.17085354724151286
NSUN4,-0.18773,0.767376,0.17085354724151286
PALM,-0.37786,0.767143,0.17094523516031895
GYPB,-0.54196,0.766749,0.17110039021382506
NEURL4,0.163682,0.766604,0.17115752586651994
SEC11C,0.091522,0.766335,0.17126357288813585
AC133561.1,0.151197,0.76608,0.17136416139820626
AL118556.2,-0.37422,0.765877,0.17144427997584383
METTL25,-0.25959,0.765835,0.1714608609094109
KCNA1,-0.15365,0.765577,0.17156275040237415
PKIB,-0.29504,0.765171,0.17172321075345667
ZNF76,0.028255,0.765171,0.17172321075345667
TAF5,0.031186,0.765171,0.17172321075345667
MAB21L2,-0.28345,0.765171,0.17172321075345667
SLC26A3,-0.31364,0.764888,0.1718351474876235
AL136038.4,-0.23417,0.764888,0.1718351474876235
NCR1,-0.08383,0.764758,0.17188659164316228
AC092535.2,-0.103,0.764758,0.17188659164316228
IMPDH1P8,-0.17664,0.764754,0.17188817478446733
CYCSP35,-0.70752,0.764676,0.1719190489545259
AFAP1L1,0.03618,0.764462,0.17200378349263465
SCN2A,-0.32413,0.764421,0.17202002244641
HSD17B10,0.093429,0.764421,0.17202002244641
RPS2P35,-0.12716,0.764389,0.1720326978170424
LTV1P1,-0.13402,0.764227,0.17209688121503589
H2AFX,0.105483,0.763914,0.17222095771544185
POP5,0.078939,0.763914,0.17222095771544185
DIRAS3,-0.34551,0.763813,0.1722610142674627
GPBAR1,-0.20511,0.763643,0.17232845722592394
AC008072.1,-0.39671,0.763558,0.17236218860638475
ADAM17,0.003908,0.763534,0.17237171395612338
ADORA3,0.166411,0.763534,0.17237171395612338
ZNF19,-0.25732,0.763534,0.17237171395612338
GAREM2,-0.25609,0.763263,0.1724793075679407
MGAT4A,-0.12243,0.763263,0.1724793075679407
GPATCH4,-0.00532,0.76291,0.1726195579025413
ARL6IP4,0.019979,0.762831,0.1726509609850734
IREB2,-0.15861,0.762831,0.1726509609850734
TRAPPC5,0.136203,0.762831,0.1726509609850734
UBE2SP2,-0.29962,0.762831,0.1726509609850734
PTPRD,0.165514,0.762831,0.1726509609850734
ARHGAP15,-0.42701,0.762825,0.17265334626272463
PGAM5,0.12479,0.762758,0.17267998410185526
BMX,0.272751,0.762758,0.17267998410185526
LMOD1,0.27473,0.762293,0.1728649719337317
HIST1H2AE,0.17986,0.761844,0.1730437826525492
CHRND,-0.08519,0.761729,0.17308961024374495
SIGLEC6,-0.19593,0.761705,0.17309917579339962
STK24P1,-0.09592,0.760947,0.17340155989211503
CYP21A2,-0.08101,0.760898,0.1734211253163437
HLA-DRB1,1.503252,0.760623,0.17353097223774738
SCN2B,-0.10152,0.760554,0.1735585447462865
RAC1,0.025971,0.760554,0.1735585447462865
R3HDM1,-0.30017,0.760554,0.1735585447462865
PDXK,-0.08083,0.760554,0.1735585447462865
YY2,-0.20505,0.760554,0.1735585447462865
TUBD1,0.027327,0.760554,0.1735585447462865
NDUFB1,0.15843,0.760554,0.1735585447462865
BNIPL,0.054493,0.760554,0.1735585447462865
NEK6,-0.26561,0.760554,0.1735585447462865
MTAP,-0.1156,0.760554,0.1735585447462865
NDUFA9P1,-0.30051,0.760554,0.1735585447462865
PATZ1,-0.18015,0.760554,0.1735585447462865
PPIL1,0.13833,0.760366,0.17363369207399013
BAZ2A,-0.19148,0.760153,0.1737188717132517
MDM4,-0.1556,0.759956,0.17379769007769294
RPSAP19,0.13999,0.759956,0.17379769007769294
CPT2,-0.15167,0.759855,0.17383811335895938
MRPL22,0.07433,0.759745,0.17388214941087116
SLC14A1,-0.30786,0.759745,0.17388214941087116
AC119744.1,-0.10335,0.759745,0.17388214941087116
BCAS4,-0.24147,0.75968,0.17390817595742966
PDE3B,-0.21548,0.759501,0.17397986919991426
EIF4BP5,-0.16812,0.75939,0.17402434186630503
MTND3P22,-0.59278,0.758505,0.17437932811881976
MRPL54,0.124938,0.758418,0.1744142641399868
PGM5P2,-0.40228,0.758127,0.17453116997434504
NDRG1,0.058359,0.758127,0.17453116997434504
TMEM145,-0.0636,0.758127,0.17453116997434504
ACKR4,0.228511,0.758127,0.17453116997434504
RCN3,-0.30846,0.758127,0.17453116997434504
URM1,0.008381,0.758127,0.17453116997434504
ATP5PO,0.066214,0.758127,0.17453116997434504
AL355864.1,-0.23538,0.75805,0.1745621169287057
MAD2L1,0.249201,0.75805,0.1745621169287057
GABRR3,-0.0917,0.75805,0.1745621169287057
GPC4,-0.22374,0.757994,0.1745846272511502
WFDC13,-0.19486,0.757994,0.1745846272511502
ZAN,0.034007,0.757533,0.1747700457814984
ZMYM3,-0.11516,0.757358,0.1748404839800363
PGP,0.092475,0.757329,0.1748521593375126
EXD2,-0.18114,0.757329,0.1748521593375126
DHTKD1,-0.04679,0.757259,0.17488034444719286
NDUFB9,0.067071,0.757259,0.17488034444719286
BST2,0.256023,0.757048,0.1749653299108741
SHPK,0.043712,0.757048,0.1749653299108741
ABCC13,-0.10247,0.757048,0.1749653299108741
AP1G2,0.061682,0.757048,0.1749653299108741
S1PR2,-0.20937,0.757048,0.1749653299108741
LRP8,0.041521,0.757048,0.1749653299108741
CREB3L2,-0.28541,0.756926,0.17501448726745378
RAD51C,-0.1455,0.756926,0.17501448726745378
CAB39,0.018613,0.756926,0.17501448726745378
SLFN12L,-0.34039,0.756433,0.17521327204828338
RDH13,0.072542,0.75607,0.17535978324859414
KIF3B,-0.30475,0.75607,0.17535978324859414
NOP16,0.065836,0.75593,0.175416321676217
DNAJC13,-0.09838,0.755403,0.17562931197881584
POLR2A,-0.13965,0.755338,0.17565560003932554
SCG2,0.058779,0.755295,0.17567299276489276
CCT6B,0.134925,0.755295,0.17567299276489276
SOX5,-0.42528,0.755232,0.17569847824025214
ALYREF,-0.32604,0.755153,0.1757304414423365
HIF1A,0.049367,0.755153,0.1757304414423365
CFAP54,-0.39639,0.754746,0.1758952047924444
WNK4,-0.1824,0.754477,0.17600418721954086
TMEM179B,0.046042,0.754407,0.17603255802914228
CSRP3,-0.12737,0.754407,0.17603255802914228
LNX1,0.135007,0.754407,0.17603255802914228
TMEM72,-0.11476,0.754407,0.17603255802914228
FANCC,-0.26428,0.754407,0.17603255802914228
VNN2,0.088829,0.754313,0.17607066316752468
FGF5,-0.12173,0.754116,0.17615054856834547
LGALS14,-0.33497,0.754116,0.17615054856834547
AC022167.5,-0.19813,0.754116,0.17615054856834547
CCDC198,-0.31369,0.754116,0.17615054856834547
ZSCAN4,-0.21942,0.754116,0.17615054856834547
AC104996.3,-0.50801,0.754116,0.17615054856834547
SCGB2A1,-0.48519,0.754116,0.17615054856834547
ZSCAN1,-0.08706,0.754116,0.17615054856834547
SLC12A2,-0.54287,0.754116,0.17615054856834547
VPS13D,-0.15475,0.754101,0.1761566326978229
SFPQ,0.071062,0.753999,0.1761980103516079
EPPIN,-0.31932,0.753853,0.1762572541024151
FCER1A,0.250488,0.753853,0.1762572541024151
CRAMP1,-0.14921,0.753787,0.17628404206135953
RPS6KA5,-0.25232,0.753787,0.17628404206135953
NPAP1,-0.16228,0.753692,0.1763226076349316
SCAMP4,-0.26977,0.753284,0.1764883325739032
SREBF2,-0.17355,0.753213,0.17651718787018264
WFDC5,0.100662,0.752976,0.17661354182394895
BZW1P2,0.188027,0.752976,0.17661354182394895
FGD2,0.056347,0.752883,0.1766513659705457
NUDT12,0.109288,0.752818,0.17667780701131175
PRSS16,-0.12761,0.752715,0.1767197139960996
HLA-DOB,0.394915,0.752706,0.17672337624365814
SLC35E2B,-0.27086,0.752706,0.17672337624365814
C20orf144,-0.2046,0.752706,0.17672337624365814
IQANK1,-0.19789,0.752397,0.17684915945467547
AC005086.3,-0.76495,0.752397,0.17684915945467547
PCDHA10,-0.11417,0.752312,0.1768837757123602
LRRTM3,0.000947,0.751985,0.17701700967707445
ST3GAL3,-0.26093,0.751985,0.17701700967707445
SCN5A,-0.11456,0.751985,0.17701700967707445
LIPJ,-0.13276,0.751823,0.1770830526638316
ALOXE3,-0.21386,0.751726,0.17712260871444074
SPINK5,0.08662,0.751726,0.17712260871444074
WDSUB1,-0.2039,0.751365,0.1772699001188373
ICK,-0.15299,0.751039,0.17740301643758666
RNASE13,0.102858,0.75099,0.17742303335830062
STOML3,0.072725,0.750824,0.17749086257149815
FOXD4L1,-0.08847,0.750572,0.17759388178633528
HTT,-0.21226,0.750572,0.17759388178633528
SF3B3,-0.01642,0.750572,0.17759388178633528
CD86,0.079403,0.749796,0.17791149127435896
GATAD2B,-0.32239,0.749644,0.17797376993711664
LIF,-0.34018,0.749509,0.17802910150274784
JADE1,-0.13716,0.749509,0.17802910150274784
TTC32,0.112338,0.749163,0.17817099281296464
IFT43,-0.01983,0.748916,0.17827235434073255
CLEC16A,-0.18765,0.748379,0.17849292233911948
RAB34,0.044531,0.748379,0.17849292233911948
TRAJ28,-1.30177,0.74816,0.17858295297304969
CFTR,-0.69748,0.747672,0.17878373254941135
HMGN2P46,-0.34996,0.747665,0.17878661422593692
ILF2P1,-0.30431,0.747518,0.17884714016350228
AC022001.1,-0.65865,0.747068,0.17903255104637836
MED10,0.037984,0.747068,0.17903255104637836
IGHV3-64D,-0.97542,0.746997,0.17906182231450563
CASK,-0.23076,0.746722,0.1791752421178099
SRC,-0.18337,0.746542,0.1792495194329082
NME2,0.075751,0.746302,0.17934860375352557
CYP27A1,-0.36041,0.745952,0.17949319990857426
TECRL,-0.24785,0.745232,0.1797910215376426
ARMCX5,0.074874,0.744767,0.17998362724952105
AL671986.1,-0.31225,0.744767,0.17998362724952105
MRLN,-0.3314,0.744767,0.17998362724952105
GPATCH3,0.072995,0.744651,0.18003170727390155
RRAGA,0.040831,0.744651,0.18003170727390155
PTPN5,-0.13287,0.744651,0.18003170727390155
ZNF280D,-0.23716,0.743999,0.18030218924661212
PPP1R3C,0.249064,0.743824,0.18037485708477727
TEX35,-0.34156,0.743824,0.18037485708477727
C2orf68,-0.4681,0.743824,0.18037485708477727
MRPL20,0.074727,0.743771,0.18039687083622113
GTF3C1,-0.19056,0.743665,0.18044090639940563
THOP1,0.125555,0.743665,0.18044090639940563
EGR1,-0.43437,0.743665,0.18044090639940563
MBD6,-0.37953,0.743665,0.18044090639940563
ATP9B,-0.3151,0.743622,0.18045877294715823
MCTS1,-0.01634,0.743604,0.18046625249240655
ENPP7P12,-0.47205,0.743604,0.18046625249240655
STMN2,0.387586,0.743604,0.18046625249240655
TCP1,0.055772,0.743248,0.18061424498973513
FKBP1AP2,-0.48734,0.743248,0.18061424498973513
HSPB6,-0.32146,0.742869,0.18077193217914447
IMP4,0.091684,0.742869,0.18077193217914447
NOP2,0.064629,0.742852,0.18077900844449662
IFNG,0.103315,0.742852,0.18077900844449662
CLEC4A,0.020641,0.742841,0.18078358735203431
TMED9,0.058475,0.742743,0.18082438637522197
ADCY8,-0.39322,0.742616,0.1808772722766501
EXOSC10,0.008833,0.742616,0.1808772722766501
IFT57,0.034292,0.742456,0.18094392220299532
NAXD,0.017637,0.742456,0.18094392220299532
MGA,-0.4324,0.742456,0.18094392220299532
AC090695.1,-0.24191,0.742456,0.18094392220299532
RGS12,-0.01548,0.742456,0.18094392220299532
ATP6V0D2,-0.28552,0.742456,0.18094392220299532
ETF1,0.056211,0.742456,0.18094392220299532
JMJD7,0.084725,0.742456,0.18094392220299532
SEPT14,-0.23717,0.742456,0.18094392220299532
NDUFA5,0.06945,0.742456,0.18094392220299532
BLZF2P,-0.18025,0.742043,0.18111607586158715
LRG1,0.469324,0.74204,0.18111732697143745
CLCA4,-0.37412,0.741702,0.18125834070128524
GDF1,-0.08414,0.741592,0.18130425641876707
C1orf35,0.081594,0.741536,0.18132763616085745
ARRDC4,0.070391,0.741312,0.18142118528200418
MRPS31,0.061522,0.741128,0.18149806530683987
MICALL1,0.040274,0.74093,0.18158083129084004
RTL5,-0.18345,0.74093,0.18158083129084004
PCNX4,-0.15137,0.74093,0.18158083129084004
PNPLA5,-0.72046,0.740853,0.18161302825427963
IQGAP1,-0.19079,0.740853,0.18161302825427963
AL157791.2,-0.36034,0.740847,0.1816155373483211
EVI5,-0.17385,0.74084,0.1816184646685151
FUNDC2,0.116704,0.74072,0.1816686546385194
TRIM71,-0.07399,0.74072,0.1816686546385194
AC006461.1,-0.54536,0.740533,0.1817468949910481
CDK5R1,0.130994,0.740395,0.18180465546882513
HIPK1,-0.13842,0.740395,0.18180465546882513
SLC25A14P1,-0.28661,0.740395,0.18180465546882513
MTND2P2,-0.25172,0.740395,0.18180465546882513
FNDC9,-0.06502,0.740387,0.18180800446518658
RPL7P33,-0.133,0.740387,0.18180800446518658
BCOR,-0.17921,0.739794,0.18205642066614022
IGKV1OR2-108,-0.61175,0.739794,0.18205642066614022
ANKRD35,0.113273,0.739743,0.1820778011419057
AC084783.1,-0.37185,0.739743,0.1820778011419057
KIFC3,-0.12757,0.739743,0.1820778011419057
TATDN2P2,0.127474,0.739661,0.18211218285735872
BOLA2,0.216502,0.739634,0.18212350508683792
UHRF1BP1L,-0.20946,0.739616,0.18213105363088947
AL590065.1,-0.24551,0.73956,0.182154539991026
CD53,0.112196,0.738717,0.18250845976791105
HIST1H3I,0.203374,0.738717,0.18250845976791105
SCART1,-0.26048,0.738712,0.1825105609863006
PSMD2,0.045386,0.738433,0.18262784731695642
AREG,0.238267,0.738186,0.18273174435050127
AL132875.1,-0.14493,0.738085,0.18277424558682312
KIRREL3,-0.15438,0.737939,0.18283570049109768
STK17B,-0.00374,0.737904,0.1828504359014012
DPY19L2P3,-0.23221,0.737722,0.1829270791809554
NCAPD3,-0.17328,0.737722,0.1829270791809554
RRAS2,0.011765,0.737718,0.18292876400937683
CCDC129,-0.33191,0.737718,0.18292876400937683
TTC5,-0.16824,0.737482,0.18302819635784107
NEFM,0.143803,0.737287,0.18311039521959632
MTCYBP32,-0.21965,0.737287,0.18311039521959632
ZNF843,-0.13479,0.737287,0.18311039521959632
CCNA2,0.156804,0.737023,0.18322173865635996
TMEM167A,0.086931,0.737023,0.18322173865635996
HLA-DRB6,-0.22972,0.737023,0.18322173865635996
DIO1,-0.24063,0.737023,0.18322173865635996
RGMB,-0.21338,0.736884,0.18328038986832884
PPARA,-0.43793,0.736884,0.18328038986832884
SPACA7,-0.27534,0.736884,0.18328038986832884
AC025198.1,-0.3553,0.73673,0.1833453922713187
ABCA12,0.068886,0.736251,0.18354772247751786
PECR,-0.53604,0.736241,0.18355194886867207
TAS2R64P,-0.29076,0.736241,0.18355194886867207
MRPS17P1,-0.22541,0.73624,0.1835523715131399
FAM212A,0.091356,0.73624,0.1835523715131399
IQGAP3,-0.23402,0.73624,0.1835523715131399
ZNF121,-0.14664,0.736121,0.18360267315391893
CCDC28B,-0.29515,0.736121,0.18360267315391893
MEGF10,-0.19155,0.736121,0.18360267315391893
WSCD2,0.294886,0.736121,0.18360267315391893
OSMR,0.008853,0.736121,0.18360267315391893
RPS10P2,-0.42479,0.73609,0.18361577920579464
AC025271.1,-0.32399,0.735836,0.18372319951830635
SEC24A,-0.1701,0.735531,0.1838522715175254
EDEM2,0.036438,0.735352,0.18392806419035795
POM121,-0.24954,0.735352,0.18392806419035795
ZNF253,-0.15625,0.735271,0.18396237170111682
TTC17,-0.30319,0.735178,0.18400176969768975
SIRT5,-0.24798,0.734983,0.18408440579601273
MADD,-0.1864,0.734982,0.18408482966650938
SYN3,-0.4488,0.734767,0.1841759844897063
AC010332.2,-0.07326,0.734767,0.1841759844897063
MBD4,0.051437,0.734767,0.1841759844897063
DYNAP,-0.28277,0.734767,0.1841759844897063
POU5F1P6,0.110219,0.734622,0.18423748648319319
DCAF7,-0.05917,0.734622,0.18423748648319319
BIRC2,0.007527,0.734622,0.18423748648319319
OR10J2P,-0.21748,0.73405,0.18448030161565818
RPL23AP14,-0.29636,0.733691,0.18463286125369893
MATK,-0.27573,0.733691,0.18463286125369893
GK5,-0.33896,0.733611,0.18466687501630602
TERF1,-0.14482,0.733423,0.18474683202558576
ABO,-0.24622,0.733423,0.18474683202558576
TEAD4,0.098627,0.733423,0.18474683202558576
LTV1,0.08611,0.733348,0.18477873942821807
AC118465.1,-0.2204,0.73244,0.18516546920844557
GIMAP2,0.069431,0.73244,0.18516546920844557
TLR8,0.108563,0.732382,0.18519019969623624
RPL32P3,-0.76372,0.732052,0.18533097051578595
USHBP1,-0.26569,0.731773,0.1854500693195549
PIK3C3,-0.15206,0.731565,0.18553890962188457
MRPL16,0.021978,0.731565,0.18553890962188457
LRRC4B,-0.17305,0.731441,0.1855918923571603
DDX11L1,-0.26665,0.731441,0.1855918923571603
CHMP4BP1,-0.36631,0.731341,0.18563463138995667
KLKB1,-0.16646,0.731245,0.185675670120916
DCTN2,0.058915,0.731245,0.185675670120916
C6orf163,-0.2848,0.730961,0.18579712949436797
AC146944.3,0.474834,0.730961,0.18579712949436797
EFNA1,0.082785,0.730961,0.18579712949436797
RADIL,-0.13541,0.730961,0.18579712949436797
RPS17P13,-0.32913,0.730961,0.18579712949436797
ANGPTL7,-0.57119,0.730961,0.18579712949436797
ATOX1,0.108925,0.730911,0.18581852141079677
SAPCD1,0.408363,0.730911,0.18581852141079677
MT-CO3,-0.25611,0.730818,0.18585831692659727
MRPS9,0.044661,0.730681,0.18591695595389854
GDAP2,-0.14032,0.729853,0.18627175226135323
CRYBB2P1,-0.27629,0.729816,0.1862876224801005
S1PR3,-0.22861,0.729788,0.1862996332741495
FEZF2,-2.26051,0.729788,0.1862996332741495
TRAPPC12,-0.20035,0.729655,0.18635669512199074
SLC25A10,0.111102,0.729642,0.1863622735334075
APPL2,-0.10473,0.729588,0.18638544718369726
ZNF131,-0.0093,0.729588,0.18638544718369726
ITSN1,-0.28237,0.729588,0.18638544718369726
EGFL7,0.185741,0.729532,0.18640948216098147
NANOS1,-0.20389,0.729532,0.18640948216098147
IGHV3-23,-1.03421,0.729506,0.1864206423111069
DTWD2,-0.18388,0.729506,0.1864206423111069
MTND1P21,-0.48205,0.729506,0.1864206423111069
TPH2,-0.24941,0.729506,0.1864206423111069
NONOP2,-0.2561,0.729367,0.1864803175258917
AC009299.1,-0.46575,0.729367,0.1864803175258917
HIST1H2BG,0.139964,0.729367,0.1864803175258917
CKS2,0.198182,0.729333,0.18649491724855025
AC084198.1,-0.43828,0.729296,0.1865108064807932
RNPS1,0.003146,0.729223,0.18654215947695782
TKTL1,0.251044,0.728983,0.18664527497314848
FCGR2C,-0.34695,0.728488,0.18685813073521135
ELMOD1,0.11297,0.728386,0.1869020220773769
LARP4B,-0.20295,0.728386,0.1869020220773769
XPR1,0.085344,0.728386,0.1869020220773769
OR5C1,-0.14475,0.728386,0.1869020220773769
AL353662.1,-0.42923,0.728386,0.1869020220773769
FAM180B,-0.41156,0.728363,0.18691192056911135
AKAP14,-0.30323,0.728363,0.18691192056911135
FTOP1,-0.26336,0.728328,0.18692698449717796
CD40LG,-0.17852,0.72811,0.18702083858365245
OBP2B,-0.23514,0.727606,0.18723800279220648
AC133041.1,-0.48589,0.726976,0.18750981269561776
SMIM29,0.093598,0.726816,0.18757890659032248
ZCWPW1,0.068593,0.726816,0.18757890659032248
THAP4,0.069894,0.726816,0.18757890659032248
OR7E121P,0.229613,0.726816,0.18757890659032248
AC005332.2,-0.3795,0.726816,0.18757890659032248
MCM5,0.062993,0.726479,0.18772451890329817
GINS3,-0.07241,0.726422,0.18774915886592022
GMFG,0.177134,0.726422,0.18774915886592022
RAET1G,0.202604,0.726374,0.18776991081658678
DDX49,0.043725,0.7259,0.18797495953155624
FBP1,-0.67613,0.725626,0.18809359191577052
C12orf54,0.290235,0.72523,0.18826517832648965
F12,0.181117,0.72523,0.18826517832648965
FCAR,-0.35501,0.72507,0.18833455055944567
ASXL1,-0.15925,0.72507,0.18833455055944567
CEP85L,-0.33862,0.724811,0.18844690104643091
PAPOLB,-0.0488,0.724811,0.18844690104643091
ARIH2OS,0.090281,0.724752,0.188472503771974
DYNLRB1,0.097571,0.724752,0.188472503771974
RTN4IP1,0.122483,0.724265,0.18868396764036813
MFSD13A,-0.23726,0.723548,0.18899573338390205
UBE4B,-0.14608,0.723501,0.18901618789233235
FAM157A,0.117483,0.723501,0.18901618789233235
PSMB8,0.429526,0.723495,0.1890187992655105
FOXO1,-0.21452,0.72287,0.18929101501193202
DUSP4,-0.31659,0.72287,0.18929101501193202
RGS2,0.223342,0.72287,0.18929101501193202
SEC11A,-0.03478,0.722806,0.18931891202225112
EPB41L1,-0.17736,0.722717,0.18935771313638622
TSTD1,0.114903,0.722664,0.18938082319561692
SLC14A2,-0.16735,0.722352,0.18951692450143948
PDRG1,0.059662,0.722352,0.18951692450143948
TET2,-0.18757,0.722352,0.18951692450143948
OR2C1,-0.07898,0.721684,0.189808649867845
GPR17,-0.22839,0.721236,0.19000454954575802
AC079601.2,-0.28964,0.721157,0.1900391153193202
SVOP,-0.30241,0.720865,0.1901669320039227
NUBP2,0.05163,0.720614,0.19027687053153175
HIST1H3C,0.228561,0.720614,0.19027687053153175
CNTN6,-0.09197,0.720595,0.19028519515865489
COMMD7,0.042533,0.720519,0.19031849730933728
ZNF605,-0.28793,0.720243,0.19043948572176095
KIF28P,-0.31942,0.720243,0.19043948572176095
ANGPT2,-0.21458,0.719739,0.19066061958313915
RPP14,-0.12296,0.719644,0.19070233031353684
AC108688.1,-0.404,0.71951,0.1907611799099448
ATP5MFP6,-0.54841,0.71951,0.1907611799099448
AC005105.1,-0.13671,0.718892,0.19103282583865175
RPS14P4,-0.3617,0.718493,0.19120841435112793
LRFN5,-0.27714,0.718478,0.1912150185698462
FAM46B,0.177086,0.718438,0.19123263093496576
FBXO24,-0.31245,0.718178,0.19134715085686188
KIF1C,0.015659,0.718174,0.19134891323736652
CCT8,0.068848,0.718174,0.19134891323736652
AC090589.1,-0.60453,0.718045,0.19140575871247145
AC084017.1,-0.13765,0.717946,0.1914493957625703
CACNA1S,0.033857,0.717812,0.19150847589889924
ZFP82,-0.18789,0.717787,0.19151950033024953
ATP10A,-0.33757,0.717755,0.191533612528443
IFNW1,-0.15133,0.717533,0.19163154453835923
EXOSC4,0.097026,0.717533,0.19163154453835923
METTL7A,-0.25321,0.717146,0.1918023835963628
KATNAL2,-0.30128,0.716336,0.192160446863888
C1orf112,-0.06777,0.716336,0.192160446863888
NLRP12,-0.18679,0.716336,0.192160446863888
HIKESHI,0.027037,0.716189,0.1922255003426385
C22orf42,0.096457,0.715703,0.19244073191609656
OR6Y1,-0.29274,0.715227,0.19265176845865759
MGMT,0.052687,0.715166,0.19267882978160025
ZNF517,-0.24655,0.714765,0.19285681936098079
TUNAR,-0.20305,0.714283,0.19307097955381552
KLHL10,-0.03061,0.714265,0.19307898184211728
TANK,-0.06026,0.714265,0.19307898184211728
EVA1C,0.081572,0.713919,0.1932328680858699
CST3,0.129499,0.713919,0.1932328680858699
SLC12A1,-0.2444,0.713919,0.1932328680858699
PPP5D1,-0.27567,0.713919,0.1932328680858699
KLHL18,0.11175,0.713754,0.19330629632870838
SHANK3,-0.25822,0.713654,0.193350811873184
AC111188.2,-0.15363,0.713554,0.1933953376689227
AKR1C3,0.078962,0.71351,0.19341493226725615
LTB4R,0.107931,0.713465,0.19343497425086761
VSIG10L,-0.2525,0.713465,0.19343497425086761
GLDC,-0.76743,0.713465,0.19343497425086761
ZBTB10,-0.20391,0.713225,0.1935418999099596
KRT7,-0.90657,0.712667,0.19379073058486948
AC013429.2,-0.25066,0.712541,0.1938469624171986
TBC1D16,-0.13104,0.712304,0.19395277602934505
PIGP,-0.03328,0.712304,0.19395277602934505
MRPS18A,0.069492,0.712247,0.19397823348785784
TMEM169,-0.1487,0.712124,0.1940331793891455
BMP8B,-0.17592,0.71209,0.194048370432593
NACA,0.088742,0.711502,0.19431127434429465
YDJC,0.044496,0.711238,0.19442942866896562
ZIK1,-0.13977,0.710937,0.1945642301590826
NCAPH2,0.006677,0.710859,0.1945991773515627
TRAPPC2,-0.13758,0.710474,0.1947717650878434
AL451074.3,-0.44241,0.710468,0.19477445597780838
WBP11P1,-0.03987,0.710295,0.19485205929659308
TMPRSS11BNL,-0.16065,0.710101,0.1949391194488287
TTYH1,-0.25857,0.709783,0.19508191044334092
PIGS,0.029656,0.709565,0.19517985903295532
KCNMB4,-0.34788,0.709565,0.19517985903295532
PRSS40A,-0.21375,0.709565,0.19517985903295532
TSSC4,0.0767,0.709353,0.19527515895687717
RPS23P6,-0.41763,0.709296,0.1953007899860353
RGS17P1,-0.43344,0.709127,0.19537680351512648
ANKK1,0.133439,0.708726,0.19555728538289466
FAM76A,-0.9157,0.708535,0.1956433091702887
HIST1H3H,0.16107,0.708453,0.1956802524579602
BAG6,0.538846,0.708453,0.1956802524579602
CDK2AP2,0.125761,0.707976,0.19589529262541688
AC104090.1,-0.19812,0.70784,0.19595664715050834
SERPINB8,0.151724,0.707764,0.19599094187209817
TMEM242,0.007925,0.707764,0.19599094187209817
CSPG4,-0.29139,0.707764,0.19599094187209817
SLC9A4,-0.24839,0.707764,0.19599094187209817
AC010186.2,-0.25595,0.707764,0.19599094187209817
AL589993.1,-0.1156,0.707764,0.19599094187209817
AC090543.1,-0.34611,0.707764,0.19599094187209817
PPIAP70,-0.29484,0.707414,0.1961489555729353
CDSN,-1.49947,0.707414,0.1961489555729353
AC079363.1,-0.29761,0.707414,0.1961489555729353
RTP3,-0.10754,0.707414,0.1961489555729353
LMAN2,0.0689,0.707414,0.1961489555729353
TRMT44,-0.29692,0.707316,0.19619322223399605
FOXC1,-0.45973,0.707288,0.19620587168624995
TMEM74B,0.171093,0.707238,0.1962284620223944
CRISPLD1,-0.39649,0.70723,0.19623207671753867
PTTG1IP,0.048737,0.70723,0.19623207671753867
C9orf152,-0.24121,0.706647,0.196495676942203
VDAC3,0.041468,0.706634,0.19650155885445134
SOD3,-0.36237,0.706634,0.19650155885445134
UGT2A1,-0.4955,0.706634,0.19650155885445134
GUSBP3,-0.39623,0.706567,0.19653187611749312
RPS27,0.100959,0.706481,0.19657079766870297
MRPL15,0.08735,0.706481,0.19657079766870297
NSUN7,-0.36369,0.706481,0.19657079766870297
EML5,-0.12689,0.706427,0.19659524072166634
EML3,0.073611,0.706179,0.19670753674455577
HPGD,0.176296,0.706179,0.19670753674455577
PWP2,-0.48456,0.706037,0.19677186414998857
ADAMTS2,-0.36491,0.705845,0.1968588755028052
ADPRH,0.071683,0.705332,0.19709154774715754
NCBP2,0.027258,0.705055,0.19721729600158733
MTND1P10,-0.30729,0.704932,0.19727315939349205
PIWIL1,0.051119,0.704932,0.19727315939349205
RPS3AP12,-0.29224,0.704506,0.1974667598179829
IFNGR2,0.13227,0.704506,0.1974667598179829
NUDT16L1,0.042732,0.704426,0.19750313788982574
VMA21,0.071884,0.704426,0.19750313788982574
HOXA4,-0.10302,0.704426,0.19750313788982574
CHMP1B,0.06466,0.704426,0.19750313788982574
NCOA2,-0.15867,0.704426,0.19750313788982574
RPL11P3,-0.43825,0.704019,0.1976883151328149
GRK3,-0.18572,0.703771,0.19780123552437484
N4BP3,-0.18569,0.703758,0.1978071565172846
SVIL-AS1,-0.0975,0.703758,0.1978071565172846
ABHD17A,0.020279,0.703758,0.1978071565172846
DCAF13,0.076055,0.703758,0.1978071565172846
AAGAB,0.026065,0.703474,0.19793655167863908
CDH6,-0.20455,0.703392,0.19797392799884334
ARHGEF7,-0.21855,0.703392,0.19797392799884334
WDR31,-0.09443,0.702871,0.19821156930899522
SERPINA11,-0.21304,0.702635,0.19831930874481277
RPL21P90,-0.25305,0.702609,0.19833118192439947
RNF133,-0.10617,0.702225,0.1985066224530072
POLA1,-0.16437,0.702102,0.19856285105704247
BSPRY,0.066485,0.702026,0.19859760189501655
ARMC10,0.056442,0.702026,0.19859760189501655
AL138709.1,-0.1682,0.701932,0.1986405916077569
NIPSNAP3A,0.107399,0.701823,0.19869045303294555
KRTAP8-1,-0.37395,0.701635,0.19877648196691405
MTCO1P40,0.064566,0.701572,0.19880531914361071
CHRNE,0.227584,0.701463,0.19885522191759739
RPRM,0.220122,0.701345,0.19890925922458813
AP1M1,-0.00645,0.701302,0.19892895443588632
OR7A5,-0.19906,0.701298,0.19893078664770414
BNIP3P5,-0.33866,0.701025,0.19905587499164726
TACC2,-0.14498,0.700993,0.19907054251090572
HIST1H2AD,0.195432,0.700911,0.19910813296237628
C3orf62,-0.17585,0.700911,0.19910813296237628
COQ10B,0.057154,0.700891,0.19911730244188675
DACH1,-0.32144,0.700891,0.19911730244188675
IGKV2-30,-0.6672,0.700234,0.1994187547404346
MPP4,-0.29782,0.700053,0.19950188339790853
DCTN4,-0.0431,0.699785,0.1996250325680473
PER3,-0.33069,0.699194,0.1998968727818455
LDHAP3,0.113154,0.699085,0.19994704955028433
NEDD4,-0.35475,0.699044,0.19996592664024845
IGHV3-20,-0.50039,0.698922,0.20002210803552622
ZNF189,-0.194,0.698787,0.20008429437007635
CCDC73,-0.14653,0.698787,0.20008429437007635
RBM34,0.036937,0.698787,0.20008429437007635
KRTAP10-10,-0.14994,0.698787,0.20008429437007635
RPS5P2,-0.24161,0.698787,0.20008429437007635
FAU,0.06192,0.698787,0.20008429437007635
LAMA3,-0.0038,0.698787,0.20008429437007635
LILRB3,0.271802,0.698762,0.20009581247943
NBPF1,-0.24555,0.698563,0.20018752027810605
TNS2,-0.33604,0.698563,0.20018752027810605
IGLV3-21,-0.98729,0.698563,0.20018752027810605
ADAMTS15,-0.40509,0.698563,0.20018752027810605
AC092474.1,-0.37632,0.698563,0.20018752027810605
RNF144B,0.075756,0.698563,0.20018752027810605
APOBR,-0.17668,0.698563,0.20018752027810605
PSG8,-0.12493,0.698213,0.20034891738471927
MASTL,0.046869,0.698167,0.20037013924840394
GRIA2,-0.42657,0.698167,0.20037013924840394
WDR49,-0.09461,0.697852,0.20051552329474454
SMNDC1,-0.17642,0.697714,0.2005792485783473
LSM12,0.021826,0.697714,0.2005792485783473
SLC24A1,-0.24001,0.697643,0.2006120426648505
HLA-C,0.851298,0.697643,0.2006120426648505
TMEM259,0.086856,0.697424,0.20071323003485073
AC016831.3,-0.0964,0.69726,0.20078903847128765
AL773545.3,-0.40301,0.697147,0.20084128899327056
HS3ST4,-1.68781,0.697147,0.20084128899327056
BRD3,-0.21172,0.697147,0.20084128899327056
RDM1,-0.20443,0.696568,0.20110922851917523
WBP4,0.0469,0.696568,0.20110922851917523
CLIC2,0.2038,0.696568,0.20110922851917523
RPL21P99,-0.29194,0.696568,0.20110922851917523
ATG4D,0.075229,0.696358,0.20120649696745915
UEVLD,0.069584,0.695848,0.2014429162471157
TPMT,0.061162,0.69563,0.2015440586313038
MAPK15,-0.33884,0.69563,0.2015440586313038
FRMD4A,-0.17819,0.69563,0.2015440586313038
CHCHD4P3,0.4861,0.69563,0.2015440586313038
HCN2,-0.12999,0.695581,0.2015667994590699
AKAP17BP,-0.09583,0.695214,0.20173720521723137
SMURF2,-0.20321,0.695118,0.20178180378608357
NUDT19P5,-0.24653,0.695088,0.20179574286071966
LINC00888,-0.13692,0.69492,0.2018738194751514
CD160,-0.16647,0.69492,0.2018738194751514
SPRED3,-0.38413,0.69492,0.2018738194751514
TSPAN18,-0.39062,0.694351,0.2021384820212425
RPL3L,-0.25439,0.694293,0.20216547940516633
LMO7,0.025057,0.694242,0.20218922146335483
AL354822.1,-0.37597,0.694196,0.2022106382603728
AC079866.1,-0.15039,0.694074,0.20226745031824866
QTRT1,0.091116,0.693966,0.20231775627872947
ADSL,0.040504,0.693966,0.20231775627872947
RGPD8,-0.27539,0.693662,0.20245942542644077
AC008277.2,-0.33239,0.693628,0.20247527616876068
ZNF702P,-0.27797,0.693579,0.20249812206862758
FKBPL,1.049614,0.693579,0.20249812206862758
SLC26A2,-0.3067,0.693579,0.20249812206862758
FRA10AC1,-0.31721,0.693579,0.20249812206862758
RPL7L1,0.026436,0.693579,0.20249812206862758
BHMT,-0.25826,0.693579,0.20249812206862758
PDE6D,0.023369,0.693549,0.2025121106264867
WDR5B,-0.1683,0.693314,0.2026217211006005
TUBAL3,-0.13534,0.693038,0.202750530862684
AC005042.1,-0.35894,0.693007,0.20276500374006465
ADGRD1,-0.22434,0.69296,0.20278694846021314
FAM89B,0.059576,0.692511,0.20299671033166314
IGHV3-43,-0.39402,0.692433,0.2030331721473987
CDK14,-0.39451,0.69235,0.20307197845141775
AC107918.3,-0.24544,0.69235,0.20307197845141775
AC108161.1,-0.38842,0.69235,0.20307197845141775
SMC2,0.033144,0.692323,0.20308460378765145
TAF9BP1,-0.33506,0.69218,0.203151484398051
IFT20,0.079563,0.69218,0.203151484398051
XPOTP1,-0.08725,0.69218,0.203151484398051
AC066692.1,-0.39398,0.69218,0.203151484398051
CCL22,-0.31741,0.69218,0.203151484398051
AC005104.2,-0.30471,0.69218,0.203151484398051
CNTF,0.238144,0.691919,0.20327360999584737
UROS,0.013892,0.691919,0.20327360999584737
FBXO36,0.040317,0.691919,0.20327360999584737
HNRNPA1P14,-0.28639,0.691896,0.20328437554094958
AC040162.1,-0.07353,0.691823,0.20331854822170148
AL359955.1,-0.168,0.691823,0.20331854822170148
MEOX1,0.159966,0.691823,0.20331854822170148
OR52K1,-0.24674,0.691823,0.20331854822170148
AC063955.1,-0.14581,0.691823,0.20331854822170148
DIP2C,-0.19649,0.691823,0.20331854822170148
AC245100.4,-0.3096,0.691823,0.20331854822170148
CCDC88A,-0.32577,0.691809,0.20332510254295977
SLC7A11,0.191113,0.691797,0.2033307207007789
HNRNPUL1,-0.15202,0.691489,0.20347497322262506
KRT18P31,-0.32625,0.691397,0.20351808148493705
TPPP,-0.4641,0.691207,0.2036071383274182
GPR160,-0.32067,0.691184,0.20361792153646754
CEBPG,0.041085,0.690618,0.2038834622700014
AL512590.2,-0.28019,0.690584,0.20389942450152962
LEAP2,-0.21226,0.690584,0.20389942450152962
ASRGL1,-0.20735,0.690574,0.203904119513336
PCP4,0.422554,0.6905,0.20393886596086144
RPS4XP16,-0.24518,0.690379,0.20399569385469293
SNF8,0.029813,0.690379,0.20399569385469293
ADAM20P1,-0.14841,0.690327,0.20402012062409897
MFAP1P1,-0.08733,0.690327,0.20402012062409897
DOCK8,-0.28658,0.690321,0.2040229392857001
NAP1L2,0.147997,0.690273,0.2040454899804487
RBM8B,0.201091,0.690273,0.2040454899804487
CCDC107,0.094227,0.690273,0.2040454899804487
BORCS6,0.059383,0.690129,0.20411315702099245
IGLC1,-1.22439,0.689929,0.20420717625058657
MRTO4,-2.6e-05,0.689929,0.20420717625058657
UBC,0.072378,0.689767,0.20428336357214077
DDX47,0.01699,0.689413,0.20444994591381904
MAPKBP1,-0.82692,0.689413,0.20444994591381904
PDZRN3,-0.4011,0.688951,0.20466755432834322
WHAMMP3,-0.27591,0.688823,0.2047278850694039
ADRA2C,0.247106,0.688649,0.20480992569055884
MSH6,-0.10609,0.688463,0.20489766064122975
NDUFAF2,0.080656,0.688463,0.20489766064122975
GRHPR,0.023635,0.688463,0.20489766064122975
TEX13C,-0.03788,0.688463,0.20489766064122975
GPATCH2L,-0.02836,0.688348,0.20495192416971314
AKAP17A,0.081824,0.687867,0.2051790430755475
AL449283.1,-0.26084,0.687843,0.20519038200179424
NEDD1,0.007586,0.687843,0.20519038200179424
GPR15,0.218752,0.687843,0.20519038200179424
PROSER2,-0.29131,0.687827,0.20519794163408414
HOXC12,0.177646,0.687822,0.205200304076291
EBF1,-1.11246,0.687474,0.2053647968956186
PIGN,-0.25059,0.687454,0.20537425451178573
AC103810.7,-0.8964,0.687454,0.20537425451178573
PRPF39,0.113462,0.687454,0.20537425451178573
SPCS1,0.067552,0.687313,0.20544094306616922
DEPDC5,-0.15291,0.687131,0.20552705534451118
TRMT2A,0.121504,0.68711,0.205536993699001
DFFB,-0.14343,0.687017,0.20558101218875235
AC016769.1,-0.21884,0.687017,0.20558101218875235
ENDOU,0.128072,0.687017,0.20558101218875235
SERINC2,0.150589,0.687017,0.20558101218875235
DECR2,0.037686,0.687017,0.20558101218875235
FZD7,-0.24153,0.687017,0.20558101218875235
AC114801.2,-0.21826,0.687012,0.20558337904124738
ELF3,0.441011,0.686905,0.20563403621632495
NSUN2,-0.02767,0.686824,0.20567239247229346
LAMB1,-0.293,0.686824,0.20567239247229346
PRR4,-0.46984,0.686619,0.2057694989169794
IQCN,-0.3886,0.686619,0.2057694989169794
SYCP1,-0.42879,0.686619,0.2057694989169794
PCLO,-0.31737,0.686619,0.2057694989169794
ZNFX1,0.042671,0.686619,0.2057694989169794
TMEM123,0.119193,0.686474,0.2058382116452825
TMEM232,-0.2767,0.686241,0.20594867395374047
INSM2,-0.07184,0.685894,0.2061132920879418
GRB14,-0.3014,0.68546,0.20631936857208907
CYSLTR2,-0.32302,0.684606,0.20672547571603983
AC091948.2,-0.53426,0.684606,0.20672547571603983
AC000089.1,-0.26094,0.684606,0.20672547571603983
SETBP1,-0.11383,0.684541,0.20675641822645158
PPP2R3C,0.076791,0.684541,0.20675641822645158
AC092851.1,-0.44687,0.684521,0.20676593993062498
IL1RN,0.071605,0.684521,0.20676593993062498
YPEL1,-0.21453,0.684521,0.20676593993062498
SNX12,0.002523,0.684421,0.2068135550294078
SLC35E2,-0.37445,0.684384,0.20683117539491344
RELT,0.026924,0.684302,0.20687023128516827
C19orf54,-0.2178,0.684185,0.20692597014128022
POTEB3,0.039918,0.683642,0.20718485225541952
POTEB3,0.039918,0.683642,0.20718485225541952
TRIM10,0.097926,0.683642,0.20718485225541952
CUTC,0.056144,0.683642,0.20718485225541952
ERBB4,-0.32309,0.683492,0.207256423727508
SCN1B,-0.13885,0.682901,0.2075386560197829
KRTAP10-7,-0.20621,0.682664,0.20765194340164145
EEF1A1P7,-0.09934,0.682574,0.20769498012504145
TOMM5,0.090785,0.682574,0.20769498012504145
AL606517.2,-0.68707,0.682277,0.20783706460644524
ACTL8,0.05061,0.682277,0.20783706460644524
YRDC,0.054475,0.682143,0.20790120187918118
GAPDHP49,0.18805,0.68205,0.20794572669566078
L1CAM,-0.27942,0.68205,0.20794572669566078
AC106047.2,-0.29544,0.68205,0.20794572669566078
DNAJC12,-0.26422,0.68205,0.20794572669566078
AC243922.1,-0.2506,0.68205,0.20794572669566078
NCAM2,0.005652,0.682038,0.20795147252780732
PDE5A,-0.34095,0.682011,0.2079644012306297
THADA,-0.25676,0.681817,0.20805731999420904
AC079250.1,-0.27221,0.681659,0.20813302677475115
ZNF320,-0.25324,0.681604,0.20815938686413016
FKBP8,0.037913,0.681604,0.20815938686413016
PPP1R14C,0.08319,0.681135,0.2083843021915425
RFC2,0.068979,0.681135,0.2083843021915425
PLA1A,0.059462,0.681135,0.2083843021915425
DEPDC1B,0.026627,0.680988,0.20845484805046294
MTCO2P19,-0.35404,0.680509,0.2086848877142187
A1BG,-0.23991,0.680196,0.20883534302969206
IFNAR1,0.006064,0.679891,0.2089820571915568
ST3GAL1P1,-0.20189,0.679768,0.2090412530470859
NOTO,-0.11648,0.679667,0.20908987356306877
SPDYE16,-0.24369,0.679529,0.20915632383720376
EREG,0.17561,0.679483,0.20917847862122357
IGHV2-5,-0.57256,0.67942,0.2092088248507646
OR4K16P,-0.19071,0.67942,0.2092088248507646
PLCB4,-0.36022,0.67942,0.2092088248507646
DACT1,-0.1633,0.67942,0.2092088248507646
HARBI1,0.040312,0.679387,0.20922472225174846
BCHE,0.165324,0.679134,0.2093466424656716
COA3,0.083234,0.679134,0.2093466424656716
C21orf33,-0.53117,0.679134,0.2093466424656716
C12orf50,-0.40217,0.679072,0.2093765309834764
LRIT2,-0.232,0.678998,0.2094122099617346
OR52I2,-0.05125,0.678998,0.2094122099617346
ADGRV1,-0.22824,0.678912,0.20945368235906284
SLC2A10,-0.39244,0.67872,0.2095463015367751
MRPS6,0.098428,0.678311,0.20974373624977044
ZNF708,-0.18617,0.678102,0.20984469767646627
NLK,-0.2206,0.678101,0.20984518086229528
ENDOG,0.129558,0.677618,0.21007868971059132
KLC2,-0.31257,0.677618,0.21007868971059132
FBXL13,-0.30249,0.677563,0.21010529621856944
KCNN1,-0.0553,0.677539,0.2101169073871477
ZBED6CL,0.121736,0.677539,0.2101169073871477
SLC28A2,-0.21341,0.677411,0.21017884445760154
LPCAT2,0.061386,0.67716,0.21030035219004875
MRPL2,0.030296,0.676943,0.21040545732328111
EMC8,-0.00585,0.676429,0.21065462564846463
EFTUD2,-0.03653,0.676429,0.21065462564846463
TTC4,0.112169,0.676429,0.21065462564846463
MTCO1P19,-0.28223,0.676429,0.21065462564846463
TESPA1,-0.36087,0.676429,0.21065462564846463
PSMD10,0.063071,0.676338,0.21069876984145697
EIF5AP2,-0.12906,0.675412,0.21114849973662558
AC120114.5,0.222871,0.675412,0.21114849973662558
DYNC1LI1,0.037353,0.675412,0.21114849973662558
CHMP4C,0.110247,0.675412,0.21114849973662558
MB,-0.25456,0.675412,0.21114849973662558
IFITM10,0.390702,0.675412,0.21114849973662558
FZD4,-0.26514,0.675412,0.21114849973662558
OR2AG1,-0.07992,0.674901,0.2113970877100766
SCAND2P,-0.21394,0.674442,0.21162062855826164
DMRTC1B,0.178736,0.674442,0.21162062855826164
TNFRSF6B,0.293301,0.674387,0.21164743035310254
SSSCA1,0.076899,0.674387,0.21164743035310254
ZSCAN32,0.034099,0.67411,0.21178246554474656
TRMT9B,-0.18242,0.673863,0.21190294864877576
TRIM15,0.163421,0.673863,0.21190294864877576
MTF1,-0.01044,0.673824,0.21192197856147194
NEXMIF,-0.14999,0.673182,0.2122354859325801
MECOM,-0.15731,0.673104,0.21227360719655508
SMCO3,-0.13397,0.672798,0.21242322598172433
UBE2Z,0.001748,0.672487,0.21257539757471638
NXT1,0.064872,0.672468,0.2125846977640427
MANSC4,-0.14481,0.672468,0.2125846977640427
MAGEF1,0.074449,0.672312,0.21266107259981396
MRFAP1L1,0.037994,0.671979,0.21282419531167976
DAAM1,-0.225,0.671979,0.21282419531167976
DHX33,-0.16633,0.671979,0.21282419531167976
POLHP1,-0.39439,0.671979,0.21282419531167976
KCND2,-0.22638,0.671943,0.21284183769238907
HINT2P1,-0.2476,0.671664,0.21297861573974183
CDC45,0.122038,0.671377,0.21311940745285538
EIF2S2P4,0.274898,0.670954,0.21332708549134244
TUBE1,-0.47847,0.670954,0.21332708549134244
SRSF7,0.113135,0.670588,0.21350694184603858
PDE3A,-0.15146,0.670588,0.21350694184603858
METTL24,-0.30812,0.670588,0.21350694184603858
ACTR1A,-0.00015,0.670257,0.21366972939829773
MTND2P41,-0.28785,0.670157,0.21371893433638184
ATAD3B,0.26875,0.669961,0.21381540888687833
FAM204CP,-0.18804,0.669459,0.21406270052418794
C4BPAP1,-0.04276,0.669346,0.21411840519773293
AC015911.7,-0.15539,0.668931,0.21432310871361038
NFU1,0.101774,0.668931,0.21432310871361038
S1PR1,0.164111,0.66865,0.21446182629759472
PMCH,-0.24386,0.668451,0.21456011831953206
PAQR8,-0.18546,0.668451,0.21456011831953206
ZNF778,-0.02081,0.668451,0.21456011831953206
ACVR1C,-0.10394,0.668002,0.2147820583028445
UIMC1,0.012088,0.667688,0.2149374043998285
PPP1R35,0.066284,0.667688,0.2149374043998285
TLN1,-0.15054,0.667688,0.2149374043998285
LAPTM5,0.128225,0.667688,0.2149374043998285
DGCR5,-0.17299,0.667688,0.2149374043998285
SBK1,-0.13069,0.667688,0.2149374043998285
AC092718.8,-0.12408,0.667688,0.2149374043998285
ZBTB41,-0.21388,0.667688,0.2149374043998285
GRK2,-0.0582,0.667688,0.2149374043998285
ARL16,0.135736,0.667688,0.2149374043998285
ACTG1P17,-0.30709,0.667473,0.21504383675023975
TM4SF20,-0.18191,0.667376,0.21509187231751578
GATC,0.0043,0.667037,0.2152598334901076
AC022022.1,-0.80092,0.666651,0.21545124101511906
TMPRSS15,-0.25284,0.666541,0.21550581835636184
C2orf69,0.085619,0.666237,0.2156567221928562
MRPL3,-0.01748,0.666161,0.21569446465964215
REXO2,0.014351,0.666161,0.21569446465964215
SAXO2,-0.48897,0.665682,0.21593249357855832
AC006994.1,-0.33976,0.665682,0.21593249357855832
CDSN,1.967509,0.665682,0.21593249357855832
SEPT11,-0.44257,0.665557,0.21599465289117425
PPP1R16B,-0.06076,0.665557,0.21599465289117425
AL451074.4,-0.36537,0.665557,0.21599465289117425
UBL3,0.131415,0.665557,0.21599465289117425
NANOGP5,-0.27664,0.665112,0.21621608531743047
TCF12,-0.24303,0.665112,0.21621608531743047
FP700111.2,-0.12999,0.665112,0.21621608531743047
TANC2,-0.24492,0.665112,0.21621608531743047
AC010469.2,-0.25191,0.665021,0.21626139495432511
TMEM211,-0.18479,0.664993,0.21627533829119833
LAMB3,0.076088,0.664693,0.21642478761420253
HEATR5B,-0.22608,0.664363,0.21658930115095174
EEF1A1P3,-0.3567,0.664363,0.21658930115095174
RNF165,-0.09632,0.664363,0.21658930115095174
NEK4P1,0.128784,0.664341,0.21660027316536828
AC013452.1,-0.28366,0.664341,0.21660027316536828
GFRA2,0.069667,0.664214,0.21666362247861945
COX16,0.055766,0.663989,0.2167759010069759
FAM151B,-0.30696,0.663732,0.21690421922455788
AC106872.5,-0.2457,0.663675,0.21693268919686348
ALS2CR12,-0.34279,0.663492,0.21702411805200747
PUS3,0.061683,0.663492,0.21702411805200747
AL353662.2,-0.30305,0.663273,0.21713358356285412
ATP6V0A4,-0.50522,0.663251,0.2171445831496135
DNAH6,-0.18233,0.662873,0.21733366310982663
RAB3GAP2,-0.19643,0.662808,0.21736619344557895
NPM1P26,-0.34011,0.662772,0.2173842123420323
PCDHGB9P,-0.20524,0.662772,0.2173842123420323
CRB2,-0.08297,0.662772,0.2173842123420323
DNAAF1,-0.20812,0.662772,0.2173842123420323
PARM1,-0.26398,0.662735,0.21740273331990576
ARRB2,-0.0338,0.662735,0.21740273331990576
MPZL3,0.087942,0.662712,0.21741424715552343
DHX38,0.029436,0.662474,0.21753342613196133
NPM1,0.106342,0.662387,0.21757700785957712
GJA6P,-0.12618,0.662205,0.21766820707031856
PALB2,-0.04246,0.662129,0.2177063015706531
RABAC1,0.090665,0.66185,0.2178462056569365
LAMA5,-0.07351,0.661717,0.21791292992698216
TAX1BP3,0.037512,0.661717,0.21791292992698216
SIDT2,-0.18454,0.661717,0.21791292992698216
KBTBD3,-0.18497,0.661717,0.21791292992698216
EIF3M,0.084711,0.661596,0.21797365171626962
BICC1,-0.3928,0.661489,0.2180273619407478
RRM2,0.168452,0.661452,0.21804593771450245
AC083822.1,-0.60876,0.661383,0.21808058325012078
NUMB,-0.15966,0.66067,0.21843890961791587
BDH1,0.044557,0.660631,0.218458526491612
NCOA4P3,-0.15776,0.660595,0.2184766359386507
TNFRSF13C,-0.61771,0.66054,0.2185043060481946
IGHV3-33,-0.77177,0.66054,0.2185043060481946
SF3A2,-0.18065,0.66054,0.2185043060481946
SLC39A1,0.042918,0.660511,0.21851889715332748
AL161636.2,-0.22188,0.660511,0.21851889715332748
AVIL,-0.33462,0.660511,0.21851889715332748
SLC30A3,-0.14765,0.660511,0.21851889715332748
EPS15P1,-0.1994,0.660511,0.21851889715332748
HIST1H2BO,0.195451,0.660511,0.21851889715332748
NELFE,0.174018,0.660511,0.21851889715332748
CETN4P,-0.15939,0.66049,0.21852946373425272
RAP1A,-0.1391,0.660295,0.2186276063895179
RBMS1P1,-0.18452,0.660295,0.2186276063895179
IL7,-0.28464,0.660204,0.21867342137801007
ZNF330,0.010099,0.660066,0.21874291737295706
FILIP1,-0.16002,0.660029,0.21876155411151776
CDKN3,0.182459,0.660029,0.21876155411151776
SSH1,-0.17718,0.659952,0.2188003437662938
TRIM69,0.321971,0.659832,0.21886080888866227
CYP4V2,-0.24168,0.659803,0.21887542380005556
HLA-DRB1,-1.49335,0.659584,0.2189858230971158
DNAJC5,0.01852,0.659485,0.21903574790291944
YES1P1,-0.25007,0.659455,0.21905087887895744
ZNF192P1,-0.14618,0.659455,0.21905087887895744
FAM103A2P,0.333477,0.659455,0.21905087887895744
AL353807.4,-0.49872,0.659308,0.21912503577194448
MRPL37P1,-0.21502,0.659283,0.21913764998602903
CCDC148,-0.23376,0.65921,0.21917448764723033
AC119396.1,-0.13856,0.65921,0.21917448764723033
GUSBP9,-0.38815,0.65921,0.21917448764723033
CFAP43,-0.15482,0.659133,0.2192133505212215
SIGLEC8,-0.17095,0.658962,0.2192996810303013
GUSBP6,-0.08442,0.658729,0.21941736738609055
AL353743.1,-0.22137,0.658729,0.21941736738609055
ADAM7,0.048944,0.658729,0.21941736738609055
MDH1,0.002789,0.658729,0.21941736738609055
HIST1H2BC,0.13582,0.658472,0.2195472491919496
GRIN2B,-0.3899,0.658327,0.21962056273240538
BNIP3P8,-0.31065,0.658118,0.21972627842976855
FBXW10,-0.28844,0.657704,0.219935836816431
DPRXP1,-0.32623,0.657704,0.219935836816431
FCGR1A,0.207591,0.657704,0.219935836816431
CTSF,-0.18195,0.657704,0.219935836816431
ZNF701,-0.14692,0.657704,0.219935836816431
NDUFAF1,0.110686,0.657629,0.2199738216696576
HADH,-0.17732,0.657579,0.21999914854969332
KRT127P,0.28807,0.657579,0.21999914854969332
PIM1,0.066565,0.657251,0.22016536520643823
FBRSL1,-0.2388,0.657251,0.22016536520643823
UBE3B,-0.09619,0.657201,0.22019071414000801
SLCO1B7,-0.34338,0.656935,0.22032561953942967
TMEM97,-0.45011,0.656858,0.22036468652610822
PCDH19,-0.48128,0.656858,0.22036468652610822
RPS29P21,-0.68511,0.656858,0.22036468652610822
CRHR2,0.01487,0.656712,0.2204387806123537
AVPI1,0.115646,0.656567,0.22051239186241456
AC018755.3,-0.24159,0.656551,0.22052051598880676
AC109458.1,-0.48037,0.656551,0.22052051598880676
RARS2,-0.04668,0.656375,0.22060990113596674
IGHG4,0.072234,0.656375,0.22060990113596674
MAN2B1,0.024786,0.656375,0.22060990113596674
PRICKLE4,-0.27044,0.656375,0.22060990113596674
PGAP1,-0.26553,0.656375,0.22060990113596674
OTUD5,0.027784,0.656375,0.22060990113596674
CDV3,0.057963,0.656332,0.22063174505934305
PABPC5,-0.13579,0.656166,0.22071609305740456
ACTR10,0.00641,0.656166,0.22071609305740456
ZNF814,-0.21464,0.656082,0.22075878746338182
ZNF716,-0.08266,0.656082,0.22075878746338182
TXNIP,0.090542,0.655964,0.22081877688812032
RBM33,-0.24487,0.655964,0.22081877688812032
CEP68,-0.16332,0.655694,0.2209561021575754
ADGRF4,0.063361,0.655193,0.22121114312004217
AL359885.1,-0.29297,0.655193,0.22121114312004217
PUS7,-0.09251,0.655193,0.22121114312004217
GPR78,-0.08008,0.655193,0.22121114312004217
ASNS,-0.02324,0.655193,0.22121114312004217
KIF22,0.018779,0.655193,0.22121114312004217
AC121758.1,-0.17487,0.65513,0.22124323496892842
SHANK3,0.171233,0.654944,0.221338009498243
AC087639.1,-0.1326,0.654486,0.2215715521391036
AC026111.1,-0.36126,0.654274,0.22167973826121026
GIMAP1,0.102755,0.654035,0.22180176614930894
RAB1A,0.038302,0.654035,0.22180176614930894
PER2,-0.29525,0.654035,0.22180176614930894
CLMN,-0.15585,0.654035,0.22180176614930894
AC097493.1,-0.34709,0.653994,0.22182270655279693
CDKL1,-0.99153,0.653937,0.2218518221058963
RYR2,0.047155,0.653821,0.2219110866133335
HLA-DPA1,0.412721,0.653821,0.2219110866133335
KRT17P6,-0.10063,0.653821,0.2219110866133335
AC027455.2,-0.42767,0.653821,0.2219110866133335
KNG1,-0.05056,0.653737,0.22195401217390992
USP44,-0.22031,0.653737,0.22195401217390992
CALHM3,-0.06283,0.653737,0.22195401217390992
ABCA6,-0.4399,0.653737,0.22195401217390992
KCNH5,-0.24191,0.653737,0.22195401217390992
CCDC58,-1.19064,0.653737,0.22195401217390992
KCNJ14,-0.21096,0.653737,0.22195401217390992
PCDHGA12,-0.2455,0.653737,0.22195401217390992
GALK2,-0.16711,0.653737,0.22195401217390992
AC019227.1,-0.4251,0.653737,0.22195401217390992
AC087283.1,-0.22216,0.653737,0.22195401217390992
NDUFB11,0.067891,0.653737,0.22195401217390992
DRD4,-0.25012,0.653737,0.22195401217390992
TMEM196,-0.06649,0.653713,0.2219662781448224
SEMA4G,-0.11455,0.653674,0.22198621179332292
BICD2,0.000946,0.653674,0.22198621179332292
C19orf44,-0.23348,0.653674,0.22198621179332292
SMU1,0.01978,0.653674,0.22198621179332292
STX5,-0.01022,0.653674,0.22198621179332292
POLR2D,-0.06174,0.653427,0.22211249981145392
MTCO1P31,-0.24555,0.653395,0.22212886626820216
RAMP2,0.201447,0.653284,0.222185646762467
CD209,0.285267,0.653284,0.222185646762467
TMOD2,-0.19518,0.653195,0.22223118394914915
RASAL2,-0.30563,0.653168,0.22224500044633583
ANKRD33B,-0.23778,0.653098,0.22228082499512722
AL023284.2,-0.24361,0.652993,0.22233457264616838
ABCB4,-0.16336,0.652993,0.22233457264616838
SSU72,0.023535,0.652993,0.22233457264616838
CHRM3,-0.32861,0.652993,0.22233457264616838
ACTR3BP4,-0.10981,0.652655,0.2225076771629322
ST6GALNAC6,0.019412,0.652653,0.22250870185101265
PRDM11,-0.09075,0.652569,0.22255174301180305
TMEM132E,-0.10372,0.652449,0.22261324482730704
AC007424.1,-0.29661,0.652443,0.22261632036418627
RNF31,0.026604,0.65234,0.22266912370665945
PIP5K1B,-0.30905,0.65234,0.22266912370665945
QPRT,-0.2028,0.65221,0.22273578658210225
SF3A1,-0.16257,0.65221,0.22273578658210225
HIST1H1A,0.210875,0.65221,0.22273578658210225
UNC93B2,-0.13545,0.652042,0.2228219650905414
MEGF11,-0.33357,0.651958,0.22286506684767404
GPR19,-0.2433,0.651957,0.22286558001404555
GAS2,-0.34326,0.651957,0.22286558001404555
VWA2,-0.21903,0.651957,0.22286558001404555
LY6G6F,-0.11567,0.651957,0.22286558001404555
SULT1E1,0.287156,0.65158,0.22305912795369492
ERCC4,-0.43809,0.651435,0.22313361421786568
TRIR,0.063884,0.651435,0.22313361421786568
GTF3C3,-0.02047,0.651435,0.22313361421786568
CAMKK2,-0.14426,0.65117,0.22326980856098458
KRT4,-0.46797,0.651169,0.22327032265930938
PIWIL1,0.104173,0.650873,0.22342254780843007
CYP17A1,-0.24673,0.650687,0.2235182558955487
WASHC2C,0.038277,0.65066,0.22353215241222504
FAM167A,0.115458,0.650501,0.2236140049813849
LARP1P1,-0.43827,0.650501,0.2236140049813849
SETD1A,-0.11274,0.650472,0.223628937297891
NSG1,0.039308,0.65033,0.22370206855434488
AC013474.1,-0.21066,0.65033,0.22370206855434488
MINPP1,0.111483,0.650065,0.22383860986564794
MTHFD2,0.165163,0.650065,0.22383860986564794
RCAN1,0.143031,0.650003,0.2238705674083989
INAFM2,-0.00063,0.649907,0.2239200590572189
SNRPCP19,-0.32912,0.649766,0.22399276975346216
NSMCE3,0.052311,0.649704,0.22402474930569222
ITGB3BP,-0.34679,0.6493,0.22423324402965747
WDR20,-0.06294,0.649247,0.22426061045410978
AL139400.1,-0.22692,0.649068,0.2243530613710176
FAM86C1,-0.19624,0.648819,0.22448172966472535
COG3,-0.04932,0.64851,0.2246415049778284
MEST,-0.37817,0.64851,0.2246415049778284
AL157398.1,-0.70138,0.647964,0.22492410445888283
TRABD,0.05754,0.647872,0.224971756939882
WNT2B,-0.22912,0.647818,0.22499973157617267
OR8G1,-0.14748,0.647818,0.22499973157617267
GPR18,-0.41075,0.647818,0.22499973157617267
FGF10,-0.17288,0.647818,0.22499973157617267
KRTAP5-4,-0.28387,0.647766,0.225026673402521
HAVCR1P1,-0.2817,0.647739,0.22504066370012346
TPPP2,0.259582,0.647739,0.22504066370012346
AL355916.3,-0.40241,0.647739,0.22504066370012346
AC112673.1,-0.29128,0.647546,0.22514069375366905
UPK3B,-0.3048,0.647279,0.22527915060687295
CNOT10,-0.04252,0.647204,0.22531805829738258
AC068896.1,-0.1662,0.647199,0.2253206523823264
AL109983.1,-0.35789,0.647046,0.22540004582270573
NELFB,0.019454,0.646814,0.22552048663579657
BCKDHB,-0.24944,0.646814,0.22552048663579657
BLOC1S6,-0.27432,0.646814,0.22552048663579657
CASZ1,-0.22914,0.646814,0.22552048663579657
CAPN14,0.122922,0.646814,0.22552048663579657
OPCML,-0.01304,0.646773,0.22554177812534118
HHEX,0.13075,0.646209,0.22583487003001507
CTNNA2,-0.11987,0.646209,0.22583487003001507
BNIP3P42,-0.346,0.646128,0.2258769942825993
TPI1P3,-0.17517,0.646019,0.22593369240638708
NFYB,0.088394,0.646019,0.22593369240638708
SRRM5,-0.10857,0.646019,0.22593369240638708
TEX9,-0.17559,0.645927,0.22598155877895917
AC241377.4,-0.18081,0.645927,0.22598155877895917
ZNF37A,-0.19658,0.645927,0.22598155877895917
GGNBP1,-0.38058,0.645927,0.22598155877895917
FRMD6,-0.01183,0.645927,0.22598155877895917
RBM39,-0.01851,0.645914,0.22598832332319324
GPR4,-0.09535,0.645914,0.22598832332319324
C1QTNF3,-0.40582,0.645801,0.22604713135348004
ARHGEF17,-0.17667,0.645788,0.22605389786056707
IGHV3-33,-0.71112,0.645227,0.22634609171685316
PAXX,0.07565,0.644195,0.2268845902047908
HSD17B1P1,-0.2169,0.644066,0.22695199253337459
APH1A,0.045069,0.644066,0.22695199253337459
IQCK,-0.05139,0.643687,0.227150135386589
C11orf96,0.196456,0.643687,0.227150135386589
IGHV3-11,-0.43565,0.643302,0.2273515921871561
PCDHA2,-0.0342,0.643302,0.2273515921871561
AL162726.3,-0.15955,0.643047,0.2274851229639266
SPOCK2,0.172048,0.642926,0.22754851206023802
RPH3AL,-0.25826,0.64288,0.2275726150280385
AP1G1,-0.11561,0.642856,0.22758519150299866
ZNF510,-0.14577,0.642837,0.22759514837191666
CKMT1B,0.075635,0.642837,0.22759514837191666
TNXB,-0.60952,0.642625,0.2277062756185101
CDH22,-0.22673,0.642625,0.2277062756185101
OR2A20P,-0.404,0.642625,0.2277062756185101
RPL30P13,-0.46692,0.642625,0.2277062756185101
TTC38,-0.24121,0.642513,0.2277650062556847
OLFM2,-0.27613,0.642485,0.227779691281696
SCGB2A2,-1.43414,0.642367,0.22784158858057182
GOT2P2,-0.10153,0.642194,0.22793236672364128
JPH1,-0.08152,0.642156,0.2279523112756386
CDK15,-0.19748,0.642156,0.2279523112756386
UPF1,-0.22186,0.641826,0.22812558736545954
DEFB131E,-0.49396,0.641826,0.22812558736545954
FAM35CP,-0.13306,0.641783,0.22814817546248026
YIF1A,0.046808,0.641776,0.22815185280623074
AC006254.3,-0.15816,0.641776,0.22815185280623074
TP53BP1,-0.18216,0.641776,0.22815185280623074
TMEM9B,0.050602,0.64163,0.2282285652020568
IGLV3-9,-0.38897,0.64163,0.2282285652020568
AC141586.1,-0.2405,0.64163,0.2282285652020568
AL078645.2,-0.35471,0.64163,0.2282285652020568
RIN3,-0.21517,0.64163,0.2282285652020568
LYPLA1,0.122468,0.6416,0.22824433121735035
MARC1,-0.29702,0.641594,0.22824748455110047
ALX3,-0.20367,0.641366,0.22836734352093246
C6orf203,0.035164,0.641366,0.22836734352093246
PLAC8,-0.24241,0.641366,0.22836734352093246
RASL12,0.151837,0.641366,0.22836734352093246
KCNE4,-0.45156,0.641366,0.22836734352093246
NUDT15,0.066309,0.641366,0.22836734352093246
AC018804.1,0.397344,0.641366,0.22836734352093246
MTCO1P12,-0.45685,0.641366,0.22836734352093246
SLC25A53,-0.08727,0.641366,0.22836734352093246
ADAM20,-0.1948,0.641366,0.22836734352093246
OPRD1,-0.13487,0.641366,0.22836734352093246
PHF12,-0.16041,0.641102,0.22850620622636056
SP1,-0.12337,0.641102,0.22850620622636056
TERF2IP,0.034821,0.641102,0.22850620622636056
CIZ1,-0.12973,0.640929,0.22859724917076024
PITRM1,0.018355,0.640929,0.22859724917076024
ZNF587B,-0.17111,0.640804,0.22866305421769342
PPIAP31,-0.21508,0.64079,0.2286704255624643
FAXC,-0.05001,0.640306,0.22892540964647531
RCOR2,-0.16018,0.640185,0.22898920008099316
AL121952.1,-0.37316,0.63993,0.22912369267664517
FKBP1B,0.141318,0.63993,0.22912369267664517
XRCC5,0.045125,0.63993,0.22912369267664517
COL9A2,-0.33406,0.63993,0.22912369267664517
HAVCR1,-0.22877,0.639707,0.22924137251319704
AC008752.3,-0.25413,0.639707,0.22924137251319704
ZNF805,-0.15302,0.639707,0.22924137251319704
LRMDA,-0.18049,0.639425,0.22939027392127329
NR2C2AP,0.082497,0.639236,0.2294901236745982
IL12RB2,-0.07438,0.639226,0.229495407940813
TYRO3P,-0.21479,0.639226,0.229495407940813
AC006270.2,-0.35401,0.639039,0.22959424613420815
LRRC26,-0.29258,0.639039,0.22959424613420815
TMPRSS4,0.235993,0.638619,0.22981639085459624
NYAP2,-0.06321,0.638596,0.2298285621281867
FAM83A,-0.3832,0.638596,0.2298285621281867
SRD5A2,-0.02189,0.638425,0.22991907311541643
H3F3A,0.078463,0.638425,0.22991907311541643
NUB1,0.032893,0.638349,0.2299593116616221
ZNF621,-0.2165,0.638153,0.23006311725701278
MYCBP2,-0.23508,0.638153,0.23006311725701278
PRIMPOL,-0.08594,0.638153,0.23006311725701278
AP3B1,-0.04722,0.637924,0.23018445968371767
CFB,0.363682,0.637854,0.23022156402527946
LILRA3,0.070942,0.637619,0.23034617234971974
NFE2L3,0.046535,0.637609,0.23035147632741065
HRH3,0.060396,0.637043,0.23065188063137868
RXFP1,-0.10756,0.636753,0.23080594978425112
ELP4,-0.13133,0.636753,0.23080594978425112
OR5BA1P,-0.18141,0.636662,0.2308543168322554
CA5B,-0.1187,0.636597,0.23088887092907115
ARMC3,-0.21952,0.63652,0.23092981093624626
GOLGA2P9,-0.08558,0.636472,0.23095533565269732
IGKV1-9,-0.43537,0.636183,0.23110907535630656
GABARAP,0.02875,0.635679,0.2313774337906901
FAM240B,-0.18759,0.635649,0.23139341732963264
GABRB3,-0.28212,0.635623,0.2314072706231749
FKBP7,-0.18771,0.635569,0.23143604549838034
RAB15,-0.2283,0.63542,0.231515461397874
TMC2,-0.29435,0.63542,0.231515461397874
ST14,0.03042,0.635328,0.23156451032551928
CHRM2,-0.08029,0.63506,0.23170745121807867
AC019109.1,-0.08352,0.63506,0.23170745121807867
ZYG11A,-0.23651,0.63506,0.23170745121807867
TAS2R15P,-0.28616,0.635044,0.23171598779329697
BCL2L1,-0.00811,0.635044,0.23171598779329697
RBMS1,-0.08961,0.634817,0.2318371343432925
CD37,-0.26634,0.634585,0.23196101476604505
NKAPP1,-0.34288,0.634134,0.23220202348266528
MYL10,-0.19578,0.634134,0.23220202348266528
XCL2,0.255274,0.633884,0.23233572819174042
AADACL2,0.233534,0.633863,0.23234696289183163
ALKBH1,-0.09985,0.633698,0.23243525444069185
CR381653.2,-0.42842,0.633591,0.23249252810470744
HSPB1,0.099703,0.633591,0.23249252810470744
OR2A3P,-0.18099,0.633591,0.23249252810470744
TRIM17,-0.22806,0.633591,0.23249252810470744
AL356776.1,-0.41948,0.633572,0.23250269966996379
RNF144A,-0.27664,0.633479,0.2325524932254615
PLEKHS1,-0.12495,0.633184,0.23271051109895244
MFSD12,-0.29233,0.633184,0.23271051109895244
DUSP27,-0.03652,0.632833,0.23289866547218357
EIF3C,0.000394,0.632833,0.23289866547218357
RABIF,0.043316,0.632833,0.23289866547218357
LAMP1,0.025531,0.632685,0.23297804680860776
LDLRAP1,0.081773,0.632685,0.23297804680860776
LY9,-0.22982,0.632685,0.23297804680860776
A4GALT,-0.26929,0.632685,0.23297804680860776
MTND1P36,-0.17061,0.632685,0.23297804680860776
SLC16A13,-0.20257,0.632685,0.23297804680860776
AP000787.3,-0.52825,0.632685,0.23297804680860776
VKORC1L1,-0.16545,0.632624,0.23301077266528528
ADH5,0.089967,0.632343,0.23316158557398395
NHLRC1,0.049246,0.632343,0.23316158557398395
AC013467.2,-0.28377,0.632343,0.23316158557398395
AC013476.2,-0.34284,0.632343,0.23316158557398395
MROH7-TTC4,-0.16696,0.632343,0.23316158557398395
AC091516.1,-0.30423,0.632343,0.23316158557398395
EFHC1,-0.35216,0.632343,0.23316158557398395
HIST1H2BE,0.183226,0.632339,0.2331637330814384
AC097639.2,-0.61596,0.632339,0.2331637330814384
POU5F1P5,-0.3553,0.632339,0.2331637330814384
ARL2,0.053479,0.632326,0.23317071261726743
PHF2,-0.12273,0.632014,0.23333828416929314
CRYM-AS1,-0.10066,0.631817,0.23344415258611145
AKT1S1,-0.0056,0.631817,0.23344415258611145
CH25H,0.160837,0.631817,0.23344415258611145
USP51,-0.15637,0.631817,0.23344415258611145
MYH3,-0.15958,0.631671,0.23352264443273116
ABCC11,-0.17004,0.631545,0.23359040518757815
DRD4,-0.1278,0.631517,0.23360546580304567
SLC4A1,-0.51395,0.631517,0.23360546580304567
CAPN15,0.028401,0.631043,0.2338605679137323
HSP90AB7P,-0.16402,0.630942,0.2339149611079668
SLC2A3P4,-0.22361,0.630942,0.2339149611079668
ACTB,0.037412,0.630942,0.2339149611079668
TFPI,-0.12649,0.630942,0.2339149611079668
STMN3,-0.23687,0.63082,0.23398068064885155
CAT,0.072244,0.630726,0.23403132961012757
SLC16A2,-0.18325,0.630626,0.23408522351974048
PRSS53,0.265215,0.630626,0.23408522351974048
WDR5,-0.00139,0.630626,0.23408522351974048
SHC4,-0.38377,0.630626,0.23408522351974048
PPP1CC,0.03731,0.630615,0.23409115260743524
KIAA2012,-0.19479,0.630475,0.23416662684356665
GRM1,-0.08998,0.630475,0.23416662684356665
LAMTOR2,0.073573,0.630475,0.23416662684356665
CUTALP,0.20928,0.630475,0.23416662684356665
AL359633.1,-0.51739,0.630358,0.2342297204063223
ECM1,0.147411,0.630358,0.2342297204063223
HIPK4,-0.08401,0.630358,0.2342297204063223
KCNJ15,-0.06598,0.630358,0.2342297204063223
ADAMTS16,-0.21662,0.630209,0.23431009493870833
CCDC194,-0.23552,0.629996,0.23442504065646522
SLC16A6P1,-0.31884,0.629762,0.23455138405397558
NFKBIL1,0.271354,0.629711,0.23457892947184214
TFAMP2,-0.14681,0.629711,0.23457892947184214
NRG3,-0.14257,0.629711,0.23457892947184214
AL139317.4,-0.1247,0.629686,0.23459243330916343
ZFP92,0.05054,0.629389,0.23475291838303433
CSMD2,-0.1638,0.629099,0.2349097269170493
PKLR,-0.40061,0.628723,0.23511319324497423
LINC00694,-0.20021,0.628723,0.23511319324497423
FCGBP,-0.32857,0.628641,0.23515758962310876
RPL7P25,-0.29174,0.628344,0.23531846132135414
AC004217.2,-0.11933,0.628236,0.2353769874025254
USP2,0.088231,0.628198,0.23539758337418007
TAF7L,0.135901,0.62819,0.23540191959784929
KCNC3,-0.10303,0.62819,0.23540191959784929
PATL1,-0.1989,0.627968,0.23552228167330969
RPL30P2,-0.59048,0.627968,0.23552228167330969
SNURF,-0.22255,0.627956,0.2355287894843562
C3orf30,0.048621,0.627956,0.2355287894843562
AADAT,-0.24741,0.627784,0.23562208787199734
SERPINI2,-0.16443,0.627784,0.23562208787199734
YWHAQ,0.050865,0.627678,0.235679604120977
CHD9,-0.2519,0.62752,0.23576536194996342
AC073551.1,-0.31991,0.626702,0.2362098479193032
RAB40A,-0.19211,0.626458,0.2363425951655662
DXO,0.701844,0.626094,0.2365407666146451
CACNA1E,-0.151,0.626088,0.23654403456867787
CHD7,-0.30481,0.626068,0.2365549280748649
SOX1,0.10204,0.625742,0.23673256297614387
PIWIL2,-0.14064,0.625742,0.23673256297614387
PHYKPL,-0.25616,0.625738,0.2367347433736671
TECPR2,-0.18895,0.625738,0.2367347433736671
MDN1,-0.21656,0.625686,0.23676309036902532
CWF19L1,0.047209,0.625686,0.23676309036902532
FAM181B,-0.14235,0.625686,0.23676309036902532
KRT33A,-0.13367,0.625571,0.23682579289407044
MAP1S,-0.17999,0.625309,0.23696870762191405
URB1,-0.17503,0.62517,0.23704456380580713
SDR42E1,-0.10267,0.624818,0.23723676866546703
TMEM225B,0.044626,0.624709,0.2372963182434111
RSPH10B,-0.32696,0.624649,0.2373291042060336
SMG1,-0.22301,0.624633,0.23733784789441695
ALDH5A1,-0.15122,0.624373,0.23747997798838144
TTC12,0.035865,0.623889,0.23774478536130417
HNF4G,-0.29564,0.623678,0.23786032064850646
THBS2,0.228475,0.623678,0.23786032064850646
CES5A,0.136743,0.623678,0.23786032064850646
TRIM4,-0.12891,0.623678,0.23786032064850646
MON2,-0.18657,0.623678,0.23786032064850646
DCUN1D4,-0.18104,0.623678,0.23786032064850646
PLGLB1,-0.29001,0.623579,0.2379145484982769
RRM1,0.033385,0.623419,0.23800221560500776
AC020779.1,-0.29196,0.623296,0.2380696316547868
JTB,0.024596,0.623166,0.23814090514766054
SNX18P12,-0.39889,0.622969,0.2382489525720145
AL591926.6,-0.36173,0.622969,0.2382489525720145
UXT,0.081069,0.622969,0.2382489525720145
COPZ1,0.023908,0.622942,0.23826376492158868
ELOCP33,-0.32387,0.622942,0.23826376492158868
PHTF1,-0.19931,0.622732,0.23837900352534083
ATP5PD,0.09928,0.622688,0.23840315581815974
CRX,-0.17168,0.622688,0.23840315581815974
CHRNG,-0.27693,0.622688,0.23840315581815974
ZNF135,-0.25743,0.622688,0.23840315581815974
PCMT1,0.02523,0.622688,0.23840315581815974
ESYT3,-0.03093,0.622688,0.23840315581815974
CD200,-0.30601,0.622599,0.23845201680072228
ARF1,0.030405,0.622599,0.23845201680072228
PMEPA1,0.103824,0.622599,0.23845201680072228
CARMIL1,-1.04241,0.622342,0.23859316596736194
SLC35D1,0.022938,0.622342,0.23859316596736194
TSPAN5,-0.0067,0.622322,0.23860415384171002
METRNL,-0.41425,0.622322,0.23860415384171002
MSTO1,0.097477,0.622322,0.23860415384171002
FASTK,0.068443,0.622322,0.23860415384171002
HNRNPC,0.032687,0.622322,0.23860415384171002
RRH,-0.1947,0.621964,0.23880092241089776
PES1,0.029656,0.621437,0.23909087422518252
ZNF625,-0.21268,0.62135,0.23913877487907825
H1F0,0.049166,0.62135,0.23913877487907825
PLPPR1,-0.08333,0.621288,0.23917291683352568
ZNF585A,-0.01182,0.621265,0.23918558363677406
GJB7,-0.16209,0.621265,0.23918558363677406
SIGLEC17P,-0.1806,0.621097,0.23927812672180887
LHFPL5,-0.32253,0.620216,0.23976401360096888
FAM177B,-0.15902,0.620216,0.23976401360096888
KCNC4,-0.11559,0.620098,0.23982916754303465
DIABLO,0.074101,0.620098,0.23982916754303465
ZBTB8OS,0.062074,0.620098,0.23982916754303465
CNTNAP2,-0.27729,0.619936,0.23991864501508617
MYO3B,-0.21276,0.619905,0.23993577105227018
S100A10,0.039915,0.619905,0.23993577105227018
MRPL14,0.07894,0.619846,0.239968369145739
CMA1,-0.47955,0.619795,0.23999655072748294
OR9I1,-0.05945,0.619616,0.24009548874929845
AP001258.1,0.220497,0.619563,0.2401247910727904
ATF4P4,-0.1229,0.619385,0.24022322882632852
MPHOSPH9,-0.18645,0.619308,0.2402658239530326
WDR17,-0.11631,0.619054,0.2404063861095452
FOXK1,-0.2213,0.618979,0.24044790640666142
C1D,0.136478,0.618979,0.24044790640666142
SEMA5B,-0.16152,0.61897,0.24045288932417677
POLD3,-0.07292,0.618937,0.2404711609052252
DAZAP2,0.026056,0.618937,0.2404711609052252
ARHGAP10,-0.13882,0.618937,0.2404711609052252
MYCL,-0.22709,0.618937,0.2404711609052252
EDAR,-0.24671,0.618937,0.2404711609052252
TAF3,-0.13546,0.618937,0.2404711609052252
ZNRF2P2,-0.34613,0.618937,0.2404711609052252
TNS3,-0.22839,0.618839,0.24052543014843158
TMSB15B,-0.18246,0.618685,0.2406107351336024
JPH2,0.182441,0.618503,0.24071158912252333
PKP3,0.091915,0.618503,0.24071158912252333
SLC10A5,-0.17645,0.618503,0.24071158912252333
RPS15AP30,-0.48442,0.617439,0.24130204360682728
TOP3B,0.017963,0.617439,0.24130204360682728
GNAI2,0.049266,0.617439,0.24130204360682728
AC013488.1,-0.13756,0.617336,0.24135927909804017
BLOC1S3,-0.16056,0.617336,0.24135927909804017
AC073073.1,0.26411,0.617336,0.24135927909804017
AC129492.6,0.142321,0.617221,0.24142319884253638
PRB2,-0.02826,0.617221,0.24142319884253638
NEU2,0.209048,0.617204,0.2414326492842979
ABCF1,0.226309,0.617204,0.2414326492842979
NEK10,-0.25114,0.616739,0.24169129016017923
GABRA1,-0.21347,0.616739,0.24169129016017923
GALNT17,-0.10755,0.616726,0.2416985249603643
POLR3C,-0.07792,0.616726,0.2416985249603643
KRTAP20-2,-0.42421,0.616726,0.2416985249603643
PREB,0.048462,0.616726,0.2416985249603643
CCHCR1,-0.58416,0.616726,0.2416985249603643
DDX21,0.082385,0.616449,0.24185273333692547
KCNJ2,-0.2091,0.616308,0.24193126708108087
FZD6,0.05558,0.616307,0.2419318241490513
PAAF1,-0.15594,0.616229,0.24197527940297278
NHSL1,-0.19385,0.616191,0.2419964527387806
PRKAG2,-0.20264,0.616111,0.24204103423873316
IGKV1D-39,-0.85142,0.616047,0.24207670535196252
PHF20,-0.14698,0.616047,0.24207670535196252
MYEF2,-0.22174,0.616047,0.24207670535196252
GALE,0.038498,0.615926,0.24214416041623388
AC022414.1,-0.08778,0.615913,0.24215140877266172
OBSCN,-0.27912,0.615856,0.24218319258915996
COL23A1,-0.28872,0.615856,0.24218319258915996
ABT1,0.046272,0.615856,0.24218319258915996
CHURC1,0.081543,0.615856,0.24218319258915996
ADARB2,-0.03326,0.615856,0.24218319258915996
HIGD2B,0.069522,0.615856,0.24218319258915996
TSN,0.02173,0.615856,0.24218319258915996
KPTN,0.141674,0.615796,0.24221665374506327
C16orf89,-0.31852,0.615781,0.24222501975638114
IFNL3P1,-0.32617,0.615698,0.24227131690900053
AC023424.1,-0.38163,0.615698,0.24227131690900053
HPF1,0.032552,0.615506,0.24237844785032678
AC010615.4,-0.34313,0.615362,0.24245882714348924
AC074140.1,-0.64319,0.61523,0.2425325315785282
KDM5B,-0.16539,0.61507,0.24262190032653375
RBM45,0.064594,0.614847,0.2427465129549389
VWA5B2,-0.10213,0.614702,0.24282757343901937
DSCAML1,-0.16426,0.614503,0.2429388660340117
ADGRF5,0.062407,0.614001,0.24321984087235685
ZNF426,-0.06135,0.613615,0.24343611023863967
PPM1F,-0.05925,0.613615,0.24343611023863967
FAM168B,0.017433,0.613454,0.24352637267820387
C1QTNF1,-0.34263,0.613454,0.24352637267820387
OR2T3,-0.12872,0.613384,0.24356562765537987
SCNN1A,-0.03465,0.613107,0.24372102727990388
ARMC1,0.053749,0.612496,0.24406415470778348
AC112693.2,-0.59468,0.612424,0.2441046205128996
RNF38,-0.16758,0.612424,0.2441046205128996
ATP5MC2,0.062577,0.612424,0.2441046205128996
LILRB2,0.17881,0.612347,0.24414790386768007
IFNA20P,-0.32946,0.611917,0.24438975724813025
ATG5,-0.028,0.611758,0.24447924741449442
ZNF154,-0.25425,0.611721,0.24450007686978514
PGC,-0.0783,0.611721,0.24450007686978514
SYNE3,-0.32015,0.611721,0.24450007686978514
COPS3,0.020402,0.611607,0.2445642652684487
HS3ST3A1,0.111246,0.611607,0.2445642652684487
ORC6,-0.29195,0.611607,0.2445642652684487
HLA-DPA1,0.189583,0.61146,0.24464705939436496
ZNF165,0.095402,0.611371,0.24469720007166437
PUF60,0.064333,0.611334,0.24471804809636397
LDLRAD3,-0.30528,0.611334,0.24471804809636397
FIGNL1,0.081336,0.611222,0.24478116645730413
NKAP,-0.23355,0.611189,0.24479976693631947
CALML5,0.14727,0.611189,0.24479976693631947
NUDT4P2,0.113395,0.611189,0.24479976693631947
TIGD3,0.054902,0.611189,0.24479976693631947
EID2,0.06987,0.611189,0.24479976693631947
ZNF500,-0.06255,0.611187,0.2448008942835035
BX005195.1,-0.29451,0.611131,0.24483246211254894
AKR1B1P3,-0.33091,0.611131,0.24483246211254894
TRIM55,-0.63677,0.611131,0.24483246211254894
SYNDIG1L,0.007688,0.611131,0.24483246211254894
RC3H1,-0.19312,0.611131,0.24483246211254894
SLC16A10,0.203464,0.611106,0.24484655620764423
TREML1,0.074883,0.610951,0.24493395770825555
C6orf120,0.024417,0.610951,0.24493395770825555
ZBTB7A,-0.22393,0.610951,0.24493395770825555
ZNF652,-0.20522,0.610916,0.2449536978484711
TVP23CP1,-0.18046,0.610391,0.24524999093529923
AURKB,0.126867,0.610391,0.24524999093529923
TMEM144,-0.26457,0.610391,0.24524999093529923
LRRC37A12P,-0.07071,0.610391,0.24524999093529923
GPR26,-0.02064,0.610391,0.24524999093529923
C2orf88,-0.30377,0.610162,0.24537934339041795
CARMIL3,0.150873,0.610162,0.24537934339041795
SFRP2,-0.50823,0.610162,0.24537934339041795
PNLIPRP1,-0.29168,0.610162,0.24537934339041795
ANKRD66,-0.11579,0.609844,0.2455590813546323
HSPB2,0.203119,0.609844,0.2455590813546323
ATP6AP1L,-0.24694,0.609844,0.2455590813546323
POLR3F,0.067217,0.609844,0.2455590813546323
AC093616.1,0.281216,0.609801,0.24558339564755322
ARL4AP4,-0.39954,0.609751,0.2456116711084836
STAC2,-0.41679,0.60944,0.24578761759021736
ZNF532,-0.28285,0.60944,0.24578761759021736
TACO1,0.034589,0.60944,0.24578761759021736
MYBPC1,-0.33858,0.60944,0.24578761759021736
HIVEP1,-0.17947,0.60944,0.24578761759021736
GPR141,-0.37463,0.60944,0.24578761759021736
AC090971.4,-0.19727,0.60944,0.24578761759021736
NEK8,-0.22357,0.60944,0.24578761759021736
ZNF274,-0.00951,0.60938,0.24582157675023733
LDHD,-0.44301,0.60938,0.24582157675023733
TMEM245,-0.12976,0.60919,0.24592914504726224
LETMD1,-0.15294,0.608922,0.24608095298816826
AKAP9,-0.17555,0.608922,0.24608095298816826
LRP5,-0.14477,0.608829,0.2461336545077934
SHB,0.05339,0.608806,0.24614668995769184
FITM2,-0.21098,0.608769,0.24616766147788277
NRBP1,0.023846,0.608585,0.24627197882041774
RYR3,-0.62506,0.608554,0.24628955837563068
AHR,-0.2117,0.608261,0.24645577552018502
RPS20P33,-0.4407,0.608081,0.24655794406244422
FAR2P2,-0.18894,0.607876,0.2466743542673783
RHOT2,0.083059,0.607847,0.24669082648937604
CLSTN3,-0.47872,0.607847,0.24669082648937604
BIRC6-AS2,-0.34805,0.607745,0.24674877200896325
MYO19,0.026143,0.607469,0.24690563401982876
RPL7AP2,-0.28507,0.607469,0.24690563401982876
CUX1,-0.10973,0.607443,0.24692041601434184
AL590103.1,-0.47232,0.607399,0.24694543371347788
POLR2F,0.048563,0.607187,0.2470660090697792
C1orf162,0.218442,0.607165,0.2470785249779933
TWIST1,-0.38857,0.606913,0.24722193425144862
CDC34,0.035531,0.606817,0.24727658824769394
GSTA2,-0.14095,0.606803,0.24728455963158005
RAB2B,-0.09609,0.606803,0.24728455963158005
PREX2,-0.30786,0.606246,0.24760191541239304
CKLF,0.066217,0.606246,0.24760191541239304
LARP1,-0.20407,0.606039,0.24771995930933244
COX4I1,0.041398,0.606017,0.24773250834545912
M1AP,-0.17801,0.605865,0.24781922814770943
CHCHD2P6,0.25735,0.605574,0.2479853356262432
AC074276.2,-0.34015,0.605574,0.2479853356262432
CLEC2D,-0.33675,0.605574,0.2479853356262432
PPP1R26,-0.19332,0.605554,0.24799675603594765
CTSC,0.232228,0.605538,0.24800589274238793
IGLV2-14,-1.10467,0.605538,0.24800589274238793
MYH16,-0.09804,0.605538,0.24800589274238793
C5orf67,0.201375,0.605196,0.24820127035836287
C10orf53,-0.1572,0.604911,0.24836420260896006
PLCZ1,-0.37214,0.604911,0.24836420260896006
RHOB,0.114947,0.604911,0.24836420260896006
AC093414.1,-0.26948,0.604911,0.24836420260896006
AGGF1,0.011049,0.604824,0.24841396112754763
HADHAP2,-0.08679,0.604328,0.24869783236359255
TOR1AIP2,-0.11232,0.604328,0.24869783236359255
BRIX1,-0.00068,0.604328,0.24869783236359255
SDSL,-0.10695,0.604262,0.24873562999840113
NARF,0.046281,0.604209,0.248765986803238
PIGG,-0.04596,0.604209,0.248765986803238
TIAF1,-0.22789,0.604209,0.248765986803238
PTH2R,-0.23672,0.604204,0.24876885084398903
VARS2,-0.76628,0.604204,0.24876885084398903
AL354890.1,-0.43945,0.604204,0.24876885084398903
EEF1A1P25,-0.21633,0.604101,0.24882785741999516
DNAJB3,-0.28772,0.60406,0.2488513493687919
CD14,0.147935,0.60406,0.2488513493687919
BZW1,0.14656,0.60406,0.2488513493687919
PCDHGA11,-0.18475,0.60406,0.2488513493687919
SET,0.011486,0.60406,0.2488513493687919
TMEM62,-0.02483,0.60406,0.2488513493687919
FAM110A,0.079256,0.604055,0.24885421439232144
CACNB4,-0.39146,0.604034,0.24886624785134595
AC010616.1,-0.09176,0.604023,0.24887255132401112
SLC7A14,-0.21696,0.603925,0.2489287165829318
AMER2,-0.06705,0.603545,0.24914662012967514
CXXC4,-0.03503,0.603545,0.24914662012967514
SCMH1,-0.15789,0.603545,0.24914662012967514
RAB5CP1,-0.39252,0.603183,0.24935437933325347
RPS4XP5,-0.33945,0.603183,0.24935437933325347
ANXA2P1,-0.19558,0.602875,0.2495312832360589
ADORA2A,-0.27139,0.602802,0.24957323015331193
ZNF486,-0.16134,0.60271,0.2496261048046811
PMS2P9,-0.46157,0.60271,0.2496261048046811
RPL24P8,-0.35257,0.602584,0.24969853826539395
VPS26A,-0.14542,0.601735,0.250187150062131
CHMP1B2P,-0.0769,0.601735,0.250187150062131
RPL30,0.082229,0.601735,0.250187150062131
RPL12P7,-0.21805,0.601668,0.25022575021208565
SLC39A7,0.040171,0.601489,0.25032890519768114
SERTAD4,0.263163,0.601489,0.25032890519768114
TAS2R19,-0.35204,0.601489,0.25032890519768114
TPST2P1,-0.24264,0.60143,0.2503629153205311
IGKV2-24,-0.53324,0.600903,0.2506669056937421
RPS6P25,-0.2439,0.600903,0.2506669056937421
CANT1,-0.23099,0.60075,0.2507552300786658
PTMA,0.089121,0.600457,0.25092446103835664
BRD3OS,-0.20875,0.600387,0.25096490854259457
MRPS30,-0.09145,0.600387,0.25096490854259457
CATIP,-0.22777,0.600277,0.2510284820796463
SLC23A3,-0.24374,0.600277,0.2510284820796463
OR8D4,-0.09434,0.600277,0.2510284820796463
ADAM12,-0.3273,0.600277,0.2510284820796463
B4GALT7,0.018359,0.599295,0.25159673446704817
PDZD11,0.050565,0.598867,0.2518448068824677
OR6C66P,-0.06283,0.598793,0.25188772270186255
VAMP7,0.053559,0.598793,0.25188772270186255
TP53,-0.14921,0.598793,0.25188772270186255
IGHV3-7,-0.7092,0.598793,0.25188772270186255
SCAP,-0.18292,0.598515,0.2520490123490929
PRKXP1,-0.18924,0.598433,0.2520966067146248
CXCL10,1.716974,0.598286,0.2521819508190731
BBS4,-0.09316,0.598216,0.25222260102305194
APEX1,0.082556,0.597908,0.25240153977927515
GAB1,-0.24758,0.597465,0.25265913211301566
AC120036.1,-0.0952,0.597452,0.2526666952251765
NUDT22,0.014816,0.597107,0.25286749133525727
MTND5P32,-0.0846,0.596827,0.2530305735976127
TRMT1,0.119253,0.596725,0.2530900082683997
TAS2R4,-0.28638,0.596672,0.25312089650096703
HACE1,-0.16522,0.596312,0.2533308031530578
DDIAS,0.090239,0.596277,0.25335122002633226
CNTN5,-0.06478,0.596277,0.25335122002633226
OR2A1,-0.15054,0.596277,0.25335122002633226
TTC21A,-0.35358,0.596219,0.25338505732483285
FADD,0.047134,0.596203,0.2533943925472855
MDP1,0.06373,0.596048,0.2534848453210478
FTLP10,-0.08598,0.596048,0.2534848453210478
RAB20,0.126471,0.596048,0.2534848453210478
WDR19,-0.24258,0.596048,0.2534848453210478
HGS,-0.0076,0.596048,0.2534848453210478
UBA52,0.064912,0.595745,0.2536617591679076
USF1P1,-0.2499,0.595745,0.2536617591679076
ZCCHC11,-0.19263,0.595745,0.2536617591679076
HEY2,-0.16981,0.595436,0.2538423034244663
AP000787.2,-0.25847,0.595436,0.2538423034244663
HLA-DMB,0.455984,0.595411,0.2538569161826471
BFSP1,0.110936,0.595411,0.2538569161826471
ULK4,-0.18964,0.595411,0.2538569161826471
TTLL9,-0.15765,0.595411,0.2538569161826471
SUMO2P16,-0.53256,0.59532,0.25391011372656963
SCAND1,0.063383,0.595226,0.2539650767409606
CLASP2,-0.24271,0.595226,0.2539650767409606
LRRC38,-0.15623,0.595226,0.2539650767409606
FAM96A,0.034177,0.59521,0.25397443333251185
HIST1H2AM,0.1566,0.595105,0.25403584451908834
CYB5B,0.036215,0.595105,0.25403584451908834
RBM26,-0.18612,0.595105,0.25403584451908834
CLHC1,-0.20622,0.595105,0.25403584451908834
USF2,0.007197,0.595105,0.25403584451908834
UGT2A2,-0.43559,0.594781,0.254225435515469
THOC7,0.066298,0.59462,0.2543196984741829
ZNF169,-0.22967,0.594469,0.25440813835286885
RTL1,-0.06896,0.594422,0.25443567227290775
SMOX,0.154278,0.594395,0.2544514909788502
FAM185BP,-0.35644,0.594395,0.2544514909788502
SDHD,0.064631,0.594379,0.25446086549089436
PKDREJ,-0.12502,0.593813,0.2547927111573673
ULK4P2,-0.31818,0.593735,0.2548384764550896
DUTP1,-0.38502,0.593732,0.2548402368230007
AC009220.2,-0.12716,0.593732,0.2548402368230007
CETN3,0.078248,0.593729,0.2548419972030721
NUDCD2,0.172145,0.593729,0.2548419972030721
OR5P1P,-0.32545,0.59371,0.25485314655925034
AC055731.1,-0.264,0.593457,0.2550016555395137
PRR16,-0.21977,0.593289,0.2551003180070998
CASP3,0.010489,0.593289,0.2551003180070998
PHACTR1,-0.1832,0.593171,0.2551696394665247
TLR5,-0.20633,0.593171,0.2551696394665247
C6orf201,-0.44964,0.593078,0.25522428744963266
SAP130,-0.14376,0.592835,0.25536713258928156
SNX16,-0.22901,0.592835,0.25536713258928156
HLA-J,-0.08372,0.592664,0.2554677011655397
SNN,0.058449,0.592664,0.2554677011655397
YIPF4,-0.09977,0.592563,0.25552711992268246
RAB3IL1,-0.39109,0.592563,0.25552711992268246
ELN,-0.45889,0.592563,0.25552711992268246
UBE2I,0.023785,0.592319,0.2556707232559644
AMER1,-0.10388,0.592319,0.2556707232559644
RAB7B,0.026638,0.592115,0.2557908470000615
SLC22A31,-0.39141,0.592,0.2558585886905646
TEK,0.099606,0.591986,0.2558668367299178
DECR1,0.015575,0.591663,0.2560572046307635
RGS5,0.134573,0.591302,0.2562701363708144
SLC4A9,-0.09158,0.591043,0.25642301365507003
RNF220,0.02451,0.590886,0.25651572883457324
TGIF2P1,-0.23113,0.590737,0.2566037506779114
C14orf119,0.044968,0.590653,0.2566533870435927
KLHL12,0.026756,0.590639,0.2566616607046306
ZDHHC3,-0.01107,0.590575,0.25669948655176206
PSMC1P1,0.36825,0.590421,0.25679052784365425
PTPRQ,-0.22573,0.590421,0.25679052784365425
OIT3,-0.08935,0.590372,0.25681950229819944
AC123912.3,-0.10491,0.590336,0.2568407917358336
OLFML2A,-0.16605,0.590222,0.25690821993194735
OCM,-0.21212,0.590222,0.25690821993194735
AC067945.1,0.227365,0.590011,0.25703306794882125
ADK,0.037754,0.590011,0.25703306794882125
MLXIP,-0.23722,0.589825,0.2571431738602474
RABL2A,-0.23849,0.589825,0.2571431738602474
RUVBL2,-0.03109,0.589631,0.2572580657630758
AL355032.1,0.387653,0.589604,0.2572740599421046
ADGRE1,-0.37198,0.589354,0.2574222014303708
ADAMTS14,-0.23156,0.589354,0.2574222014303708
OR52E5,-0.04463,0.588822,0.2577377304791211
GSTA8P,-0.20125,0.588765,0.25777156009329405
RNF122,-0.65704,0.588757,0.25777630846464133
GPR89B,0.012187,0.58863,0.2578517005769181
P2RY1,0.054817,0.58863,0.2578517005769181
CLEC4E,-0.21021,0.588525,0.2579140492892881
BAG3,0.030197,0.588525,0.2579140492892881
MYADML,-0.13296,0.588525,0.2579140492892881
DYRK2,-0.00214,0.588259,0.2580720668422613
NUS1,-0.21996,0.588259,0.2580720668422613
KCTD16,-0.03318,0.588259,0.2580720668422613
COA4,0.048973,0.588259,0.2580720668422613
RELN,-0.31955,0.588259,0.2580720668422613
RBBP8,0.082744,0.588259,0.2580720668422613
TSC22D3,0.165435,0.588259,0.2580720668422613
AL034555.1,-0.67801,0.588226,0.25809167727280713
EFNB2,-0.20947,0.588126,0.25815111192008255
G6PC2,-0.06887,0.587621,0.2584514660384798
AC108734.3,-0.14485,0.587496,0.2585258650564658
POR,-0.01583,0.587496,0.2585258650564658
LGALS9B,0.010358,0.587464,0.25854491464796714
CXADR,0.066933,0.587224,0.2586878313335907
AC119751.5,-0.46125,0.587208,0.2586973619210562
RNH1,0.036865,0.586819,0.2589291824030912
OR2AP1,-0.19222,0.58677,0.2589583981685205
RBM42,0.026978,0.586592,0.25906455664912414
TMEM143,-0.17805,0.586592,0.25906455664912414
VSTM2A,-0.10332,0.586592,0.25906455664912414
RSPRY1,-0.18952,0.586484,0.25912898862435424
RABGAP1,-0.18885,0.586484,0.25912898862435424
ZFPL1,0.047394,0.586484,0.25912898862435424
WFDC1,-0.17274,0.586433,0.2591594204050141
ZSWIM4,-0.20422,0.58635,0.2592089542774906
KLK10,0.148781,0.58635,0.2592089542774906
SCPEP1,0.02361,0.586141,0.2593337260885783
PRPF31,0.181935,0.586033,0.25939822500897014
PRAM1,-0.12966,0.586033,0.25939822500897014
CICP10,-0.70038,0.586018,0.2594071844609843
MCM8,-0.12713,0.585796,0.2595398205378881
ADGRE2,-0.10306,0.585796,0.2595398205378881
AL500527.2,-1.02214,0.58544,0.2597526578172527
NDUFB2,0.085176,0.58544,0.2597526578172527
ZKSCAN5,0.020922,0.58544,0.2597526578172527
TRIM31,-0.23897,0.58544,0.2597526578172527
RAB6B,-0.07929,0.58544,0.2597526578172527
PPRC1,-0.19072,0.58544,0.2597526578172527
KRTAP5-7,-0.19517,0.585394,0.2597801719938596
PPP3R2,-0.0691,0.585394,0.2597801719938596
WNT9B,-0.16557,0.585376,0.2597909392041166
BCL11B,-0.18155,0.585376,0.2597909392041166
IGKV1-16,-0.61619,0.585203,0.25989444681742874
COL5A2,-0.35487,0.585162,0.25991898356785736
AC114812.3,-0.35851,0.584772,0.2601524977760104
RIOX2,-0.00055,0.584772,0.2601524977760104
AC087441.2,-0.42432,0.584772,0.2601524977760104
SMARCC2,-0.22757,0.584772,0.2601524977760104
KCNA7,-0.15989,0.584757,0.26016148328013294
HSPB11,0.005722,0.584757,0.26016148328013294
ARGFXP2,-0.30379,0.584732,0.26017645981001725
RPL12P13,-0.25517,0.584575,0.26027053212759116
HNRNPA1P15,-0.19891,0.584498,0.2603166819372805
RAD50,-0.13884,0.584472,0.2603322668378816
TBX15,-0.30138,0.584086,0.2605637524525834
SIMC1,-0.15057,0.584086,0.2605637524525834
APOC1P1,-0.33651,0.584086,0.2605637524525834
AC004870.1,0.120103,0.583649,0.2608260713897202
CCDC188,-0.22659,0.583649,0.2608260713897202
KLHL29,-0.21394,0.583649,0.2608260713897202
METTL7B,-0.40727,0.58363,0.26083748254958555
AC010469.1,-0.26193,0.583079,0.2611686234433865
IMP3,0.051241,0.582694,0.2614002508434664
AC010598.1,-0.68924,0.582508,0.261512227536177
CHSY1,0.068594,0.582508,0.261512227536177
DHX40,0.055435,0.582508,0.261512227536177
CPN2,-0.23211,0.582508,0.261512227536177
SUMO2P14,-0.51523,0.582508,0.261512227536177
TFB2M,0.05768,0.58235,0.2616073852014767
NAV2,-0.26251,0.582307,0.26163328853422646
SIK3,-0.2706,0.582307,0.26163328853422646
RNF6,0.041994,0.582307,0.26163328853422646
SELE,0.185675,0.582307,0.26163328853422646
MEX3C,0.034866,0.582166,0.2617182453650251
OTOA,-0.21753,0.58215,0.26172788759912596
C1QTNF5,0.219226,0.582104,0.261755611001007
IGHEP2,-0.19455,0.581395,0.2621832846302824
UBE2O,-0.11575,0.581353,0.26220864122792137
CDH9,-0.36572,0.581215,0.2622919730306206
MRPL45P2,-0.10232,0.581145,0.2623342529089825
ULK4P3,-0.29202,0.581016,0.26241218653813475
BRPF3,-0.25956,0.581016,0.26241218653813475
GNL2P1,-0.1285,0.581016,0.26241218653813475
CENPB,0.069814,0.581016,0.26241218653813475
PA2G4P4,-0.36772,0.581016,0.26241218653813475
WRNIP1,0.028191,0.581016,0.26241218653813475
ZNF880,-0.12586,0.581016,0.26241218653813475
GNE,-0.23145,0.580816,0.26253305964584867
SLBP,0.055821,0.580778,0.26255603182980997
PCBP1,-0.16583,0.580523,0.2627102392868097
NPIPB4,-0.3936,0.579933,0.26306738030606747
SKA2,0.036099,0.579933,0.26306738030606747
ACRBP,-0.17807,0.579933,0.26306738030606747
KLHL26,-0.11861,0.579933,0.26306738030606747
BOLA1,0.069759,0.579933,0.26306738030606747
NPIPB5,-0.41258,0.579933,0.26306738030606747
FAM171A2,-0.20846,0.579933,0.26306738030606747
FAM72A,0.105469,0.579609,0.26326371168143653
KCNG4,-0.09218,0.579542,0.26330432935003384
MAIP1,0.046265,0.579542,0.26330432935003384
CEP295,-0.17004,0.579542,0.26330432935003384
Z93242.1,-0.40572,0.579542,0.26330432935003384
SLC10A2,-0.08926,0.579542,0.26330432935003384
ZNF92P3,-0.26522,0.579411,0.2633837640914279
FREM2,-0.28227,0.579411,0.2633837640914279
MTND3P12,-0.29295,0.579386,0.2633989261160452
AMIGO1,-0.23885,0.579225,0.26349659046677165
DHFR,0.092085,0.579188,0.26351904018595396
AC114982.2,-0.46578,0.57885,0.26372420996934187
MTMR10,0.548369,0.57885,0.26372420996934187
BBX,-0.28405,0.578491,0.2639423019263863
LYNX1-SLURP2,0.214648,0.578419,0.26398606352572657
KRT18P60,-0.06212,0.578283,0.2640687441217803
ITGA2,0.130779,0.578283,0.2640687441217803
MME,-0.27788,0.578235,0.26409793169089474
SPN,-0.19602,0.578044,0.2642141058558332
EGLN1,0.115002,0.577574,0.2645001971009346
CARD6,0.146431,0.577347,0.26463848400403983
DLX6,-0.40168,0.577043,0.26482379205198414
BSN,-0.0184,0.577009,0.26484452536029596
PLEKHG4B,-0.1448,0.577009,0.26484452536029596
PLEKHB2,0.009448,0.576936,0.26488904647703176
C3orf38,0.024654,0.576833,0.26495187667301934
DAAM2,-0.3299,0.576815,0.26496285823694027
CLCN2,-0.20729,0.576815,0.26496285823694027
CD22,-0.18615,0.576815,0.26496285823694027
SMG1P4,-0.36602,0.576795,0.2649750605084573
VAMP3,0.011744,0.576764,0.2649939751398683
IFT52,0.043441,0.576544,0.26512824680482566
HMGB3P9,-0.39215,0.576409,0.2652106744625302
LRRIQ3,0.026606,0.576409,0.2652106744625302
RPS9,0.550266,0.576409,0.2652106744625302
ZNF516,-0.11236,0.576409,0.2652106744625302
FOXE1,0.159753,0.576409,0.2652106744625302
GPN3,0.072246,0.576261,0.2653010690456426
PLA2G4F,0.047621,0.576261,0.2653010690456426
AC020893.1,-0.34498,0.576261,0.2653010690456426
STRAP,0.026212,0.576261,0.2653010690456426
C8orf44,-0.17995,0.576261,0.2653010690456426
COL26A1,-0.08233,0.576261,0.2653010690456426
KCTD5,0.037607,0.576224,0.26532367250509653
AL645933.1,0.145065,0.576224,0.26532367250509653
FGF22,0.12668,0.576224,0.26532367250509653
GIMAP5,0.203448,0.576224,0.26532367250509653
OPRM1,-0.22177,0.576224,0.26532367250509653
SPATA2,-0.15645,0.576224,0.26532367250509653
NOTCH2NL,-0.21148,0.576224,0.26532367250509653
PSAP,0.048585,0.576205,0.2653352804353425
OR7E38P,-0.23133,0.576205,0.2653352804353425
CCDC90B,-0.14065,0.576205,0.2653352804353425
NT5C1B,-0.26346,0.576095,0.26540249422383516
FER,-0.21369,0.576059,0.2654244951614515
EIF3K,0.032046,0.575837,0.265560207916769
AC106782.1,-0.35127,0.575228,0.26593285739451117
TBC1D3B,0.123547,0.575228,0.26593285739451117
RASA4,-0.13784,0.575228,0.26593285739451117
RPL5P12,-0.12838,0.57521,0.26594387961752314
SLC7A5P2,-0.39213,0.57521,0.26594387961752314
POM121L7P,-0.27534,0.57521,0.26594387961752314
TESC,-0.40276,0.575181,0.265961638604415
UCHL1,-0.42524,0.575176,0.2659647006185632
SRA1,0.006953,0.575174,0.26596592543409325
CLEC12B,-0.29833,0.575174,0.26596592543409325
ERN1,-0.22911,0.57477,0.26621345385396383
AL355365.1,-0.51827,0.574764,0.2662171317541522
TRAF7,0.000337,0.574759,0.26622019670979086
CIRBP,0.109423,0.574759,0.26622019670979086
ATP7A,-0.18284,0.574759,0.26622019670979086
HCG4P5,0.482227,0.574759,0.26622019670979086
MARCH9,-0.22395,0.574759,0.26622019670979086
RPS24P16,-0.33824,0.574759,0.26622019670979086
NBPF25P,-0.21744,0.574648,0.26628824781276733
NRAP,0.027597,0.574588,0.26632503943517527
DNM1P46,-0.12549,0.574588,0.26632503943517527
UBE2Q2P1,-0.26706,0.57453,0.26636060950212276
TAS2R46,-0.27236,0.574252,0.26653116647997716
P2RY14,0.153882,0.574252,0.26653116647997716
OR8D1,-0.07825,0.574252,0.26653116647997716
YIPF3,-0.00209,0.574092,0.26662937828066935
UPK2,0.152365,0.574081,0.26663613167134503
EIF4A1P8,-0.17898,0.574081,0.26663613167134503
KIF5C,-0.12067,0.574081,0.26663613167134503
TMEM168,-0.15463,0.574081,0.26663613167134503
AP001330.3,-0.26054,0.573865,0.26676877836960483
CDKL5,-0.37065,0.573865,0.26676877836960483
TFEB,-0.21179,0.573865,0.26676877836960483
ADGRL4,0.210619,0.573851,0.2667773781175885
ELOC,0.163448,0.573851,0.2667773781175885
CSNK1G2,0.060763,0.573765,0.26683021122328704
CLOCK,-0.12697,0.573645,0.2669039493221195
L3MBTL4,-0.32045,0.573122,0.26722556255068886
LCE1E,0.365915,0.573122,0.26722556255068886
TAF15,-0.21668,0.573037,0.26727786898495026
SPTBN4,-0.20809,0.572971,0.2673184904539365
UBA7,0.046149,0.572929,0.26734434369402177
MARVELD2,-0.37416,0.572851,0.2673923634879474
AC025287.4,-0.21522,0.572726,0.2674693362734588
PLOD2,0.069408,0.572672,0.26750259537008025
DDAH2,-0.29301,0.572597,0.26754879542083115
RPL22L1,0.149837,0.572391,0.2676757326204775
RPS4XP1,-0.14418,0.572228,0.267776215898784
CDH3,0.081001,0.572013,0.26790881288497126
SLC6A13,-0.16824,0.572013,0.26790881288497126
ANKFY1,-0.09714,0.572013,0.26790881288497126
TPTE2P2,-0.30458,0.572013,0.26790881288497126
USP38,0.045664,0.572013,0.26790881288497126
TRIT1,0.007794,0.572013,0.26790881288497126
TTL,0.154413,0.572013,0.26790881288497126
BCAS3,-0.2458,0.572013,0.26790881288497126
YPEL2,-0.00204,0.572013,0.26790881288497126
KLK1,-0.24641,0.572013,0.26790881288497126
AC090241.1,-0.3414,0.571946,0.2679501472234813
C5orf49,-0.23245,0.571716,0.2680920897495317
MTND4P30,-0.20347,0.571716,0.2680920897495317
BLZF1,0.019202,0.571591,0.2681692639614367
MTND5P40,-0.46548,0.571588,0.2681711164154836
TRIM26,1.13346,0.571359,0.26831255818340366
ADAM32,-0.37721,0.571113,0.2684645831097265
HIST1H4H,0.134069,0.571113,0.2684645831097265
DDX27,0.011951,0.570783,0.26866865427249004
ARRDC5,-0.09992,0.570783,0.26866865427249004
PTCHD3,-0.08137,0.570325,0.2689521373813221
RWDD1,0.046496,0.570325,0.2689521373813221
IRF2BPL,-0.19789,0.570256,0.26899487145356826
SMAD5,-0.14703,0.570256,0.26899487145356826
Z97353.1,-0.2699,0.569732,0.2693196243267025
ZNF470,-0.19741,0.569731,0.2693202444587687
C2orf27A,-0.22773,0.569714,0.26933078692236634
LOX,-0.41235,0.569656,0.2693667584335024
COL18A1,-0.17494,0.569491,0.2694691174573414
APBA2,-0.08856,0.569491,0.2694691174573414
NMNAT2,-0.13021,0.569491,0.2694691174573414
RPS27AP9,-0.28493,0.569469,0.26948276826569545
FAM222A,-0.20735,0.569469,0.26948276826569545
PRKCD,-0.23999,0.569469,0.26948276826569545
UBE2G1,0.025134,0.569468,0.2694833887734149
PPP3CB,-0.18223,0.569366,0.2695466880667239
BSND,-0.07605,0.569366,0.2695466880667239
HIST1H4J,0.138697,0.569366,0.2695466880667239
CICP14,-0.25449,0.569366,0.2695466880667239
HIST2H2AC,0.117375,0.569366,0.2695466880667239
TMEM220,-0.21311,0.569134,0.26969071830486424
ECE2,-0.14667,0.569134,0.26969071830486424
TRA2B,0.017019,0.568976,0.26978885191547464
UGGT2,-0.1638,0.568972,0.2697913367740725
GGT2,-0.09534,0.568899,0.2698366894638534
DES,0.371063,0.568899,0.2698366894638534
PPP4R4,-0.16559,0.56878,0.2699106369051778
F8A3,-0.52713,0.568601,0.27002190693969036
AC087257.2,-0.36995,0.568601,0.27002190693969036
FBXO16,-0.38314,0.568507,0.27008035761634597
CYP51A1P3,-0.24275,0.568433,0.2701263808796129
MYBL2,0.106765,0.568433,0.2701263808796129
TBCD,-0.06458,0.568368,0.2701668131888089
LRIG3,-0.21136,0.568142,0.27030744032503495
PPEF1,-0.2205,0.568142,0.27030744032503495
ZDBF2,-0.14899,0.568142,0.27030744032503495
TXLNB,0.037629,0.568142,0.27030744032503495
STX4,0.050291,0.568142,0.27030744032503495
PDLIM1P4,-0.30893,0.567888,0.27046557765854495
TAGAP,0.036132,0.567881,0.27046993708372863
DUSP13,0.218842,0.567537,0.2706842582888466
GAPDHP70,-0.10823,0.567342,0.2708058239184555
SLC13A4,-0.23778,0.567314,0.2708232839779863
TSSC2,-0.3107,0.567111,0.2709499030804078
MTND4LP30,-0.47033,0.56703,0.27100044249512933
SHMT2,0.012801,0.566977,0.271033516596912
CPT1B,0.192909,0.566851,0.2711121617994707
HCAR1,-0.19106,0.566751,0.27117459486929646
PMPCB,0.031863,0.566751,0.27117459486929646
TSSK1B,-0.12651,0.566751,0.27117459486929646
USP8,-0.05463,0.566751,0.27117459486929646
CSRP1,0.109872,0.566673,0.2712233026443837
CBX3P5,-0.22413,0.566655,0.2712345441425464
AC067904.2,-0.08139,0.566596,0.2712713945420644
DLX2,0.084273,0.566475,0.2713469847535522
UBE2J1,0.05882,0.566475,0.2713469847535522
DBNL,0.012277,0.566372,0.2714113467362746
DET1,0.088074,0.566355,0.27142197105547017
CBWD1,0.170943,0.566355,0.27142197105547017
MRPL4,0.040507,0.566157,0.2715457437605714
BEND3P1,-0.19003,0.566064,0.27160389890492587
SRXN1,0.134654,0.565864,0.2717290059274349
ARFIP2,0.047288,0.565799,0.271769678116317
LINGO1,-0.11353,0.565631,0.2718748282848573
CSNK2B,0.79211,0.565504,0.27195434380628497
PPP2R5C,0.040242,0.565504,0.27195434380628497
SS18L2,0.085384,0.565406,0.27201571813645214
RPL38,0.074611,0.565406,0.27201571813645214
AC010287.1,-0.43519,0.565349,0.2720514218216534
PCYOX1,-0.13281,0.565346,0.27205330109278947
LIMS1,-0.03337,0.565346,0.27205330109278947
AMELX,-0.16254,0.565346,0.27205330109278947
CXCL6,0.046657,0.565346,0.27205330109278947
DAPK2,-0.27954,0.565346,0.27205330109278947
ARPC1B,0.049335,0.564633,0.2725003095782511
AC015910.1,-0.38134,0.564633,0.2725003095782511
KDELR1,-0.12185,0.564436,0.27262394628219044
NIF3L1,-0.01555,0.564403,0.27264466248378916
ANKRD13B,-0.18633,0.564003,0.27289589317624646
AP001102.1,-0.35985,0.564003,0.27289589317624646
BTLA,-0.07916,0.563997,0.2728996633983836
CCDC189,0.081209,0.563826,0.273007136628517
AL022324.1,-0.2011,0.563608,0.2731442106602745
TAS2R60,0.11346,0.563608,0.2731442106602745
MRAP2,0.121681,0.563549,0.2731813205104253
IL5,-0.15851,0.563549,0.2731813205104253
SMPD5,-0.13497,0.563454,0.2732410842541622
UBR2,-0.14941,0.563229,0.27338268212128747
VAMP8,0.082973,0.563229,0.27338268212128747
GAPDHP72,-0.15049,0.563229,0.27338268212128747
TMEM59,0.093028,0.563229,0.27338268212128747
SPATA20,0.103643,0.562919,0.2735778927192419
NABP1,-0.84576,0.562919,0.2735778927192419
OR5A2,-0.20297,0.562686,0.27372470727486437
SPATA1,-0.3104,0.562369,0.2739245772049536
CDA,0.272259,0.562102,0.2740930351338277
STX16,-0.18573,0.561523,0.27445869877926465
ADM5,0.100128,0.561485,0.27448271448123623
SLCO2A1,-0.18052,0.561485,0.27448271448123623
PA2G4P2,-0.10027,0.561468,0.2744934590282399
ACTA1,0.318778,0.561253,0.27462938224783245
STK24,0.021417,0.561253,0.27462938224783245
THUMPD3,0.005805,0.561004,0.2747868844178493
RPL10P12,-0.47241,0.560901,0.2748520623254767
MTCYBP21,-0.14205,0.560901,0.2748520623254767
TMEM171,0.156026,0.560825,0.27490016467409767
CACNA2D3,-0.15759,0.560825,0.27490016467409767
DDX50P1,-0.24688,0.560508,0.2751008929066418
UTP6,0.044031,0.560499,0.2751065939546495
C16orf70,-0.03441,0.560499,0.2751065939546495
CCNK,-0.21571,0.560499,0.2751065939546495
PRRX2,0.098396,0.560499,0.2751065939546495
RAX2,-0.13547,0.560003,0.2754209677866013
OLFM1,0.10714,0.560003,0.2754209677866013
EVPLL,0.204597,0.559799,0.2755503709401263
KRTAP19-5,-0.52793,0.559647,0.2756468285017015
ASIC1,-0.18043,0.559587,0.2756849131491296
PHPT1,0.055303,0.559515,0.2757306216718837
AC090950.1,-0.3183,0.559515,0.2757306216718837
ZNF259P1,-0.06465,0.559515,0.2757306216718837
AC136944.3,0.204293,0.559473,0.2757572884765213
SMOC2,0.198516,0.559285,0.2758766857862539
AGFG2,-0.13643,0.559185,0.27594021605458524
TMEM67,-0.17106,0.558894,0.27612517237882805
TSSK1A,-0.22161,0.558865,0.2761436112439144
PRIM2,-0.2017,0.558782,0.27619639135278784
MRNIP,-0.29092,0.558776,0.2762002071733073
ZNF397,-0.1703,0.558729,0.2762300995913261
CEP55,0.120832,0.558662,0.276272717780404
PPP1R3D,0.023036,0.558647,0.27628226006681594
PHKG1,-0.29738,0.558571,0.27633061271688913
CSTB,0.109422,0.558281,0.2765151940144596
DERA,-0.02635,0.558269,0.2765228345171813
MYRFL,0.218258,0.55802,0.2766814225973757
AC005336.1,0.189068,0.557896,0.27676043210863704
BDP1,-0.38039,0.557879,0.27677126581624284
LRRTM2,-0.31885,0.557879,0.27677126581624284
TAZ,0.077655,0.557879,0.27677126581624284
TMEM164,-0.23587,0.557879,0.27677126581624284
JOSD1,0.082246,0.557879,0.27677126581624284
AC011939.1,-0.30375,0.557701,0.27688472657774577
TSPYL6,-0.10703,0.557644,0.27692106934934185
EIF3F,0.058829,0.557644,0.27692106934934185
PRLHR,-0.06967,0.557343,0.2771130638074269
GPR157,-0.22132,0.557228,0.27718645231066297
MAPK8IP2,-0.25513,0.557047,0.27730199880317086
MSANTD3,0.049185,0.557047,0.27730199880317086
KRTAP10-3,-0.14981,0.557047,0.27730199880317086
PODN,-0.40867,0.557047,0.27730199880317086
FOXO6,-0.21666,0.557047,0.27730199880317086
TMED3,0.059746,0.556295,0.27778257536224693
OAF,-0.25705,0.55604,0.27794572584958066
USP36,-0.16116,0.55604,0.27794572584958066
TAPBPL,0.069353,0.555768,0.2781198586561715
ANKRD11,-0.22915,0.555395,0.2783588284637395
CD300A,0.104459,0.555395,0.2783588284637395
UBR4,0.098559,0.55514,0.2785223174027353
HMGB3P22,-0.28793,0.555016,0.27860185260234066
HMGB1P33,-0.27184,0.554897,0.2786782020942837
CLMP,-0.56196,0.554897,0.2786782020942837
SCARA5,-0.41947,0.554897,0.2786782020942837
C3orf70,-0.1648,0.554897,0.2786782020942837
ATG16L1,-0.02633,0.554717,0.27879372848276973
HP,-0.20067,0.554717,0.27879372848276973
DAPK1,-0.42866,0.554578,0.2788829732971938
CYSTM1,-0.22767,0.554351,0.2790287798528363
AMOT,-0.26443,0.554351,0.2790287798528363
DOC2A,-0.13098,0.554311,0.2790544805367386
FTH1P4,-0.34442,0.554311,0.2790544805367386
NHP2P1,-0.25316,0.554311,0.2790544805367386
CHRAC1,0.020035,0.554311,0.2790544805367386
IQCF3,-0.39834,0.554219,0.27911360109370825
ODF2,0.040581,0.553955,0.27928332093706276
PABPC1,-0.22747,0.553769,0.2794029582461581
AL593848.2,0.303366,0.553467,0.27959731723922426
SYNJ1,-0.1527,0.553467,0.27959731723922426
SEZ6L2,-0.153,0.553356,0.2796687877965394
MRPL33,0.091593,0.552865,0.2799851515386481
NUTM2B,-0.28118,0.552768,0.2800476934174867
C19orf70,0.011716,0.552768,0.2800476934174867
SMARCA1,-0.19371,0.552754,0.2800567212340158
LCORL,-0.2105,0.552684,0.2801018646822556
OR2L5,-0.10337,0.552684,0.2801018646822556
GPR12,-0.45766,0.552684,0.2801018646822556
DYRK1A,-0.1467,0.552663,0.28011540913566
PLCD1,-0.00628,0.552663,0.28011540913566
FAM35A,0.012717,0.552663,0.28011540913566
TMEM125,0.079802,0.552663,0.28011540913566
CFHR3,-0.14331,0.55248,0.28023346709760333
HOXD1,-0.09427,0.552213,0.2804058048628019
MTHFR,0.038996,0.552213,0.2804058048628019
CA5A,-0.1659,0.552193,0.28041871832466836
ZFP14,-0.13031,0.551842,0.280645446408155
PHB2,0.036425,0.551597,0.28080381252898245
ZSCAN5B,-0.03725,0.551597,0.28080381252898245
LHX2,-0.44739,0.551597,0.28080381252898245
GLP1R,-0.04742,0.551517,0.28085554326723605
AGL,-0.16756,0.551371,0.2809499764324287
AC040975.1,-0.46081,0.551201,0.28105997286819095
LEPR,0.217024,0.551201,0.28105997286819095
AC027575.1,-0.13053,0.551201,0.28105997286819095
ARL14,0.111223,0.551201,0.28105997286819095
AC046134.1,-0.2982,0.551201,0.28105997286819095
ZFAND4,-0.15408,0.551193,0.2810651502319062
PITPNA,0.01736,0.551146,0.281095569169847
SUCLG2P4,-0.3072,0.551122,0.28111110351428753
GLT8D2,-0.27889,0.551082,0.2811369959961192
FDFT1,0.044941,0.550849,0.2812878671163181
SLC25A41,0.097722,0.550849,0.2812878671163181
MTCO3P12,-0.49966,0.550849,0.2812878671163181
RBFOX1,-0.20272,0.550849,0.2812878671163181
SLC20A2,-0.03632,0.550849,0.2812878671163181
POPDC2,0.013354,0.550834,0.2812975826228429
AC069113.1,-0.53686,0.550727,0.2813668963045145
SYNE1,-0.2478,0.550413,0.28157040142736683
SDHA,-0.15309,0.550413,0.28157040142736683
C12orf40,-0.17472,0.550413,0.28157040142736683
AC103591.2,-0.25486,0.550413,0.28157040142736683
PRDX2P1,-0.20344,0.550413,0.28157040142736683
PRDM7,-0.36033,0.550413,0.28157040142736683
HIGD1C,-0.32912,0.550413,0.28157040142736683
ZNF730,-0.19635,0.550413,0.28157040142736683
AL137784.1,0.16012,0.550109,0.2817675657273505
AC098934.2,-0.16665,0.550063,0.2817974118225961
IL17REL,-0.06074,0.550061,0.2817987095506236
FYB2,-0.25244,0.54998,0.2818512725583533
GTF2IP23,-0.34982,0.549957,0.28186619964400356
AC241556.3,-0.61653,0.549957,0.28186619964400356
GDF11,-0.15037,0.549957,0.28186619964400356
ANKRD36C,-0.36396,0.54966,0.28205902478006395
SKP1P1,-0.3264,0.54966,0.28205902478006395
AL117692.1,-0.29935,0.54966,0.28205902478006395
PPIAP72,-0.32838,0.54966,0.28205902478006395
CS,-0.15297,0.54966,0.28205902478006395
BABAM1,0.002228,0.549598,0.282099294478612
ANKRD36B,-0.41241,0.549546,0.2821330734975983
OR6J1,-0.20044,0.549467,0.2821843993629854
NAXE,0.036071,0.549426,0.2822110405177573
PXMP4,-0.14618,0.549369,0.2822480823998221
NDUFS2,-0.00444,0.548903,0.28255109844537263
METAP1D,0.128962,0.548433,0.28285704500071335
TSPO,0.084968,0.548191,0.28301470410697294
HAP1,-0.16649,0.547893,0.28320896704884196
ITGA2B,-0.03301,0.547893,0.28320896704884196
TTC7A,-0.26833,0.547893,0.28320896704884196
IRF8,-0.05996,0.547893,0.28320896704884196
MSH5,0.074684,0.547893,0.28320896704884196
AC117529.1,-0.30184,0.547828,0.28325135754948655
SLC22A24,-0.05017,0.547828,0.28325135754948655
PSORS1C1,-0.33166,0.547828,0.28325135754948655
CLDN18,-0.28617,0.547796,0.2832722290497225
AKR1B15,-0.29588,0.547705,0.2833315907841731
ZFP2,-0.07396,0.547668,0.2833557304310555
CCDC115,0.042103,0.547668,0.2833557304310555
PDE4DIP,-0.09858,0.547638,0.28337530462754373
CCL2,0.279803,0.547476,0.2834810286566919
HOXC13,0.070418,0.547424,0.28351497312673013
HIST1H2BB,0.205824,0.547424,0.28351497312673013
FASTKD2,0.031564,0.547349,0.28356393865593926
GRM7,-0.17943,0.547343,0.28356785626358944
H3F3B,0.087276,0.547321,0.28358222128804106
DUSP23,0.069456,0.547249,0.2836292391834578
AC007228.1,-0.6982,0.546868,0.28387817201453064
ZNF138,-0.17547,0.546625,0.28403705429618925
PCDHGB8P,-0.19639,0.546625,0.28403705429618925
MANBAL,0.015035,0.546625,0.28403705429618925
TMEM183A,0.018368,0.546585,0.2840632162804579
AC116562.4,-0.34071,0.546394,0.28418817298394217
SNTN,-0.26383,0.546215,0.2843053288996133
PITPNM2,-0.09931,0.545947,0.2844808258158514
SLC27A5,0.062302,0.545922,0.28449720231991965
TRPA1,-0.3029,0.545922,0.28449720231991965
ADPRHL1,0.053576,0.545837,0.28455288948573065
PHB,0.018582,0.545803,0.2845751674039758
YIF1B,0.064855,0.545362,0.2848642831843915
GRK5,0.120809,0.545232,0.28494956610063915
ANKRD20A19P,-0.20865,0.545115,0.285026342554967
PSMD8P1,-0.21042,0.544995,0.2851051091253671
ERF,-0.01545,0.544829,0.28521410543134
NRL,0.085704,0.544706,0.28529489463021607
TBC1D10B,-0.14993,0.544321,0.28554791933826873
AC026951.1,-0.11207,0.54432,0.28554857683740814
OR13D3P,-0.13276,0.544256,0.28559065993149546
CDK5RAP2,-0.11046,0.544031,0.2857386575447664
KRBOX1,0.29703,0.543808,0.2858854152987272
SNRK,-0.02072,0.543714,0.28594729989231277
GP1BA,-0.22862,0.54367,0.2859762717514768
RSBN1L,-0.13231,0.54367,0.2859762717514768
ATP5MC3,0.103613,0.54367,0.2859762717514768
PROSER3,-0.26779,0.54367,0.2859762717514768
AC216130.2,-0.2798,0.543582,0.2860342242762908
TMEM199,0.035619,0.543582,0.2860342242762908
TBC1D19,-0.21736,0.543582,0.2860342242762908
FAM103A1,0.079994,0.543351,0.2861864055356415
PIFO,0.136934,0.543307,0.2862154016207207
MAGED4B,-0.21743,0.543163,0.2863103184414138
IL24,0.099255,0.543142,0.28632416310743103
HOXB5,-0.09908,0.543128,0.28633339325669893
DNM1P47,-0.18691,0.543089,0.28635910738437115
FAM222B,-0.23791,0.542947,0.2864527526950946
FAM131A,0.059299,0.542913,0.2864751793554501
SEC23B,0.018364,0.542913,0.2864751793554501
DPCD,0.035336,0.542696,0.28661835558687504
CSPP1,-0.15722,0.542694,0.2866196755162202
DHFR2,-0.1402,0.542324,0.2868639670554394
FAM210B,0.040454,0.542265,0.2869029408956879
AL353779.2,0.31791,0.542178,0.28696042045662074
PMCHL2,-0.1119,0.541903,0.2871421844642892
JMJD1C,-0.174,0.541903,0.2871421844642892
IGFBP2,0.278933,0.541763,0.28723476308929125
ZCCHC4,-0.18441,0.541739,0.2872506367074998
CLIC3,0.101264,0.541739,0.2872506367074998
TJP1,-0.21332,0.541624,0.28732670996796583
GPANK1,-0.26346,0.541624,0.28732670996796583
TLK2P2,-0.19221,0.541284,0.28755174006986034
PSEN2,0.037814,0.541262,0.28756630691051577
TMEM47,-0.24956,0.541262,0.28756630691051577
ZNF674,-0.14403,0.541083,0.2876848554540689
AL023807.1,-0.41836,0.540774,0.2878896157164022
CCT7,0.038058,0.540582,0.2880169187992568
VN1R42P,-0.40321,0.540582,0.2880169187992568
RPL31P2,-0.30287,0.540517,0.2880600289504262
AC098650.1,-0.21475,0.540481,0.288083908118349
GOLGA8T,-0.17063,0.540401,0.2881369800232912
LRRFIP2,-0.01463,0.540386,0.2881469320938805
RPL37,0.081067,0.540386,0.2881469320938805
ZBTB26,-0.15503,0.5402,0.2882703663307125
NPPC,-0.11333,0.540147,0.28830554813096776
LRPAP1,0.073546,0.540111,0.28832944765157104
AC241556.4,-0.23606,0.540058,0.288364636662374
ONECUT2,-0.02076,0.540058,0.288364636662374
MOGAT1,-0.77066,0.540028,0.2883845568737976
INTS3,-0.28018,0.540028,0.2883845568737976
CR392039.4,-0.38782,0.540028,0.2883845568737976
EFCAB13,-0.35316,0.540028,0.2883845568737976
FBLN1,-0.34924,0.540028,0.2883845568737976
RRAD,0.133648,0.540028,0.2883845568737976
BTNL8,-0.13913,0.540028,0.2883845568737976
AC097376.1,-0.31131,0.539986,0.288412447481638
MS4A4A,0.085368,0.539986,0.288412447481638
COX17,0.070409,0.539824,0.288520050810179
SCIN,-0.14635,0.539824,0.288520050810179
ZNF507,-0.13395,0.539754,0.2885665584959167
PAG1,-0.10849,0.539634,0.28864630339928643
RPP21,0.889398,0.539504,0.2887327185800273
LSM6,0.09197,0.539347,0.28883711601865814
SMIM30,0.093557,0.539216,0.28892425359695995
MGAT4C,-0.00552,0.53907,0.2890213997363976
SPATA13,-0.22517,0.539056,0.289030716835703
PPFIA1,-0.17521,0.539039,0.28904203086007935
TM2D1,0.018352,0.538786,0.2892104625150769
SLITRK2,-0.15306,0.538786,0.2892104625150769
ENPP3,-0.27538,0.538383,0.28947895754467945
ADAM28,-0.18118,0.538383,0.28947895754467945
PSORS1C1,0.56196,0.538249,0.2895682890163615
CAV2,0.11151,0.538249,0.2895682890163615
IARS2P1,-0.13583,0.538214,0.28959162640363373
TP53AIP1,0.104645,0.538214,0.28959162640363373
UBE2D3P3,-0.34282,0.538214,0.28959162640363373
ITM2C,0.059647,0.538161,0.28962696945635674
SYNRG,-0.10094,0.537742,0.28990653151411905
IGLV6-57,-0.57165,0.537741,0.2899071990493454
BAG1,0.054902,0.537718,0.28992255278378687
PCNAP1,-0.15901,0.537718,0.28992255278378687
AP002383.1,-0.12987,0.537535,0.2900447440827542
CMC4,0.089155,0.537471,0.2900874898053557
AL022331.1,-0.22842,0.537306,0.2901977226806261
YAP1P1,-0.14883,0.537306,0.2901977226806261
AC145285.1,-0.26119,0.537306,0.2901977226806261
HOXB13,-0.10409,0.537306,0.2901977226806261
PPP1R12C,0.07588,0.537306,0.2901977226806261
SLC35F6,-0.16847,0.537306,0.2901977226806261
TRAPPC13,0.034096,0.537306,0.2901977226806261
VBP1,0.052368,0.537306,0.2901977226806261
SRSF12,-0.22997,0.537306,0.2901977226806261
ADAMTS3,0.071421,0.537306,0.2901977226806261
CNTNAP4,-0.02296,0.537306,0.2901977226806261
RCC1,0.088505,0.537306,0.2901977226806261
AP000866.4,-0.29378,0.537306,0.2901977226806261
ANXA13,-0.2512,0.537306,0.2901977226806261
DR1,-0.05586,0.537232,0.2902471740598684
AC073488.1,0.087187,0.537229,0.29024917902324215
AC074367.1,-0.32415,0.537015,0.2903922354807466
AL078595.2,-0.18387,0.537015,0.2903922354807466
RXYLT1,-0.01514,0.536967,0.29042433259042766
ENO4,-0.24492,0.536967,0.29042433259042766
MTCYBP43,-0.26626,0.536827,0.29051796942553254
HMGN4,0.069416,0.53655,0.2907033255605537
SAP30,0.063532,0.53603,0.29105160597956126
TRPC1,-0.28688,0.53603,0.29105160597956126
ETFRF1,0.091428,0.535745,0.2912426674239032
AC133552.1,-0.05873,0.535745,0.2912426674239032
UPB1,-0.41831,0.535571,0.2913593771204557
NOL9,-0.09538,0.535128,0.29165672848358626
NUDT18,0.05238,0.535118,0.2916634442052564
BCAP31,0.035614,0.534865,0.29183340342005837
AL117344.1,0.203443,0.534861,0.291836091317414
VPS45,-0.03326,0.534851,0.29184281116911354
ETS2,0.078128,0.534836,0.2918528912367866
RPS7P15,-0.2886,0.534827,0.291858939444506
AC016559.1,-0.68942,0.534827,0.291858939444506
FPR2,0.069341,0.534743,0.2919153954277383
NPTXR,-0.11426,0.534743,0.2919153954277383
VPS53,-0.13369,0.534714,0.29193488871966294
IDS,-0.10457,0.534659,0.2919718623315819
AC019097.1,-0.22863,0.534659,0.2919718623315819
MUC1,-0.57478,0.534659,0.2919718623315819
AC011487.2,-0.22608,0.534659,0.2919718623315819
AL513122.1,-0.14089,0.534659,0.2919718623315819
CDK5RAP3,0.069748,0.534469,0.29209962538812645
SPDEF,-0.35854,0.5344,0.2921460373877333
UBD,0.379884,0.534292,0.29221869706178527
PLCL1,-0.17182,0.534292,0.29221869706178527
FUCA1,0.054574,0.534248,0.2922483043318646
PWWP2AP1,-0.04855,0.534167,0.29230281646892897
SNRPGP6,-0.82597,0.534166,0.2923034895218116
INHBA,-0.23029,0.534158,0.2923088740006652
RRP9,0.0685,0.534158,0.2923088740006652
FZD1,-0.16293,0.534122,0.29233310538296775
SLC39A3,0.037361,0.534122,0.29233310538296775
LYAR,0.075501,0.534122,0.29233310538296775
EGLN1P1,-0.28588,0.534122,0.29233310538296775
RPL23AP11,-0.32347,0.533995,0.2924186043585505
MLLT3,-0.1795,0.533995,0.2924186043585505
ERMAP,0.051006,0.533995,0.2924186043585505
PTEN,-0.25248,0.533995,0.2924186043585505
CBX7,-0.21999,0.533995,0.2924186043585505
TNFSF13B,-0.95304,0.533995,0.2924186043585505
TAS2R14,-0.22935,0.533995,0.2924186043585505
AAMP,0.012164,0.533922,0.2924677607562622
CFLAR,-0.09117,0.533922,0.2924677607562622
NNMT,0.282317,0.533922,0.2924677607562622
AL593848.1,-0.45757,0.53355,0.2927183847474577
VEPH1,-0.34723,0.533485,0.2927621986104389
DUSP11,-0.00212,0.533466,0.29277500697822617
PIKFYVE,-0.1803,0.533089,0.2930292678621989
NECTIN1,-0.23151,0.533089,0.2930292678621989
MACF1,-0.17878,0.533089,0.2930292678621989
SMIM19,0.081572,0.533054,0.2930528841826511
BNIP3,0.07071,0.533054,0.2930528841826511
FAM200A,0.038095,0.532942,0.29312846919921315
VARS2,0.636008,0.532942,0.29312846919921315
BUD13P1,-0.18153,0.532942,0.29312846919921315
TCEAL4,0.106589,0.532875,0.29317369455496883
SYT7,-0.37853,0.532856,0.29318652092573405
RAB28P5,-0.29722,0.532799,0.2932250034050559
LRP2,-0.01801,0.532272,0.2935810368779278
NSA2,0.054531,0.532272,0.2935810368779278
GOLGA8F,-0.01854,0.532155,0.2936601389849351
WRN,-0.18678,0.532155,0.2936601389849351
DPY19L2P2,-0.22857,0.532155,0.2936601389849351
OR2H2,-0.19114,0.532061,0.29372370654515634
LRRC18,-0.16218,0.53183,0.2938799789061869
ZMPSTE24,0.048749,0.531553,0.2940674800688786
MUS81,0.085486,0.531553,0.2940674800688786
TMEM50B,-0.01412,0.531072,0.2943933530002272
DCDC1,-0.12519,0.531072,0.2943933530002272
AACSP1,-0.17088,0.531033,0.294419790951382
FTLP14,0.181675,0.531033,0.294419790951382
SETMAR,-0.12636,0.531033,0.294419790951382
AC010319.1,-0.29115,0.530995,0.2944455532900707
CLDN11,-1.87545,0.530795,0.2945811817056113
TRAJ29,-1.28693,0.530795,0.2945811817056113
AC087393.1,-1.2472,0.530461,0.2948078204556094
OR5P3,-0.33489,0.530461,0.2948078204556094
SLC30A4,-0.29419,0.530374,0.29486688371939623
DPH1,-0.00278,0.530044,0.2950910243755829
UBE3AP2,-0.06482,0.530044,0.2950910243755829
PPP6R2,0.023064,0.530044,0.2950910243755829
AL627230.1,-0.55359,0.530044,0.2950910243755829
AL356235.1,-0.34378,0.52981,0.2952500637106728
OTOP3,0.261628,0.529666,0.2953479766713247
INTS14,-0.0097,0.529666,0.2953479766713247
AC005351.1,-0.29841,0.529649,0.29535953798302245
SH2D6,-0.30835,0.529645,0.2953622583574272
HNRNPCP4,-0.12149,0.529645,0.2953622583574272
AP002453.1,-0.44397,0.529645,0.2953622583574272
FAM107A,-0.30387,0.529635,0.29536905940305813
AC112191.1,-0.23369,0.529635,0.29536905940305813
MUC20,-0.82563,0.528967,0.2958237240579742
RALGAPA2,-0.28084,0.528967,0.2958237240579742
MMAA,-0.12075,0.528752,0.2959702095631231
SYN2,-0.33151,0.528732,0.2959838398088189
HIST1H2BN,0.050947,0.528699,0.29600633108656266
KRT18P41,-0.10315,0.52857,0.2960942679357457
GALR1,-0.11187,0.528499,0.2961426784323679
IGKV1-17,-0.49001,0.528432,0.2961883688357025
VN2R17P,0.086133,0.528432,0.2961883688357025
HMGB1P39,-0.25108,0.528264,0.29630296681851875
TBX5,-0.26832,0.528072,0.29643399023539707
AC011611.5,-0.28981,0.527973,0.2965015718221262
ST13P3,-0.06812,0.527973,0.2965015718221262
JPH3,-0.07251,0.527822,0.29660468048102867
OR7G2,-0.12402,0.527772,0.29663883032260324
PIK3C2G,-0.27387,0.527754,0.2966511252280688
SELENBP1,-0.2356,0.527721,0.29667366721162713
PCDHGB7,-0.16094,0.527721,0.29667366721162713
CLEC4F,-0.13742,0.527721,0.29667366721162713
FRAS1,-0.29988,0.527649,0.2967228556670758
RANBP1,0.036539,0.527649,0.2967228556670758
OR52B5P,-0.19309,0.527426,0.29687525499666145
AC022826.2,0.552409,0.527426,0.29687525499666145
FNDC3B,-0.24505,0.527131,0.29707697975925584
BHLHE40,0.129151,0.52704,0.2971392343785774
AP002495.1,-0.26088,0.52683,0.297282948679831
RNLS,-0.0019,0.526714,0.2973623635223856
ZC2HC1A,-0.17902,0.526546,0.2974774157344596
SPINT4,-0.24022,0.526391,0.2975836045775288
AC072052.1,-0.44538,0.526305,0.29764253860763934
TEPSIN,0.131013,0.526305,0.29764253860763934
CELF2,-0.27453,0.526305,0.29764253860763934
FNDC5,-0.23662,0.526305,0.29764253860763934
SFT2D1,0.025096,0.526305,0.29764253860763934
GORASP2,-0.04606,0.526132,0.2977611273039419
CTR9,-0.36605,0.52604,0.2978242110561049
GPR61,-0.27083,0.525672,0.29807667974248075
BRMS1L,0.046326,0.525672,0.29807667974248075
C1orf158,-0.29273,0.525672,0.29807667974248075
ADORA1,-0.22526,0.525672,0.29807667974248075
LAIR1,0.230048,0.52562,0.29811237191903517
BBS1,-0.26849,0.525583,0.29813777087779403
AC007215.1,-0.4824,0.525583,0.29813777087779403
PSORS1C2,0.881697,0.525562,0.2981521874656677
CTBP2P6,-0.08754,0.525562,0.2981521874656677
REC8,0.055251,0.525397,0.2982654849157388
CLDN19,-0.07381,0.52528,0.2983458491945604
AL512605.1,-0.31953,0.525043,0.29850870473574886
TMPRSS11A,0.106145,0.525043,0.29850870473574886
APTX,0.040351,0.525038,0.2985121414640005
CRYBG1,-0.18501,0.525035,0.29851420351994357
GIT2,-0.15719,0.524728,0.2987252959080921
AC091133.5,-0.39872,0.524717,0.2987328622484593
FMN2,-0.19907,0.524717,0.2987328622484593
TMEM163,-0.07792,0.524717,0.2987328622484593
RHBDL2,0.098882,0.524717,0.2987328622484593
VOPP1,0.014437,0.524717,0.2987328622484593
OR2AG2,-0.07686,0.524717,0.2987328622484593
RPL23AP32,-0.31848,0.524602,0.2988119763736709
PAX6,-0.47852,0.524602,0.2988119763736709
ADCY9,-0.14604,0.524602,0.2988119763736709
TUBA1C,0.198571,0.524461,0.2989090057641571
OR2A12,-0.07139,0.524421,0.2989365375688574
SLC48A1,-0.282,0.524421,0.2989365375688574
CCNYL2,-0.171,0.524294,0.29902396785730495
IAPP,-0.18285,0.524294,0.29902396785730495
CBLN2,-0.21164,0.524294,0.29902396785730495
CNOT6L,-0.15461,0.524294,0.29902396785730495
PPP1R42,-0.35445,0.52407,0.2991782379398314
LYPLA2,0.016098,0.5238,0.2993642942739855
AC244517.3,-0.17949,0.523797,0.29936636221641205
EEF1B2P8,-0.1148,0.523628,0.2994828793778883
C18orf32,0.119473,0.523627,0.29948356896349587
LRRK1,-0.17505,0.523532,0.2995490868372491
MYD88,0.107607,0.523532,0.2995490868372491
NR2F2,-0.26845,0.523444,0.299609789866146
NECAP1P2,-0.265,0.523374,0.2996580851506918
PMFBP1,-0.23999,0.523354,0.2996718852332453
AC022022.2,-0.41017,0.523354,0.2996718852332453
UBE2Q2P6,-0.23396,0.523306,0.29970500802439953
GZMK,0.154607,0.523277,0.2997250214848206
ZMIZ2,-0.19312,0.523243,0.299748487243811
APBB1IP,-0.26066,0.523037,0.2998907014276166
SCIMP,-0.22883,0.522802,0.300053018445913
TCIM,-0.22426,0.522538,0.30023547086345603
ZNF257,-0.20525,0.522473,0.3002804098781129
VPS11,-0.05291,0.522458,0.30029078137515386
AL512288.2,-0.40934,0.522377,0.3003467936496165
RPSAP8,0.166116,0.522036,0.30058271300823297
MRPL24,-0.01915,0.521987,0.3006166286679275
RSPO3,0.172251,0.521959,0.30063601076302626
MAP3K9,-0.01734,0.52193,0.30065608639320074
SLC2A9,0.216488,0.521811,0.30073847974138307
BACH2,-0.38678,0.521811,0.30073847974138307
AMD1P1,-0.19741,0.521096,0.3012340078327276
DSP,-0.18499,0.521096,0.3012340078327276
HNRNPK,0.005662,0.520968,0.3013228038853548
RBCK1,0.042669,0.520887,0.3013790086596599
PTPRS,-0.18091,0.520886,0.3013797026112715
SLC6A20,-0.24032,0.520886,0.3013797026112715
DOLPP1,0.031975,0.520809,0.3014331416840934
SDCCAG3,0.023945,0.520809,0.3014331416840934
MTFR1L,0.008858,0.520791,0.3014456353012545
LGSN,-0.10307,0.520789,0.3014470235129034
CNTN3,-0.19847,0.520789,0.3014470235129034
WDR72,-0.41142,0.520789,0.3014470235129034
RAD17P2,-0.08595,0.520789,0.3014470235129034
GNB1L,-0.17071,0.520789,0.3014470235129034
ZNRF1,-0.17393,0.520789,0.3014470235129034
RPS27AP2,0.26154,0.52067,0.30152963361358287
FP565260.1,0.195526,0.52058,0.30159212687623255
HLA-J,-0.08852,0.520019,0.3019819603071599
VWA7,-0.24482,0.519984,0.30200629815845176
HIVEP2,-0.17255,0.519746,0.30217184757374177
BEAN1,-0.27354,0.519599,0.3022741440150019
HLA-DQA1,-1.87587,0.519599,0.3022741440150019
MATN3,-0.11801,0.519379,0.3024273054314795
TMEM243,-0.03355,0.519043,0.3026613744730844
RPL13AP6,-0.29193,0.518933,0.30273804357481626
GLRA1,-0.16119,0.518927,0.30274222608434526
BCR,-0.09549,0.518907,0.3027561682001079
HDGF,0.027034,0.518703,0.30289841446127347
ZNF10,-0.29899,0.518677,0.30291654868781037
PTPRT,-0.19122,0.518677,0.30291654868781037
ASPG,0.159634,0.518677,0.30291654868781037
MTCO1P11,-0.22483,0.518658,0.30292980130916275
ACTBP7,-0.1029,0.518658,0.30292980130916275
EIF4A2P3,-0.08409,0.518553,0.30300304993621413
NUDT16P1,-0.21422,0.518502,0.3030386342311395
OST4,0.055747,0.518164,0.30327457304944844
FADS1,-0.82444,0.518164,0.30327457304944844
PCSK1,-0.44723,0.518045,0.3033576839812505
AC018442.1,0.111684,0.518035,0.3033646691304795
CCDC155,-0.29119,0.518035,0.3033646691304795
ALOX15B,-0.73512,0.517716,0.30358757981294926
ZNF771,-0.21041,0.517363,0.3038344399160522
YWHAEP7,-0.03314,0.517345,0.30384703306075905
HRC,-0.39863,0.517282,0.3038911131777549
AL031282.1,-0.34464,0.517282,0.3038911131777549
CASP1,0.101118,0.517212,0.3039400985857031
AC011499.1,0.255066,0.517149,0.3039841922040295
SRSF10P1,-0.15956,0.516898,0.3041599302997918
IFFO2,0.094856,0.516887,0.3041676342926918
ZDHHC14,-0.17093,0.516887,0.3041676342926918
SCML2P2,-0.28897,0.516887,0.3041676342926918
FGF7P8,0.659733,0.516887,0.3041676342926918
STAU1,-0.12638,0.516702,0.30429723068754566
CR2,-0.26848,0.516507,0.3044338920681173
ADGRG6,-0.27837,0.516507,0.3044338920681173
WDR77,0.052587,0.516507,0.3044338920681173
AL671883.2,0.103899,0.516462,0.30446543802480275
OR4P4,-0.14318,0.516455,0.3044703454674044
YME1L1,0.006484,0.516378,0.3045243325568553
TRAP1,-0.03647,0.51619,0.3046561854128805
ACPP,-0.03667,0.51619,0.3046561854128805
CCNB2,0.137133,0.51619,0.3046561854128805
AC115989.1,-0.29797,0.516004,0.3047866917606987
AL138785.1,-0.42529,0.515695,0.3050036242886975
CCL8,0.137878,0.515695,0.3050036242886975
ERP27,0.258715,0.515685,0.305010647337539
ZCCHC17,0.054872,0.515685,0.305010647337539
RIPPLY1,-0.07475,0.514983,0.3055040697224858
NINL,-0.21557,0.514983,0.3055040697224858
EVC,-0.21182,0.514983,0.3055040697224858
KIAA0586,-0.15114,0.514982,0.30550477317241237
SLC25A34,-0.14302,0.514855,0.3055941244797427
BX284632.1,-0.21082,0.514824,0.3056159386090228
CYP2R1,0.02839,0.514824,0.3056159386090228
PELI1,0.00133,0.514544,0.3058130400174207
DEGS1,0.079457,0.514261,0.30601238239411505
AC073415.1,-0.55541,0.514194,0.30605959554573153
SAV1,-0.10447,0.514194,0.30605959554573153
OR2F1,-0.42637,0.513836,0.30631199227785905
CENPS-CORT,0.291349,0.513505,0.3065455386863243
TDG,-0.03318,0.513425,0.30660201166253415
MAST4,-0.18457,0.51312,0.3068174103422524
SYNGR1,-0.08546,0.512942,0.3069431883449549
SLC16A8,-0.17742,0.51272,0.30710012979751716
AC010368.1,-0.2982,0.512548,0.3072217792443522
GDI2,0.040211,0.512475,0.30727342409779557
MCUR1P1,-0.34973,0.512246,0.3074354896360988
KLRG1,-0.16116,0.512246,0.3074354896360988
AC019181.1,-0.39139,0.512246,0.3074354896360988
FCN1,0.283232,0.512221,0.3074531875548682
BCL2L2-PABPN1,0.208844,0.511878,0.307696105903455
ANAPC7,-0.02436,0.511867,0.30770389946328686
ARHGAP39,-0.25498,0.511867,0.30770389946328686
CTAGE8,-0.71505,0.511867,0.30770389946328686
SYT1,-0.34829,0.511867,0.30770389946328686
PYURF,0.068125,0.511843,0.3077209042790299
QKI,-0.15632,0.511399,0.30803566293176576
TOX4,-0.0976,0.511399,0.30803566293176576
ARAP1,-0.20765,0.511083,0.30825987644352515
PABPC4L,0.106443,0.511083,0.30825987644352515
NUDT5,0.007623,0.511083,0.30825987644352515
INTS12,-0.02888,0.511083,0.30825987644352515
LILRA4,-0.1089,0.511083,0.30825987644352515
GSTM2,-0.25786,0.511083,0.30825987644352515
SCO2,0.085582,0.511083,0.30825987644352515
C5orf24,-0.11555,0.511083,0.30825987644352515
HERC5,0.11234,0.511083,0.30825987644352515
PDE2A,0.036993,0.511083,0.30825987644352515
HNRNPKP2,0.070046,0.511083,0.30825987644352515
CABP4,-0.36261,0.511002,0.30831737516768215
SPON1,-0.30811,0.510739,0.30850414251213604
AC073488.2,0.161316,0.510739,0.30850414251213604
BAIAP3,0.185194,0.510682,0.3085446355206395
PRB1,-0.09122,0.510663,0.30855813437120594
DENND5B,-0.16407,0.510583,0.3086149781153895
UBA3,-0.07859,0.510583,0.3086149781153895
SRMP2,-0.27194,0.510479,0.3086888906387104
EPB41L2,-0.34322,0.510321,0.30880121469488886
ADAMTS10,-0.43361,0.509901,0.30909999639629876
SLC25A25,0.074341,0.509699,0.3092437991034985
VN1R1,-0.15662,0.509674,0.30926160111992473
GPR22,-0.21641,0.509674,0.30926160111992473
KRTAP10-11,-0.12392,0.509646,0.30928154059496255
DAND5,-0.15661,0.509646,0.30928154059496255
OR11G2,-0.0797,0.509646,0.30928154059496255
PHBP16,0.16331,0.509627,0.30929507168518033
AL136380.1,-0.69217,0.509516,0.3093741335709182
AL031777.3,0.147261,0.509516,0.3093741335709182
TMEM35A,-0.11977,0.509516,0.3093741335709182
HNRNPA1P35,-0.20215,0.50935,0.30949240797794747
PYCARD,0.085535,0.509251,0.30956296664767075
L2HGDH,-0.15716,0.509251,0.30956296664767075
MCCC2,-0.08993,0.509121,0.3096556438772022
ZNF137P,-0.25366,0.509121,0.3096556438772022
SLC35F5,-0.19595,0.509121,0.3096556438772022
OR10AD1,-0.19537,0.509121,0.3096556438772022
CDHR5,-0.09393,0.50825,0.3102772974249518
ZNF610,-0.20551,0.50825,0.3102772974249518
IFIT1P1,0.06917,0.508249,0.31027801186565407
HIST1H2AC,0.088184,0.507788,0.31060754427561094
FAM120AOS,0.033589,0.507747,0.31063686887214803
NCAPG2,0.088179,0.507744,0.3106390146830302
SSBP2,-0.15487,0.507682,0.3106833647600692
CNOT3,-0.38914,0.507525,0.3107956989204154
REPS1,-0.19519,0.507525,0.3107956989204154
C1orf146,-0.25898,0.507525,0.3107956989204154
ANKDD1B,-0.13706,0.507525,0.3107956989204154
PTPRB,0.097209,0.507319,0.31094315439903575
AC009237.3,-0.13506,0.507279,0.31097179464083086
MRPS15,0.065589,0.507279,0.31097179464083086
MAGIX,-0.02187,0.507279,0.31097179464083086
RBFOX2,-1.03432,0.507194,0.3110326639138834
IFNK,-0.23401,0.506894,0.3112475918914393
HIST2H2AB,0.118767,0.506739,0.31135869619698603
AC022662.1,-0.45276,0.506689,0.31139454475517725
AC004076.1,-0.41469,0.506689,0.31139454475517725
AC073349.2,-0.25626,0.506569,0.31148059813575874
DPYS,0.174355,0.506519,0.31151646072923717
AC114878.2,-0.18446,0.506519,0.31151646072923717
C2CD3,-0.21971,0.506378,0.3116176154844039
EXD1,-0.06285,0.506378,0.3116176154844039
ELOVL5,-0.57231,0.506378,0.3116176154844039
BDNF,-0.1521,0.50633,0.31165205863942214
EIF1P7,-0.45207,0.506235,0.31172023860770404
GAPDHP60,-0.23526,0.506235,0.31172023860770404
ST6GALNAC4,-0.24863,0.506075,0.311835101744913
C1GALT1P1,-0.27932,0.506075,0.311835101744913
AC009093.9,-0.19941,0.506075,0.311835101744913
AP000902.1,-0.43664,0.50603,0.31186741462750905
TMEM255B,-0.25995,0.50603,0.31186741462750905
HK2,0.121412,0.50603,0.31186741462750905
GALNTL5,-0.17911,0.505849,0.311997418044297
FBXO46,-0.21066,0.505674,0.3121231634829804
ST8SIA1,-0.27031,0.505359,0.3123496329990171
SLC6A6P1,-0.0483,0.505359,0.3123496329990171
GAPDHP52,-0.14616,0.505359,0.3123496329990171
AC067968.1,0.14216,0.505359,0.3123496329990171
TMEM14B,0.017503,0.505289,0.31239998186915985
UQCRBP1,-0.41532,0.505289,0.31239998186915985
RPS29,0.146513,0.505281,0.3124057365424926
DLGAP2,-0.08535,0.505268,0.31241508811275004
ZNF840P,-0.0384,0.505268,0.31241508811275004
FLRT1,-0.15951,0.50514,0.3125071800608179
FAAH2,0.024088,0.50514,0.3125071800608179
NAB2,0.027872,0.505112,0.31252732879280865
RETREG2,-0.01336,0.505112,0.31252732879280865
GSTM4,0.051229,0.505112,0.31252732879280865
HMCN1,-0.36539,0.50502,0.312593540916373
ZNF562,-0.09168,0.50502,0.312593540916373
HNRNPA1P40,-0.18913,0.505011,0.312600018942543
PUSL1,0.058715,0.505011,0.312600018942543
CTDSP2,-0.13748,0.504993,0.31261297539762756
AC011431.1,-0.57725,0.504993,0.31261297539762756
RPL9P32,-0.37914,0.504783,0.31276417372529386
TRPC5,-0.06637,0.504581,0.31290968111908596
S100A13,0.10092,0.504442,0.3130098468099533
SIAH3,-0.0447,0.504123,0.3132398447156822
SKAP2,-0.19555,0.503392,0.31376753077015346
RANBP9,0.003314,0.503137,0.31395181635929775
AC008267.3,-0.27853,0.503137,0.31395181635929775
DHX36,-0.17626,0.50307,0.31400025444729296
CHRNA4,-0.19475,0.50307,0.31400025444729296
INTS1,-0.20992,0.50307,0.31400025444729296
SIVA1,0.051103,0.50307,0.31400025444729296
EBF2,-0.11714,0.50274,0.3142389391791518
PHF23,0.034786,0.502312,0.314548776319233
BANF1,0.05189,0.502186,0.314640048249505
SMAD2,-0.01847,0.502155,0.31466250810111657
METTL14,0.061192,0.502155,0.31466250810111657
AL355994.2,0.088251,0.501519,0.31512365133745684
RPS10P14,-0.19886,0.501362,0.31523759097759685
CDH24,0.093916,0.501229,0.3153341453246671
METTL9,0.082864,0.501229,0.3153341453246671
TMEM104,-0.26085,0.501165,0.3153806181057736
MLLT1,-0.14532,0.501072,0.31544816107337287
PCDHGA9,-0.21165,0.50104,0.31547140500916615
COIL,0.01824,0.500967,0.31552443664812535
COL11A1,-0.5663,0.50074,0.3156894002197081
OLFML2B,-0.2715,0.500359,0.3159664712874253
C1orf141,-0.15896,0.500283,0.31602176914193586
UBE4A,-0.13563,0.499905,0.3162969470103825
AC027796.3,-0.13648,0.499905,0.3162969470103825
TAF1L,-0.03632,0.499881,0.31631442670860344
PLCD3,0.079764,0.499881,0.31631442670860344
LIG4,0.054972,0.499881,0.31631442670860344
TMEM56,-0.76231,0.499799,0.31637415629971544
BDKRB1,-0.21658,0.499737,0.3164193251855985
FAM205A,-0.07927,0.499737,0.3164193251855985
GAMT,0.073771,0.499597,0.31652134316705394
ANKRD6,-0.3475,0.499218,0.31679768549539533
FAHD2CP,0.090309,0.49914,0.3168545879881259
ADCY10P1,-0.18409,0.49914,0.3168545879881259
STK38L,-0.03429,0.499002,0.3169552866679517
ZNRD1ASP,-0.14289,0.499002,0.3169552866679517
POLR2E,0.037896,0.499002,0.3169552866679517
OR7A2P,-0.08463,0.498933,0.3170056480082673
NVL,0.007326,0.498933,0.3170056480082673
DNAI1,-0.1864,0.498749,0.31713998403993887
PPM1L,-0.20499,0.498648,0.3172137470385722
HIST1H2AJ,0.14859,0.498648,0.3172137470385722
AL157893.1,-0.43497,0.498648,0.3172137470385722
FCMR,0.090964,0.498395,0.31739859502155476
TPM4P1,-0.29073,0.498395,0.31739859502155476
ANKRD27,-0.11428,0.498395,0.31739859502155476
ITIH4,0.120115,0.498395,0.31739859502155476
RPL21P18,-0.228,0.498395,0.31739859502155476
EMC3-AS1,-0.36695,0.498395,0.31739859502155476
ANKRD42,-0.22448,0.498395,0.31739859502155476
FANCB,-0.14732,0.498233,0.3175170127444955
AL138479.1,-0.32524,0.498179,0.31755649513583406
ADHFE1,-0.29321,0.497962,0.31771520536804465
LILRA1,-0.04199,0.497962,0.31771520536804465
C8orf86,-0.13751,0.497962,0.31771520536804465
PRKDC,-0.18409,0.497842,0.3178030054529998
ASS1P10,-0.10961,0.497836,0.3178073960941064
AC100784.1,-0.45645,0.49771,0.3178996135709495
FMO3,-0.0155,0.49765,0.31794353605961423
HOMEZ,-0.11619,0.4976,0.31798014276915265
PPP1R12A,-0.19194,0.4976,0.31798014276915265
FGL2,-0.35755,0.49757,0.31800210881792257
NAV1,-0.29482,0.497553,0.31801455691911507
AC008958.1,-0.1368,0.497553,0.31801455691911507
PGBD4P3,0.154274,0.497547,0.3180189504829334
EML4,-0.02541,0.497547,0.3180189504829334
NEU1,0.126784,0.497547,0.3180189504829334
MCRS1,0.016566,0.497484,0.31806508656793303
CCK,0.137182,0.497484,0.31806508656793303
STAP2,0.010093,0.497484,0.31806508656793303
ANKZF1,0.040625,0.49726,0.31822918019395646
TEX38,-0.21256,0.496932,0.3184696128990792
AL121871.1,-0.36366,0.496932,0.3184696128990792
L3MBTL3,-0.21689,0.496932,0.3184696128990792
GRIP1,-0.39459,0.496372,0.31888052766329383
CBX6,-0.18077,0.496362,0.3188878702433225
SLC39A13,0.059626,0.496359,0.3188900730502998
DMAC1,-0.00645,0.496214,0.31899656019763406
COPB1,0.024164,0.496214,0.31899656019763406
MYOCOS,-0.20564,0.496214,0.31899656019763406
LILRB2,-0.0074,0.496129,0.31905900022936723
DNM3,-0.21371,0.496092,0.3190861838257283
SLC29A1,-0.23437,0.496057,0.3191119001701196
MRPS6P2,-0.30904,0.496035,0.31912806579026126
ALKBH8,0.040014,0.49575,0.3193375580862228
GALNT15,0.242127,0.495235,0.31971646317954006
SETP11,-0.13919,0.495166,0.31976726324593413
CFAP161,-0.16413,0.495166,0.31976726324593413
ZNF563,0.021658,0.494945,0.3199300250395457
PDK2,-0.18581,0.494367,0.3203561015175395
HYPK,0.001854,0.494367,0.3203561015175395
SLC25A2,-0.22223,0.494367,0.3203561015175395
NKAIN3,-0.09289,0.494142,0.32052211513448603
AC114812.4,-0.33145,0.494113,0.3205435187029736
OR4F15,-0.08583,0.493927,0.3206808307483077
DENND2C,0.057944,0.49381,0.320767234589846
AC004980.5,-0.47899,0.493772,0.3207953023841714
KPRP,0.114575,0.493676,0.32086622143633853
GIF,-0.07896,0.493626,0.3209031646518364
ALG1L13P,-0.23736,0.493626,0.3209031646518364
HIST1H2BH,0.113119,0.493626,0.3209031646518364
FRMD4B,-0.04498,0.493626,0.3209031646518364
PLEK2,0.04929,0.493626,0.3209031646518364
LGI3,-0.29788,0.493626,0.3209031646518364
TMPRSS11CP,-0.24485,0.493626,0.3209031646518364
ZNF675,-0.19789,0.493626,0.3209031646518364
PAK4,-0.18489,0.493424,0.3210524585514284
ATG14,0.023766,0.49337,0.32109238056599754
OR1C1,-0.14936,0.49337,0.32109238056599754
HFM1,-0.14384,0.493312,0.32113526529624026
AC008758.4,-0.1695,0.493312,0.32113526529624026
LRRC8E,0.03231,0.493291,0.32115079393844426
HPS6,0.03109,0.49308,0.32130686150121546
WDR75,-0.02559,0.49308,0.32130686150121546
TSPAN9,-0.08779,0.493066,0.32131721937761776
SYT12,-0.02393,0.492975,0.3213845537136206
HSPD1P6,-0.1704,0.492974,0.3213852937297551
POLR3H,-0.16067,0.492443,0.32177848307151136
SARM1,-0.14801,0.492222,0.3219422685776282
MRPL40,0.052102,0.492151,0.3219949051423756
ALG13,-0.18557,0.491894,0.3221855066442326
PTMAP4,-0.33643,0.491854,0.3222151823926215
SBNO1,-0.05802,0.491544,0.3224452621399441
SNRNP200,-0.12546,0.491498,0.3224794170008149
LIN52,-0.38466,0.49134,0.3225967590796849
CALHM2,-0.29344,0.491091,0.3227817709279422
AACS,-0.21267,0.491091,0.3227817709279422
RNF32,-0.30002,0.491091,0.3227817709279422
VIL1,-0.12497,0.491091,0.3227817709279422
CD5,-0.09864,0.491091,0.3227817709279422
E4F1,-0.01755,0.491091,0.3227817709279422
ZNHIT3,0.083559,0.491091,0.3227817709279422
TRIM34,-0.0149,0.491091,0.3227817709279422
MLLT10,-0.30116,0.491063,0.322802582108641
AL157713.1,-0.06087,0.491063,0.322802582108641
FAM216A,-0.24627,0.491063,0.322802582108641
DEFB134,-0.21771,0.491063,0.322802582108641
FAM86HP,-0.23248,0.491053,0.3228100149983504
TNS4,-0.24634,0.491053,0.3228100149983504
STK19,0.113323,0.49051,0.3232138779793529
NR1I2,-0.05375,0.490408,0.3232897980950858
CDX1,0.077488,0.490408,0.3232897980950858
SPATS2L,-0.00339,0.490408,0.3232897980950858
MAP3K12,-0.17355,0.490365,0.3233218089773788
DZIP1L,-0.30103,0.490365,0.3233218089773788
SHANK2,-0.45557,0.490365,0.3233218089773788
KIF1B,-0.16246,0.490365,0.3233218089773788
AC104058.1,-0.42791,0.49004,0.32356385422488926
C12orf60,-0.23551,0.49004,0.32356385422488926
SPDYE5,-0.23244,0.49004,0.32356385422488926
MINOS1,0.03092,0.49004,0.32356385422488926
ABCC4,0.125455,0.49004,0.32356385422488926
SMDT1,-0.17085,0.489901,0.32366743042899465
C2orf91,-0.20893,0.489901,0.32366743042899465
AC107393.1,-0.39309,0.489901,0.32366743042899465
USP9X,-0.20137,0.489541,0.323935839508021
DHRS2,-0.29562,0.489541,0.323935839508021
ABL1,-0.1334,0.489503,0.3239641845618092
PPA2,0.020257,0.489296,0.32411863407303687
PIEZO2,-0.25049,0.489236,0.3241634158104892
SEMA6A,-0.31949,0.489122,0.32424851815823724
F7,0.06874,0.488908,0.32440833202753017
TM9SF4,-0.15208,0.488894,0.3244187898851412
SMG9,-0.14937,0.488889,0.3244225249159891
MAK,-0.21863,0.488889,0.3244225249159891
KIF17,-0.08682,0.488889,0.3244225249159891
AC004134.1,-0.522,0.488889,0.3244225249159891
SERPINA3,0.446423,0.488809,0.32448229125807987
SDHAF3,0.114907,0.488725,0.32454505776723425
ITPR2,-0.35137,0.488641,0.324607836417682
AC087465.1,-0.51785,0.488641,0.324607836417682
AP005901.1,-0.16818,0.488627,0.32461830070665837
PCDH8,-0.01319,0.488627,0.32461830070665837
MTM1,-0.05944,0.488627,0.32461830070665837
ZSCAN22,-0.16389,0.488627,0.32461830070665837
SCN4B,0.13248,0.48842,0.32477306206692264
SLC30A7,-0.09959,0.488392,0.3247940016350443
MIP,0.14051,0.488231,0.3249144303541635
PARP6,0.056199,0.488064,0.32503939428059986
KRTCAP3,0.070797,0.488064,0.32503939428059986
AC079354.2,-0.87319,0.488064,0.32503939428059986
CABLES2,-0.17117,0.488064,0.32503939428059986
HLA-B,0.630011,0.488064,0.32503939428059986
ADAM21,-0.07159,0.487801,0.32523629121019937
RASSF1,0.036315,0.487801,0.32523629121019937
ALDH8A1,-0.27784,0.487801,0.32523629121019937
GNPTAB,-0.21283,0.487668,0.32533590806631085
FMC1,0.12477,0.487586,0.32539734118197694
KIAA0513,-0.01421,0.487401,0.32553598289647195
HHLA1,-0.22836,0.487217,0.3256739337890929
WFDC3,-0.43489,0.487178,0.3257031808881396
GRIN2D,-0.07973,0.487009,0.32582994867139986
PHF21B,-0.10871,0.486846,0.3259522625662472
POU5F1,0.260386,0.486846,0.3259522625662472
KNSTRN,-0.28727,0.486846,0.3259522625662472
GANC,-0.12239,0.486846,0.3259522625662472
MZT1P1,-0.51721,0.486846,0.3259522625662472
LENG9,0.039649,0.486773,0.32600705606712205
UFL1,0.022646,0.486439,0.3262578726035002
ENPP7P1,-0.23505,0.486374,0.3263067066312608
SLPI,0.115525,0.486374,0.3263067066312608
IGSF5,-0.24614,0.486347,0.32632699368375295
LYNX1,-0.18675,0.486347,0.32632699368375295
PSMC1P10,-0.05045,0.486347,0.32632699368375295
C2CD4B,0.161206,0.486347,0.32632699368375295
NUP54,-0.04332,0.486347,0.32632699368375295
ITGB7,0.092277,0.486195,0.3264412258148131
MSRA,0.091597,0.486102,0.32651113755913874
VCPIP1,-0.14634,0.48601,0.3265803122961728
RPL35AP19,-0.38723,0.485985,0.3265991123112445
WRAP73,0.137516,0.485985,0.3265991123112445
GCM2,-0.08552,0.485985,0.3265991123112445
LSM4,0.038232,0.485985,0.3265991123112445
AL157791.1,-0.12357,0.485844,0.3267051646629121
ZFAT,-0.06306,0.485844,0.3267051646629121
AC093019.1,-0.5237,0.485691,0.32682028170495
GOLGA2P11,-0.16756,0.485691,0.32682028170495
UTRN,-0.14548,0.485526,0.32694447299418194
C5orf51,-0.13091,0.485446,0.32700470393906694
MED30,0.046797,0.485232,0.3271658762624142
SNX1,-0.11398,0.485128,0.32724423167992095
PTPRZ1,-0.21303,0.485014,0.327330142831657
HELQ,-0.0311,0.484605,0.3276385535854176
MOB1A,0.053691,0.484414,0.3277826786647801
AC079140.1,-0.34065,0.484362,0.32782192788497566
POU3F2,-0.02693,0.484362,0.32782192788497566
FAT4,-0.27612,0.484147,0.32798425820806937
ATP2B2,-0.15456,0.484076,0.328037882619426
TMEM249,-0.05521,0.484076,0.328037882619426
PERP,0.07239,0.483976,0.32811342483005634
PDZD4,0.232994,0.483861,0.32820031987862996
PLEKHH2,-0.22009,0.483817,0.3282335727663078
VAPA,0.059347,0.48375,0.3282842143165464
AC023906.1,-0.32537,0.483545,0.3284392108744977
AL390728.1,-0.03417,0.483545,0.3284392108744977
HLA-DQA1,-0.22417,0.483545,0.3284392108744977
LAIR1,-0.11788,0.483114,0.32876532039411166
BANF1P3,-0.50648,0.482883,0.3289402362476777
RFXANK,-0.00784,0.482883,0.3289402362476777
EEF1DP2,-0.25279,0.482782,0.3290167438450097
CAMLG,0.064952,0.482782,0.3290167438450097
MTCO2P11,-0.25521,0.482778,0.32901977421516393
ZNF362,-0.13437,0.482778,0.32901977421516393
ITSN2,0.031552,0.482698,0.3290803874798731
STK31,-0.59185,0.482633,0.32912964397949235
SDK1,-0.20958,0.482592,0.32916071725570845
AC087633.2,-0.2613,0.482518,0.329216808155769
ANKDD1A,-0.28171,0.482518,0.329216808155769
MRPL18,0.068753,0.482518,0.329216808155769
FBXW12,-0.22784,0.482498,0.3292319694991656
AL160272.2,-0.2895,0.482498,0.3292319694991656
GID8,0.019751,0.48247,0.32925319655294055
ERLEC1,0.002179,0.48247,0.32925319655294055
IL17A,0.095322,0.48247,0.32925319655294055
TLE2,-0.26888,0.48247,0.32925319655294055
UVRAG,-0.29917,0.482136,0.3295065105374509
PEBP1P3,-0.21711,0.482119,0.32951940897514365
AL050335.1,-0.2109,0.482085,0.3295452073652659
KRT89P,-0.0796,0.482085,0.3295452073652659
PRICKLE3,-0.17713,0.482085,0.3295452073652659
TSR1,0.058422,0.481999,0.3296104711327413
AC009093.8,-0.30299,0.481996,0.32961274800907736
CYP2B7P,-0.1464,0.481921,0.3296696750294119
EEF1D,0.015289,0.481831,0.3297380004319349
HIST1H2BJ,0.134566,0.481693,0.3298427935534192
MAML3,-0.15097,0.481693,0.3298427935534192
ZNF764,-0.19627,0.481461,0.3300190425603914
COMMD3-BMI1,0.204434,0.481349,0.3301041619915387
NEK2,0.026267,0.481349,0.3301041619915387
LAYN,-0.30491,0.481219,0.3302029888619537
GTF3C5,-0.00266,0.481219,0.3302029888619537
AL445189.1,-0.31086,0.481135,0.33026686195913524
NPM1P8,-0.09326,0.481117,0.33028055065876283
SHISA8,0.050386,0.480899,0.3304463810734874
CCDC58P5,-0.21015,0.480899,0.3304463810734874
AC006001.3,-0.1624,0.480899,0.3304463810734874
FERMT3,-0.07965,0.480643,0.3306412240073173
CPA5,0.092944,0.480425,0.33080723551236296
GNRHR2,-0.2588,0.480425,0.33080723551236296
DDX3X,0.064862,0.480357,0.33085903597062777
LYPD5,0.095789,0.480265,0.3309291318545835
DNASE2,0.045369,0.480265,0.3309291318545835
FER1L5,-0.16226,0.480265,0.3309291318545835
GCFC2,-0.07174,0.480186,0.33098933473637854
RBP2,-0.25736,0.479769,0.33130729603374814
TPM3P1,-0.34436,0.479769,0.33130729603374814
FAM95C,-0.38061,0.479764,0.3313111103719104
GPS2P1,0.107142,0.479658,0.331391984675699
AC254562.1,-0.38712,0.479605,0.33143242923043925
MMP24OS,-0.02237,0.479012,0.3318852870965406
MTA3,-0.02505,0.479012,0.3318852870965406
KCNA4,0.002962,0.479012,0.3318852870965406
BCL9P1,-0.05733,0.479012,0.3318852870965406
CLEC4M,-0.10504,0.478925,0.33195177864424946
TBC1D3B,0.124816,0.478869,0.33199458484816563
SLC23A2,0.032193,0.478809,0.3320404547635958
ABCB1,-0.03374,0.478767,0.3320725674752172
GALC,-0.15316,0.478767,0.3320725674752172
TMEM128,0.0295,0.478767,0.3320725674752172
ASXL3,-0.34885,0.478767,0.3320725674752172
OCLN,-0.35443,0.478762,0.3320763906239433
DCD,-1.14631,0.478498,0.3322783154057438
LTA,0.043193,0.478453,0.3323127466488425
LIG3,-0.05847,0.478296,0.3324329013709854
COMMD8,0.088326,0.478296,0.3324329013709854
ETHE1,0.133468,0.478075,0.3326021099845671
AP003170.5,0.296056,0.478041,0.33262814972230376
ZNF593,0.091333,0.47803,0.33263657477980973
CTNND2,-0.59143,0.47803,0.33263657477980973
AC009237.8,-0.32734,0.47803,0.33263657477980973
RPL5P4,-0.25864,0.478022,0.3326427022283932
PDLIM3,-0.38663,0.477586,0.33297681893830666
PLXNA2,-0.1249,0.477555,0.33300058771785357
ATP8A1,-0.30279,0.477555,0.33300058771785357
BRI3BPP1,-0.19287,0.477555,0.33300058771785357
VIPAS39,0.020975,0.477555,0.33300058771785357
AFG1L,-0.1773,0.477555,0.33300058771785357
CELSR1,-0.149,0.477265,0.33322302301001455
HMGN1P28,-0.3947,0.477265,0.33322302301001455
ACOT11,-0.21597,0.477256,0.33322992855085576
RTEL1P1,-0.13378,0.477256,0.33322992855085576
RAB1C,-0.20188,0.477187,0.33328287578518506
PNOC,-0.18442,0.477034,0.33340031053361285
DDO,-0.2009,0.47672,0.3336414500281493
SYT11,0.066948,0.476377,0.33390505968757583
NANOGP4,-0.19603,0.476147,0.33408194082805726
IL17C,0.080341,0.476147,0.33408194082805726
PQBP1,0.062527,0.476147,0.33408194082805726
TP53INP1,0.028741,0.475993,0.3342004266571465
LSM8,0.083455,0.475908,0.3342658426767825
CTNND1,-0.14041,0.475908,0.3342658426767825
CBLL1,-0.11784,0.475908,0.3342658426767825
HSPA8,0.127374,0.475561,0.3345330268168515
BNIP3P40,-0.32053,0.475561,0.3345330268168515
LMBR1L,0.144384,0.475561,0.3345330268168515
UCN2,0.166417,0.475561,0.3345330268168515
CALML4,0.096534,0.475561,0.3345330268168515
GPR63,-0.13908,0.475561,0.3345330268168515
KIF2C,-0.01334,0.475561,0.3345330268168515
AEBP2,-0.16583,0.47551,0.33457231395238046
PDHB,0.05147,0.475177,0.3348289492759021
CCDC187,0.01385,0.475177,0.3348289492759021
SOS2,-0.16144,0.474881,0.3350572348184067
PIGCP1,-0.20459,0.474863,0.33507112206648937
LRRC57,-0.09556,0.474863,0.33507112206648937
CYP2T3P,0.106242,0.474863,0.33507112206648937
AC005324.3,-0.13351,0.474844,0.3350857814527991
GTF2I,-0.15728,0.474844,0.3350857814527991
EIF1B,0.047099,0.474696,0.3351999923139672
CADM1,-0.15618,0.474681,0.33521156991148615
ARHGEF18,-0.00497,0.474681,0.33521156991148615
CKB,0.12358,0.474681,0.33521156991148615
LAT2,-0.20116,0.474622,0.3352571123416119
RPL7P9,0.183241,0.474524,0.3353327727646658
SCT,-0.34459,0.474416,0.3354161734165653
SEPT7P3,0.099661,0.474162,0.3356124011608569
TRAJ18,-0.77878,0.474162,0.3356124011608569
OR7A17,-0.12165,0.47407,0.3356835040940347
SNX25,-0.19452,0.474017,0.3357244724049309
COA1,-0.10296,0.474017,0.3357244724049309
KLHL23,-0.3287,0.473807,0.3358868488345072
OGFR,0.024598,0.473598,0.3360485300178075
TFAP2A,-0.18608,0.473458,0.3361568767272993
SZRD1,-0.00414,0.473251,0.33631713908894456
METTL21A,-0.23791,0.473049,0.33647360403764237
PADI2,-0.34835,0.473049,0.33647360403764237
KDM4A,-0.02731,0.472787,0.33667665216411524
NOP58,-0.06661,0.472787,0.33667665216411524
SMTN,0.066634,0.472769,0.3366906065328211
PSMD10P1,-0.3343,0.472636,0.3367937317393603
HRK,-0.0671,0.472593,0.33682707972796755
ELK3,0.020138,0.47252,0.33688370131648615
HSPA13,0.066311,0.472316,0.3370419819792544
RPL15P4,-0.20439,0.472217,0.33711882145342675
LRRC2,-0.19944,0.472183,0.33714521480883014
FTH1,0.086018,0.472118,0.3371956784456091
IGLV2-23,-0.61697,0.471683,0.3375335911061963
ADAMTS17,-0.26132,0.471323,0.33781349903579305
SLC6A10P,0.032395,0.471318,0.3378173882798168
ZNF483,-0.14103,0.471253,0.3378679525270045
MMP11,0.286089,0.470858,0.33817539035220856
KCNK10,0.140685,0.470765,0.33824781512444285
NPM1P6,-0.15973,0.470429,0.33850960809250236
POMK,-0.12627,0.470429,0.33850960809250236
FMO2,0.089619,0.470217,0.3386748912321555
AC073850.1,-0.54542,0.469902,0.3389206260819989
GLRA2,-0.0396,0.469902,0.3389206260819989
MPP3,0.146682,0.469902,0.3389206260819989
ERMARD,0.023912,0.469902,0.3389206260819989
DSTYK,-0.1534,0.469877,0.33894013648308113
SMIM26,0.092596,0.469721,0.33906190675879927
BAZ2B,-0.22346,0.469721,0.33906190675879927
GPT,-0.22496,0.469721,0.33906190675879927
PRSS8,0.039197,0.469721,0.33906190675879927
FAM213B,0.059604,0.469668,0.33910328738501344
MT-ATP8,-0.47293,0.469475,0.3392540180104786
EEF1A1P28,-0.07816,0.469306,0.3393860599503456
DRD2,-0.07802,0.469264,0.3394188830793203
HIST2H3C,0.111433,0.469093,0.3395525528804427
BTBD19,-0.17388,0.469093,0.3395525528804427
GAPDHP42,-0.24662,0.469082,0.33956115332447223
RPL17P19,-0.40575,0.469049,0.3395869559636141
KLF2P2,-0.09993,0.46898,0.3396409132723431
JMJD7-PLA2G4B,0.102563,0.468854,0.3397394661330996
GALNT16,-0.33351,0.468793,0.3397871885053516
TIRAP,-0.14687,0.468733,0.3398341350831342
RPS15AP36,-0.33438,0.468593,0.3399437023242327
AC246795.3,-0.46463,0.468588,0.3399476160932693
ACTR1B,0.018301,0.46852,0.3400008478258594
SLF1,-0.2968,0.468498,0.3400180716415518
SRRM4,-0.05776,0.468498,0.3400180716415518
AL513366.1,-0.21059,0.468316,0.3401605930415683
HYDIN,-0.25778,0.468285,0.3401848746182028
GLE1,0.002638,0.468201,0.34025067856998126
ST6GALNAC5,-0.18679,0.468043,0.34037448716009727
TCEAL8,0.068642,0.468036,0.34037997339285214
RPL35,0.063252,0.468036,0.34037997339285214
FECH,0.072938,0.467997,0.34041054116559194
ZNF205,0.001364,0.467811,0.3405563636980514
WDR6,-0.21442,0.467607,0.3407163699160591
KLHL30,-0.12351,0.467457,0.34083406950603423
MUC20,-0.86495,0.467433,0.3408529052132224
FAM104B,0.052504,0.467311,0.34094866948727204
KRTAP9-9,-0.14682,0.466984,0.3412054818648737
TRAJ14,-0.93274,0.466904,0.3412683400266418
OR5B1P,-0.06787,0.466834,0.3413233504173083
ABHD1,-0.12219,0.466834,0.3413233504173083
PADI4,-0.26595,0.466834,0.3413233504173083
HSD3BP1,-0.1203,0.466834,0.3413233504173083
RNF11,0.072915,0.466798,0.3413516449281097
ZNF365,0.016689,0.466771,0.34137286735044486
PRDX3P4,-0.28685,0.46663,0.3414837169945907
MT-CO2,-0.29448,0.466455,0.34162134640212194
ACOT2,-0.36665,0.466158,0.3418550501334821
RPL17P17,-0.4331,0.465985,0.34199125426918614
HNRNPA1P71,-0.22637,0.465893,0.3420637086278915
SAMM50P1,-0.09506,0.465658,0.3422488519517344
BX088702.1,-0.46674,0.465525,0.34235367959723584
FAM192BP,-0.19032,0.465443,0.3424183261753601
AC024568.1,-0.18757,0.465443,0.3424183261753601
SLC43A3,0.113709,0.465443,0.3424183261753601
AL136982.4,0.114307,0.465278,0.3425484447015498
NPEPL1,0.024363,0.465278,0.3425484447015498
CDC42P3,-0.12456,0.465278,0.3425484447015498
IGLV7-43,-0.35804,0.464758,0.3429588387540465
OR4K13,-0.07214,0.464758,0.3429588387540465
ARPC5,0.076565,0.464758,0.3429588387540465
NUPR1,0.090623,0.464743,0.34297068433725564
ASPH,-0.20665,0.464743,0.34297068433725564
AC270293.1,-0.36629,0.464743,0.34297068433725564
ATF6B,-0.57187,0.464384,0.34325431073532003
DLGAP1,-0.21166,0.464032,0.3435326345473632
PHACTR3,-0.17702,0.464032,0.3435326345473632
MGAT4EP,-0.11032,0.463995,0.34356190327969066
ACTG1P24,-0.13187,0.463953,0.3435951302680466
TAS2R43,-0.29528,0.463953,0.3435951302680466
RASGRP1,0.057113,0.463934,0.343610162580344
AP3B2,-0.1628,0.463761,0.34374706599948346
ARFGAP1,0.02456,0.463761,0.34374706599948346
CELA2A,-0.30396,0.463586,0.34388560761268394
PLCB2,-0.37482,0.46354,0.34392203353194084
MRGPRX3,0.079334,0.46354,0.34392203353194084
TMC4,-0.29569,0.463456,0.34398856038424575
PAMR1,-0.31933,0.463308,0.3441058056745207
AL021997.3,0.241517,0.463216,0.34417870802265305
SLC22A6,-0.11171,0.463026,0.3443293161099645
STXBP5L,0.033027,0.462834,0.3444815764940319
IZUMO1,-0.12247,0.462834,0.3444815764940319
GLRA4,-0.04371,0.46282,0.3444926814470215
NPIPB3,-0.4134,0.46244,0.3447942383671907
AC008507.1,-0.28971,0.462439,0.3447950322861782
AL136116.1,-0.27499,0.462439,0.3447950322861782
AF274858.1,-0.10437,0.462439,0.3447950322861782
AC087897.1,-0.52151,0.462427,0.3448045594566181
AP003041.1,-0.13475,0.462427,0.3448045594566181
HEYL,-0.12697,0.462313,0.34489508070637304
AC097065.1,-0.25725,0.462276,0.34492446551812905
ZNF571,-0.24501,0.462096,0.34506745437589526
EYA2,0.088611,0.462096,0.34506745437589526
DTNA,-0.31776,0.462096,0.34506745437589526
PGD,0.066443,0.461952,0.3451818881397967
AL662899.1,0.163631,0.46181,0.34529476970820994
PRPF18,0.010626,0.46181,0.34529476970820994
COPS5,0.04268,0.461774,0.34532339343576685
MPIG6B,-0.27354,0.461582,0.34547609339493973
STX1A,-0.25584,0.461582,0.34547609339493973
ZNF219,-0.01048,0.461582,0.34547609339493973
RPL18AP2,-0.24808,0.461582,0.34547609339493973
EMC9,0.049824,0.461451,0.3455803180546876
OR2A7,-0.44327,0.461426,0.3456002118294906
SMG1P7,-0.2703,0.461426,0.3456002118294906
OR2V1,-0.16167,0.461352,0.3456591041150107
CCDC166,-0.08869,0.461275,0.34572039457975107
MAATS1,-0.2951,0.461209,0.345772937913547
IER3IP1,0.059828,0.461041,0.34590672061863126
GATA6,-0.22784,0.460927,0.3459975312178251
ASGR1,-0.33178,0.460848,0.34606047535440365
PNPLA8,0.011679,0.460848,0.34606047535440365
TTYH3,-0.30261,0.460808,0.3460923501699436
KBTBD12,-0.15848,0.460808,0.3460923501699436
PIK3C2B,-0.15033,0.460754,0.3461353858280666
AC087385.1,-0.32319,0.460738,0.34614813816184486
PRDM8,-0.26413,0.460641,0.34622545924404563
KRT24,0.102503,0.4605,0.3463378846082794
ZNF570,-0.10839,0.4605,0.3463378846082794
AC026464.4,0.066817,0.460325,0.3464774704083984
HKR1,-0.24769,0.460251,0.346536512183881
ANXA8,0.083863,0.46025,0.34653731011460676
TRIM60P17,-0.20576,0.46011,0.34664903855235674
ISL1,0.123868,0.45986,0.34684864322485565
TPT1P6,-0.2173,0.459691,0.346983641088581
ECHS1,0.03503,0.459691,0.346983641088581
RALBP1,0.014205,0.459611,0.3470475637246513
HMGN1P12,-0.53091,0.459532,0.3471106988839498
AC058823.1,-0.32153,0.459523,0.3471178922257721
RAB3IP,-0.05702,0.459359,0.34724899700976836
MESD,-0.03541,0.459359,0.34724899700976836
RPL7AP10,-0.3296,0.459359,0.34724899700976836
AC098679.2,-0.11664,0.459186,0.34738735023723516
CNIH3,-0.17103,0.459035,0.34750815446630723
SLC30A8,-0.34511,0.458898,0.3476177946507991
GIMAP8,0.115533,0.458666,0.34780354159543597
BX284668.4,0.232753,0.458472,0.3479589406678846
CD36,0.146155,0.458472,0.3479589406678846
RPLP1P6,0.249619,0.458472,0.3479589406678846
VPS35L,-0.18081,0.458472,0.3479589406678846
NF2,-0.15561,0.458097,0.3482595223218991
NAMPTP1,0.474045,0.458088,0.3482667394713416
SNX18P3,-0.27167,0.457993,0.3483429296154224
IMPDH1P11,-0.12938,0.457776,0.34851702647092686
NTN3,-0.06928,0.457683,0.348591666042528
XPOT,0.022368,0.457683,0.348591666042528
CFL1P1,-0.19214,0.457481,0.34875384147400196
KIF26B,-0.22879,0.457048,0.34910172919726445
FYB1,-0.38948,0.457048,0.34910172919726445
CCZ1,0.065714,0.457048,0.34910172919726445
HS6ST3,0.098086,0.457048,0.34910172919726445
IARS,0.000417,0.457048,0.34910172919726445
AC098847.1,-0.33394,0.457048,0.34910172919726445
DMTN,-0.23111,0.456898,0.3492223254879454
UNC13B,-0.00699,0.456653,0.34941938902737457
OR6E1P,-0.11087,0.456653,0.34941938902737457
LAMP2,0.05277,0.456643,0.34942743479876837
AL359504.1,-0.29216,0.456282,0.3497180112417179
RBMX2P3,-0.12865,0.45621,0.3497759944425097
NPM1P24,-0.09609,0.456051,0.349904074736403
TEX10,0.001494,0.456042,0.34991132596669555
CRTAP,-0.07309,0.456042,0.34991132596669555
ZNF296,-0.23656,0.456031,0.34992018878556913
ABCC6,-0.20167,0.456031,0.34992018878556913
ZNF830,0.035198,0.455968,0.3499709528911308
TRMT6,0.01988,0.455843,0.35007169712608466
IRGQ,-0.15036,0.455723,0.3501684388753895
RPL35P6,-0.32252,0.455723,0.3501684388753895
MIPEPP1,-0.0604,0.455723,0.3501684388753895
AKT3,-0.24833,0.455594,0.35027246607333834
C9,-0.21641,0.455194,0.3505952275512219
KCNB1,-0.25702,0.455194,0.3505952275512219
PPIAP36,-0.41564,0.455194,0.3505952275512219
TMEM106C,0.038875,0.454975,0.3507720654346275
AC125232.1,0.063237,0.454975,0.3507720654346275
SLC35E3,-0.05757,0.45479,0.3509215185320995
CYP2C8,-0.04096,0.454767,0.35094010363734357
TMEM256P2,-0.45376,0.454767,0.35094010363734357
AC010615.3,-0.27837,0.454767,0.35094010363734357
LIN28A,-0.17526,0.454763,0.3509433359300335
AL451044.1,-0.47409,0.454387,0.35124730440681196
MAP6,-0.31929,0.454137,0.35144955681592005
RPL7L1P9,-0.12746,0.453905,0.3516373512337465
ULBP3,0.124662,0.453855,0.35167783731042224
PRX,-0.19311,0.453834,0.3516948428526246
ZNF514,-0.10561,0.453834,0.3516948428526246
STK10,-0.12974,0.453834,0.3516948428526246
AL137100.1,-0.04825,0.453744,0.3517677330621989
MTHFD1L,0.026038,0.453744,0.3517677330621989
NATD1,-0.17794,0.453744,0.3517677330621989
RNGTTP1,-0.19771,0.453744,0.3517677330621989
BORCS5,-0.05788,0.453744,0.3517677330621989
FAM98A,-0.00482,0.453744,0.3517677330621989
DGAT2,-0.23016,0.453744,0.3517677330621989
OR7A19P,-0.29404,0.453744,0.3517677330621989
AL391994.1,-0.38146,0.453744,0.3517677330621989
AC270285.4,-0.69416,0.453744,0.3517677330621989
CALB2,-0.32477,0.45366,0.3518357775540935
LCMT1,-0.08084,0.453558,0.3519184207039417
STK32C,0.168854,0.453441,0.3520132411626076
AC097637.1,-0.06947,0.45302,0.35235464413783096
VAMP1,-0.09461,0.45302,0.35235464413783096
ZNF658,0.018249,0.453012,0.35236113481002035
HTR1F,-0.05534,0.453012,0.35236113481002035
KRT2,0.247397,0.453012,0.35236113481002035
STUB1,0.02348,0.453012,0.35236113481002035
RPL23AP1,0.19769,0.452942,0.3524179332920597
P2RY2,0.098794,0.452937,0.3524219906768144
PEF1,-0.00377,0.452937,0.3524219906768144
NTF4,0.132271,0.452849,0.3524934082949078
PRKD2,-0.17496,0.45274,0.3525818888192806
KIF20A,0.014331,0.452712,0.35260462134651793
SRP9,0.088924,0.452524,0.3527572919918548
CES5A,0.145113,0.452362,0.35288890163324466
SLC1A5,0.111604,0.452179,0.353037630846849
SMG1P3,-0.27945,0.452179,0.353037630846849
AGAP14P,-0.0575,0.451755,0.3533824684061242
RPL5P11,-0.18509,0.451662,0.35345814997703706
AC005833.2,0.384257,0.451539,0.3535582698526991
ERVK3-1,0.070528,0.451375,0.3536918071368244
C12orf71,-0.28502,0.451375,0.3536918071368244
ADAP2,0.146062,0.451375,0.3536918071368244
CFD,-0.37226,0.451309,0.35374556198315293
ICAM4,-0.2051,0.451155,0.35387102173142404
IFFO1,-0.20732,0.451045,0.3539606630786634
AC138207.8,-0.22318,0.451045,0.3539606630786634
HTR1D,-0.09105,0.451045,0.3539606630786634
OOSP1P2,-0.22585,0.451045,0.3539606630786634
FAT2,-0.18421,0.451045,0.3539606630786634
SYT9,-0.19341,0.451002,0.3539957108691873
OTOGL,-0.196,0.451002,0.3539957108691873
ENTPD2,-0.24582,0.450818,0.35414572201039474
TNFRSF1B,0.114916,0.450818,0.35414572201039474
UTP18,0.045781,0.450818,0.35414572201039474
LIPT2,0.004094,0.450284,0.3545814404835277
MRPS2,0.01731,0.450284,0.3545814404835277
GPR39,-0.20177,0.450279,0.3545855227767228
HHIPL1,-0.12196,0.450265,0.35459695344770753
AC013410.1,-0.16893,0.450201,0.3546492126363902
ATXN7,-0.24443,0.450103,0.3547292494453826
RPL23AP30,-0.30265,0.450091,0.3547390511121788
GINM1,0.017717,0.450062,0.35476273959174753
SVIL,-0.33727,0.449941,0.35486159480115503
AC007161.1,-0.36135,0.449875,0.35491552743434446
LDLR,0.037676,0.449875,0.35491552743434446
RNF185,-0.00685,0.449731,0.3550332270874307
AC044810.6,-0.27904,0.449718,0.35504385467130156
MTND5P14,-0.16044,0.449718,0.35504385467130156
SSB,0.009795,0.449718,0.35504385467130156
FUT10,-0.20379,0.449718,0.35504385467130156
MSI2,-0.22803,0.449519,0.35520657816831985
L1TD1,-0.06969,0.449446,0.35526628940271465
GPR79,-0.22299,0.449387,0.3553145565021033
RPL7P4,-0.12943,0.449297,0.35538819691229
SLC37A2,0.130235,0.449284,0.35539883512184683
AZGP1P1,0.127562,0.449235,0.3554389358509513
ARPP19,0.050711,0.449235,0.3554389358509513
DUSP19,-0.17836,0.449235,0.3554389358509513
GJA1,0.082149,0.449235,0.3554389358509513
C3orf20,-0.10289,0.449222,0.3554495755793303
AC091132.3,-0.43295,0.449206,0.3554626710668613
AC092032.1,-0.58343,0.449162,0.3554986861453323
RPS4XP18,-0.10516,0.449137,0.3555191508837316
NMNAT1P1,-0.13488,0.449066,0.35557727716484133
KDELR3,-0.24605,0.448838,0.35576400047625245
RASSF4,-0.23398,0.448754,0.35583281798954763
AC005912.1,0.22174,0.448562,0.35599016515400916
ZNF573,-0.19509,0.448554,0.35599672279558736
KCTD20,0.024947,0.448554,0.35599672279558736
COMMD10,-0.01449,0.448554,0.35599672279558736
SMARCE1,0.035982,0.448554,0.35599672279558736
DCUN1D3,-1.27964,0.448554,0.35599672279558736
GSKIP,0.085339,0.448518,0.3560262336775885
SIX5,-0.16971,0.44851,0.35603279198357957
CP,0.099731,0.448329,0.35618120594821806
B3GALT2,-0.19792,0.448292,0.35621155232969265
RPL23AP42,0.069966,0.448185,0.3562993253347633
ZBTB21,-0.18877,0.448088,0.35637891394549104
RPL3P12,-0.06546,0.447805,0.3566112173806407
HIST1H3D,-0.81764,0.447749,0.35665720349510693
PSPC1,-0.01435,0.447749,0.35665720349510693
ARMC9,-0.228,0.447749,0.35665720349510693
FAR2P4,-0.13964,0.447716,0.35668430523224337
ALDH1B1,-0.3156,0.447669,0.35672290823135716
AC002486.1,-0.30484,0.447472,0.35688475775241507
C5AR2,-0.18053,0.447472,0.35688475775241507
CLDN2,-0.18395,0.447472,0.35688475775241507
NUMA1,-0.09379,0.447472,0.35688475775241507
KCNJ9,-0.13231,0.447472,0.35688475775241507
KRT73,0.206622,0.447259,0.3570598350347109
AKR7A3,0.082401,0.447259,0.3570598350347109
PHF2P2,0.300289,0.447237,0.3570779230272237
C5,-0.28219,0.446991,0.35728024208864684
RPL21P1,-0.30119,0.446991,0.35728024208864684
MPEG1,0.112839,0.446989,0.3572818874287543
TYROBP,0.144942,0.44633,0.35782443977381134
RGN,-0.10483,0.446271,0.3578730544279833
CR392039.5,-0.3052,0.446271,0.3578730544279833
CUTA,0.107647,0.446271,0.3578730544279833
ZNF345,-0.21858,0.446109,0.35800657270081726
SEC22A,0.049619,0.445996,0.3580997353078965
YBX1P10,-0.11414,0.445698,0.3583455370526607
U2AF2,-0.0266,0.445624,0.35840660121570406
EEA1,-0.18468,0.445588,0.35843631186818936
SART1,0.066804,0.445576,0.3584462159663208
TRMT10C,0.040948,0.445576,0.3584462159663208
RPS18P1,-0.19271,0.445576,0.3584462159663208
CDYL,-0.01916,0.445576,0.3584462159663208
IGLV8-61,-0.40229,0.445515,0.3584965660299899
FCRL1,-0.19798,0.445479,0.35852628414024335
PACS1,-0.3204,0.445479,0.35852628414024335
GGNBP2,0.001614,0.445402,0.3585898561460577
PPIAP46,-0.23651,0.445165,0.35878559657698716
MS4A15,-0.18941,0.445165,0.35878559657698716
DDX10,-0.16671,0.445055,0.3588764828668277
AC005154.2,-0.37353,0.444959,0.3589558206246465
MCF2L2,-0.22814,0.444577,0.3592716925776494
RPS2P45,-0.18142,0.444577,0.3592716925776494
AC108941.2,0.200158,0.444577,0.3592716925776494
FAM204A,0.095735,0.444577,0.3592716925776494
SDR39U1,0.146801,0.444577,0.3592716925776494
TRA2A,-0.70064,0.444577,0.3592716925776494
RGL2,0.012997,0.444577,0.3592716925776494
CXCR1,0.101997,0.444577,0.3592716925776494
MUC6,-0.0432,0.444577,0.3592716925776494
CLCN3P1,-0.18216,0.444461,0.3593676668170973
PRRT3,0.038073,0.444207,0.35957790684790003
TRIM74,0.261438,0.443879,0.35984957988804406
ABCG1,0.109222,0.443867,0.35985952303675356
PTGR1,0.037712,0.443821,0.35989764098539634
CD8A,0.171113,0.443562,0.36011233698838374
RASL11B,0.114285,0.443557,0.3601164829587446
UQCRHL,-0.21519,0.443479,0.36018116627712704
FBXW8,-0.17969,0.443428,0.36022346549771267
MIIP,0.043815,0.443215,0.3604001806529233
TMEM156,-0.21899,0.443215,0.3604001806529233
FNDC1,-0.28574,0.443181,0.36042839672823584
MFAP3L,-0.15727,0.443075,0.3605163786725127
ZNF384,-0.08365,0.443033,0.36055124538329153
UBE2D4,-0.16079,0.443033,0.36055124538329153
INO80E,0.081099,0.4428,0.3607447338641916
LMNTD2,0.218799,0.44266,0.3608610429725178
DAP3,-0.00023,0.442493,0.3609998321693491
PSMA2P2,-0.10858,0.442164,0.3612734113830697
LILRA2,0.139585,0.442132,0.36130003197248584
GLB1L3,-0.01721,0.442051,0.36136742410640865
AC011816.1,-0.19389,0.441945,0.3614556352708447
FAM217B,-0.01203,0.441906,0.36148809574025575
HLA-DRB4,0.903921,0.441887,0.36150391087111267
RPL36AP41,-0.28692,0.441689,0.36166876236334516
GLIS2,-0.33267,0.441689,0.36166876236334516
MSL3,0.011668,0.441499,0.3618270238689821
HLA-C,0.136986,0.441499,0.3618270238689821
PRPF4,-0.0284,0.441499,0.3618270238689821
HLA-L,-0.21519,0.441441,0.3618753490714855
CYP2A6,-0.16963,0.441285,0.36200535923047483
AC007677.1,-0.1978,0.441258,0.36202786572996104
RFC5,0.025571,0.441258,0.36202786572996104
SIX1,-0.15863,0.441258,0.36202786572996104
C6orf132,0.025676,0.441258,0.36202786572996104
NKIRAS2,0.014734,0.441258,0.36202786572996104
SURF4,0.0335,0.441132,0.3621329145637352
SLN,-0.20824,0.440952,0.36228303720503646
VNN1,0.125115,0.44092,0.3623097321891732
SLC25A37,-0.03178,0.44092,0.3623097321891732
ANKRD22,0.021757,0.44092,0.3623097321891732
PNMA3,0.043143,0.440864,0.36235645314466935
KIAA0355,-0.04539,0.440087,0.3630053284786521
OR1D2,-0.22918,0.440087,0.3630053284786521
MTA2,0.024456,0.439704,0.3633256004822745
RPL37P6,-0.38184,0.439563,0.36344357855661624
GAL3ST4,-0.15222,0.439563,0.36344357855661624
TMEM198B,-0.2392,0.439563,0.36344357855661624
MRPL50,0.028905,0.439556,0.3634494366221895
AC068802.1,-0.14924,0.439556,0.3634494366221895
CNTNAP3P2,-0.26098,0.439479,0.3635138815756566
TSEN34,-0.3159,0.439479,0.3635138815756566
CNTLN,-0.17591,0.439479,0.3635138815756566
ARHGEF1,0.051768,0.439254,0.36370226023929
ODF3,-0.11131,0.43915,0.36378936603031786
AL137779.3,-0.23117,0.438977,0.36393430938031107
GAPDHP23,-0.08049,0.438967,0.363942689373945
RIDA,0.072988,0.438742,0.36413129025258606
SLC16A4,-0.19811,0.438742,0.36413129025258606
AP004607.3,-0.03087,0.438353,0.36445759080162743
DDA1,0.14193,0.438194,0.3645910471739434
ST13P20,-0.21876,0.437946,0.36479930310337705
VSTM4,-0.24649,0.437917,0.36482366337837685
LRRC32,0.12343,0.437917,0.36482366337837685
CDC42EP3P1,-0.21469,0.437756,0.3649589344925719
HIST1H2BK,0.08448,0.437756,0.3649589344925719
MRPL53,0.066476,0.437756,0.3649589344925719
ZNF607,-0.25276,0.437756,0.3649589344925719
PCDHGC3,-0.18568,0.43768,0.3650228066052668
CHAT,-0.15364,0.437557,0.36512620226332004
UFM1,0.005615,0.437476,0.36519430808049175
AP002383.3,0.173041,0.437476,0.36519430808049175
EIF2S2P5,-0.21488,0.437476,0.36519430808049175
AL157392.5,-0.22323,0.437476,0.36519430808049175
PDCD2,0.046545,0.437476,0.36519430808049175
AP005018.1,0.305383,0.437476,0.36519430808049175
EMCN,-0.20874,0.437476,0.36519430808049175
CCDC173,-0.16531,0.437476,0.36519430808049175
DOCK1,-0.18047,0.437244,0.3653894469024064
PCDHGA5,-0.14905,0.437242,0.3653911295868681
CR769776.2,-0.4368,0.437162,0.3654584433199496
RPS11P5,-0.30683,0.437161,0.3654592848200821
PHBP13,-0.1081,0.437161,0.3654592848200821
BSCL2,0.205021,0.437161,0.3654592848200821
WAS,-0.11661,0.437124,0.365490421687175
VARS2,-0.98777,0.437113,0.3654996791051752
KIF2A,-0.13861,0.436927,0.36565624913569694
MAD2L2,0.088317,0.436889,0.36568824481133905
CD3D,-0.00113,0.436889,0.36568824481133905
RPA2,0.08446,0.436756,0.36580025172523384
TGM6,0.11236,0.43673,0.36582215182214867
EFCAB2,-0.12013,0.43673,0.36582215182214867
FAM57B,-0.18457,0.43673,0.36582215182214867
PEX5,-0.01533,0.43673,0.36582215182214867
PDGFRL,-0.32841,0.436651,0.36588870246893135
PPM1J,0.110238,0.436608,0.3659249313269284
CDH23,-0.2973,0.436577,0.36595105203121986
FAM208A,-0.30843,0.436573,0.3659544225804905
CFL1P5,-0.3872,0.436542,0.3659805453899469
IL4I1,-0.03018,0.436324,0.3661643003991416
TTC16,-0.08776,0.436286,0.3661963405303167
SGK2,-0.64153,0.436286,0.3661963405303167
ZBTB5,-0.13955,0.436286,0.3661963405303167
CICP27,-0.17944,0.436261,0.36621742109292854
TAP2,1.262916,0.436261,0.36621742109292854
AP006222.1,-0.12363,0.436177,0.36628826067256914
HRNR,0.154957,0.435924,0.3665017055399736
SCRN2,0.064491,0.435924,0.3665017055399736
SPRR3,0.19421,0.435899,0.3665228036813144
TRIM31,-0.27068,0.435725,0.36666968039266845
G6PC,-0.10488,0.435638,0.36674314081859
FXR2,-0.00726,0.435638,0.36674314081859
AC004801.1,-0.3665,0.435638,0.36674314081859
KRTAP2-3,-0.16646,0.435392,0.36695093615750307
FO393419.3,-0.37463,0.435392,0.36695093615750307
RALYL,-0.18632,0.435392,0.36695093615750307
OR2A5,-0.32075,0.435392,0.36695093615750307
PRKAR2A,-0.14715,0.435392,0.36695093615750307
GPAT3,0.025826,0.435196,0.36711658094105953
CUEDC2,-0.0025,0.435163,0.36714447746740914
NUP188,-0.07573,0.435046,0.3672434004157461
LRRC6,-0.12444,0.435041,0.36724762848598125
CHGB,-0.14757,0.434863,0.3673981795031372
SELENOS,0.01933,0.434671,0.36756064080195666
AC106782.5,-0.34434,0.434671,0.36756064080195666
OARD1,0.022288,0.434574,0.36764274491689464
NECAP2,0.039401,0.434556,0.36765798274934197
AC012358.2,-0.20242,0.434492,0.36771216682425967
C1QTNF9B,0.194515,0.434466,0.36773418138562813
ZSCAN2,-0.30672,0.434455,0.36774349563527203
VCX3B,-0.08371,0.434455,0.36774349563527203
TFCP2,-0.09463,0.434247,0.3679196640424982
DDX1,-0.01114,0.434242,0.3679238998985509
METTL1,0.046739,0.434242,0.3679238998985509
SMPD1,-0.00678,0.434083,0.36805862555719565
CDKL2,-0.32,0.434083,0.36805862555719565
KLK14,-0.25757,0.434075,0.36806540551007755
EXOSC7,0.013486,0.434075,0.36806540551007755
TEX101,0.232912,0.434075,0.36806540551007755
AC022080.1,-0.25094,0.434075,0.36806540551007755
DPPA3,0.111366,0.434075,0.36806540551007755
RTL8C,0.032929,0.434075,0.36806540551007755
SUPT20H,-0.20042,0.433984,0.3681425362649548
TMCO5B,-0.0567,0.433984,0.3681425362649548
EIF2S1,0.045355,0.433984,0.3681425362649548
TUBG1,0.061977,0.4338,0.3682985423415722
DNER,-0.42322,0.4338,0.3682985423415722
EZR,0.035473,0.4338,0.3682985423415722
ARHGEF37,0.00514,0.433764,0.36832907300134593
TRIM59,-0.0654,0.433757,0.36833500981242046
TMEM52,-0.27369,0.433728,0.3683596061920044
RNF135,-0.02402,0.433431,0.3686116016113659
TRIM33,-0.13673,0.433366,0.368666775112751
TMEM87A,-0.01546,0.433366,0.368666775112751
TSPAN17,0.060809,0.43335,0.3686803575488776
SDC4P,-0.12583,0.433328,0.3686990342156226
SSRP1,-0.00442,0.433263,0.3687542208038527
AC023050.4,-0.23355,0.43323,0.36878224177149954
XPO6,-0.07427,0.43323,0.36878224177149954
COLEC10,-0.23794,0.43322,0.3687907333941873
JAM2,-0.22537,0.43322,0.3687907333941873
BAD,0.038691,0.43322,0.3687907333941873
FUS,-0.19311,0.43322,0.3687907333941873
MLLT11,0.041988,0.433172,0.3688314959049324
AC097523.1,-0.1165,0.432928,0.36903877500801696
AL512633.1,-0.1778,0.432897,0.36906511798683267
CDC37L1,0.003183,0.432866,0.36909146284608096
NOP56,0.044846,0.432866,0.36909146284608096
SFT2D2,-0.0893,0.432866,0.36909146284608096
BLNK,0.037071,0.432855,0.36910081147397683
POLR1D,0.061239,0.432855,0.36910081147397683
SYNRG,-0.32467,0.432855,0.36910081147397683
SLC36A3,-0.15544,0.432821,0.3691297087300093
PISD,-0.02657,0.432786,0.3691594582685226
MTCO3P39,-0.37982,0.432646,0.36927848040076955
PRKCI,0.022321,0.432589,0.36932695040355534
ABHD17AP5,0.100398,0.432589,0.36932695040355534
MPIG6B,-0.35815,0.432589,0.36932695040355534
AC241640.1,-0.71903,0.432589,0.36932695040355534
PHTF2,-0.05504,0.432589,0.36932695040355534
SYNPO2,0.202736,0.432578,0.3693363049960583
SLC25A28,0.049153,0.432472,0.36942646139466767
BNIP3P30,-0.16596,0.432472,0.36942646139466767
CASP16P,-0.21061,0.43241,0.36947920458289796
MCMDC2,0.03306,0.432374,0.36950983311543806
GLUD1P2,-0.355,0.432374,0.36950983311543806
DNTTIP2,0.086592,0.432374,0.36950983311543806
YTHDF3,-0.1483,0.43207,0.36976857532418567
AP000920.1,-0.44944,0.431895,0.36991760447964134
ZCCHC2,-0.18949,0.431794,0.37000364292678406
ZNF90P3,-0.12291,0.43171,0.3700752148974789
CCNJL,-0.14908,0.43171,0.3700752148974789
TRIM14,0.038294,0.43171,0.3700752148974789
ACTA2,0.183027,0.43171,0.3700752148974789
ISPD,0.047588,0.43171,0.3700752148974789
HNRNPCP1,-0.27695,0.43171,0.3700752148974789
NUSAP1,0.039038,0.43171,0.3700752148974789
AC010424.1,-0.3586,0.431601,0.3701681086886845
AL359075.1,-0.4494,0.431523,0.3702345974576312
CAPN13,-0.27022,0.431408,0.37033264755523504
DNAH5,-0.07886,0.431298,0.37042645890291515
DDRGK1,0.01445,0.431277,0.3704443710432648
ZBTB43,0.022037,0.431277,0.3704443710432648
PDIA2,0.098688,0.431277,0.3704443710432648
FKBP2,0.028888,0.431277,0.3704443710432648
AC040169.2,-0.11704,0.431277,0.3704443710432648
LRRC37BP1,-0.19598,0.431277,0.3704443710432648
CCL19,0.228975,0.431277,0.3704443710432648
RUVBL1,-0.00876,0.431181,0.370526266144221
SLC22A10,-0.14592,0.431165,0.3705399170877909
TPH1,0.047708,0.431156,0.3705475959645613
DOC2B,0.118513,0.431156,0.3705475959645613
CSAG2,0.050281,0.431156,0.3705475959645613
SMG8,-0.02875,0.431156,0.3705475959645613
MTCO3P15,-0.19278,0.431045,0.37064231519669444
IGHV4-61,-0.38704,0.430783,0.37086598274977783
PFDN6,0.215673,0.430663,0.37096847096640156
DNAJB2,0.021866,0.430663,0.37096847096640156
CRISP3,-0.47023,0.430663,0.37096847096640156
DKK1,0.078008,0.430663,0.37096847096640156
KDM4B,-0.18979,0.430663,0.37096847096640156
ZNF669,0.0521,0.430503,0.37110516598040244
FBXO3,0.037156,0.430338,0.37124618546904414
C8orf59P2,-0.42222,0.430338,0.37124618546904414
RPS5P3,0.135395,0.430218,0.37134877875407657
AC025030.1,-0.28908,0.430205,0.37135989472855574
SNAI2,0.040601,0.4302,0.3713641701919559
AC007342.3,-0.17003,0.430151,0.3714060723382667
TTC9C,-0.0142,0.430151,0.3714060723382667
C1S,0.108544,0.430151,0.3714060723382667
SASS6,-0.15652,0.430144,0.37141205874511063
PANK2,-0.11811,0.430144,0.37141205874511063
MFSD14A,0.031798,0.430095,0.37145396629483224
RPE65,-0.03317,0.430057,0.37148646928267837
PPTC7,-0.17076,0.429861,0.37165416144458663
MARK2P6,-0.11056,0.429851,0.3716627191964299
AC026458.1,-0.27576,0.429796,0.3717097903539904
RPL35P3,-0.37352,0.429789,0.37171578165622976
LRRC4,-0.26116,0.429763,0.3717380359100327
PELO,-0.00856,0.429722,0.3717731318635001
SOHLH2,-0.15595,0.429644,0.37183990892312474
NXPE1,-0.09379,0.429644,0.37183990892312474
MSL3P1,0.108601,0.429644,0.37183990892312474
C11orf87,-0.04392,0.429644,0.37183990892312474
DEFB109D,-0.48146,0.429525,0.37194180985402403
NELL2,0.254649,0.429486,0.3719752120327795
ADAR,0.008622,0.429429,0.37202403599767425
GIGYF2,-0.15618,0.429277,0.3721542645698125
AQP6,-0.05777,0.429191,0.37222796671702946
GSDMD,0.00642,0.429191,0.37222796671702946
ADAM1B,-0.21191,0.429191,0.37222796671702946
CCDC167,0.104004,0.429191,0.37222796671702946
MEI1,-0.35406,0.429191,0.37222796671702946
RNFT1P2,-0.21298,0.429191,0.37222796671702946
ETV6,-0.06653,0.429191,0.37222796671702946
SEC31A,-0.07837,0.429191,0.37222796671702946
CNOT1,-0.08934,0.42919,0.37222882380458355
GCNT2,-0.2077,0.42919,0.37222882380458355
ASB15,-0.0319,0.429111,0.3722965399580531
SRPX2,-0.05831,0.429111,0.3722965399580531
AC083902.2,-0.01513,0.429111,0.3722965399580531
AC007688.1,-0.11699,0.429111,0.3722965399580531
SCLT1,-0.18466,0.429111,0.3722965399580531
STRN3,-0.02936,0.429111,0.3722965399580531
SLC34A2,-0.28048,0.429111,0.3722965399580531
SHC3,-0.1956,0.429078,0.3723248301001387
NDUFA11,0.050902,0.428834,0.37253407241728387
SAT1,0.068335,0.428834,0.37253407241728387
IL13RA1,0.070618,0.428834,0.37253407241728387
TMED7-TICAM2,-0.00306,0.428834,0.37253407241728387
ERGIC3,0.056909,0.428834,0.37253407241728387
PRKAR1A,0.043381,0.428834,0.37253407241728387
TMEM256-PLSCR3,-0.24612,0.428834,0.37253407241728387
RPL7AP15,-0.25913,0.428834,0.37253407241728387
ROCK1,-0.20811,0.428727,0.3726258674048787
RPS20P31,-0.46223,0.428727,0.3726258674048787
CDC73,-0.11303,0.428727,0.3726258674048787
IGHV3-15,-0.58443,0.428495,0.3728249772244225
RPL35A,0.063764,0.428463,0.3728524489960228
AL391094.1,-0.07664,0.428438,0.37287391272606635
HSD3BP2,-0.33714,0.428438,0.37287391272606635
UGT8,-0.25127,0.428279,0.3730104509707884
SPRED2,-0.21269,0.428279,0.3730104509707884
TARS,0.096638,0.428279,0.3730104509707884
ATG4A,0.041443,0.428172,0.37310236334137353
HIST1H2BM,0.145688,0.428172,0.37310236334137353
ARHGEF33,-0.28232,0.428172,0.37310236334137353
CTSW,0.101741,0.428172,0.37310236334137353
CHD6,-0.12696,0.428172,0.37310236334137353
PHLDA3,0.031805,0.428172,0.37310236334137353
NDUFAF4P3,-0.23032,0.428172,0.37310236334137353
PLEKHA2,-0.03657,0.428117,0.3731496168301523
IL22RA2,0.073539,0.427695,0.3735123791384896
DPRXP3,-0.3153,0.427662,0.37354076167000005
GAL3ST3,-0.08106,0.427662,0.37354076167000005
AP000889.2,-0.30283,0.427662,0.37354076167000005
BIK,0.110265,0.427662,0.37354076167000005
RPL11,0.038552,0.427662,0.37354076167000005
RPL9P28,0.259421,0.427662,0.37354076167000005
SYCP2,-0.24604,0.427662,0.37354076167000005
AL591767.3,-0.2667,0.427655,0.37354678248424805
RASSF9,-0.23018,0.427287,0.37386344198328386
SIRPB1,-0.1,0.427268,0.3738797985364518
SMIM36,-0.17008,0.427147,0.3739839807451586
BMS1,-0.00614,0.426851,0.37423896209046065
MKRN1,-0.0503,0.426851,0.37423896209046065
EFNA2,-0.08398,0.426845,0.37424413242850796
RANP3,-0.3791,0.426735,0.37433893461960904
PARP11,-0.16324,0.426726,0.37434669222524547
CCR1,0.138239,0.426694,0.3743742761250815
MERTK,-0.31827,0.426632,0.374427725715129
GGT3P,-0.19841,0.426509,0.3745337853924783
EIF4A2P2,-0.19813,0.42633,0.37468818607747767
PCNPP5,-0.24423,0.426233,0.3747718823128213
MYL6P4,-0.27804,0.425962,0.37500581315623027
EPHA1,0.016004,0.425944,0.3750213561686429
SAMD10,-0.00141,0.425944,0.3750213561686429
HNRNPF,0.068566,0.425814,0.3751336303876207
LILRA6,-0.31321,0.425765,0.3751759578535647
GPR52,-0.27059,0.425643,0.3752813653554378
LYRM7,-0.09624,0.425505,0.3754006324877034
RPL9,0.432853,0.425505,0.3754006324877034
GLYATL1B,-0.1132,0.425435,0.375461144797307
ADAM11,0.114152,0.425385,0.37550437384747387
ZDHHC23,0.007223,0.425184,0.37567820485605885
AC089984.2,-0.2023,0.425184,0.37567820485605885
HSPA1B,-1.61826,0.425184,0.37567820485605885
NBPF10,-0.20333,0.425164,0.37569550587511175
AC026634.1,-0.50478,0.425164,0.37569550587511175
UBE2FP3,0.124758,0.425099,0.3757517396898456
CHMP6,-0.0095,0.425099,0.3757517396898456
HSPBP1,0.041261,0.424986,0.3758495200501892
HIC1,-0.34465,0.424986,0.3758495200501892
KLF1,0.04517,0.424986,0.3758495200501892
OR5H1,-0.04415,0.424986,0.3758495200501892
NFKBIA,0.048722,0.424941,0.3758884662154771
CYP4Z2P,0.214425,0.424941,0.3758884662154771
TATDN2P1,-0.07331,0.424895,0.37592828202229445
AC234644.1,-0.3151,0.424846,0.3759706991511939
CYP4A11,-0.41208,0.424707,0.37609105133937704
LDHAL6B,-0.1746,0.424677,0.37611703168614874
FAM118B,0.002535,0.424677,0.37611703168614874
AP001767.1,-0.39932,0.424546,0.37623050023115767
IKZF3,-0.17965,0.424546,0.37623050023115767
MFAP1,0.034578,0.42427,0.3764696757793669
ST8SIA5,-0.07508,0.42427,0.3764696757793669
HSBP1,0.06313,0.42427,0.3764696757793669
AL158062.1,-0.25732,0.424258,0.37648007816464146
DBN1,-0.28937,0.424101,0.37661620252231465
CTAGE7P,-0.13813,0.423991,0.37671160559776595
OR2G6,-0.24815,0.423991,0.37671160559776595
REPIN1,0.011111,0.423991,0.37671160559776595
CYP4F35P,0.089418,0.423965,0.3767341589465749
AC243733.1,-0.45251,0.423965,0.3767341589465749
CCHCR1,0.66991,0.423859,0.3768261211895072
LCMT2,-0.17287,0.423793,0.37688339203895405
MYH14,-0.20088,0.423793,0.37688339203895405
CCDC43,0.044667,0.42345,0.3771811670984094
SLC39A2,0.095691,0.423352,0.3772662888918631
MRPS35,0.023301,0.423155,0.37743745919452515
VPS9D1,0.060442,0.423103,0.3774826541572557
ENPP5,-0.18581,0.423103,0.3774826541572557
SNX24,0.073689,0.423103,0.3774826541572557
DEC1,-0.23151,0.422722,0.37781395930072675
DIEXF,-0.12768,0.422402,0.37809244549922977
TRAJ39,-0.554,0.422344,0.37814294309279917
GALK1,0.067536,0.422344,0.37814294309279917
WT1,-0.04214,0.422344,0.37814294309279917
RPS3AP54,-0.10806,0.422344,0.37814294309279917
TPGS2,-0.12685,0.422344,0.37814294309279917
GOT2,0.005445,0.422344,0.37814294309279917
CNTROB,0.017548,0.422147,0.37831451114413195
UFSP1,0.109061,0.42202,0.37842515719329745
ACOX1,-0.07775,0.421893,0.3785358356032312
FOLH1B,0.05066,0.421893,0.3785358356032312
SSPN,-0.26,0.421715,0.3786910141548667
AC090666.1,-0.3312,0.421587,0.37880264254458373
OR4K17,-0.21446,0.421586,0.3788035147709058
GTF2IP5,-0.24306,0.42152,0.37886108614890873
P2RX4,-0.3096,0.421506,0.3788732993842117
GRM5,-0.09957,0.421503,0.378875916557285
MSX2,0.112044,0.421503,0.378875916557285
TMX1,0.059881,0.421502,0.3788767889523269
MTND6P4,0.179196,0.420861,0.379436407703047
ZBTB8OSP1,-0.33583,0.42086,0.37943728138866895
DHCR24,-0.18533,0.420799,0.37949058001598135
R3HDM4,-0.04511,0.420121,0.3800834854444946
GTF2IP12,-0.16624,0.41996,0.3802244146706503
ENHO,-0.23662,0.419748,0.38041006578225006
PCDHB18P,-0.11394,0.419734,0.38042232895156164
WASH3P,0.112278,0.419686,0.3804643771048026
STX6,-0.01373,0.419686,0.3804643771048026
TMEM63A,-0.19142,0.419686,0.3804643771048026
AL133477.1,0.219156,0.419686,0.3804643771048026
KRT18P59,-0.1149,0.419686,0.3804643771048026
PDIA6,0.06136,0.419385,0.38072816003787635
RPL27A,0.080866,0.419385,0.38072816003787635
SAFB,-0.11121,0.419385,0.38072816003787635
RGS16,-0.20678,0.419119,0.38096142275606854
DEAF1,0.127334,0.419059,0.3810140581574922
ENPP1,-0.22867,0.419007,0.3810596813878811
LTBR,0.017865,0.419007,0.3810596813878811
TM9SF2,0.008013,0.418749,0.3812861236063525
SCAF8,-0.16905,0.418749,0.3812861236063525
TPP2,-0.23872,0.418749,0.3812861236063525
XRCC4,0.055916,0.418749,0.3812861236063525
PRF1,0.042676,0.418632,0.38138885686211943
AL358472.1,-0.30619,0.418632,0.38138885686211943
PCK1,-0.27288,0.418421,0.3815741979245799
RPL15P18,-0.17804,0.418411,0.38158298409633423
OR2T7,-0.11943,0.418411,0.38158298409633423
TRBV26OR9-2,0.435483,0.418353,0.38163394788223703
ASMTL,-0.00871,0.418316,0.38166646281893973
ZNF285B,-0.11038,0.418144,0.38181764971068094
SEL1L2,-0.1837,0.418052,0.381898541700189
IGKV1-33,-0.77111,0.418052,0.381898541700189
INHBE,-0.06528,0.417941,0.38199616245664925
FOXD4L4,-0.07472,0.417917,0.38201727292800985
POTEH,-0.17833,0.417486,0.382396580468748
CEP152,-0.24153,0.417486,0.382396580468748
RBMXP4,-0.15943,0.417486,0.382396580468748
PGPEP1,-0.23295,0.417486,0.382396580468748
WASHC3,-0.00439,0.417269,0.3825876968559495
EXT1,-0.16281,0.417269,0.3825876968559495
CLCC1,-0.1442,0.417221,0.3826299843477217
RBL2,-0.15654,0.417221,0.3826299843477217
TELO2,0.106412,0.417221,0.3826299843477217
AC017081.4,-0.31112,0.417173,0.38267227651353847
ITGB8,-0.21688,0.417173,0.38267227651353847
LMOD2,-0.12067,0.417173,0.38267227651353847
PDLIM4,0.06607,0.417173,0.38267227651353847
PIK3IP1,0.113587,0.417173,0.38267227651353847
EVL,-0.21135,0.417163,0.3826810879697778
PTPRC,0.350259,0.417128,0.3827119296644331
CYP4F11,0.157688,0.417128,0.3827119296644331
NPAP1P2,-0.17299,0.417128,0.3827119296644331
HMGA2,-0.11699,0.417002,0.38282298034778767
AC104806.1,-0.47467,0.417002,0.38282298034778767
MEX3A,-0.09103,0.417002,0.38282298034778767
PIK3CB,-0.18006,0.417002,0.38282298034778767
CASTOR1,0.069025,0.417002,0.38282298034778767
TRAJ3,-1.23753,0.41687,0.3829393537206151
MICA,-0.51844,0.41687,0.3829393537206151
EEF1A1P14,-0.09449,0.41679,0.3830099002537833
AL365338.1,-0.20874,0.416772,0.38302577501472024
AL356390.1,-0.29092,0.416729,0.3830637007181337
TMPRSS11F,0.090627,0.416636,0.3831457389209931
TMEM95,-0.12853,0.416506,0.38326044542472804
HPS4,0.001284,0.416387,0.3833654760984896
IGKV1-12,-0.54398,0.416387,0.3833654760984896
SPIN3,-0.20952,0.416387,0.3833654760984896
SPINK7,0.379731,0.416387,0.3833654760984896
SLC39A10,-0.18832,0.416387,0.3833654760984896
ALS2CL,0.142169,0.416335,0.38341138089140925
CYR61,0.230343,0.416335,0.38341138089140925
PYGO2,-0.09718,0.416335,0.38341138089140925
KLF16,-0.17213,0.416335,0.38341138089140925
ATP1B4,-0.05463,0.416278,0.3834617059216676
CDKN2C,0.0349,0.416278,0.3834617059216676
AL138880.1,-0.16229,0.416235,0.3834996747892423
KRT17P7,-0.25197,0.41581,0.3838751507490075
IRX2,-0.16362,0.41581,0.3838751507490075
SERPINB6,-0.0433,0.415803,0.38388133813526965
PLXNB1,0.109926,0.415741,0.38393614505299534
GPD1,-0.55598,0.41547,0.3841757961860344
UPK1A,-0.53477,0.415351,0.3842810777072506
TAGLN2P1,-0.262,0.415333,0.38429700515517595
RHOH,-0.24863,0.415309,0.38431824277931625
TEX12,0.164141,0.415309,0.38431824277931625
FAM69B,-0.21698,0.415218,0.38439877943322315
BCO2,-0.28089,0.415136,0.3844713653792971
GP5,-0.03865,0.415102,0.3845014660107158
MAGEA5,-0.0869,0.414994,0.3845970954138823
SRRT,-0.00942,0.414965,0.38462277772996323
HIST2H2BB,-0.368,0.41492,0.3846626329951049
ZNF648,-0.03706,0.41492,0.3846626329951049
DUSP7,-0.2027,0.414867,0.3847095789371799
PAIP1,0.037596,0.414867,0.3847095789371799
GGCT,0.133237,0.414816,0.38475475874352305
LRIT3,-0.09493,0.414701,0.38485665424952764
GAB3,-0.43238,0.414669,0.3848850125805148
FLVCR1,-0.11608,0.414427,0.385099540124264
SMAD1,-0.08002,0.414369,0.3851509735773585
DDX18P4,-0.06443,0.414165,0.3853319320242214
AF252830.2,0.667773,0.414165,0.3853319320242214
LRRC10B,-0.18602,0.414123,0.3853691987278236
CFB,-0.4076,0.414123,0.3853691987278236
BCAS2P1,0.132355,0.414123,0.3853691987278236
STRC,-0.23669,0.414123,0.3853691987278236
CTLA4,0.006406,0.414065,0.385420668196212
LARGE1,-0.20549,0.414065,0.385420668196212
AC009119.2,-0.27694,0.414065,0.385420668196212
KARSP1,-0.09647,0.414065,0.385420668196212
ZNF436,-0.15577,0.414065,0.385420668196212
C12orf66,-0.13192,0.413938,0.38553339259072095
TRAM1L1,0.133574,0.413938,0.38553339259072095
STAG3L2,-0.217,0.413889,0.38557689349339463
TSEN34,0.990628,0.413734,0.38571453071245276
MIOX,-0.14327,0.413496,0.3859259660878661
ATG13,-0.26235,0.413496,0.3859259660878661
C9orf78,0.036774,0.413389,0.38602106093124433
DBNDD2,0.038412,0.413376,0.38603261610661377
EVI5L,0.055373,0.413376,0.38603261610661377
AC092431.2,-0.43312,0.413376,0.38603261610661377
HDHD5,0.021488,0.413247,0.3861472977481101
SLC12A7,-0.23582,0.413156,0.38622821769365023
CDKAL1,-0.13471,0.413147,0.3862362216866134
SMIM17,-0.15436,0.413044,0.3863278347518905
KCNQ5,0.138192,0.412985,0.3863803219271525
AC018638.3,-0.71204,0.412985,0.3863803219271525
NOL10,-0.0207,0.412956,0.38640612332210195
SMBD1P,-0.34867,0.412956,0.38640612332210195
ZNF408,0.019122,0.41291,0.38644705320674066
OR6K3,-0.12679,0.412779,0.38656363815545663
TAX1BP1,0.014869,0.412779,0.38656363815545663
SHARPIN,0.028755,0.412779,0.38656363815545663
CHRNB1,-0.03115,0.412779,0.38656363815545663
ZFAND5,0.004314,0.412736,0.3866019141641419
KLHL35,-0.08251,0.412097,0.3871711602931868
RTL6,-0.1588,0.412,0.38725764492161724
ZNF678,-0.10149,0.412,0.38725764492161724
PDE4A,-0.16811,0.411773,0.3874601122959595
ZNF207,0.050025,0.411501,0.38770285579053887
PPP2R5B,-0.08744,0.411446,0.3877519584346002
DNM1P51,-0.13128,0.411398,0.38779481673319866
TP73-AS1,-0.18529,0.411398,0.38779481673319866
PRNP,0.030992,0.411398,0.38779481673319866
DUTP7,-0.29438,0.411324,0.3878608992247266
TEX2,-0.01338,0.411301,0.387881440671322
ANG,0.173653,0.411301,0.387881440671322
IGHV1-2,-0.79128,0.41117,0.3879984583519935
ZNF394,0.005281,0.411153,0.3880136464401796
VSTM5,-0.09599,0.411076,0.38808244699087474
CEP290,-0.21991,0.411076,0.38808244699087474
TPK1,-0.18288,0.410913,0.38822812996387
COA5,0.009766,0.410913,0.38822812996387
BACE2,-0.16116,0.41078,0.3883470406352995
UFSP2,-0.0137,0.410346,0.3887353183244889
RGCC,0.086261,0.410229,0.38884005868195415
HMGB3P10,-0.35074,0.409959,0.38908187491962176
AGMO,-0.27487,0.409937,0.3891015850895985
AC103706.2,-0.31564,0.409937,0.3891015850895985
AC128688.1,-0.31123,0.409937,0.3891015850895985
BCL2L10,0.101899,0.409869,0.38916251374609534
ABCE1,0.000774,0.409708,0.38930680933906725
VPS28,-0.00839,0.409588,0.3894143936483986
ACMSD,-0.18566,0.409363,0.38961619436851724
PPT1,0.064718,0.409363,0.38961619436851724
EEF1A1P26,-0.06497,0.409276,0.38969425201308056
MUC21,-0.04637,0.409223,0.3897418120363651
YPEL4,-0.20979,0.409223,0.3897418120363651
AC114490.1,-0.13257,0.409133,0.3898225876375333
GPR31,0.033252,0.409114,0.3898396424045011
CUL4A,0.001594,0.409089,0.38986208402414807
PROX1,-0.28203,0.40902,0.3899240295979105
AC008833.1,-0.2811,0.40902,0.3899240295979105
THAP12P9,-0.08239,0.40902,0.3899240295979105
AC067942.1,-0.0853,0.40902,0.3899240295979105
CUTA,0.039391,0.408891,0.39003986729117107
PPIAP41,-0.37207,0.408757,0.39016023125701965
NCL,0.022312,0.408709,0.3902033557424767
AC025884.2,-0.23782,0.408429,0.39045501025803797
CNGB3,-0.27494,0.408429,0.39045501025803797
ENPEP,-0.31583,0.408429,0.39045501025803797
RPL7AP66,-0.2144,0.408429,0.39045501025803797
INO80,-0.2151,0.408429,0.39045501025803797
ARSE,-0.19748,0.408429,0.39045501025803797
UBA52P8,-0.32403,0.408429,0.39045501025803797
RHPN1,0.158248,0.408286,0.39058359641835044
HMGB3P14,-0.26029,0.408129,0.39072482020219396
GLIPR1,-0.002,0.408129,0.39072482020219396
PIM3,0.023263,0.408115,0.3907374158852618
CDK4P1,-0.29212,0.408075,0.3907734057885963
CASKIN1,0.006937,0.408075,0.3907734057885963
MTCO2P29,0.404211,0.408075,0.3907734057885963
ACSL5,-0.39233,0.408075,0.3907734057885963
AC275401.5,-0.55691,0.408045,0.39080040039151337
CD82,-0.02083,0.408045,0.39080040039151337
CHFR,0.017585,0.408045,0.39080040039151337
AC073508.2,0.05821,0.408045,0.39080040039151337
ONECUT1,0.080132,0.407896,0.39093450121946666
STK19,0.368195,0.407853,0.3909732100137946
THAP3,0.054144,0.407811,0.39101102230372725
GTF2F1,0.003295,0.407788,0.39103173058354856
PRB3,-0.1171,0.407788,0.39103173058354856
SUDS3P1,-0.11684,0.407729,0.39108485683832467
APLN,0.083139,0.407626,0.3911776199726624
FAM122B,-0.17891,0.407565,0.3912325677366343
MUC17,-0.26172,0.407238,0.3915272553975856
SPOCK1,0.105882,0.407238,0.3915272553975856
AL096711.2,-0.04145,0.407238,0.3915272553975856
MGME1,0.028533,0.407238,0.3915272553975856
CDSN,-1.27394,0.407238,0.3915272553975856
CETN2,0.049746,0.407238,0.3915272553975856
MLF1,0.16392,0.407145,0.39161110618361167
TMCC3,0.040656,0.407145,0.39161110618361167
DPH7,0.068446,0.407145,0.39161110618361167
SCHIP1,-0.09422,0.407145,0.39161110618361167
KRTCAP2,0.051004,0.407145,0.39161110618361167
AC140113.3,0.34063,0.407145,0.39161110618361167
PPHLN1,-0.03088,0.407145,0.39161110618361167
LRP10,0.021213,0.407145,0.39161110618361167
SSR1,-0.03345,0.407145,0.39161110618361167
GRINA,0.10885,0.407145,0.39161110618361167
CBX5P1,-0.31785,0.406909,0.3918239694376951
KLRB1,-0.18154,0.40683,0.39189525035510575
ZC3H15,0.006054,0.40683,0.39189525035510575
AL096701.1,-0.2642,0.40683,0.39189525035510575
PLXDC1,-0.05354,0.40683,0.39189525035510575
MEGF6,-0.22786,0.406716,0.39199813428416713
TREH,-0.11579,0.406716,0.39199813428416713
CCDC39,-0.21132,0.406612,0.39209201686698597
TNFSF15,-0.15242,0.406245,0.3924234937648807
AP000436.1,-0.08237,0.406244,0.39242439735440793
NPIPB13,-0.33076,0.406236,0.3924316261455271
RPL23AP36,0.198956,0.40614,0.39251838202617684
TRIB2,0.034175,0.40614,0.39251838202617684
KRT18P12,-0.04793,0.406098,0.3925563437547171
AC018889.1,-0.34428,0.406098,0.3925563437547171
CD63,0.053462,0.406098,0.3925563437547171
KCNE1,-0.17344,0.406098,0.3925563437547171
FARSB,0.014013,0.405989,0.3926548806076736
ZIC1,-0.05729,0.40597,0.3926720592876677
TAS2R3,-0.29181,0.40597,0.3926720592876677
SCML2,-0.12904,0.405889,0.39274530314503125
TATDN2,-0.15192,0.405784,0.39284026922004917
SPTBN2,-0.08498,0.405717,0.39290087862103695
AL162431.4,-0.35486,0.405451,0.3931415992625522
NFE2L2,-0.19248,0.405365,0.3932194577819473
SLC11A2,-0.02473,0.405168,0.3933978662313183
IQCJ-SCHIP1,0.209017,0.405168,0.3933978662313183
CBWD3,-0.11375,0.404825,0.3937086893545471
POLK,-0.16148,0.404825,0.3937086893545471
MEI4,-0.09245,0.404805,0.393726820727216
AC092447.7,-0.10801,0.404756,0.3937712461192512
SEPT7P6,-0.22176,0.404756,0.3937712461192512
PEX2,0.059738,0.404673,0.3938465087304258
RPS3AP29,-0.25528,0.404625,0.39389004066084154
PRPH2,-0.14735,0.404625,0.39389004066084154
RTCA,0.005007,0.404454,0.39404516227022746
EMG1,0.011196,0.404454,0.39404516227022746
FAM105A,0.063891,0.404454,0.39404516227022746
CCDC32,-0.0463,0.40414,0.39433016455802467
ARL8B,-0.0047,0.404103,0.3943637612032176
C4orf47,0.105932,0.403911,0.39453814652254343
SYCE3,0.240108,0.403703,0.39472715097180716
RPS13,0.054656,0.403541,0.39487441907927245
PIGW,0.03881,0.40354,0.39487532831227024
ABI1P1,-0.16842,0.403526,0.39488805779406805
FUNDC1,0.045605,0.40346,0.3949480737357307
BPIFB9P,-0.09591,0.40346,0.3949480737357307
MYOCD,0.031218,0.403426,0.3949789945986806
CSTF2,0.013468,0.403108,0.39526831284126657
RPL7P59,-0.1219,0.402539,0.39578652128621356
IKZF5,-0.1178,0.402134,0.39615578295466497
PCDHA12,-0.05056,0.402125,0.39616399268133384
MAF1,0.014065,0.40211,0.39617767593719283
VPS4B,0.025997,0.40211,0.39617767593719283
IGSF9B,-0.30157,0.402062,0.3962214655319687
AL365258.2,-0.25249,0.402062,0.3962214655319687
C12orf4,-0.12712,0.402062,0.3962214655319687
AC080013.2,-0.43251,0.402062,0.3962214655319687
C9orf84,-0.18307,0.402062,0.3962214655319687
RPL17P43,-0.15181,0.401926,0.3963455623365572
PGAP3,-0.01872,0.401747,0.3965089548760502
HSH2D,-0.1804,0.401747,0.3965089548760502
SLC15A2,-0.15642,0.401747,0.3965089548760502
DNMT3L,-0.07977,0.401747,0.3965089548760502
MUC6,-0.33897,0.401747,0.3965089548760502
AC022973.1,-0.22677,0.401747,0.3965089548760502
AL139811.1,-0.13321,0.401645,0.39660209136490243
ORM2,-0.11695,0.401613,0.39663131516356337
SERPINB2,0.076332,0.401613,0.39663131516356337
CFL1P3,-0.26667,0.401613,0.39663131516356337
CASC1,-0.04179,0.401613,0.39663131516356337
FBXO38,-0.12135,0.401613,0.39663131516356337
MYSM1,-0.22038,0.401613,0.39663131516356337
AL096855.2,-0.29464,0.401613,0.39663131516356337
RPS28P7,0.094763,0.401613,0.39663131516356337
ENTPD5,-0.09552,0.401613,0.39663131516356337
AC091491.1,-0.31736,0.401613,0.39663131516356337
MYL9,0.16538,0.401613,0.39663131516356337
TIPRL,0.048171,0.401613,0.39663131516356337
CAMK4,-0.14652,0.401556,0.3966833753890334
AC239803.1,-0.26878,0.401487,0.3967464048045562
EEF1B2P6,0.184596,0.401454,0.3967765528477401
PARP3,0.082821,0.401454,0.3967765528477401
AL390023.1,-0.49684,0.401417,0.39681035792344826
SEC61A1,-0.02157,0.40134,0.3968807182610219
GPS1,0.011416,0.401145,0.3970589593404996
OSTC,0.038319,0.401145,0.3970589593404996
TUSC1,0.029991,0.401145,0.3970589593404996
CSF3,-0.06914,0.400966,0.39722264597625406
ALG10B,-0.16674,0.400891,0.3972912498205575
TAS2R13,-0.16873,0.400861,0.3973186946757407
MAP1B,-0.32762,0.400861,0.3973186946757407
SAMD7,-0.04515,0.400861,0.3973186946757407
AC005840.3,0.036452,0.400825,0.3973516310045455
OCA2,-0.29017,0.400739,0.397430323286734
MARK4,-0.24982,0.400543,0.39760972672570316
TMEM150B,-0.14239,0.400514,0.3976362779888312
RPL35P1,0.272679,0.400331,0.3978038665149995
AC044810.8,-0.47707,0.400264,0.397865241725102
AC013290.1,-0.16539,0.400264,0.397865241725102
KIF5A,-0.03736,0.400264,0.397865241725102
CREG2,0.039279,0.400145,0.39797427477274255
OXSR1,-0.02868,0.3997,0.3983822682488352
RAF1,-0.03515,0.399553,0.3985171355060937
PRKG2,-0.16186,0.399553,0.3985171355060937
CYP27C1,0.091635,0.399262,0.39878425229532016
PTPN2P2,-0.14711,0.399162,0.3988760863351646
EIF4G2,-0.04721,0.399162,0.3988760863351646
GORASP1,-0.03966,0.399155,0.3988825155098899
C3orf67,-0.09552,0.399122,0.3989128258722707
AL024509.1,-0.08778,0.399122,0.3989128258722707
INTS4P1,-0.1036,0.398984,0.39903960325361143
AC108108.1,-0.35502,0.398874,0.3991406865450957
RIMS1,-0.30781,0.398805,0.3992041064052287
MTCO1P1,-0.21907,0.398805,0.3992041064052287
SLC4A1AP,-0.00198,0.398795,0.3992132985253012
PTGER1,-0.0882,0.398795,0.3992132985253012
GPM6B,-0.21677,0.398795,0.3992132985253012
ZWINT,0.039024,0.398795,0.3992132985253012
KRT80,0.039735,0.398795,0.3992132985253012
AP006285.3,-0.16447,0.398795,0.3992132985253012
PDS5A,-0.13836,0.398795,0.3992132985253012
DNAAF4,0.033433,0.398795,0.3992132985253012
NHLRC4,-0.06606,0.398795,0.3992132985253012
RPL23A,0.054592,0.398795,0.3992132985253012
C20orf196,0.032345,0.398795,0.3992132985253012
CNTN2,-0.08944,0.398761,0.3992445533167849
C1orf53,0.126388,0.398761,0.3992445533167849
MARCO,0.250596,0.398491,0.39949284001882784
RHOQ,0.018568,0.398453,0.3995277964659303
RACGAP1P,0.108781,0.398265,0.3997007838938419
AL009178.1,-0.07613,0.397668,0.4002506077178702
AC006529.1,-0.16003,0.397629,0.40028655216399534
CEP85,-0.07896,0.397559,0.4003510759332128
LIMS3,0.263662,0.397559,0.4003510759332128
AC007000.1,-0.29798,0.397504,0.4004017804768794
FRG1HP,-0.18212,0.397482,0.4004220640923879
YWHAQP5,-0.24327,0.397285,0.40060374045182245
RNF5,-0.29697,0.397285,0.40060374045182245
DLGAP5,0.015858,0.396964,0.4008999480747889
EIPR1,-0.00801,0.39695,0.40091287177051216
RBM43P1,-0.19485,0.396929,0.40093225809525906
TXNP6,-0.42013,0.396929,0.40093225809525906
SMPD4P1,-0.07599,0.396929,0.40093225809525906
AC010329.5,-0.08103,0.396929,0.40093225809525906
AC006445.2,-0.25389,0.396892,0.40096641723405263
HELLS,-0.19931,0.396876,0.4009811896548908
PTGDR,-0.09811,0.396824,0.40102920378141865
SMIM1,-0.25183,0.396824,0.40102920378141865
BCAT2,-0.32098,0.396817,0.40103566766057663
SERTAD3,0.053046,0.396551,0.40128137228594823
SLC6A1,-0.24957,0.396548,0.40128414424904
LRCOL1,0.115414,0.396548,0.40128414424904
GAPDHP2,-0.17786,0.396463,0.4013626911609108
MED11,0.03196,0.396336,0.4014800781359044
COPG1,0.02821,0.396322,0.4014930205331128
RPL7P11,-0.29129,0.396298,0.40151520847043903
PSKH1,-0.05905,0.396298,0.40151520847043903
NPIPA1,-0.28793,0.396214,0.4015928759077293
PPIAP10,-0.24478,0.396214,0.4015928759077293
PXMP2,-0.22909,0.396214,0.4015928759077293
NUDT9,-0.07576,0.396214,0.4015928759077293
ATP6V1C2,0.065728,0.396193,0.4016122951143863
POLD2,0.003531,0.396193,0.4016122951143863
NCAPH,0.004804,0.395964,0.4018241179005189
COL4A6,0.032773,0.39588,0.4019018450919686
RPL7L1P10,-0.37789,0.395774,0.4019999508629362
AC114940.1,-0.09251,0.39576,0.40201291001913136
BX842568.2,0.062197,0.39576,0.40201291001913136
TPI1P2,0.03526,0.39576,0.40201291001913136
G0S2,-0.66377,0.395652,0.4021128946955208
C22orf23,0.006513,0.395632,0.40213141310506023
VN1R83P,-0.30525,0.395371,0.40237315654771166
MSANTD1,-0.11314,0.395338,0.4024037321576044
SLC9A8,-0.14065,0.395307,0.40243245681666323
BAG5,0.025137,0.395154,0.4025742569442999
DNMBP,-0.175,0.395154,0.4025742569442999
ADGRL3,-0.38023,0.395154,0.4025742569442999
HLA-A,1.693939,0.395154,0.4025742569442999
AC093225.1,-0.20822,0.395069,0.4026530563813941
UBL7,0.004693,0.394572,0.40311411017641297
MTHFD2L,0.059767,0.394572,0.40311411017641297
ATP2C1,-0.16281,0.394492,0.40318837337936614
AC068620.3,-0.22809,0.394012,0.4036342399873134
PTPN2P1,-0.19649,0.394012,0.4036342399873134
FP565260.3,-0.18348,0.394012,0.4036342399873134
PDZD9,-0.24496,0.394012,0.4036342399873134
MRPL28,0.048565,0.393727,0.4038992065406443
ACTG2,0.249451,0.393727,0.4038992065406443
LDHAL6A,-0.1868,0.393686,0.40393733884454913
CAPG,-0.00436,0.393487,0.40412247117535344
HLA-DQA1,-1.03923,0.393446,0.40416062455777174
TBC1D3D,-0.52936,0.39316,0.404426867883576
FAM213AP1,-0.14256,0.393086,0.4044957845733238
HEATR5A,-0.16037,0.392853,0.40471285572725746
TGS1,-0.0386,0.392846,0.4047193789803484
FAM98B,-0.27504,0.392846,0.4047193789803484
KRT17,0.335899,0.392827,0.4047370854830363
TNXB,-0.967,0.392753,0.4048060550356667
AC015912.2,-0.54193,0.392245,0.4052798390744172
XIAPP3,-0.24068,0.392245,0.4052798390744172
KCNT1,0.167758,0.391667,0.40581958274621976
SCGB3A2,-0.30942,0.391651,0.4058345339675765
AC121251.1,-0.47966,0.391651,0.4058345339675765
BDP1,-0.41149,0.391651,0.4058345339675765
AK4P4,-0.18833,0.391651,0.4058345339675765
HECW1,-0.15459,0.391589,0.4058924751533124
TEX53,-0.21009,0.391589,0.4058924751533124
MGST2,0.05148,0.391589,0.4058924751533124
LAX1,-0.2025,0.391589,0.4058924751533124
CNOT8,-0.0002,0.391589,0.4058924751533124
TMEM60,0.038194,0.391524,0.4059532288272124
RUBCNL,-0.15953,0.391347,0.406118711854859
HCG4P7,-0.10379,0.391301,0.4061617297860526
AC254813.1,-0.62901,0.391115,0.4063357183230195
AC018523.2,0.242775,0.39101,0.40643397056944913
USP9YP21,0.153706,0.39101,0.40643397056944913
NADSYN1,0.024212,0.39101,0.40643397056944913
CREB1,-0.06282,0.39101,0.40643397056944913
KLHL21,0.066156,0.39101,0.40643397056944913
ARPC3P5,-0.2937,0.390716,0.4067092032674685
BTN3A1,0.080466,0.390583,0.4068337745200503
CEP126,-0.13322,0.390583,0.4068337745200503
PWWP2A,-0.04565,0.390556,0.40685906807967237
AC010240.2,-0.22056,0.39032,0.407080219481707
CHORDC1,-0.12621,0.390304,0.407095217147493
ARHGAP27,0.196888,0.390107,0.4072799211976113
TRAPPC6B,0.031607,0.389868,0.40750411628661026
RABEPK,0.040311,0.389746,0.40761860654112053
DDX54,-0.02077,0.389551,0.4078016700589539
MTCO3P11,-0.22833,0.38949,0.40785895296260083
HOXB7,-0.25732,0.38949,0.40785895296260083
KHK,-0.19927,0.38949,0.40785895296260083
TFAP2C,-0.13952,0.38949,0.40785895296260083
ZSWIM5,-0.04969,0.389086,0.40823853798647985
AC100868.1,-0.08359,0.389086,0.40823853798647985
AC006270.3,-0.179,0.389086,0.40823853798647985
GMPPB,0.010471,0.389086,0.40823853798647985
ZNF106,-0.09204,0.389086,0.40823853798647985
AASS,0.053783,0.389086,0.40823853798647985
HMGA1P1,-0.13561,0.389086,0.40823853798647985
RPS3AP34,-0.33228,0.389085,0.40823947799153404
LNPK,-0.13975,0.388841,0.40846890393205504
MAB21L3,-0.21072,0.388774,0.40853192459854276
RPS10P7,-0.20528,0.388398,0.4088857732519343
C12orf57,0.061311,0.388379,0.40890366203467904
AL161420.1,-0.42504,0.388379,0.40890366203467904
ZNF213,-0.22134,0.388379,0.40890366203467904
RAB6C,-0.0374,0.388379,0.40890366203467904
AKR1E2,-0.18427,0.388379,0.40890366203467904
MAP7,0.013163,0.388379,0.40890366203467904
AC007386.1,-0.19034,0.388256,0.40901948729943344
RGPD6,-0.28469,0.388256,0.40901948729943344
TSHZ2,-0.17679,0.388111,0.4091560714144233
AF107885.1,-0.21214,0.387739,0.40950668895727516
VN1R85P,-0.32421,0.38766,0.4095811867285998
ADAMTS5,-0.32385,0.38766,0.4095811867285998
LIMCH1,0.041124,0.387573,0.40966324425894785
DPEP3,-0.04449,0.38742,0.40980759220936785
MEX3B,-0.17544,0.387404,0.40982269035712937
AC023509.5,-0.21529,0.387242,0.40997559043470616
PRR4,-0.32119,0.387148,0.41006433638478396
FAM189B,-0.20753,0.387074,0.4101342137319423
ZNF101,-0.01341,0.386918,0.4102815617468626
SSR2,0.027683,0.38675,0.41044030342719157
RNF112,-0.3254,0.38675,0.41044030342719157
CTU2,0.001442,0.38675,0.41044030342719157
ELOVL7,0.095788,0.386125,0.41103139973080305
ICAM1,-0.00608,0.385959,0.4111885379327349
TSR3,0.017653,0.385959,0.4111885379327349
SAFB2,-0.02724,0.385868,0.41127470545039024
FAM220A,-0.01927,0.385868,0.41127470545039024
ARHGAP5,-0.12389,0.385868,0.41127470545039024
PAK6,-0.07588,0.385868,0.41127470545039024
BCKDHA,-0.02488,0.385765,0.4113722575035682
FO681525.2,-0.24526,0.385765,0.4113722575035682
SRSF6,-0.15229,0.385356,0.411759852813048
SCYL1,-0.00029,0.385209,0.4118992488816585
DENND4C,-0.16946,0.385154,0.4119514160037338
ANO2,-0.05019,0.385154,0.4119514160037338
AL109620.1,0.099897,0.385154,0.4119514160037338
PRR15L,-0.28549,0.385154,0.4119514160037338
CSNK1E,0.049052,0.385039,0.4120605140643272
ARL9,0.062813,0.384965,0.4121307315717685
TNXB,-1.6781,0.384965,0.4121307315717685
MFGE8,0.044053,0.384862,0.4122284866695408
AC051619.1,-0.26155,0.384862,0.4122284866695408
TRIM25,0.007785,0.3847,0.41238228432173085
DOCK4,-0.26333,0.384655,0.4124250160740685
RPL14P3,-0.15892,0.384655,0.4124250160740685
EIF4E,0.105917,0.384655,0.4124250160740685
CNPPD1,0.005262,0.384655,0.4124250160740685
MUC12,0.036431,0.384655,0.4124250160740685
CYBA,0.103772,0.384655,0.4124250160740685
ISCA2,0.069407,0.384515,0.41255798762255697
MECR,-0.16592,0.384335,0.4127290140393809
CDC42P4,-0.24935,0.384288,0.4127736826091202
ELP5,0.023337,0.38417,0.4128858505370719
FAHD1,0.034823,0.384019,0.41302943192204417
TMX2,0.010109,0.383845,0.41319494523811573
PROS1,0.033502,0.383716,0.41331769619904696
KBTBD8,-6.4e-05,0.38342,0.41359949517344147
SRSF4,-0.04129,0.38327,0.4137423720507922
GABRA3,-0.17621,0.383238,0.41377285883853626
AKIRIN1P2,-0.13089,0.383143,0.41386337972427883
AC018620.1,-0.35612,0.383115,0.41389006334261114
NPTN,0.012778,0.383115,0.41389006334261114
HLA-DOA,0.280382,0.383085,0.4139186548428149
ZNF358,-0.24949,0.38301,0.41399014223468134
LAGE3,0.062229,0.38283,0.414161762352946
RPL4P2,-0.05623,0.38283,0.414161762352946
ASZ1,-0.10753,0.382678,0.4143067414127018
APLF,-0.16681,0.382678,0.4143067414127018
CHMP4B,0.003713,0.382676,0.41430864937014844
ALDH16A1,0.111749,0.382676,0.41430864937014844
AC124856.1,-0.14664,0.382676,0.41430864937014844
LRRC42,-0.00355,0.382676,0.41430864937014844
RCOR3,-0.19903,0.382676,0.41430864937014844
JAM3,0.039076,0.382291,0.41467609486960777
ADGRL2,-0.02993,0.382129,0.4148308056959399
BORA,-0.07639,0.382129,0.4148308056959399
AC107956.2,0.230504,0.382129,0.4148308056959399
MPP1,0.005065,0.382129,0.4148308056959399
HLA-DOB,-0.10537,0.382129,0.4148308056959399
AC113420.1,-0.27417,0.382129,0.4148308056959399
AC114801.1,-0.33226,0.382129,0.4148308056959399
HSP90B2P,-0.17362,0.382129,0.4148308056959399
ANKRD20A9P,0.156072,0.382129,0.4148308056959399
RPL5P13,-0.18513,0.382129,0.4148308056959399
AC104978.1,-0.26401,0.381997,0.41495690904524174
PARP10,0.182935,0.381997,0.41495690904524174
ATF5,0.06372,0.381963,0.41498939641907123
AC115621.1,-0.2652,0.381898,0.41505151171315857
STAM2,0.006901,0.381644,0.4152943283343092
SPICE1,-0.22178,0.381268,0.4156540342226229
RPL23AP17,-0.28169,0.381227,0.4156932763050424
SYNE2,-0.1743,0.381155,0.4157621981962032
HIST1H4B,0.123288,0.380803,0.41609931419529295
HMGB1,0.099033,0.380803,0.41609931419529295
PPIAL4C,0.445318,0.38077,0.41613093283113
RTN3,-0.13065,0.38077,0.41613093283113
HNRNPA1P62,-0.19188,0.38077,0.41613093283113
NAA60,-0.20105,0.380753,0.41614722215694755
CLEC10A,0.141598,0.380753,0.41614722215694755
GTSF1,-0.21891,0.380672,0.4162248447610035
CEACAM19,0.024093,0.38057,0.4163226123401146
TDRD3,-0.17276,0.380405,0.4164808144005657
FAM171A1,-0.2035,0.380289,0.41659207122995845
AC241585.2,-0.27822,0.380289,0.41659207122995845
AC011352.2,-0.19729,0.380285,0.41659590820240067
MX2,0.018479,0.380184,0.4166928034693295
ANO7L1,0.125364,0.380184,0.4166928034693295
RAB39A,-0.14506,0.380106,0.41676764890004414
YBX3,0.031186,0.380106,0.41676764890004414
HNRNPKP1,-0.05545,0.380106,0.41676764890004414
AC004812.1,-0.72717,0.380106,0.41676764890004414
MORF4L1,0.005625,0.379722,0.4171363147644844
MAP3K14,-0.19621,0.379722,0.4171363147644844
BZW2,0.006625,0.379722,0.4171363147644844
RGS9BP,-0.31063,0.379722,0.4171363147644844
TAF1B,-0.04664,0.379722,0.4171363147644844
ZNF707,-0.15521,0.379722,0.4171363147644844
EXOC3,-0.02313,0.379635,0.41721988592672815
MPV17L,-0.31995,0.379612,0.4172419822504938
PPIAP11,-0.29114,0.379612,0.4172419822504938
TCAF2P1,-0.12008,0.379612,0.4172419822504938
AC067940.1,-0.38298,0.379612,0.4172419822504938
SOBP,-0.13301,0.379612,0.4172419822504938
FOXD3,-0.11255,0.379612,0.4172419822504938
KNOP1P2,-0.23765,0.379612,0.4172419822504938
RHOBTB3,-0.14737,0.379612,0.4172419822504938
AXL,-0.27732,0.379574,0.4172784917841334
SERF2,0.043874,0.379465,0.4173832342243996
BMP5,-0.05164,0.379465,0.4173832342243996
FAM117A,-0.20685,0.379445,0.41740245587525493
DBX2,0.221239,0.379399,0.4174466690316615
AC006028.1,-0.27535,0.379399,0.4174466690316615
EEF1GP4,-0.09442,0.379399,0.4174466690316615
ILKAP,0.026628,0.379399,0.4174466690316615
FTLP3,-0.12706,0.379399,0.4174466690316615
KRTAP10-4,-0.10413,0.379392,0.41745339753122723
TAS2R31,-0.32461,0.379392,0.41745339753122723
NLRP10,0.079674,0.379392,0.41745339753122723
ENPP7P9,0.163314,0.379356,0.4174880029564086
AC135626.1,-0.22418,0.379356,0.4174880029564086
P2RY12,0.149432,0.379356,0.4174880029564086
SRARP,-0.1242,0.379191,0.41764664786380407
MTCO1P28,-0.07771,0.378879,0.41794679575199845
TERT,-0.05807,0.37884,0.4179843294016504
ATXN7L3,-0.03105,0.378794,0.41802860419273324
SNW1,-0.02719,0.37875,0.41807095838125596
AQP8,0.060496,0.37859,0.4182250097898849
BMS1P22,-0.18868,0.37857,0.41824427020683014
VKORC1,0.025813,0.37857,0.41824427020683014
C20orf202,0.067357,0.37857,0.41824427020683014
HCG4,0.241968,0.378449,0.4183608146471013
DYRK4,-0.00954,0.378449,0.4183608146471013
MKRN2,-0.00173,0.378243,0.418559303861637
DOT1L,-0.14086,0.378126,0.4186720799564252
FCRL3,-0.32511,0.377984,0.4188089943272545
HAAO,-0.20436,0.377807,0.4189797178871757
IL17RA,-0.08253,0.377807,0.4189797178871757
CDC20,0.013121,0.377807,0.4189797178871757
RNASEK,0.031789,0.377792,0.4189941891838748
COL6A2,-0.3226,0.377792,0.4189941891838748
NCLN,0.027365,0.377792,0.4189941891838748
HTRA4,-0.25491,0.377566,0.41921228389441617
TMLHE,-0.15509,0.377529,0.41924800047820404
SHF,-0.32365,0.377521,0.4192557233829038
SV2B,-0.22252,0.377521,0.4192557233829038
PCOLCE,-0.33071,0.377521,0.4192557233829038
KRTAP10-2,-0.16831,0.377521,0.4192557233829038
CARD17,0.367824,0.377492,0.4192837201050191
SEC1P,-0.19492,0.377492,0.4192837201050191
TGDS,-0.04263,0.377424,0.4193493749230305
TGFBR1,0.05475,0.377424,0.4193493749230305
CAMSAP3,-0.19456,0.377357,0.41941407428409433
TRIM73,-0.21582,0.377197,0.41956862060606903
BTF3L4P2,0.088985,0.377164,0.4196005028682382
DGUOK,0.019377,0.376226,0.4205077458379163
DLEC1,-0.21151,0.376196,0.4205367944872212
AC005244.1,-0.30223,0.37616,0.4205716555152154
SOX8,-0.16244,0.37616,0.4205716555152154
TBC1D3L,0.270612,0.37616,0.4205716555152154
AADACL3,-0.86593,0.376102,0.42062782658337566
SLC25A39,0.005341,0.375688,0.4210289897458069
AL589843.2,-0.08934,0.375581,0.42113273421846686
STPG4,-0.24272,0.375581,0.42113273421846686
ATP6V1B1,-0.60033,0.375581,0.42113273421846686
AC096582.3,0.03216,0.375571,0.4211424312696677
PEMT,0.077445,0.375571,0.4211424312696677
SPATA19,0.108828,0.375475,0.4212355343227081
ACR,0.077687,0.375475,0.4212355343227081
AC073488.9,0.199128,0.37524,0.4214635297077142
SH2D2A,0.049896,0.375225,0.421478086793716
EDN2,0.131699,0.375225,0.421478086793716
SRP9P1,-0.15761,0.37488,0.42181303857767416
IL31RA,0.190071,0.37488,0.42181303857767416
TMEM272,-0.07619,0.37488,0.42181303857767416
PLK4,0.001744,0.37488,0.42181303857767416
RPL12P15,-0.30503,0.37488,0.42181303857767416
NR5A2,0.061006,0.37488,0.42181303857767416
OR4E1,-0.07133,0.374764,0.42192571983367916
OR4F3,-0.1552,0.374764,0.42192571983367916
RGS9,-0.16362,0.374764,0.42192571983367916
MTCL1,0.111194,0.374747,0.4219422359947692
GNG4,-0.04259,0.374747,0.4219422359947692
MTND2P30,-0.25001,0.374747,0.4219422359947692
CCNL2P1,-0.09904,0.374747,0.4219422359947692
SELENOH,0.020565,0.374636,0.42205009270476596
A2MP1,-0.13886,0.374604,0.4220811916505421
CCDC28A,0.032582,0.374604,0.4220811916505421
FH,0.014059,0.374429,0.42225130454742693
TUBA1A,0.04568,0.373976,0.42269197244181894
HBA1,0.300585,0.373976,0.42269197244181894
RPL34P31,0.290888,0.373948,0.422719225278908
MTCYBP40,-0.09038,0.373922,0.4227445330581064
RFXAP,-0.17878,0.37383,0.4228340958280795
FTL,0.085276,0.373745,0.42291686090349295
AC135507.2,-0.39918,0.373745,0.42291686090349295
GNRHR,-0.14784,0.373709,0.42295191923066067
AC100858.1,-0.06352,0.373635,0.42302399269686825
SMPD3,0.062823,0.373494,0.42316135586641224
PALLD,0.080316,0.373487,0.42316817647658933
TAS1R1,0.020645,0.372924,0.4237171085590472
AC233724.2,-0.40911,0.372731,0.4239054498319552
AC074276.1,-0.16969,0.372558,0.42407434502713226
ANKRD39,-0.10818,0.372558,0.42407434502713226
ATP11A,-0.20108,0.372558,0.42407434502713226
CD1E,-0.33031,0.372394,0.4242345158988976
DIAPH1,-0.20452,0.372345,0.4242823835667615
MTCYBP44,-0.17762,0.372264,0.4243615235963328
PCDHB15,-0.13229,0.372264,0.4243615235963328
CITED2,0.068184,0.372225,0.424399633319662
BOLA2P3,-0.36618,0.372126,0.42449638875787693
PPIP5K2,-0.16596,0.37212,0.42450225343272924
HMGA1P2,-0.42375,0.372031,0.4245892556250096
PGPEP1L,-0.13925,0.371903,0.42471441363807294
CNTNAP3P1,-0.24445,0.371864,0.4247525550526397
PIP5K1A,-0.02441,0.371864,0.4247525550526397
RPL13P2,-0.13544,0.371864,0.4247525550526397
PINK1,0.00634,0.371837,0.4247789626538486
NPAT,-0.16198,0.371829,0.4247867874435751
RBM15,-0.12347,0.371815,0.42480048117243335
AC003002.2,-0.34126,0.371815,0.42480048117243335
CDX4,0.178125,0.371815,0.42480048117243335
EME2,0.060294,0.371815,0.42480048117243335
TMC3,-0.12188,0.371792,0.42482297897103893
AC007599.1,-0.19072,0.371763,0.4248513474588785
CYP2E1,0.05316,0.371625,0.424986368289989
TBC1D2B,-0.21624,0.371587,0.425023555473373
DCTN5,0.078876,0.371514,0.4250950031398972
ZNF143,-0.02549,0.371474,0.4251341576396943
PMS2P2,0.156318,0.371453,0.4251547151957653
AGRP,-0.16457,0.371391,0.4252154147327879
RFX5,0.139119,0.37111,0.42549062936250587
ADCYAP1R1,-0.12342,0.37111,0.42549062936250587
AC244517.10,-0.16829,0.37081,0.4257846494158568
STXBP1,-0.07444,0.37081,0.4257846494158568
TRAJ17,-1.06511,0.37081,0.4257846494158568
SAMD9L,0.118521,0.370686,0.4259062370408484
ERRFI1,-0.00483,0.370686,0.4259062370408484
AC010343.1,-0.23777,0.370009,0.4265706787724214
AL139156.1,-0.20339,0.370009,0.4265706787724214
HDAC9,-0.27057,0.369767,0.42680844110912275
DEFA1,0.356443,0.369686,0.42688805231608995
CDK18,-0.13067,0.369686,0.42688805231608995
ZPLD1,-0.08958,0.369549,0.42702273716941425
SLC7A1,-0.01148,0.369352,0.4272164825776763
ZNF721,-0.13837,0.369352,0.4272164825776763
MOGAT2,-0.58825,0.369352,0.4272164825776763
EIF3CL,-0.55166,0.369352,0.4272164825776763
PLCXD2,-0.06529,0.369352,0.4272164825776763
ZIC3,0.03744,0.369352,0.4272164825776763
JUNB,0.061895,0.369293,0.42727452495614043
RPS3AP4,-0.08462,0.369067,0.4274969297441961
ADA,-0.2436,0.369067,0.4274969297441961
YWHAG,0.010813,0.368894,0.42766725588040255
CENPUP2,-0.12594,0.368894,0.42766725588040255
ACTG1,0.056707,0.368894,0.42766725588040255
LINC00672,-0.20214,0.368894,0.42766725588040255
HGD,-0.7245,0.368894,0.42766725588040255
OLIG3,-0.06445,0.368894,0.42766725588040255
GP6,-0.24732,0.368894,0.42766725588040255
MICE,-0.09131,0.368894,0.42766725588040255
ZSCAN12,-0.11186,0.368894,0.42766725588040255
AC108059.1,-0.15841,0.368894,0.42766725588040255
AL355987.3,0.188915,0.368753,0.42780612679740043
TRPM8,-0.18644,0.368732,0.42782681355775853
NSD1,-0.11701,0.368732,0.42782681355775853
SETP10,-0.17396,0.368732,0.42782681355775853
AREL1,-0.09071,0.368732,0.42782681355775853
ANKRD18A,-0.19626,0.368669,0.42788887984093266
BOD1L1,-0.14612,0.368669,0.42788887984093266
C2CD5,-0.23481,0.368669,0.42788887984093266
C2orf74,0.202769,0.368386,0.42816779661395094
AL669831.4,-0.23759,0.368355,0.4281983603811202
NRP2,0.07335,0.368029,0.4285199050392389
PXN,-0.18974,0.368029,0.4285199050392389
NUTM2D,-0.25372,0.368029,0.4285199050392389
PARP1,0.029223,0.368029,0.4285199050392389
RPS3AP32,-0.09585,0.368029,0.4285199050392389
OXT,-0.21366,0.368029,0.4285199050392389
RASGRP4,-0.13271,0.368029,0.4285199050392389
MRPL38,0.054209,0.368029,0.4285199050392389
ATP6V1B2,-0.01136,0.368029,0.4285199050392389
SMS,0.041263,0.368029,0.4285199050392389
LMX1A,-0.10318,0.367778,0.4287676392110781
HMGB1P49,-0.18781,0.367595,0.42894834841871743
AC138409.2,-0.23237,0.367523,0.4290194679991112
RASL10A,-0.33056,0.367511,0.42903132240886466
PIGK,0.06707,0.367373,0.42916767166624736
AC138207.3,-0.52139,0.367292,0.42924772293290897
NIPA2,-0.00581,0.367266,0.4292734215667628
PSG4,0.347897,0.367185,0.4293534925586135
AC140062.1,0.939072,0.367185,0.4293534925586135
RPL19,0.026491,0.367185,0.4293534925586135
MLH3,-0.13589,0.367185,0.4293534925586135
AL591212.2,-0.40992,0.367154,0.42938414096394345
LYRM4,0.067103,0.367103,0.4294345672943436
STX19,0.056411,0.367085,0.4294523662365885
GRIN1,-0.10532,0.367085,0.4294523662365885
AC093664.1,0.333751,0.367085,0.4294523662365885
LMLN,-0.09011,0.367083,0.42945434394237564
CENPI,-0.16152,0.366959,0.42957697949016704
AMMECR1,-0.03402,0.366959,0.42957697949016704
ARHGEF19,-0.16267,0.366959,0.42957697949016704
MED13L,-0.21039,0.366941,0.42959478433502585
CMYA5,-0.21134,0.36685,0.42968480901409384
NDST3,-0.0884,0.36685,0.42968480901409384
AC093162.2,-0.25653,0.366806,0.42972834419619327
DMRTA1,0.183528,0.366752,0.42978177976648974
C12orf29,0.127461,0.366752,0.42978177976648974
Z84492.2,0.220514,0.366752,0.42978177976648974
AC209007.1,-0.09677,0.36663,0.4299025290384179
SLC12A6,-0.07256,0.36663,0.4299025290384179
VSTM2L,-0.08095,0.36663,0.4299025290384179
RPS6KB1,-0.0028,0.36663,0.4299025290384179
PLIN5,-0.5963,0.36663,0.4299025290384179
AC006254.1,0.119236,0.36663,0.4299025290384179
CEP70,-0.16285,0.36663,0.4299025290384179
SYT15,-0.05325,0.36663,0.4299025290384179
GZMH,0.127254,0.36663,0.4299025290384179
BIN1,-0.23519,0.36637,0.43015997675436324
KRTAP4-7,-0.32683,0.366295,0.43023426916535684
ANGPT4,-0.09835,0.366248,0.4302808322825663
SELENOOLP,0.108391,0.366162,0.4303660459271881
PDZK1,-0.48401,0.366162,0.4303660459271881
YWHAZP3,-0.18724,0.366162,0.4303660459271881
AL445238.1,-0.26218,0.366162,0.4303660459271881
CYP4F22,0.036219,0.366136,0.4303918115139262
RNF4,-0.09954,0.366131,0.4303967666112967
ZNF815P,0.036148,0.366131,0.4303967666112967
RNF8,0.009215,0.366131,0.4303967666112967
ALDOA,0.077855,0.366094,0.43043343610493345
RIC8A,-0.01985,0.366094,0.43043343610493345
KATNBL1P5,-0.15376,0.366066,0.43046118806871947
NMU,0.08682,0.365846,0.4306793014820187
TOMM7,0.090349,0.365801,0.4307239292023345
DRAXIN,-0.10073,0.365681,0.4308429590659898
FGD6,-0.15549,0.365604,0.43091935388642677
RARRES2,-0.34821,0.365568,0.4309550755922466
LINC02210,-0.17218,0.365468,0.43105431809080386
RPL36AP13,-0.36939,0.365468,0.43105431809080386
AC011497.2,0.155768,0.36544,0.4310821100856213
Z84478.1,-0.21257,0.365432,0.4310900509846838
INSL6,-0.27505,0.365368,0.43115358344342203
NCBP1,-0.11435,0.365368,0.43115358344342203
DDX20,0.03971,0.365195,0.4313253664876264
FAR2,-0.44789,0.365042,0.43147734725106857
AC016582.2,0.1027,0.364698,0.43181925122028975
AP001282.1,-0.06655,0.36469,0.43182720569811883
TAF1A,-0.2241,0.364671,0.4318460981702255
UBASH3A,-0.06566,0.364599,0.4319176981971513
OSGIN2,-0.19464,0.364599,0.4319176981971513
ARL17B,-0.36726,0.364599,0.4319176981971513
SUCLA2,-0.0115,0.364599,0.4319176981971513
NUTM1,-0.06167,0.364363,0.4321524704119398
KCNK1,-0.02926,0.363548,0.43296421212030356
AC015818.3,0.409442,0.363548,0.43296421212030356
IFITM2,0.392137,0.363548,0.43296421212030356
VNN3,0.120679,0.363548,0.43296421212030356
CATSPERG,-0.29109,0.363548,0.43296421212030356
AC093909.1,0.11031,0.363483,0.4330290178709979
FADS2,-0.76214,0.363483,0.4330290178709979
E2F2,-0.1553,0.363483,0.4330290178709979
FAM49A,-0.03337,0.363458,0.43305394574250744
BTF3L4P1,-0.35542,0.363389,0.4331227541140788
ARL17B,-0.23763,0.363389,0.4331227541140788
UBE2V2,0.053355,0.363056,0.4334549830328844
PAPOLA,-0.16673,0.362916,0.43359473493455747
HYLS1,0.054439,0.362837,0.433673614821704
KCNJ10,-0.10729,0.362837,0.433673614821704
ZNF280A,0.03734,0.362837,0.433673614821704
DHRS13,0.064006,0.362837,0.433673614821704
RER1,0.13536,0.362813,0.43369758117352986
MARK3,-0.05767,0.362766,0.4337445191158394
C10orf128,0.194016,0.36276,0.43375051155921684
ABHD14A,-0.21865,0.362741,0.4337694881760969
AEBP1,-0.32721,0.362741,0.4337694881760969
EFEMP1,0.04724,0.362672,0.43383841024091624
TAPT1,-0.16611,0.362645,0.4338653827254616
UCK1,-0.0121,0.362645,0.4338653827254616
TMC4,-0.40537,0.362645,0.4338653827254616
DDX11L16,-0.11765,0.362645,0.4338653827254616
GULP1,-0.21267,0.362645,0.4338653827254616
AC139495.2,-0.37152,0.362645,0.4338653827254616
CXCL3,0.102469,0.362524,0.43398628001392353
HMGB3P4,-0.29885,0.362486,0.43402425470813777
PLAC8L1,-0.26878,0.362477,0.43403324920134506
HIST2H3DP1,-0.29097,0.362336,0.43417418726591606
AL354798.1,0.330239,0.362011,0.4344992188465317
AC104446.1,-0.16375,0.361661,0.4348495249827489
GANAB,-0.12136,0.361052,0.4354597310435606
PRMT3,0.052487,0.360958,0.43555399345443024
VPS8,-0.23968,0.360958,0.43555399345443024
EFCAB7,0.044685,0.360911,0.4356011323113317
ZNF25,-0.00748,0.360878,0.4356342328551271
SLC45A3,-0.18544,0.360878,0.4356342328551271
TJP2,-0.01658,0.360878,0.4356342328551271
UGGT1,-0.01707,0.360626,0.4358870835989609
DESI2,0.016845,0.360626,0.4358870835989609
UBXN10,0.053556,0.360626,0.4358870835989609
AC011444.4,-0.241,0.360626,0.4358870835989609
SMG1P1,-0.34458,0.360539,0.4359744113834142
ATP6V1G1P6,-0.3653,0.360539,0.4359744113834142
ZNRD1,0.065905,0.360431,0.436082842628655
CICP16,-0.10263,0.360338,0.43617623558820706
HLA-E,0.408809,0.360184,0.43633093028009784
ACLY,-0.1802,0.360184,0.43633093028009784
FRMPD3,-0.08002,0.360166,0.4363490150585931
CCNL1,0.065925,0.360166,0.4363490150585931
AC080125.1,-0.17238,0.360164,0.4363510245246949
WDR78,-0.1262,0.360164,0.4363510245246949
SLC25A46,0.051144,0.360099,0.4364163372108684
AQP7,-0.28599,0.360099,0.4364163372108684
TPCN2,-0.16247,0.359764,0.4367531038063765
HAUS4,0.054353,0.359764,0.4367531038063765
ARNT2,-0.20732,0.359764,0.4367531038063765
MUM1,-0.18542,0.359458,0.43706094456752154
AC068234.1,-0.2009,0.359406,0.437113278941388
OLFML1,-0.24825,0.359406,0.437113278941388
AF186192.2,-0.26182,0.359344,0.43717568580813526
RPL3P4,-0.51548,0.359194,0.43732670701964743
PRAMEF13,-0.08379,0.35909,0.4374314456834311
GNAQ,-0.14243,0.358981,0.43754124678263023
S100PBP,-0.17248,0.358868,0.4376551063772948
LHX6,0.061361,0.358816,0.43770751189704304
DHX8,-0.00524,0.358816,0.43770751189704304
SNX18P2,-0.19078,0.358533,0.4379928288858593
ACER2,0.048421,0.358527,0.43799888002221077
TP53BP2,-0.10608,0.358292,0.4382359486338213
PSORS1C2,-1.15103,0.358292,0.4382359486338213
ACTR6,0.035355,0.35822,0.4383086080971232
PAPLN,-0.26636,0.358108,0.4384216578747928
FAM60BP,-0.19954,0.357971,0.4385599816258669
SLC35A3,-0.1003,0.357914,0.4386175452388564
DNPEP,0.030423,0.357779,0.4387539102520825
TRIM51EP,0.079005,0.357629,0.43890547665715257
IL26,0.070487,0.3576,0.4389347855347171
AL355312.1,-0.11188,0.3576,0.4389347855347171
TOX3,-0.09971,0.3576,0.4389347855347171
AL513477.1,0.035918,0.3576,0.4389347855347171
SAT2,-0.01408,0.3576,0.4389347855347171
AL161931.1,-0.35802,0.3576,0.4389347855347171
MAP1LC3B2,-0.45389,0.357597,0.43893781759927136
NOXA1,0.0886,0.357496,0.4390399093293246
BIRC5,0.081355,0.357403,0.43913393558416774
RNPS1P1,-0.10798,0.357389,0.4391480918178927
FANCF,-0.12229,0.357357,0.43918045063721584
BEND6,-0.15971,0.357357,0.43918045063721584
CTNNA1,-0.11039,0.357141,0.4393989350427317
MLH1,-0.0645,0.357141,0.4393989350427317
FRS2,-0.05961,0.357141,0.4393989350427317
SHQ1P1,-0.16017,0.357121,0.43941917057742264
SPAG5,0.041354,0.357039,0.4395021460131575
GLYR1,-0.04337,0.356913,0.4396296753893475
HID1,-0.24518,0.356803,0.439741040813381
PDCD6IPP1,-0.29223,0.356803,0.439741040813381
AF252830.1,0.446004,0.356698,0.4398473704889644
COL6A1,-0.31499,0.356698,0.4398473704889644
GPX1P1,0.155988,0.356695,0.43985040885745397
SLC10A3,-0.00045,0.356695,0.43985040885745397
MAEL,0.112473,0.356662,0.4398838322961043
SWSAP1,0.02162,0.356416,0.44013306888662457
HSPE1P13,-0.3775,0.356416,0.44013306888662457
SLU7,0.043756,0.356416,0.44013306888662457
DYNC1LI2,-0.01232,0.356416,0.44013306888662457
PMCHL2,-0.06664,0.356092,0.4404615472052188
WASHC2A,-0.08318,0.356091,0.4404625614065791
SHROOM3,-0.3001,0.356061,0.4404929885333202
OSTN,0.130841,0.356061,0.4404929885333202
ATP6V0A2,-0.00122,0.356061,0.4404929885333202
FANCE,0.031929,0.356012,0.44054269069399143
SLC38A11,-0.02153,0.356012,0.44054269069399143
TRAJ26,-0.86956,0.355998,0.4405568923413476
NNT,-0.14006,0.355959,0.44059645648735124
AC093107.1,-0.15512,0.355959,0.44059645648735124
SELENOT,-0.01615,0.355959,0.44059645648735124
DNM1L,-0.06887,0.355795,0.44076286768236894
BPIFA3,-0.04229,0.355531,0.4410308811527494
SLC35D2,0.011468,0.355515,0.4410471296301754
SLC25A13,-0.02117,0.355515,0.4410471296301754
ST13P15,-0.19597,0.355515,0.4410471296301754
AL049844.1,0.141488,0.355515,0.4410471296301754
TOMM34,0.031089,0.355365,0.44119948822195665
SUPT5H,0.053697,0.355228,0.44133868838939055
MT1F,0.054486,0.355054,0.4415155460759871
MKRN7P,-0.06163,0.355054,0.4415155460759871
ERG,0.09589,0.355034,0.44153587908646275
RALGPS2,0.036904,0.354883,0.44168942354179275
COLQ,-0.1721,0.354883,0.44168942354179275
RMDN1,-0.06348,0.354839,0.441734175017949
HASPIN,-0.13521,0.354839,0.441734175017949
ESRRB,-0.1169,0.354839,0.441734175017949
AL133517.1,-0.17779,0.354839,0.441734175017949
APOC4,-0.1605,0.354511,0.4420679198448062
MTCYBP23,-0.09554,0.353924,0.44266583054141134
CRTAC1,0.181075,0.353924,0.44266583054141134
DCAF10,-0.07155,0.353924,0.44266583054141134
PHLDA2,0.088896,0.353924,0.44266583054141134
RSRC1,-0.20212,0.353852,0.44273922447855746
F11R,0.066558,0.353852,0.44273922447855746
TPRXL,-0.36249,0.353852,0.44273922447855746
ANKRD13C,-0.0491,0.353852,0.44273922447855746
TBC1D32,-0.25957,0.353852,0.44273922447855746
USP42,-0.16211,0.353649,0.4429462201341261
EXTL1,-0.19221,0.353563,0.44303394205654784
IMPA1,-0.00287,0.353563,0.44303394205654784
AC093752.1,-0.22958,0.353563,0.44303394205654784
ARMC12,0.114018,0.353505,0.4430931131619474
KRTAP4-9,-0.20873,0.353329,0.44327271524091033
HNRNPA1P23,-0.06497,0.353329,0.44327271524091033
C22orf15,-0.16296,0.35331,0.44329210845490385
HGF,-0.20954,0.35331,0.44329210845490385
ABCB11,-0.19033,0.353278,0.44332477262790637
GPR21,-0.20626,0.353208,0.4433962338977461
CBX3P2,0.141638,0.35296,0.4436495036790902
KRT18P61,-0.14198,0.352871,0.4437404301208511
PNMA8B,-0.16459,0.352871,0.4437404301208511
GCC1,-0.01121,0.351942,0.4446906519114592
PRORY,-0.2188,0.351928,0.44470498727544183
SLCO1B1,-0.0399,0.351928,0.44470498727544183
RPL37A,0.054572,0.351913,0.44472034710681246
TCF21,-0.02593,0.351913,0.44472034710681246
AC055748.1,-0.10724,0.351762,0.4448749989634451
UBQLNL,-0.06837,0.351719,0.4449190487333755
PTPRVP,-0.12569,0.351646,0.4449938408888097
GPRASP1,-0.18387,0.351646,0.4449938408888097
RAB32,0.092635,0.351437,0.4452080413881919
AC117409.1,-0.08043,0.35141,0.4452357207423762
FN3KRP,-0.12016,0.351369,0.4452777556449897
PROM1,-0.31876,0.351369,0.4452777556449897
ENSAP1,-0.30875,0.351369,0.4452777556449897
KCTD1,-0.18057,0.351045,0.4456100735252428
KIAA1147,-0.1384,0.351026,0.4456295689988337
TMEM11,0.028539,0.351026,0.4456295689988337
ATG12P2,-0.31651,0.351026,0.4456295689988337
TNPO1P1,-0.25823,0.350988,0.44566856250483805
QRSL1P3,-0.22221,0.350988,0.44566856250483805
TLN2,-0.20861,0.350988,0.44566856250483805
TOR1B,0.033395,0.350939,0.44571884864122696
CYP4A22,-0.15951,0.350882,0.4457773518982049
C10orf88,-0.07933,0.350882,0.4457773518982049
PCDHB11,0.155665,0.350882,0.4457773518982049
AL451007.1,-0.42579,0.350882,0.4457773518982049
SPATA18,0.030633,0.350882,0.4457773518982049
SORCS3,0.019948,0.350882,0.4457773518982049
TSPEAR,-0.12284,0.350824,0.4458368894102778
FAM219B,0.083598,0.350698,0.4459662569251005
SECISBP2L,-0.28568,0.350588,0.4460792275094068
GYPE,-0.16625,0.350576,0.4460915533042479
AC021072.1,-0.27469,0.350576,0.4460915533042479
IL23A,0.076522,0.35052,0.4461490781835361
MRPS11,0.044802,0.350494,0.44617578868470337
TRAPPC12,-0.16656,0.350418,0.4462538747036037
SPATA21,-0.20273,0.350418,0.4462538747036037
AC022748.2,-0.25873,0.350398,0.44627442592720123
HNRNPRP1,-0.24278,0.350257,0.4464193389124931
FAM133CP,-0.20342,0.350257,0.4464193389124931
AC074198.1,-0.18879,0.350154,0.44652522707559217
PTK2,-0.27804,0.350089,0.4465920626285884
GPANK1,0.624278,0.350037,0.44664553827371734
MGLL,0.011511,0.349933,0.44675250877451883
TDRD6,-0.21064,0.349603,0.44709210404953464
AL158207.1,-0.31593,0.349567,0.4471291664197234
AL606495.2,-0.18014,0.349405,0.4472959851094666
FKBP6,-0.09912,0.349405,0.4472959851094666
OTUD6A,-0.12471,0.349387,0.4473145243608722
USF1,-0.75598,0.349387,0.4473145243608722
KRT128P,0.225967,0.349387,0.4473145243608722
CENPN,0.151111,0.349387,0.4473145243608722
AC036176.2,-0.21281,0.349387,0.4473145243608722
AC113208.1,-0.2278,0.349387,0.4473145243608722
MTR,-0.18249,0.349387,0.4473145243608722
HENMT1,0.114219,0.349387,0.4473145243608722
METTL2A,-0.27893,0.349387,0.4473145243608722
RPL29,0.043917,0.348946,0.4477689761283319
ZNF595,-0.23536,0.348902,0.4478143435779259
LIMD1,-0.10539,0.34874,0.4479814178992949
CXorf56,0.031938,0.34874,0.4479814178992949
MAN1B1,-0.01023,0.34874,0.4479814178992949
MIB1,-0.14571,0.348712,0.4480103012597486
GRM4,-0.04247,0.348712,0.4480103012597486
AC093155.2,-0.12864,0.348712,0.4480103012597486
MUC4,-0.03684,0.348494,0.4482352425525695
FAM83D,-0.21401,0.348463,0.44826723878792113
DDX55,-0.02359,0.348463,0.44826723878792113
AC004832.3,-0.28401,0.348463,0.44826723878792113
RALGAPB,-0.10698,0.348393,0.44833949675338847
GNPTG,-0.04792,0.348393,0.44833949675338847
ADSS,0.012141,0.348393,0.44833949675338847
OR4A49P,-0.11697,0.348393,0.44833949675338847
NEB,-0.21469,0.348393,0.44833949675338847
DNAJB5P1,-0.1524,0.348393,0.44833949675338847
SELENOO,0.031449,0.348069,0.4486740996597901
ZFHX2,-0.06878,0.348043,0.4487009613314795
FAM189A2,-0.24043,0.348042,0.44870199450481374
HIST1H2APS4,0.153465,0.347935,0.44881255779839946
MNX1,0.243545,0.347935,0.44881255779839946
CSNK1G1,-0.06601,0.34781,0.4489417550286255
NDUFA3,-0.04605,0.34768,0.44907615960074726
ASB7,-0.00588,0.34767,0.44908650008050316
TNFAIP8L3,0.038786,0.34767,0.44908650008050316
COLEC11,-0.29548,0.3474,0.44936578305408587
XBP1P1,-0.26842,0.347316,0.4494527065081405
DUSP8P3,-0.0437,0.347316,0.4494527065081405
BNIP3P27,-0.30047,0.347257,0.4495137699388758
SPRY3,-0.06181,0.347257,0.4495137699388758
AL512637.1,-0.09537,0.346935,0.4498471775964759
FOXA1,-0.27102,0.346763,0.45002537244240776
ATF6B,1.176221,0.346522,0.4502751711786177
AC063952.2,-0.06691,0.346508,0.45028968656913354
AC064853.3,-0.16739,0.346474,0.45032494017995495
AL359092.1,0.317324,0.346463,0.45033634635084147
ANXA2P2,-0.17768,0.346457,0.45034256802036676
NEU1,-0.58262,0.346397,0.4504047894434033
FXN,-0.14097,0.34631,0.4504950257771907
EDF1,0.008796,0.34621,0.45059876803358323
AL031667.2,-0.33578,0.34621,0.45059876803358323
TMED1,0.074083,0.34621,0.45059876803358323
DBF4,0.023188,0.34621,0.45059876803358323
SMG1P2,-0.2061,0.34621,0.45059876803358323
ZIM2,0.037768,0.346092,0.450721214624239
CCL4L2,0.202735,0.346092,0.450721214624239
MNDA,0.104715,0.346066,0.45074819885466344
CTDSPL2,-0.08709,0.346066,0.45074819885466344
PLEKHG5,0.086444,0.345875,0.4509464786945099
SUPT7L,0.03805,0.345709,0.45111887651831595
SWT1,-0.16242,0.345677,0.45115211741014827
AC136618.2,0.210644,0.345572,0.45126120629162786
SRSF5,0.116101,0.345493,0.45134330007681017
CYP4F12,0.041916,0.345393,0.4514472376780675
RPL12P29,-0.30306,0.345156,0.4516936653874141
AC138749.6,-0.28626,0.345156,0.4516936653874141
MON1A,0.093185,0.344966,0.4518913206095675
KRT8P38,-0.31133,0.344966,0.4518913206095675
STIM1,-0.19534,0.344948,0.4519100503256385
AC243587.1,-0.73431,0.344943,0.4519152531623146
CLEC3B,-0.34482,0.344943,0.4519152531623146
LTA,0.03464,0.344943,0.4519152531623146
RPP40,0.086846,0.344943,0.4519152531623146
CNOT2,-0.15583,0.344943,0.4519152531623146
SRF,0.00118,0.344705,0.45216297748587303
PRG2,0.164298,0.344627,0.45224419399002513
GCNT1P1,-0.10993,0.344627,0.45224419399002513
TGIF1P1,-0.21029,0.344627,0.45224419399002513
SLC6A4,-0.0183,0.344627,0.45224419399002513
RPL7P19,-0.13098,0.344312,0.45257233216022835
AC020915.1,0.072012,0.344312,0.45257233216022835
ALPK1,-0.20986,0.344312,0.45257233216022835
FAM114A1,-0.16866,0.344312,0.45257233216022835
AC138409.1,-0.2752,0.344248,0.45263903059818433
KIF21A,-0.23548,0.344008,0.4528892372987301
DNAJC16,-0.11872,0.344003,0.45289445140877777
SAPCD1,0.962168,0.343997,0.4529007084200747
NKAIN2,0.079692,0.343997,0.4529007084200747
CNIH2,-0.11479,0.343997,0.4529007084200747
CPNE8,-0.03648,0.343942,0.45295806838518327
AC243772.3,-0.1588,0.343942,0.45295806838518327
SIK1B,0.284634,0.34393,0.4529705842520478
GLB1L,-0.03893,0.34393,0.4529705842520478
ZNF518A,-0.2225,0.343845,0.45305924821017124
HSD17B8,0.044563,0.343845,0.45305924821017124
PDPK2P,-0.19214,0.343833,0.4530717668727762
LYG1,-0.16169,0.343658,0.4532543700123714
ATAT1,0.026974,0.343658,0.4532543700123714
ATOH7,0.060804,0.343658,0.4532543700123714
AC015818.6,0.09911,0.343658,0.4532543700123714
PRIMA1,-0.15836,0.343658,0.4532543700123714
BROX,-0.27593,0.343417,0.45350596109088387
RILPL1,-0.15746,0.343412,0.45351118230126747
SLC10A6,0.020016,0.343353,0.45357279712362164
AL352979.3,-0.39187,0.343311,0.4536166636230931
AC022080.3,-0.13705,0.343311,0.4536166636230931
AL109809.4,-0.14537,0.343311,0.4536166636230931
RPS4XP17,-0.22341,0.342923,0.4540221072038101
C19orf48,0.002019,0.342822,0.4541277073607078
BBC3,0.029166,0.34254,0.45442268140632236
ARAF,-0.05309,0.342537,0.45442582045784063
ITGAD,-0.18384,0.34223,0.4547471647374282
MT1XP1,-0.45327,0.34223,0.4547471647374282
GATAD2B,-0.55807,0.342215,0.4547628714193105
DDIT3,0.038525,0.342196,0.4547827673284845
AP1B1P1,-0.18776,0.342196,0.4547827673284845
FAM174A,0.054732,0.342196,0.4547827673284845
SLC9A7,-0.07005,0.342196,0.4547827673284845
FAM78B,-0.12366,0.342196,0.4547827673284845
LAMTOR4,0.054618,0.342196,0.4547827673284845
TMEM26,-0.03174,0.342196,0.4547827673284845
TINCR,0.151203,0.342196,0.4547827673284845
AC010997.1,-0.20959,0.342196,0.4547827673284845
IQSEC3,-0.03193,0.342173,0.45480685301473517
SAR1A,-0.00947,0.342099,0.4548843547468738
RHOXF2B,-0.48507,0.342072,0.45491263569420054
FBXW4P1,-0.16941,0.342072,0.45491263569420054
TARM1,-0.11895,0.342072,0.45491263569420054
CDK7,0.521542,0.342072,0.45491263569420054
UBE2A,0.014,0.342072,0.45491263569420054
SPOUT1,-0.00395,0.342072,0.45491263569420054
YIPF2,0.007285,0.342072,0.45491263569420054
INSIG1,-0.45932,0.342072,0.45491263569420054
ACSBG1,-0.44036,0.342042,0.4549440610311876
DVL1,0.044801,0.34201,0.45497758378341474
CD7,0.076849,0.341994,0.4549943460858189
PCDHB19P,-0.08395,0.341981,0.4550079659112462
MEPCE,0.023639,0.341981,0.4550079659112462
NUDC,0.025342,0.34193,0.45506140147123736
CLGN,-0.06318,0.34193,0.45506140147123736
PTGES2,-0.03251,0.34193,0.45506140147123736
WIPI1,-0.02015,0.341542,0.4554681363618495
KCNMB3,-0.1397,0.341515,0.45549645360388924
AL139353.1,-0.14789,0.341464,0.45554994653125724
RBM17P2,-0.29908,0.341464,0.45554994653125724
AC073210.1,-0.51123,0.341327,0.45569367432452196
AIF1L,0.075418,0.341135,0.4558951793681633
ZNF879,-0.14978,0.341135,0.4558951793681633
ABCB9,-0.11917,0.341135,0.4558951793681633
ATP5PBP1,-0.28153,0.341135,0.4558951793681633
DCAF15,0.049125,0.341135,0.4558951793681633
RPL10P11,0.183542,0.341018,0.45601801519450286
KLF13,0.229094,0.341003,0.45603376577076293
GNPDA1,0.013811,0.340932,0.4561083258803908
HSPA1A,1.48292,0.340932,0.4561083258803908
FAM204BP,-0.19003,0.340932,0.4561083258803908
COQ9,-0.01928,0.340932,0.4561083258803908
CCL28,-0.10202,0.340896,0.45614613566380424
FBXO2,0.039962,0.340889,0.4561534879301018
FAM124A,-0.07383,0.340781,0.4562669379157563
AC010724.1,0.265116,0.340781,0.4562669379157563
HSPE1P5,-0.27581,0.340779,0.45626903910749383
BNIP3P28,-0.166,0.340779,0.45626903910749383
DNAH2,-0.17825,0.340265,0.4568093663107604
ZAR1,-0.08613,0.340201,0.4568766891871527
C12orf76,-0.20356,0.340169,0.4569103543459312
ZNF663P,-0.02629,0.340159,0.4569208752167643
IRS4,-0.10753,0.34012,0.45696190892780925
BTF3L4,0.019915,0.340101,0.4569819010450365
PATJ,-0.16155,0.340032,0.45705451135319236
TAMM41,-0.15117,0.3399,0.4571934501781393
AKAP12,-0.20889,0.3399,0.4571934501781393
EDIL3,-0.16502,0.3399,0.4571934501781393
CCL4,0.117983,0.3399,0.4571934501781393
RNASE3,-0.23218,0.33981,0.45728820541005893
ZNF559,-0.1851,0.339433,0.45768533802236055
AL445670.1,-0.1087,0.339433,0.45768533802236055
OFD1P17,-0.10122,0.339433,0.45768533802236055
POTEC,-0.1998,0.339433,0.45768533802236055
SLC25A32,-0.02394,0.339433,0.45768533802236055
KRT17P1,-0.16945,0.339222,0.457907756389587
NBPF15,-0.28358,0.339222,0.457907756389587
PAX3,-0.17322,0.339147,0.4579868410861493
IGHV4-34,-0.32357,0.339147,0.4579868410861493
LDHAL6FP,-0.17015,0.339147,0.4579868410861493
RP1,0.164413,0.339147,0.4579868410861493
TUBA3E,-0.07172,0.339147,0.4579868410861493
CNST,0.044127,0.339131,0.4580037142557318
THAP12P7,-0.1849,0.339103,0.45803324379834104
HLA-H,0.273636,0.339103,0.45803324379834104
REXO4,-0.00493,0.339103,0.45803324379834104
THAP6,-0.16762,0.339103,0.45803324379834104
EVI2A,0.050653,0.338943,0.4582020205693447
NDUFC2,0.067912,0.338932,0.4582136262568846
AP1AR,-0.04268,0.338932,0.4582136262568846
PICK1,0.002849,0.338865,0.45828432179292783
AKR1B1,0.056064,0.338608,0.45855559838338394
ACSM4,-0.04263,0.338597,0.45856721302661035
SPATA12,-0.17337,0.338597,0.45856721302661035
ISOC1,-0.17551,0.338538,0.45862951477014113
FABP6,0.207312,0.338495,0.4586749264580444
APRT,0.026615,0.338373,0.45880379339942945
AC093422.3,-0.38705,0.338329,0.4588502788843117
INTS13,0.026464,0.33825,0.45893375327940794
AATK,-0.08698,0.338117,0.4590743204267426
SHOX2,-0.19463,0.338117,0.4590743204267426
JAG2,-0.12281,0.338117,0.4590743204267426
GPD1L,-0.17595,0.338117,0.4590743204267426
ZNF430,-0.21198,0.338117,0.4590743204267426
GLYATL1,-0.29575,0.338117,0.4590743204267426
ZNF772,-0.13535,0.338099,0.4590933478594127
ZNF100,-0.27672,0.337757,0.459455018958526
CD6,-0.22285,0.337612,0.4596084450399003
ST13P11,-0.20201,0.337612,0.4596084450399003
KLC1,-0.00871,0.337598,0.45962326130446723
BCL10,-0.33667,0.337598,0.45962326130446723
UBR3,-0.18018,0.337598,0.45962326130446723
UBE2V1P5,-0.21975,0.337598,0.45962326130446723
AL590560.1,0.1795,0.337522,0.4597037007894852
POLR2KP1,-0.48952,0.336712,0.46056189142357296
ZNF234,-0.13101,0.336712,0.46056189142357296
CCNE1,0.105444,0.336623,0.46065628407734716
LRMP,0.09512,0.336623,0.46065628407734716
PDE7A,-0.20137,0.336492,0.46079525677440664
SEL1L3,-0.00086,0.33649,0.4607973788198712
POLDIP2,-0.00373,0.33649,0.4607973788198712
TSEN54,0.00796,0.33649,0.4607973788198712
AC067805.1,-0.17059,0.33649,0.4607973788198712
ABHD17B,0.056063,0.336098,0.4612134884534186
RGSL1,-0.1099,0.335851,0.4614758729363175
AL353898.2,-0.49863,0.335851,0.4614758729363175
DUX4L34,0.087039,0.335558,0.4617873161107098
PPP1R13L,-0.1322,0.335446,0.46190642158218026
HMGN3,0.026028,0.335403,0.46195215773648757
TMCO2,-0.19743,0.335262,0.46210216155106987
AQP2,-0.07777,0.335262,0.46210216155106987
C1orf109,0.02811,0.335236,0.46212982714745704
GAPDHP39,-0.20366,0.335236,0.46212982714745704
OR2AO1P,-0.30351,0.335038,0.4623405656465976
BLCAP,-0.02722,0.335019,0.4623607930804531
MEIOB,0.012011,0.335019,0.4623607930804531
TCF7,-0.26929,0.334917,0.46246939759069394
SLCO1C1,-0.06989,0.334754,0.46264300481586673
AC138207.6,-0.2145,0.334747,0.4626504618001666
RPL7P36,-0.13005,0.334716,0.4626834870325802
NENF,0.021869,0.33469,0.46271118743234524
ECD,-0.0239,0.334399,0.4630213320050978
OR52N1,-0.10488,0.33417,0.46326554382275686
VCPKMT,-0.00276,0.334166,0.4632698106757477
SULF1,-0.16874,0.334157,0.46327941123866573
PRPF40A,-0.03254,0.334157,0.46327941123866573
MTND5P31,-0.04935,0.334121,0.4633178154799499
GPSM1,0.003441,0.334121,0.4633178154799499
VHL,0.008427,0.333952,0.46349814461352856
CENPV,-0.2751,0.333941,0.46350988444530633
TRAK2,-0.19025,0.333724,0.4637415401113658
SMG1P5,-0.30142,0.33366,0.4638098846259169
FCF1P1,-0.24771,0.333634,0.4638376524619845
RNF183,-0.11547,0.33363,0.46384192458431484
AC245060.4,0.026027,0.33363,0.46384192458431484
BNIP3P10,-0.22594,0.333564,0.4639124202838861
MCU,-0.05673,0.333522,0.4639572867619205
UNC5A,0.020296,0.333478,0.46400429439296037
NTS,0.200917,0.333285,0.4642105432266172
RWDD4,0.0149,0.333195,0.4643067527800696
DDX39B,0.984194,0.333195,0.4643067527800696
ADCK5,0.061111,0.333006,0.4645088577513906
RHOC,0.006652,0.332923,0.4645976406422001
GPR82,-0.17991,0.332923,0.4645976406422001
PABPC1L,-0.22681,0.332923,0.4645976406422001
GFPT1,-0.11921,0.332922,0.46459871041903333
LONRF1,-0.17491,0.332848,0.4646778807406065
RPL12P28,-0.38446,0.332773,0.4647581346971835
PRH1,-0.40763,0.332773,0.4647581346971835
LSM5,0.152025,0.332773,0.4647581346971835
AL035551.1,-0.30966,0.332669,0.4648694431199929
KRTAP9-2,-0.33839,0.33239,0.4651681810720483
LILRA1,0.041684,0.332149,0.46542638523312985
ZNF195,-0.21235,0.332149,0.46542638523312985
SLC18A1,-0.15518,0.332149,0.46542638523312985
LIN7B,0.09716,0.332149,0.46542638523312985
OPLAH,-0.13883,0.332149,0.46542638523312985
NUP160,-0.15637,0.332149,0.46542638523312985
HNRNPA1P53,-0.10216,0.332131,0.465445675942311
ENDOV,-0.18856,0.332131,0.465445675942311
HTN3,-0.30317,0.332122,0.46545532159673064
CYP2D7,-0.19641,0.33202,0.46556465298468036
POLR1A,-0.13276,0.331976,0.46561182347226
NGFR,-0.26023,0.331976,0.46561182347226
SLC6A21P,0.24158,0.331961,0.4656279054126414
DNAJC3,0.005475,0.331957,0.4656321940238867
PRKAG3,-0.12834,0.331957,0.4656321940238867
DNTTIP1,0.011471,0.331957,0.4656321940238867
H2BFS,0.092245,0.331957,0.4656321940238867
MARCH5,-0.01465,0.331957,0.4656321940238867
COL17A1,0.05194,0.331903,0.4656900941418847
KRT18P9,0.052775,0.33172,0.4658863647561333
NBPF7,0.057458,0.331649,0.46596253573520907
P2RX1,0.137548,0.331642,0.4659700462244571
RPL7P14,-0.25015,0.331626,0.46598721351160377
ABCD4,-0.21121,0.33151,0.46611169525991053
PGGHG,-0.30599,0.33151,0.46611169525991053
FMNL1,-0.27363,0.33151,0.46611169525991053
PCDHGA3,-0.13458,0.33145,0.46617609541888405
QRICH1,-0.03916,0.331399,0.4662308425498784
NPIPB15,-0.05802,0.331394,0.46623621026171713
PDXDC1,-0.31652,0.331201,0.46644345117680575
MTHFD2P7,0.073701,0.331201,0.46644345117680575
Z82190.1,-0.20994,0.331201,0.46644345117680575
SCN1A,-0.1901,0.331165,0.46648211770592374
URB2,-0.13044,0.331164,0.4664831918219307
ANKRD19P,-0.16963,0.330925,0.4667399764932681
HSPA1L,-0.26241,0.330786,0.4668893848849601
HIF1AN,0.013744,0.330726,0.466953892493148
GPI,-0.00694,0.330705,0.4669764722615693
IMPG2,-0.0512,0.33005,0.46768129438874445
HERC3,-0.25571,0.329988,0.46774806546531705
AL353691.1,-0.27081,0.329988,0.46774806546531705
HIST2H4A,0.108793,0.329817,0.4679322738108248
AC008147.3,0.215182,0.329731,0.4680249440194326
AC009884.2,-0.43159,0.329731,0.4680249440194326
ANAPC10,0.011468,0.329691,0.46806805269499996
SMIM11B,-0.25922,0.329627,0.46813703483498814
FOXI2,-0.06077,0.329584,0.46818338792007586
MPV17L,-0.15993,0.329584,0.46818338792007586
DHX9,-0.04917,0.329547,0.46822327680655457
TRBC1,-0.24979,0.329547,0.46822327680655457
RPS27P21,0.336223,0.329302,0.468487491690416
CSF2RA,-1.9181,0.329111,0.46869357487623564
AP001646.1,-0.184,0.329111,0.46869357487623564
MPZ,-0.121,0.329111,0.46869357487623564
ZNF33BP1,-0.16422,0.329068,0.46873998306772585
RABEP2,-0.00486,0.329068,0.46873998306772585
CYCSP4,-0.37752,0.329068,0.46873998306772585
PHAX,0.030838,0.329068,0.46873998306772585
CTPS2,-0.12918,0.328936,0.4688824741291536
AC094085.1,-0.16303,0.328936,0.4688824741291536
CYS1,-0.23747,0.328936,0.4688824741291536
ZNF780A,-0.04557,0.328936,0.4688824741291536
AC239809.2,-0.20987,0.328936,0.4688824741291536
KRTAP16-1,-0.38903,0.328834,0.4689926105252871
RPS27P16,-0.39013,0.3287,0.469137338834597
AC012254.2,0.373103,0.328522,0.4693296589425268
AL354718.1,-0.25339,0.328488,0.46936640321102063
PCBP4,0.041963,0.32841,0.46945070975607933
MYPOP,-0.13632,0.32841,0.46945070975607933
TICAM2,-0.24285,0.32841,0.46945070975607933
RPS6KA2,-0.28403,0.328397,0.4694647623190805
CIITA,-0.1909,0.328318,0.4695501677091543
TCP11,0.157393,0.328318,0.4695501677091543
AP000925.1,-0.15278,0.328318,0.4695501677091543
AC124944.2,-0.18,0.328318,0.4695501677091543
CDC42SE2,-0.03679,0.328318,0.4695501677091543
ZNF725P,-0.31467,0.328262,0.4696107176489978
SLC25A26,0.000338,0.328262,0.4696107176489978
POU4F1,-0.02705,0.328262,0.4696107176489978
AL109615.1,-0.24781,0.328147,0.4697350857578063
AL032819.3,0.062297,0.328006,0.4698876168230406
AC026412.2,-0.12206,0.328006,0.4698876168230406
DOCK5,-0.21819,0.327869,0.47003586820746646
ARHGAP44,-0.05011,0.327787,0.4701246249882056
NR2F1,-0.05802,0.327682,0.47023830143461215
HNRNPCP2,0.164649,0.327659,0.4702632056592333
PPP5C,-0.04212,0.327516,0.47041807456439083
RHBDF1,0.007291,0.327424,0.4705177374636332
KRT10,0.05961,0.32851,0.46934262717940534
KRT5,0.176681,2.207304,0.006204345867513427
KRT14,0.159624,2.493462,0.003210243682573769
SEMA4A,-0.16527,0.630942,0.2339149611079668
