feature,name,mean_expr,effect_measure,lfcSE,p_raw,p_adjusted,call,annotation
GENE00001,G1,6.81,-0.2504,0.2124,0.23843492281566414,0.41587486537615836,NS,protein_coding
GENE00002,G2,75.06,5.3,0.2814,3.945776061625315e-79,5.261034748833754e-77,Up,lncRNA
GENE00003,G3,79.25,0.0278,0.3396,0.9347572374978282,0.9720179246077937,NS,pseudogene
GENE00004,G4,282.32,0.0438,0.3801,0.9082605746694091,0.9569031515393249,NS,protein_coding
GENE00005,G5,99.68,0.061,0.2125,0.7740672799341478,0.8721147525027516,NS,protein_coding
GENE00006,G6,76.9,0.0005,0.2741,0.9985445382737949,0.9993434400569773,NS,protein_coding
GENE00007,G7,5.5,-0.7321,0.2432,0.0026100729391871193,0.013271557317900605,NS,protein_coding
GENE00008,G8,402.95,-2.1384,0.4753,6.825676677815584e-06,6.112546278640822e-05,Down,lncRNA
GENE00009,G9,115.77,1.1959,0.3432,0.0004929522514398178,0.002972576390591866,Up,protein_coding
GENE00010,G10,5853.07,-0.1148,0.4038,0.7761811313533882,0.8721147525027516,NS,pseudogene
GENE00011,G11,44.61,0.1725,0.2581,0.5039130102918477,0.6718840137224635,NS,lncRNA
GENE00012,G12,717.27,-0.7563,0.3387,0.025552273927265785,0.08242669008795414,NS,lncRNA
GENE00013,G13,6731.25,0.0099,0.4647,0.9830030994678336,0.9931843586704951,NS,protein_coding
GENE00014,G14,45.62,0.2908,0.284,0.3058618857643529,0.49200303340110385,NS,protein_coding
GENE00015,G15,227.48,1.2183,0.1509,6.827835755498148e-16,1.489709619381414e-14,Up,lncRNA
GENE00016,G16,246.76,-0.1417,0.1932,0.46329202890640764,0.6360988955236718,NS,protein_coding
GENE00017,G17,66.02,-0.0332,0.3011,0.9122012986024456,0.9577518981507384,NS,protein_coding
GENE00018,G18,531.89,0.0602,0.1955,0.7581368235759152,0.8615191176999036,NS,protein_coding
GENE00019,G19,520.57,-0.4794,0.4786,0.31650225548514843,0.501720880557699,NS,protein_coding
GENE00020,G20,9737.08,-0.0872,0.2741,0.7503847590659612,0.8567666135862546,NS,protein_coding
GENE00021,G21,16.26,0.4079,0.3105,0.18895135531638896,0.3563238250765464,NS,lncRNA
GENE00022,G22,441.26,-0.3748,0.2096,0.07374891722465343,0.1874972471813223,NS,protein_coding
GENE00023,G23,1430.35,-1.6173,0.1901,1.7752836887626852e-17,4.438209221906713e-16,Down,protein_coding
GENE00024,G24,239.27,-0.7478,0.4657,0.10832780036301515,0.24573192471445385,NS,protein_coding
GENE00025,G25,128.81,-0.9253,0.3186,0.0036811211490236748,0.01781187652753391,NS,protein_coding
GENE00026,G26,3509.43,-0.7101,0.3893,0.06814554838571305,0.17713855048090132,NS,lncRNA
GENE00027,G27,43.91,-0.9207,0.427,0.03106757630452703,0.09583828165920937,NS,protein_coding
GENE00028,G28,127.98,-0.9322,0.3527,0.00821654709297686,0.03435490073718548,NS,protein_coding
GENE00029,G29,282.52,-0.071,0.164,0.6650679281911231,0.798155765544193,NS,lncRNA
GENE00030,G30,51.1,-0.2022,0.2311,0.3816033368426517,0.5671091681421535,NS,protein_coding
GENE00031,G31,168.84,0.2729,0.1665,0.101205129552326,0.23310202584029022,NS,lncRNA
GENE00032,G32,8.24,-0.7483,0.2527,0.003064241298949607,0.015321206494748035,NS,protein_coding
GENE00033,G33,453.17,1.761,0.4187,2.6007357997287315e-05,0.00020668099070691906,Up,lncRNA
GENE00034,G34,186.65,-0.9581,0.2721,0.00042970875396410935,0.002617515252573255,NS,protein_coding
GENE00035,G35,9.87,0.6585,0.3433,0.05509232453410371,0.15197882630097576,NS,protein_coding
GENE00036,G36,234.65,0.0252,0.4682,0.957076063226411,0.9809196119302948,NS,protein_coding
GENE00037,G37,484.69,-0.4573,0.4325,0.2903559693183648,0.4772974838110107,NS,protein_coding
GENE00038,G38,62.27,0.481,0.2896,0.09673120173532869,0.22624306312514267,NS,protein_coding
GENE00039,G39,68.93,0.904,0.4077,0.026601460603802963,0.08467308415003595,NS,lncRNA
GENE00040,G40,497.43,-0.362,0.1745,0.03803303167491483,0.11237492066706121,NS,protein_coding
GENE00041,G41,37.36,0.525,0.4883,0.28230367618271246,0.4679066456067057,NS,lncRNA
GENE00042,G42,2706.52,-0.0805,0.2872,0.7792531204268258,0.8731393118559336,NS,protein_coding
GENE00043,G43,3712.68,0.4092,0.4022,0.30896114846815426,0.49528432659170557,NS,protein_coding
GENE00044,G44,114.92,0.8219,0.4726,0.08201667601868315,0.20251031115724233,NS,lncRNA
GENE00045,G45,32.41,0.5154,0.3219,0.10935070649793197,0.24573192471445385,NS,protein_coding
GENE00046,G46,1731.55,1.1393,0.4258,0.007458018841700405,0.03162410816268723,Up,protein_coding
GENE00047,G47,186.17,0.3717,0.3258,0.2539182077091433,0.43281512677694883,NS,protein_coding
GENE00048,G48,205.38,0.4938,0.4282,0.24882853353072698,0.4271734481214197,NS,protein_coding
GENE00049,G49,216.34,-0.8968,0.4032,0.026134564075071764,0.08385421628365272,NS,protein_coding
GENE00050,G50,376.62,0.4614,0.2952,0.1180506825568362,0.2580342788127567,NS,protein_coding
GENE00051,G51,74.17,1.971,0.3649,6.609336165594347e-08,7.412339624965622e-07,Up,protein_coding
GENE00052,G52,12359.04,0.0615,0.3467,0.8592045830409097,0.9255345598286281,NS,lncRNA
GENE00053,G53,37.07,0.2317,0.2796,0.40728333575198106,0.5902657039883784,NS,protein_coding
GENE00054,G54,112.3,0.7562,0.4718,0.10897930367326651,0.24573192471445385,NS,lncRNA
GENE00055,G55,86.21,-3.4556,0.3982,4.026076919165618e-18,1.0502809354345091e-16,Down,protein_coding
GENE00056,G56,2002.73,-0.5507,0.3243,0.0894852994042965,0.21443433957896182,NS,protein_coding
GENE00057,G57,269.62,-0.1405,0.4942,0.7761821297274489,0.8721147525027516,NS,protein_coding
GENE00058,G58,206.71,-0.0338,0.2966,0.9092709347483279,0.957127299735082,NS,protein_coding
GENE00059,G59,185.28,0.0779,0.238,0.7434327306549515,0.8537026572114276,NS,protein_coding
GENE00060,G60,567.61,0.4478,0.3028,0.1391766835577194,0.28745614504176126,NS,protein_coding
GENE00061,G61,74.52,-0.3484,0.249,0.16175397977710648,0.3212704457487827,NS,protein_coding
GENE00062,G62,8.82,2.1227,0.355,2.2391065903164773e-09,3.1243347771857826e-08,Up,protein_coding
GENE00063,G63,166.33,-1.2288,0.4662,0.008394447438779162,0.0347356445742586,Down,protein_coding
GENE00064,G64,79.17,0.5993,0.2123,0.004759258096641977,0.02239650869007989,NS,protein_coding
GENE00065,G65,41.16,-0.3061,0.3344,0.359996995236769,0.5476557262109151,NS,lncRNA
GENE00066,G66,122.66,0.7583,0.4845,0.11755508455562626,0.25789049628290955,NS,protein_coding
GENE00067,G67,182.17,0.5755,0.347,0.09721629693118786,0.22624306312514267,NS,protein_coding
GENE00068,G68,94.25,-0.7385,0.3169,0.019785646301072324,0.0684229843264749,NS,protein_coding
GENE00069,G69,268.7,-0.1539,0.2474,0.5338961540733607,0.6993321683089396,NS,protein_coding
GENE00070,G70,108.61,0.4196,0.1787,0.018871005324156847,0.06557997234336706,NS,protein_coding
GENE00071,G71,483.28,-0.0095,0.21,0.9639175297095425,0.9850207076012476,NS,protein_coding
GENE00072,G72,50.46,-0.7529,0.455,0.09798023774352944,0.22737726663932195,NS,protein_coding
GENE00073,G73,149.52,1.0827,0.1648,5.0389130276859434e-11,8.062260844297509e-10,Up,protein_coding
GENE00074,G74,93.28,-4.499,0.3117,3.1734512981550193e-47,1.9040707788930117e-45,Down,lncRNA
GENE00075,G75,389.61,0.4487,0.3331,0.17796640673119224,0.34279243672139753,NS,protein_coding
GENE00076,G76,142.28,1.0073,0.4244,0.017621899608727006,0.062367286812170374,NS,lncRNA
GENE00077,G77,81.57,0.3458,0.4236,0.4143078948384553,0.5982785485031845,NS,protein_coding
GENE00078,G78,130.46,0.1147,0.4135,0.781482079745921,0.8731643349116436,NS,protein_coding
GENE00079,G79,93.86,0.2647,0.4451,0.5520454788297544,0.713356641741221,NS,pseudogene
GENE00080,G80,4604.5,-0.7381,0.3102,0.017339312492812724,0.06155968932359547,NS,protein_coding
GENE00081,G81,296.98,0.0474,0.4572,0.9174276313491908,0.9598329544972123,NS,protein_coding
GENE00082,G82,70.88,1.1509,0.1836,3.644992804370752e-10,5.467489206556128e-09,Up,lncRNA
GENE00083,G83,23.67,-0.1132,0.218,0.6035752213196162,0.7490075135300304,NS,protein_coding
GENE00084,G84,27.73,0.7809,0.4645,0.09273134738595604,0.2203517165606876,NS,lncRNA
GENE00085,G85,213.89,1.7825,0.3249,4.104315527207165e-08,4.828606502596664e-07,Up,protein_coding
GENE00086,G86,347.55,0.3644,0.3444,0.2900226143407678,0.4772974838110107,NS,protein_coding
GENE00087,G87,242.26,0.2766,0.3163,0.38185350654905004,0.5671091681421535,NS,lncRNA
GENE00088,G88,14.6,1.1371,0.2198,2.2994677398598384e-07,2.399444598114614e-06,Up,protein_coding
GENE00089,G89,178.59,0.1744,0.3218,0.5878519018702321,0.7385159532324072,NS,lncRNA
GENE00090,G90,139.29,-0.1189,0.2785,0.6694303269362024,0.7993197933566596,NS,protein_coding
GENE00091,G91,311.49,0.3957,0.3636,0.2764698274372335,0.4614239122735468,NS,protein_coding
GENE00092,G92,168.0,-0.1556,0.3704,0.6744223425007405,0.8036810436950235,NS,protein_coding
GENE00093,G93,310.29,-0.2237,0.3088,0.4688097057683447,0.6407421946719973,NS,protein_coding
GENE00094,G94,76.79,-0.2028,0.2678,0.44888119995516884,0.6270750173995374,NS,protein_coding
GENE00095,G95,254.25,0.7072,0.4444,0.11152877525194517,0.24922631341216797,NS,protein_coding
GENE00096,G96,503.69,-0.0216,0.2318,0.9257575607015772,0.9660078894277326,NS,protein_coding
GENE00097,G97,62.17,0.4771,0.2177,0.02841216007113598,0.08923942299056879,NS,protein_coding
GENE00098,G98,544.62,0.3797,0.3917,0.3323634531595875,0.5175740441762264,NS,protein_coding
GENE00099,G99,55.51,0.6513,0.4467,0.1448335087773805,0.29593410763187794,NS,protein_coding
GENE00100,G100,25.86,-0.6814,0.412,0.09815118676597398,0.22737726663932195,NS,protein_coding
GENE00101,G101,1151.19,-0.343,0.2375,0.14867976481602008,0.300363161244485,NS,protein_coding
GENE00102,G102,28.36,-5.0339,0.3251,4.4383039736349815e-54,3.1329204519776336e-52,Down,protein_coding
GENE00103,G103,13.41,-1.1188,0.2041,4.2143285554577707e-08,4.909897346164393e-07,Down,protein_coding
GENE00104,G104,81.0,0.3727,0.3129,0.23360829589156062,0.4098391155992292,NS,protein_coding
GENE00105,G105,21.2,-0.2732,0.3168,0.3884818877395544,0.5723549769531563,NS,protein_coding
GENE00106,G106,52.94,0.4458,0.309,0.14909980067782677,0.3007054803586422,NS,protein_coding
GENE00107,G107,414.51,-2.9872,0.4384,9.500848247601641e-12,1.605777168608728e-10,Down,protein_coding
GENE00108,G108,89.86,0.3251,0.2259,0.15011302525261896,0.3015452101744645,NS,lncRNA
GENE00109,G109,317.19,0.1826,0.2088,0.3818345493829901,0.5671091681421535,NS,protein_coding
GENE00110,G110,98.87,-4.3633,0.4777,6.6029104551586e-20,2.0316647554334155e-18,Down,protein_coding
GENE00111,G111,32.97,0.1934,0.4337,0.6556475461903146,0.7899368026389333,NS,lncRNA
GENE00112,G112,90.67,0.5311,0.4504,0.23832887002920078,0.41587486537615836,NS,protein_coding
GENE00113,G113,934.17,-0.4066,0.2079,0.05049485246379759,0.14124434255607718,NS,protein_coding
GENE00114,G114,59.82,-3.2317,0.4465,4.558533829803647e-13,8.164538202633396e-12,Down,protein_coding
GENE00115,G115,48.33,1.2059,0.3398,0.00038691408940656763,0.0023932830272571193,Up,lncRNA
GENE00116,G116,13.77,0.2362,0.1943,0.2241198379059589,0.40381952775848456,NS,protein_coding
GENE00117,G117,305.78,-1.1177,0.4494,0.012879139922831392,0.04844817525829991,Down,pseudogene
GENE00118,G118,110.7,-1.2036,0.2843,2.300247647347935e-05,0.0001840198117878348,Down,protein_coding
GENE00119,G119,17.36,0.4131,0.491,0.40015513829442584,0.5827502013996493,NS,protein_coding
GENE00120,G120,899.34,0.1813,0.3714,0.6254415187453034,0.7674129064359552,NS,protein_coding
GENE00121,G121,8.59,-0.0392,0.154,0.7990741925265065,0.8848768508348229,NS,protein_coding
GENE00122,G122,463.39,0.2525,0.3252,0.4374861272680257,0.6154552786888989,NS,protein_coding
GENE00123,G123,211.25,0.3183,0.4829,0.5098041510963282,0.6767311740216746,NS,protein_coding
GENE00124,G124,258.13,0.3182,0.3567,0.37235747066660974,0.5585362059999146,NS,protein_coding
GENE00125,G125,22.66,2.496,0.3284,2.950179207973089e-14,6.000364490792724e-13,Up,protein_coding
GENE00126,G126,1130.19,-0.5619,0.2427,0.020601772895817192,0.07043341160963143,NS,lncRNA
GENE00127,G127,155.85,0.7268,0.3074,0.018061928650811902,0.06356103924039379,NS,protein_coding
GENE00128,G128,442.68,-0.1702,0.2511,0.49788734878945695,0.6659969055152755,NS,protein_coding
GENE00129,G129,13.46,0.8897,0.3252,0.0062218461928799694,0.027550610448176988,NS,protein_coding
GENE00130,G130,28.23,-0.6936,0.4074,0.0886609888614316,0.21321279886516617,NS,protein_coding
GENE00131,G131,7699.15,2.3053,0.1866,4.6213902459826964e-35,2.132949344299706e-33,Up,protein_coding
GENE00132,G132,468.7,-3.7242,0.1873,5.64251827360949e-88,8.463777410414235e-86,Down,pseudogene
GENE00133,G133,1270.58,0.6064,0.4531,0.18078696139811723,0.34540592474428644,NS,lncRNA
GENE00134,G134,350.71,0.0928,0.2814,0.7415664475011934,0.8537026572114276,NS,protein_coding
GENE00135,G135,66.95,-0.8744,0.2334,0.00017942035896582176,0.0012233206293124211,NS,protein_coding
GENE00136,G136,795.35,0.002,0.2418,0.993400533803971,0.9976167724007221,NS,protein_coding
GENE00137,G137,272.01,-0.0347,0.471,0.9412705545470139,0.9720522077938181,NS,protein_coding
GENE00138,G138,405.15,0.6279,0.2317,0.006728933698058436,0.02946978261923403,NS,protein_coding
GENE00139,G139,13.32,-0.1752,0.4006,0.6618619016086348,0.7958259337979576,NS,protein_coding
GENE00140,G140,478.78,-4.2394,0.1933,1.2946274152315603e-106,3.883882245694681e-104,Down,protein_coding
GENE00141,G141,1304.65,-0.3449,0.249,0.1660094910456158,0.3260415536084107,NS,protein_coding
GENE00142,G142,67.52,-0.9016,0.2853,0.0015767047206658976,0.008485479185212667,NS,protein_coding
GENE00143,G143,1087.92,-0.2946,0.4848,0.5434041965141123,0.7060978726921135,NS,protein_coding
GENE00144,G144,79.36,-0.062,0.3003,0.8364314457259318,0.9090469246379799,NS,protein_coding
GENE00145,G145,48.04,-0.2998,0.4335,0.48920102370649277,0.6581179691118737,NS,protein_coding
GENE00146,G146,102.78,-0.344,0.3406,0.3125037299683622,0.4973534163952714,NS,protein_coding
GENE00147,G147,398.15,0.4892,0.3816,0.199852942289655,0.372975942064675,NS,protein_coding
GENE00148,G148,34.97,0.4853,0.195,0.012820462974142764,0.04840065561770151,NS,protein_coding
GENE00149,G149,1207.49,0.732,0.2744,0.007638640181711572,0.032162695501943464,NS,protein_coding
GENE00150,G150,93.55,1.3628,0.2802,1.1522966216397247e-06,1.097425353942595e-05,Up,protein_coding
GENE00151,G151,201.43,-0.2957,0.2981,0.32122239943013975,0.5054377326663608,NS,protein_coding
GENE00152,G152,168.61,-0.8652,0.2391,0.00029623579326728096,0.0018908667655358358,NS,lncRNA
GENE00153,G153,126.96,-0.3981,0.3135,0.20413576509891518,0.3780291946276207,NS,protein_coding
GENE00154,G154,68.03,-0.2937,0.3657,0.4219069339791581,0.604162673955835,NS,protein_coding
GENE00155,G155,217.62,0.5505,0.4729,0.24438596497892395,0.422569391894393,NS,lncRNA
GENE00156,G156,295.8,-0.5316,0.1886,0.004822399310886345,0.022430240922887854,NS,protein_coding
GENE00157,G157,114.02,0.6927,0.4531,0.12631363833918596,0.2682767539947312,NS,protein_coding
GENE00158,G158,155.91,-0.332,0.2377,0.162498222854483,0.3213742018629125,NS,lncRNA
GENE00159,G159,19.1,-3.6567,0.3402,6.011753427576452e-27,2.404701371030581e-25,Down,lncRNA
GENE00160,G160,28.4,0.7506,0.3729,0.044128088101955724,0.1260802517198735,NS,protein_coding
GENE00161,G161,3197.48,0.0342,0.4455,0.9388083650336281,0.9720522077938181,NS,protein_coding
GENE00162,G162,10.08,-0.1097,0.1813,0.5451295217988482,0.7071950553066139,NS,protein_coding
GENE00163,G163,171.47,0.2198,0.1687,0.19260734548428804,0.3605753737615377,NS,protein_coding
GENE00164,G164,61.36,0.3946,0.1642,0.01625376863511219,0.058748561331730814,NS,protein_coding
GENE00165,G165,188.71,0.9485,0.1906,6.478094632471802e-07,6.3718963598083294e-06,NS,protein_coding
GENE00166,G166,22.23,-1.0001,0.3837,0.009148260489662484,0.03696266864510094,Down,protein_coding
GENE00167,G167,340.53,0.8455,0.4092,0.03880707095354406,0.11413844398101194,NS,protein_coding
GENE00168,G168,323.38,0.6934,0.1807,0.0001243947794650511,0.0008832765405802445,NS,protein_coding
GENE00169,G169,232.9,-0.0353,0.3933,0.928483204766187,0.9680102916763026,NS,lncRNA
GENE00170,G170,74.41,0.581,0.4961,0.2415445768802036,0.41886342811595995,NS,protein_coding
GENE00171,G171,30.41,1.6317,0.3043,8.224056429445921e-08,8.971697923031914e-07,Up,protein_coding
GENE00172,G172,9.73,0.6124,0.2286,0.007386111103495524,0.031430260014874575,NS,lncRNA
GENE00173,G173,60.39,-0.9356,0.1673,2.240178602044442e-08,2.743075839238092e-07,NS,lncRNA
GENE00174,G174,147.75,-1.334,0.1503,6.956855124005649e-19,1.9876728925730423e-17,Down,lncRNA
GENE00175,G175,44.22,0.7843,0.3111,0.011700378738819326,0.044857682065761,NS,protein_coding
GENE00176,G176,74.72,0.6847,0.3189,0.03178786472963445,0.09755866413187043,NS,protein_coding
GENE00177,G177,120.53,0.6959,0.1948,0.0003537489877581496,0.0022225067293705734,NS,lncRNA
GENE00178,G178,189.81,-4.1044,0.3212,2.166684615916362e-37,1.0833423079581811e-35,Down,protein_coding
GENE00179,G179,418.59,-4.8803,0.2374,6.623403166038975e-94,1.1354405427495385e-91,Down,protein_coding
GENE00180,G180,172.06,-0.5048,0.2139,0.018275856307067198,0.06412581160374456,NS,lncRNA
GENE00181,G181,23.16,-0.0624,0.2823,0.8250601623538997,0.900455665029477,NS,protein_coding
GENE00182,G182,101.92,-0.3321,0.4149,0.42345948152459034,0.6045098562225824,NS,protein_coding
GENE00183,G183,97.13,-0.1478,0.1619,0.36129029681422054,0.5487953875659046,NS,protein_coding
GENE00184,G184,1.71,-0.4878,0.3493,0.16256178377565655,0.3213742018629125,NS,protein_coding
GENE00185,G185,79.62,-0.6592,0.374,0.07797357310297014,0.19574955590703802,NS,protein_coding
GENE00186,G186,118.04,0.4938,0.4208,0.2406037383052818,0.41871017768033353,NS,protein_coding
GENE00187,G187,183.45,0.064,0.3953,0.8713827501220701,0.9319601605583637,NS,protein_coding
GENE00188,G188,235.54,0.1855,0.2383,0.4363152346823761,0.6149143785486324,NS,protein_coding
GENE00189,G189,1127.17,1.1852,0.3055,0.00010465344456325752,0.000747524604023268,Up,pseudogene
GENE00190,G190,316.16,0.4338,0.4853,0.37138605999093255,0.5577763103743668,NS,protein_coding
GENE00191,G191,76.85,3.1348,0.359,2.501342707580408e-18,6.98049127696858e-17,Up,protein_coding
GENE00192,G192,317.83,0.303,0.3628,0.4036214955499293,0.586375054067694,NS,protein_coding
GENE00193,G193,841.06,0.0487,0.3917,0.9010541183116907,0.9533171983013073,NS,protein_coding
GENE00194,G194,23.03,0.1742,0.3397,0.6080874404683776,0.753827405539311,NS,protein_coding
GENE00195,G195,377.71,0.6587,0.4556,0.14823729660064694,0.300363161244485,NS,lncRNA
GENE00196,G196,1666.14,0.0694,0.3391,0.8378382488746715,0.9090469246379799,NS,lncRNA
GENE00197,G197,121.84,0.4509,0.177,0.01085110301792869,0.042277024745176715,NS,protein_coding
GENE00198,G198,1325.83,-0.3377,0.1732,0.05120365166530255,0.14223236573695153,NS,protein_coding
GENE00199,G199,18.22,3.7754,0.2979,8.305656793833621e-37,3.9867152610401383e-35,Up,protein_coding
GENE00200,G200,42.62,-3.6449,0.1571,4.433553576818984e-119,2.1968535645042268e-116,Down,protein_coding
GENE00201,G201,46.14,-0.233,0.365,0.5232418591201066,0.6892318671175938,NS,protein_coding
GENE00202,G202,47.94,0.2794,0.4047,0.48995025770989387,0.6583878043134073,NS,protein_coding
GENE00203,G203,377.35,-2.3139,0.3848,1.8183619012948591e-09,2.597659858992656e-08,Down,lncRNA
GENE00204,G204,944.56,-0.338,0.3117,0.27819811934021477,0.46284850654556087,NS,protein_coding
GENE00205,G205,127.11,0.0731,0.3242,0.8216073604613852,0.900455665029477,NS,protein_coding
GENE00206,G206,154.4,0.0529,0.4282,0.9016791833933199,0.9533171983013073,NS,protein_coding
GENE00207,G207,222.53,0.2999,0.3977,0.4507975866691636,0.6277223184857271,NS,pseudogene
GENE00208,G208,269.33,-0.4331,0.4974,0.38390280401884924,0.5680436064397276,NS,protein_coding
GENE00209,G209,43.9,-0.3508,0.2055,0.08781165149215872,0.21159434094496077,NS,protein_coding
GENE00210,G210,40.92,-0.0689,0.2834,0.807913006743527,0.8910805221435959,NS,lncRNA
GENE00211,G211,32.77,-0.1928,0.1514,0.20285917742343873,0.3767919560109387,NS,lncRNA
GENE00212,G212,378.93,0.2832,0.1991,0.15490992998608513,0.3087905581117976,NS,protein_coding
GENE00213,G213,564.54,-0.3746,0.4059,0.35606588193799193,0.5455165904171013,NS,protein_coding
GENE00214,G214,68.69,1.5829,0.2211,8.114686698454583e-13,1.411249860600797e-11,Up,protein_coding
GENE00215,G215,254.76,0.1668,0.3329,0.616334972560154,0.7616910062535375,NS,protein_coding
GENE00216,G216,308.91,0.3369,0.4001,0.39976584940487014,0.5827502013996493,NS,protein_coding
GENE00217,G217,1033.65,0.1777,0.3581,0.6197320743364225,0.7651013263412624,NS,protein_coding
GENE00218,G218,200.94,-3.8069,0.1802,4.590886495061169e-99,1.1018127588146804e-96,Down,protein_coding
GENE00219,G219,55.36,-0.0799,0.1695,0.637364804239996,0.7773741513452802,NS,protein_coding
GENE00220,G220,504.76,0.9302,0.2583,0.00031670442329040165,0.0020108217351771534,NS,protein_coding
GENE00221,G221,46.55,-0.416,0.307,0.17540199053507877,0.3389410445122295,NS,protein_coding
GENE00222,G222,1832.42,0.0189,0.4316,0.9650713624160617,0.9850207076012476,NS,protein_coding
GENE00223,G223,53.52,-1.1512,0.2335,8.214853608282384e-07,7.949858330595856e-06,Down,protein_coding
GENE00224,G224,114.72,0.0366,0.4926,0.9407719677829705,0.9720522077938181,NS,protein_coding
GENE00225,G225,1063.85,-0.2264,0.1932,0.24126023571115063,0.41886342811595995,NS,lncRNA
GENE00226,G226,167.77,0.607,0.4181,0.14655561406946138,0.2985852918223322,NS,protein_coding
GENE00227,G227,63.78,0.4337,0.4807,0.36693686817663396,0.553866970832655,NS,protein_coding
GENE00228,G228,443.95,2.2061,0.4923,7.422081105597225e-06,6.454958978526692e-05,Up,protein_coding
GENE00229,G229,78.38,-0.5661,0.4647,0.2231459684850564,0.40381952775848456,NS,lncRNA
GENE00230,G230,23.41,0.9237,0.4478,0.03913626998674505,0.11454518044900991,NS,protein_coding
GENE00231,G231,111.84,0.1902,0.4397,0.6653288884097955,0.798155765544193,NS,protein_coding
GENE00232,G232,28.33,-0.4591,0.3388,0.17539310810981434,0.3389410445122295,NS,pseudogene
GENE00233,G233,14.81,0.1066,0.4747,0.8223193433804108,0.900455665029477,NS,protein_coding
GENE00234,G234,124.17,0.2582,0.2079,0.21425750410724675,0.3920053147774369,NS,protein_coding
GENE00235,G235,13.41,0.4587,0.2484,0.0648024717094205,0.17075936934314773,NS,protein_coding
GENE00236,G236,13.07,0.7247,0.3273,0.026816633151169174,0.08513216873387039,NS,protein_coding
GENE00237,G237,65.55,-0.2847,0.2372,0.23004111620185708,0.40835701100921373,NS,protein_coding
GENE00238,G238,1008.63,0.6131,0.3873,0.11341905156407432,0.2525099478235421,NS,pseudogene
GENE00239,G239,113.23,0.4134,0.4493,0.35752158593982664,0.5463071598957537,NS,lncRNA
GENE00240,G240,223.29,-0.1695,0.4321,0.6948585000780858,0.818671804249672,NS,protein_coding
GENE00241,G241,161.15,1.0745,0.3206,0.0008036679987812986,0.00461436171549071,Up,lncRNA
GENE00242,G242,55.53,0.0452,0.3,0.8802386691550079,0.937621470125094,NS,protein_coding
GENE00243,G243,1463.79,0.1131,0.416,0.7857181345363382,0.8765725707281946,NS,protein_coding
GENE00244,G244,1582.56,-0.0108,0.2641,0.9673807189169754,0.9855506196616358,NS,protein_coding
GENE00245,G245,1.82,-0.1526,0.4138,0.7122938101365084,0.8306633354361614,NS,protein_coding
GENE00246,G246,919.65,0.2135,0.3366,0.5258954855524198,0.6919677441479208,NS,lncRNA
GENE00247,G247,1.02,3.1425,0.4861,1.0148709019614836e-10,1.5816169900698446e-09,Up,lncRNA
GENE00248,G248,152.65,0.9087,0.1738,1.7096156819839474e-07,1.7995954547199447e-06,NS,protein_coding
GENE00249,G249,47.83,-0.0952,0.2893,0.7421026510987756,0.8537026572114276,NS,protein_coding
GENE00250,G250,200.89,0.4816,0.3111,0.12160898586609799,0.2615247007873075,NS,protein_coding
GENE00251,G251,245.92,-0.688,0.3477,0.047847845748333215,0.1354184313632072,NS,lncRNA
GENE00252,G252,1034.82,0.5648,0.468,0.22749468998393552,0.4053531067351244,NS,protein_coding
GENE00253,G253,166.83,1.2431,0.3326,0.00018584242708931438,0.00125994865823264,Up,protein_coding
GENE00254,G254,789.19,-1.4424,0.2124,1.1138946048446752e-11,1.8564910080744586e-10,Down,protein_coding
GENE00255,G255,89.53,0.2561,0.464,0.5809896981480662,0.7308046517585739,NS,lncRNA
GENE00256,G256,20.98,0.5762,0.3182,0.07017014227843649,0.1810842381379006,NS,protein_coding
GENE00257,G257,2815.15,-0.1637,0.3331,0.6231124428321553,0.7665004483327191,NS,lncRNA
GENE00258,G258,2270.88,0.9659,0.4317,0.025258027437469244,0.08213992662591624,NS,protein_coding
GENE00259,G259,17.03,1.1224,0.1929,5.935716577850182e-09,7.742239014587194e-08,Up,protein_coding
GENE00260,G260,112.09,0.0785,0.4801,0.870118787710252,0.9314384881822502,NS,protein_coding
GENE00261,G261,166.53,-0.1143,0.2656,0.666943689694657,0.798155765544193,NS,protein_coding
GENE00262,G262,1278.15,-0.3108,0.3443,0.3666845351171798,0.553866970832655,NS,protein_coding
GENE00263,G263,69.26,-0.2069,0.3056,0.4983876842939312,0.6659969055152755,NS,protein_coding
GENE00264,G264,18.94,-0.1761,0.315,0.576129221886182,0.7289942191891539,NS,protein_coding
GENE00265,G265,58.44,0.9476,0.2434,9.89387047574752e-05,0.0007109368006525164,NS,protein_coding
GENE00266,G266,1628.33,0.6119,0.2874,0.03324694908421813,0.10125974340371004,NS,protein_coding
GENE00267,G267,1541.55,0.3542,0.3399,0.2973786710776789,0.4848565289309982,NS,lncRNA
GENE00268,G268,62.34,1.1028,0.1522,4.3011840745587856e-13,7.820334681015973e-12,Up,protein_coding
GENE00269,G269,21.77,0.0228,0.3019,0.9397996359759796,0.9720522077938181,NS,protein_coding
GENE00270,G270,352.71,-0.8596,0.3513,0.014408622518232559,0.053201067759627914,NS,protein_coding
GENE00271,G271,130.51,-0.4058,0.1678,0.015590850041820446,0.05686632234098643,NS,protein_coding
GENE00272,G272,495.38,0.8105,0.4584,0.07704310815329084,0.19393016025240384,NS,protein_coding
GENE00273,G273,125.65,0.8666,0.2667,0.001156715718599522,0.006486256365978628,NS,protein_coding
GENE00274,G274,41.06,0.4088,0.3388,0.22758176878076275,0.4053531067351244,NS,protein_coding
GENE00275,G275,323.08,-0.6735,0.3247,0.03805866460987152,0.11237492066706121,NS,lncRNA
GENE00276,G276,37.95,0.695,0.1564,8.841089476322968e-06,7.419096064047245e-05,NS,protein_coding
GENE00277,G277,283.71,-0.2675,0.3756,0.476344761334054,0.6466218479647792,NS,protein_coding
GENE00278,G278,1179.08,0.1776,0.3026,0.557261858260608,0.7175045385329717,NS,protein_coding
GENE00279,G279,35.26,0.9589,0.3754,0.010638869115835474,0.041585156153102834,NS,protein_coding
GENE00280,G280,4.75,0.2576,0.2546,0.31164172944967017,0.49666833641691716,NS,lncRNA
GENE00281,G281,108.51,-0.1334,0.2238,0.5511298554833985,0.713356641741221,NS,protein_coding
GENE00282,G282,34.45,0.5393,0.3748,0.1501786458449258,0.3015452101744645,NS,protein_coding
GENE00283,G283,279.87,0.7162,0.3813,0.060338626998473095,0.1623460816102415,NS,protein_coding
GENE00284,G284,55.1,-0.4529,0.1909,0.017670731263448272,0.062367286812170374,NS,protein_coding
GENE00285,G285,1366.75,0.8356,0.4481,0.062214725668092025,0.16553807273106524,NS,protein_coding
GENE00286,G286,4.97,0.2132,0.3511,0.5436953619729274,0.7060978726921135,NS,lncRNA
GENE00287,G287,339.97,0.1153,0.4845,0.8118987034195876,0.8938334349573441,NS,protein_coding
GENE00288,G288,7.51,-0.268,0.4999,0.5918844495115023,0.7414001455258902,NS,protein_coding
GENE00289,G289,15.79,0.3075,0.4032,0.4456728671844309,0.6237394915347909,NS,protein_coding
GENE00290,G290,75.0,0.0352,0.3373,0.9168851421455656,0.9598329544972123,NS,protein_coding
GENE00291,G291,55.05,0.176,0.269,0.512934589553129,0.6783369590036331,NS,lncRNA
GENE00292,G292,245.93,-0.0571,0.3604,0.8741139792028387,0.933217771390931,NS,protein_coding
GENE00293,G293,75.41,-0.456,0.4551,0.3163544176893325,0.501720880557699,NS,lncRNA
GENE00294,G294,106.16,0.7329,0.3041,0.0159497888299429,0.05799923210888326,NS,protein_coding
GENE00295,G295,403.68,2.2154,0.384,7.961526406399112e-09,1.0163650731573334e-07,Up,lncRNA
GENE00296,G296,17.57,-1.2699,0.3093,4.0305293633317586e-05,0.00030806593859860574,Down,protein_coding
GENE00297,G297,36.66,-0.6452,0.4839,0.18242243945173575,0.3471436871153719,NS,protein_coding
GENE00298,G298,10.2,-0.227,0.1567,0.14744151094738744,0.29937362628911157,NS,protein_coding
GENE00299,G299,63.19,-0.1336,0.3024,0.6586347043864981,0.7927398648583728,NS,protein_coding
GENE00300,G300,2569.7,-0.3629,0.4977,0.46590739922537794,0.6389587189376612,NS,protein_coding
GENE00301,G301,1406.52,0.7334,0.4724,0.12054313882721653,0.2602267015498825,NS,protein_coding
GENE00302,G302,4912.22,0.4883,0.2515,0.05219151655628276,0.14464161632226172,NS,protein_coding
GENE00303,G303,23.84,0.1495,0.4659,0.7482980645588795,0.8551977880672909,NS,protein_coding
GENE00304,G304,8.89,0.0038,0.2363,0.9871695698044534,0.9954651124078521,NS,lncRNA
GENE00305,G305,99.69,-0.2325,0.2497,0.3517928694832646,0.5418696525441113,NS,protein_coding
GENE00306,G306,499.92,0.039,0.2362,0.8688540099261169,0.9312150019036454,NS,protein_coding
GENE00307,G307,66.65,0.9362,0.4167,0.024659189377095516,0.08084980123637873,NS,protein_coding
GENE00308,G308,15.76,0.2377,0.2301,0.30159027241031167,0.48840529944989747,NS,protein_coding
GENE00309,G309,17.81,0.44,0.4771,0.35640417240583955,0.5455165904171013,NS,protein_coding
GENE00310,G310,89.88,-0.3918,0.2795,0.16097829146142484,0.32035480887845735,NS,protein_coding
GENE00311,G311,50.89,0.0428,0.319,0.8932687180431074,0.9470977423940056,NS,protein_coding
GENE00312,G312,147.36,-0.1091,0.4946,0.8254176929436873,0.900455665029477,NS,protein_coding
GENE00313,G313,359.51,0.2591,0.3686,0.4820993708150605,0.6529562584402625,NS,protein_coding
GENE00314,G314,1117.34,-1.2354,0.358,0.0005588489305839512,0.0033364115258743355,Down,protein_coding
GENE00315,G315,1593.29,0.2422,0.2541,0.34050493466839915,0.5272646537309803,NS,protein_coding
GENE00316,G316,118.81,-0.1593,0.2857,0.5771326654431799,0.7290096826650693,NS,protein_coding
GENE00317,G317,15260.94,0.246,0.4894,0.6152059291769207,0.7610795000126854,NS,protein_coding
GENE00318,G318,4758.54,-0.5141,0.3265,0.1153536840540952,0.25514970384234154,NS,protein_coding
GENE00319,G319,1285.18,0.0973,0.1835,0.5959419140752338,0.743619169178518,NS,protein_coding
GENE00320,G320,1337.12,-1.3592,0.4031,0.0007466021584832823,0.00430732014509586,Down,protein_coding
GENE00321,G321,14.75,-1.2277,0.1978,5.408310765803105e-10,7.819244480679187e-09,Down,protein_coding
GENE00322,G322,27.62,-0.5884,0.2829,0.03753590916603906,0.11149279950308631,NS,protein_coding
GENE00323,G323,100.22,1.316,0.2049,1.3392640547345516e-10,2.0604062380531565e-09,Up,protein_coding
GENE00324,G324,1095.71,-0.5873,0.2896,0.04256334940507933,0.12307474526769926,NS,protein_coding
GENE00325,G325,280.78,-0.4323,0.4449,0.33121025276910065,0.5175160199517198,NS,protein_coding
GENE00326,G326,713.96,0.8306,0.1544,7.467902377895276e-08,8.221543902270028e-07,NS,protein_coding
GENE00327,G327,24.6,1.402,0.4974,0.004822501798420888,0.022430240922887854,Up,lncRNA
GENE00328,G328,25.71,-0.8477,0.4691,0.07075021465225978,0.18218939395431702,NS,protein_coding
GENE00329,G329,94.61,-0.0648,0.2249,0.7732487165623909,0.8721147525027516,NS,lncRNA
GENE00330,G330,14.58,1.2626,0.2695,2.7999797402920558e-06,2.564866937672112e-05,Up,protein_coding
GENE00331,G331,53.4,0.7322,0.4694,0.11879210475640375,0.25871238785423684,NS,protein_coding
GENE00332,G332,25.86,-0.9427,0.3352,0.004918082842382993,0.022698843887921507,NS,protein_coding
GENE00333,G333,10.68,-0.615,0.1974,0.0018363240242621494,0.009828092620005353,NS,protein_coding
GENE00334,G334,70.86,0.6112,0.2389,0.010515728712245776,0.04123815181272854,NS,pseudogene
GENE00335,G335,784.71,-0.8374,0.3631,0.02109657108411825,0.0716396866109319,NS,lncRNA
GENE00336,G336,229.89,0.7476,0.3105,0.01605207093707133,0.05819481910720723,NS,protein_coding
GENE00337,G337,765.41,-0.0916,0.3617,0.800076152629819,0.8848768508348229,NS,protein_coding
GENE00338,G338,346.28,-1.7929,0.3751,1.7547659423114206e-06,1.6323404114524843e-05,Down,pseudogene
GENE00339,G339,73.95,0.7534,0.2677,0.004887683083024574,0.022645635905905362,NS,protein_coding
GENE00340,G340,226.77,-0.1428,0.2273,0.5298437104207949,0.6963991812759626,NS,lncRNA
GENE00341,G341,70.12,0.1952,0.2711,0.4715068267357785,0.642963854639698,NS,protein_coding
GENE00342,G342,214.45,0.2294,0.3313,0.4886712331749159,0.6581179691118737,NS,protein_coding
GENE00343,G343,2426.8,0.5819,0.2089,0.005343809870534992,0.024107412949781918,NS,protein_coding
GENE00344,G344,53.36,0.3392,0.1763,0.054355436649476285,0.15029152990638603,NS,protein_coding
GENE00345,G345,471.62,0.2994,0.3992,0.4532547047537364,0.6280665654786186,NS,protein_coding
GENE00346,G346,1391.42,-0.5622,0.4959,0.2569219581219281,0.4366945463828806,NS,protein_coding
GENE00347,G347,1601.6,-0.0158,0.2385,0.9471808762445854,0.9731310372375878,NS,protein_coding
GENE00348,G348,244.42,-0.4585,0.1552,0.003134273680200262,0.015541852959670721,NS,protein_coding
GENE00349,G349,85.87,-0.7509,0.3191,0.018613580156343415,0.06493109356863982,NS,protein_coding
GENE00350,G350,190.39,0.4741,0.3175,0.13537742444114712,0.28057497293501993,NS,lncRNA
GENE00351,G351,209.53,0.5582,0.3714,0.13284890364127153,0.27676854925264904,NS,protein_coding
GENE00352,G352,253.43,-0.9682,0.3343,0.003777103681685114,0.018202909309325853,NS,pseudogene
GENE00353,G353,55.4,-2.3116,0.2649,2.6311259734824713e-18,7.17579810949765e-17,Down,protein_coding
GENE00354,G354,60.81,-0.0461,0.4212,0.91284621787121,0.9577518981507384,NS,protein_coding
GENE00355,G355,47.07,0.0054,0.3098,0.9860930972816871,0.995215909788078,NS,protein_coding
GENE00356,G356,345.72,-0.2558,0.2795,0.36008363998367665,0.5476557262109151,NS,protein_coding
GENE00357,G357,584.19,0.4309,0.2078,0.03811382725957826,0.11237492066706121,NS,lncRNA
GENE00358,G358,4.34,0.2941,0.4948,0.5522569334813286,0.713356641741221,NS,lncRNA
GENE00359,G359,397.29,-0.7347,0.442,0.0964692336250031,0.22617809376588752,NS,protein_coding
GENE00360,G360,57.88,0.3447,0.205,0.09267293695688794,0.2203517165606876,NS,protein_coding
GENE00361,G361,6.96,0.7711,0.4515,0.08766182539103333,0.21159434094496077,NS,protein_coding
GENE00362,G362,3.25,0.4268,0.3788,0.25986259864552474,0.4400087298552742,NS,protein_coding
GENE00363,G363,87.14,0.2289,0.3084,0.45795532572311815,0.6316625182387837,NS,lncRNA
GENE00364,G364,139.91,0.4123,0.383,0.2817031173601996,0.4675570412617421,NS,protein_coding
GENE00365,G365,134.19,0.0565,0.4184,0.8925816393475454,0.9470977423940056,NS,protein_coding
GENE00366,G366,439.27,-0.2141,0.1745,0.21984736163451535,0.3997224756991188,NS,protein_coding
GENE00367,G367,682.12,-0.7962,0.2882,0.005733160820949869,0.025480714759777194,NS,protein_coding
GENE00368,G368,178.67,-0.0884,0.1539,0.565697856284588,0.7214000292683375,NS,protein_coding
GENE00369,G369,154.94,0.0946,0.4082,0.8167328599918596,0.8975086373536919,NS,protein_coding
GENE00370,G370,50.04,0.7009,0.1509,3.4040955924481484e-06,3.0946323567710445e-05,NS,protein_coding
GENE00371,G371,303.91,-3.2875,0.2909,1.2953378049310807e-29,5.551447735418917e-28,Down,pseudogene
GENE00372,G372,146.01,-0.4551,0.3813,0.2326546737542481,0.40899081752255456,NS,protein_coding
GENE00373,G373,1078.28,-0.7101,0.3145,0.023953788265532485,0.07954488676361447,NS,protein_coding
GENE00374,G374,15.5,0.2029,0.1957,0.2998332677518575,0.48687404777026927,NS,protein_coding
GENE00375,G375,84.4,-0.1272,0.251,0.6123141673392143,0.7582837985624944,NS,protein_coding
GENE00376,G376,242.87,0.8107,0.2515,0.001266523198955587,0.007036239994197706,NS,protein_coding
GENE00377,G377,430.91,-0.5417,0.4536,0.23239036288591441,0.40899081752255456,NS,protein_coding
GENE00378,G378,89.8,-0.57,0.4753,0.2304336335296654,0.40840495334910365,NS,protein_coding
GENE00379,G379,397.91,-0.0782,0.4111,0.8491356759289805,0.9179845145178168,NS,protein_coding
GENE00380,G380,283.38,-0.3646,0.3155,0.2478341723040296,0.4261106329333302,NS,lncRNA
GENE00381,G381,1025.71,0.3577,0.1609,0.026207712727730866,0.08386468072873877,NS,protein_coding
GENE00382,G382,211.56,-0.8994,0.2083,1.5758438492450656e-05,0.00012945338364948677,NS,protein_coding
GENE00383,G383,210.79,-0.3353,0.4392,0.4452048983026695,0.6237394915347909,NS,protein_coding
GENE00384,G384,192.27,0.4729,0.2836,0.09541712610646752,0.22483649496725905,NS,protein_coding
GENE00385,G385,383.89,-0.6703,0.3013,0.02610185471806632,0.08385421628365272,NS,protein_coding
GENE00386,G386,165.01,0.1523,0.3316,0.6460271491338657,0.7830632110713523,NS,protein_coding
GENE00387,G387,214.73,0.4003,0.1544,0.009524889334860282,0.03810394488279976,NS,protein_coding
GENE00388,G388,2096.2,3.8778,0.4569,2.1168198940799915e-17,5.184048720195897e-16,Up,protein_coding
GENE00389,G389,178.92,-0.6077,0.2136,0.0044406201379744,0.021230056436531,NS,protein_coding
GENE00390,G390,303.98,-0.2979,0.3968,0.4527994849326369,0.6280665654786186,NS,protein_coding
GENE00391,G391,1003.08,0.4497,0.3003,0.13426255621786604,0.27922888641497273,NS,protein_coding
GENE00392,G392,150.88,-0.2584,0.2245,0.24973131928655812,0.42750011860751747,NS,protein_coding
GENE00393,G393,41.37,0.1985,0.1932,0.3042167546137984,0.49099606038048715,NS,protein_coding
GENE00394,G394,102.95,0.2988,0.2475,0.22732713016459205,0.4053531067351244,NS,protein_coding
GENE00395,G395,18.41,-0.1543,0.3938,0.6951888071086798,0.818671804249672,NS,protein_coding
GENE00396,G396,57.46,-0.0275,0.404,0.9457304631894933,0.972483302908345,NS,protein_coding
GENE00397,G397,1858.94,0.4145,0.3099,0.18105027222013015,0.34540592474428644,NS,protein_coding
GENE00398,G398,1051.81,-0.2107,0.2044,0.3026243380467015,0.48941941463078414,NS,protein_coding
GENE00399,G399,121.95,0.2062,0.3351,0.5383310617547235,0.7030482425261286,NS,protein_coding
GENE00400,G400,534.78,0.1357,0.4852,0.7797241877997076,0.8731393118559336,NS,protein_coding
GENE00401,G401,55.98,1.05,0.3143,0.0008355024237281844,0.004774299564161054,Up,protein_coding
GENE00402,G402,52.82,0.5312,0.4314,0.2181957932415295,0.39792545879914193,NS,lncRNA
GENE00403,G403,792.41,1.0024,0.3954,0.011239781395455565,0.04336893142941054,Up,protein_coding
GENE00404,G404,173.07,1.5719,0.4865,0.00123341529293471,0.006884178379170474,Up,protein_coding
GENE00405,G405,562.15,1.1574,0.1553,9.146831903740292e-14,1.7703545620142501e-12,Up,protein_coding
GENE00406,G406,118.06,0.0031,0.2645,0.9906488260386092,0.9976167724007221,NS,protein_coding
GENE00407,G407,35.06,0.5305,0.3958,0.18014022851157963,0.34513543879836556,NS,lncRNA
GENE00408,G408,1904.3,0.0993,0.4654,0.8310423968650265,0.904125907740736,NS,protein_coding
GENE00409,G409,45.16,-0.5332,0.309,0.08442545876277388,0.20717903990864756,NS,protein_coding
GENE00410,G410,353.99,-0.3647,0.3156,0.2478543514895537,0.4261106329333302,NS,lncRNA
GENE00411,G411,7991.55,-0.0685,0.3063,0.8230398041895772,0.900455665029477,NS,pseudogene
GENE00412,G412,37.21,-0.524,0.2776,0.059078586011534186,0.1600322871644267,NS,protein_coding
GENE00413,G413,744.21,-0.2838,0.3235,0.3803347069197861,0.5669585693214203,NS,lncRNA
GENE00414,G414,1277.84,0.7814,0.4956,0.11487038604002868,0.25479568068028546,NS,lncRNA
GENE00415,G415,1104.4,0.426,0.2617,0.10356345882364719,0.2376217028458444,NS,protein_coding
GENE00416,G416,319.64,-0.446,0.4565,0.328569694612975,0.5142862674772298,NS,protein_coding
GENE00417,G417,31.34,0.5129,0.1854,0.005667011509493665,0.025280348741235678,NS,protein_coding
GENE00418,G418,428.91,0.2397,0.2749,0.38323377960408633,0.5680436064397276,NS,protein_coding
GENE00419,G419,96.27,3.8786,0.2294,3.95590287102876e-64,3.4938366828773607e-62,Up,protein_coding
GENE00420,G420,560.85,-0.4813,0.1704,0.004734993910201265,0.022370049969454794,NS,protein_coding
GENE00421,G421,187.77,-0.4121,0.2198,0.06080837266859167,0.1632439534727293,NS,protein_coding
GENE00422,G422,496.96,-0.5432,0.2105,0.009865090882366501,0.03906966686085743,NS,protein_coding
GENE00423,G423,65.67,-1.7276,0.4203,3.949788656285067e-05,0.0003057900895188439,Down,pseudogene
GENE00424,G424,189.52,0.5953,0.4707,0.20597453977237323,0.3808466066669459,NS,protein_coding
GENE00425,G425,377.73,0.1602,0.297,0.5896150620207836,0.7393292313740233,NS,protein_coding
GENE00426,G426,111.52,0.1003,0.3811,0.7924075942492197,0.8812688721956103,NS,lncRNA
GENE00427,G427,160.29,0.2217,0.2321,0.33948074837940434,0.527007630084457,NS,protein_coding
GENE00428,G428,307.09,1.0652,0.1924,3.087827615429444e-08,3.7053931385153326e-07,Up,protein_coding
GENE00429,G429,478.73,-0.0817,0.3395,0.8098279354347572,0.8923723806443605,NS,protein_coding
GENE00430,G430,269.63,0.0654,0.2651,0.8051409028857833,0.8892334223658032,NS,protein_coding
GENE00431,G431,1270.29,-0.7379,0.3853,0.05547579077515988,0.1522990370283224,NS,protein_coding
GENE00432,G432,93.92,0.4037,0.4508,0.37050967246173516,0.5571574021980981,NS,protein_coding
GENE00433,G433,67.5,-0.0037,0.4514,0.9934600358490524,0.9976167724007221,NS,protein_coding
GENE00434,G434,7025.05,-0.0601,0.435,0.8901132405204192,0.9460902467887538,NS,lncRNA
GENE00435,G435,315.31,0.9475,0.2255,2.648316449718399e-05,0.00020907761445145253,NS,lncRNA
GENE00436,G436,75.5,0.0524,0.1889,0.7814764770276068,0.8731643349116436,NS,protein_coding
GENE00437,G437,431.34,0.3601,0.3577,0.3140743795949078,0.4991910669058137,NS,protein_coding
GENE00438,G438,41.47,-0.7815,0.4454,0.07932730567787034,0.19831826419467585,NS,protein_coding
GENE00439,G439,86.57,0.8792,0.1728,3.619300294428696e-07,3.712102866080714e-06,NS,protein_coding
GENE00440,G440,40.56,0.1333,0.1652,0.4197236802946521,0.6024741822411275,NS,protein_coding
GENE00441,G441,13.42,0.7634,0.3988,0.05558914851533767,0.1522990370283224,NS,protein_coding
GENE00442,G442,2070.19,0.2514,0.4645,0.5883510427418177,0.7385159532324072,NS,protein_coding
GENE00443,G443,48.0,-0.431,0.2438,0.07708723870033052,0.19393016025240384,NS,protein_coding
GENE00444,G444,22.63,0.7184,0.3092,0.020156854835743674,0.06950639598532302,NS,protein_coding
GENE00445,G445,188.27,0.3585,0.2516,0.1541916712371209,0.3078702254318554,NS,protein_coding
GENE00446,G446,81.76,0.8351,0.3363,0.013020813303154783,0.04882804988683044,NS,protein_coding
GENE00447,G447,215.73,-0.6902,0.1824,0.00015433326498954868,0.0010767437092294094,NS,pseudogene
GENE00448,G448,42.56,-0.1273,0.1904,0.5037554983490589,0.6718840137224635,NS,lncRNA
GENE00449,G449,44.69,-0.3993,0.3888,0.30441755743590204,0.49099606038048715,NS,protein_coding
GENE00450,G450,130.14,0.1812,0.3173,0.567953285094376,0.7227401294944339,NS,protein_coding
GENE00451,G451,41.61,3.2797,0.3873,2.49401216435853e-17,5.985629194460472e-16,Up,protein_coding
GENE00452,G452,843.35,0.4951,0.2354,0.03544579599099145,0.10660389771726751,NS,protein_coding
GENE00453,G453,306.92,0.1445,0.367,0.693778196981148,0.818617341570676,NS,protein_coding
GENE00454,G454,514.95,-0.3596,0.2435,0.1397301375264395,0.28781011651564664,NS,protein_coding
GENE00455,G455,495.18,0.7591,0.2014,0.00016382661898469212,0.0011363696114545117,NS,pseudogene
GENE00456,G456,54.88,0.3693,0.1829,0.04347307149262588,0.12450521668532472,NS,pseudogene
GENE00457,G457,78.19,0.7803,0.4801,0.10410154819354127,0.23840049204627772,NS,protein_coding
GENE00458,G458,255.66,0.6073,0.2178,0.005297924928596211,0.02399060345024699,NS,protein_coding
GENE00459,G459,133.12,-0.0658,0.2591,0.7995295496092838,0.8848768508348229,NS,lncRNA
GENE00460,G460,162.57,1.941,0.332,5.023689507390903e-09,6.624645504251741e-08,Up,protein_coding
GENE00461,G461,72.73,-0.6196,0.448,0.16665391533665597,0.3262393122414146,NS,protein_coding
GENE00462,G462,136.21,-0.7581,0.3351,0.023678271942989063,0.07904230463817324,NS,lncRNA
GENE00463,G463,79.71,0.8787,0.2427,0.0002940124769661177,0.0018867110821355149,NS,pseudogene
GENE00464,G464,81.27,0.627,0.3096,0.04284746822990617,0.12359846604780625,NS,lncRNA
GENE00465,G465,82.56,2.4879,0.4,4.979476356570479e-10,7.287038570590945e-09,Up,protein_coding
GENE00466,G466,553.99,0.2941,0.348,0.3980466662182096,0.5821996268372186,NS,protein_coding
GENE00467,G467,37.4,0.1989,0.36,0.5806058344152913,0.7308046517585739,NS,protein_coding
GENE00468,G468,211.01,0.0985,0.4176,0.813532269570579,0.8948109289502244,NS,protein_coding
GENE00469,G469,349.94,0.1637,0.4948,0.7407647832077208,0.8537026572114276,NS,protein_coding
GENE00470,G470,250.09,0.3547,0.296,0.23079603944927385,0.40840495334910365,NS,protein_coding
GENE00471,G471,1011.38,0.5165,0.2715,0.057119650887570324,0.1550759752603719,NS,protein_coding
GENE00472,G472,887.46,-0.2332,0.156,0.13494790457924902,0.28016866002612256,NS,protein_coding
GENE00473,G473,68.45,0.3757,0.4426,0.39596603388165674,0.5801700130134165,NS,protein_coding
GENE00474,G474,56.66,0.4343,0.3595,0.22702158443263554,0.4053531067351244,NS,protein_coding
GENE00475,G475,1159.11,-1.1289,0.1809,4.3627383583212235e-10,6.463316086401813e-09,Down,protein_coding
GENE00476,G476,92.7,-0.4059,0.2684,0.13045881162721518,0.2743422130863562,NS,protein_coding
GENE00477,G477,156.41,0.3877,0.4001,0.3325413233832255,0.5175740441762264,NS,lncRNA
GENE00478,G478,478.26,0.1466,0.3179,0.6446900547811653,0.7826879956301678,NS,protein_coding
GENE00479,G479,14.68,0.3768,0.2366,0.11125864449834262,0.2490865175336029,NS,protein_coding
GENE00480,G480,118.11,0.2197,0.1713,0.19965144482408836,0.372975942064675,NS,protein_coding
GENE00481,G481,35.37,2.3476,0.4465,1.4580261287523302e-07,1.5621708522346395e-06,Up,lncRNA
GENE00482,G482,51.79,0.0901,0.2534,0.7221668642372894,0.8389160087945279,NS,lncRNA
GENE00483,G483,184.96,1.315,0.3605,0.0002645864780621569,0.0017255639873618928,Up,protein_coding
GENE00484,G484,371.54,-0.2799,0.2036,0.16920759324809853,0.33016115755726544,NS,protein_coding
GENE00485,G485,54.88,0.6905,0.3151,0.02842518588093156,0.08923942299056879,NS,protein_coding
GENE00486,G486,16.2,0.2074,0.3033,0.4940942620352827,0.6632137745440037,NS,protein_coding
GENE00487,G487,32.84,0.4239,0.337,0.2084411254236983,0.3844756800714737,NS,protein_coding
GENE00488,G488,65.32,0.3389,0.2928,0.24709045279049002,0.426018022052569,NS,protein_coding
GENE00489,G489,806.95,-1.53,0.2039,6.205149411621541e-14,1.2206851301550574e-12,Down,lncRNA
GENE00490,G490,45.86,-3.0895,0.2278,6.696941250782166e-42,3.6528770458811817e-40,Down,protein_coding
GENE00491,G491,284.48,0.0883,0.227,0.697285922755704,0.8195329160693876,NS,protein_coding
GENE00492,G492,311.6,0.7623,0.3594,0.03391885224172658,0.10304461440524532,NS,protein_coding
GENE00493,G493,769.94,0.4404,0.495,0.3736286215923531,0.5597432533218774,NS,protein_coding
GENE00494,G494,155.19,0.8017,0.1804,8.829614112486666e-06,7.419096064047245e-05,NS,protein_coding
GENE00495,G495,104.61,0.0159,0.2547,0.9502232845522689,0.9754216778979664,NS,protein_coding
GENE00496,G496,259.08,-0.9199,0.4493,0.0406181320317787,0.11801878556449016,NS,protein_coding
GENE00497,G497,91.75,0.3464,0.2848,0.2238736565958861,0.40381952775848456,NS,protein_coding
GENE00498,G498,19.19,-0.4448,0.42,0.2895780935272406,0.4772974838110107,NS,protein_coding
GENE00499,G499,186.48,0.1433,0.1903,0.45143696737765204,0.6277223184857271,NS,protein_coding
GENE00500,G500,41.0,0.1849,0.2311,0.42366065756932647,0.6045098562225824,NS,protein_coding
GENE00501,G501,3103.73,1.0296,0.1561,4.230488153319514e-11,6.868323571762969e-10,Up,protein_coding
GENE00502,G502,157.94,0.254,0.3419,0.45753781614695443,0.6316625182387837,NS,protein_coding
GENE00503,G503,103.08,0.3336,0.4239,0.43129470923635616,0.6109295203072458,NS,pseudogene
GENE00504,G504,1106.26,0.7436,0.4524,0.10024269937834607,0.2313293062577217,NS,protein_coding
GENE00505,G505,10.34,-0.4945,0.3982,0.2142962387449988,0.3920053147774369,NS,protein_coding
GENE00506,G506,395.05,-2.4948,0.4291,6.098670919424577e-09,7.86925279925752e-08,Down,lncRNA
GENE00507,G507,431.21,-0.3631,0.2975,0.22227379772032596,0.40291322849605915,NS,lncRNA
GENE00508,G508,403.96,0.6652,0.1636,4.782392669393384e-05,0.0003632196964096241,NS,protein_coding
GENE00509,G509,81.46,0.0142,0.3266,0.9653202934492227,0.9850207076012476,NS,protein_coding
GENE00510,G510,102.1,-1.1448,0.3777,0.002437638432411067,0.012500709909800341,Down,protein_coding
GENE00511,G511,79.47,0.8214,0.1833,7.4232028253056975e-06,6.454958978526692e-05,NS,protein_coding
GENE00512,G512,386.08,0.6966,0.2746,0.011187698944976803,0.04330722172249085,NS,protein_coding
GENE00513,G513,14.32,1.6999,0.3371,4.589670926335203e-07,4.628239589581717e-06,Up,protein_coding
GENE00514,G514,41.46,-0.283,0.3358,0.39936069744904756,0.5827502013996493,NS,lncRNA
GENE00515,G515,871.83,0.2661,0.1761,0.1307697882378298,0.2743422130863562,NS,protein_coding
GENE00516,G516,425.46,-1.2593,0.2803,7.0330310777148274e-06,6.251583180190957e-05,Down,protein_coding
GENE00517,G517,313.96,1.2899,0.4254,0.002427742797275331,0.012500709909800341,Up,protein_coding
GENE00518,G518,280.17,0.5536,0.342,0.10550893154439231,0.24070478679329044,NS,protein_coding
GENE00519,G519,78.29,0.4064,0.3614,0.26079428337571275,0.44077907049416243,NS,protein_coding
GENE00520,G520,784.11,-0.5132,0.3396,0.1307401424785451,0.2743422130863562,NS,protein_coding
GENE00521,G521,28.76,-0.7579,0.1704,8.676638048295559e-06,7.38437280706005e-05,NS,protein_coding
GENE00522,G522,62.24,-1.7091,0.4279,6.492469337664266e-05,0.0004779732027728294,Down,protein_coding
GENE00523,G523,2460.13,-0.1371,0.1584,0.38674779109037116,0.5709540058380209,NS,protein_coding
GENE00524,G524,74.27,-0.0324,0.2569,0.8996376386878117,0.9528377461830309,NS,lncRNA
GENE00525,G525,793.46,-0.7109,0.2961,0.016355784809691826,0.05893976507997054,NS,protein_coding
GENE00526,G526,1542.11,0.4449,0.2465,0.07109531620459288,0.18268603735655556,NS,protein_coding
GENE00527,G527,813.18,0.9147,0.4092,0.025395216751606078,0.08227891910434772,NS,pseudogene
GENE00528,G528,40.31,2.1777,0.3883,2.0433241667699958e-08,2.527823711468036e-07,Up,protein_coding
GENE00529,G529,613.47,-0.1217,0.4343,0.7793079213556691,0.8731393118559336,NS,lncRNA
GENE00530,G530,39.77,-0.3786,0.4651,0.41563435823215344,0.5991399605346108,NS,protein_coding
GENE00531,G531,554.69,0.3765,0.3703,0.3092756179800926,0.49528432659170557,NS,protein_coding
GENE00532,G532,14.65,-0.2004,0.2495,0.4218554395618046,0.604162673955835,NS,protein_coding
GENE00533,G533,92.77,-0.8022,0.1559,2.666583515247393e-07,2.7585346709455786e-06,NS,protein_coding
GENE00534,G534,73.98,-0.4987,0.2089,0.016974175443737503,0.06044216775218102,NS,protein_coding
GENE00535,G535,501.42,-1.202,0.3221,0.0001901463740298727,0.0012818856676171193,Down,protein_coding
GENE00536,G536,1446.37,-0.1166,0.2985,0.6960783134174011,0.8189156628440013,NS,protein_coding
GENE00537,G537,262.49,3.4967,0.4179,5.894708901319824e-17,1.3603174387661131e-15,Up,protein_coding
GENE00538,G538,630.01,-0.5391,0.4126,0.19135119910815024,0.35878349832778167,NS,protein_coding
GENE00539,G539,1515.66,-0.1196,0.4158,0.7736236335715032,0.8721147525027516,NS,protein_coding
GENE00540,G540,125.96,0.6128,0.1513,5.116702623518362e-05,0.00038616623573723487,NS,protein_coding
GENE00541,G541,292.32,0.7618,0.3987,0.056041883833186416,0.15284150136323568,NS,protein_coding
GENE00542,G542,18.37,0.0868,0.4835,0.8575260370836606,0.9245563742141892,NS,protein_coding
GENE00543,G543,577.58,-3.8131,0.2924,7.179703240581557e-39,3.7459321255208124e-37,Down,lncRNA
GENE00544,G544,133.62,0.8303,0.4796,0.083409973002731,0.20552765421617494,NS,protein_coding
GENE00545,G545,183.97,3.4303,0.1631,3.350883579874967e-98,6.701767159749934e-96,Up,protein_coding
GENE00546,G546,477.49,-0.1079,0.2991,0.7182871557765533,0.8360277273829912,NS,protein_coding
GENE00547,G547,21.22,-0.4634,0.2861,0.1052938591736385,0.24067167811117368,NS,protein_coding
GENE00548,G548,408.8,-0.5218,0.3253,0.10870131423304086,0.24573192471445385,NS,protein_coding
GENE00549,G549,1636.13,-0.4318,0.2849,0.12961558943244908,0.2733544944093829,NS,protein_coding
GENE00550,G550,304.34,-0.2183,0.1799,0.22495708697013894,0.4041145274912676,NS,protein_coding
GENE00551,G551,101.3,0.5289,0.4156,0.2031536629492311,0.3767919560109387,NS,lncRNA
GENE00552,G552,143.47,0.3155,0.2265,0.16363915026726228,0.32191308249297496,NS,protein_coding
GENE00553,G553,922.07,0.6723,0.3574,0.05996027302264434,0.1616906238812881,NS,protein_coding
GENE00554,G554,49.18,0.4072,0.2082,0.0504873378010283,0.14124434255607718,NS,protein_coding
GENE00555,G555,50.68,0.782,0.4288,0.06819834193514701,0.17713855048090132,NS,protein_coding
GENE00556,G556,23.93,0.2573,0.3376,0.4459737364473755,0.6237394915347909,NS,protein_coding
GENE00557,G557,1161.3,0.0321,0.294,0.9130568095703706,0.9577518981507384,NS,protein_coding
GENE00558,G558,37.91,0.4278,0.1656,0.009785073204469958,0.03888108558067533,NS,lncRNA
GENE00559,G559,33.45,1.2976,0.2159,1.8530613512339936e-09,2.6160866135068144e-08,Up,protein_coding
GENE00560,G560,19.23,0.6152,0.2678,0.02160526809692832,0.07298102348510505,NS,protein_coding
GENE00561,G561,156.47,0.2087,0.2656,0.43200337466264804,0.6109295203072458,NS,protein_coding
GENE00562,G562,811.04,0.6996,0.2752,0.011017251425218078,0.04278544242803137,NS,lncRNA
GENE00563,G563,630.92,0.1362,0.4494,0.7618359361963838,0.8649036172522806,NS,protein_coding
GENE00564,G564,148.43,-0.1555,0.2073,0.45318207479399164,0.6280665654786186,NS,protein_coding
GENE00565,G565,27.42,-0.7851,0.3427,0.021967751364247428,0.07384118105629388,NS,protein_coding
GENE00566,G566,367.07,0.7498,0.418,0.07284830568445576,0.18599567408797216,NS,lncRNA
GENE00567,G567,736.53,0.433,0.1652,0.008765545098418063,0.03577773509558393,NS,lncRNA
GENE00568,G568,635.83,-0.2865,0.3794,0.4501651682628468,0.6277223184857271,NS,protein_coding
GENE00569,G569,27.7,-0.3992,0.334,0.23200515620066342,0.40899081752255456,NS,protein_coding
GENE00570,G570,17.17,0.9911,0.4382,0.023712691391451973,0.07904230463817324,NS,protein_coding
GENE00571,G571,48.58,-0.1456,0.222,0.511916873665195,0.6783369590036331,NS,protein_coding
GENE00572,G572,184.23,-0.5835,0.2939,0.047103413091002154,0.13394335476114355,NS,protein_coding
GENE00573,G573,275.37,-1.0439,0.4701,0.026378651295798097,0.08418718498658967,NS,protein_coding
GENE00574,G574,468.16,-0.0183,0.4489,0.9674821916345058,0.9855506196616358,NS,protein_coding
GENE00575,G575,128.83,-0.0266,0.1512,0.8603521370578406,0.9259395197035056,NS,pseudogene
GENE00576,G576,27.12,0.6649,0.3112,0.03263313462269266,0.09989735088579385,NS,protein_coding
GENE00577,G577,226.79,0.2512,0.4813,0.6017261713608217,0.7474859271563002,NS,protein_coding
GENE00578,G578,48.04,-0.0083,0.3954,0.9832525150837902,0.9931843586704951,NS,protein_coding
GENE00579,G579,27.11,-1.0472,0.283,0.0002152994650470166,0.0014273997682675134,Down,protein_coding
GENE00580,G580,13.42,0.0591,0.2288,0.7961721483368722,0.8838173709567498,NS,protein_coding
GENE00581,G581,44.45,-0.357,0.3748,0.34083940849968264,0.5272646537309803,NS,protein_coding
GENE00582,G582,94.37,-0.0877,0.323,0.7859934050862811,0.8765725707281946,NS,protein_coding
GENE00583,G583,9.36,-0.7451,0.3984,0.0614517571883668,0.16423632210699365,NS,protein_coding
GENE00584,G584,89.52,0.592,0.3726,0.1120976012648398,0.2500318243825423,NS,protein_coding
GENE00585,G585,10.66,-0.6627,0.2653,0.0124921959675965,0.04753227136287823,NS,protein_coding
GENE00586,G586,324.66,0.3101,0.2368,0.19035017096076912,0.3574651097854819,NS,protein_coding
GENE00587,G587,103.07,-0.5268,0.2029,0.009421924415970891,0.03794063523209755,NS,protein_coding
GENE00588,G588,293.42,1.0571,0.4032,0.008747295558865666,0.03577773509558393,Up,lncRNA
GENE00589,G589,131.25,0.6005,0.4702,0.2015612542733103,0.37499768236894937,NS,protein_coding
GENE00590,G590,868.69,-0.5851,0.1829,0.0013789758457318376,0.007590692728799106,NS,lncRNA
GENE00591,G591,404.93,-0.5345,0.444,0.22865574461214988,0.40649910153271096,NS,protein_coding
GENE00592,G592,534.9,-0.4355,0.4805,0.36475192247675925,0.5519575119446546,NS,protein_coding
GENE00593,G593,28.48,-0.6524,0.1903,0.0006074384272844809,0.0035557371353237906,NS,lncRNA
GENE00594,G594,2059.37,0.762,0.3879,0.0494809626561055,0.13905656952535503,NS,protein_coding
GENE00595,G595,61.76,0.3455,0.1569,0.02766251730401517,0.08758580676733035,NS,protein_coding
GENE00596,G596,10.34,0.7352,0.2857,0.010072550470427077,0.03968694851625938,NS,protein_coding
GENE00597,G597,83.03,0.1896,0.3989,0.6345681031071204,0.7762300955438781,NS,protein_coding
GENE00598,G598,154.82,-0.7325,0.2786,0.008558160090279985,0.03517052091895884,NS,protein_coding
GENE00599,G599,6.68,-0.4583,0.2502,0.06699096925722459,0.1751397889077767,NS,protein_coding
GENE00600,G600,61.09,0.7123,0.3829,0.06284636925525841,0.16684876793431438,NS,pseudogene
GENE00601,G601,2158.92,0.4046,0.1847,0.028482249171156538,0.08923942299056879,NS,protein_coding
GENE00602,G602,136.66,0.3837,0.4816,0.42561409039487486,0.6065759008002967,NS,protein_coding
GENE00603,G603,333.77,-0.1936,0.3913,0.6207687995028044,0.765593586231619,NS,protein_coding
GENE00604,G604,507.93,0.0178,0.1577,0.9101316048610049,0.9571936247442645,NS,pseudogene
GENE00605,G605,321.65,0.6397,0.2756,0.020280499816204004,0.06973237759153239,NS,protein_coding
GENE00606,G606,110.26,-0.6789,0.2195,0.001981852037674732,0.010523108164644595,NS,protein_coding
GENE00607,G607,216.36,0.0972,0.3152,0.7577965200048327,0.8615191176999036,NS,lncRNA
GENE00608,G608,1161.42,3.5646,0.1537,5.492133911260566e-119,2.1968535645042268e-116,Up,protein_coding
GENE00609,G609,250.52,0.7739,0.4526,0.0872846688489371,0.21159434094496077,NS,protein_coding
GENE00610,G610,43.43,1.5277,0.1878,4.1289907612987466e-16,9.175535025108326e-15,Up,pseudogene
GENE00611,G611,71.34,0.5304,0.322,0.09951592283727198,0.23009461927692942,NS,pseudogene
GENE00612,G612,138.65,0.5063,0.3156,0.10865986508515145,0.24573192471445385,NS,lncRNA
GENE00613,G613,28.35,0.0041,0.4382,0.992534735350395,0.9976167724007221,NS,protein_coding
GENE00614,G614,635.08,0.8415,0.237,0.0003843060334680993,0.0023894675656047624,NS,protein_coding
GENE00615,G615,338.45,0.8872,0.1685,1.3997440565419112e-07,1.5132368178831473e-06,NS,protein_coding
GENE00616,G616,28.54,-0.3436,0.1974,0.08174877718183662,0.202265015707637,NS,protein_coding
GENE00617,G617,275.71,-1.6272,0.208,5.154758376027625e-15,1.0852122896900264e-13,Down,protein_coding
GENE00618,G618,888.47,1.0487,0.159,4.235466202587164e-11,6.868323571762969e-10,Up,protein_coding
GENE00619,G619,7665.34,0.7692,0.1591,1.3334982394948367e-06,1.250535011748949e-05,NS,protein_coding
GENE00620,G620,126.84,-0.5465,0.3813,0.15178507546642328,0.30407694584258416,NS,lncRNA
GENE00621,G621,235.92,0.0188,0.2366,0.9366675397027177,0.9720522077938181,NS,protein_coding
GENE00622,G622,173.95,0.6641,0.1751,0.00014902421289616634,0.0010457839501485358,NS,protein_coding
GENE00623,G623,289.83,2.6046,0.173,3.17730037160349e-51,2.11820024773566e-49,Up,lncRNA
GENE00624,G624,31.09,-1.9544,0.2349,8.786226917051393e-17,1.989334396313523e-15,Down,protein_coding
GENE00625,G625,27.8,0.5353,0.4061,0.1874540287465163,0.354802578069116,NS,protein_coding
GENE00626,G626,140.33,-0.3521,0.4447,0.4284949539164735,0.6085135440233944,NS,lncRNA
GENE00627,G627,100.41,-0.0122,0.4977,0.9804436068105905,0.9930818164372034,NS,protein_coding
GENE00628,G628,829.16,-0.4693,0.2764,0.08952633677421656,0.21443433957896182,NS,pseudogene
GENE00629,G629,32.84,-0.2182,0.3585,0.5427583507868713,0.7060978726921135,NS,protein_coding
GENE00630,G630,1179.46,-0.3055,0.3617,0.3983215780277971,0.5821996268372186,NS,protein_coding
GENE00631,G631,1894.64,-0.1005,0.211,0.6338583022326754,0.7761530231420514,NS,lncRNA
GENE00632,G632,17.88,0.0856,0.3164,0.7867420670096119,0.8765928323226874,NS,protein_coding
GENE00633,G633,229.93,-0.0566,0.3605,0.8752415688598117,0.9335910067837992,NS,protein_coding
GENE00634,G634,1352.26,-0.7216,0.4186,0.08473648286397602,0.20726436432356563,NS,protein_coding
GENE00635,G635,231.49,-0.0785,0.2934,0.7890435445292477,0.8783416080102944,NS,protein_coding
GENE00636,G636,33.37,0.4694,0.4474,0.2940985031068296,0.48142455022040986,NS,protein_coding
GENE00637,G637,9.6,1.4356,0.3479,3.6836903079431464e-05,0.0002870408032163491,Up,protein_coding
GENE00638,G638,2444.07,0.1983,0.2988,0.5069113911630196,0.6736364002166375,NS,protein_coding
GENE00639,G639,63.64,-0.4296,0.3639,0.23778387933368839,0.41587486537615836,NS,protein_coding
GENE00640,G640,706.59,-0.8487,0.3124,0.006593448204454919,0.028982189909691952,NS,protein_coding
GENE00641,G641,173.59,1.1733,0.2857,4.012558541215037e-05,0.00030806593859860574,Up,protein_coding
GENE00642,G642,893.9,0.324,0.1859,0.08135588651542514,0.20170880954237638,NS,protein_coding
GENE00643,G643,1337.42,-2.8619,0.3396,3.53830754246402e-17,8.325429511680047e-16,Down,lncRNA
GENE00644,G644,6.9,-0.4792,0.4618,0.299419688460401,0.4868612820494326,NS,protein_coding
GENE00645,G645,83.89,-0.2786,0.3392,0.41145015831385745,0.5948676987670228,NS,protein_coding
GENE00646,G646,28.88,0.5132,0.3344,0.12486024029666529,0.26630245790249946,NS,protein_coding
GENE00647,G647,324.36,-0.1676,0.4783,0.7260327530728958,0.842591202792529,NS,lncRNA
GENE00648,G648,30.73,-0.2756,0.2486,0.2675992365758296,0.4497466160938313,NS,protein_coding
GENE00649,G649,5.83,-0.5854,0.3204,0.06768606776674527,0.1765723506958572,NS,protein_coding
GENE00650,G650,295.94,-0.3402,0.475,0.4738613643204437,0.644709339211488,NS,protein_coding
GENE00651,G651,20478.1,-0.3442,0.2191,0.11618911587817056,0.2553606942377375,NS,lncRNA
GENE00652,G652,1161.11,0.5117,0.3475,0.14088105380438656,0.28948161740627376,NS,lncRNA
GENE00653,G653,74.75,-0.38,0.3812,0.3188363310332659,0.5039804321802065,NS,protein_coding
GENE00654,G654,1741.94,0.8181,0.3421,0.016783980241819048,0.06012172026920255,NS,pseudogene
GENE00655,G655,64.89,0.1501,0.3185,0.6374468041031298,0.7773741513452802,NS,protein_coding
GENE00656,G656,785.93,0.0176,0.2551,0.9449955480644164,0.972483302908345,NS,protein_coding
GENE00657,G657,6.48,-0.1322,0.3821,0.7293556958602834,0.843260215302014,NS,protein_coding
GENE00658,G658,404.49,0.6685,0.3193,0.03629185265530093,0.10860404784628708,NS,protein_coding
GENE00659,G659,15.72,0.7092,0.2503,0.00460557269220497,0.021931298534309383,NS,protein_coding
GENE00660,G660,74.57,0.4599,0.3426,0.17947223721956307,0.3445866954615611,NS,protein_coding
GENE00661,G661,162.7,-0.2186,0.3838,0.568971088265113,0.7232683325403979,NS,protein_coding
GENE00662,G662,160.79,-5.0173,0.4661,5.06751275857037e-27,2.096901831132567e-25,Down,protein_coding
GENE00663,G663,2.25,0.0228,0.1955,0.9071579858247142,0.9565813558784332,NS,lncRNA
GENE00664,G664,549.56,0.0164,0.2163,0.9395618113465621,0.9720522077938181,NS,protein_coding
GENE00665,G665,127.26,0.0834,0.3852,0.8285895270097369,0.9025713129913214,NS,protein_coding
GENE00666,G666,1144.46,-0.3529,0.4967,0.4774008079651654,0.647323129444292,NS,protein_coding
GENE00667,G667,3736.56,-0.3226,0.3704,0.38378127745052637,0.5680436064397276,NS,protein_coding
GENE00668,G668,16.07,-0.2229,0.205,0.27689670578209236,0.4614945096368206,NS,protein_coding
GENE00669,G669,1.49,-0.6944,0.2486,0.005218261184109945,0.02371936901868157,NS,protein_coding
GENE00670,G670,29.22,0.0864,0.4738,0.8553038055189359,0.922989718185902,NS,protein_coding
GENE00671,G671,264.74,0.7015,0.359,0.05069660545992227,0.14147889895792262,NS,protein_coding
GENE00672,G672,46.58,0.7571,0.1754,1.5858039497062128e-05,0.00012945338364948677,NS,lncRNA
GENE00673,G673,18.34,-0.2009,0.4358,0.644804860990316,0.7826879956301678,NS,protein_coding
GENE00674,G674,302.22,0.0162,0.4296,0.9699193037080331,0.9871952200590668,NS,protein_coding
GENE00675,G675,1169.39,0.0904,0.2806,0.7473263454911838,0.8551977880672909,NS,protein_coding
GENE00676,G676,1113.34,0.1771,0.2709,0.5132749656460823,0.6783369590036331,NS,protein_coding
GENE00677,G677,9.68,0.1951,0.4564,0.669032736227255,0.7993197933566596,NS,protein_coding
GENE00678,G678,1361.74,0.01,0.4037,0.9802377267313993,0.9930818164372034,NS,protein_coding
GENE00679,G679,211.17,0.8284,0.4324,0.05538817836798166,0.1522990370283224,NS,protein_coding
GENE00680,G680,121.82,-0.1111,0.4962,0.8228338298177377,0.900455665029477,NS,protein_coding
GENE00681,G681,13.06,-0.8278,0.3451,0.016452265021925767,0.05910993421051174,NS,protein_coding
GENE00682,G682,203.02,-0.3691,0.4116,0.3698553161518999,0.5568712413830363,NS,protein_coding
GENE00683,G683,19.35,-0.1573,0.4198,0.7078819267843021,0.8285697080934903,NS,protein_coding
GENE00684,G684,170.76,-0.0022,0.4863,0.9963904173426974,0.9990098089007405,NS,protein_coding
GENE00685,G685,497.58,0.3431,0.1834,0.06137637625563359,0.16423632210699365,NS,protein_coding
GENE00686,G686,271.29,-0.845,0.3134,0.0070128205467944555,0.030271167827889734,NS,protein_coding
GENE00687,G687,277.2,-1.1395,0.3857,0.0031330946281710966,0.015541852959670721,Down,lncRNA
GENE00688,G688,15.58,0.3254,0.24,0.17515220291220657,0.3389410445122295,NS,protein_coding
GENE00689,G689,117.01,-1.9447,0.4573,2.11331665418982e-05,0.0001713499989883638,Down,protein_coding
GENE00690,G690,1081.34,0.9241,0.2618,0.00041588376189228887,0.0025462271136262584,NS,protein_coding
GENE00691,G691,347.37,-0.3704,0.3993,0.3536029859035513,0.5426132776013576,NS,protein_coding
GENE00692,G692,11.52,0.2119,0.2752,0.44130851467409893,0.6201056412282421,NS,protein_coding
GENE00693,G693,80.16,-0.0756,0.1563,0.6286092835504624,0.7705118899494943,NS,protein_coding
GENE00694,G694,1343.6,0.4088,0.4635,0.377784974357094,0.5645603601849475,NS,protein_coding
GENE00695,G695,408.01,-1.2405,0.4158,0.002850600641285866,0.014312639203108952,Down,protein_coding
GENE00696,G696,193.61,0.3489,0.2789,0.21093957925028428,0.388232354448376,NS,protein_coding
GENE00697,G697,133.04,0.5379,0.3672,0.14295658531216077,0.2932442775634067,NS,protein_coding
GENE00698,G698,78.07,-1.1175,0.2789,6.154368668252496e-05,0.0004587107081927327,Down,pseudogene
GENE00699,G699,24.11,-0.7322,0.2706,0.00681320940801967,0.02972173179405489,NS,protein_coding
GENE00700,G700,553.83,2.1826,0.4861,7.1215607441546e-06,6.283730068371706e-05,Up,protein_coding
GENE00701,G701,125.34,0.2933,0.1753,0.09430135767659599,0.22363958342275728,NS,protein_coding
GENE00702,G702,102.19,0.2751,0.1529,0.07198465016949339,0.18457602607562407,NS,protein_coding
GENE00703,G703,147.95,-0.1786,0.1797,0.3202819317929654,0.5050437820651228,NS,protein_coding
GENE00704,G704,271.68,-0.4005,0.2326,0.08509849392196733,0.2075573022487008,NS,protein_coding
GENE00705,G705,733.22,1.0191,0.272,0.00017918245617455368,0.0012233206293124211,Up,lncRNA
GENE00706,G706,22.76,0.2248,0.4593,0.62452990249726,0.7670786929341986,NS,protein_coding
GENE00707,G707,474.7,0.7148,0.3982,0.07264129723421615,0.18586259420268528,NS,protein_coding
GENE00708,G708,47.23,1.6632,0.3779,1.0767153859785139e-05,8.972628216487616e-05,Up,lncRNA
GENE00709,G709,304.52,-0.0312,0.361,0.9311273080214194,0.9695502948775457,NS,protein_coding
GENE00710,G710,20.67,-0.4983,0.47,0.2890478146546962,0.4771078096088521,NS,protein_coding
GENE00711,G711,96.71,-0.4873,0.2308,0.034742083041590266,0.10501385302243908,NS,pseudogene
GENE00712,G712,828.01,-0.2486,0.1865,0.18253972214149972,0.3471436871153719,NS,protein_coding
GENE00713,G713,81.9,1.3783,0.1524,1.5109207360429553e-19,4.532762208128866e-18,Up,protein_coding
GENE00714,G714,178.29,-0.6599,0.2171,0.00236882256037473,0.01230557174220639,NS,lncRNA
GENE00715,G715,279.21,0.0013,0.4235,0.9975507714283827,0.9992161316477958,NS,protein_coding
GENE00716,G716,66.8,1.1812,0.3418,0.0005486172408159148,0.0032917034448954885,Up,protein_coding
GENE00717,G717,913.32,0.3588,0.3953,0.3640552069491356,0.5515987984077813,NS,protein_coding
GENE00718,G718,19.95,1.0209,0.4525,0.02406232824599338,0.07954488676361447,NS,lncRNA
GENE00719,G719,85.71,0.2792,0.1523,0.06676928100862278,0.1749413476208457,NS,protein_coding
GENE00720,G720,11.0,0.0933,0.167,0.5763783327202747,0.7289942191891539,NS,protein_coding
GENE00721,G721,37.4,-0.0754,0.2905,0.7952089836019137,0.8835655373354597,NS,protein_coding
GENE00722,G722,230.85,-0.872,0.3529,0.01347527950431949,0.05037487665166164,NS,pseudogene
GENE00723,G723,90.83,0.1246,0.1749,0.4762127265418423,0.6466218479647792,NS,protein_coding
GENE00724,G724,227.57,0.7662,0.3736,0.04028092040283267,0.11756994636271907,NS,protein_coding
GENE00725,G725,115.07,-0.8301,0.4111,0.043464697622037585,0.12450521668532472,NS,protein_coding
GENE00726,G726,148.77,-0.0979,0.4765,0.8372155175266113,0.9090469246379799,NS,protein_coding
GENE00727,G727,47.22,-0.1256,0.2558,0.6234203646439449,0.7665004483327191,NS,protein_coding
GENE00728,G728,62.03,-1.1993,0.3725,0.0012837078112531168,0.007098845039187743,Down,protein_coding
GENE00729,G729,4.0,-0.5795,0.4684,0.21601639150173146,0.39455048676115334,NS,protein_coding
GENE00730,G730,96.96,-0.2697,0.27,0.31784851931329583,0.503190268042157,NS,protein_coding
GENE00731,G731,45.85,-0.4876,0.2626,0.06333727240085313,0.16778085404199505,NS,protein_coding
GENE00732,G732,46.43,-0.0945,0.4908,0.8473170554470846,0.9176719012062288,NS,protein_coding
GENE00733,G733,19.19,0.5807,0.3689,0.11545524098865953,0.25514970384234154,NS,protein_coding
GENE00734,G734,66.15,1.6,0.3981,5.842318371332111e-05,0.00043817387784990836,Up,protein_coding
GENE00735,G735,718.03,-0.4783,0.4312,0.26733094985461714,0.4497466160938313,NS,protein_coding
GENE00736,G736,27.64,2.2186,0.4222,1.481407205784769e-07,1.5731757937537371e-06,Up,pseudogene
GENE00737,G737,97.76,0.397,0.183,0.030052411879632906,0.09318577327017954,NS,protein_coding
GENE00738,G738,1.55,-0.2937,0.4774,0.5384177790679269,0.7030482425261286,NS,lncRNA
GENE00739,G739,980.49,-0.3806,0.2223,0.08687810047649747,0.21103992018582382,NS,protein_coding
GENE00740,G740,131.32,1.0495,0.3043,0.0005628769613186943,0.003343823532586303,Up,protein_coding
GENE00741,G741,1220.76,-0.3178,0.4,0.4269044089573375,0.6076931088360676,NS,lncRNA
GENE00742,G742,12.11,0.1341,0.1844,0.467089097026112,0.6391184907996972,NS,protein_coding
GENE00743,G743,71.18,0.5317,0.1801,0.003154686826938981,0.015578700379945586,NS,lncRNA
GENE00744,G744,1024.42,-0.3799,0.367,0.30059892869747884,0.48745772221212785,NS,protein_coding
GENE00745,G745,64.0,-1.05,0.3723,0.004797784345324177,0.022430240922887854,Down,protein_coding
GENE00746,G746,603.44,-0.2194,0.4863,0.6518729145709701,0.7869693133653562,NS,protein_coding
GENE00747,G747,19.11,0.7737,0.2273,0.0006643799162222533,0.0038701742692558443,NS,protein_coding
GENE00748,G748,97.13,0.7997,0.3901,0.04036568158453355,0.11756994636271907,NS,protein_coding
GENE00749,G749,68.25,-0.3563,0.3425,0.29820427337053934,0.48554291457889714,NS,protein_coding
GENE00750,G750,774.7,0.0935,0.2275,0.6810805925471428,0.8092046644124469,NS,protein_coding
GENE00751,G751,77.79,-0.6053,0.3473,0.0813556970866019,0.20170880954237638,NS,protein_coding
GENE00752,G752,149.17,-0.7589,0.364,0.03707927662681206,0.11068440784123004,NS,protein_coding
GENE00753,G753,441.12,0.3698,0.2817,0.18926920755457743,0.3563238250765464,NS,protein_coding
GENE00754,G754,442.22,0.3584,0.3527,0.30955270411981595,0.49528432659170557,NS,protein_coding
GENE00755,G755,52.89,-0.7697,0.496,0.12070661157917746,0.2602267015498825,NS,protein_coding
GENE00756,G756,70.19,0.7293,0.2008,0.0002812635240324549,0.0018244120477780856,NS,protein_coding
GENE00757,G757,44.63,0.1838,0.2622,0.48330825151551404,0.6538555826590946,NS,protein_coding
GENE00758,G758,15.9,-0.2559,0.4449,0.5651658921995317,0.7214000292683375,NS,protein_coding
GENE00759,G759,273.81,0.2453,0.2307,0.2876524297105876,0.4758225777547886,NS,protein_coding
GENE00760,G760,212.91,0.2092,0.3947,0.5960961213616355,0.743619169178518,NS,protein_coding
GENE00761,G761,98.45,-0.5,0.2062,0.015315545671842689,0.05603248416527813,NS,protein_coding
GENE00762,G762,37.5,-0.4751,0.3499,0.17452191192255118,0.3388774988787402,NS,protein_coding
GENE00763,G763,83.27,0.5594,0.2488,0.024551186835282606,0.08071623069134008,NS,lncRNA
GENE00764,G764,1603.39,0.2977,0.4484,0.5067439815120734,0.6736364002166375,NS,lncRNA
GENE00765,G765,796.72,3.7559,0.2202,3.113170069766814e-65,3.113170069766814e-63,Up,lncRNA
GENE00766,G766,1672.43,1.026,0.2734,0.00017490998454647148,0.0012062757554929067,Up,protein_coding
GENE00767,G767,2526.97,-3.2456,0.2186,7.252528092743732e-50,4.5805440585749885e-48,Down,protein_coding
GENE00768,G768,127.81,-0.4904,0.4095,0.2310891361033678,0.40840495334910365,NS,protein_coding
GENE00769,G769,581.7,1.0418,0.1627,1.5215758832889849e-10,2.311254506261749e-09,Up,protein_coding
GENE00770,G770,96.55,0.4111,0.4419,0.3522152741536724,0.5418696525441113,NS,protein_coding
GENE00771,G771,8.65,1.1917,0.4466,0.007621724185379803,0.032162695501943464,Up,lncRNA
GENE00772,G772,5.69,0.2025,0.3247,0.5328557568917249,0.6988272221530819,NS,protein_coding
GENE00773,G773,78.2,0.03,0.4323,0.9446742117203195,0.972483302908345,NS,protein_coding
GENE00774,G774,265.32,0.2519,0.4736,0.5948067232875835,0.743619169178518,NS,protein_coding
GENE00775,G775,179.14,1.2256,0.3979,0.002068818500094581,0.010884591351163521,Up,protein_coding
GENE00776,G776,632.89,-0.3516,0.1546,0.022950590293766573,0.0769293529399997,NS,protein_coding
GENE00777,G777,57.53,-1.7185,0.3711,3.6420761602385657e-06,3.286083753598706e-05,Down,protein_coding
GENE00778,G778,52.0,0.4772,0.3132,0.12760189567242336,0.26978640287390176,NS,protein_coding
GENE00779,G779,97.92,-1.002,0.3437,0.003553090474875393,0.01733214865792875,Down,protein_coding
GENE00780,G780,868.88,-5.0516,0.3162,1.8792468615440517e-57,1.4094351461580388e-55,Down,protein_coding
GENE00781,G781,73.96,0.2236,0.4284,0.601710637512078,0.7474859271563002,NS,lncRNA
GENE00782,G782,1377.58,-0.0564,0.421,0.8934288703250118,0.9470977423940056,NS,protein_coding
GENE00783,G783,163.38,0.1711,0.3822,0.6543903823933624,0.7892145315296833,NS,protein_coding
GENE00784,G784,125.28,0.3521,0.4006,0.3794383623389256,0.5663259139386949,NS,protein_coding
GENE00785,G785,18.54,-0.8006,0.296,0.006835998312632624,0.02972173179405489,NS,lncRNA
GENE00786,G786,367.79,0.3535,0.4783,0.45986091385913763,0.6335626826991564,NS,protein_coding
GENE00787,G787,863.58,-0.8479,0.2373,0.000352760821638423,0.0022225067293705734,NS,lncRNA
GENE00788,G788,163.07,0.2519,0.3904,0.518774483124425,0.6840982195047363,NS,lncRNA
GENE00789,G789,260.18,0.8413,0.2977,0.0047133362902246085,0.022355745250077195,NS,lncRNA
GENE00790,G790,274.02,-0.22,0.3871,0.5698118643502066,0.7235706213970877,NS,protein_coding
GENE00791,G791,348.6,0.6107,0.2276,0.007291784106959357,0.031139291559968786,NS,protein_coding
GENE00792,G792,2404.89,-0.7441,0.4477,0.096502653340112,0.22617809376588752,NS,lncRNA
GENE00793,G793,2817.62,2.7374,0.4654,4.057743831945197e-09,5.471115279027232e-08,Up,protein_coding
GENE00794,G794,63.55,-0.6691,0.2988,0.025137020911039372,0.08208062614111115,NS,lncRNA
GENE00795,G795,869.7,-0.8724,0.4155,0.035760610274889956,0.10728183082466987,NS,protein_coding
GENE00796,G796,27.29,0.9049,0.3708,0.014671042212652603,0.0540038363655924,NS,protein_coding
GENE00797,G797,38.64,0.7987,0.3478,0.02165103696724783,0.07298102348510505,NS,protein_coding
GENE00798,G798,23.81,-0.1321,0.3519,0.7073698936034221,0.8285697080934903,NS,lncRNA
GENE00799,G799,18.88,0.3179,0.2087,0.1276988973603135,0.26978640287390176,NS,protein_coding
GENE00800,G800,63.66,-2.9291,0.318,3.230817155765909e-20,1.0202580491892345e-18,Down,lncRNA
GENE00801,G801,27.13,-0.3091,0.2744,0.25997182455615786,0.4400087298552742,NS,lncRNA
GENE00802,G802,94.18,-0.0317,0.2635,0.9042426482301503,0.9543458028814251,NS,protein_coding
GENE00803,G803,652.92,0.1032,0.3541,0.770712459106417,0.8721147525027516,NS,protein_coding
GENE00804,G804,140.09,-0.7396,0.3363,0.02786179387642228,0.08798461224133353,NS,lncRNA
GENE00805,G805,847.21,-3.5032,0.3757,1.1154910494962204e-20,3.6178088091769306e-19,Down,lncRNA
GENE00806,G806,2490.24,0.6881,0.2451,0.004993922337251433,0.022872926735502747,NS,pseudogene
GENE00807,G807,25.49,-0.6921,0.3618,0.05575633280599497,0.15240911017584047,NS,lncRNA
GENE00808,G808,80.5,0.8577,0.1552,3.268357929909727e-08,3.8831975404868045e-07,NS,pseudogene
GENE00809,G809,201.42,0.2141,0.4648,0.6450653563985299,0.7826879956301678,NS,lncRNA
GENE00810,G810,441.51,-0.1098,0.2365,0.642453875597143,0.7818911264873951,NS,protein_coding
GENE00811,G811,370.15,-1.2996,0.1814,7.819766728527557e-13,1.3799588344460396e-11,Down,protein_coding
GENE00812,G812,413.27,0.3061,0.4722,0.516828266149119,0.6822815394707842,NS,protein_coding
GENE00813,G813,85.68,-0.307,0.2665,0.24933340901650436,0.4274287011711503,NS,protein_coding
GENE00814,G814,63.46,-1.5605,0.4609,0.0007097962803938269,0.0041147610457613155,Down,protein_coding
GENE00815,G815,28.68,3.4166,0.2469,1.5034995769897623e-43,8.591426154227214e-42,Up,protein_coding
GENE00816,G816,85.07,0.1839,0.4567,0.6871900220043724,0.8148498284636826,NS,protein_coding
GENE00817,G817,1408.28,0.3856,0.3667,0.2930102951809259,0.48100185255418754,NS,protein_coding
GENE00818,G818,160.97,-0.9001,0.179,4.9435311326146e-07,4.9026755034194374e-06,NS,lncRNA
GENE00819,G819,80.6,-0.4929,0.34,0.14714055468999032,0.29926892479320066,NS,lncRNA
GENE00820,G820,49.56,0.0004,0.4861,0.9993434400569773,0.9993434400569773,NS,protein_coding
GENE00821,G821,147.81,0.0112,0.4665,0.9808457692248002,0.9930818164372034,NS,protein_coding
GENE00822,G822,133.53,-0.2535,0.2613,0.33197210119830634,0.5175740441762264,NS,pseudogene
GENE00823,G823,311.19,-2.5832,0.3542,3.0300483477597245e-13,5.681340652049484e-12,Down,protein_coding
GENE00824,G824,121.45,-3.6768,0.2129,7.903298279944002e-67,8.621779941757092e-65,Down,protein_coding
GENE00825,G825,105.34,0.2897,0.1772,0.10207507675353518,0.23465534885870154,NS,protein_coding
GENE00826,G826,214.42,0.2438,0.2005,0.22400012188946727,0.40381952775848456,NS,protein_coding
GENE00827,G827,187.73,0.6512,0.2173,0.0027284875245162446,0.013815126706411366,NS,protein_coding
GENE00828,G828,50.18,-0.5843,0.2863,0.04126412584082864,0.11960616185747432,NS,protein_coding
GENE00829,G829,26.14,0.373,0.3126,0.23278394030658733,0.40899081752255456,NS,protein_coding
GENE00830,G830,13.5,3.8953,0.397,1.0012712100073171e-22,3.533898388261119e-21,Up,protein_coding
GENE00831,G831,77.93,0.2176,0.37,0.5564597311714099,0.7172413291145993,NS,protein_coding
GENE00832,G832,2569.02,0.0569,0.4721,0.9040670293735649,0.9543458028814251,NS,protein_coding
GENE00833,G833,116.42,0.7368,0.2658,0.005571149117741387,0.024945443810782328,NS,protein_coding
GENE00834,G834,491.46,0.1408,0.3523,0.689407413325886,0.8161340870580934,NS,lncRNA
GENE00835,G835,396.26,-0.1633,0.3932,0.6779147805859717,0.8070414054594901,NS,protein_coding
GENE00836,G836,812.9,0.1464,0.2445,0.5493242654601528,0.7118672986524658,NS,protein_coding
GENE00837,G837,9.31,0.2266,0.4601,0.6223647698624253,0.7665004483327191,NS,protein_coding
GENE00838,G838,759.94,-0.1942,0.3494,0.5783407760111241,0.729767540708043,NS,protein_coding
GENE00839,G839,5.68,2.4888,0.2407,4.65303434814488e-25,1.7448878805543298e-23,Up,protein_coding
GENE00840,G840,25.45,0.4008,0.3012,0.18329521839606422,0.3480288956887295,NS,lncRNA
GENE00841,G841,11.4,-0.9502,0.3145,0.002516888130920049,0.012852194711081101,NS,protein_coding
GENE00842,G842,61.93,0.3567,0.1714,0.03742504217086812,0.11143933152615816,NS,protein_coding
GENE00843,G843,128.38,0.2099,0.4513,0.6418592589076866,0.7818911264873951,NS,protein_coding
GENE00844,G844,31.05,-0.0183,0.3411,0.9572140546419794,0.9809196119302948,NS,protein_coding
GENE00845,G845,13.82,0.9824,0.3726,0.00837396320750669,0.0347356445742586,NS,lncRNA
GENE00846,G846,2339.74,-3.6018,0.3068,7.958453967856847e-32,3.537090652380821e-30,Down,protein_coding
GENE00847,G847,82.76,0.5255,0.22,0.016911031247685816,0.06039654017030648,NS,pseudogene
GENE00848,G848,107.46,3.4007,0.4668,3.213535499260799e-13,5.932680921712244e-12,Up,protein_coding
GENE00849,G849,53.51,0.1667,0.4493,0.7106214517387452,0.829519204364294,NS,protein_coding
GENE00850,G850,190.62,0.9781,0.4493,0.02948490194426301,0.09166290759874511,NS,protein_coding
GENE00851,G851,41.65,0.4856,0.2604,0.06220616938881029,0.16553807273106524,NS,protein_coding
GENE00852,G852,211.61,0.4057,0.3877,0.2953636322886324,0.4822263384304202,NS,protein_coding
GENE00853,G853,240.26,0.5182,0.4685,0.2686904903287961,0.45031925753429514,NS,pseudogene
GENE00854,G854,181.15,-0.0141,0.2798,0.9598091045587459,0.9827396975004224,NS,protein_coding
GENE00855,G855,337.92,-1.0326,0.3956,0.009048603848479516,0.0366835291154575,Down,protein_coding
GENE00856,G856,85.56,0.012,0.4915,0.9805215389933758,0.9930818164372034,NS,pseudogene
GENE00857,G857,694.64,0.0879,0.2733,0.7477371139928579,0.8551977880672909,NS,lncRNA
GENE00858,G858,120.5,-0.5413,0.4487,0.22767332828289488,0.4053531067351244,NS,protein_coding
GENE00859,G859,100.62,0.0077,0.3004,0.9795504712950054,0.9930818164372034,NS,protein_coding
GENE00860,G860,85.91,-4.3012,0.2644,1.6711795246509678e-59,1.3369436197207743e-57,Down,lncRNA
GENE00861,G861,47.97,-0.3,0.4302,0.48558374063438403,0.656194244100519,NS,protein_coding
GENE00862,G862,70.0,-0.154,0.2072,0.45733442691263626,0.6316625182387837,NS,protein_coding
GENE00863,G863,50.34,0.9678,0.1785,5.898578579782589e-08,6.677636128055761e-07,NS,protein_coding
GENE00864,G864,28.88,-0.1901,0.4183,0.6494988388595824,0.7864768987199787,NS,protein_coding
GENE00865,G865,222.18,-0.922,0.2476,0.00019628687328148445,0.0013158896532836947,NS,lncRNA
GENE00866,G866,13.5,-0.5476,0.4668,0.2407583521661918,0.41871017768033353,NS,protein_coding
GENE00867,G867,212.08,-0.6147,0.2371,0.00952598622069994,0.03810394488279976,NS,lncRNA
GENE00868,G868,250.96,-0.7784,0.4655,0.09448874413360252,0.22364199794935508,NS,protein_coding
GENE00869,G869,30.09,-0.9031,0.1824,7.375492628777221e-07,7.195602564660703e-06,NS,protein_coding
GENE00870,G870,625.82,-0.4278,0.2711,0.1145620507080674,0.2545823349068164,NS,protein_coding
GENE00871,G871,31.17,0.4021,0.3504,0.25115617256951384,0.42932679071711766,NS,protein_coding
GENE00872,G872,264.93,0.3032,0.3184,0.3409644760793673,0.5272646537309803,NS,protein_coding
GENE00873,G873,469.41,-0.2016,0.2033,0.32137415835369443,0.5054377326663608,NS,protein_coding
GENE00874,G874,78.65,1.0456,0.4864,0.031581243749152464,0.09717305768969989,NS,protein_coding
GENE00875,G875,790.72,0.3285,0.2299,0.15303811655567287,0.30607623311134574,NS,protein_coding
GENE00876,G876,264.78,-0.0925,0.4834,0.8482491053094992,0.9178529543475193,NS,protein_coding
GENE00877,G877,948.79,-0.4313,0.4697,0.35849025396401635,0.5466179221814734,NS,protein_coding
GENE00878,G878,52.82,0.4804,0.3094,0.12049897849995225,0.2602267015498825,NS,protein_coding
GENE00879,G879,152.86,0.3597,0.3951,0.362610316811963,0.5501041468702347,NS,protein_coding
GENE00880,G880,125.14,0.0173,0.3787,0.9635632338228054,0.9850207076012476,NS,protein_coding
GENE00881,G881,321.98,1.2129,0.4201,0.0038872448220455638,0.018658775145818703,Up,protein_coding
GENE00882,G882,64.28,-0.1487,0.462,0.7475576422447946,0.8551977880672909,NS,pseudogene
GENE00883,G883,36.0,-0.1705,0.2098,0.4164022725715545,0.5991399605346108,NS,protein_coding
GENE00884,G884,174.27,0.3126,0.4778,0.5129516295225627,0.6783369590036331,NS,protein_coding
GENE00885,G885,439.07,0.392,0.4981,0.4312873898424122,0.6109295203072458,NS,pseudogene
GENE00886,G886,82.52,0.178,0.3376,0.5980191683318237,0.7451952253356059,NS,protein_coding
GENE00887,G887,106.49,-0.631,0.2391,0.00831354920899709,0.03463978837082121,NS,protein_coding
GENE00888,G888,108.54,0.8303,0.2093,7.277292954302025e-05,0.0005292576694037837,NS,pseudogene
GENE00889,G889,39.82,1.2747,0.1713,9.967584432834942e-14,1.8985875110161794e-12,Up,protein_coding
GENE00890,G890,155.46,0.1116,0.2808,0.691046048356371,0.8167623852590064,NS,protein_coding
GENE00891,G891,46.83,-0.3773,0.2459,0.124940236499256,0.26630245790249946,NS,protein_coding
GENE00892,G892,134.88,-0.0104,0.4484,0.9814958619121027,0.9930818164372034,NS,protein_coding
GENE00893,G893,45.5,0.697,0.4636,0.1327227188862616,0.27676854925264904,NS,protein_coding
GENE00894,G894,21.64,-0.4044,0.1754,0.021133707550224912,0.0716396866109319,NS,lncRNA
GENE00895,G895,182.4,0.3072,0.2293,0.180333266772146,0.34513543879836556,NS,protein_coding
GENE00896,G896,510.59,4.7729,0.4519,4.4774935872398247e-26,1.7332233240928354e-24,Up,protein_coding
GENE00897,G897,224.06,-0.1851,0.4635,0.6896333035640889,0.8161340870580934,NS,protein_coding
GENE00898,G898,10.93,0.0447,0.2606,0.8638092096167083,0.9288005306515086,NS,lncRNA
GENE00899,G899,166.55,-0.1545,0.4271,0.7175448524126922,0.8359745853351753,NS,protein_coding
GENE00900,G900,223.75,-0.2699,0.4636,0.5604434792647057,0.719285748788927,NS,protein_coding
GENE00901,G901,110.84,0.4166,0.2695,0.12214669191787447,0.2617429112525882,NS,lncRNA
GENE00902,G902,99.93,-0.8133,0.4719,0.08480566906905894,0.20726436432356563,NS,protein_coding
GENE00903,G903,15.98,0.2994,0.1874,0.11012042875293142,0.24699909252993965,NS,protein_coding
GENE00904,G904,45.07,-0.0662,0.4018,0.8691340017767357,0.9312150019036454,NS,protein_coding
GENE00905,G905,4.84,0.135,0.3794,0.7219716353828803,0.8389160087945279,NS,lncRNA
GENE00906,G906,43.68,0.9278,0.2507,0.00021488893043003504,0.0014273997682675134,NS,protein_coding
GENE00907,G907,65.23,0.9228,0.409,0.024055935295734337,0.07954488676361447,NS,protein_coding
GENE00908,G908,124.57,0.1924,0.2554,0.4512527693276843,0.6277223184857271,NS,protein_coding
GENE00909,G909,4521.59,-0.2548,0.3455,0.4608293400288218,0.6341688165534245,NS,protein_coding
GENE00910,G910,162.52,0.239,0.2447,0.32871463929586275,0.5142862674772298,NS,protein_coding
GENE00911,G911,300.3,0.5513,0.3734,0.13982774827385167,0.28781011651564664,NS,protein_coding
GENE00912,G912,7.53,0.2035,0.4503,0.6513259374361273,0.7869693133653562,NS,protein_coding
GENE00913,G913,139.59,-0.0753,0.2026,0.7101398209272534,0.829519204364294,NS,protein_coding
GENE00914,G914,128.81,-0.0388,0.151,0.7972145597500153,0.8841566281885568,NS,protein_coding
GENE00915,G915,424.38,-0.1958,0.1531,0.20093132949825498,0.3744062040340155,NS,protein_coding
GENE00916,G916,49.28,-0.2818,0.2688,0.2944713498848174,0.48142455022040986,NS,protein_coding
GENE00917,G917,43.08,-0.0667,0.4807,0.8896429795849808,0.9460902467887538,NS,protein_coding
GENE00918,G918,76.23,0.3876,0.3831,0.3116593811016155,0.49666833641691716,NS,pseudogene
GENE00919,G919,1194.78,0.2352,0.1922,0.22105587741689248,0.4013117290473086,NS,pseudogene
GENE00920,G920,81.1,-0.647,0.417,0.1207678389725535,0.2602267015498825,NS,lncRNA
GENE00921,G921,27.66,0.585,0.2534,0.02096562136998848,0.07147370921586982,NS,protein_coding
GENE00922,G922,244.77,-0.3707,0.2455,0.1310486211192749,0.27444737407177994,NS,protein_coding
GENE00923,G923,141.11,0.3493,0.4871,0.47331164843646045,0.6446923701745205,NS,protein_coding
GENE00924,G924,28.87,-0.1291,0.2436,0.5961347006247786,0.743619169178518,NS,protein_coding
GENE00925,G925,222.62,0.9869,0.2872,0.0005897582046264351,0.0034691659095672654,NS,protein_coding
GENE00926,G926,119.61,-0.2407,0.158,0.12765423113479712,0.26978640287390176,NS,protein_coding
GENE00927,G927,91.36,0.6978,0.3451,0.043174016914817565,0.12424177529443903,NS,protein_coding
GENE00928,G928,35.59,1.784,0.3739,1.830141070418852e-06,1.6893609880789404e-05,Up,protein_coding
GENE00929,G929,110.39,-0.0399,0.4647,0.9315762416615085,0.9695502948775457,NS,pseudogene
GENE00930,G930,52.01,1.0987,0.4396,0.012443275046625965,0.04753227136287823,Up,protein_coding
GENE00931,G931,645.55,1.2926,0.3872,0.0008428466444580224,0.0047934406319887525,Up,protein_coding
GENE00932,G932,195.6,1.5705,0.3524,8.327620128699808e-06,7.137960110314122e-05,Up,lncRNA
GENE00933,G933,13.79,0.7565,0.4713,0.10846415685848754,0.24573192471445385,NS,protein_coding
GENE00934,G934,26.89,-0.2362,0.3409,0.48839000206033134,0.6581179691118737,NS,protein_coding
GENE00935,G935,84.31,0.4616,0.2606,0.07651132493020643,0.19329176824473204,NS,protein_coding
GENE00936,G936,140.04,-0.4185,0.1602,0.008991963052734168,0.03657747682468136,NS,lncRNA
GENE00937,G937,62.07,-0.1525,0.4563,0.7382211365580877,0.8526134397206019,NS,protein_coding
GENE00938,G938,133.49,-0.2069,0.265,0.4349467719364085,0.6140425015572827,NS,protein_coding
GENE00939,G939,143.04,0.2874,0.3536,0.416342595559571,0.5991399605346108,NS,lncRNA
GENE00940,G940,502.77,0.1911,0.2801,0.49507687697908775,0.6637902261172127,NS,protein_coding
GENE00941,G941,62.08,0.7953,0.199,6.429065580900046e-05,0.00047622708006667006,NS,protein_coding
GENE00942,G942,3448.86,-0.051,0.492,0.9174403323402521,0.9598329544972123,NS,protein_coding
GENE00943,G943,500.22,0.5797,0.4658,0.2133062028391739,0.3913875281452732,NS,protein_coding
GENE00944,G944,18.78,1.1022,0.2257,1.0423309111075374e-06,1.0006376746632359e-05,Up,protein_coding
GENE00945,G945,44.58,-0.0013,0.2974,0.9965122843784887,0.9990098089007405,NS,pseudogene
GENE00946,G946,23.64,1.0387,0.2973,0.00047623805516027097,0.002886291243395582,Up,protein_coding
GENE00947,G947,281.06,-0.0307,0.1834,0.867060301559369,0.9306550642855481,NS,lncRNA
GENE00948,G948,1155.54,-0.1634,0.4021,0.6844732749213416,0.8124311868502571,NS,protein_coding
GENE00949,G949,623.23,1.0984,0.1976,2.7178446084494356e-08,3.294357101150831e-07,Up,protein_coding
GENE00950,G950,9.29,-1.0312,0.1737,2.9086499812390527e-09,3.966340883507799e-08,Down,protein_coding
GENE00951,G951,419.99,0.6937,0.1587,1.2359921412422018e-05,0.00010228900479245808,NS,protein_coding
GENE00952,G952,139.63,0.5223,0.2216,0.018425754490975835,0.06446328101799126,NS,lncRNA
GENE00953,G953,36.32,-0.3647,0.496,0.462167611092435,0.6352819396459588,NS,protein_coding
GENE00954,G954,608.08,-0.0063,0.2168,0.9768175028647429,0.9930818164372034,NS,protein_coding
GENE00955,G955,90.53,0.3968,0.1821,0.0293299956651938,0.09141816830709756,NS,protein_coding
GENE00956,G956,115.87,-0.2212,0.1531,0.1485120156935644,0.300363161244485,NS,protein_coding
GENE00957,G957,20.22,0.2638,0.215,0.21983133182213133,0.3997224756991188,NS,protein_coding
GENE00958,G958,123.79,-1.1144,0.2053,5.6939925564020464e-08,6.507420064459481e-07,Down,protein_coding
GENE00959,G959,1640.81,-0.3529,0.1654,0.03287426996399878,0.100379450271752,NS,protein_coding
GENE00960,G960,159.71,-0.3751,0.3657,0.3050310674852714,0.4913252093722492,NS,protein_coding
GENE00961,G961,81.29,0.8249,0.1639,4.829968974594867e-07,4.829968974594867e-06,NS,protein_coding
GENE00962,G962,529.42,-0.5443,0.3485,0.11832652446718225,0.2581669624738522,NS,protein_coding
GENE00963,G963,429.27,-0.1353,0.1859,0.4667295037114946,0.6391184907996972,NS,protein_coding
GENE00964,G964,0.99,-0.0793,0.4649,0.8645584939481125,0.9288005306515086,NS,protein_coding
GENE00965,G965,77.9,-1.6144,0.2807,8.854097363969712e-09,1.1184122986067004e-07,Down,protein_coding
GENE00966,G966,145.86,0.0652,0.434,0.8805828306924841,0.937621470125094,NS,protein_coding
GENE00967,G967,1033.98,0.7164,0.4759,0.13223199198580018,0.2764431888204882,NS,protein_coding
GENE00968,G968,403.35,0.1652,0.2958,0.5765129283420892,0.7289942191891539,NS,protein_coding
GENE00969,G969,37.73,1.604,0.4093,8.895921087851654e-05,0.0006430786328567461,Up,protein_coding
GENE00970,G970,114.6,0.3175,0.3689,0.3894215573009858,0.5726787607367438,NS,pseudogene
GENE00971,G971,104.63,-0.6351,0.3256,0.05111026359676347,0.14223236573695153,NS,protein_coding
GENE00972,G972,136.08,-0.4505,0.1804,0.012516831458891268,0.04753227136287823,NS,protein_coding
GENE00973,G973,110.89,-0.8852,0.3596,0.01383095680400441,0.05138435964336004,NS,lncRNA
GENE00974,G974,143.39,0.5728,0.2656,0.031034777561246236,0.09583828165920937,NS,lncRNA
GENE00975,G975,340.1,0.2749,0.4389,0.531092890463879,0.6972773178956835,NS,protein_coding
GENE00976,G976,115.76,0.5498,0.2371,0.02040301888584928,0.06995320760862611,NS,protein_coding
GENE00977,G977,49.7,0.0681,0.3681,0.8532258393767256,0.921576064133277,NS,protein_coding
GENE00978,G978,138.96,-0.2198,0.3794,0.5623626183690045,0.7202082625857048,NS,protein_coding
GENE00979,G979,81.48,0.0445,0.279,0.87327637014497,0.9331537347942688,NS,lncRNA
GENE00980,G980,124.87,0.2723,0.3543,0.4421559133246824,0.620569702911835,NS,protein_coding
GENE00981,G981,8.81,0.6618,0.3585,0.06488856035039614,0.17075936934314773,NS,protein_coding
GENE00982,G982,28.42,0.5314,0.5,0.2878726595416471,0.4758225777547886,NS,protein_coding
GENE00983,G983,355.66,0.2866,0.2913,0.32518168277108805,0.5100889141507263,NS,pseudogene
GENE00984,G984,42.98,1.5186,0.2774,4.3898358665974455e-08,5.06519523068936e-07,Up,protein_coding
GENE00985,G985,12.61,-0.4815,0.4128,0.24344289055912027,0.4215461308383035,NS,protein_coding
GENE00986,G986,124.45,0.1169,0.3622,0.7468846868245127,0.8551977880672909,NS,protein_coding
GENE00987,G987,174.72,0.4158,0.2788,0.13585869157227468,0.28108694808056833,NS,protein_coding
GENE00988,G988,166.36,0.827,0.2945,0.004982710403713289,0.022872926735502747,NS,protein_coding
GENE00989,G989,129.83,0.4413,0.3363,0.18944550033236385,0.3563238250765464,NS,pseudogene
GENE00990,G990,82.86,-0.5106,0.1602,0.0014362466193418191,0.007869844489544213,NS,protein_coding
GENE00991,G991,88.94,-0.9996,0.3432,0.0035844786062213516,0.017414470961399277,NS,protein_coding
GENE00992,G992,67.12,0.5033,0.1635,0.0020819397950462087,0.010884591351163521,NS,protein_coding
GENE00993,G993,17.77,-0.5003,0.1864,0.00727443046985772,0.031139291559968786,NS,protein_coding
GENE00994,G994,12.09,0.2861,0.3306,0.38682133895525916,0.5709540058380209,NS,protein_coding
GENE00995,G995,19.99,0.2138,0.3865,0.5801473706462603,0.7308046517585739,NS,lncRNA
GENE00996,G996,31.46,-0.8485,0.2685,0.0015768848819186874,0.008485479185212667,NS,protein_coding
GENE00997,G997,4642.6,1.3828,0.4493,0.0020862133423063416,0.010884591351163521,Up,lncRNA
GENE00998,G998,603.55,0.416,0.2985,0.16342790182726918,0.32191308249297496,NS,protein_coding
GENE00999,G999,1450.35,-0.2423,0.4241,0.5677776522792359,0.7227401294944339,NS,protein_coding
GENE01000,G1000,284.91,-0.6529,0.1542,2.294570399633963e-05,0.0001840198117878348,NS,lncRNA
GENE01001,G1001,74.38,0.2314,0.1854,0.21198997481698,0.38956810073564474,NS,protein_coding
GENE01002,G1002,77.3,-0.1215,0.4272,0.7760961103080486,0.8721147525027516,NS,protein_coding
GENE01003,G1003,37.29,-1.3153,0.3578,0.00023684897069366066,0.0015531080045485944,Down,lncRNA
GENE01004,G1004,958.2,-0.5105,0.1568,0.0011309734771590718,0.006371681561459559,NS,lncRNA
GENE01005,G1005,4377.18,3.051,0.3843,2.0363700536365024e-15,4.3636501149353624e-14,Up,protein_coding
GENE01006,G1006,325.89,0.1845,0.4458,0.6789746483865435,0.8075020595280994,NS,lncRNA
GENE01007,G1007,26.17,-0.3888,0.23,0.09094480537502805,0.21696573846925182,NS,protein_coding
GENE01008,G1008,437.89,0.2883,0.3459,0.4045752658602897,0.5870499625542294,NS,pseudogene
GENE01009,G1009,65.97,-0.6445,0.4098,0.11578403755070765,0.2553606942377375,NS,protein_coding
GENE01010,G1010,1993.14,2.4149,0.4995,1.3339040125322122e-06,1.250535011748949e-05,Up,protein_coding
GENE01011,G1011,1674.03,0.415,0.1962,0.034413877617221804,0.10428447762794486,NS,lncRNA
GENE01012,G1012,36.7,0.6247,0.1572,7.069974135495325e-05,0.0005173151806459994,NS,protein_coding
GENE01013,G1013,261.34,0.7994,0.2671,0.002763524484040959,0.013933736894324162,NS,protein_coding
GENE01014,G1014,311.26,-0.0991,0.3024,0.7431297013933549,0.8537026572114276,NS,protein_coding
GENE01015,G1015,5434.47,-1.1166,0.1722,8.91325354315518e-11,1.4073558226034494e-09,Down,protein_coding
GENE01016,G1016,58.34,-0.3738,0.1896,0.048664543377715454,0.13740576953707895,NS,lncRNA
GENE01017,G1017,34.71,-0.1666,0.2853,0.5592561570948027,0.7185303945543503,NS,protein_coding
GENE01018,G1018,202.75,0.1311,0.1521,0.388724421847352,0.5723549769531563,NS,protein_coding
GENE01019,G1019,1894.66,1.0129,0.2437,3.233867968482056e-05,0.0002536367034103573,Up,protein_coding
GENE01020,G1020,165.32,-0.3749,0.316,0.23546736965356985,0.4124975818748669,NS,protein_coding
GENE01021,G1021,133.12,1.3731,0.3784,0.00028485225958390986,0.0018377565134445797,Up,protein_coding
GENE01022,G1022,241.68,-0.1524,0.3984,0.7020681916596818,0.8235784437607874,NS,lncRNA
GENE01023,G1023,11.78,-1.3664,0.2422,1.684590395191144e-08,2.1057379939889302e-07,Down,protein_coding
GENE01024,G1024,23.92,-0.1303,0.3753,0.7284493976569086,0.843260215302014,NS,protein_coding
GENE01025,G1025,96.6,-3.3212,0.4741,2.465044366729117e-12,4.225790342964201e-11,Down,protein_coding
GENE01026,G1026,321.32,-1.142,0.4589,0.0128261737386909,0.04840065561770151,Down,protein_coding
GENE01027,G1027,15.03,1.1132,0.2922,0.0001391246164066932,0.0009820561158119519,Up,lncRNA
GENE01028,G1028,266.14,-0.5229,0.3398,0.12384180397014728,0.2649022544815985,NS,protein_coding
GENE01029,G1029,66.17,-0.4787,0.269,0.07514899588183684,0.1902748302209593,NS,protein_coding
GENE01030,G1030,89.98,-0.034,0.498,0.945568243315953,0.972483302908345,NS,lncRNA
GENE01031,G1031,158.39,-0.1686,0.4408,0.7021006233060713,0.8235784437607874,NS,protein_coding
GENE01032,G1032,211.45,-0.418,0.2864,0.14442830888683694,0.29575762911980263,NS,protein_coding
GENE01033,G1033,376.15,0.8962,0.3047,0.003268866946241098,0.016037987338435627,NS,protein_coding
GENE01034,G1034,955.77,0.2742,0.2834,0.3332756289828075,0.5180450191442604,NS,lncRNA
GENE01035,G1035,46.86,0.2919,0.349,0.40293571370343195,0.5860883108413556,NS,lncRNA
GENE01036,G1036,240.24,-1.221,0.4355,0.005052397166529721,0.023052762737017736,Down,protein_coding
GENE01037,G1037,208.48,-0.8748,0.4916,0.07515855793727894,0.1902748302209593,NS,protein_coding
GENE01038,G1038,329.87,-0.7463,0.2887,0.009736872586966995,0.03881809669222722,NS,protein_coding
GENE01039,G1039,143.19,0.8414,0.4645,0.07007739084963172,0.1810842381379006,NS,lncRNA
GENE01040,G1040,387.32,-0.1746,0.2203,0.42803678233753417,0.6085135440233944,NS,protein_coding
GENE01041,G1041,869.12,-0.7495,0.3193,0.018908892025670837,0.06557997234336706,NS,protein_coding
GENE01042,G1042,176.74,-0.3893,0.1588,0.014225770592273146,0.052688039230641276,NS,protein_coding
GENE01043,G1043,356.65,-1.1712,0.436,0.007226148067843714,0.031080206743413823,Down,protein_coding
GENE01044,G1044,53.88,-0.2814,0.1609,0.08030616836871379,0.20034802919429637,NS,lncRNA
GENE01045,G1045,33.29,0.8415,0.4472,0.05987561753493087,0.1616906238812881,NS,protein_coding
GENE01046,G1046,2480.46,0.614,0.4213,0.14500771273962018,0.29593410763187794,NS,lncRNA
GENE01047,G1047,12.86,0.1199,0.401,0.7649381428009469,0.8676046988290512,NS,protein_coding
GENE01048,G1048,569.28,-0.5249,0.434,0.2264911594484047,0.4053531067351244,NS,protein_coding
GENE01049,G1049,127.06,-0.3353,0.2423,0.16641305415390095,0.3262393122414146,NS,protein_coding
GENE01050,G1050,188.92,0.469,0.3033,0.12202639363882634,0.2617429112525882,NS,protein_coding
GENE01051,G1051,527.51,0.045,0.4494,0.9202383308140526,0.9619216001540619,NS,protein_coding
GENE01052,G1052,73.34,-3.8756,0.4291,1.6867448686726698e-19,4.936814249773668e-18,Down,protein_coding
GENE01053,G1053,1322.41,0.1023,0.1666,0.5391851826462292,0.7032850208429077,NS,protein_coding
GENE01054,G1054,92.15,0.1988,0.2481,0.4229638930063697,0.6045098562225824,NS,protein_coding
GENE01055,G1055,782.54,-0.5371,0.2703,0.04691669844990777,0.13372930674558034,NS,lncRNA
GENE01056,G1056,60.14,0.0409,0.4299,0.9242048942021406,0.9652270435531495,NS,protein_coding
GENE01057,G1057,1018.53,1.9016,0.2458,1.0229464720985621e-14,2.1164409767556458e-13,Up,protein_coding
GENE01058,G1058,163.39,-0.5833,0.2826,0.03901315373877279,0.11446402074945562,NS,lncRNA
GENE01059,G1059,71.25,1.2132,0.2074,4.928571267506703e-09,6.571428356675604e-08,Up,protein_coding
GENE01060,G1060,576.34,0.1432,0.2481,0.5638133958160599,0.7212964552017824,NS,protein_coding
GENE01061,G1061,549.19,0.305,0.3317,0.3578311897317187,0.5463071598957537,NS,protein_coding
GENE01062,G1062,8.5,3.6597,0.4866,5.4374746569320635e-14,1.0874949313864128e-12,Up,lncRNA
GENE01063,G1063,117.62,0.6267,0.4764,0.18834487834249558,0.35592732915117276,NS,protein_coding
GENE01064,G1064,98.35,-0.2951,0.1677,0.07846039541027208,0.19656048954556682,NS,protein_coding
GENE01065,G1065,399.99,-0.536,0.1721,0.0018427673662510034,0.009828092620005353,NS,protein_coding
GENE01066,G1066,318.19,0.03,0.3727,0.9358446108961014,0.9720522077938181,NS,protein_coding
GENE01067,G1067,42.83,-0.273,0.2171,0.20857805643877447,0.3844756800714737,NS,protein_coding
GENE01068,G1068,35.24,0.3454,0.4617,0.4543969289127394,0.6289230850003313,NS,protein_coding
GENE01069,G1069,1196.86,-0.4593,0.405,0.2567634776497896,0.4366945463828806,NS,protein_coding
GENE01070,G1070,85.03,0.5466,0.4894,0.2640465737924129,0.4450223153804712,NS,protein_coding
GENE01071,G1071,170.97,-0.0816,0.1896,0.6669194255724507,0.798155765544193,NS,protein_coding
GENE01072,G1072,207.73,-0.3853,0.348,0.26821442346392266,0.450150081338052,NS,protein_coding
GENE01073,G1073,540.46,-0.2681,0.4519,0.5529985668551795,0.7135465378776509,NS,pseudogene
GENE01074,G1074,79.99,0.6019,0.2376,0.011301059244577734,0.04346561247914513,NS,protein_coding
GENE01075,G1075,178.57,-0.7839,0.2543,0.002052148175536064,0.01084836039930959,NS,protein_coding
GENE01076,G1076,121.8,-0.5257,0.4773,0.2707209830727798,0.4530895114188784,NS,lncRNA
GENE01077,G1077,134.11,-0.4875,0.294,0.09728451714381135,0.22624306312514267,NS,protein_coding
GENE01078,G1078,156.92,-0.036,0.163,0.8252023035475201,0.900455665029477,NS,protein_coding
GENE01079,G1079,10.44,-0.4117,0.4133,0.3191876070474641,0.5039804321802065,NS,protein_coding
GENE01080,G1080,269.34,-0.5603,0.4125,0.17436754913373453,0.3388774988787402,NS,protein_coding
GENE01081,G1081,39.95,-0.3892,0.283,0.16904929769354005,0.33016115755726544,NS,protein_coding
GENE01082,G1082,8.39,-0.7565,0.4334,0.08089775206944555,0.2014051918741383,NS,lncRNA
GENE01083,G1083,567.45,0.7832,0.2464,0.0014800274658297865,0.00807287708634429,NS,protein_coding
GENE01084,G1084,34.0,-2.7365,0.1579,2.7648251535532433e-67,3.317790184263892e-65,Down,protein_coding
GENE01085,G1085,29.9,0.4566,0.2322,0.049251469053667486,0.13873653254554222,NS,protein_coding
GENE01086,G1086,115.61,0.3216,0.4743,0.49773880840924056,0.6659969055152755,NS,lncRNA
GENE01087,G1087,190.62,0.1111,0.28,0.6915254861859587,0.8167623852590064,NS,protein_coding
GENE01088,G1088,802.27,0.1002,0.4501,0.8238334516649041,0.900455665029477,NS,protein_coding
GENE01089,G1089,194.63,0.1616,0.1592,0.31006989800981566,0.49545123516881334,NS,protein_coding
GENE01090,G1090,822.46,-0.2805,0.2841,0.32348166970047365,0.5080863921996968,NS,protein_coding
GENE01091,G1091,1541.58,0.4962,0.4556,0.2761039443904679,0.4614239122735468,NS,lncRNA
GENE01092,G1092,20.38,-2.1724,0.2234,2.376235648906076e-22,8.14709365339226e-21,Down,protein_coding
GENE01093,G1093,3.37,0.6072,0.1717,0.00040561895781455315,0.0024961166634741732,NS,protein_coding
GENE01094,G1094,283.79,-0.2894,0.3275,0.37687755337241635,0.5639065636495008,NS,protein_coding
GENE01095,G1095,52.48,0.4006,0.3582,0.2634091613241144,0.4445724241757205,NS,pseudogene
GENE01096,G1096,1086.89,0.7008,0.4517,0.12078856063607044,0.2602267015498825,NS,protein_coding
GENE01097,G1097,245.43,0.5776,0.3606,0.10920541313994318,0.24573192471445385,NS,protein_coding
GENE01098,G1098,72.73,-0.3994,0.3445,0.24630890650754234,0.42528156519287885,NS,protein_coding
GENE01099,G1099,39.12,0.702,0.4109,0.08755382626513694,0.21159434094496077,NS,protein_coding
GENE01100,G1100,140.75,0.572,0.1887,0.0024353014934876886,0.012500709909800341,NS,protein_coding
GENE01101,G1101,69.87,-0.1251,0.3963,0.7522530399678011,0.858083315552625,NS,protein_coding
GENE01102,G1102,161.43,0.467,0.276,0.09064044716149723,0.21667039162110893,NS,lncRNA
GENE01103,G1103,59.39,0.4267,0.4758,0.3698227764446811,0.5568712413830363,NS,protein_coding
GENE01104,G1104,62.49,3.3276,0.3827,3.4664226739971514e-18,9.243793797325736e-17,Up,protein_coding
GENE01105,G1105,23.8,0.163,0.361,0.6516122588866475,0.7869693133653562,NS,protein_coding
GENE01106,G1106,144.46,-0.0323,0.4746,0.9457400120783654,0.972483302908345,NS,protein_coding
GENE01107,G1107,138.23,-0.7733,0.3138,0.013727790741289261,0.051159468601078,NS,protein_coding
GENE01108,G1108,268.24,-0.622,0.3414,0.06846867562802046,0.17745661069897312,NS,protein_coding
GENE01109,G1109,168.73,0.47,0.1741,0.006942332000203045,0.03007508447741391,NS,protein_coding
GENE01110,G1110,359.9,-0.0728,0.377,0.84687795215101,0.9176719012062288,NS,protein_coding
GENE01111,G1111,224.92,0.4449,0.2904,0.12551631663654825,0.26705599284371967,NS,protein_coding
GENE01112,G1112,59.64,0.4043,0.4275,0.3442858097289514,0.5317155362609288,NS,protein_coding
GENE01113,G1113,284.15,-0.2305,0.371,0.5344063319494148,0.6993321683089396,NS,protein_coding
GENE01114,G1114,88.53,-0.6007,0.1891,0.0014899898563811014,0.008090442659082903,NS,protein_coding
GENE01115,G1115,122.86,-0.2044,0.4799,0.6701646346026964,0.7994011545956617,NS,protein_coding
GENE01116,G1116,107.62,0.0757,0.3502,0.8288613224303635,0.9025713129913214,NS,protein_coding
GENE01117,G1117,1330.9,2.9454,0.3451,1.4025557475492928e-17,3.5809933979981946e-16,Up,protein_coding
GENE01118,G1118,51.55,0.2688,0.326,0.40963286716233016,0.5929546931179689,NS,protein_coding
GENE01119,G1119,58.22,-0.7726,0.4311,0.07310740539785393,0.18626090547223934,NS,protein_coding
GENE01120,G1120,46.94,1.043,0.3027,0.0005696755424697288,0.0033675401525304167,Up,protein_coding
GENE01121,G1121,33.25,0.3277,0.1899,0.08441128464678554,0.20717903990864756,NS,protein_coding
GENE01122,G1122,856.44,-0.5714,0.2881,0.047329562649496545,0.1342682628354512,NS,protein_coding
GENE01123,G1123,255.06,1.2815,0.3481,0.00023194458455427905,0.0015293049531051367,Up,protein_coding
GENE01124,G1124,601.99,-4.3484,0.1816,1.0434231430300538e-126,1.2521077716360646e-123,Down,protein_coding
GENE01125,G1125,23.52,0.4003,0.24,0.09533227063855342,0.22483649496725905,NS,protein_coding
GENE01126,G1126,21.08,0.1275,0.2441,0.6014427323122412,0.7474859271563002,NS,protein_coding
GENE01127,G1127,305.17,-0.971,0.3559,0.006366274988705088,0.028086507303110683,NS,protein_coding
GENE01128,G1128,1306.62,0.852,0.1583,7.358678151254634e-08,8.176309056949593e-07,NS,protein_coding
GENE01129,G1129,79.34,-0.1486,0.4505,0.7415089859967183,0.8537026572114276,NS,protein_coding
GENE01130,G1130,374.06,0.4003,0.2547,0.11603106515407255,0.2553606942377375,NS,protein_coding
GENE01131,G1131,661.88,-0.4452,0.4108,0.2784805181049125,0.46284850654556087,NS,protein_coding
GENE01132,G1132,232.03,0.0186,0.238,0.937707731859574,0.9720522077938181,NS,pseudogene
GENE01133,G1133,193.6,0.1446,0.417,0.7287696841679703,0.843260215302014,NS,protein_coding
GENE01134,G1134,129.68,0.6019,0.2676,0.02449642864457278,0.08071623069134008,NS,lncRNA
GENE01135,G1135,104.65,0.6306,0.4777,0.18680985811843698,0.354141911124999,NS,protein_coding
GENE01136,G1136,34.51,-0.3442,0.4242,0.4171304234193862,0.5994688719799562,NS,protein_coding
GENE01137,G1137,70.85,1.6045,0.2685,2.2897579630052954e-09,3.158286845524545e-08,Up,protein_coding
GENE01138,G1138,84.01,0.2341,0.4942,0.6357175189490684,0.7768442186750326,NS,protein_coding
GENE01139,G1139,14.53,0.2371,0.1762,0.17842188261783098,0.3431190050342903,NS,protein_coding
GENE01140,G1140,202.51,-0.1986,0.299,0.5065533243141158,0.6736364002166375,NS,protein_coding
GENE01141,G1141,401.32,0.4169,0.2898,0.15027002973694148,0.3015452101744645,NS,protein_coding
GENE01142,G1142,552.68,-0.3158,0.2792,0.2580177072197263,0.4379367024945849,NS,protein_coding
GENE01143,G1143,52.53,3.1952,0.189,4.0761427966902546e-64,3.4938366828773607e-62,Up,protein_coding
GENE01144,G1144,6154.56,0.1732,0.4027,0.6671251940340213,0.798155765544193,NS,lncRNA
GENE01145,G1145,22.21,-0.1537,0.491,0.7542543575657618,0.8595491254310675,NS,protein_coding
GENE01146,G1146,197.87,0.5011,0.1704,0.003274422414930607,0.016037987338435627,NS,protein_coding
GENE01147,G1147,304.26,0.2913,0.2083,0.16197384973167794,0.3212704457487827,NS,protein_coding
GENE01148,G1148,13.95,0.3766,0.4406,0.39269314553168866,0.5767830778923211,NS,protein_coding
GENE01149,G1149,469.33,0.2761,0.3237,0.3936868867377167,0.5775357751653545,NS,protein_coding
GENE01150,G1150,198.57,-2.684,0.2667,7.990224569969736e-24,2.9055362072617223e-22,Down,protein_coding
GENE01151,G1151,1098.28,0.289,0.1686,0.086507377680303,0.2105656251853217,NS,protein_coding
GENE01152,G1152,148.23,-0.511,0.4211,0.2249431151830822,0.4041145274912676,NS,protein_coding
GENE01153,G1153,76.62,0.0541,0.1822,0.7665226587648826,0.868580916447459,NS,lncRNA
GENE01154,G1154,401.61,0.149,0.2564,0.561157393317592,0.7194325555353743,NS,protein_coding
GENE01155,G1155,197.87,0.0033,0.3945,0.9933257583167898,0.9976167724007221,NS,protein_coding
GENE01156,G1156,490.73,0.3824,0.4869,0.43223263561737635,0.6109295203072458,NS,lncRNA
GENE01157,G1157,166.65,0.0667,0.2388,0.7800044519246341,0.8731393118559336,NS,protein_coding
GENE01158,G1158,77.61,-0.3777,0.3713,0.3090408241458307,0.49528432659170557,NS,lncRNA
GENE01159,G1159,18.67,0.266,0.4621,0.5648632843525558,0.7214000292683375,NS,protein_coding
GENE01160,G1160,72.8,0.2516,0.3617,0.486676802977665,0.656931567573901,NS,protein_coding
GENE01161,G1161,1274.95,-0.2064,0.2225,0.3535941082351236,0.5426132776013576,NS,protein_coding
GENE01162,G1162,196.93,-0.5945,0.3234,0.06602104369645392,0.17335941452022913,NS,protein_coding
GENE01163,G1163,379.41,0.9392,0.4308,0.029247827248750982,0.09139946015234683,NS,protein_coding
GENE01164,G1164,29.83,-0.3145,0.2012,0.11802407303276297,0.2580342788127567,NS,protein_coding
GENE01165,G1165,443.51,-0.1261,0.406,0.7561114688726934,0.8608479721510741,NS,protein_coding
GENE01166,G1166,59.65,0.6713,0.3004,0.0254378991564275,0.08227891910434772,NS,protein_coding
GENE01167,G1167,62.41,0.9324,0.2092,8.312275498848101e-06,7.137960110314122e-05,NS,protein_coding
GENE01168,G1168,668.85,0.3679,0.4729,0.436589208769529,0.6149143785486324,NS,protein_coding
GENE01169,G1169,85.67,0.8358,0.2349,0.00037353312632218525,0.0023345820395136575,NS,protein_coding
GENE01170,G1170,7.25,-1.7448,0.3448,4.1854283199322574e-07,4.256367782981957e-06,Down,protein_coding
GENE01171,G1171,633.49,-0.6667,0.4944,0.17749657998889357,0.3424371318113702,NS,lncRNA
GENE01172,G1172,93.07,-0.6873,0.307,0.02517139201660742,0.08208062614111115,NS,protein_coding
GENE01173,G1173,152.21,0.7948,0.4172,0.056769478366448765,0.15447477106516672,NS,protein_coding
GENE01174,G1174,346.61,-0.4346,0.4138,0.2935959111740115,0.48130477241641234,NS,protein_coding
GENE01175,G1175,581.65,-0.4387,0.2632,0.0955555103610851,0.22483649496725905,NS,protein_coding
GENE01176,G1176,488.08,0.7198,0.272,0.008137194981679485,0.03414207684620763,NS,protein_coding
GENE01177,G1177,51.99,-0.7661,0.4148,0.06475957992522595,0.17075936934314773,NS,protein_coding
GENE01178,G1178,144.17,-0.0635,0.1698,0.7084271004199342,0.8285697080934903,NS,protein_coding
GENE01179,G1179,43.64,-0.47,0.3372,0.16336847719216518,0.32191308249297496,NS,protein_coding
GENE01180,G1180,62.94,-0.2549,0.4354,0.5582527887331588,0.7180100176632267,NS,protein_coding
GENE01181,G1181,29.11,0.2349,0.3262,0.4714570482559268,0.642963854639698,NS,lncRNA
GENE01182,G1182,727.1,0.1606,0.4643,0.7294200862362421,0.843260215302014,NS,protein_coding
GENE01183,G1183,20.0,0.3887,0.2835,0.1703513162240906,0.3318532134235531,NS,protein_coding
GENE01184,G1184,34.34,0.107,0.3706,0.7727948964613324,0.8721147525027516,NS,lncRNA
GENE01185,G1185,141.14,3.7451,0.3907,9.190793774245159e-22,3.063597924748386e-20,Up,protein_coding
GENE01186,G1186,121.22,-0.4006,0.2501,0.10920884716287123,0.24573192471445385,NS,protein_coding
GENE01187,G1187,490.41,-0.7714,0.495,0.11914228545167595,0.2590049683732086,NS,protein_coding
GENE01188,G1188,167.65,-1.2011,0.4941,0.015062017797209675,0.055273459806274045,NS,protein_coding
GENE01189,G1189,2831.59,0.6971,0.2139,0.0011180585213728706,0.006328633139846437,NS,protein_coding
GENE01190,G1190,39.58,-0.9185,0.357,0.01008709941454926,0.03968694851625938,NS,protein_coding
GENE01191,G1191,117.21,-0.8622,0.3274,0.008451584076693263,0.03485189309976603,NS,protein_coding
GENE01192,G1192,1859.37,0.4791,0.4194,0.25331014089160486,0.43239284362720604,NS,protein_coding
GENE01193,G1193,1170.8,-0.6157,0.2214,0.005420184121098563,0.024360378072353094,NS,protein_coding
GENE01194,G1194,95.71,-0.6034,0.286,0.03487643012050335,0.10515506568995985,NS,lncRNA
GENE01195,G1195,604.59,0.1113,0.452,0.8054972750930234,0.8892334223658032,NS,lncRNA
GENE01196,G1196,16.57,0.3438,0.2073,0.09722344638988305,0.22624306312514267,NS,protein_coding
GENE01197,G1197,1069.0,-0.2761,0.4902,0.5732718129816081,0.7271946887715959,NS,protein_coding
GENE01198,G1198,1263.27,0.1406,0.4843,0.7715745607593933,0.8721147525027516,NS,protein_coding
GENE01199,G1199,386.55,-0.4498,0.4814,0.3501191921424839,0.5400296022763248,NS,protein_coding
GENE01200,G1200,249.61,-0.2356,0.3874,0.5430833880234098,0.7060978726921135,NS,protein_coding
