preset_id,preset_name,plot_type,target_width_mm,status,n_text,overlapping_text_pairs,clipped_text,legend_overlaps_data,legend_overlap_fraction,min_font_pt,min_font_role,effective_min_font_pt,tight_width_mm,tight_height_mm,width_deviation_pct,max_tick_labels_on_one_axis,publication_score,publication_level,render_warnings,issues,preview_png
full_174mm_C,Full width 174 mm (C),barplot_with_error_bar,174.0,PASS,12,0,0,False,0.0,6.5,tick,6.69,169.0,134.2,-2.9,6,76,warn,Style control 'line_width_pt' bars have no markers or data lines; error-bar and ,,../../../../../../tmp/jp_qc_merged2/previews/full_174mm_C/barplot_with_error_bar.png
full_174mm_C,Full width 174 mm (C),grouped_barplot_with_error_bar,174.0,WARN,17,0,0,False,0.0,6.5,tick,9.45,119.7,102.0,-31.2,10,76,warn,Style control 'line_width_pt' bars have no markers or data lines; error-bar and ,exported width 119.7 mm deviates -31% from target 174.0 mm,../../../../../../tmp/jp_qc_merged2/previews/full_174mm_C/grouped_barplot_with_error_bar.png
full_174mm_C,Full width 174 mm (C),heatmap_clustered_matrix,174.0,PASS,52,0,0,False,0.0,6.5,tick,6.69,169.0,157.6,-2.9,30,76,warn,"Using 12 value column(s): ['Ctrl_1', 'Ctrl_2', 'Ctrl_3', 'Ctrl_4', 'DrugA_1', 'D | Style control 'line_width_pt' heatmaps use a continuous colormap, not per-point  | Style control 'marker_size' heatmaps use a continuous colormap, not per-point ma",,../../../../../../tmp/jp_qc_merged2/previews/full_174mm_C/heatmap_clustered_matrix.png
full_174mm_C,Full width 174 mm (C),volcano_plot,174.0,WARN,32,0,0,False,0.0,6.5,tick,9.4,120.3,128.1,-30.9,8,76,warn,Style control 'palette_name' a volcano colours points by significance class (up  | Style control 'line_width_pt' a volcano colours points by significance class (up,exported width 120.3 mm deviates -31% from target 174.0 mm,../../../../../../tmp/jp_qc_merged2/previews/full_174mm_C/volcano_plot.png
full_174mm_C,Full width 174 mm (C),scatterplot_with_regression,174.0,WARN,25,0,0,False,0.0,6.5,tick,9.63,117.5,112.9,-32.5,11,76,warn,,exported width 117.5 mm deviates -32% from target 174.0 mm,../../../../../../tmp/jp_qc_merged2/previews/full_174mm_C/scatterplot_with_regression.png
full_174mm_C,Full width 174 mm (C),boxplot_or_violin_with_points,174.0,PASS,15,0,0,False,0.0,6.5,tick,6.69,169.0,134.2,-2.9,10,76,warn,,,../../../../../../tmp/jp_qc_merged2/previews/full_174mm_C/boxplot_or_violin_with_points.png
full_174mm_C,Full width 174 mm (C),lineplot_timecourse_with_error_band,174.0,PASS,23,0,0,False,0.0,6.5,tick,6.7,168.9,116.8,-2.9,9,64,warn,Style control 'marker_size' does not apply to this plot type; it was ignored for,,../../../../../../tmp/jp_qc_merged2/previews/full_174mm_C/lineplot_timecourse_with_error_band.png
full_174mm_C,Full width 174 mm (C),ridge_or_density_plot,174.0,PASS,13,0,0,False,0.0,6.5,tick,6.69,169.0,151.6,-2.9,8,64,warn,Style control 'marker_size' does not apply to this plot type; it was ignored for,,../../../../../../tmp/jp_qc_merged2/previews/full_174mm_C/ridge_or_density_plot.png
full_174mm_C,Full width 174 mm (C),histogram_distribution,174.0,PASS,33,0,0,False,0.0,6.5,tick,6.69,169.0,92.8,-2.9,11,76,warn,,,../../../../../../tmp/jp_qc_merged2/previews/full_174mm_C/histogram_distribution.png
full_174mm_C,Full width 174 mm (C),enrichment_dotplot,174.0,PASS,34,0,0,False,0.0,6.5,tick,6.68,169.2,130.6,-2.8,12,76,warn,Style control 'line_width_pt' does not apply to this plot type; it was ignored f | Style control 'marker_size' does not apply to this plot type; it was ignored for,,../../../../../../tmp/jp_qc_merged2/previews/full_174mm_C/enrichment_dotplot.png
full_174mm_C,Full width 174 mm (C),kaplan_meier_survival_curve,174.0,PASS,21,0,0,False,0.0,6.5,tick,6.69,169.0,134.2,-2.9,9,64,warn,Style control 'marker_size' does not apply to this plot type; it was ignored for,,../../../../../../tmp/jp_qc_merged2/previews/full_174mm_C/kaplan_meier_survival_curve.png
full_174mm_C,Full width 174 mm (C),stacked_bar_composition,174.0,WARN,45,0,0,True,0.47,6.5,tick,6.69,169.0,116.8,-2.9,30,76,warn,Style control 'line_width_pt' stacked bars have no markers or data lines; it was | Style control 'marker_size' stacked bars have no markers or data lines; it was i,legend covers data (47% of legend box),../../../../../../tmp/jp_qc_merged2/previews/full_174mm_C/stacked_bar_composition.png
full_174mm_C,Full width 174 mm (C),waterfall_plot,174.0,WARN,16,0,0,False,0.0,6.5,tick,8.18,138.2,99.4,-20.6,10,88,warn,Style control 'line_width_pt' does not apply to this plot type; it was ignored f | Style control 'marker_size' does not apply to this plot type; it was ignored for,exported width 138.2 mm deviates -21% from target 174.0 mm,../../../../../../tmp/jp_qc_merged2/previews/full_174mm_C/waterfall_plot.png
full_174mm_C,Full width 174 mm (C),pca_scatter_from_matrix,174.0,PASS,20,0,0,False,0.0,6.5,tick,6.69,169.0,142.9,-2.9,7,76,warn,Style control 'line_width_pt' does not apply to this plot type; it was ignored f,,../../../../../../tmp/jp_qc_merged2/previews/full_174mm_C/pca_scatter_from_matrix.png
full_174mm_C,Full width 174 mm (C),oncoprint_mutation_heatmap,174.0,WARN,17,0,0,True,0.896,6.5,tick,7.82,144.7,116.8,-16.8,10,88,warn,"Style control 'line_width_pt' oncoprints use categorical mutation colors, not ma | Style control 'marker_size' oncoprints use categorical mutation colors, not mark",legend covers data (90% of legend box); exported width 144.7 mm deviates -17% from target 174.0 mm,../../../../../../tmp/jp_qc_merged2/previews/full_174mm_C/oncoprint_mutation_heatmap.png
full_174mm_C,Full width 174 mm (C),lollipop_mutation_plot,174.0,WARN,29,0,0,False,0.0,6.5,tick,8.88,127.3,63.7,-26.8,10,76,warn,Style control 'marker_size' does not apply to this plot type; it was ignored for,exported width 127.3 mm deviates -27% from target 174.0 mm,../../../../../../tmp/jp_qc_merged2/previews/full_174mm_C/lollipop_mutation_plot.png
full_174mm_C,Full width 174 mm (C),roc_curve,174.0,PASS,17,0,0,False,0.0,6.5,tick,6.69,169.0,169.0,-2.9,7,76,warn,Style control 'marker_size' does not apply to this plot type; it was ignored for,,../../../../../../tmp/jp_qc_merged2/previews/full_174mm_C/roc_curve.png
full_174mm_C,Full width 174 mm (C),forest_plot,174.0,PASS,16,0,0,False,0.0,6.5,tick,6.69,169.0,116.8,-2.9,9,76,warn,Style control 'legend_pt' does not apply to this plot type; it was ignored for t | Style control 'marker_size' does not apply to this plot type; it was ignored for | Style control 'legend_outside' does not apply to this plot type; it was ignored ,,../../../../../../tmp/jp_qc_merged2/previews/full_174mm_C/forest_plot.png
full_174mm_C,Full width 174 mm (C),dot_strip_plot,174.0,PASS,15,0,0,False,0.0,6.5,tick,6.69,169.0,120.3,-2.9,10,76,warn,,,../../../../../../tmp/jp_qc_merged2/previews/full_174mm_C/dot_strip_plot.png
full_174mm_C,Full width 174 mm (C),beeswarm_plot,174.0,PASS,13,0,0,False,0.0,6.5,tick,6.69,169.0,120.3,-2.9,8,76,warn,,,../../../../../../tmp/jp_qc_merged2/previews/full_174mm_C/beeswarm_plot.png
full_174mm_C,Full width 174 mm (C),paired_slopegraph,174.0,PASS,13,0,0,False,0.0,6.5,tick,6.69,169.0,142.9,-2.9,9,76,warn,,,../../../../../../tmp/jp_qc_merged2/previews/full_174mm_C/paired_slopegraph.png
full_174mm_C,Full width 174 mm (C),raincloud_plot,174.0,PASS,12,0,0,False,0.0,6.5,tick,6.69,169.0,120.3,-2.9,7,76,warn,Style control 'legend_pt' does not apply to this plot type; it was ignored for t | Style control 'legend_outside' does not apply to this plot type; it was ignored ,,../../../../../../tmp/jp_qc_merged2/previews/full_174mm_C/raincloud_plot.png
full_174mm_C,Full width 174 mm (C),hierarchical_dendrogram,174.0,PASS,35,0,0,False,0.0,6.5,tick,6.69,169.0,102.9,-2.9,24,76,warn,Style control 'legend_pt' a dendrogram has no markers; branch width follows the  | Style control 'line_width_pt' a dendrogram has no markers; branch width follows  | Style control 'marker_size' a dendrogram has no markers; branch width follows th,,../../../../../../tmp/jp_qc_merged2/previews/full_174mm_C/hierarchical_dendrogram.png
full_174mm_C,Full width 174 mm (C),ma_plot,174.0,FAIL,32,1,0,False,0.0,6.5,tick,7.85,144.0,104.6,-17.2,9,64,warn,Style control 'line_width_pt' does not apply to this plot type; it was ignored f,1 overlapping text pair(s); exported width 144.0 mm deviates -17% from target 174.0 mm,../../../../../../tmp/jp_qc_merged2/previews/full_174mm_C/ma_plot.png
full_174mm_C,Full width 174 mm (C),manhattan_plot,174.0,PASS,37,0,0,False,0.0,6.5,tick,6.69,169.0,82.0,-2.9,23,76,warn,,,../../../../../../tmp/jp_qc_merged2/previews/full_174mm_C/manhattan_plot.png
full_174mm_C,Full width 174 mm (C),qq_plot,174.0,PASS,23,0,0,False,0.0,6.5,tick,6.69,169.0,155.1,-2.9,10,76,warn,Style control 'legend_pt' does not apply to this plot type; it was ignored for t | Style control 'legend_outside' does not apply to this plot type; it was ignored ,,../../../../../../tmp/jp_qc_merged2/previews/full_174mm_C/qq_plot.png
full_174mm_C,Full width 174 mm (C),bland_altman_plot,174.0,PASS,20,0,0,False,0.0,6.5,tick,6.69,169.0,120.3,-2.9,9,76,warn,Style control 'legend_pt' does not apply to this plot type; it was ignored for t | Style control 'legend_outside' does not apply to this plot type; it was ignored ,,../../../../../../tmp/jp_qc_merged2/previews/full_174mm_C/bland_altman_plot.png
full_174mm_C,Full width 174 mm (C),precision_recall_curve,174.0,PASS,18,0,0,False,0.0,6.5,tick,6.69,169.0,169.0,-2.9,7,76,warn,Style control 'marker_size' does not apply to this plot type; it was ignored for,,../../../../../../tmp/jp_qc_merged2/previews/full_174mm_C/precision_recall_curve.png
full_174mm_C,Full width 174 mm (C),confusion_matrix,174.0,PASS,26,0,0,False,0.0,6.5,tick,6.69,169.0,169.0,-2.9,8,76,warn,Style control 'legend_pt' does not apply to this plot type; it was ignored for t | Style control 'line_width_pt' does not apply to this plot type; it was ignored f | Style control 'marker_size' does not apply to this plot type; it was ignored for,,../../../../../../tmp/jp_qc_merged2/previews/full_174mm_C/confusion_matrix.png
full_174mm_C,Full width 174 mm (C),calibration_plot,174.0,PASS,20,0,0,False,0.0,6.5,tick,6.67,169.5,168.2,-2.6,8,76,warn,,,../../../../../../tmp/jp_qc_merged2/previews/full_174mm_C/calibration_plot.png
full_174mm_C,Full width 174 mm (C),dose_response_curve,174.0,FAIL,22,1,0,False,0.0,6.5,tick,9.51,118.9,105.5,-31.7,9,76,warn,,1 overlapping text pair(s); exported width 118.9 mm deviates -32% from target 174.0 mm,../../../../../../tmp/jp_qc_merged2/previews/full_174mm_C/dose_response_curve.png
full_174mm_C,Full width 174 mm (C),upset_plot,174.0,WARN,36,0,0,False,0.0,6.5,tick,7.78,145.3,132.0,-16.5,8,76,warn,Style control 'legend_pt' does not apply to this plot type; it was ignored for t | Style control 'legend_outside' does not apply to this plot type; it was ignored ,exported width 145.3 mm deviates -16% from target 174.0 mm,../../../../../../tmp/jp_qc_merged2/previews/full_174mm_C/upset_plot.png
full_174mm_C,Full width 174 mm (C),swimmer_plot,174.0,WARN,34,0,0,False,0.0,6.5,tick,7.8,145.0,149.0,-16.7,20,76,warn,Style control 'line_width_pt' does not apply to this plot type; it was ignored f,exported width 145.0 mm deviates -17% from target 174.0 mm,../../../../../../tmp/jp_qc_merged2/previews/full_174mm_C/swimmer_plot.png
full_174mm_C,Full width 174 mm (C),spider_plot,174.0,WARN,23,0,0,False,0.0,6.5,tick,9.47,119.4,104.6,-31.4,11,76,warn,,exported width 119.4 mm deviates -31% from target 174.0 mm,../../../../../../tmp/jp_qc_merged2/previews/full_174mm_C/spider_plot.png
full_174mm_C,Full width 174 mm (C),sankey_plot,174.0,WARN,24,0,0,False,0.0,6.5,tick,8.11,139.5,89.9,-19.8,10,88,warn,"Style control 'legend_pt' flows have no axes, markers or lines in the plot sense | Style control 'line_width_pt' flows have no axes, markers or lines in the plot s | Style control 'marker_size' flows have no axes, markers or lines in the plot sen",exported width 139.5 mm deviates -20% from target 174.0 mm,../../../../../../tmp/jp_qc_merged2/previews/full_174mm_C/sankey_plot.png
full_174mm_C,Full width 174 mm (C),embedding_scatter,174.0,WARN,26,0,0,False,0.0,6.5,tick,9.58,118.1,84.4,-32.1,10,76,warn,Style control 'line_width_pt' does not apply to this plot type; it was ignored f,exported width 118.1 mm deviates -32% from target 174.0 mm,../../../../../../tmp/jp_qc_merged2/previews/full_174mm_C/embedding_scatter.png
full_174mm_C,Full width 174 mm (C),hierarchical_clustering,174.0,WARN,59,0,0,True,1.0,6.0,tick,6.18,168.9,155.4,-2.9,30,76,warn,Style control 'line_width_pt' does not apply to this plot type; it was ignored f | Style control 'marker_size' does not apply to this plot type; it was ignored for,legend covers data (100% of legend box),../../../../../../tmp/jp_qc_merged2/previews/full_174mm_C/hierarchical_clustering.png
full_174mm_C,Full width 174 mm (C),network_graph,174.0,FAIL,23,1,0,False,0.0,6.5,legend,10.4,108.7,124.5,-37.5,0,100,pass,Style control 'line_width_pt' does not apply to network plots (they have no axes | Style control 'marker_size' does not apply to network plots (they have no axes; ,1 overlapping text pair(s); exported width 108.7 mm deviates -38% from target 174.0 mm,../../../../../../tmp/jp_qc_merged2/previews/full_174mm_C/network_graph.png
full_174mm_C,Full width 174 mm (C),chord_diagram,174.0,FAIL,24,1,0,False,0.0,6.5,tick,6.77,167.0,167.0,-4.0,7,88,warn,Style control 'line_width_pt' does not apply to this plot type; it was ignored f | Style control 'marker_size' does not apply to this plot type; it was ignored for,1 overlapping text pair(s),../../../../../../tmp/jp_qc_merged2/previews/full_174mm_C/chord_diagram.png
full_183mm_N,Full width 183 mm (N),barplot_with_error_bar,183.0,PASS,12,0,0,False,0.0,5.5,tick,5.63,178.8,142.2,-2.3,6,76,warn,Style control 'line_width_pt' bars have no markers or data lines; error-bar and ,,../../../../../../tmp/jp_qc_merged2/previews/full_183mm_N/barplot_with_error_bar.png
full_183mm_N,Full width 183 mm (N),grouped_barplot_with_error_bar,183.0,WARN,17,0,0,False,0.0,5.5,tick,8.08,124.5,106.6,-32.0,10,76,warn,Style control 'line_width_pt' bars have no markers or data lines; error-bar and ,exported width 124.5 mm deviates -32% from target 183.0 mm,../../../../../../tmp/jp_qc_merged2/previews/full_183mm_N/grouped_barplot_with_error_bar.png
full_183mm_N,Full width 183 mm (N),heatmap_clustered_matrix,183.0,PASS,52,0,0,False,0.0,5.5,tick,5.63,178.9,158.4,-2.2,30,76,warn,"Using 12 value column(s): ['Ctrl_1', 'Ctrl_2', 'Ctrl_3', 'Ctrl_4', 'DrugA_1', 'D | Style control 'line_width_pt' heatmaps use a continuous colormap, not per-point  | Style control 'marker_size' heatmaps use a continuous colormap, not per-point ma",,../../../../../../tmp/jp_qc_merged2/previews/full_183mm_N/heatmap_clustered_matrix.png
full_183mm_N,Full width 183 mm (N),volcano_plot,183.0,WARN,32,0,0,False,0.0,5.5,tick,8.04,125.2,133.7,-31.6,8,76,warn,Style control 'palette_name' a volcano colours points by significance class (up  | Style control 'line_width_pt' a volcano colours points by significance class (up,exported width 125.2 mm deviates -32% from target 183.0 mm,../../../../../../tmp/jp_qc_merged2/previews/full_183mm_N/volcano_plot.png
full_183mm_N,Full width 183 mm (N),scatterplot_with_regression,183.0,WARN,25,0,0,False,0.0,5.5,tick,8.21,122.6,118.0,-33.0,11,76,warn,,exported width 122.6 mm deviates -33% from target 183.0 mm,../../../../../../tmp/jp_qc_merged2/previews/full_183mm_N/scatterplot_with_regression.png
full_183mm_N,Full width 183 mm (N),boxplot_or_violin_with_points,183.0,PASS,15,0,0,False,0.0,5.5,tick,5.63,178.8,142.2,-2.3,10,76,warn,,,../../../../../../tmp/jp_qc_merged2/previews/full_183mm_N/boxplot_or_violin_with_points.png
full_183mm_N,Full width 183 mm (N),lineplot_timecourse_with_error_band,183.0,PASS,23,0,0,False,0.0,5.5,tick,5.63,178.7,123.9,-2.3,9,64,warn,Style control 'marker_size' does not apply to this plot type; it was ignored for,,../../../../../../tmp/jp_qc_merged2/previews/full_183mm_N/lineplot_timecourse_with_error_band.png
full_183mm_N,Full width 183 mm (N),ridge_or_density_plot,183.0,PASS,13,0,0,False,0.0,5.5,tick,5.63,178.8,160.5,-2.3,8,64,warn,Style control 'marker_size' does not apply to this plot type; it was ignored for,,../../../../../../tmp/jp_qc_merged2/previews/full_183mm_N/ridge_or_density_plot.png
full_183mm_N,Full width 183 mm (N),histogram_distribution,183.0,PASS,33,0,0,False,0.0,5.5,tick,5.63,178.8,98.6,-2.3,11,76,warn,,,../../../../../../tmp/jp_qc_merged2/previews/full_183mm_N/histogram_distribution.png
full_183mm_N,Full width 183 mm (N),enrichment_dotplot,183.0,PASS,34,0,0,False,0.0,5.5,tick,5.62,179.0,139.3,-2.2,12,76,warn,Style control 'line_width_pt' does not apply to this plot type; it was ignored f | Style control 'marker_size' does not apply to this plot type; it was ignored for,,../../../../../../tmp/jp_qc_merged2/previews/full_183mm_N/enrichment_dotplot.png
full_183mm_N,Full width 183 mm (N),kaplan_meier_survival_curve,183.0,PASS,21,0,0,False,0.0,5.5,tick,5.63,178.8,142.2,-2.3,9,64,warn,Style control 'marker_size' does not apply to this plot type; it was ignored for,,../../../../../../tmp/jp_qc_merged2/previews/full_183mm_N/kaplan_meier_survival_curve.png
full_183mm_N,Full width 183 mm (N),stacked_bar_composition,183.0,WARN,45,0,0,True,0.395,5.5,tick,5.63,178.8,123.9,-2.3,30,76,warn,Style control 'line_width_pt' stacked bars have no markers or data lines; it was | Style control 'marker_size' stacked bars have no markers or data lines; it was i,legend covers data (39% of legend box),../../../../../../tmp/jp_qc_merged2/previews/full_183mm_N/stacked_bar_composition.png
full_183mm_N,Full width 183 mm (N),waterfall_plot,183.0,WARN,16,0,0,False,0.0,5.5,tick,6.63,151.9,105.6,-17.0,10,88,warn,Style control 'line_width_pt' does not apply to this plot type; it was ignored f | Style control 'marker_size' does not apply to this plot type; it was ignored for,exported width 151.9 mm deviates -17% from target 183.0 mm,../../../../../../tmp/jp_qc_merged2/previews/full_183mm_N/waterfall_plot.png
full_183mm_N,Full width 183 mm (N),pca_scatter_from_matrix,183.0,PASS,20,0,0,False,0.0,5.5,tick,5.63,178.8,151.4,-2.3,7,76,warn,Style control 'line_width_pt' does not apply to this plot type; it was ignored f,,../../../../../../tmp/jp_qc_merged2/previews/full_183mm_N/pca_scatter_from_matrix.png
full_183mm_N,Full width 183 mm (N),oncoprint_mutation_heatmap,183.0,WARN,17,0,0,True,0.882,5.5,tick,6.37,158.1,123.9,-13.6,10,88,warn,"Style control 'line_width_pt' oncoprints use categorical mutation colors, not ma | Style control 'marker_size' oncoprints use categorical mutation colors, not mark",legend covers data (88% of legend box),../../../../../../tmp/jp_qc_merged2/previews/full_183mm_N/oncoprint_mutation_heatmap.png
full_183mm_N,Full width 183 mm (N),lollipop_mutation_plot,183.0,WARN,29,0,0,False,0.0,5.5,tick,7.57,132.9,66.3,-27.4,10,76,warn,Style control 'marker_size' does not apply to this plot type; it was ignored for,exported width 132.9 mm deviates -27% from target 183.0 mm,../../../../../../tmp/jp_qc_merged2/previews/full_183mm_N/lollipop_mutation_plot.png
full_183mm_N,Full width 183 mm (N),roc_curve,183.0,PASS,17,0,0,False,0.0,5.5,tick,5.65,178.0,178.8,-2.7,7,76,warn,Style control 'marker_size' does not apply to this plot type; it was ignored for,,../../../../../../tmp/jp_qc_merged2/previews/full_183mm_N/roc_curve.png
full_183mm_N,Full width 183 mm (N),forest_plot,183.0,PASS,16,0,0,False,0.0,5.5,tick,5.63,178.8,123.9,-2.3,9,76,warn,Style control 'legend_pt' does not apply to this plot type; it was ignored for t | Style control 'marker_size' does not apply to this plot type; it was ignored for | Style control 'legend_outside' does not apply to this plot type; it was ignored ,,../../../../../../tmp/jp_qc_merged2/previews/full_183mm_N/forest_plot.png
full_183mm_N,Full width 183 mm (N),dot_strip_plot,183.0,PASS,15,0,0,False,0.0,5.5,tick,5.63,178.8,127.6,-2.3,10,76,warn,,,../../../../../../tmp/jp_qc_merged2/previews/full_183mm_N/dot_strip_plot.png
full_183mm_N,Full width 183 mm (N),beeswarm_plot,183.0,PASS,13,0,0,False,0.0,5.5,tick,5.63,178.8,127.6,-2.3,8,76,warn,,,../../../../../../tmp/jp_qc_merged2/previews/full_183mm_N/beeswarm_plot.png
full_183mm_N,Full width 183 mm (N),paired_slopegraph,183.0,PASS,13,0,0,False,0.0,5.5,tick,5.63,178.8,151.4,-2.3,9,76,warn,,,../../../../../../tmp/jp_qc_merged2/previews/full_183mm_N/paired_slopegraph.png
full_183mm_N,Full width 183 mm (N),raincloud_plot,183.0,PASS,12,0,0,False,0.0,5.5,tick,5.63,178.8,127.6,-2.3,7,76,warn,Style control 'legend_pt' does not apply to this plot type; it was ignored for t | Style control 'legend_outside' does not apply to this plot type; it was ignored ,,../../../../../../tmp/jp_qc_merged2/previews/full_183mm_N/raincloud_plot.png
full_183mm_N,Full width 183 mm (N),hierarchical_dendrogram,183.0,PASS,35,0,0,False,0.0,5.5,tick,5.63,178.8,109.3,-2.3,24,76,warn,Style control 'legend_pt' a dendrogram has no markers; branch width follows the  | Style control 'line_width_pt' a dendrogram has no markers; branch width follows  | Style control 'marker_size' a dendrogram has no markers; branch width follows th,,../../../../../../tmp/jp_qc_merged2/previews/full_183mm_N/hierarchical_dendrogram.png
full_183mm_N,Full width 183 mm (N),ma_plot,183.0,FAIL,32,1,0,False,0.0,5.5,tick,6.69,150.5,109.4,-17.8,9,64,warn,Style control 'line_width_pt' does not apply to this plot type; it was ignored f,1 overlapping text pair(s); exported width 150.5 mm deviates -18% from target 183.0 mm,../../../../../../tmp/jp_qc_merged2/previews/full_183mm_N/ma_plot.png
full_183mm_N,Full width 183 mm (N),manhattan_plot,183.0,PASS,37,0,0,False,0.0,5.5,tick,5.63,178.8,87.3,-2.3,23,76,warn,,,../../../../../../tmp/jp_qc_merged2/previews/full_183mm_N/manhattan_plot.png
full_183mm_N,Full width 183 mm (N),qq_plot,183.0,PASS,23,0,0,False,0.0,5.5,tick,5.63,178.8,164.2,-2.3,10,76,warn,Style control 'legend_pt' does not apply to this plot type; it was ignored for t | Style control 'legend_outside' does not apply to this plot type; it was ignored ,,../../../../../../tmp/jp_qc_merged2/previews/full_183mm_N/qq_plot.png
full_183mm_N,Full width 183 mm (N),bland_altman_plot,183.0,PASS,20,0,0,False,0.0,5.5,tick,5.63,178.8,127.6,-2.3,9,76,warn,Style control 'legend_pt' does not apply to this plot type; it was ignored for t | Style control 'legend_outside' does not apply to this plot type; it was ignored ,,../../../../../../tmp/jp_qc_merged2/previews/full_183mm_N/bland_altman_plot.png
full_183mm_N,Full width 183 mm (N),precision_recall_curve,183.0,PASS,18,0,0,False,0.0,5.5,tick,5.65,178.0,178.8,-2.7,7,76,warn,Style control 'marker_size' does not apply to this plot type; it was ignored for,,../../../../../../tmp/jp_qc_merged2/previews/full_183mm_N/precision_recall_curve.png
full_183mm_N,Full width 183 mm (N),confusion_matrix,183.0,PASS,26,0,0,False,0.0,5.5,tick,5.63,178.8,178.8,-2.3,8,76,warn,Style control 'legend_pt' does not apply to this plot type; it was ignored for t | Style control 'line_width_pt' does not apply to this plot type; it was ignored f | Style control 'marker_size' does not apply to this plot type; it was ignored for,,../../../../../../tmp/jp_qc_merged2/previews/full_183mm_N/confusion_matrix.png
full_183mm_N,Full width 183 mm (N),calibration_plot,183.0,PASS,20,0,0,False,0.0,5.5,tick,5.61,179.3,178.3,-2.0,8,76,warn,,,../../../../../../tmp/jp_qc_merged2/previews/full_183mm_N/calibration_plot.png
full_183mm_N,Full width 183 mm (N),dose_response_curve,183.0,FAIL,22,1,0,False,0.0,5.5,tick,8.13,123.8,110.2,-32.3,9,76,warn,,1 overlapping text pair(s); exported width 123.8 mm deviates -32% from target 183.0 mm,../../../../../../tmp/jp_qc_merged2/previews/full_183mm_N/dose_response_curve.png
full_183mm_N,Full width 183 mm (N),upset_plot,183.0,WARN,36,0,0,False,0.0,5.5,tick,6.74,149.3,131.8,-18.4,8,76,warn,Style control 'legend_pt' does not apply to this plot type; it was ignored for t | Style control 'legend_outside' does not apply to this plot type; it was ignored ,exported width 149.3 mm deviates -18% from target 183.0 mm,../../../../../../tmp/jp_qc_merged2/previews/full_183mm_N/upset_plot.png
full_183mm_N,Full width 183 mm (N),swimmer_plot,183.0,WARN,34,0,0,False,0.0,5.5,tick,6.65,151.3,148.7,-17.3,20,76,warn,Style control 'line_width_pt' does not apply to this plot type; it was ignored f,exported width 151.3 mm deviates -17% from target 183.0 mm,../../../../../../tmp/jp_qc_merged2/previews/full_183mm_N/swimmer_plot.png
full_183mm_N,Full width 183 mm (N),spider_plot,183.0,WARN,23,0,0,False,0.0,5.5,tick,8.1,124.3,109.4,-32.1,11,76,warn,,exported width 124.3 mm deviates -32% from target 183.0 mm,../../../../../../tmp/jp_qc_merged2/previews/full_183mm_N/spider_plot.png
full_183mm_N,Full width 183 mm (N),sankey_plot,183.0,WARN,24,0,0,False,0.0,5.5,tick,7.22,139.5,89.9,-23.8,10,88,warn,"Style control 'legend_pt' flows have no axes, markers or lines in the plot sense | Style control 'line_width_pt' flows have no axes, markers or lines in the plot s | Style control 'marker_size' flows have no axes, markers or lines in the plot sen",exported width 139.5 mm deviates -24% from target 183.0 mm,../../../../../../tmp/jp_qc_merged2/previews/full_183mm_N/sankey_plot.png
full_183mm_N,Full width 183 mm (N),embedding_scatter,183.0,WARN,26,0,0,False,0.0,5.5,tick,8.17,123.2,88.1,-32.7,10,76,warn,Style control 'line_width_pt' does not apply to this plot type; it was ignored f,exported width 123.2 mm deviates -33% from target 183.0 mm,../../../../../../tmp/jp_qc_merged2/previews/full_183mm_N/embedding_scatter.png
full_183mm_N,Full width 183 mm (N),hierarchical_clustering,183.0,WARN,59,0,0,True,1.0,5.5,tick,5.64,178.3,156.2,-2.6,30,76,warn,Style control 'line_width_pt' does not apply to this plot type; it was ignored f | Style control 'marker_size' does not apply to this plot type; it was ignored for,legend covers data (100% of legend box),../../../../../../tmp/jp_qc_merged2/previews/full_183mm_N/hierarchical_clustering.png
full_183mm_N,Full width 183 mm (N),network_graph,183.0,FAIL,23,1,0,False,0.0,5.5,legend,8.8,114.4,130.8,-37.5,0,100,pass,Style control 'line_width_pt' does not apply to network plots (they have no axes | Style control 'marker_size' does not apply to network plots (they have no axes; ,1 overlapping text pair(s); exported width 114.4 mm deviates -38% from target 183.0 mm,../../../../../../tmp/jp_qc_merged2/previews/full_183mm_N/network_graph.png
full_183mm_N,Full width 183 mm (N),chord_diagram,183.0,PASS,24,0,0,False,0.0,5.5,tick,5.73,175.7,175.7,-4.0,7,88,warn,Style control 'line_width_pt' does not apply to this plot type; it was ignored f | Style control 'marker_size' does not apply to this plot type; it was ignored for,,../../../../../../tmp/jp_qc_merged2/previews/full_183mm_N/chord_diagram.png
full_184mm_S,Full width 184 mm (S),barplot_with_error_bar,184.0,PASS,12,0,0,False,0.0,6.5,tick,6.68,179.0,142.2,-2.7,6,76,warn,Style control 'line_width_pt' bars have no markers or data lines; error-bar and ,,../../../../../../tmp/jp_qc_merged2/previews/full_184mm_S/barplot_with_error_bar.png
full_184mm_S,Full width 184 mm (S),grouped_barplot_with_error_bar,184.0,WARN,17,0,0,False,0.0,6.5,tick,9.5,125.9,107.3,-31.6,10,76,warn,Style control 'line_width_pt' bars have no markers or data lines; error-bar and ,exported width 125.9 mm deviates -32% from target 184.0 mm,../../../../../../tmp/jp_qc_merged2/previews/full_184mm_S/grouped_barplot_with_error_bar.png
full_184mm_S,Full width 184 mm (S),heatmap_clustered_matrix,184.0,PASS,52,0,0,False,0.0,6.5,tick,6.67,179.2,157.6,-2.6,30,76,warn,"Using 12 value column(s): ['Ctrl_1', 'Ctrl_2', 'Ctrl_3', 'Ctrl_4', 'DrugA_1', 'D | Style control 'line_width_pt' heatmaps use a continuous colormap, not per-point  | Style control 'marker_size' heatmaps use a continuous colormap, not per-point ma",,../../../../../../tmp/jp_qc_merged2/previews/full_184mm_S/heatmap_clustered_matrix.png
full_184mm_S,Full width 184 mm (S),volcano_plot,184.0,WARN,32,0,0,False,0.0,6.5,tick,9.45,126.6,134.6,-31.2,8,76,warn,Style control 'palette_name' a volcano colours points by significance class (up  | Style control 'line_width_pt' a volcano colours points by significance class (up,exported width 126.6 mm deviates -31% from target 184.0 mm,../../../../../../tmp/jp_qc_merged2/previews/full_184mm_S/volcano_plot.png
full_184mm_S,Full width 184 mm (S),scatterplot_with_regression,184.0,WARN,25,0,0,False,0.0,6.5,tick,9.66,123.8,118.9,-32.7,11,76,warn,,exported width 123.8 mm deviates -33% from target 184.0 mm,../../../../../../tmp/jp_qc_merged2/previews/full_184mm_S/scatterplot_with_regression.png
full_184mm_S,Full width 184 mm (S),boxplot_or_violin_with_points,184.0,PASS,15,0,0,False,0.0,6.5,tick,6.68,179.0,142.2,-2.7,10,76,warn,,,../../../../../../tmp/jp_qc_merged2/previews/full_184mm_S/boxplot_or_violin_with_points.png
full_184mm_S,Full width 184 mm (S),lineplot_timecourse_with_error_band,184.0,PASS,23,0,0,False,0.0,6.5,tick,6.69,178.8,123.8,-2.8,9,64,warn,Style control 'marker_size' does not apply to this plot type; it was ignored for,,../../../../../../tmp/jp_qc_merged2/previews/full_184mm_S/lineplot_timecourse_with_error_band.png
full_184mm_S,Full width 184 mm (S),ridge_or_density_plot,184.0,PASS,13,0,0,False,0.0,6.5,tick,6.68,179.0,160.6,-2.7,8,64,warn,Style control 'marker_size' does not apply to this plot type; it was ignored for,,../../../../../../tmp/jp_qc_merged2/previews/full_184mm_S/ridge_or_density_plot.png
full_184mm_S,Full width 184 mm (S),histogram_distribution,184.0,PASS,33,0,0,False,0.0,6.5,tick,6.68,179.0,98.4,-2.7,11,76,warn,,,../../../../../../tmp/jp_qc_merged2/previews/full_184mm_S/histogram_distribution.png
full_184mm_S,Full width 184 mm (S),enrichment_dotplot,184.0,PASS,34,0,0,False,0.0,6.5,tick,6.67,179.2,138.5,-2.6,12,76,warn,Style control 'line_width_pt' does not apply to this plot type; it was ignored f | Style control 'marker_size' does not apply to this plot type; it was ignored for,,../../../../../../tmp/jp_qc_merged2/previews/full_184mm_S/enrichment_dotplot.png
full_184mm_S,Full width 184 mm (S),kaplan_meier_survival_curve,184.0,PASS,21,0,0,False,0.0,6.5,tick,6.68,179.0,142.2,-2.7,9,64,warn,Style control 'marker_size' does not apply to this plot type; it was ignored for,,../../../../../../tmp/jp_qc_merged2/previews/full_184mm_S/kaplan_meier_survival_curve.png
full_184mm_S,Full width 184 mm (S),stacked_bar_composition,184.0,WARN,45,0,0,True,0.437,6.5,tick,6.68,179.0,123.8,-2.7,30,76,warn,Style control 'line_width_pt' stacked bars have no markers or data lines; it was | Style control 'marker_size' stacked bars have no markers or data lines; it was i,legend covers data (44% of legend box),../../../../../../tmp/jp_qc_merged2/previews/full_184mm_S/stacked_bar_composition.png
full_184mm_S,Full width 184 mm (S),waterfall_plot,184.0,WARN,16,0,0,False,0.0,6.5,tick,8.08,148.0,105.4,-19.6,10,88,warn,Style control 'line_width_pt' does not apply to this plot type; it was ignored f | Style control 'marker_size' does not apply to this plot type; it was ignored for,exported width 148.0 mm deviates -20% from target 184.0 mm,../../../../../../tmp/jp_qc_merged2/previews/full_184mm_S/waterfall_plot.png
full_184mm_S,Full width 184 mm (S),pca_scatter_from_matrix,184.0,PASS,20,0,0,False,0.0,6.5,tick,6.68,179.0,151.4,-2.7,7,76,warn,Style control 'line_width_pt' does not apply to this plot type; it was ignored f,,../../../../../../tmp/jp_qc_merged2/previews/full_184mm_S/pca_scatter_from_matrix.png
full_184mm_S,Full width 184 mm (S),oncoprint_mutation_heatmap,184.0,WARN,17,0,0,True,0.975,6.5,tick,7.73,154.7,123.8,-15.9,10,88,warn,"Style control 'line_width_pt' oncoprints use categorical mutation colors, not ma | Style control 'marker_size' oncoprints use categorical mutation colors, not mark",legend covers data (98% of legend box); exported width 154.7 mm deviates -16% from target 184.0 mm,../../../../../../tmp/jp_qc_merged2/previews/full_184mm_S/oncoprint_mutation_heatmap.png
full_184mm_S,Full width 184 mm (S),lollipop_mutation_plot,184.0,WARN,29,0,0,False,0.0,6.5,tick,8.92,134.1,66.9,-27.1,10,76,warn,Style control 'marker_size' does not apply to this plot type; it was ignored for,exported width 134.1 mm deviates -27% from target 184.0 mm,../../../../../../tmp/jp_qc_merged2/previews/full_184mm_S/lollipop_mutation_plot.png
full_184mm_S,Full width 184 mm (S),roc_curve,184.0,PASS,17,0,0,False,0.0,6.5,tick,6.69,178.8,179.0,-2.8,7,76,warn,Style control 'marker_size' does not apply to this plot type; it was ignored for,,../../../../../../tmp/jp_qc_merged2/previews/full_184mm_S/roc_curve.png
full_184mm_S,Full width 184 mm (S),forest_plot,184.0,PASS,16,0,0,False,0.0,6.5,tick,6.68,179.0,123.8,-2.7,9,76,warn,Style control 'legend_pt' does not apply to this plot type; it was ignored for t | Style control 'marker_size' does not apply to this plot type; it was ignored for | Style control 'legend_outside' does not apply to this plot type; it was ignored ,,../../../../../../tmp/jp_qc_merged2/previews/full_184mm_S/forest_plot.png
full_184mm_S,Full width 184 mm (S),dot_strip_plot,184.0,PASS,15,0,0,False,0.0,6.5,tick,6.68,179.0,127.5,-2.7,10,76,warn,,,../../../../../../tmp/jp_qc_merged2/previews/full_184mm_S/dot_strip_plot.png
full_184mm_S,Full width 184 mm (S),beeswarm_plot,184.0,PASS,13,0,0,False,0.0,6.5,tick,6.68,179.0,127.5,-2.7,8,76,warn,,,../../../../../../tmp/jp_qc_merged2/previews/full_184mm_S/beeswarm_plot.png
full_184mm_S,Full width 184 mm (S),paired_slopegraph,184.0,PASS,13,0,0,False,0.0,6.5,tick,6.68,179.0,151.4,-2.7,9,76,warn,,,../../../../../../tmp/jp_qc_merged2/previews/full_184mm_S/paired_slopegraph.png
full_184mm_S,Full width 184 mm (S),raincloud_plot,184.0,PASS,12,0,0,False,0.0,6.5,tick,6.68,179.0,127.5,-2.7,7,76,warn,Style control 'legend_pt' does not apply to this plot type; it was ignored for t | Style control 'legend_outside' does not apply to this plot type; it was ignored ,,../../../../../../tmp/jp_qc_merged2/previews/full_184mm_S/raincloud_plot.png
full_184mm_S,Full width 184 mm (S),hierarchical_dendrogram,184.0,PASS,35,0,0,False,0.0,6.5,tick,6.68,179.0,109.1,-2.7,24,76,warn,Style control 'legend_pt' a dendrogram has no markers; branch width follows the  | Style control 'line_width_pt' a dendrogram has no markers; branch width follows  | Style control 'marker_size' a dendrogram has no markers; branch width follows th,,../../../../../../tmp/jp_qc_merged2/previews/full_184mm_S/hierarchical_dendrogram.png
full_184mm_S,Full width 184 mm (S),ma_plot,184.0,FAIL,32,1,0,False,0.0,6.5,tick,7.88,151.8,110.2,-17.5,9,64,warn,Style control 'line_width_pt' does not apply to this plot type; it was ignored f,1 overlapping text pair(s); exported width 151.8 mm deviates -18% from target 184.0 mm,../../../../../../tmp/jp_qc_merged2/previews/full_184mm_S/ma_plot.png
full_184mm_S,Full width 184 mm (S),manhattan_plot,184.0,PASS,37,0,0,False,0.0,6.5,tick,6.68,179.0,87.0,-2.7,23,76,warn,,,../../../../../../tmp/jp_qc_merged2/previews/full_184mm_S/manhattan_plot.png
full_184mm_S,Full width 184 mm (S),qq_plot,184.0,PASS,23,0,0,False,0.0,6.5,tick,6.68,179.0,164.3,-2.7,10,76,warn,Style control 'legend_pt' does not apply to this plot type; it was ignored for t | Style control 'legend_outside' does not apply to this plot type; it was ignored ,,../../../../../../tmp/jp_qc_merged2/previews/full_184mm_S/qq_plot.png
full_184mm_S,Full width 184 mm (S),bland_altman_plot,184.0,PASS,20,0,0,False,0.0,6.5,tick,6.68,179.0,127.5,-2.7,9,76,warn,Style control 'legend_pt' does not apply to this plot type; it was ignored for t | Style control 'legend_outside' does not apply to this plot type; it was ignored ,,../../../../../../tmp/jp_qc_merged2/previews/full_184mm_S/bland_altman_plot.png
full_184mm_S,Full width 184 mm (S),precision_recall_curve,184.0,PASS,18,0,0,False,0.0,6.5,tick,6.69,178.8,179.0,-2.8,7,76,warn,Style control 'marker_size' does not apply to this plot type; it was ignored for,,../../../../../../tmp/jp_qc_merged2/previews/full_184mm_S/precision_recall_curve.png
full_184mm_S,Full width 184 mm (S),confusion_matrix,184.0,PASS,26,0,0,False,0.0,6.5,tick,6.68,179.0,179.0,-2.7,8,76,warn,Style control 'legend_pt' does not apply to this plot type; it was ignored for t | Style control 'line_width_pt' does not apply to this plot type; it was ignored f | Style control 'marker_size' does not apply to this plot type; it was ignored for,,../../../../../../tmp/jp_qc_merged2/previews/full_184mm_S/confusion_matrix.png
full_184mm_S,Full width 184 mm (S),calibration_plot,184.0,PASS,20,0,0,False,0.0,6.5,tick,6.66,179.5,178.2,-2.4,8,76,warn,,,../../../../../../tmp/jp_qc_merged2/previews/full_184mm_S/calibration_plot.png
full_184mm_S,Full width 184 mm (S),dose_response_curve,184.0,FAIL,22,1,0,False,0.0,6.5,tick,9.55,125.2,111.0,-32.0,9,76,warn,,1 overlapping text pair(s); exported width 125.2 mm deviates -32% from target 184.0 mm,../../../../../../tmp/jp_qc_merged2/previews/full_184mm_S/dose_response_curve.png
full_184mm_S,Full width 184 mm (S),upset_plot,184.0,WARN,36,0,0,False,0.0,6.5,tick,7.84,152.5,132.0,-17.1,8,76,warn,Style control 'legend_pt' does not apply to this plot type; it was ignored for t | Style control 'legend_outside' does not apply to this plot type; it was ignored ,exported width 152.5 mm deviates -17% from target 184.0 mm,../../../../../../tmp/jp_qc_merged2/previews/full_184mm_S/upset_plot.png
full_184mm_S,Full width 184 mm (S),swimmer_plot,184.0,WARN,34,0,0,False,0.0,6.5,tick,7.83,152.8,149.0,-17.0,20,76,warn,Style control 'line_width_pt' does not apply to this plot type; it was ignored f,exported width 152.8 mm deviates -17% from target 184.0 mm,../../../../../../tmp/jp_qc_merged2/previews/full_184mm_S/swimmer_plot.png
full_184mm_S,Full width 184 mm (S),spider_plot,184.0,WARN,23,0,0,False,0.0,6.5,tick,9.52,125.6,110.2,-31.7,11,76,warn,,exported width 125.6 mm deviates -32% from target 184.0 mm,../../../../../../tmp/jp_qc_merged2/previews/full_184mm_S/spider_plot.png
full_184mm_S,Full width 184 mm (S),sankey_plot,184.0,WARN,24,0,0,False,0.0,6.5,tick,8.57,139.5,89.9,-24.2,10,88,warn,"Style control 'legend_pt' flows have no axes, markers or lines in the plot sense | Style control 'line_width_pt' flows have no axes, markers or lines in the plot s | Style control 'marker_size' flows have no axes, markers or lines in the plot sen",exported width 139.5 mm deviates -24% from target 184.0 mm,../../../../../../tmp/jp_qc_merged2/previews/full_184mm_S/sankey_plot.png
full_184mm_S,Full width 184 mm (S),embedding_scatter,184.0,WARN,26,0,0,False,0.0,6.5,tick,9.61,124.4,88.8,-32.4,10,76,warn,Style control 'line_width_pt' does not apply to this plot type; it was ignored f,exported width 124.4 mm deviates -32% from target 184.0 mm,../../../../../../tmp/jp_qc_merged2/previews/full_184mm_S/embedding_scatter.png
full_184mm_S,Full width 184 mm (S),hierarchical_clustering,184.0,WARN,59,0,0,True,1.0,6.0,tick,6.18,178.5,155.4,-3.0,30,76,warn,Style control 'line_width_pt' does not apply to this plot type; it was ignored f | Style control 'marker_size' does not apply to this plot type; it was ignored for,legend covers data (100% of legend box),../../../../../../tmp/jp_qc_merged2/previews/full_184mm_S/hierarchical_clustering.png
full_184mm_S,Full width 184 mm (S),network_graph,184.0,FAIL,23,1,0,False,0.0,6.5,legend,10.4,115.0,131.5,-37.5,0,100,pass,Style control 'line_width_pt' does not apply to network plots (they have no axes | Style control 'marker_size' does not apply to network plots (they have no axes; ,1 overlapping text pair(s); exported width 115.0 mm deviates -38% from target 184.0 mm,../../../../../../tmp/jp_qc_merged2/previews/full_184mm_S/network_graph.png
full_184mm_S,Full width 184 mm (S),chord_diagram,184.0,FAIL,24,1,0,False,0.0,6.5,tick,6.77,176.6,176.6,-4.0,7,88,warn,Style control 'line_width_pt' does not apply to this plot type; it was ignored f | Style control 'marker_size' does not apply to this plot type; it was ignored for,1 overlapping text pair(s),../../../../../../tmp/jp_qc_merged2/previews/full_184mm_S/chord_diagram.png
gc_bar_points_jittered,Bar + observations (jittered),barplot_with_error_bar,,PASS,12,0,0,False,0.0,10.0,tick,10.0,101.6,79.6,,6,100,pass,,,../../../../../../tmp/jp_qc_merged2/previews/gc_bar_points_jittered/barplot_with_error_bar.png
gc_bar_points_jittered,Bar + observations (jittered),grouped_barplot_with_error_bar,,PASS,13,0,0,False,0.0,10.0,tick,10.0,113.9,71.1,,6,100,pass,,,../../../../../../tmp/jp_qc_merged2/previews/gc_bar_points_jittered/grouped_barplot_with_error_bar.png
gc_bar_points_jittered,Bar + observations (jittered),heatmap_clustered_matrix,,PASS,52,0,0,False,0.0,9.0,tick,9.0,101.6,154.2,,30,100,pass,"Using 12 value column(s): ['Ctrl_1', 'Ctrl_2', 'Ctrl_3', 'Ctrl_4', 'DrugA_1', 'D",,../../../../../../tmp/jp_qc_merged2/previews/gc_bar_points_jittered/heatmap_clustered_matrix.png
gc_bar_points_jittered,Bar + observations (jittered),volcano_plot,,FAIL,32,4,0,False,0.0,9.5,title,9.5,120.7,90.1,,8,100,pass,,4 overlapping text pair(s),../../../../../../tmp/jp_qc_merged2/previews/gc_bar_points_jittered/volcano_plot.png
gc_bar_points_jittered,Bar + observations (jittered),scatterplot_with_regression,,FAIL,20,1,0,False,0.0,9.5,annotation,9.5,148.0,78.0,,8,88,warn,,1 overlapping text pair(s),../../../../../../tmp/jp_qc_merged2/previews/gc_bar_points_jittered/scatterplot_with_regression.png
gc_bar_points_jittered,Bar + observations (jittered),boxplot_or_violin_with_points,,PASS,11,0,0,False,0.0,10.0,tick,10.0,98.3,79.6,,6,100,pass,,,../../../../../../tmp/jp_qc_merged2/previews/gc_bar_points_jittered/boxplot_or_violin_with_points.png
gc_bar_points_jittered,Bar + observations (jittered),lineplot_timecourse_with_error_band,,WARN,23,0,0,True,0.208,10.0,tick,10.0,101.6,68.6,,9,88,warn,,legend covers data (21% of legend box),../../../../../../tmp/jp_qc_merged2/previews/gc_bar_points_jittered/lineplot_timecourse_with_error_band.png
gc_bar_points_jittered,Bar + observations (jittered),ridge_or_density_plot,,PASS,13,0,0,False,0.0,10.0,tick,10.0,101.6,90.6,,8,88,warn,,,../../../../../../tmp/jp_qc_merged2/previews/gc_bar_points_jittered/ridge_or_density_plot.png
gc_bar_points_jittered,Bar + observations (jittered),histogram_distribution,,PASS,19,0,0,False,0.0,10.0,tick,10.0,101.6,53.4,,6,100,pass,,,../../../../../../tmp/jp_qc_merged2/previews/gc_bar_points_jittered/histogram_distribution.png
gc_bar_points_jittered,Bar + observations (jittered),enrichment_dotplot,,PASS,27,0,0,False,0.0,10.0,tick,10.0,97.7,88.4,,12,100,pass,,,../../../../../../tmp/jp_qc_merged2/previews/gc_bar_points_jittered/enrichment_dotplot.png
gc_bar_points_jittered,Bar + observations (jittered),kaplan_meier_survival_curve,,PASS,21,0,0,False,0.0,10.0,tick,10.0,101.6,79.6,,9,88,warn,,,../../../../../../tmp/jp_qc_merged2/previews/gc_bar_points_jittered/kaplan_meier_survival_curve.png
gc_bar_points_jittered,Bar + observations (jittered),stacked_bar_composition,,FAIL,45,29,0,False,0.0,10.0,tick,10.0,101.4,68.6,,30,100,pass,,29 overlapping text pair(s),../../../../../../tmp/jp_qc_merged2/previews/gc_bar_points_jittered/stacked_bar_composition.png
gc_bar_points_jittered,Bar + observations (jittered),waterfall_plot,,PASS,14,0,0,False,0.0,10.0,tick,10.0,100.8,57.6,,8,100,pass,,,../../../../../../tmp/jp_qc_merged2/previews/gc_bar_points_jittered/waterfall_plot.png
gc_bar_points_jittered,Bar + observations (jittered),pca_scatter_from_matrix,,FAIL,20,1,0,False,0.0,10.0,tick,10.0,101.6,85.1,,7,100,pass,,1 overlapping text pair(s),../../../../../../tmp/jp_qc_merged2/previews/gc_bar_points_jittered/pca_scatter_from_matrix.png
gc_bar_points_jittered,Bar + observations (jittered),oncoprint_mutation_heatmap,,PASS,17,0,0,False,0.0,10.0,tick,10.0,101.6,68.6,,10,100,pass,,,../../../../../../tmp/jp_qc_merged2/previews/gc_bar_points_jittered/oncoprint_mutation_heatmap.png
gc_bar_points_jittered,Bar + observations (jittered),lollipop_mutation_plot,,PASS,24,0,0,False,0.0,10.0,tick,10.0,126.4,47.0,,6,76,warn,,,../../../../../../tmp/jp_qc_merged2/previews/gc_bar_points_jittered/lollipop_mutation_plot.png
gc_bar_points_jittered,Bar + observations (jittered),roc_curve,,PASS,17,0,0,False,0.0,10.0,tick,10.0,103.8,100.6,,7,100,pass,,,../../../../../../tmp/jp_qc_merged2/previews/gc_bar_points_jittered/roc_curve.png
gc_bar_points_jittered,Bar + observations (jittered),forest_plot,,PASS,16,0,0,False,0.0,10.0,tick,10.0,101.6,68.6,,9,100,pass,,,../../../../../../tmp/jp_qc_merged2/previews/gc_bar_points_jittered/forest_plot.png
gc_bar_points_jittered,Bar + observations (jittered),dot_strip_plot,,PASS,11,0,0,False,0.0,10.0,tick,10.0,101.6,70.8,,6,100,pass,,,../../../../../../tmp/jp_qc_merged2/previews/gc_bar_points_jittered/dot_strip_plot.png
gc_bar_points_jittered,Bar + observations (jittered),beeswarm_plot,,PASS,10,0,0,False,0.0,10.0,tick,10.0,101.6,70.8,,5,100,pass,,,../../../../../../tmp/jp_qc_merged2/previews/gc_bar_points_jittered/beeswarm_plot.png
gc_bar_points_jittered,Bar + observations (jittered),paired_slopegraph,,PASS,13,0,0,False,0.0,10.0,tick,10.0,101.6,85.1,,9,100,pass,,,../../../../../../tmp/jp_qc_merged2/previews/gc_bar_points_jittered/paired_slopegraph.png
gc_bar_points_jittered,Bar + observations (jittered),raincloud_plot,,PASS,12,0,0,False,0.0,10.0,tick,10.0,101.6,70.8,,7,100,pass,,,../../../../../../tmp/jp_qc_merged2/previews/gc_bar_points_jittered/raincloud_plot.png
gc_bar_points_jittered,Bar + observations (jittered),hierarchical_dendrogram,,PASS,31,0,0,False,0.0,10.0,tick,10.0,101.5,59.8,,24,100,pass,,,../../../../../../tmp/jp_qc_merged2/previews/gc_bar_points_jittered/hierarchical_dendrogram.png
gc_bar_points_jittered,Bar + observations (jittered),ma_plot,,FAIL,30,6,2,False,0.0,9.5,annotation,9.5,111.7,74.2,,9,88,warn,,6 overlapping text pair(s); 2 clipped annotation(s),../../../../../../tmp/jp_qc_merged2/previews/gc_bar_points_jittered/ma_plot.png
gc_bar_points_jittered,Bar + observations (jittered),manhattan_plot,,WARN,32,0,0,True,0.208,10.0,tick,10.0,104.9,46.6,,23,100,pass,,legend covers data (21% of legend box),../../../../../../tmp/jp_qc_merged2/previews/gc_bar_points_jittered/manhattan_plot.png
gc_bar_points_jittered,Bar + observations (jittered),qq_plot,,PASS,19,0,0,False,0.0,9.5,annotation,9.5,101.6,92.8,,10,100,pass,,,../../../../../../tmp/jp_qc_merged2/previews/gc_bar_points_jittered/qq_plot.png
gc_bar_points_jittered,Bar + observations (jittered),bland_altman_plot,,FAIL,20,3,0,False,0.0,9.5,annotation,9.5,101.6,70.8,,9,100,pass,,3 overlapping text pair(s),../../../../../../tmp/jp_qc_merged2/previews/gc_bar_points_jittered/bland_altman_plot.png
gc_bar_points_jittered,Bar + observations (jittered),precision_recall_curve,,PASS,18,0,0,False,0.0,9.0,legend,9.0,103.8,100.6,,7,100,pass,,,../../../../../../tmp/jp_qc_merged2/previews/gc_bar_points_jittered/precision_recall_curve.png
gc_bar_points_jittered,Bar + observations (jittered),confusion_matrix,,PASS,26,0,0,False,0.0,10.0,tick,10.0,101.6,101.6,,8,100,pass,,,../../../../../../tmp/jp_qc_merged2/previews/gc_bar_points_jittered/confusion_matrix.png
gc_bar_points_jittered,Bar + observations (jittered),calibration_plot,,PASS,20,0,0,False,0.0,9.0,legend,9.0,102.1,98.9,,8,100,pass,,,../../../../../../tmp/jp_qc_merged2/previews/gc_bar_points_jittered/calibration_plot.png
gc_bar_points_jittered,Bar + observations (jittered),dose_response_curve,,FAIL,22,1,0,False,0.0,10.0,tick,10.0,110.7,73.7,,9,100,pass,,1 overlapping text pair(s),../../../../../../tmp/jp_qc_merged2/previews/gc_bar_points_jittered/dose_response_curve.png
gc_bar_points_jittered,Bar + observations (jittered),upset_plot,,PASS,36,0,0,False,0.0,9.0,annotation,9.0,139.9,135.7,,8,100,pass,,,../../../../../../tmp/jp_qc_merged2/previews/gc_bar_points_jittered/upset_plot.png
gc_bar_points_jittered,Bar + observations (jittered),swimmer_plot,,PASS,38,0,0,False,0.0,10.0,tick,10.0,132.7,152.7,,20,88,warn,,,../../../../../../tmp/jp_qc_merged2/previews/gc_bar_points_jittered/swimmer_plot.png
gc_bar_points_jittered,Bar + observations (jittered),spider_plot,,FAIL,19,1,0,False,0.0,10.0,tick,10.0,126.6,72.8,,7,88,warn,,1 overlapping text pair(s),../../../../../../tmp/jp_qc_merged2/previews/gc_bar_points_jittered/spider_plot.png
gc_bar_points_jittered,Bar + observations (jittered),sankey_plot,,PASS,24,0,0,False,0.0,10.0,tick,10.0,145.5,91.5,,10,100,pass,,,../../../../../../tmp/jp_qc_merged2/previews/gc_bar_points_jittered/sankey_plot.png
gc_bar_points_jittered,Bar + observations (jittered),embedding_scatter,,PASS,19,0,0,False,0.0,10.0,tick,10.0,114.7,59.9,,6,100,pass,,,../../../../../../tmp/jp_qc_merged2/previews/gc_bar_points_jittered/embedding_scatter.png
gc_bar_points_jittered,Bar + observations (jittered),hierarchical_clustering,,PASS,59,0,0,False,0.0,7.0,tick,7.0,101.6,159.2,,30,100,pass,,,../../../../../../tmp/jp_qc_merged2/previews/gc_bar_points_jittered/hierarchical_clustering.png
gc_bar_points_jittered,Bar + observations (jittered),network_graph,,PASS,23,0,0,False,0.0,8.5,annotation,8.5,115.8,95.5,,0,100,pass,,,../../../../../../tmp/jp_qc_merged2/previews/gc_bar_points_jittered/network_graph.png
gc_bar_points_jittered,Bar + observations (jittered),chord_diagram,,FAIL,32,3,0,False,0.0,10.0,tick,10.0,105.6,120.6,,11,100,pass,,3 overlapping text pair(s),../../../../../../tmp/jp_qc_merged2/previews/gc_bar_points_jittered/chord_diagram.png
gc_bar_points_open,Bar + observations (open circles),barplot_with_error_bar,,PASS,12,0,0,False,0.0,10.0,tick,10.0,101.6,79.6,,6,100,pass,,,../../../../../../tmp/jp_qc_merged2/previews/gc_bar_points_open/barplot_with_error_bar.png
gc_bar_points_open,Bar + observations (open circles),grouped_barplot_with_error_bar,,PASS,13,0,0,False,0.0,10.0,tick,10.0,113.9,71.1,,6,100,pass,,,../../../../../../tmp/jp_qc_merged2/previews/gc_bar_points_open/grouped_barplot_with_error_bar.png
gc_bar_points_open,Bar + observations (open circles),heatmap_clustered_matrix,,PASS,52,0,0,False,0.0,9.0,tick,9.0,101.6,154.2,,30,100,pass,"Using 12 value column(s): ['Ctrl_1', 'Ctrl_2', 'Ctrl_3', 'Ctrl_4', 'DrugA_1', 'D",,../../../../../../tmp/jp_qc_merged2/previews/gc_bar_points_open/heatmap_clustered_matrix.png
gc_bar_points_open,Bar + observations (open circles),volcano_plot,,FAIL,32,4,0,False,0.0,9.5,title,9.5,120.7,90.1,,8,100,pass,,4 overlapping text pair(s),../../../../../../tmp/jp_qc_merged2/previews/gc_bar_points_open/volcano_plot.png
gc_bar_points_open,Bar + observations (open circles),scatterplot_with_regression,,FAIL,20,1,0,False,0.0,9.5,annotation,9.5,134.6,78.0,,8,88,warn,,1 overlapping text pair(s),../../../../../../tmp/jp_qc_merged2/previews/gc_bar_points_open/scatterplot_with_regression.png
gc_bar_points_open,Bar + observations (open circles),boxplot_or_violin_with_points,,PASS,11,0,0,False,0.0,10.0,tick,10.0,98.3,79.6,,6,100,pass,,,../../../../../../tmp/jp_qc_merged2/previews/gc_bar_points_open/boxplot_or_violin_with_points.png
gc_bar_points_open,Bar + observations (open circles),lineplot_timecourse_with_error_band,,WARN,23,0,0,True,0.208,10.0,tick,10.0,101.6,68.6,,9,88,warn,,legend covers data (21% of legend box),../../../../../../tmp/jp_qc_merged2/previews/gc_bar_points_open/lineplot_timecourse_with_error_band.png
gc_bar_points_open,Bar + observations (open circles),ridge_or_density_plot,,PASS,13,0,0,False,0.0,10.0,tick,10.0,101.6,90.6,,8,88,warn,,,../../../../../../tmp/jp_qc_merged2/previews/gc_bar_points_open/ridge_or_density_plot.png
gc_bar_points_open,Bar + observations (open circles),histogram_distribution,,PASS,19,0,0,False,0.0,10.0,tick,10.0,101.6,53.4,,6,100,pass,,,../../../../../../tmp/jp_qc_merged2/previews/gc_bar_points_open/histogram_distribution.png
gc_bar_points_open,Bar + observations (open circles),enrichment_dotplot,,PASS,27,0,0,False,0.0,10.0,tick,10.0,97.7,88.4,,12,100,pass,,,../../../../../../tmp/jp_qc_merged2/previews/gc_bar_points_open/enrichment_dotplot.png
gc_bar_points_open,Bar + observations (open circles),kaplan_meier_survival_curve,,PASS,21,0,0,False,0.0,10.0,tick,10.0,101.6,79.6,,9,88,warn,,,../../../../../../tmp/jp_qc_merged2/previews/gc_bar_points_open/kaplan_meier_survival_curve.png
gc_bar_points_open,Bar + observations (open circles),stacked_bar_composition,,FAIL,45,29,0,False,0.0,10.0,tick,10.0,101.4,68.6,,30,100,pass,,29 overlapping text pair(s),../../../../../../tmp/jp_qc_merged2/previews/gc_bar_points_open/stacked_bar_composition.png
gc_bar_points_open,Bar + observations (open circles),waterfall_plot,,PASS,14,0,0,False,0.0,10.0,tick,10.0,100.8,57.6,,8,100,pass,,,../../../../../../tmp/jp_qc_merged2/previews/gc_bar_points_open/waterfall_plot.png
gc_bar_points_open,Bar + observations (open circles),pca_scatter_from_matrix,,FAIL,20,1,0,False,0.0,10.0,tick,10.0,101.6,85.1,,7,100,pass,,1 overlapping text pair(s),../../../../../../tmp/jp_qc_merged2/previews/gc_bar_points_open/pca_scatter_from_matrix.png
gc_bar_points_open,Bar + observations (open circles),oncoprint_mutation_heatmap,,PASS,17,0,0,False,0.0,10.0,tick,10.0,101.6,68.6,,10,100,pass,,,../../../../../../tmp/jp_qc_merged2/previews/gc_bar_points_open/oncoprint_mutation_heatmap.png
gc_bar_points_open,Bar + observations (open circles),lollipop_mutation_plot,,PASS,24,0,0,False,0.0,10.0,tick,10.0,126.4,47.0,,6,76,warn,,,../../../../../../tmp/jp_qc_merged2/previews/gc_bar_points_open/lollipop_mutation_plot.png
gc_bar_points_open,Bar + observations (open circles),roc_curve,,PASS,17,0,0,False,0.0,10.0,tick,10.0,103.8,100.6,,7,100,pass,,,../../../../../../tmp/jp_qc_merged2/previews/gc_bar_points_open/roc_curve.png
gc_bar_points_open,Bar + observations (open circles),forest_plot,,PASS,16,0,0,False,0.0,10.0,tick,10.0,101.6,68.6,,9,100,pass,,,../../../../../../tmp/jp_qc_merged2/previews/gc_bar_points_open/forest_plot.png
gc_bar_points_open,Bar + observations (open circles),dot_strip_plot,,PASS,11,0,0,False,0.0,10.0,tick,10.0,101.6,70.8,,6,100,pass,,,../../../../../../tmp/jp_qc_merged2/previews/gc_bar_points_open/dot_strip_plot.png
gc_bar_points_open,Bar + observations (open circles),beeswarm_plot,,PASS,10,0,0,False,0.0,10.0,tick,10.0,101.6,70.8,,5,100,pass,,,../../../../../../tmp/jp_qc_merged2/previews/gc_bar_points_open/beeswarm_plot.png
gc_bar_points_open,Bar + observations (open circles),paired_slopegraph,,PASS,13,0,0,False,0.0,10.0,tick,10.0,101.6,85.1,,9,100,pass,,,../../../../../../tmp/jp_qc_merged2/previews/gc_bar_points_open/paired_slopegraph.png
gc_bar_points_open,Bar + observations (open circles),raincloud_plot,,PASS,12,0,0,False,0.0,10.0,tick,10.0,101.6,70.8,,7,100,pass,,,../../../../../../tmp/jp_qc_merged2/previews/gc_bar_points_open/raincloud_plot.png
gc_bar_points_open,Bar + observations (open circles),hierarchical_dendrogram,,PASS,31,0,0,False,0.0,10.0,tick,10.0,101.5,59.8,,24,100,pass,,,../../../../../../tmp/jp_qc_merged2/previews/gc_bar_points_open/hierarchical_dendrogram.png
gc_bar_points_open,Bar + observations (open circles),ma_plot,,FAIL,30,6,2,False,0.0,9.5,annotation,9.5,111.7,74.2,,9,88,warn,,6 overlapping text pair(s); 2 clipped annotation(s),../../../../../../tmp/jp_qc_merged2/previews/gc_bar_points_open/ma_plot.png
gc_bar_points_open,Bar + observations (open circles),manhattan_plot,,WARN,32,0,0,True,0.208,10.0,tick,10.0,104.9,46.6,,23,100,pass,,legend covers data (21% of legend box),../../../../../../tmp/jp_qc_merged2/previews/gc_bar_points_open/manhattan_plot.png
gc_bar_points_open,Bar + observations (open circles),qq_plot,,PASS,19,0,0,False,0.0,9.5,annotation,9.5,101.6,92.8,,10,100,pass,,,../../../../../../tmp/jp_qc_merged2/previews/gc_bar_points_open/qq_plot.png
gc_bar_points_open,Bar + observations (open circles),bland_altman_plot,,FAIL,20,3,0,False,0.0,9.5,annotation,9.5,101.6,70.8,,9,100,pass,,3 overlapping text pair(s),../../../../../../tmp/jp_qc_merged2/previews/gc_bar_points_open/bland_altman_plot.png
gc_bar_points_open,Bar + observations (open circles),precision_recall_curve,,PASS,18,0,0,False,0.0,9.0,legend,9.0,103.8,100.6,,7,100,pass,,,../../../../../../tmp/jp_qc_merged2/previews/gc_bar_points_open/precision_recall_curve.png
gc_bar_points_open,Bar + observations (open circles),confusion_matrix,,PASS,26,0,0,False,0.0,10.0,tick,10.0,101.6,101.6,,8,100,pass,,,../../../../../../tmp/jp_qc_merged2/previews/gc_bar_points_open/confusion_matrix.png
gc_bar_points_open,Bar + observations (open circles),calibration_plot,,PASS,20,0,0,False,0.0,9.0,legend,9.0,102.1,98.9,,8,100,pass,,,../../../../../../tmp/jp_qc_merged2/previews/gc_bar_points_open/calibration_plot.png
gc_bar_points_open,Bar + observations (open circles),dose_response_curve,,FAIL,22,1,0,False,0.0,10.0,tick,10.0,110.7,73.7,,9,100,pass,,1 overlapping text pair(s),../../../../../../tmp/jp_qc_merged2/previews/gc_bar_points_open/dose_response_curve.png
gc_bar_points_open,Bar + observations (open circles),upset_plot,,PASS,36,0,0,False,0.0,9.0,annotation,9.0,139.9,135.7,,8,100,pass,,,../../../../../../tmp/jp_qc_merged2/previews/gc_bar_points_open/upset_plot.png
gc_bar_points_open,Bar + observations (open circles),swimmer_plot,,PASS,38,0,0,False,0.0,10.0,tick,10.0,132.7,152.7,,20,88,warn,,,../../../../../../tmp/jp_qc_merged2/previews/gc_bar_points_open/swimmer_plot.png
gc_bar_points_open,Bar + observations (open circles),spider_plot,,FAIL,19,1,0,False,0.0,10.0,tick,10.0,126.6,72.8,,7,88,warn,,1 overlapping text pair(s),../../../../../../tmp/jp_qc_merged2/previews/gc_bar_points_open/spider_plot.png
gc_bar_points_open,Bar + observations (open circles),sankey_plot,,PASS,24,0,0,False,0.0,10.0,tick,10.0,145.5,91.5,,10,100,pass,,,../../../../../../tmp/jp_qc_merged2/previews/gc_bar_points_open/sankey_plot.png
gc_bar_points_open,Bar + observations (open circles),embedding_scatter,,PASS,19,0,0,False,0.0,10.0,tick,10.0,114.7,59.9,,6,100,pass,,,../../../../../../tmp/jp_qc_merged2/previews/gc_bar_points_open/embedding_scatter.png
gc_bar_points_open,Bar + observations (open circles),hierarchical_clustering,,PASS,59,0,0,False,0.0,7.0,tick,7.0,101.6,159.2,,30,100,pass,,,../../../../../../tmp/jp_qc_merged2/previews/gc_bar_points_open/hierarchical_clustering.png
gc_bar_points_open,Bar + observations (open circles),network_graph,,FAIL,23,1,0,False,0.0,8.5,annotation,8.5,115.8,95.5,,0,100,pass,,1 overlapping text pair(s),../../../../../../tmp/jp_qc_merged2/previews/gc_bar_points_open/network_graph.png
gc_bar_points_open,Bar + observations (open circles),chord_diagram,,FAIL,32,3,0,False,0.0,10.0,tick,10.0,105.6,120.6,,11,100,pass,,3 overlapping text pair(s),../../../../../../tmp/jp_qc_merged2/previews/gc_bar_points_open/chord_diagram.png
gc_box_points_light,Box + observations (light fill),barplot_with_error_bar,,PASS,12,0,0,False,0.0,10.0,tick,10.0,101.6,79.6,,6,100,pass,,,../../../../../../tmp/jp_qc_merged2/previews/gc_box_points_light/barplot_with_error_bar.png
gc_box_points_light,Box + observations (light fill),grouped_barplot_with_error_bar,,PASS,13,0,0,False,0.0,10.0,tick,10.0,113.9,71.1,,6,100,pass,,,../../../../../../tmp/jp_qc_merged2/previews/gc_box_points_light/grouped_barplot_with_error_bar.png
gc_box_points_light,Box + observations (light fill),heatmap_clustered_matrix,,PASS,52,0,0,False,0.0,9.0,tick,9.0,101.6,154.2,,30,100,pass,"Using 12 value column(s): ['Ctrl_1', 'Ctrl_2', 'Ctrl_3', 'Ctrl_4', 'DrugA_1', 'D",,../../../../../../tmp/jp_qc_merged2/previews/gc_box_points_light/heatmap_clustered_matrix.png
gc_box_points_light,Box + observations (light fill),volcano_plot,,FAIL,32,4,0,False,0.0,9.5,title,9.5,120.7,90.1,,8,100,pass,,4 overlapping text pair(s),../../../../../../tmp/jp_qc_merged2/previews/gc_box_points_light/volcano_plot.png
gc_box_points_light,Box + observations (light fill),scatterplot_with_regression,,FAIL,20,1,0,False,0.0,9.5,annotation,9.5,134.6,78.0,,8,88,warn,,1 overlapping text pair(s),../../../../../../tmp/jp_qc_merged2/previews/gc_box_points_light/scatterplot_with_regression.png
gc_box_points_light,Box + observations (light fill),boxplot_or_violin_with_points,,PASS,11,0,0,False,0.0,10.0,tick,10.0,98.3,79.6,,6,100,pass,,,../../../../../../tmp/jp_qc_merged2/previews/gc_box_points_light/boxplot_or_violin_with_points.png
gc_box_points_light,Box + observations (light fill),lineplot_timecourse_with_error_band,,WARN,23,0,0,True,0.208,10.0,tick,10.0,101.6,68.6,,9,88,warn,,legend covers data (21% of legend box),../../../../../../tmp/jp_qc_merged2/previews/gc_box_points_light/lineplot_timecourse_with_error_band.png
gc_box_points_light,Box + observations (light fill),ridge_or_density_plot,,PASS,13,0,0,False,0.0,10.0,tick,10.0,101.6,90.6,,8,88,warn,,,../../../../../../tmp/jp_qc_merged2/previews/gc_box_points_light/ridge_or_density_plot.png
gc_box_points_light,Box + observations (light fill),histogram_distribution,,PASS,19,0,0,False,0.0,10.0,tick,10.0,101.6,53.4,,6,100,pass,,,../../../../../../tmp/jp_qc_merged2/previews/gc_box_points_light/histogram_distribution.png
gc_box_points_light,Box + observations (light fill),enrichment_dotplot,,PASS,27,0,0,False,0.0,10.0,tick,10.0,97.7,88.4,,12,100,pass,,,../../../../../../tmp/jp_qc_merged2/previews/gc_box_points_light/enrichment_dotplot.png
gc_box_points_light,Box + observations (light fill),kaplan_meier_survival_curve,,PASS,21,0,0,False,0.0,10.0,tick,10.0,101.6,79.6,,9,88,warn,,,../../../../../../tmp/jp_qc_merged2/previews/gc_box_points_light/kaplan_meier_survival_curve.png
gc_box_points_light,Box + observations (light fill),stacked_bar_composition,,FAIL,45,29,0,False,0.0,10.0,tick,10.0,101.4,68.6,,30,100,pass,,29 overlapping text pair(s),../../../../../../tmp/jp_qc_merged2/previews/gc_box_points_light/stacked_bar_composition.png
gc_box_points_light,Box + observations (light fill),waterfall_plot,,PASS,14,0,0,False,0.0,10.0,tick,10.0,100.8,57.6,,8,100,pass,,,../../../../../../tmp/jp_qc_merged2/previews/gc_box_points_light/waterfall_plot.png
gc_box_points_light,Box + observations (light fill),pca_scatter_from_matrix,,FAIL,20,1,0,False,0.0,10.0,tick,10.0,101.6,85.1,,7,100,pass,,1 overlapping text pair(s),../../../../../../tmp/jp_qc_merged2/previews/gc_box_points_light/pca_scatter_from_matrix.png
gc_box_points_light,Box + observations (light fill),oncoprint_mutation_heatmap,,PASS,17,0,0,False,0.0,10.0,tick,10.0,101.6,68.6,,10,100,pass,,,../../../../../../tmp/jp_qc_merged2/previews/gc_box_points_light/oncoprint_mutation_heatmap.png
gc_box_points_light,Box + observations (light fill),lollipop_mutation_plot,,PASS,24,0,0,False,0.0,10.0,tick,10.0,126.4,47.0,,6,76,warn,,,../../../../../../tmp/jp_qc_merged2/previews/gc_box_points_light/lollipop_mutation_plot.png
gc_box_points_light,Box + observations (light fill),roc_curve,,PASS,17,0,0,False,0.0,10.0,tick,10.0,103.8,100.6,,7,100,pass,,,../../../../../../tmp/jp_qc_merged2/previews/gc_box_points_light/roc_curve.png
gc_box_points_light,Box + observations (light fill),forest_plot,,PASS,16,0,0,False,0.0,10.0,tick,10.0,101.6,68.6,,9,100,pass,,,../../../../../../tmp/jp_qc_merged2/previews/gc_box_points_light/forest_plot.png
gc_box_points_light,Box + observations (light fill),dot_strip_plot,,PASS,11,0,0,False,0.0,10.0,tick,10.0,101.6,70.8,,6,100,pass,,,../../../../../../tmp/jp_qc_merged2/previews/gc_box_points_light/dot_strip_plot.png
gc_box_points_light,Box + observations (light fill),beeswarm_plot,,PASS,10,0,0,False,0.0,10.0,tick,10.0,101.6,70.8,,5,100,pass,,,../../../../../../tmp/jp_qc_merged2/previews/gc_box_points_light/beeswarm_plot.png
gc_box_points_light,Box + observations (light fill),paired_slopegraph,,PASS,13,0,0,False,0.0,10.0,tick,10.0,101.6,85.1,,9,100,pass,,,../../../../../../tmp/jp_qc_merged2/previews/gc_box_points_light/paired_slopegraph.png
gc_box_points_light,Box + observations (light fill),raincloud_plot,,PASS,12,0,0,False,0.0,10.0,tick,10.0,101.6,70.8,,7,100,pass,,,../../../../../../tmp/jp_qc_merged2/previews/gc_box_points_light/raincloud_plot.png
gc_box_points_light,Box + observations (light fill),hierarchical_dendrogram,,PASS,31,0,0,False,0.0,10.0,tick,10.0,101.5,59.8,,24,100,pass,,,../../../../../../tmp/jp_qc_merged2/previews/gc_box_points_light/hierarchical_dendrogram.png
gc_box_points_light,Box + observations (light fill),ma_plot,,FAIL,30,6,2,False,0.0,9.5,annotation,9.5,111.7,74.2,,9,88,warn,,6 overlapping text pair(s); 2 clipped annotation(s),../../../../../../tmp/jp_qc_merged2/previews/gc_box_points_light/ma_plot.png
gc_box_points_light,Box + observations (light fill),manhattan_plot,,WARN,32,0,0,True,0.208,10.0,tick,10.0,104.9,46.6,,23,100,pass,,legend covers data (21% of legend box),../../../../../../tmp/jp_qc_merged2/previews/gc_box_points_light/manhattan_plot.png
gc_box_points_light,Box + observations (light fill),qq_plot,,PASS,19,0,0,False,0.0,9.5,annotation,9.5,101.6,92.8,,10,100,pass,,,../../../../../../tmp/jp_qc_merged2/previews/gc_box_points_light/qq_plot.png
gc_box_points_light,Box + observations (light fill),bland_altman_plot,,FAIL,20,3,0,False,0.0,9.5,annotation,9.5,101.6,70.8,,9,100,pass,,3 overlapping text pair(s),../../../../../../tmp/jp_qc_merged2/previews/gc_box_points_light/bland_altman_plot.png
gc_box_points_light,Box + observations (light fill),precision_recall_curve,,PASS,18,0,0,False,0.0,9.0,legend,9.0,103.8,100.6,,7,100,pass,,,../../../../../../tmp/jp_qc_merged2/previews/gc_box_points_light/precision_recall_curve.png
gc_box_points_light,Box + observations (light fill),confusion_matrix,,PASS,26,0,0,False,0.0,10.0,tick,10.0,101.6,101.6,,8,100,pass,,,../../../../../../tmp/jp_qc_merged2/previews/gc_box_points_light/confusion_matrix.png
gc_box_points_light,Box + observations (light fill),calibration_plot,,PASS,20,0,0,False,0.0,9.0,legend,9.0,102.1,98.9,,8,100,pass,,,../../../../../../tmp/jp_qc_merged2/previews/gc_box_points_light/calibration_plot.png
gc_box_points_light,Box + observations (light fill),dose_response_curve,,FAIL,22,1,0,False,0.0,10.0,tick,10.0,110.7,73.7,,9,100,pass,,1 overlapping text pair(s),../../../../../../tmp/jp_qc_merged2/previews/gc_box_points_light/dose_response_curve.png
gc_box_points_light,Box + observations (light fill),upset_plot,,PASS,36,0,0,False,0.0,9.0,annotation,9.0,139.9,135.7,,8,100,pass,,,../../../../../../tmp/jp_qc_merged2/previews/gc_box_points_light/upset_plot.png
gc_box_points_light,Box + observations (light fill),swimmer_plot,,PASS,38,0,0,False,0.0,10.0,tick,10.0,132.7,152.7,,20,88,warn,,,../../../../../../tmp/jp_qc_merged2/previews/gc_box_points_light/swimmer_plot.png
gc_box_points_light,Box + observations (light fill),spider_plot,,FAIL,19,1,0,False,0.0,10.0,tick,10.0,126.6,72.8,,7,88,warn,,1 overlapping text pair(s),../../../../../../tmp/jp_qc_merged2/previews/gc_box_points_light/spider_plot.png
gc_box_points_light,Box + observations (light fill),sankey_plot,,PASS,24,0,0,False,0.0,10.0,tick,10.0,145.5,91.5,,10,100,pass,,,../../../../../../tmp/jp_qc_merged2/previews/gc_box_points_light/sankey_plot.png
gc_box_points_light,Box + observations (light fill),embedding_scatter,,PASS,19,0,0,False,0.0,10.0,tick,10.0,114.7,59.9,,6,100,pass,,,../../../../../../tmp/jp_qc_merged2/previews/gc_box_points_light/embedding_scatter.png
gc_box_points_light,Box + observations (light fill),hierarchical_clustering,,PASS,59,0,0,False,0.0,7.0,tick,7.0,101.6,159.2,,30,100,pass,,,../../../../../../tmp/jp_qc_merged2/previews/gc_box_points_light/hierarchical_clustering.png
gc_box_points_light,Box + observations (light fill),network_graph,,FAIL,23,1,0,False,0.0,8.5,annotation,8.5,115.8,95.5,,0,100,pass,,1 overlapping text pair(s),../../../../../../tmp/jp_qc_merged2/previews/gc_box_points_light/network_graph.png
gc_box_points_light,Box + observations (light fill),chord_diagram,,FAIL,32,3,0,False,0.0,10.0,tick,10.0,105.6,120.6,,11,100,pass,,3 overlapping text pair(s),../../../../../../tmp/jp_qc_merged2/previews/gc_box_points_light/chord_diagram.png
gc_box_points_outline,Box + observations (outline),barplot_with_error_bar,,PASS,12,0,0,False,0.0,10.0,tick,10.0,101.6,79.6,,6,100,pass,,,../../../../../../tmp/jp_qc_merged2/previews/gc_box_points_outline/barplot_with_error_bar.png
gc_box_points_outline,Box + observations (outline),grouped_barplot_with_error_bar,,PASS,13,0,0,False,0.0,10.0,tick,10.0,113.9,71.1,,6,100,pass,,,../../../../../../tmp/jp_qc_merged2/previews/gc_box_points_outline/grouped_barplot_with_error_bar.png
gc_box_points_outline,Box + observations (outline),heatmap_clustered_matrix,,PASS,52,0,0,False,0.0,9.0,tick,9.0,101.6,154.2,,30,100,pass,"Using 12 value column(s): ['Ctrl_1', 'Ctrl_2', 'Ctrl_3', 'Ctrl_4', 'DrugA_1', 'D",,../../../../../../tmp/jp_qc_merged2/previews/gc_box_points_outline/heatmap_clustered_matrix.png
gc_box_points_outline,Box + observations (outline),volcano_plot,,FAIL,32,3,0,False,0.0,9.5,title,9.5,120.7,90.1,,8,100,pass,,3 overlapping text pair(s),../../../../../../tmp/jp_qc_merged2/previews/gc_box_points_outline/volcano_plot.png
gc_box_points_outline,Box + observations (outline),scatterplot_with_regression,,FAIL,20,1,0,False,0.0,9.5,annotation,9.5,134.6,78.0,,8,88,warn,,1 overlapping text pair(s),../../../../../../tmp/jp_qc_merged2/previews/gc_box_points_outline/scatterplot_with_regression.png
gc_box_points_outline,Box + observations (outline),boxplot_or_violin_with_points,,PASS,11,0,0,False,0.0,10.0,tick,10.0,98.3,79.6,,6,100,pass,,,../../../../../../tmp/jp_qc_merged2/previews/gc_box_points_outline/boxplot_or_violin_with_points.png
gc_box_points_outline,Box + observations (outline),lineplot_timecourse_with_error_band,,WARN,23,0,0,True,0.208,10.0,tick,10.0,101.6,68.6,,9,88,warn,,legend covers data (21% of legend box),../../../../../../tmp/jp_qc_merged2/previews/gc_box_points_outline/lineplot_timecourse_with_error_band.png
gc_box_points_outline,Box + observations (outline),ridge_or_density_plot,,PASS,13,0,0,False,0.0,10.0,tick,10.0,101.6,90.6,,8,88,warn,,,../../../../../../tmp/jp_qc_merged2/previews/gc_box_points_outline/ridge_or_density_plot.png
gc_box_points_outline,Box + observations (outline),histogram_distribution,,PASS,19,0,0,False,0.0,10.0,tick,10.0,101.6,53.4,,6,100,pass,,,../../../../../../tmp/jp_qc_merged2/previews/gc_box_points_outline/histogram_distribution.png
gc_box_points_outline,Box + observations (outline),enrichment_dotplot,,PASS,27,0,0,False,0.0,10.0,tick,10.0,97.7,88.4,,12,100,pass,,,../../../../../../tmp/jp_qc_merged2/previews/gc_box_points_outline/enrichment_dotplot.png
gc_box_points_outline,Box + observations (outline),kaplan_meier_survival_curve,,PASS,21,0,0,False,0.0,10.0,tick,10.0,101.6,79.6,,9,88,warn,,,../../../../../../tmp/jp_qc_merged2/previews/gc_box_points_outline/kaplan_meier_survival_curve.png
gc_box_points_outline,Box + observations (outline),stacked_bar_composition,,FAIL,45,29,0,False,0.0,10.0,tick,10.0,101.4,68.6,,30,100,pass,,29 overlapping text pair(s),../../../../../../tmp/jp_qc_merged2/previews/gc_box_points_outline/stacked_bar_composition.png
gc_box_points_outline,Box + observations (outline),waterfall_plot,,PASS,14,0,0,False,0.0,10.0,tick,10.0,100.8,57.6,,8,100,pass,,,../../../../../../tmp/jp_qc_merged2/previews/gc_box_points_outline/waterfall_plot.png
gc_box_points_outline,Box + observations (outline),pca_scatter_from_matrix,,FAIL,20,1,0,False,0.0,10.0,tick,10.0,101.6,85.1,,7,100,pass,,1 overlapping text pair(s),../../../../../../tmp/jp_qc_merged2/previews/gc_box_points_outline/pca_scatter_from_matrix.png
gc_box_points_outline,Box + observations (outline),oncoprint_mutation_heatmap,,PASS,17,0,0,False,0.0,10.0,tick,10.0,101.6,68.6,,10,100,pass,,,../../../../../../tmp/jp_qc_merged2/previews/gc_box_points_outline/oncoprint_mutation_heatmap.png
gc_box_points_outline,Box + observations (outline),lollipop_mutation_plot,,PASS,24,0,0,False,0.0,10.0,tick,10.0,126.4,47.0,,6,76,warn,,,../../../../../../tmp/jp_qc_merged2/previews/gc_box_points_outline/lollipop_mutation_plot.png
gc_box_points_outline,Box + observations (outline),roc_curve,,PASS,17,0,0,False,0.0,10.0,tick,10.0,103.8,100.6,,7,100,pass,,,../../../../../../tmp/jp_qc_merged2/previews/gc_box_points_outline/roc_curve.png
gc_box_points_outline,Box + observations (outline),forest_plot,,PASS,16,0,0,False,0.0,10.0,tick,10.0,101.6,68.6,,9,100,pass,,,../../../../../../tmp/jp_qc_merged2/previews/gc_box_points_outline/forest_plot.png
gc_box_points_outline,Box + observations (outline),dot_strip_plot,,PASS,11,0,0,False,0.0,10.0,tick,10.0,101.6,70.8,,6,100,pass,,,../../../../../../tmp/jp_qc_merged2/previews/gc_box_points_outline/dot_strip_plot.png
gc_box_points_outline,Box + observations (outline),beeswarm_plot,,PASS,10,0,0,False,0.0,10.0,tick,10.0,101.6,70.8,,5,100,pass,,,../../../../../../tmp/jp_qc_merged2/previews/gc_box_points_outline/beeswarm_plot.png
gc_box_points_outline,Box + observations (outline),paired_slopegraph,,PASS,13,0,0,False,0.0,10.0,tick,10.0,101.6,85.1,,9,100,pass,,,../../../../../../tmp/jp_qc_merged2/previews/gc_box_points_outline/paired_slopegraph.png
gc_box_points_outline,Box + observations (outline),raincloud_plot,,PASS,12,0,0,False,0.0,10.0,tick,10.0,101.6,70.8,,7,100,pass,,,../../../../../../tmp/jp_qc_merged2/previews/gc_box_points_outline/raincloud_plot.png
gc_box_points_outline,Box + observations (outline),hierarchical_dendrogram,,PASS,31,0,0,False,0.0,10.0,tick,10.0,101.5,59.8,,24,100,pass,,,../../../../../../tmp/jp_qc_merged2/previews/gc_box_points_outline/hierarchical_dendrogram.png
gc_box_points_outline,Box + observations (outline),ma_plot,,FAIL,30,6,2,False,0.0,9.5,annotation,9.5,111.7,74.2,,9,88,warn,,6 overlapping text pair(s); 2 clipped annotation(s),../../../../../../tmp/jp_qc_merged2/previews/gc_box_points_outline/ma_plot.png
gc_box_points_outline,Box + observations (outline),manhattan_plot,,WARN,32,0,0,True,0.208,10.0,tick,10.0,104.9,46.6,,23,100,pass,,legend covers data (21% of legend box),../../../../../../tmp/jp_qc_merged2/previews/gc_box_points_outline/manhattan_plot.png
gc_box_points_outline,Box + observations (outline),qq_plot,,PASS,19,0,0,False,0.0,9.5,annotation,9.5,101.6,92.8,,10,100,pass,,,../../../../../../tmp/jp_qc_merged2/previews/gc_box_points_outline/qq_plot.png
gc_box_points_outline,Box + observations (outline),bland_altman_plot,,FAIL,20,3,0,False,0.0,9.5,annotation,9.5,101.6,70.8,,9,100,pass,,3 overlapping text pair(s),../../../../../../tmp/jp_qc_merged2/previews/gc_box_points_outline/bland_altman_plot.png
gc_box_points_outline,Box + observations (outline),precision_recall_curve,,PASS,18,0,0,False,0.0,9.0,legend,9.0,103.8,100.6,,7,100,pass,,,../../../../../../tmp/jp_qc_merged2/previews/gc_box_points_outline/precision_recall_curve.png
gc_box_points_outline,Box + observations (outline),confusion_matrix,,PASS,26,0,0,False,0.0,10.0,tick,10.0,101.6,101.6,,8,100,pass,,,../../../../../../tmp/jp_qc_merged2/previews/gc_box_points_outline/confusion_matrix.png
gc_box_points_outline,Box + observations (outline),calibration_plot,,PASS,20,0,0,False,0.0,9.0,legend,9.0,102.1,98.9,,8,100,pass,,,../../../../../../tmp/jp_qc_merged2/previews/gc_box_points_outline/calibration_plot.png
gc_box_points_outline,Box + observations (outline),dose_response_curve,,FAIL,22,1,0,False,0.0,10.0,tick,10.0,110.7,73.7,,9,100,pass,,1 overlapping text pair(s),../../../../../../tmp/jp_qc_merged2/previews/gc_box_points_outline/dose_response_curve.png
gc_box_points_outline,Box + observations (outline),upset_plot,,PASS,36,0,0,False,0.0,9.0,annotation,9.0,139.9,135.7,,8,100,pass,,,../../../../../../tmp/jp_qc_merged2/previews/gc_box_points_outline/upset_plot.png
gc_box_points_outline,Box + observations (outline),swimmer_plot,,PASS,38,0,0,False,0.0,10.0,tick,10.0,132.7,152.7,,20,88,warn,,,../../../../../../tmp/jp_qc_merged2/previews/gc_box_points_outline/swimmer_plot.png
gc_box_points_outline,Box + observations (outline),spider_plot,,FAIL,19,1,0,False,0.0,10.0,tick,10.0,126.6,72.8,,7,88,warn,,1 overlapping text pair(s),../../../../../../tmp/jp_qc_merged2/previews/gc_box_points_outline/spider_plot.png
gc_box_points_outline,Box + observations (outline),sankey_plot,,PASS,24,0,0,False,0.0,10.0,tick,10.0,145.5,91.5,,10,100,pass,,,../../../../../../tmp/jp_qc_merged2/previews/gc_box_points_outline/sankey_plot.png
gc_box_points_outline,Box + observations (outline),embedding_scatter,,PASS,19,0,0,False,0.0,10.0,tick,10.0,114.7,59.9,,6,100,pass,,,../../../../../../tmp/jp_qc_merged2/previews/gc_box_points_outline/embedding_scatter.png
gc_box_points_outline,Box + observations (outline),hierarchical_clustering,,PASS,59,0,0,False,0.0,7.0,tick,7.0,101.6,159.2,,30,100,pass,,,../../../../../../tmp/jp_qc_merged2/previews/gc_box_points_outline/hierarchical_clustering.png
gc_box_points_outline,Box + observations (outline),network_graph,,FAIL,23,1,0,False,0.0,8.5,annotation,8.5,115.8,95.5,,0,100,pass,,1 overlapping text pair(s),../../../../../../tmp/jp_qc_merged2/previews/gc_box_points_outline/network_graph.png
gc_box_points_outline,Box + observations (outline),chord_diagram,,FAIL,32,3,0,False,0.0,10.0,tick,10.0,105.6,120.6,,11,100,pass,,3 overlapping text pair(s),../../../../../../tmp/jp_qc_merged2/previews/gc_box_points_outline/chord_diagram.png
gc_dense_groups,Many observations per group,barplot_with_error_bar,,PASS,12,0,0,False,0.0,10.0,tick,10.0,101.6,79.6,,6,100,pass,,,../../../../../../tmp/jp_qc_merged2/previews/gc_dense_groups/barplot_with_error_bar.png
gc_dense_groups,Many observations per group,grouped_barplot_with_error_bar,,PASS,13,0,0,False,0.0,10.0,tick,10.0,113.9,71.1,,6,100,pass,,,../../../../../../tmp/jp_qc_merged2/previews/gc_dense_groups/grouped_barplot_with_error_bar.png
gc_dense_groups,Many observations per group,heatmap_clustered_matrix,,PASS,52,0,0,False,0.0,9.0,tick,9.0,101.6,154.2,,30,100,pass,"Using 12 value column(s): ['Ctrl_1', 'Ctrl_2', 'Ctrl_3', 'Ctrl_4', 'DrugA_1', 'D",,../../../../../../tmp/jp_qc_merged2/previews/gc_dense_groups/heatmap_clustered_matrix.png
gc_dense_groups,Many observations per group,volcano_plot,,FAIL,32,4,0,False,0.0,9.5,title,9.5,120.7,90.1,,8,100,pass,,4 overlapping text pair(s),../../../../../../tmp/jp_qc_merged2/previews/gc_dense_groups/volcano_plot.png
gc_dense_groups,Many observations per group,scatterplot_with_regression,,FAIL,20,1,0,False,0.0,9.5,annotation,9.5,134.6,78.0,,8,88,warn,,1 overlapping text pair(s),../../../../../../tmp/jp_qc_merged2/previews/gc_dense_groups/scatterplot_with_regression.png
gc_dense_groups,Many observations per group,boxplot_or_violin_with_points,,PASS,11,0,0,False,0.0,10.0,tick,10.0,98.3,79.6,,6,100,pass,,,../../../../../../tmp/jp_qc_merged2/previews/gc_dense_groups/boxplot_or_violin_with_points.png
gc_dense_groups,Many observations per group,lineplot_timecourse_with_error_band,,WARN,23,0,0,True,0.208,10.0,tick,10.0,101.6,68.6,,9,88,warn,,legend covers data (21% of legend box),../../../../../../tmp/jp_qc_merged2/previews/gc_dense_groups/lineplot_timecourse_with_error_band.png
gc_dense_groups,Many observations per group,ridge_or_density_plot,,PASS,13,0,0,False,0.0,10.0,tick,10.0,101.6,90.6,,8,88,warn,,,../../../../../../tmp/jp_qc_merged2/previews/gc_dense_groups/ridge_or_density_plot.png
gc_dense_groups,Many observations per group,histogram_distribution,,PASS,19,0,0,False,0.0,10.0,tick,10.0,101.6,53.4,,6,100,pass,,,../../../../../../tmp/jp_qc_merged2/previews/gc_dense_groups/histogram_distribution.png
gc_dense_groups,Many observations per group,enrichment_dotplot,,PASS,27,0,0,False,0.0,10.0,tick,10.0,97.7,88.4,,12,100,pass,,,../../../../../../tmp/jp_qc_merged2/previews/gc_dense_groups/enrichment_dotplot.png
gc_dense_groups,Many observations per group,kaplan_meier_survival_curve,,PASS,21,0,0,False,0.0,10.0,tick,10.0,101.6,79.6,,9,88,warn,,,../../../../../../tmp/jp_qc_merged2/previews/gc_dense_groups/kaplan_meier_survival_curve.png
gc_dense_groups,Many observations per group,stacked_bar_composition,,FAIL,45,29,0,False,0.0,10.0,tick,10.0,101.4,68.6,,30,100,pass,,29 overlapping text pair(s),../../../../../../tmp/jp_qc_merged2/previews/gc_dense_groups/stacked_bar_composition.png
gc_dense_groups,Many observations per group,waterfall_plot,,PASS,14,0,0,False,0.0,10.0,tick,10.0,100.8,57.6,,8,100,pass,,,../../../../../../tmp/jp_qc_merged2/previews/gc_dense_groups/waterfall_plot.png
gc_dense_groups,Many observations per group,pca_scatter_from_matrix,,FAIL,20,1,0,False,0.0,10.0,tick,10.0,101.6,85.1,,7,100,pass,,1 overlapping text pair(s),../../../../../../tmp/jp_qc_merged2/previews/gc_dense_groups/pca_scatter_from_matrix.png
gc_dense_groups,Many observations per group,oncoprint_mutation_heatmap,,PASS,17,0,0,False,0.0,10.0,tick,10.0,101.6,68.6,,10,100,pass,,,../../../../../../tmp/jp_qc_merged2/previews/gc_dense_groups/oncoprint_mutation_heatmap.png
gc_dense_groups,Many observations per group,lollipop_mutation_plot,,PASS,24,0,0,False,0.0,10.0,tick,10.0,126.4,47.0,,6,76,warn,,,../../../../../../tmp/jp_qc_merged2/previews/gc_dense_groups/lollipop_mutation_plot.png
gc_dense_groups,Many observations per group,roc_curve,,PASS,17,0,0,False,0.0,10.0,tick,10.0,103.8,100.6,,7,100,pass,,,../../../../../../tmp/jp_qc_merged2/previews/gc_dense_groups/roc_curve.png
gc_dense_groups,Many observations per group,forest_plot,,PASS,16,0,0,False,0.0,10.0,tick,10.0,101.6,68.6,,9,100,pass,,,../../../../../../tmp/jp_qc_merged2/previews/gc_dense_groups/forest_plot.png
gc_dense_groups,Many observations per group,dot_strip_plot,,PASS,11,0,0,False,0.0,10.0,tick,10.0,101.6,70.8,,6,100,pass,,,../../../../../../tmp/jp_qc_merged2/previews/gc_dense_groups/dot_strip_plot.png
gc_dense_groups,Many observations per group,beeswarm_plot,,PASS,10,0,0,False,0.0,10.0,tick,10.0,101.6,70.8,,5,100,pass,,,../../../../../../tmp/jp_qc_merged2/previews/gc_dense_groups/beeswarm_plot.png
gc_dense_groups,Many observations per group,paired_slopegraph,,PASS,13,0,0,False,0.0,10.0,tick,10.0,101.6,85.1,,9,100,pass,,,../../../../../../tmp/jp_qc_merged2/previews/gc_dense_groups/paired_slopegraph.png
gc_dense_groups,Many observations per group,raincloud_plot,,PASS,12,0,0,False,0.0,10.0,tick,10.0,101.6,70.8,,7,100,pass,,,../../../../../../tmp/jp_qc_merged2/previews/gc_dense_groups/raincloud_plot.png
gc_dense_groups,Many observations per group,hierarchical_dendrogram,,PASS,31,0,0,False,0.0,10.0,tick,10.0,101.5,59.8,,24,100,pass,,,../../../../../../tmp/jp_qc_merged2/previews/gc_dense_groups/hierarchical_dendrogram.png
gc_dense_groups,Many observations per group,ma_plot,,FAIL,30,6,2,False,0.0,9.5,annotation,9.5,111.7,74.2,,9,88,warn,,6 overlapping text pair(s); 2 clipped annotation(s),../../../../../../tmp/jp_qc_merged2/previews/gc_dense_groups/ma_plot.png
gc_dense_groups,Many observations per group,manhattan_plot,,WARN,32,0,0,True,0.208,10.0,tick,10.0,104.9,46.6,,23,100,pass,,legend covers data (21% of legend box),../../../../../../tmp/jp_qc_merged2/previews/gc_dense_groups/manhattan_plot.png
gc_dense_groups,Many observations per group,qq_plot,,PASS,19,0,0,False,0.0,9.5,annotation,9.5,101.6,92.8,,10,100,pass,,,../../../../../../tmp/jp_qc_merged2/previews/gc_dense_groups/qq_plot.png
gc_dense_groups,Many observations per group,bland_altman_plot,,FAIL,20,3,0,False,0.0,9.5,annotation,9.5,101.6,70.8,,9,100,pass,,3 overlapping text pair(s),../../../../../../tmp/jp_qc_merged2/previews/gc_dense_groups/bland_altman_plot.png
gc_dense_groups,Many observations per group,precision_recall_curve,,PASS,18,0,0,False,0.0,9.0,legend,9.0,103.8,100.6,,7,100,pass,,,../../../../../../tmp/jp_qc_merged2/previews/gc_dense_groups/precision_recall_curve.png
gc_dense_groups,Many observations per group,confusion_matrix,,PASS,26,0,0,False,0.0,10.0,tick,10.0,101.6,101.6,,8,100,pass,,,../../../../../../tmp/jp_qc_merged2/previews/gc_dense_groups/confusion_matrix.png
gc_dense_groups,Many observations per group,calibration_plot,,PASS,20,0,0,False,0.0,9.0,legend,9.0,102.1,98.9,,8,100,pass,,,../../../../../../tmp/jp_qc_merged2/previews/gc_dense_groups/calibration_plot.png
gc_dense_groups,Many observations per group,dose_response_curve,,FAIL,22,1,0,False,0.0,10.0,tick,10.0,110.7,73.7,,9,100,pass,,1 overlapping text pair(s),../../../../../../tmp/jp_qc_merged2/previews/gc_dense_groups/dose_response_curve.png
gc_dense_groups,Many observations per group,upset_plot,,PASS,36,0,0,False,0.0,9.0,annotation,9.0,139.9,135.7,,8,100,pass,,,../../../../../../tmp/jp_qc_merged2/previews/gc_dense_groups/upset_plot.png
gc_dense_groups,Many observations per group,swimmer_plot,,PASS,38,0,0,False,0.0,10.0,tick,10.0,132.7,152.7,,20,88,warn,,,../../../../../../tmp/jp_qc_merged2/previews/gc_dense_groups/swimmer_plot.png
gc_dense_groups,Many observations per group,spider_plot,,FAIL,19,1,0,False,0.0,10.0,tick,10.0,126.6,72.8,,7,88,warn,,1 overlapping text pair(s),../../../../../../tmp/jp_qc_merged2/previews/gc_dense_groups/spider_plot.png
gc_dense_groups,Many observations per group,sankey_plot,,PASS,24,0,0,False,0.0,10.0,tick,10.0,145.5,91.5,,10,100,pass,,,../../../../../../tmp/jp_qc_merged2/previews/gc_dense_groups/sankey_plot.png
gc_dense_groups,Many observations per group,embedding_scatter,,PASS,19,0,0,False,0.0,10.0,tick,10.0,114.7,59.9,,6,100,pass,,,../../../../../../tmp/jp_qc_merged2/previews/gc_dense_groups/embedding_scatter.png
gc_dense_groups,Many observations per group,hierarchical_clustering,,PASS,59,0,0,False,0.0,7.0,tick,7.0,101.6,159.2,,30,100,pass,,,../../../../../../tmp/jp_qc_merged2/previews/gc_dense_groups/hierarchical_clustering.png
gc_dense_groups,Many observations per group,network_graph,,FAIL,23,1,0,False,0.0,8.5,annotation,8.5,115.8,95.5,,0,100,pass,,1 overlapping text pair(s),../../../../../../tmp/jp_qc_merged2/previews/gc_dense_groups/network_graph.png
gc_dense_groups,Many observations per group,chord_diagram,,FAIL,32,3,0,False,0.0,10.0,tick,10.0,105.6,120.6,,11,100,pass,,3 overlapping text pair(s),../../../../../../tmp/jp_qc_merged2/previews/gc_dense_groups/chord_diagram.png
gc_violin_points,Violin + observations,barplot_with_error_bar,,PASS,12,0,0,False,0.0,10.0,tick,10.0,101.6,79.6,,6,100,pass,,,../../../../../../tmp/jp_qc_merged2/previews/gc_violin_points/barplot_with_error_bar.png
gc_violin_points,Violin + observations,grouped_barplot_with_error_bar,,PASS,13,0,0,False,0.0,10.0,tick,10.0,113.9,71.1,,6,100,pass,,,../../../../../../tmp/jp_qc_merged2/previews/gc_violin_points/grouped_barplot_with_error_bar.png
gc_violin_points,Violin + observations,heatmap_clustered_matrix,,PASS,52,0,0,False,0.0,9.0,tick,9.0,101.6,154.2,,30,100,pass,"Using 12 value column(s): ['Ctrl_1', 'Ctrl_2', 'Ctrl_3', 'Ctrl_4', 'DrugA_1', 'D",,../../../../../../tmp/jp_qc_merged2/previews/gc_violin_points/heatmap_clustered_matrix.png
gc_violin_points,Violin + observations,volcano_plot,,FAIL,32,3,0,False,0.0,9.5,title,9.5,120.7,90.1,,8,100,pass,,3 overlapping text pair(s),../../../../../../tmp/jp_qc_merged2/previews/gc_violin_points/volcano_plot.png
gc_violin_points,Violin + observations,scatterplot_with_regression,,FAIL,20,1,0,False,0.0,9.5,annotation,9.5,134.6,78.0,,8,88,warn,,1 overlapping text pair(s),../../../../../../tmp/jp_qc_merged2/previews/gc_violin_points/scatterplot_with_regression.png
gc_violin_points,Violin + observations,boxplot_or_violin_with_points,,PASS,11,0,0,False,0.0,10.0,tick,10.0,98.3,79.6,,6,100,pass,,,../../../../../../tmp/jp_qc_merged2/previews/gc_violin_points/boxplot_or_violin_with_points.png
gc_violin_points,Violin + observations,lineplot_timecourse_with_error_band,,WARN,23,0,0,True,0.208,10.0,tick,10.0,101.6,68.6,,9,88,warn,,legend covers data (21% of legend box),../../../../../../tmp/jp_qc_merged2/previews/gc_violin_points/lineplot_timecourse_with_error_band.png
gc_violin_points,Violin + observations,ridge_or_density_plot,,PASS,13,0,0,False,0.0,10.0,tick,10.0,101.6,90.6,,8,88,warn,,,../../../../../../tmp/jp_qc_merged2/previews/gc_violin_points/ridge_or_density_plot.png
gc_violin_points,Violin + observations,histogram_distribution,,PASS,19,0,0,False,0.0,10.0,tick,10.0,101.6,53.4,,6,100,pass,,,../../../../../../tmp/jp_qc_merged2/previews/gc_violin_points/histogram_distribution.png
gc_violin_points,Violin + observations,enrichment_dotplot,,PASS,27,0,0,False,0.0,10.0,tick,10.0,97.7,88.4,,12,100,pass,,,../../../../../../tmp/jp_qc_merged2/previews/gc_violin_points/enrichment_dotplot.png
gc_violin_points,Violin + observations,kaplan_meier_survival_curve,,PASS,21,0,0,False,0.0,10.0,tick,10.0,101.6,79.6,,9,88,warn,,,../../../../../../tmp/jp_qc_merged2/previews/gc_violin_points/kaplan_meier_survival_curve.png
gc_violin_points,Violin + observations,stacked_bar_composition,,FAIL,45,29,0,False,0.0,10.0,tick,10.0,101.4,68.6,,30,100,pass,,29 overlapping text pair(s),../../../../../../tmp/jp_qc_merged2/previews/gc_violin_points/stacked_bar_composition.png
gc_violin_points,Violin + observations,waterfall_plot,,PASS,14,0,0,False,0.0,10.0,tick,10.0,100.8,57.6,,8,100,pass,,,../../../../../../tmp/jp_qc_merged2/previews/gc_violin_points/waterfall_plot.png
gc_violin_points,Violin + observations,pca_scatter_from_matrix,,FAIL,20,1,0,False,0.0,10.0,tick,10.0,101.6,85.1,,7,100,pass,,1 overlapping text pair(s),../../../../../../tmp/jp_qc_merged2/previews/gc_violin_points/pca_scatter_from_matrix.png
gc_violin_points,Violin + observations,oncoprint_mutation_heatmap,,PASS,17,0,0,False,0.0,10.0,tick,10.0,101.6,68.6,,10,100,pass,,,../../../../../../tmp/jp_qc_merged2/previews/gc_violin_points/oncoprint_mutation_heatmap.png
gc_violin_points,Violin + observations,lollipop_mutation_plot,,PASS,24,0,0,False,0.0,10.0,tick,10.0,126.4,47.0,,6,76,warn,,,../../../../../../tmp/jp_qc_merged2/previews/gc_violin_points/lollipop_mutation_plot.png
gc_violin_points,Violin + observations,roc_curve,,PASS,17,0,0,False,0.0,10.0,tick,10.0,103.8,100.6,,7,100,pass,,,../../../../../../tmp/jp_qc_merged2/previews/gc_violin_points/roc_curve.png
gc_violin_points,Violin + observations,forest_plot,,PASS,16,0,0,False,0.0,10.0,tick,10.0,101.6,68.6,,9,100,pass,,,../../../../../../tmp/jp_qc_merged2/previews/gc_violin_points/forest_plot.png
gc_violin_points,Violin + observations,dot_strip_plot,,PASS,11,0,0,False,0.0,10.0,tick,10.0,101.6,70.8,,6,100,pass,,,../../../../../../tmp/jp_qc_merged2/previews/gc_violin_points/dot_strip_plot.png
gc_violin_points,Violin + observations,beeswarm_plot,,PASS,10,0,0,False,0.0,10.0,tick,10.0,101.6,70.8,,5,100,pass,,,../../../../../../tmp/jp_qc_merged2/previews/gc_violin_points/beeswarm_plot.png
gc_violin_points,Violin + observations,paired_slopegraph,,PASS,13,0,0,False,0.0,10.0,tick,10.0,101.6,85.1,,9,100,pass,,,../../../../../../tmp/jp_qc_merged2/previews/gc_violin_points/paired_slopegraph.png
gc_violin_points,Violin + observations,raincloud_plot,,PASS,12,0,0,False,0.0,10.0,tick,10.0,101.6,70.8,,7,100,pass,,,../../../../../../tmp/jp_qc_merged2/previews/gc_violin_points/raincloud_plot.png
gc_violin_points,Violin + observations,hierarchical_dendrogram,,PASS,31,0,0,False,0.0,10.0,tick,10.0,101.5,59.8,,24,100,pass,,,../../../../../../tmp/jp_qc_merged2/previews/gc_violin_points/hierarchical_dendrogram.png
gc_violin_points,Violin + observations,ma_plot,,FAIL,30,6,2,False,0.0,9.5,annotation,9.5,111.7,74.2,,9,88,warn,,6 overlapping text pair(s); 2 clipped annotation(s),../../../../../../tmp/jp_qc_merged2/previews/gc_violin_points/ma_plot.png
gc_violin_points,Violin + observations,manhattan_plot,,WARN,32,0,0,True,0.208,10.0,tick,10.0,104.9,46.6,,23,100,pass,,legend covers data (21% of legend box),../../../../../../tmp/jp_qc_merged2/previews/gc_violin_points/manhattan_plot.png
gc_violin_points,Violin + observations,qq_plot,,PASS,19,0,0,False,0.0,9.5,annotation,9.5,101.6,92.8,,10,100,pass,,,../../../../../../tmp/jp_qc_merged2/previews/gc_violin_points/qq_plot.png
gc_violin_points,Violin + observations,bland_altman_plot,,FAIL,20,3,0,False,0.0,9.5,annotation,9.5,101.6,70.8,,9,100,pass,,3 overlapping text pair(s),../../../../../../tmp/jp_qc_merged2/previews/gc_violin_points/bland_altman_plot.png
gc_violin_points,Violin + observations,precision_recall_curve,,PASS,18,0,0,False,0.0,9.0,legend,9.0,103.8,100.6,,7,100,pass,,,../../../../../../tmp/jp_qc_merged2/previews/gc_violin_points/precision_recall_curve.png
gc_violin_points,Violin + observations,confusion_matrix,,PASS,26,0,0,False,0.0,10.0,tick,10.0,101.6,101.6,,8,100,pass,,,../../../../../../tmp/jp_qc_merged2/previews/gc_violin_points/confusion_matrix.png
gc_violin_points,Violin + observations,calibration_plot,,PASS,20,0,0,False,0.0,9.0,legend,9.0,102.1,98.9,,8,100,pass,,,../../../../../../tmp/jp_qc_merged2/previews/gc_violin_points/calibration_plot.png
gc_violin_points,Violin + observations,dose_response_curve,,FAIL,22,1,0,False,0.0,10.0,tick,10.0,110.7,73.7,,9,100,pass,,1 overlapping text pair(s),../../../../../../tmp/jp_qc_merged2/previews/gc_violin_points/dose_response_curve.png
gc_violin_points,Violin + observations,upset_plot,,PASS,36,0,0,False,0.0,9.0,annotation,9.0,139.9,135.7,,8,100,pass,,,../../../../../../tmp/jp_qc_merged2/previews/gc_violin_points/upset_plot.png
gc_violin_points,Violin + observations,swimmer_plot,,PASS,38,0,0,False,0.0,10.0,tick,10.0,132.7,152.7,,20,88,warn,,,../../../../../../tmp/jp_qc_merged2/previews/gc_violin_points/swimmer_plot.png
gc_violin_points,Violin + observations,spider_plot,,FAIL,19,1,0,False,0.0,10.0,tick,10.0,126.6,72.8,,7,88,warn,,1 overlapping text pair(s),../../../../../../tmp/jp_qc_merged2/previews/gc_violin_points/spider_plot.png
gc_violin_points,Violin + observations,sankey_plot,,PASS,24,0,0,False,0.0,10.0,tick,10.0,145.5,91.5,,10,100,pass,,,../../../../../../tmp/jp_qc_merged2/previews/gc_violin_points/sankey_plot.png
gc_violin_points,Violin + observations,embedding_scatter,,PASS,19,0,0,False,0.0,10.0,tick,10.0,114.7,59.9,,6,100,pass,,,../../../../../../tmp/jp_qc_merged2/previews/gc_violin_points/embedding_scatter.png
gc_violin_points,Violin + observations,hierarchical_clustering,,PASS,59,0,0,False,0.0,7.0,tick,7.0,101.6,159.2,,30,100,pass,,,../../../../../../tmp/jp_qc_merged2/previews/gc_violin_points/hierarchical_clustering.png
gc_violin_points,Violin + observations,network_graph,,FAIL,23,1,0,False,0.0,8.5,annotation,8.5,115.8,95.5,,0,100,pass,,1 overlapping text pair(s),../../../../../../tmp/jp_qc_merged2/previews/gc_violin_points/network_graph.png
gc_violin_points,Violin + observations,chord_diagram,,FAIL,32,3,0,False,0.0,10.0,tick,10.0,105.6,120.6,,11,100,pass,,3 overlapping text pair(s),../../../../../../tmp/jp_qc_merged2/previews/gc_violin_points/chord_diagram.png
single_57mm_S,Single column 57 mm (S),barplot_with_error_bar,57.0,FAIL,12,1,0,False,0.0,6.5,tick,7.12,52.0,40.6,-8.8,6,64,warn,Style control 'line_width_pt' bars have no markers or data lines; error-bar and ,1 overlapping text pair(s),../../../../../../tmp/jp_qc_merged2/previews/single_57mm_S/barplot_with_error_bar.png
single_57mm_S,Single column 57 mm (S),grouped_barplot_with_error_bar,57.0,WARN,13,0,0,True,0.25,6.5,tick,8.22,45.1,39.5,-20.9,6,64,warn,Style control 'line_width_pt' bars have no markers or data lines; error-bar and ,legend covers data (25% of legend box); exported width 45.1 mm deviates -21% from target 57.0 mm,../../../../../../tmp/jp_qc_merged2/previews/single_57mm_S/grouped_barplot_with_error_bar.png
single_57mm_S,Single column 57 mm (S),heatmap_clustered_matrix,57.0,FAIL,52,11,0,False,0.0,6.5,tick,7.12,52.0,157.6,-8.8,30,64,warn,"Using 12 value column(s): ['Ctrl_1', 'Ctrl_2', 'Ctrl_3', 'Ctrl_4', 'DrugA_1', 'D | Style control 'line_width_pt' heatmaps use a continuous colormap, not per-point  | Style control 'marker_size' heatmaps use a continuous colormap, not per-point ma",11 overlapping text pair(s),../../../../../../tmp/jp_qc_merged2/previews/single_57mm_S/heatmap_clustered_matrix.png
single_57mm_S,Single column 57 mm (S),volcano_plot,57.0,FAIL,31,5,0,True,0.208,6.5,tick,3.99,92.9,51.5,63.0,8,52,warn,Style control 'palette_name' a volcano colours points by significance class (up  | Style control 'line_width_pt' a volcano colours points by significance class (up,5 overlapping text pair(s); legend covers data (21% of legend box); smallest text 3.99 pt at 57.0 mm (minimum 5.0 pt; role tick); exported width 92.9 mm deviates +63% from target 57.0 mm,../../../../../../tmp/jp_qc_merged2/previews/single_57mm_S/volcano_plot.png
single_57mm_S,Single column 57 mm (S),scatterplot_with_regression,57.0,FAIL,20,1,0,True,0.167,6.5,tick,4.83,76.7,42.6,34.6,8,40,warn,,1 overlapping text pair(s); legend covers data (17% of legend box); smallest text 4.83 pt at 57.0 mm (minimum 5.0 pt; role tick); exported width 76.7 mm deviates +35% from target 57.0 mm,../../../../../../tmp/jp_qc_merged2/previews/single_57mm_S/scatterplot_with_regression.png
single_57mm_S,Single column 57 mm (S),boxplot_or_violin_with_points,57.0,PASS,11,0,0,False,0.0,6.5,tick,7.12,52.0,40.6,-8.8,6,64,warn,,,../../../../../../tmp/jp_qc_merged2/previews/single_57mm_S/boxplot_or_violin_with_points.png
single_57mm_S,Single column 57 mm (S),lineplot_timecourse_with_error_band,57.0,WARN,16,0,0,True,0.417,6.5,tick,7.48,49.5,34.9,-13.2,5,40,warn,Style control 'marker_size' does not apply to this plot type; it was ignored for,legend covers data (42% of legend box),../../../../../../tmp/jp_qc_merged2/previews/single_57mm_S/lineplot_timecourse_with_error_band.png
single_57mm_S,Single column 57 mm (S),ridge_or_density_plot,57.0,PASS,12,0,0,False,0.0,6.5,tick,6.99,53.0,46.3,-7.0,7,52,warn,Style control 'marker_size' does not apply to this plot type; it was ignored for,,../../../../../../tmp/jp_qc_merged2/previews/single_57mm_S/ridge_or_density_plot.png
single_57mm_S,Single column 57 mm (S),histogram_distribution,57.0,PASS,16,0,0,False,0.0,6.5,tick,7.03,52.7,27.1,-7.5,4,64,warn,,,../../../../../../tmp/jp_qc_merged2/previews/single_57mm_S/histogram_distribution.png
single_57mm_S,Single column 57 mm (S),enrichment_dotplot,57.0,FAIL,27,6,0,False,0.083,6.5,tick,7.48,49.5,38.3,-13.2,12,64,warn,Style control 'line_width_pt' does not apply to this plot type; it was ignored f | Style control 'marker_size' does not apply to this plot type; it was ignored for,6 overlapping text pair(s),../../../../../../tmp/jp_qc_merged2/previews/single_57mm_S/enrichment_dotplot.png
single_57mm_S,Single column 57 mm (S),kaplan_meier_survival_curve,57.0,PASS,18,0,0,False,0.0,6.5,tick,7.12,52.0,40.7,-8.8,7,52,warn,Style control 'marker_size' does not apply to this plot type; it was ignored for,,../../../../../../tmp/jp_qc_merged2/previews/single_57mm_S/kaplan_meier_survival_curve.png
single_57mm_S,Single column 57 mm (S),stacked_bar_composition,57.0,FAIL,44,29,0,True,0.772,6.5,tick,6.93,53.5,34.9,-6.1,30,52,warn,Style control 'line_width_pt' stacked bars have no markers or data lines; it was | Style control 'marker_size' stacked bars have no markers or data lines; it was i,29 overlapping text pair(s); legend covers data (77% of legend box),../../../../../../tmp/jp_qc_merged2/previews/single_57mm_S/stacked_bar_composition.png
single_57mm_S,Single column 57 mm (S),waterfall_plot,57.0,FAIL,11,3,0,True,0.25,6.5,tick,13.14,28.2,29.2,-50.5,5,76,warn,Style control 'line_width_pt' does not apply to this plot type; it was ignored f | Style control 'marker_size' does not apply to this plot type; it was ignored for,3 overlapping text pair(s); legend covers data (25% of legend box); exported width 28.2 mm deviates -50% from target 57.0 mm,../../../../../../tmp/jp_qc_merged2/previews/single_57mm_S/waterfall_plot.png
single_57mm_S,Single column 57 mm (S),pca_scatter_from_matrix,57.0,PASS,20,0,0,False,0.083,6.5,tick,7.12,52.0,43.5,-8.8,7,64,warn,Style control 'line_width_pt' does not apply to this plot type; it was ignored f,,../../../../../../tmp/jp_qc_merged2/previews/single_57mm_S/pca_scatter_from_matrix.png
single_57mm_S,Single column 57 mm (S),oncoprint_mutation_heatmap,57.0,WARN,17,0,0,True,0.672,6.5,tick,10.53,35.2,34.9,-38.2,10,76,warn,"Style control 'line_width_pt' oncoprints use categorical mutation colors, not ma | Style control 'marker_size' oncoprints use categorical mutation colors, not mark",legend covers data (67% of legend box); exported width 35.2 mm deviates -38% from target 57.0 mm,../../../../../../tmp/jp_qc_merged2/previews/single_57mm_S/oncoprint_mutation_heatmap.png
single_57mm_S,Single column 57 mm (S),lollipop_mutation_plot,57.0,FAIL,22,6,0,True,0.458,6.5,tick,7.52,49.3,27.7,-13.5,6,52,warn,Style control 'marker_size' does not apply to this plot type; it was ignored for,6 overlapping text pair(s); legend covers data (46% of legend box),../../../../../../tmp/jp_qc_merged2/previews/single_57mm_S/lollipop_mutation_plot.png
single_57mm_S,Single column 57 mm (S),roc_curve,57.0,PASS,17,0,0,False,0.125,6.5,tick,6.96,53.2,51.0,-6.7,7,64,warn,Style control 'marker_size' does not apply to this plot type; it was ignored for,,../../../../../../tmp/jp_qc_merged2/previews/single_57mm_S/roc_curve.png
single_57mm_S,Single column 57 mm (S),forest_plot,57.0,PASS,16,0,0,False,0.0,6.5,tick,7.12,52.0,34.9,-8.8,9,64,warn,Style control 'legend_pt' does not apply to this plot type; it was ignored for t | Style control 'marker_size' does not apply to this plot type; it was ignored for | Style control 'legend_outside' does not apply to this plot type; it was ignored ,,../../../../../../tmp/jp_qc_merged2/previews/single_57mm_S/forest_plot.png
single_57mm_S,Single column 57 mm (S),dot_strip_plot,57.0,PASS,9,0,0,False,0.0,6.5,tick,7.12,52.0,36.1,-8.8,4,64,warn,,,../../../../../../tmp/jp_qc_merged2/previews/single_57mm_S/dot_strip_plot.png
single_57mm_S,Single column 57 mm (S),beeswarm_plot,57.0,PASS,10,0,0,False,0.0,6.5,tick,7.12,52.0,36.1,-8.8,5,64,warn,,,../../../../../../tmp/jp_qc_merged2/previews/single_57mm_S/beeswarm_plot.png
single_57mm_S,Single column 57 mm (S),paired_slopegraph,57.0,PASS,12,0,0,False,0.0,6.5,tick,6.84,54.2,43.5,-4.9,8,64,warn,,,../../../../../../tmp/jp_qc_merged2/previews/single_57mm_S/paired_slopegraph.png
single_57mm_S,Single column 57 mm (S),raincloud_plot,57.0,PASS,10,0,0,False,0.0,6.5,tick,7.12,52.0,36.1,-8.8,5,64,warn,Style control 'legend_pt' does not apply to this plot type; it was ignored for t | Style control 'legend_outside' does not apply to this plot type; it was ignored ,,../../../../../../tmp/jp_qc_merged2/previews/single_57mm_S/raincloud_plot.png
single_57mm_S,Single column 57 mm (S),hierarchical_dendrogram,57.0,FAIL,29,23,0,False,0.0,6.5,tick,7.12,52.0,30.4,-8.8,24,64,warn,Style control 'legend_pt' a dendrogram has no markers; branch width follows the  | Style control 'line_width_pt' a dendrogram has no markers; branch width follows  | Style control 'marker_size' a dendrogram has no markers; branch width follows th,23 overlapping text pair(s),../../../../../../tmp/jp_qc_merged2/previews/single_57mm_S/hierarchical_dendrogram.png
single_57mm_S,Single column 57 mm (S),ma_plot,57.0,FAIL,28,8,3,True,0.625,6.5,tick,6.02,61.5,41.6,7.9,7,52,warn,Style control 'line_width_pt' does not apply to this plot type; it was ignored f,8 overlapping text pair(s); 3 clipped annotation(s); legend covers data (62% of legend box),../../../../../../tmp/jp_qc_merged2/previews/single_57mm_S/ma_plot.png
single_57mm_S,Single column 57 mm (S),manhattan_plot,57.0,FAIL,30,22,0,True,0.458,6.5,tick,7.42,49.9,23.5,-12.5,23,52,warn,,22 overlapping text pair(s); legend covers data (46% of legend box),../../../../../../tmp/jp_qc_merged2/previews/single_57mm_S/manhattan_plot.png
single_57mm_S,Single column 57 mm (S),qq_plot,57.0,PASS,15,0,0,False,0.0,6.5,tick,7.12,52.0,47.5,-8.8,6,64,warn,Style control 'legend_pt' does not apply to this plot type; it was ignored for t | Style control 'legend_outside' does not apply to this plot type; it was ignored ,,../../../../../../tmp/jp_qc_merged2/previews/single_57mm_S/qq_plot.png
single_57mm_S,Single column 57 mm (S),bland_altman_plot,57.0,PASS,17,0,0,False,0.0,6.5,tick,7.11,52.1,36.1,-8.6,6,64,warn,Style control 'legend_pt' does not apply to this plot type; it was ignored for t | Style control 'legend_outside' does not apply to this plot type; it was ignored ,,../../../../../../tmp/jp_qc_merged2/previews/single_57mm_S/bland_altman_plot.png
single_57mm_S,Single column 57 mm (S),precision_recall_curve,57.0,PASS,18,0,0,False,0.0,6.5,tick,6.96,53.2,51.0,-6.7,7,52,warn,Style control 'marker_size' does not apply to this plot type; it was ignored for,,../../../../../../tmp/jp_qc_merged2/previews/single_57mm_S/precision_recall_curve.png
single_57mm_S,Single column 57 mm (S),confusion_matrix,57.0,WARN,26,0,0,False,0.0,6.5,tick,5.02,73.8,73.8,29.5,8,76,warn,Style control 'legend_pt' does not apply to this plot type; it was ignored for t | Style control 'line_width_pt' does not apply to this plot type; it was ignored f | Style control 'marker_size' does not apply to this plot type; it was ignored for,exported width 73.8 mm deviates +30% from target 57.0 mm,../../../../../../tmp/jp_qc_merged2/previews/single_57mm_S/confusion_matrix.png
single_57mm_S,Single column 57 mm (S),calibration_plot,57.0,PASS,20,0,0,False,0.0,6.5,tick,7.07,52.4,50.1,-8.1,8,64,warn,,,../../../../../../tmp/jp_qc_merged2/previews/single_57mm_S/calibration_plot.png
single_57mm_S,Single column 57 mm (S),dose_response_curve,57.0,FAIL,21,2,0,False,0.042,6.5,tick,8.09,45.8,40.6,-19.6,9,64,warn,,2 overlapping text pair(s); exported width 45.8 mm deviates -20% from target 57.0 mm,../../../../../../tmp/jp_qc_merged2/previews/single_57mm_S/dose_response_curve.png
single_57mm_S,Single column 57 mm (S),upset_plot,57.0,FAIL,36,0,0,False,0.0,6.5,tick,2.86,129.7,132.0,127.5,8,76,warn,Style control 'legend_pt' does not apply to this plot type; it was ignored for t | Style control 'legend_outside' does not apply to this plot type; it was ignored ,smallest text 2.86 pt at 57.0 mm (minimum 5.0 pt; role tick); exported width 129.7 mm deviates +128% from target 57.0 mm,../../../../../../tmp/jp_qc_merged2/previews/single_57mm_S/upset_plot.png
single_57mm_S,Single column 57 mm (S),swimmer_plot,57.0,WARN,34,0,0,True,0.499,6.5,tick,6.82,54.3,149.0,-4.7,20,64,warn,Style control 'line_width_pt' does not apply to this plot type; it was ignored f,legend covers data (50% of legend box),../../../../../../tmp/jp_qc_merged2/previews/single_57mm_S/swimmer_plot.png
single_57mm_S,Single column 57 mm (S),spider_plot,57.0,FAIL,19,1,0,True,0.625,6.5,tick,8.0,46.3,39.7,-18.8,7,52,warn,,1 overlapping text pair(s); legend covers data (62% of legend box); exported width 46.3 mm deviates -19% from target 57.0 mm,../../../../../../tmp/jp_qc_merged2/previews/single_57mm_S/spider_plot.png
single_57mm_S,Single column 57 mm (S),sankey_plot,57.0,FAIL,24,0,0,False,0.0,6.5,tick,2.66,139.5,89.9,144.7,10,88,warn,"Style control 'legend_pt' flows have no axes, markers or lines in the plot sense | Style control 'line_width_pt' flows have no axes, markers or lines in the plot s | Style control 'marker_size' flows have no axes, markers or lines in the plot sen",smallest text 2.66 pt at 57.0 mm (minimum 5.0 pt; role tick); exported width 139.5 mm deviates +145% from target 57.0 mm,../../../../../../tmp/jp_qc_merged2/previews/single_57mm_S/sankey_plot.png
single_57mm_S,Single column 57 mm (S),embedding_scatter,57.0,WARN,19,0,0,True,0.583,6.5,tick,8.18,45.3,33.3,-20.5,6,52,warn,Style control 'line_width_pt' does not apply to this plot type; it was ignored f,legend covers data (58% of legend box); exported width 45.3 mm deviates -20% from target 57.0 mm,../../../../../../tmp/jp_qc_merged2/previews/single_57mm_S/embedding_scatter.png
single_57mm_S,Single column 57 mm (S),hierarchical_clustering,57.0,FAIL,55,18,0,True,1.0,6.0,tick,8.16,41.9,155.4,-26.5,30,64,warn,Style control 'line_width_pt' does not apply to this plot type; it was ignored f | Style control 'marker_size' does not apply to this plot type; it was ignored for,18 overlapping text pair(s); legend covers data (100% of legend box); exported width 41.9 mm deviates -26% from target 57.0 mm,../../../../../../tmp/jp_qc_merged2/previews/single_57mm_S/hierarchical_clustering.png
single_57mm_S,Single column 57 mm (S),network_graph,57.0,FAIL,23,0,0,False,0.0,6.5,legend,4.49,82.5,93.9,44.7,0,100,pass,Style control 'line_width_pt' does not apply to network plots (they have no axes | Style control 'marker_size' does not apply to network plots (they have no axes; ,smallest text 4.49 pt at 57.0 mm (minimum 5.0 pt; role legend); exported width 82.5 mm deviates +45% from target 57.0 mm,../../../../../../tmp/jp_qc_merged2/previews/single_57mm_S/network_graph.png
single_57mm_S,Single column 57 mm (S),chord_diagram,57.0,PASS,22,0,0,False,0.0,6.5,tick,6.77,54.7,54.7,-4.0,7,76,warn,Style control 'line_width_pt' does not apply to this plot type; it was ignored f | Style control 'marker_size' does not apply to this plot type; it was ignored for,,../../../../../../tmp/jp_qc_merged2/previews/single_57mm_S/chord_diagram.png
single_85mm_C,Single column 85 mm (C),barplot_with_error_bar,85.0,PASS,12,0,0,False,0.0,6.5,tick,6.91,80.0,63.0,-5.9,6,76,warn,Style control 'line_width_pt' bars have no markers or data lines; error-bar and ,,../../../../../../tmp/jp_qc_merged2/previews/single_85mm_C/barplot_with_error_bar.png
single_85mm_C,Single column 85 mm (C),grouped_barplot_with_error_bar,85.0,WARN,17,0,0,False,0.042,6.5,tick,8.63,64.0,54.5,-24.7,10,76,warn,Style control 'line_width_pt' bars have no markers or data lines; error-bar and ,exported width 64.0 mm deviates -25% from target 85.0 mm,../../../../../../tmp/jp_qc_merged2/previews/single_85mm_C/grouped_barplot_with_error_bar.png
single_85mm_C,Single column 85 mm (C),heatmap_clustered_matrix,85.0,PASS,52,0,0,False,0.0,6.5,tick,6.91,80.0,157.6,-5.9,30,76,warn,"Using 12 value column(s): ['Ctrl_1', 'Ctrl_2', 'Ctrl_3', 'Ctrl_4', 'DrugA_1', 'D | Style control 'line_width_pt' heatmaps use a continuous colormap, not per-point  | Style control 'marker_size' heatmaps use a continuous colormap, not per-point ma",,../../../../../../tmp/jp_qc_merged2/previews/single_85mm_C/heatmap_clustered_matrix.png
single_85mm_C,Single column 85 mm (C),volcano_plot,85.0,FAIL,32,2,0,False,0.042,6.5,tick,5.95,92.9,69.8,9.3,8,76,warn,Style control 'palette_name' a volcano colours points by significance class (up  | Style control 'line_width_pt' a volcano colours points by significance class (up,2 overlapping text pair(s),../../../../../../tmp/jp_qc_merged2/previews/single_85mm_C/volcano_plot.png
single_85mm_C,Single column 85 mm (C),scatterplot_with_regression,85.0,FAIL,20,1,0,False,0.0,6.5,tick,7.15,77.3,59.4,-9.1,8,76,warn,,1 overlapping text pair(s),../../../../../../tmp/jp_qc_merged2/previews/single_85mm_C/scatterplot_with_regression.png
single_85mm_C,Single column 85 mm (C),boxplot_or_violin_with_points,85.0,PASS,15,0,0,False,0.0,6.5,tick,6.91,80.0,63.0,-5.9,10,76,warn,,,../../../../../../tmp/jp_qc_merged2/previews/single_85mm_C/boxplot_or_violin_with_points.png
single_85mm_C,Single column 85 mm (C),lineplot_timecourse_with_error_band,85.0,PASS,23,0,0,False,0.125,6.5,tick,6.91,80.0,54.5,-5.9,9,64,warn,Style control 'marker_size' does not apply to this plot type; it was ignored for,,../../../../../../tmp/jp_qc_merged2/previews/single_85mm_C/lineplot_timecourse_with_error_band.png
single_85mm_C,Single column 85 mm (C),ridge_or_density_plot,85.0,PASS,13,0,0,False,0.0,6.5,tick,6.91,80.0,71.5,-5.9,8,64,warn,Style control 'marker_size' does not apply to this plot type; it was ignored for,,../../../../../../tmp/jp_qc_merged2/previews/single_85mm_C/ridge_or_density_plot.png
single_85mm_C,Single column 85 mm (C),histogram_distribution,85.0,PASS,19,0,0,False,0.0,6.5,tick,6.91,80.0,42.8,-5.9,6,64,warn,,,../../../../../../tmp/jp_qc_merged2/previews/single_85mm_C/histogram_distribution.png
single_85mm_C,Single column 85 mm (C),enrichment_dotplot,85.0,PASS,28,0,0,False,0.0,6.5,tick,7.12,77.6,60.4,-8.7,12,76,warn,Style control 'line_width_pt' does not apply to this plot type; it was ignored f | Style control 'marker_size' does not apply to this plot type; it was ignored for,,../../../../../../tmp/jp_qc_merged2/previews/single_85mm_C/enrichment_dotplot.png
single_85mm_C,Single column 85 mm (C),kaplan_meier_survival_curve,85.0,PASS,21,0,0,False,0.0,6.5,tick,6.91,80.0,63.0,-5.9,9,64,warn,Style control 'marker_size' does not apply to this plot type; it was ignored for,,../../../../../../tmp/jp_qc_merged2/previews/single_85mm_C/kaplan_meier_survival_curve.png
single_85mm_C,Single column 85 mm (C),stacked_bar_composition,85.0,WARN,45,0,0,True,0.698,6.5,tick,6.91,80.0,54.5,-5.9,30,76,warn,Style control 'line_width_pt' stacked bars have no markers or data lines; it was | Style control 'marker_size' stacked bars have no markers or data lines; it was i,legend covers data (70% of legend box),../../../../../../tmp/jp_qc_merged2/previews/single_85mm_C/stacked_bar_composition.png
single_85mm_C,Single column 85 mm (C),waterfall_plot,85.0,WARN,16,0,0,True,0.167,6.5,tick,10.92,50.6,46.0,-40.5,10,76,warn,Style control 'line_width_pt' does not apply to this plot type; it was ignored f | Style control 'marker_size' does not apply to this plot type; it was ignored for,legend covers data (17% of legend box); exported width 50.6 mm deviates -40% from target 85.0 mm,../../../../../../tmp/jp_qc_merged2/previews/single_85mm_C/waterfall_plot.png
single_85mm_C,Single column 85 mm (C),pca_scatter_from_matrix,85.0,PASS,20,0,0,False,0.0,6.5,tick,6.91,80.0,67.3,-5.9,7,76,warn,Style control 'line_width_pt' does not apply to this plot type; it was ignored f,,../../../../../../tmp/jp_qc_merged2/previews/single_85mm_C/pca_scatter_from_matrix.png
single_85mm_C,Single column 85 mm (C),oncoprint_mutation_heatmap,85.0,WARN,17,0,0,True,0.973,6.5,tick,9.92,55.7,54.5,-34.5,10,76,warn,"Style control 'line_width_pt' oncoprints use categorical mutation colors, not ma | Style control 'marker_size' oncoprints use categorical mutation colors, not mark",legend covers data (97% of legend box); exported width 55.7 mm deviates -34% from target 85.0 mm,../../../../../../tmp/jp_qc_merged2/previews/single_85mm_C/oncoprint_mutation_heatmap.png
single_85mm_C,Single column 85 mm (C),lollipop_mutation_plot,85.0,FAIL,24,5,0,True,0.333,6.5,tick,8.02,68.9,35.3,-18.9,6,52,warn,Style control 'marker_size' does not apply to this plot type; it was ignored for,5 overlapping text pair(s); legend covers data (33% of legend box); exported width 68.9 mm deviates -19% from target 85.0 mm,../../../../../../tmp/jp_qc_merged2/previews/single_85mm_C/lollipop_mutation_plot.png
single_85mm_C,Single column 85 mm (C),roc_curve,85.0,PASS,17,0,0,False,0.0,6.5,tick,6.75,81.8,80.0,-3.8,7,76,warn,Style control 'marker_size' does not apply to this plot type; it was ignored for,,../../../../../../tmp/jp_qc_merged2/previews/single_85mm_C/roc_curve.png
single_85mm_C,Single column 85 mm (C),forest_plot,85.0,PASS,16,0,0,False,0.0,6.5,tick,6.91,80.0,54.5,-5.9,9,76,warn,Style control 'legend_pt' does not apply to this plot type; it was ignored for t | Style control 'marker_size' does not apply to this plot type; it was ignored for | Style control 'legend_outside' does not apply to this plot type; it was ignored ,,../../../../../../tmp/jp_qc_merged2/previews/single_85mm_C/forest_plot.png
single_85mm_C,Single column 85 mm (C),dot_strip_plot,85.0,PASS,15,0,0,False,0.0,6.5,tick,6.91,80.0,56.2,-5.9,10,76,warn,,,../../../../../../tmp/jp_qc_merged2/previews/single_85mm_C/dot_strip_plot.png
single_85mm_C,Single column 85 mm (C),beeswarm_plot,85.0,PASS,13,0,0,False,0.0,6.5,tick,6.91,80.0,56.2,-5.9,8,76,warn,,,../../../../../../tmp/jp_qc_merged2/previews/single_85mm_C/beeswarm_plot.png
single_85mm_C,Single column 85 mm (C),paired_slopegraph,85.0,PASS,13,0,0,False,0.0,6.5,tick,6.91,80.0,67.3,-5.9,9,76,warn,,,../../../../../../tmp/jp_qc_merged2/previews/single_85mm_C/paired_slopegraph.png
single_85mm_C,Single column 85 mm (C),raincloud_plot,85.0,PASS,12,0,0,False,0.0,6.5,tick,6.91,80.0,56.2,-5.9,7,76,warn,Style control 'legend_pt' does not apply to this plot type; it was ignored for t | Style control 'legend_outside' does not apply to this plot type; it was ignored ,,../../../../../../tmp/jp_qc_merged2/previews/single_85mm_C/raincloud_plot.png
single_85mm_C,Single column 85 mm (C),hierarchical_dendrogram,85.0,PASS,31,0,0,False,0.0,6.5,tick,6.91,80.0,47.7,-5.9,24,76,warn,Style control 'legend_pt' a dendrogram has no markers; branch width follows the  | Style control 'line_width_pt' a dendrogram has no markers; branch width follows  | Style control 'marker_size' a dendrogram has no markers; branch width follows th,,../../../../../../tmp/jp_qc_merged2/previews/single_85mm_C/hierarchical_dendrogram.png
single_85mm_C,Single column 85 mm (C),ma_plot,85.0,FAIL,32,8,2,True,0.167,6.5,tick,7.14,77.4,56.4,-8.9,9,64,warn,Style control 'line_width_pt' does not apply to this plot type; it was ignored f,8 overlapping text pair(s); 2 clipped annotation(s); legend covers data (17% of legend box),../../../../../../tmp/jp_qc_merged2/previews/single_85mm_C/ma_plot.png
single_85mm_C,Single column 85 mm (C),manhattan_plot,85.0,PASS,33,0,0,False,0.125,6.5,tick,6.91,80.0,37.5,-5.9,23,64,warn,,,../../../../../../tmp/jp_qc_merged2/previews/single_85mm_C/manhattan_plot.png
single_85mm_C,Single column 85 mm (C),qq_plot,85.0,PASS,23,0,0,False,0.0,6.5,tick,6.91,80.0,73.2,-5.9,10,76,warn,Style control 'legend_pt' does not apply to this plot type; it was ignored for t | Style control 'legend_outside' does not apply to this plot type; it was ignored ,,../../../../../../tmp/jp_qc_merged2/previews/single_85mm_C/qq_plot.png
single_85mm_C,Single column 85 mm (C),bland_altman_plot,85.0,FAIL,20,1,0,False,0.0,6.5,tick,6.91,80.0,56.2,-5.9,9,76,warn,Style control 'legend_pt' does not apply to this plot type; it was ignored for t | Style control 'legend_outside' does not apply to this plot type; it was ignored ,1 overlapping text pair(s),../../../../../../tmp/jp_qc_merged2/previews/single_85mm_C/bland_altman_plot.png
single_85mm_C,Single column 85 mm (C),precision_recall_curve,85.0,PASS,18,0,0,False,0.0,6.5,tick,6.75,81.8,80.0,-3.8,7,76,warn,Style control 'marker_size' does not apply to this plot type; it was ignored for,,../../../../../../tmp/jp_qc_merged2/previews/single_85mm_C/precision_recall_curve.png
single_85mm_C,Single column 85 mm (C),confusion_matrix,85.0,PASS,26,0,0,False,0.0,6.5,tick,6.91,80.0,80.0,-5.9,8,76,warn,Style control 'legend_pt' does not apply to this plot type; it was ignored for t | Style control 'line_width_pt' does not apply to this plot type; it was ignored f | Style control 'marker_size' does not apply to this plot type; it was ignored for,,../../../../../../tmp/jp_qc_merged2/previews/single_85mm_C/confusion_matrix.png
single_85mm_C,Single column 85 mm (C),calibration_plot,85.0,PASS,20,0,0,False,0.0,6.5,tick,6.87,80.4,78.6,-5.4,8,76,warn,,,../../../../../../tmp/jp_qc_merged2/previews/single_85mm_C/calibration_plot.png
single_85mm_C,Single column 85 mm (C),dose_response_curve,85.0,FAIL,22,1,0,False,0.0,6.5,tick,8.73,63.3,56.1,-25.5,9,76,warn,,1 overlapping text pair(s); exported width 63.3 mm deviates -26% from target 85.0 mm,../../../../../../tmp/jp_qc_merged2/previews/single_85mm_C/dose_response_curve.png
single_85mm_C,Single column 85 mm (C),upset_plot,85.0,FAIL,36,0,0,False,0.0,6.5,tick,4.26,129.7,132.0,52.6,8,76,warn,Style control 'legend_pt' does not apply to this plot type; it was ignored for t | Style control 'legend_outside' does not apply to this plot type; it was ignored ,smallest text 4.26 pt at 85.0 mm (minimum 5.0 pt; role tick); exported width 129.7 mm deviates +53% from target 85.0 mm,../../../../../../tmp/jp_qc_merged2/previews/single_85mm_C/upset_plot.png
single_85mm_C,Single column 85 mm (C),swimmer_plot,85.0,PASS,34,0,0,False,0.049,6.5,tick,7.27,76.0,149.0,-10.6,20,76,warn,Style control 'line_width_pt' does not apply to this plot type; it was ignored f,,../../../../../../tmp/jp_qc_merged2/previews/single_85mm_C/swimmer_plot.png
single_85mm_C,Single column 85 mm (C),spider_plot,85.0,WARN,19,0,0,True,0.167,6.5,tick,8.66,63.8,55.3,-24.9,7,76,warn,,legend covers data (17% of legend box); exported width 63.8 mm deviates -25% from target 85.0 mm,../../../../../../tmp/jp_qc_merged2/previews/single_85mm_C/spider_plot.png
single_85mm_C,Single column 85 mm (C),sankey_plot,85.0,FAIL,24,0,0,False,0.0,6.5,tick,3.96,139.5,89.9,64.1,10,88,warn,"Style control 'legend_pt' flows have no axes, markers or lines in the plot sense | Style control 'line_width_pt' flows have no axes, markers or lines in the plot s | Style control 'marker_size' flows have no axes, markers or lines in the plot sen",smallest text 3.96 pt at 85.0 mm (minimum 5.0 pt; role tick); exported width 139.5 mm deviates +64% from target 85.0 mm,../../../../../../tmp/jp_qc_merged2/previews/single_85mm_C/sankey_plot.png
single_85mm_C,Single column 85 mm (C),embedding_scatter,85.0,FAIL,21,1,0,True,0.375,6.5,tick,8.84,62.5,45.5,-26.5,8,64,warn,Style control 'line_width_pt' does not apply to this plot type; it was ignored f,1 overlapping text pair(s); legend covers data (38% of legend box); exported width 62.5 mm deviates -26% from target 85.0 mm,../../../../../../tmp/jp_qc_merged2/previews/single_85mm_C/embedding_scatter.png
single_85mm_C,Single column 85 mm (C),hierarchical_clustering,85.0,WARN,59,0,0,True,1.0,6.0,tick,6.38,80.0,155.4,-5.9,30,76,warn,Style control 'line_width_pt' does not apply to this plot type; it was ignored f | Style control 'marker_size' does not apply to this plot type; it was ignored for,legend covers data (100% of legend box),../../../../../../tmp/jp_qc_merged2/previews/single_85mm_C/hierarchical_clustering.png
single_85mm_C,Single column 85 mm (C),network_graph,85.0,PASS,23,0,0,False,0.0,6.5,legend,6.7,82.5,93.9,-2.9,0,100,pass,Style control 'line_width_pt' does not apply to network plots (they have no axes | Style control 'marker_size' does not apply to network plots (they have no axes; ,,../../../../../../tmp/jp_qc_merged2/previews/single_85mm_C/network_graph.png
single_85mm_C,Single column 85 mm (C),chord_diagram,85.0,FAIL,24,1,0,False,0.0,6.5,tick,6.77,81.6,81.6,-4.0,9,88,warn,Style control 'line_width_pt' does not apply to this plot type; it was ignored f | Style control 'marker_size' does not apply to this plot type; it was ignored for,1 overlapping text pair(s),../../../../../../tmp/jp_qc_merged2/previews/single_85mm_C/chord_diagram.png
single_89mm_N,Single column 89 mm (N),barplot_with_error_bar,89.0,PASS,12,0,0,False,0.0,5.5,tick,5.77,84.8,67.0,-4.7,6,76,warn,Style control 'line_width_pt' bars have no markers or data lines; error-bar and ,,../../../../../../tmp/jp_qc_merged2/previews/single_89mm_N/barplot_with_error_bar.png
single_89mm_N,Single column 89 mm (N),grouped_barplot_with_error_bar,89.0,WARN,17,0,0,False,0.0,5.5,tick,7.45,65.7,56.3,-26.2,10,76,warn,Style control 'line_width_pt' bars have no markers or data lines; error-bar and ,exported width 65.7 mm deviates -26% from target 89.0 mm,../../../../../../tmp/jp_qc_merged2/previews/single_89mm_N/grouped_barplot_with_error_bar.png
single_89mm_N,Single column 89 mm (N),heatmap_clustered_matrix,89.0,PASS,52,0,0,False,0.0,5.5,tick,5.77,84.8,158.4,-4.7,30,76,warn,"Using 12 value column(s): ['Ctrl_1', 'Ctrl_2', 'Ctrl_3', 'Ctrl_4', 'DrugA_1', 'D | Style control 'line_width_pt' heatmaps use a continuous colormap, not per-point  | Style control 'marker_size' heatmaps use a continuous colormap, not per-point ma",,../../../../../../tmp/jp_qc_merged2/previews/single_89mm_N/heatmap_clustered_matrix.png
single_89mm_N,Single column 89 mm (N),volcano_plot,89.0,FAIL,32,3,0,False,0.0,5.5,tick,5.27,92.9,72.2,4.4,8,76,warn,Style control 'palette_name' a volcano colours points by significance class (up  | Style control 'line_width_pt' a volcano colours points by significance class (up,3 overlapping text pair(s),../../../../../../tmp/jp_qc_merged2/previews/single_89mm_N/volcano_plot.png
single_89mm_N,Single column 89 mm (N),scatterplot_with_regression,89.0,FAIL,25,1,0,False,0.0,5.5,tick,6.33,77.3,61.6,-13.1,11,76,warn,,1 overlapping text pair(s),../../../../../../tmp/jp_qc_merged2/previews/single_89mm_N/scatterplot_with_regression.png
single_89mm_N,Single column 89 mm (N),boxplot_or_violin_with_points,89.0,PASS,15,0,0,False,0.0,5.5,tick,5.77,84.8,67.0,-4.7,10,76,warn,,,../../../../../../tmp/jp_qc_merged2/previews/single_89mm_N/boxplot_or_violin_with_points.png
single_89mm_N,Single column 89 mm (N),lineplot_timecourse_with_error_band,89.0,PASS,23,0,0,False,0.042,5.5,tick,5.77,84.8,58.1,-4.7,9,64,warn,Style control 'marker_size' does not apply to this plot type; it was ignored for,,../../../../../../tmp/jp_qc_merged2/previews/single_89mm_N/lineplot_timecourse_with_error_band.png
single_89mm_N,Single column 89 mm (N),ridge_or_density_plot,89.0,PASS,13,0,0,False,0.0,5.5,tick,5.77,84.8,75.9,-4.7,8,64,warn,Style control 'marker_size' does not apply to this plot type; it was ignored for,,../../../../../../tmp/jp_qc_merged2/previews/single_89mm_N/ridge_or_density_plot.png
single_89mm_N,Single column 89 mm (N),histogram_distribution,89.0,FAIL,23,1,0,False,0.0,5.5,tick,5.77,84.8,45.8,-4.7,6,76,warn,,1 overlapping text pair(s),../../../../../../tmp/jp_qc_merged2/previews/single_89mm_N/histogram_distribution.png
single_89mm_N,Single column 89 mm (N),enrichment_dotplot,89.0,PASS,34,0,0,False,0.0,5.5,tick,5.77,84.9,65.1,-4.6,12,76,warn,Style control 'line_width_pt' does not apply to this plot type; it was ignored f | Style control 'marker_size' does not apply to this plot type; it was ignored for,,../../../../../../tmp/jp_qc_merged2/previews/single_89mm_N/enrichment_dotplot.png
single_89mm_N,Single column 89 mm (N),kaplan_meier_survival_curve,89.0,PASS,21,0,0,False,0.0,5.5,tick,5.77,84.8,67.0,-4.7,9,64,warn,Style control 'marker_size' does not apply to this plot type; it was ignored for,,../../../../../../tmp/jp_qc_merged2/previews/single_89mm_N/kaplan_meier_survival_curve.png
single_89mm_N,Single column 89 mm (N),stacked_bar_composition,89.0,WARN,45,0,0,True,0.645,5.5,tick,5.77,84.8,58.1,-4.7,30,76,warn,Style control 'line_width_pt' stacked bars have no markers or data lines; it was | Style control 'marker_size' stacked bars have no markers or data lines; it was i,legend covers data (65% of legend box),../../../../../../tmp/jp_qc_merged2/previews/single_89mm_N/stacked_bar_composition.png
single_89mm_N,Single column 89 mm (N),waterfall_plot,89.0,WARN,16,0,0,False,0.0,5.5,tick,8.25,59.3,49.2,-33.4,10,88,warn,Style control 'line_width_pt' does not apply to this plot type; it was ignored f | Style control 'marker_size' does not apply to this plot type; it was ignored for,exported width 59.3 mm deviates -33% from target 89.0 mm,../../../../../../tmp/jp_qc_merged2/previews/single_89mm_N/waterfall_plot.png
single_89mm_N,Single column 89 mm (N),pca_scatter_from_matrix,89.0,PASS,20,0,0,False,0.0,5.5,tick,5.77,84.8,71.5,-4.7,7,76,warn,Style control 'line_width_pt' does not apply to this plot type; it was ignored f,,../../../../../../tmp/jp_qc_merged2/previews/single_89mm_N/pca_scatter_from_matrix.png
single_89mm_N,Single column 89 mm (N),oncoprint_mutation_heatmap,89.0,WARN,17,0,0,True,0.961,5.5,tick,7.64,64.1,58.1,-28.0,10,88,warn,"Style control 'line_width_pt' oncoprints use categorical mutation colors, not ma | Style control 'marker_size' oncoprints use categorical mutation colors, not mark",legend covers data (96% of legend box); exported width 64.1 mm deviates -28% from target 89.0 mm,../../../../../../tmp/jp_qc_merged2/previews/single_89mm_N/oncoprint_mutation_heatmap.png
single_89mm_N,Single column 89 mm (N),lollipop_mutation_plot,89.0,FAIL,27,1,0,False,0.125,5.5,tick,6.71,73.0,36.3,-18.0,8,64,warn,Style control 'marker_size' does not apply to this plot type; it was ignored for,1 overlapping text pair(s); exported width 73.0 mm deviates -18% from target 89.0 mm,../../../../../../tmp/jp_qc_merged2/previews/single_89mm_N/lollipop_mutation_plot.png
single_89mm_N,Single column 89 mm (N),roc_curve,89.0,PASS,17,0,0,False,0.0,5.5,tick,5.71,85.8,84.8,-3.6,7,76,warn,Style control 'marker_size' does not apply to this plot type; it was ignored for,,../../../../../../tmp/jp_qc_merged2/previews/single_89mm_N/roc_curve.png
single_89mm_N,Single column 89 mm (N),forest_plot,89.0,PASS,16,0,0,False,0.0,5.5,tick,5.77,84.8,58.1,-4.7,9,76,warn,Style control 'legend_pt' does not apply to this plot type; it was ignored for t | Style control 'marker_size' does not apply to this plot type; it was ignored for | Style control 'legend_outside' does not apply to this plot type; it was ignored ,,../../../../../../tmp/jp_qc_merged2/previews/single_89mm_N/forest_plot.png
single_89mm_N,Single column 89 mm (N),dot_strip_plot,89.0,PASS,15,0,0,False,0.0,5.5,tick,5.77,84.8,59.9,-4.7,10,76,warn,,,../../../../../../tmp/jp_qc_merged2/previews/single_89mm_N/dot_strip_plot.png
single_89mm_N,Single column 89 mm (N),beeswarm_plot,89.0,PASS,13,0,0,False,0.0,5.5,tick,5.77,84.8,59.9,-4.7,8,76,warn,,,../../../../../../tmp/jp_qc_merged2/previews/single_89mm_N/beeswarm_plot.png
single_89mm_N,Single column 89 mm (N),paired_slopegraph,89.0,PASS,13,0,0,False,0.0,5.5,tick,5.77,84.8,71.5,-4.7,9,76,warn,,,../../../../../../tmp/jp_qc_merged2/previews/single_89mm_N/paired_slopegraph.png
single_89mm_N,Single column 89 mm (N),raincloud_plot,89.0,PASS,12,0,0,False,0.0,5.5,tick,5.77,84.8,59.9,-4.7,7,76,warn,Style control 'legend_pt' does not apply to this plot type; it was ignored for t | Style control 'legend_outside' does not apply to this plot type; it was ignored ,,../../../../../../tmp/jp_qc_merged2/previews/single_89mm_N/raincloud_plot.png
single_89mm_N,Single column 89 mm (N),hierarchical_dendrogram,89.0,PASS,35,0,0,False,0.0,5.5,tick,5.77,84.8,51.0,-4.7,24,76,warn,Style control 'legend_pt' a dendrogram has no markers; branch width follows the  | Style control 'line_width_pt' a dendrogram has no markers; branch width follows  | Style control 'marker_size' a dendrogram has no markers; branch width follows th,,../../../../../../tmp/jp_qc_merged2/previews/single_89mm_N/hierarchical_dendrogram.png
single_89mm_N,Single column 89 mm (N),ma_plot,89.0,FAIL,32,3,1,False,0.125,5.5,tick,6.3,77.7,58.0,-12.7,9,64,warn,Style control 'line_width_pt' does not apply to this plot type; it was ignored f,3 overlapping text pair(s); 1 clipped annotation(s),../../../../../../tmp/jp_qc_merged2/previews/single_89mm_N/ma_plot.png
single_89mm_N,Single column 89 mm (N),manhattan_plot,89.0,PASS,33,0,0,False,0.083,5.5,tick,5.77,84.8,40.3,-4.7,23,64,warn,,,../../../../../../tmp/jp_qc_merged2/previews/single_89mm_N/manhattan_plot.png
single_89mm_N,Single column 89 mm (N),qq_plot,89.0,PASS,23,0,0,False,0.0,5.5,tick,5.77,84.8,77.7,-4.7,10,76,warn,Style control 'legend_pt' does not apply to this plot type; it was ignored for t | Style control 'legend_outside' does not apply to this plot type; it was ignored ,,../../../../../../tmp/jp_qc_merged2/previews/single_89mm_N/qq_plot.png
single_89mm_N,Single column 89 mm (N),bland_altman_plot,89.0,PASS,20,0,0,False,0.0,5.5,tick,5.78,84.7,59.9,-4.8,9,76,warn,Style control 'legend_pt' does not apply to this plot type; it was ignored for t | Style control 'legend_outside' does not apply to this plot type; it was ignored ,,../../../../../../tmp/jp_qc_merged2/previews/single_89mm_N/bland_altman_plot.png
single_89mm_N,Single column 89 mm (N),precision_recall_curve,89.0,PASS,18,0,0,False,0.0,5.5,tick,5.71,85.8,84.8,-3.6,7,76,warn,Style control 'marker_size' does not apply to this plot type; it was ignored for,,../../../../../../tmp/jp_qc_merged2/previews/single_89mm_N/precision_recall_curve.png
single_89mm_N,Single column 89 mm (N),confusion_matrix,89.0,PASS,26,0,0,False,0.0,5.5,tick,5.77,84.8,84.8,-4.7,8,76,warn,Style control 'legend_pt' does not apply to this plot type; it was ignored for t | Style control 'line_width_pt' does not apply to this plot type; it was ignored f | Style control 'marker_size' does not apply to this plot type; it was ignored for,,../../../../../../tmp/jp_qc_merged2/previews/single_89mm_N/confusion_matrix.png
single_89mm_N,Single column 89 mm (N),calibration_plot,89.0,PASS,20,0,0,False,0.0,5.5,tick,5.75,85.1,84.1,-4.4,8,76,warn,,,../../../../../../tmp/jp_qc_merged2/previews/single_89mm_N/calibration_plot.png
single_89mm_N,Single column 89 mm (N),dose_response_curve,89.0,FAIL,22,1,0,False,0.0,5.5,tick,7.52,65.1,58.0,-26.9,9,76,warn,,1 overlapping text pair(s); exported width 65.1 mm deviates -27% from target 89.0 mm,../../../../../../tmp/jp_qc_merged2/previews/single_89mm_N/dose_response_curve.png
single_89mm_N,Single column 89 mm (N),upset_plot,89.0,FAIL,36,0,0,False,0.0,5.5,tick,3.85,127.1,131.8,42.8,8,76,warn,Style control 'legend_pt' does not apply to this plot type; it was ignored for t | Style control 'legend_outside' does not apply to this plot type; it was ignored ,smallest text 3.85 pt at 89.0 mm (minimum 5.0 pt; role tick); exported width 127.1 mm deviates +43% from target 89.0 mm,../../../../../../tmp/jp_qc_merged2/previews/single_89mm_N/upset_plot.png
single_89mm_N,Single column 89 mm (N),swimmer_plot,89.0,PASS,34,0,0,False,0.006,5.5,tick,6.24,78.4,148.7,-11.9,20,76,warn,Style control 'line_width_pt' does not apply to this plot type; it was ignored f,,../../../../../../tmp/jp_qc_merged2/previews/single_89mm_N/swimmer_plot.png
single_89mm_N,Single column 89 mm (N),spider_plot,89.0,FAIL,23,1,0,False,0.0,5.5,tick,7.47,65.5,57.3,-26.4,11,76,warn,,1 overlapping text pair(s); exported width 65.5 mm deviates -26% from target 89.0 mm,../../../../../../tmp/jp_qc_merged2/previews/single_89mm_N/spider_plot.png
single_89mm_N,Single column 89 mm (N),sankey_plot,89.0,FAIL,24,0,0,False,0.0,5.5,tick,3.51,139.5,89.9,56.7,10,88,warn,"Style control 'legend_pt' flows have no axes, markers or lines in the plot sense | Style control 'line_width_pt' flows have no axes, markers or lines in the plot s | Style control 'marker_size' flows have no axes, markers or lines in the plot sen",smallest text 3.51 pt at 89.0 mm (minimum 5.0 pt; role tick); exported width 139.5 mm deviates +57% from target 89.0 mm,../../../../../../tmp/jp_qc_merged2/previews/single_89mm_N/sankey_plot.png
single_89mm_N,Single column 89 mm (N),embedding_scatter,89.0,WARN,26,0,0,True,0.208,5.5,tick,7.59,64.5,47.0,-27.5,10,76,warn,Style control 'line_width_pt' does not apply to this plot type; it was ignored f,legend covers data (21% of legend box); exported width 64.5 mm deviates -28% from target 89.0 mm,../../../../../../tmp/jp_qc_merged2/previews/single_89mm_N/embedding_scatter.png
single_89mm_N,Single column 89 mm (N),hierarchical_clustering,89.0,WARN,59,0,0,True,1.0,5.5,tick,5.77,84.8,156.2,-4.7,30,76,warn,Style control 'line_width_pt' does not apply to this plot type; it was ignored f | Style control 'marker_size' does not apply to this plot type; it was ignored for,legend covers data (100% of legend box),../../../../../../tmp/jp_qc_merged2/previews/single_89mm_N/hierarchical_clustering.png
single_89mm_N,Single column 89 mm (N),network_graph,89.0,PASS,23,0,0,False,0.0,5.5,legend,5.93,82.5,93.9,-7.3,0,100,pass,Style control 'line_width_pt' does not apply to network plots (they have no axes | Style control 'marker_size' does not apply to network plots (they have no axes; ,,../../../../../../tmp/jp_qc_merged2/previews/single_89mm_N/network_graph.png
single_89mm_N,Single column 89 mm (N),chord_diagram,89.0,PASS,28,0,0,False,0.0,5.5,tick,5.73,85.4,85.4,-4.0,9,88,warn,Style control 'line_width_pt' does not apply to this plot type; it was ignored f | Style control 'marker_size' does not apply to this plot type; it was ignored for,,../../../../../../tmp/jp_qc_merged2/previews/single_89mm_N/chord_diagram.png
